STRUCTURE,STRUCTURE_ID,STRUCTURE_NAME,ACTION,REF_AREA,,FREQ,,METHODOLOGY,,MEASURE,,UNIT_MEASURE,,EXPENDITURE,,ADJUSTMENT,,TRANSFORMATION,,TIME_PERIOD,,OBS_VALUE,,OBS_STATUS,,UNIT_MULT,,BASE_PER,,DURABILITY,,DECIMALS,
DATAFLOW,OECD.SDD.TPS:DSD_PRICES@DF_PRICES_ALL(1.0),,I,NZL,,Q,,N,,CPI,,PA,,_T,,N,,GY,,1996-Q3,,2.376426,,A,,,,,,,,2,
DATAFLOW,OECD.SDD.TPS:DSD_PRICES@DF_PRICES_ALL(1.0),,I,NZL,,Q,,N,,CPI,,PA,,_T,,N,,GY,,1996-Q4,,2.551985,,A,,,,,,,,2,
DATAFLOW,OECD.SDD.TPS:DSD_PRICES@DF_PRICES_ALL(1.0),,I,NZL,,Q,,N,,CPI,,PA,,_T,,N,,GY,,1997-Q1,,1.787394,,A,,,,,,,,2,
DATAFLOW,OECD.SDD.TPS:DSD_PRICES@DF_PRICES_ALL(1.0),,I,NZL,,Q,,N,,CPI,,PA,,_T,,N,,GY,,1997-Q2,,1.120448,,A,,,,,,,,2,
DATAFLOW,OECD.SDD.TPS:DSD_PRICES@DF_PRICES_ALL(1.0),,I,NZL,,Q,,N,,CPI,,PA,,_T,,N,,GY,,1997-Q3,,1.021356,,A,,,,,,,,2,
DATAFLOW,OECD.SDD.TPS:DSD_PRICES@DF_PRICES_ALL(1.0),,I,NZL,,Q,,N,,CPI,,PA,,_T,,N,,GY,,1997-Q4,,0.8294931,,A,,,,,,,,2,
DATAFLOW,OECD.SDD.TPS:DSD_PRICES@DF_PRICES_ALL(1.0),,I,NZL,,Q,,N,,CPI,,PA,,_T,,N,,GY,,1998-Q1,,1.2939,,A,,,,,,,,2,
DATAFLOW,OECD.SDD.TPS:DSD_PRICES@DF_PRICES_ALL(1.0),,I,NZL,,Q,,N,,CPI,,PA,,_T,,N,,GY,,1998-Q2,,1.66205,,A,,,,,,,,2,
DATAFLOW,OECD.SDD.TPS:DSD_PRICES@DF_PRICES_ALL(1.0),,I,NZL,,Q,,N,,CPI,,PA,,_T,,N,,GY,,1998-Q3,,1.746324,,A,,,,,,,,2,
DATAFLOW,OECD.SDD.TPS:DSD_PRICES@DF_PRICES_ALL(1.0),,I,NZL,,Q,,N,,CPI,,PA,,_T,,N,,GY,,1998-Q4,,0.3656306,,A,,,,,,,,2,
DATAFLOW,OECD.SDD.TPS:DSD_PRICES@DF_PRICES_ALL(1.0),,I,NZL,,Q,,N,,CPI,,PA,,_T,,N,,GY,,1999-Q1,,-0.09124093,,A,,,,,,,,2,
DATAFLOW,OECD.SDD.TPS:DSD_PRICES@DF_PRICES_ALL(1.0),,I,NZL,,Q,,N,,CPI,,PA,,_T,,N,,GY,,1999-Q2,,-0.3633061,,A,,,,,,,,2,
DATAFLOW,OECD.SDD.TPS:DSD_PRICES@DF_PRICES_ALL(1.0),,I,NZL,,Q,,N,,CPI,,PA,,_T,,N,,GY,,1999-Q3,,-0.5069558,,A,,,,,,,,2,
DATAFLOW,OECD.SDD.TPS:DSD_PRICES@DF_PRICES_ALL(1.0),,I,NZL,,Q,,N,,CPI,,PA,,_T,,N,,GY,,1999-Q4,,0.5083789,,A,,,,,,,,2,
DATAFLOW,OECD.SDD.TPS:DSD_PRICES@DF_PRICES_ALL(1.0),,I,NZL,,Q,,N,,CPI,,PA,,_T,,N,,GY,,2000-Q1,,1.485023,,A,,,,,,,,2,
DATAFLOW,OECD.SDD.TPS:DSD_PRICES@DF_PRICES_ALL(1.0),,I,NZL,,Q,,N,,CPI,,PA,,_T,,N,,GY,,2000-Q2,,2,,A,,,,,,,,2,
DATAFLOW,OECD.SDD.TPS:DSD_PRICES@DF_PRICES_ALL(1.0),,I,NZL,,Q,,N,,CPI,,PA,,_T,,N,,GY,,2000-Q3,,2.988048,,A,,,,,,,,2,
DATAFLOW,OECD.SDD.TPS:DSD_PRICES@DF_PRICES_ALL(1.0),,I,NZL,,Q,,N,,CPI,,PA,,_T,,N,,GY,,2000-Q4,,3.976143,,A,,,,,,,,2,
DATAFLOW,OECD.SDD.TPS:DSD_PRICES@DF_PRICES_ALL(1.0),,I,NZL,,Q,,N,,CPI,,PA,,_T,,N,,GY,,2001-Q1,,3.060217,,A,,,,,,,,2,
DATAFLOW,OECD.SDD.TPS:DSD_PRICES@DF_PRICES_ALL(1.0),,I,NZL,,Q,,N,,CPI,,PA,,_T,,N,,GY,,2001-Q2,,3.235294,,A,,,,,,,,2,
DATAFLOW,OECD.SDD.TPS:DSD_PRICES@DF_PRICES_ALL(1.0),,I,NZL,,Q,,N,,CPI,,PA,,_T,,N,,GY,,2001-Q3,,2.417795,,A,,,,,,,,2,
DATAFLOW,OECD.SDD.TPS:DSD_PRICES@DF_PRICES_ALL(1.0),,I,NZL,,Q,,N,,CPI,,PA,,_T,,N,,GY,,2001-Q4,,1.816444,,A,,,,,,,,2,
DATAFLOW,OECD.SDD.TPS:DSD_PRICES@DF_PRICES_ALL(1.0),,I,NZL,,Q,,N,,CPI,,PA,,_T,,N,,GY,,2002-Q1,,2.586207,,A,,,,,,,,2,
DATAFLOW,OECD.SDD.TPS:DSD_PRICES@DF_PRICES_ALL(1.0),,I,NZL,,Q,,N,,CPI,,PA,,_T,,N,,GY,,2002-Q2,,2.754036,,A,,,,,,,,2,
DATAFLOW,OECD.SDD.TPS:DSD_PRICES@DF_PRICES_ALL(1.0),,I,NZL,,Q,,N,,CPI,,PA,,_T,,N,,GY,,2002-Q3,,2.644004,,A,,,,,,,,2,
DATAFLOW,OECD.SDD.TPS:DSD_PRICES@DF_PRICES_ALL(1.0),,I,NZL,,Q,,N,,CPI,,PA,,_T,,N,,GY,,2002-Q4,,2.723005,,A,,,,,,,,2,
DATAFLOW,OECD.SDD.TPS:DSD_PRICES@DF_PRICES_ALL(1.0),,I,NZL,,Q,,N,,CPI,,PA,,_T,,N,,GY,,2003-Q1,,2.521008,,A,,,,,,,,2,
DATAFLOW,OECD.SDD.TPS:DSD_PRICES@DF_PRICES_ALL(1.0),,I,NZL,,Q,,N,,CPI,,PA,,_T,,N,,GY,,2003-Q2,,1.478743,,A,,,,,,,,2,
DATAFLOW,OECD.SDD.TPS:DSD_PRICES@DF_PRICES_ALL(1.0),,I,NZL,,Q,,N,,CPI,,PA,,_T,,N,,GY,,2003-Q3,,1.471941,,A,,,,,,,,2,
DATAFLOW,OECD.SDD.TPS:DSD_PRICES@DF_PRICES_ALL(1.0),,I,NZL,,Q,,N,,CPI,,PA,,_T,,N,,GY,,2003-Q4,,1.553931,,A,,,,,,,,2,
DATAFLOW,OECD.SDD.TPS:DSD_PRICES@DF_PRICES_ALL(1.0),,I,NZL,,Q,,N,,CPI,,PA,,_T,,N,,GY,,2004-Q1,,1.54827,,A,,,,,,,,2,
DATAFLOW,OECD.SDD.TPS:DSD_PRICES@DF_PRICES_ALL(1.0),,I,NZL,,Q,,N,,CPI,,PA,,_T,,N,,GY,,2004-Q2,,2.367942,,A,,,,,,,,2,
DATAFLOW,OECD.SDD.TPS:DSD_PRICES@DF_PRICES_ALL(1.0),,I,NZL,,Q,,N,,CPI,,PA,,_T,,N,,GY,,2004-Q3,,2.538531,,A,,,,,,,,2,
DATAFLOW,OECD.SDD.TPS:DSD_PRICES@DF_PRICES_ALL(1.0),,I,NZL,,Q,,N,,CPI,,PA,,_T,,N,,GY,,2004-Q4,,2.70027,,A,,,,,,,,2,
DATAFLOW,OECD.SDD.TPS:DSD_PRICES@DF_PRICES_ALL(1.0),,I,NZL,,Q,,N,,CPI,,PA,,_T,,N,,GY,,2005-Q1,,2.780269,,A,,,,,,,,2,
DATAFLOW,OECD.SDD.TPS:DSD_PRICES@DF_PRICES_ALL(1.0),,I,NZL,,Q,,N,,CPI,,PA,,_T,,N,,GY,,2005-Q2,,2.846975,,A,,,,,,,,2,
DATAFLOW,OECD.SDD.TPS:DSD_PRICES@DF_PRICES_ALL(1.0),,I,NZL,,Q,,N,,CPI,,PA,,_T,,N,,GY,,2005-Q3,,3.359859,,A,,,,,,,,2,
DATAFLOW,OECD.SDD.TPS:DSD_PRICES@DF_PRICES_ALL(1.0),,I,NZL,,Q,,N,,CPI,,PA,,_T,,N,,GY,,2005-Q4,,3.155127,,A,,,,,,,,2,
DATAFLOW,OECD.SDD.TPS:DSD_PRICES@DF_PRICES_ALL(1.0),,I,NZL,,Q,,N,,CPI,,PA,,_T,,N,,GY,,2006-Q1,,3.315881,,A,,,,,,,,2,
DATAFLOW,OECD.SDD.TPS:DSD_PRICES@DF_PRICES_ALL(1.0),,I,NZL,,Q,,N,,CPI,,PA,,_T,,N,,GY,,2006-Q2,,3.979239,,A,,,,,,,,2,
DATAFLOW,OECD.SDD.TPS:DSD_PRICES@DF_PRICES_ALL(1.0),,I,NZL,,Q,,N,,CPI,,PA,,_T,,N,,GY,,2006-Q3,,3.542686,,A,,,,,,,,2,
DATAFLOW,OECD.SDD.TPS:DSD_PRICES@DF_PRICES_ALL(1.0),,I,NZL,,Q,,N,,CPI,,PA,,_T,,N,,GY,,2006-Q4,,2.634664,,A,,,,,,,,2,
DATAFLOW,OECD.SDD.TPS:DSD_PRICES@DF_PRICES_ALL(1.0),,I,NZL,,Q,,N,,CPI,,PA,,_T,,N,,GY,,2007-Q1,,2.535473,,A,,,,,,,,2,
DATAFLOW,OECD.SDD.TPS:DSD_PRICES@DF_PRICES_ALL(1.0),,I,NZL,,Q,,N,,CPI,,PA,,_T,,N,,GY,,2007-Q2,,2,,A,,,,,,,,2,
DATAFLOW,OECD.SDD.TPS:DSD_PRICES@DF_PRICES_ALL(1.0),,I,NZL,,Q,,N,,CPI,,PA,,_T,,N,,GY,,2007-Q3,,1.787488,,A,,,,,,,,2,
DATAFLOW,OECD.SDD.TPS:DSD_PRICES@DF_PRICES_ALL(1.0),,I,NZL,,Q,,N,,CPI,,PA,,_T,,N,,GY,,2007-Q4,,3.18408,,A,,,,,,,,2,
DATAFLOW,OECD.SDD.TPS:DSD_PRICES@DF_PRICES_ALL(1.0),,I,NZL,,Q,,N,,CPI,,PA,,_T,,N,,GY,,2008-Q1,,3.366337,,A,,,,,,,,2,
DATAFLOW,OECD.SDD.TPS:DSD_PRICES@DF_PRICES_ALL(1.0),,I,NZL,,Q,,N,,CPI,,PA,,_T,,N,,GY,,2008-Q2,,4.019608,,A,,,,,,,,2,
DATAFLOW,OECD.SDD.TPS:DSD_PRICES@DF_PRICES_ALL(1.0),,I,NZL,,Q,,N,,CPI,,PA,,_T,,N,,GY,,2008-Q3,,5.073171,,A,,,,,,,,2,
DATAFLOW,OECD.SDD.TPS:DSD_PRICES@DF_PRICES_ALL(1.0),,I,NZL,,Q,,N,,CPI,,PA,,_T,,N,,GY,,2008-Q4,,3.37512,,A,,,,,,,,2,
DATAFLOW,OECD.SDD.TPS:DSD_PRICES@DF_PRICES_ALL(1.0),,I,NZL,,Q,,N,,CPI,,PA,,_T,,N,,GY,,2009-Q1,,2.969349,,A,,,,,,,,2,
DATAFLOW,OECD.SDD.TPS:DSD_PRICES@DF_PRICES_ALL(1.0),,I,NZL,,Q,,N,,CPI,,PA,,_T,,N,,GY,,2009-Q2,,1.885014,,A,,,,,,,,2,
DATAFLOW,OECD.SDD.TPS:DSD_PRICES@DF_PRICES_ALL(1.0),,I,NZL,,Q,,N,,CPI,,PA,,_T,,N,,GY,,2009-Q3,,1.671309,,A,,,,,,,,2,
DATAFLOW,OECD.SDD.TPS:DSD_PRICES@DF_PRICES_ALL(1.0),,I,NZL,,Q,,N,,CPI,,PA,,_T,,N,,GY,,2009-Q4,,1.958955,,A,,,,,,,,2,
DATAFLOW,OECD.SDD.TPS:DSD_PRICES@DF_PRICES_ALL(1.0),,I,NZL,,Q,,N,,CPI,,PA,,_T,,N,,GY,,2010-Q1,,2.046512,,A,,,,,,,,2,
DATAFLOW,OECD.SDD.TPS:DSD_PRICES@DF_PRICES_ALL(1.0),,I,NZL,,Q,,N,,CPI,,PA,,_T,,N,,GY,,2010-Q2,,1.665125,,A,,,,,,,,2,
DATAFLOW,OECD.SDD.TPS:DSD_PRICES@DF_PRICES_ALL(1.0),,I,NZL,,Q,,N,,CPI,,PA,,_T,,N,,GY,,2010-Q3,,1.461187,,A,,,,,,,,2,
DATAFLOW,OECD.SDD.TPS:DSD_PRICES@DF_PRICES_ALL(1.0),,I,NZL,,Q,,N,,CPI,,PA,,_T,,N,,GY,,2010-Q4,,4.025618,,A,,,,,,,,2,
DATAFLOW,OECD.SDD.TPS:DSD_PRICES@DF_PRICES_ALL(1.0),,I,NZL,,Q,,N,,CPI,,PA,,_T,,N,,GY,,2011-Q1,,4.466727,,A,,,,,,,,2,
DATAFLOW,OECD.SDD.TPS:DSD_PRICES@DF_PRICES_ALL(1.0),,I,NZL,,Q,,N,,CPI,,PA,,_T,,N,,GY,,2011-Q2,,5.277525,,A,,,,,,,,2,
DATAFLOW,OECD.SDD.TPS:DSD_PRICES@DF_PRICES_ALL(1.0),,I,NZL,,Q,,N,,CPI,,PA,,_T,,N,,GY,,2011-Q3,,4.590459,,A,,,,,,,,2,
DATAFLOW,OECD.SDD.TPS:DSD_PRICES@DF_PRICES_ALL(1.0),,I,NZL,,Q,,N,,CPI,,PA,,_T,,N,,GY,,2011-Q4,,1.846966,,A,,,,,,,,2,
DATAFLOW,OECD.SDD.TPS:DSD_PRICES@DF_PRICES_ALL(1.0),,I,NZL,,Q,,N,,CPI,,PA,,_T,,N,,GY,,2012-Q1,,1.570681,,A,,,,,,,,2,
DATAFLOW,OECD.SDD.TPS:DSD_PRICES@DF_PRICES_ALL(1.0),,I,NZL,,Q,,N,,CPI,,PA,,_T,,N,,GY,,2012-Q2,,0.9507346,,A,,,,,,,,2,
DATAFLOW,OECD.SDD.TPS:DSD_PRICES@DF_PRICES_ALL(1.0),,I,NZL,,Q,,N,,CPI,,PA,,_T,,N,,GY,,2012-Q3,,0.7745267,,A,,,,,,,,2,
DATAFLOW,OECD.SDD.TPS:DSD_PRICES@DF_PRICES_ALL(1.0),,I,NZL,,Q,,N,,CPI,,PA,,_T,,N,,GY,,2012-Q4,,0.9499137,,A,,,,,,,,2,
DATAFLOW,OECD.SDD.TPS:DSD_PRICES@DF_PRICES_ALL(1.0),,I,NZL,,Q,,N,,CPI,,PA,,_T,,N,,GY,,2013-Q1,,0.8591064,,A,,,,,,,,2,
DATAFLOW,OECD.SDD.TPS:DSD_PRICES@DF_PRICES_ALL(1.0),,I,NZL,,Q,,N,,CPI,,PA,,_T,,N,,GY,,2013-Q2,,0.6849316,,A,,,,,,,,2,
DATAFLOW,OECD.SDD.TPS:DSD_PRICES@DF_PRICES_ALL(1.0),,I,NZL,,Q,,N,,CPI,,PA,,_T,,N,,GY,,2013-Q3,,1.366354,,A,,,,,,,,2,
DATAFLOW,OECD.SDD.TPS:DSD_PRICES@DF_PRICES_ALL(1.0),,I,NZL,,Q,,N,,CPI,,PA,,_T,,N,,GY,,2013-Q4,,1.625321,,A,,,,,,,,2,
DATAFLOW,OECD.SDD.TPS:DSD_PRICES@DF_PRICES_ALL(1.0),,I,NZL,,Q,,N,,CPI,,PA,,_T,,N,,GY,,2014-Q1,,1.53322,,A,,,,,,,,2,
DATAFLOW,OECD.SDD.TPS:DSD_PRICES@DF_PRICES_ALL(1.0),,I,NZL,,Q,,N,,CPI,,PA,,_T,,N,,GY,,2014-Q2,,1.615646,,A,,,,,,,,2,
DATAFLOW,OECD.SDD.TPS:DSD_PRICES@DF_PRICES_ALL(1.0),,I,NZL,,Q,,N,,CPI,,PA,,_T,,N,,GY,,2014-Q3,,1.010952,,A,,,,,,,,2,
DATAFLOW,OECD.SDD.TPS:DSD_PRICES@DF_PRICES_ALL(1.0),,I,NZL,,Q,,N,,CPI,,PA,,_T,,N,,GY,,2014-Q4,,0.7575758,,A,,,,,,,,2,
DATAFLOW,OECD.SDD.TPS:DSD_PRICES@DF_PRICES_ALL(1.0),,I,NZL,,Q,,N,,CPI,,PA,,_T,,N,,GY,,2015-Q1,,0.2516778,,A,,,,,,,,2,
DATAFLOW,OECD.SDD.TPS:DSD_PRICES@DF_PRICES_ALL(1.0),,I,NZL,,Q,,N,,CPI,,PA,,_T,,N,,GY,,2015-Q2,,0.41841,,A,,,,,,,,2,
DATAFLOW,OECD.SDD.TPS:DSD_PRICES@DF_PRICES_ALL(1.0),,I,NZL,,Q,,N,,CPI,,PA,,_T,,N,,GY,,2015-Q3,,0.4170141,,A,,,,,,,,2,
DATAFLOW,OECD.SDD.TPS:DSD_PRICES@DF_PRICES_ALL(1.0),,I,NZL,,Q,,N,,CPI,,PA,,_T,,N,,GY,,2015-Q4,,0.08354222,,A,,,,,,,,2,
DATAFLOW,OECD.SDD.TPS:DSD_PRICES@DF_PRICES_ALL(1.0),,I,NZL,,Q,,N,,CPI,,PA,,_T,,N,,GY,,2016-Q1,,0.41841,,A,,,,,,,,2,
DATAFLOW,OECD.SDD.TPS:DSD_PRICES@DF_PRICES_ALL(1.0),,I,NZL,,Q,,N,,CPI,,PA,,_T,,N,,GY,,2016-Q2,,0.4166667,,A,,,,,,,,2,
DATAFLOW,OECD.SDD.TPS:DSD_PRICES@DF_PRICES_ALL(1.0),,I,NZL,,Q,,N,,CPI,,PA,,_T,,N,,GY,,2016-Q3,,0.4152823,,A,,,,,,,,2,
DATAFLOW,OECD.SDD.TPS:DSD_PRICES@DF_PRICES_ALL(1.0),,I,NZL,,Q,,N,,CPI,,PA,,_T,,N,,GY,,2016-Q4,,1.335559,,A,,,,,,,,2,
DATAFLOW,OECD.SDD.TPS:DSD_PRICES@DF_PRICES_ALL(1.0),,I,NZL,,Q,,N,,CPI,,PA,,_T,,N,,GY,,2017-Q1,,2.166667,,A,,,,,,,,2,
DATAFLOW,OECD.SDD.TPS:DSD_PRICES@DF_PRICES_ALL(1.0),,I,NZL,,Q,,N,,CPI,,PA,,_T,,N,,GY,,2017-Q2,,1.742739,,A,,,,,,,,2,
DATAFLOW,OECD.SDD.TPS:DSD_PRICES@DF_PRICES_ALL(1.0),,I,NZL,,Q,,N,,CPI,,PA,,_T,,N,,GY,,2017-Q3,,1.902399,,A,,,,,,,,2,
DATAFLOW,OECD.SDD.TPS:DSD_PRICES@DF_PRICES_ALL(1.0),,I,NZL,,Q,,N,,CPI,,PA,,_T,,N,,GY,,2017-Q4,,1.594399,,A,,,,,,,,2,
DATAFLOW,OECD.SDD.TPS:DSD_PRICES@DF_PRICES_ALL(1.0),,I,NZL,,Q,,N,,CPI,,PA,,_T,,N,,GY,,2018-Q1,,1.1,,A,,,,,,,,2,
DATAFLOW,OECD.SDD.TPS:DSD_PRICES@DF_PRICES_ALL(1.0),,I,NZL,,Q,,N,,CPI,,PA,,_T,,N,,GY,,2018-Q2,,1.5,,A,,,,,,,,2,
DATAFLOW,OECD.SDD.TPS:DSD_PRICES@DF_PRICES_ALL(1.0),,I,NZL,,Q,,N,,CPI,,PA,,_T,,N,,GY,,2018-Q3,,1.901299,,A,,,,,,,,2,
DATAFLOW,OECD.SDD.TPS:DSD_PRICES@DF_PRICES_ALL(1.0),,I,NZL,,Q,,N,,CPI,,PA,,_T,,N,,GY,,2018-Q4,,1.888668,,A,,,,,,,,2,
DATAFLOW,OECD.SDD.TPS:DSD_PRICES@DF_PRICES_ALL(1.0),,I,NZL,,Q,,N,,CPI,,PA,,_T,,N,,GY,,2019-Q1,,1.48368,,A,,,,,,,,2,
DATAFLOW,OECD.SDD.TPS:DSD_PRICES@DF_PRICES_ALL(1.0),,I,NZL,,Q,,N,,CPI,,PA,,_T,,N,,GY,,2019-Q2,,1.674877,,A,,,,,,,,2,
DATAFLOW,OECD.SDD.TPS:DSD_PRICES@DF_PRICES_ALL(1.0),,I,NZL,,Q,,N,,CPI,,PA,,_T,,N,,GY,,2019-Q3,,1.464844,,A,,,,,,,,2,
DATAFLOW,OECD.SDD.TPS:DSD_PRICES@DF_PRICES_ALL(1.0),,I,NZL,,Q,,N,,CPI,,PA,,_T,,N,,GY,,2019-Q4,,1.853659,,A,,,,,,,,2,
DATAFLOW,OECD.SDD.TPS:DSD_PRICES@DF_PRICES_ALL(1.0),,I,NZL,,Q,,N,,CPI,,PA,,_T,,N,,GY,,2020-Q1,,2.534113,,A,,,,,,,,2,
DATAFLOW,OECD.SDD.TPS:DSD_PRICES@DF_PRICES_ALL(1.0),,I,NZL,,Q,,N,,CPI,,PA,,_T,,N,,GY,,2020-Q2,,1.453488,,A,,,,,,,,2,
DATAFLOW,OECD.SDD.TPS:DSD_PRICES@DF_PRICES_ALL(1.0),,I,NZL,,Q,,N,,CPI,,PA,,_T,,N,,GY,,2020-Q3,,1.443696,,A,,,,,,,,2,
DATAFLOW,OECD.SDD.TPS:DSD_PRICES@DF_PRICES_ALL(1.0),,I,NZL,,Q,,N,,CPI,,PA,,_T,,N,,GY,,2020-Q4,,1.436782,,A,,,,,,,,2,
DATAFLOW,OECD.SDD.TPS:DSD_PRICES@DF_PRICES_ALL(1.0),,I,NZL,,Q,,N,,CPI,,PA,,_T,,N,,GY,,2021-Q1,,1.520913,,A,,,,,,,,2,
DATAFLOW,OECD.SDD.TPS:DSD_PRICES@DF_PRICES_ALL(1.0),,I,NZL,,Q,,N,,CPI,,PA,,_T,,N,,GY,,2021-Q2,,3.342885,,A,,,,,,,,2,
DATAFLOW,OECD.SDD.TPS:DSD_PRICES@DF_PRICES_ALL(1.0),,I,NZL,,Q,,N,,CPI,,PA,,_T,,N,,GY,,2021-Q3,,4.933586,,A,,,,,,,,2,
DATAFLOW,OECD.SDD.TPS:DSD_PRICES@DF_PRICES_ALL(1.0),,I,NZL,,Q,,N,,CPI,,PA,,_T,,N,,GY,,2021-Q4,,5.949008,,A,,,,,,,,2,
DATAFLOW,OECD.SDD.TPS:DSD_PRICES@DF_PRICES_ALL(1.0),,I,NZL,,Q,,N,,CPI,,PA,,_T,,N,,GY,,2022-Q1,,6.928839,,A,,,,,,,,2,
DATAFLOW,OECD.SDD.TPS:DSD_PRICES@DF_PRICES_ALL(1.0),,I,NZL,,Q,,N,,CPI,,PA,,_T,,N,,GY,,2022-Q2,,7.301294,,A,,,,,,,,2,
DATAFLOW,OECD.SDD.TPS:DSD_PRICES@DF_PRICES_ALL(1.0),,I,NZL,,Q,,N,,CPI,,PA,,_T,,N,,GY,,2022-Q3,,7.233273,,A,,,,,,,,2,
DATAFLOW,OECD.SDD.TPS:DSD_PRICES@DF_PRICES_ALL(1.0),,I,NZL,,Q,,N,,CPI,,PA,,_T,,N,,GY,,2022-Q4,,7.219251,,A,,,,,,,,2,
DATAFLOW,OECD.SDD.TPS:DSD_PRICES@DF_PRICES_ALL(1.0),,I,NZL,,Q,,N,,CPI,,PA,,_T,,N,,GY,,2023-Q1,,6.654991,,A,,,,,,,,2,
DATAFLOW,OECD.SDD.TPS:DSD_PRICES@DF_PRICES_ALL(1.0),,I,NZL,,Q,,N,,CPI,,PA,,_T,,N,,GY,,2023-Q2,,6.029285,,A,,,,,,,,2,
DATAFLOW,OECD.SDD.TPS:DSD_PRICES@DF_PRICES_ALL(1.0),,I,NZL,,Q,,N,,CPI,,PA,,_T,,N,,GY,,2023-Q3,,5.649241,,A,,,,,,,,2,
DATAFLOW,OECD.SDD.TPS:DSD_PRICES@DF_PRICES_ALL(1.0),,I,NZL,,Q,,N,,CPI,,PA,,_T,,N,,GY,,2023-Q4,,4.655029,,A,,,,,,,,2,
DATAFLOW,OECD.SDD.TPS:DSD_PRICES@DF_PRICES_ALL(1.0),,I,NZL,,Q,,N,,CPI,,PA,,_T,,N,,GY,,2024-Q1,,4.022988,,A,,,,,,,,2,
DATAFLOW,OECD.SDD.TPS:DSD_PRICES@DF_PRICES_ALL(1.0),,I,NZL,,Q,,N,,CPI,,PA,,_T,,N,,GY,,2024-Q2,,3.330626,,A,,,,,,,,2,
DATAFLOW,OECD.SDD.TPS:DSD_PRICES@DF_PRICES_ALL(1.0),,I,NZL,,Q,,N,,CPI,,PA,,_T,,N,,GY,,2024-Q3,,2.154828,,A,,,,,,,,2,
DATAFLOW,OECD.SDD.TPS:DSD_PRICES@DF_PRICES_ALL(1.0),,I,NZL,,Q,,N,,CPI,,PA,,_T,,N,,GY,,2024-Q4,,2.223987,,A,,,,,,,,2,
DATAFLOW,OECD.SDD.TPS:DSD_PRICES@DF_PRICES_ALL(1.0),,I,NZL,,Q,,N,,CPI,,PA,,_T,,N,,GY,,2025-Q1,,2.525651,,A,,,,,,,,2,
DATAFLOW,OECD.SDD.TPS:DSD_PRICES@DF_PRICES_ALL(1.0),,I,NZL,,Q,,N,,CPI,,PA,,_T,,N,,GY,,2025-Q2,,2.672956,,A,,,,,,,,2,
DATAFLOW,OECD.SDD.TPS:DSD_PRICES@DF_PRICES_ALL(1.0),,I,NZL,,Q,,N,,CPI,,PA,,_T,,N,,GY,,2025-Q3,,3.046875,,A,,,,,,,,2,
DATAFLOW,OECD.SDD.TPS:DSD_PRICES@DF_PRICES_ALL(1.0),,I,NZL,,Q,,N,,CPI,,PA,,_T,,N,,GY,,2025-Q4,,3.108003,,A,,,,,,,,2,
DATAFLOW,OECD.SDD.TPS:DSD_PRICES@DF_PRICES_ALL(1.0),,I,NZL,,Q,,N,,CPI,,PA,,_T,,N,,GY,,2026-Q1,,3.079292,,A,,,,,,,,2,
DATAFLOW,OECD.SDD.TPS:DSD_PRICES@DF_PRICES_ALL(1.0),,I,NOR,,Q,,N,,CPI,,PA,,_T,,N,,GY,,1996-Q3,,1.383399,,A,,,,,,,,2,
DATAFLOW,OECD.SDD.TPS:DSD_PRICES@DF_PRICES_ALL(1.0),,I,NOR,,Q,,N,,CPI,,PA,,_T,,N,,GY,,1996-Q4,,1.774273,,A,,,,,,,,2,
DATAFLOW,OECD.SDD.TPS:DSD_PRICES@DF_PRICES_ALL(1.0),,I,NOR,,Q,,N,,CPI,,PA,,_T,,N,,GY,,1997-Q1,,3.063241,,A,,,,,,,,2,
DATAFLOW,OECD.SDD.TPS:DSD_PRICES@DF_PRICES_ALL(1.0),,I,NOR,,Q,,N,,CPI,,PA,,_T,,N,,GY,,1997-Q2,,2.696079,,A,,,,,,,,2,
DATAFLOW,OECD.SDD.TPS:DSD_PRICES@DF_PRICES_ALL(1.0),,I,NOR,,Q,,N,,CPI,,PA,,_T,,N,,GY,,1997-Q3,,2.290448,,A,,,,,,,,2,
DATAFLOW,OECD.SDD.TPS:DSD_PRICES@DF_PRICES_ALL(1.0),,I,NOR,,Q,,N,,CPI,,PA,,_T,,N,,GY,,1997-Q4,,2.227603,,A,,,,,,,,2,
DATAFLOW,OECD.SDD.TPS:DSD_PRICES@DF_PRICES_ALL(1.0),,I,NOR,,Q,,N,,CPI,,PA,,_T,,N,,GY,,1998-Q1,,2.157239,,A,,,,,,,,2,
DATAFLOW,OECD.SDD.TPS:DSD_PRICES@DF_PRICES_ALL(1.0),,I,NOR,,Q,,N,,CPI,,PA,,_T,,N,,GY,,1998-Q2,,2.243437,,A,,,,,,,,2,
DATAFLOW,OECD.SDD.TPS:DSD_PRICES@DF_PRICES_ALL(1.0),,I,NOR,,Q,,N,,CPI,,PA,,_T,,N,,GY,,1998-Q3,,2.286803,,A,,,,,,,,2,
DATAFLOW,OECD.SDD.TPS:DSD_PRICES@DF_PRICES_ALL(1.0),,I,NOR,,Q,,N,,CPI,,PA,,_T,,N,,GY,,1998-Q4,,2.321175,,A,,,,,,,,2,
DATAFLOW,OECD.SDD.TPS:DSD_PRICES@DF_PRICES_ALL(1.0),,I,NOR,,Q,,N,,CPI,,PA,,_T,,N,,GY,,1999-Q1,,2.252464,,A,,,,,,,,2,
DATAFLOW,OECD.SDD.TPS:DSD_PRICES@DF_PRICES_ALL(1.0),,I,NOR,,Q,,N,,CPI,,PA,,_T,,N,,GY,,1999-Q2,,2.474323,,A,,,,,,,,2,
DATAFLOW,OECD.SDD.TPS:DSD_PRICES@DF_PRICES_ALL(1.0),,I,NOR,,Q,,N,,CPI,,PA,,_T,,N,,GY,,1999-Q3,,2.049371,,A,,,,,,,,2,
DATAFLOW,OECD.SDD.TPS:DSD_PRICES@DF_PRICES_ALL(1.0),,I,NOR,,Q,,N,,CPI,,PA,,_T,,N,,GY,,1999-Q4,,2.685185,,A,,,,,,,,2,
DATAFLOW,OECD.SDD.TPS:DSD_PRICES@DF_PRICES_ALL(1.0),,I,NOR,,Q,,N,,CPI,,PA,,_T,,N,,GY,,2000-Q1,,2.891234,,A,,,,,,,,2,
DATAFLOW,OECD.SDD.TPS:DSD_PRICES@DF_PRICES_ALL(1.0),,I,NOR,,Q,,N,,CPI,,PA,,_T,,N,,GY,,2000-Q2,,2.915718,,A,,,,,,,,2,
DATAFLOW,OECD.SDD.TPS:DSD_PRICES@DF_PRICES_ALL(1.0),,I,NOR,,Q,,N,,CPI,,PA,,_T,,N,,GY,,2000-Q3,,3.423095,,A,,,,,,,,2,
DATAFLOW,OECD.SDD.TPS:DSD_PRICES@DF_PRICES_ALL(1.0),,I,NOR,,Q,,N,,CPI,,PA,,_T,,N,,GY,,2000-Q4,,3.110911,,A,,,,,,,,2,
DATAFLOW,OECD.SDD.TPS:DSD_PRICES@DF_PRICES_ALL(1.0),,I,NOR,,Q,,N,,CPI,,PA,,_T,,N,,GY,,2001-Q1,,3.52364,,A,,,,,,,,2,
DATAFLOW,OECD.SDD.TPS:DSD_PRICES@DF_PRICES_ALL(1.0),,I,NOR,,Q,,N,,CPI,,PA,,_T,,N,,GY,,2001-Q2,,3.939796,,A,,,,,,,,2,
DATAFLOW,OECD.SDD.TPS:DSD_PRICES@DF_PRICES_ALL(1.0),,I,NOR,,Q,,N,,CPI,,PA,,_T,,N,,GY,,2001-Q3,,2.559576,,A,,,,,,,,2,
DATAFLOW,OECD.SDD.TPS:DSD_PRICES@DF_PRICES_ALL(1.0),,I,NOR,,Q,,N,,CPI,,PA,,_T,,N,,GY,,2001-Q4,,2.011369,,A,,,,,,,,2,
DATAFLOW,OECD.SDD.TPS:DSD_PRICES@DF_PRICES_ALL(1.0),,I,NOR,,Q,,N,,CPI,,PA,,_T,,N,,GY,,2002-Q1,,1.034037,,A,,,,,,,,2,
DATAFLOW,OECD.SDD.TPS:DSD_PRICES@DF_PRICES_ALL(1.0),,I,NOR,,Q,,N,,CPI,,PA,,_T,,N,,GY,,2002-Q2,,0.4684838,,A,,,,,,,,2,
DATAFLOW,OECD.SDD.TPS:DSD_PRICES@DF_PRICES_ALL(1.0),,I,NOR,,Q,,N,,CPI,,PA,,_T,,N,,GY,,2002-Q3,,1.419966,,A,,,,,,,,2,
DATAFLOW,OECD.SDD.TPS:DSD_PRICES@DF_PRICES_ALL(1.0),,I,NOR,,Q,,N,,CPI,,PA,,_T,,N,,GY,,2002-Q4,,2.22889,,A,,,,,,,,2,
DATAFLOW,OECD.SDD.TPS:DSD_PRICES@DF_PRICES_ALL(1.0),,I,NOR,,Q,,N,,CPI,,PA,,_T,,N,,GY,,2003-Q1,,4.605544,,A,,,,,,,,2,
DATAFLOW,OECD.SDD.TPS:DSD_PRICES@DF_PRICES_ALL(1.0),,I,NOR,,Q,,N,,CPI,,PA,,_T,,N,,GY,,2003-Q2,,2.246715,,A,,,,,,,,2,
DATAFLOW,OECD.SDD.TPS:DSD_PRICES@DF_PRICES_ALL(1.0),,I,NOR,,Q,,N,,CPI,,PA,,_T,,N,,GY,,2003-Q3,,1.909207,,A,,,,,,,,2,
DATAFLOW,OECD.SDD.TPS:DSD_PRICES@DF_PRICES_ALL(1.0),,I,NOR,,Q,,N,,CPI,,PA,,_T,,N,,GY,,2003-Q4,,1.215933,,A,,,,,,,,2,
DATAFLOW,OECD.SDD.TPS:DSD_PRICES@DF_PRICES_ALL(1.0),,I,NOR,,Q,,N,,CPI,,PA,,_T,,N,,GY,,2004-Q1,,-1.426824,,A,,,,,,,,2,
DATAFLOW,OECD.SDD.TPS:DSD_PRICES@DF_PRICES_ALL(1.0),,I,NOR,,Q,,N,,CPI,,PA,,_T,,N,,GY,,2004-Q2,,0.8291874,,A,,,,,,,,2,
DATAFLOW,OECD.SDD.TPS:DSD_PRICES@DF_PRICES_ALL(1.0),,I,NOR,,Q,,N,,CPI,,PA,,_T,,N,,GY,,2004-Q3,,1.207327,,A,,,,,,,,2,
DATAFLOW,OECD.SDD.TPS:DSD_PRICES@DF_PRICES_ALL(1.0),,I,NOR,,Q,,N,,CPI,,PA,,_T,,N,,GY,,2004-Q4,,1.242751,,A,,,,,,,,2,
DATAFLOW,OECD.SDD.TPS:DSD_PRICES@DF_PRICES_ALL(1.0),,I,NOR,,Q,,N,,CPI,,PA,,_T,,N,,GY,,2005-Q1,,0.9925559,,A,,,,,,,,2,
DATAFLOW,OECD.SDD.TPS:DSD_PRICES@DF_PRICES_ALL(1.0),,I,NOR,,Q,,N,,CPI,,PA,,_T,,N,,GY,,2005-Q2,,1.521382,,A,,,,,,,,2,
DATAFLOW,OECD.SDD.TPS:DSD_PRICES@DF_PRICES_ALL(1.0),,I,NOR,,Q,,N,,CPI,,PA,,_T,,N,,GY,,2005-Q3,,1.768819,,A,,,,,,,,2,
DATAFLOW,OECD.SDD.TPS:DSD_PRICES@DF_PRICES_ALL(1.0),,I,NOR,,Q,,N,,CPI,,PA,,_T,,N,,GY,,2005-Q4,,1.841244,,A,,,,,,,,2,
DATAFLOW,OECD.SDD.TPS:DSD_PRICES@DF_PRICES_ALL(1.0),,I,NOR,,Q,,N,,CPI,,PA,,_T,,N,,GY,,2006-Q1,,2.252252,,A,,,,,,,,2,
DATAFLOW,OECD.SDD.TPS:DSD_PRICES@DF_PRICES_ALL(1.0),,I,NOR,,Q,,N,,CPI,,PA,,_T,,N,,GY,,2006-Q2,,2.389632,,A,,,,,,,,2,
DATAFLOW,OECD.SDD.TPS:DSD_PRICES@DF_PRICES_ALL(1.0),,I,NOR,,Q,,N,,CPI,,PA,,_T,,N,,GY,,2006-Q3,,2.22312,,A,,,,,,,,2,
DATAFLOW,OECD.SDD.TPS:DSD_PRICES@DF_PRICES_ALL(1.0),,I,NOR,,Q,,N,,CPI,,PA,,_T,,N,,GY,,2006-Q4,,2.450783,,A,,,,,,,,2,
DATAFLOW,OECD.SDD.TPS:DSD_PRICES@DF_PRICES_ALL(1.0),,I,NOR,,Q,,N,,CPI,,PA,,_T,,N,,GY,,2007-Q1,,1.001201,,A,,,,,,,,2,
DATAFLOW,OECD.SDD.TPS:DSD_PRICES@DF_PRICES_ALL(1.0),,I,NOR,,Q,,N,,CPI,,PA,,_T,,N,,GY,,2007-Q2,,0.3164557,,A,,,,,,,,2,
DATAFLOW,OECD.SDD.TPS:DSD_PRICES@DF_PRICES_ALL(1.0),,I,NOR,,Q,,N,,CPI,,PA,,_T,,N,,GY,,2007-Q3,,0.1581653,,A,,,,,,,,2,
DATAFLOW,OECD.SDD.TPS:DSD_PRICES@DF_PRICES_ALL(1.0),,I,NOR,,Q,,N,,CPI,,PA,,_T,,N,,GY,,2007-Q4,,1.372549,,A,,,,,,,,2,
DATAFLOW,OECD.SDD.TPS:DSD_PRICES@DF_PRICES_ALL(1.0),,I,NOR,,Q,,N,,CPI,,PA,,_T,,N,,GY,,2008-Q1,,3.528945,,A,,,,,,,,2,
DATAFLOW,OECD.SDD.TPS:DSD_PRICES@DF_PRICES_ALL(1.0),,I,NOR,,Q,,N,,CPI,,PA,,_T,,N,,GY,,2008-Q2,,3.233438,,A,,,,,,,,2,
DATAFLOW,OECD.SDD.TPS:DSD_PRICES@DF_PRICES_ALL(1.0),,I,NOR,,Q,,N,,CPI,,PA,,_T,,N,,GY,,2008-Q3,,4.697987,,A,,,,,,,,2,
DATAFLOW,OECD.SDD.TPS:DSD_PRICES@DF_PRICES_ALL(1.0),,I,NOR,,Q,,N,,CPI,,PA,,_T,,N,,GY,,2008-Q4,,3.558994,,A,,,,,,,,2,
DATAFLOW,OECD.SDD.TPS:DSD_PRICES@DF_PRICES_ALL(1.0),,I,NOR,,Q,,N,,CPI,,PA,,_T,,N,,GY,,2009-Q1,,2.451168,,A,,,,,,,,2,
DATAFLOW,OECD.SDD.TPS:DSD_PRICES@DF_PRICES_ALL(1.0),,I,NOR,,Q,,N,,CPI,,PA,,_T,,N,,GY,,2009-Q2,,3.132162,,A,,,,,,,,2,
DATAFLOW,OECD.SDD.TPS:DSD_PRICES@DF_PRICES_ALL(1.0),,I,NOR,,Q,,N,,CPI,,PA,,_T,,N,,GY,,2009-Q3,,1.809955,,A,,,,,,,,2,
DATAFLOW,OECD.SDD.TPS:DSD_PRICES@DF_PRICES_ALL(1.0),,I,NOR,,Q,,N,,CPI,,PA,,_T,,N,,GY,,2009-Q4,,1.419499,,A,,,,,,,,2,
DATAFLOW,OECD.SDD.TPS:DSD_PRICES@DF_PRICES_ALL(1.0),,I,NOR,,Q,,N,,CPI,,PA,,_T,,N,,GY,,2010-Q1,,2.953271,,A,,,,,,,,2,
DATAFLOW,OECD.SDD.TPS:DSD_PRICES@DF_PRICES_ALL(1.0),,I,NOR,,Q,,N,,CPI,,PA,,_T,,N,,GY,,2010-Q2,,2.592592,,A,,,,,,,,2,
DATAFLOW,OECD.SDD.TPS:DSD_PRICES@DF_PRICES_ALL(1.0),,I,NOR,,Q,,N,,CPI,,PA,,_T,,N,,GY,,2010-Q3,,1.851852,,A,,,,,,,,2,
DATAFLOW,OECD.SDD.TPS:DSD_PRICES@DF_PRICES_ALL(1.0),,I,NOR,,Q,,N,,CPI,,PA,,_T,,N,,GY,,2010-Q4,,2.28361,,A,,,,,,,,2,
DATAFLOW,OECD.SDD.TPS:DSD_PRICES@DF_PRICES_ALL(1.0),,I,NOR,,Q,,N,,CPI,,PA,,_T,,N,,GY,,2011-Q1,,1.379811,,A,,,,,,,,2,
DATAFLOW,OECD.SDD.TPS:DSD_PRICES@DF_PRICES_ALL(1.0),,I,NOR,,Q,,N,,CPI,,PA,,_T,,N,,GY,,2011-Q2,,1.444043,,A,,,,,,,,2,
DATAFLOW,OECD.SDD.TPS:DSD_PRICES@DF_PRICES_ALL(1.0),,I,NOR,,Q,,N,,CPI,,PA,,_T,,N,,GY,,2011-Q3,,1.490909,,A,,,,,,,,2,
DATAFLOW,OECD.SDD.TPS:DSD_PRICES@DF_PRICES_ALL(1.0),,I,NOR,,Q,,N,,CPI,,PA,,_T,,N,,GY,,2011-Q4,,0.8282319,,A,,,,,,,,2,
DATAFLOW,OECD.SDD.TPS:DSD_PRICES@DF_PRICES_ALL(1.0),,I,NOR,,Q,,N,,CPI,,PA,,_T,,N,,GY,,2012-Q1,,0.8237822,,A,,,,,,,,2,
DATAFLOW,OECD.SDD.TPS:DSD_PRICES@DF_PRICES_ALL(1.0),,I,NOR,,Q,,N,,CPI,,PA,,_T,,N,,GY,,2012-Q2,,0.3914591,,A,,,,,,,,2,
DATAFLOW,OECD.SDD.TPS:DSD_PRICES@DF_PRICES_ALL(1.0),,I,NOR,,Q,,N,,CPI,,PA,,_T,,N,,GY,,2012-Q3,,0.3582945,,A,,,,,,,,2,
DATAFLOW,OECD.SDD.TPS:DSD_PRICES@DF_PRICES_ALL(1.0),,I,NOR,,Q,,N,,CPI,,PA,,_T,,N,,GY,,2012-Q4,,1.214286,,A,,,,,,,,2,
DATAFLOW,OECD.SDD.TPS:DSD_PRICES@DF_PRICES_ALL(1.0),,I,NOR,,Q,,N,,CPI,,PA,,_T,,N,,GY,,2013-Q1,,1.243339,,A,,,,,,,,2,
DATAFLOW,OECD.SDD.TPS:DSD_PRICES@DF_PRICES_ALL(1.0),,I,NOR,,Q,,N,,CPI,,PA,,_T,,N,,GY,,2013-Q2,,1.949663,,A,,,,,,,,2,
DATAFLOW,OECD.SDD.TPS:DSD_PRICES@DF_PRICES_ALL(1.0),,I,NOR,,Q,,N,,CPI,,PA,,_T,,N,,GY,,2013-Q3,,2.998929,,A,,,,,,,,2,
DATAFLOW,OECD.SDD.TPS:DSD_PRICES@DF_PRICES_ALL(1.0),,I,NOR,,Q,,N,,CPI,,PA,,_T,,N,,GY,,2013-Q4,,2.293578,,A,,,,,,,,2,
DATAFLOW,OECD.SDD.TPS:DSD_PRICES@DF_PRICES_ALL(1.0),,I,NOR,,Q,,N,,CPI,,PA,,_T,,N,,GY,,2014-Q1,,2.105263,,A,,,,,,,,2,
DATAFLOW,OECD.SDD.TPS:DSD_PRICES@DF_PRICES_ALL(1.0),,I,NOR,,Q,,N,,CPI,,PA,,_T,,N,,GY,,2014-Q2,,1.877608,,A,,,,,,,,2,
DATAFLOW,OECD.SDD.TPS:DSD_PRICES@DF_PRICES_ALL(1.0),,I,NOR,,Q,,N,,CPI,,PA,,_T,,N,,GY,,2014-Q3,,2.149047,,A,,,,,,,,2,
DATAFLOW,OECD.SDD.TPS:DSD_PRICES@DF_PRICES_ALL(1.0),,I,NOR,,Q,,N,,CPI,,PA,,_T,,N,,GY,,2014-Q4,,2.035185,,A,,,,,,,,2,
DATAFLOW,OECD.SDD.TPS:DSD_PRICES@DF_PRICES_ALL(1.0),,I,NOR,,Q,,N,,CPI,,PA,,_T,,N,,GY,,2015-Q1,,1.958763,,A,,,,,,,,2,
DATAFLOW,OECD.SDD.TPS:DSD_PRICES@DF_PRICES_ALL(1.0),,I,NOR,,Q,,N,,CPI,,PA,,_T,,N,,GY,,2015-Q2,,2.21843,,A,,,,,,,,2,
DATAFLOW,OECD.SDD.TPS:DSD_PRICES@DF_PRICES_ALL(1.0),,I,NOR,,Q,,N,,CPI,,PA,,_T,,N,,GY,,2015-Q3,,2.002036,,A,,,,,,,,2,
DATAFLOW,OECD.SDD.TPS:DSD_PRICES@DF_PRICES_ALL(1.0),,I,NOR,,Q,,N,,CPI,,PA,,_T,,N,,GY,,2015-Q4,,2.50169,,A,,,,,,,,2,
DATAFLOW,OECD.SDD.TPS:DSD_PRICES@DF_PRICES_ALL(1.0),,I,NOR,,Q,,N,,CPI,,PA,,_T,,N,,GY,,2016-Q1,,3.168183,,A,,,,,,,,2,
DATAFLOW,OECD.SDD.TPS:DSD_PRICES@DF_PRICES_ALL(1.0),,I,NOR,,Q,,N,,CPI,,PA,,_T,,N,,GY,,2016-Q2,,3.472454,,A,,,,,,,,2,
DATAFLOW,OECD.SDD.TPS:DSD_PRICES@DF_PRICES_ALL(1.0),,I,NOR,,Q,,N,,CPI,,PA,,_T,,N,,GY,,2016-Q3,,3.992016,,A,,,,,,,,2,
DATAFLOW,OECD.SDD.TPS:DSD_PRICES@DF_PRICES_ALL(1.0),,I,NOR,,Q,,N,,CPI,,PA,,_T,,N,,GY,,2016-Q4,,3.562005,,A,,,,,,,,2,
DATAFLOW,OECD.SDD.TPS:DSD_PRICES@DF_PRICES_ALL(1.0),,I,NOR,,Q,,N,,CPI,,PA,,_T,,N,,GY,,2017-Q1,,2.580856,,A,,,,,,,,2,
DATAFLOW,OECD.SDD.TPS:DSD_PRICES@DF_PRICES_ALL(1.0),,I,NOR,,Q,,N,,CPI,,PA,,_T,,N,,GY,,2017-Q2,,2.097451,,A,,,,,,,,2,
DATAFLOW,OECD.SDD.TPS:DSD_PRICES@DF_PRICES_ALL(1.0),,I,NOR,,Q,,N,,CPI,,PA,,_T,,N,,GY,,2017-Q3,,1.503519,,A,,,,,,,,2,
DATAFLOW,OECD.SDD.TPS:DSD_PRICES@DF_PRICES_ALL(1.0),,I,NOR,,Q,,N,,CPI,,PA,,_T,,N,,GY,,2017-Q4,,1.33758,,A,,,,,,,,2,
DATAFLOW,OECD.SDD.TPS:DSD_PRICES@DF_PRICES_ALL(1.0),,I,NOR,,Q,,N,,CPI,,PA,,_T,,N,,GY,,2018-Q1,,2.006369,,A,,,,,,,,2,
DATAFLOW,OECD.SDD.TPS:DSD_PRICES@DF_PRICES_ALL(1.0),,I,NOR,,Q,,N,,CPI,,PA,,_T,,N,,GY,,2018-Q2,,2.402023,,A,,,,,,,,2,
DATAFLOW,OECD.SDD.TPS:DSD_PRICES@DF_PRICES_ALL(1.0),,I,NOR,,Q,,N,,CPI,,PA,,_T,,N,,GY,,2018-Q3,,3.277655,,A,,,,,,,,2,
DATAFLOW,OECD.SDD.TPS:DSD_PRICES@DF_PRICES_ALL(1.0),,I,NOR,,Q,,N,,CPI,,PA,,_T,,N,,GY,,2018-Q4,,3.362665,,A,,,,,,,,2,
DATAFLOW,OECD.SDD.TPS:DSD_PRICES@DF_PRICES_ALL(1.0),,I,NOR,,Q,,N,,CPI,,PA,,_T,,N,,GY,,2019-Q1,,2.99719,,A,,,,,,,,2,
DATAFLOW,OECD.SDD.TPS:DSD_PRICES@DF_PRICES_ALL(1.0),,I,NOR,,Q,,N,,CPI,,PA,,_T,,N,,GY,,2019-Q2,,2.438272,,A,,,,,,,,2,
DATAFLOW,OECD.SDD.TPS:DSD_PRICES@DF_PRICES_ALL(1.0),,I,NOR,,Q,,N,,CPI,,PA,,_T,,N,,GY,,2019-Q3,,1.647849,,A,,,,,,,,2,
DATAFLOW,OECD.SDD.TPS:DSD_PRICES@DF_PRICES_ALL(1.0),,I,NOR,,Q,,N,,CPI,,PA,,_T,,N,,GY,,2019-Q4,,1.611432,,A,,,,,,,,2,
DATAFLOW,OECD.SDD.TPS:DSD_PRICES@DF_PRICES_ALL(1.0),,I,NOR,,Q,,N,,CPI,,PA,,_T,,N,,GY,,2020-Q1,,1.151864,,A,,,,,,,,2,
DATAFLOW,OECD.SDD.TPS:DSD_PRICES@DF_PRICES_ALL(1.0),,I,NOR,,Q,,N,,CPI,,PA,,_T,,N,,GY,,2020-Q2,,1.144923,,A,,,,,,,,2,
DATAFLOW,OECD.SDD.TPS:DSD_PRICES@DF_PRICES_ALL(1.0),,I,NOR,,Q,,N,,CPI,,PA,,_T,,N,,GY,,2020-Q3,,1.561093,,A,,,,,,,,2,
DATAFLOW,OECD.SDD.TPS:DSD_PRICES@DF_PRICES_ALL(1.0),,I,NOR,,Q,,N,,CPI,,PA,,_T,,N,,GY,,2020-Q4,,1.286655,,A,,,,,,,,2,
DATAFLOW,OECD.SDD.TPS:DSD_PRICES@DF_PRICES_ALL(1.0),,I,NOR,,Q,,N,,CPI,,PA,,_T,,N,,GY,,2021-Q1,,2.966737,,A,,,,,,,,2,
DATAFLOW,OECD.SDD.TPS:DSD_PRICES@DF_PRICES_ALL(1.0),,I,NOR,,Q,,N,,CPI,,PA,,_T,,N,,GY,,2021-Q2,,2.829908,,A,,,,,,,,2,
DATAFLOW,OECD.SDD.TPS:DSD_PRICES@DF_PRICES_ALL(1.0),,I,NOR,,Q,,N,,CPI,,PA,,_T,,N,,GY,,2021-Q3,,3.488028,,A,,,,,,,,2,
DATAFLOW,OECD.SDD.TPS:DSD_PRICES@DF_PRICES_ALL(1.0),,I,NOR,,Q,,N,,CPI,,PA,,_T,,N,,GY,,2021-Q4,,4.638109,,A,,,,,,,,2,
DATAFLOW,OECD.SDD.TPS:DSD_PRICES@DF_PRICES_ALL(1.0),,I,NOR,,Q,,N,,CPI,,PA,,_T,,N,,GY,,2022-Q1,,3.812573,,A,,,,,,,,2,
DATAFLOW,OECD.SDD.TPS:DSD_PRICES@DF_PRICES_ALL(1.0),,I,NOR,,Q,,N,,CPI,,PA,,_T,,N,,GY,,2022-Q2,,5.822711,,A,,,,,,,,2,
DATAFLOW,OECD.SDD.TPS:DSD_PRICES@DF_PRICES_ALL(1.0),,I,NOR,,Q,,N,,CPI,,PA,,_T,,N,,GY,,2022-Q3,,6.740931,,A,,,,,,,,2,
DATAFLOW,OECD.SDD.TPS:DSD_PRICES@DF_PRICES_ALL(1.0),,I,NOR,,Q,,N,,CPI,,PA,,_T,,N,,GY,,2022-Q4,,6.63467,,A,,,,,,,,2,
DATAFLOW,OECD.SDD.TPS:DSD_PRICES@DF_PRICES_ALL(1.0),,I,NOR,,Q,,N,,CPI,,PA,,_T,,N,,GY,,2023-Q1,,6.616204,,A,,,,,,,,2,
DATAFLOW,OECD.SDD.TPS:DSD_PRICES@DF_PRICES_ALL(1.0),,I,NOR,,Q,,N,,CPI,,PA,,_T,,N,,GY,,2023-Q2,,6.487818,,A,,,,,,,,2,
DATAFLOW,OECD.SDD.TPS:DSD_PRICES@DF_PRICES_ALL(1.0),,I,NOR,,Q,,N,,CPI,,PA,,_T,,N,,GY,,2023-Q3,,4.522344,,A,,,,,,,,2,
DATAFLOW,OECD.SDD.TPS:DSD_PRICES@DF_PRICES_ALL(1.0),,I,NOR,,Q,,N,,CPI,,PA,,_T,,N,,GY,,2023-Q4,,4.527403,,A,,,,,,,,2,
DATAFLOW,OECD.SDD.TPS:DSD_PRICES@DF_PRICES_ALL(1.0),,I,NOR,,Q,,N,,CPI,,PA,,_T,,N,,GY,,2024-Q1,,4.364975,,A,,,,,,,,2,
DATAFLOW,OECD.SDD.TPS:DSD_PRICES@DF_PRICES_ALL(1.0),,I,NOR,,Q,,N,,CPI,,PA,,_T,,N,,GY,,2024-Q2,,3.084833,,A,,,,,,,,2,
DATAFLOW,OECD.SDD.TPS:DSD_PRICES@DF_PRICES_ALL(1.0),,I,NOR,,Q,,N,,CPI,,PA,,_T,,N,,GY,,2024-Q3,,2.790579,,A,,,,,,,,2,
DATAFLOW,OECD.SDD.TPS:DSD_PRICES@DF_PRICES_ALL(1.0),,I,NOR,,Q,,N,,CPI,,PA,,_T,,N,,GY,,2024-Q4,,2.380952,,A,,,,,,,,2,
DATAFLOW,OECD.SDD.TPS:DSD_PRICES@DF_PRICES_ALL(1.0),,I,NOR,,Q,,N,,CPI,,PA,,_T,,N,,GY,,2025-Q1,,2.847065,,A,,,,,,,,2,
DATAFLOW,OECD.SDD.TPS:DSD_PRICES@DF_PRICES_ALL(1.0),,I,NOR,,Q,,N,,CPI,,PA,,_T,,N,,GY,,2025-Q2,,2.817955,,A,,,,,,,,2,
DATAFLOW,OECD.SDD.TPS:DSD_PRICES@DF_PRICES_ALL(1.0),,I,NOR,,Q,,N,,CPI,,PA,,_T,,N,,GY,,2025-Q3,,3.462018,,A,,,,,,,,2,
DATAFLOW,OECD.SDD.TPS:DSD_PRICES@DF_PRICES_ALL(1.0),,I,NOR,,Q,,N,,CPI,,PA,,_T,,N,,GY,,2025-Q4,,3.092528,,A,,,,,,,,2,
DATAFLOW,OECD.SDD.TPS:DSD_PRICES@DF_PRICES_ALL(1.0),,I,CHE,,Q,,N,,CPI,,PA,,_T,,N,,GY,,1996-Q3,,0.6081141,,A,,,,,,,,2,
DATAFLOW,OECD.SDD.TPS:DSD_PRICES@DF_PRICES_ALL(1.0),,I,CHE,,Q,,N,,CPI,,PA,,_T,,N,,GY,,1996-Q4,,0.7837127,,A,,,,,,,,2,
DATAFLOW,OECD.SDD.TPS:DSD_PRICES@DF_PRICES_ALL(1.0),,I,CHE,,Q,,N,,CPI,,PA,,_T,,N,,GY,,1997-Q1,,0.7325879,,A,,,,,,,,2,
DATAFLOW,OECD.SDD.TPS:DSD_PRICES@DF_PRICES_ALL(1.0),,I,CHE,,Q,,N,,CPI,,PA,,_T,,N,,GY,,1997-Q2,,0.526815,,A,,,,,,,,2,
DATAFLOW,OECD.SDD.TPS:DSD_PRICES@DF_PRICES_ALL(1.0),,I,CHE,,Q,,N,,CPI,,PA,,_T,,N,,GY,,1997-Q3,,0.4671831,,A,,,,,,,,2,
DATAFLOW,OECD.SDD.TPS:DSD_PRICES@DF_PRICES_ALL(1.0),,I,CHE,,Q,,N,,CPI,,PA,,_T,,N,,GY,,1997-Q4,,0.3549454,,A,,,,,,,,2,
DATAFLOW,OECD.SDD.TPS:DSD_PRICES@DF_PRICES_ALL(1.0),,I,CHE,,Q,,N,,CPI,,PA,,_T,,N,,GY,,1998-Q1,,0.003768187,,A,,,,,,,,2,
DATAFLOW,OECD.SDD.TPS:DSD_PRICES@DF_PRICES_ALL(1.0),,I,CHE,,Q,,N,,CPI,,PA,,_T,,N,,GY,,1998-Q2,,0.05351155,,A,,,,,,,,2,
DATAFLOW,OECD.SDD.TPS:DSD_PRICES@DF_PRICES_ALL(1.0),,I,CHE,,Q,,N,,CPI,,PA,,_T,,N,,GY,,1998-Q3,,0.09215239,,A,,,,,,,,2,
DATAFLOW,OECD.SDD.TPS:DSD_PRICES@DF_PRICES_ALL(1.0),,I,CHE,,Q,,N,,CPI,,PA,,_T,,N,,GY,,1998-Q4,,-0.07758929,,A,,,,,,,,2,
DATAFLOW,OECD.SDD.TPS:DSD_PRICES@DF_PRICES_ALL(1.0),,I,CHE,,Q,,N,,CPI,,PA,,_T,,N,,GY,,1999-Q1,,0.2760184,,A,,,,,,,,2,
DATAFLOW,OECD.SDD.TPS:DSD_PRICES@DF_PRICES_ALL(1.0),,I,CHE,,Q,,N,,CPI,,PA,,_T,,N,,GY,,1999-Q2,,0.5812104,,A,,,,,,,,2,
DATAFLOW,OECD.SDD.TPS:DSD_PRICES@DF_PRICES_ALL(1.0),,I,CHE,,Q,,N,,CPI,,PA,,_T,,N,,GY,,1999-Q3,,0.9662702,,A,,,,,,,,2,
DATAFLOW,OECD.SDD.TPS:DSD_PRICES@DF_PRICES_ALL(1.0),,I,CHE,,Q,,N,,CPI,,PA,,_T,,N,,GY,,1999-Q4,,1.402893,,A,,,,,,,,2,
DATAFLOW,OECD.SDD.TPS:DSD_PRICES@DF_PRICES_ALL(1.0),,I,CHE,,Q,,N,,CPI,,PA,,_T,,N,,GY,,2000-Q1,,1.563958,,A,,,,,,,,2,
DATAFLOW,OECD.SDD.TPS:DSD_PRICES@DF_PRICES_ALL(1.0),,I,CHE,,Q,,N,,CPI,,PA,,_T,,N,,GY,,2000-Q2,,1.607336,,A,,,,,,,,2,
DATAFLOW,OECD.SDD.TPS:DSD_PRICES@DF_PRICES_ALL(1.0),,I,CHE,,Q,,N,,CPI,,PA,,_T,,N,,GY,,2000-Q3,,1.483809,,A,,,,,,,,2,
DATAFLOW,OECD.SDD.TPS:DSD_PRICES@DF_PRICES_ALL(1.0),,I,CHE,,Q,,N,,CPI,,PA,,_T,,N,,GY,,2000-Q4,,1.579184,,A,,,,,,,,2,
DATAFLOW,OECD.SDD.TPS:DSD_PRICES@DF_PRICES_ALL(1.0),,I,CHE,,Q,,N,,CPI,,PA,,_T,,N,,GY,,2001-Q1,,1.016693,,A,,,,,,,,2,
DATAFLOW,OECD.SDD.TPS:DSD_PRICES@DF_PRICES_ALL(1.0),,I,CHE,,Q,,N,,CPI,,PA,,_T,,N,,GY,,2001-Q2,,1.504252,,A,,,,,,,,2,
DATAFLOW,OECD.SDD.TPS:DSD_PRICES@DF_PRICES_ALL(1.0),,I,CHE,,Q,,N,,CPI,,PA,,_T,,N,,GY,,2001-Q3,,1.025491,,A,,,,,,,,2,
DATAFLOW,OECD.SDD.TPS:DSD_PRICES@DF_PRICES_ALL(1.0),,I,CHE,,Q,,N,,CPI,,PA,,_T,,N,,GY,,2001-Q4,,0.4138341,,A,,,,,,,,2,
DATAFLOW,OECD.SDD.TPS:DSD_PRICES@DF_PRICES_ALL(1.0),,I,CHE,,Q,,N,,CPI,,PA,,_T,,N,,GY,,2002-Q1,,0.5617604,,A,,,,,,,,2,
DATAFLOW,OECD.SDD.TPS:DSD_PRICES@DF_PRICES_ALL(1.0),,I,CHE,,Q,,N,,CPI,,PA,,_T,,N,,GY,,2002-Q2,,0.689405,,A,,,,,,,,2,
DATAFLOW,OECD.SDD.TPS:DSD_PRICES@DF_PRICES_ALL(1.0),,I,CHE,,Q,,N,,CPI,,PA,,_T,,N,,GY,,2002-Q3,,0.3053551,,A,,,,,,,,2,
DATAFLOW,OECD.SDD.TPS:DSD_PRICES@DF_PRICES_ALL(1.0),,I,CHE,,Q,,N,,CPI,,PA,,_T,,N,,GY,,2002-Q4,,1.014421,,A,,,,,,,,2,
DATAFLOW,OECD.SDD.TPS:DSD_PRICES@DF_PRICES_ALL(1.0),,I,CHE,,Q,,N,,CPI,,PA,,_T,,N,,GY,,2003-Q1,,1.044933,,A,,,,,,,,2,
DATAFLOW,OECD.SDD.TPS:DSD_PRICES@DF_PRICES_ALL(1.0),,I,CHE,,Q,,N,,CPI,,PA,,_T,,N,,GY,,2003-Q2,,0.5446356,,A,,,,,,,,2,
DATAFLOW,OECD.SDD.TPS:DSD_PRICES@DF_PRICES_ALL(1.0),,I,CHE,,Q,,N,,CPI,,PA,,_T,,N,,GY,,2003-Q3,,0.4460655,,A,,,,,,,,2,
DATAFLOW,OECD.SDD.TPS:DSD_PRICES@DF_PRICES_ALL(1.0),,I,CHE,,Q,,N,,CPI,,PA,,_T,,N,,GY,,2003-Q4,,0.5199609,,A,,,,,,,,2,
DATAFLOW,OECD.SDD.TPS:DSD_PRICES@DF_PRICES_ALL(1.0),,I,CHE,,Q,,N,,CPI,,PA,,_T,,N,,GY,,2004-Q1,,0.05515156,,A,,,,,,,,2,
DATAFLOW,OECD.SDD.TPS:DSD_PRICES@DF_PRICES_ALL(1.0),,I,CHE,,Q,,N,,CPI,,PA,,_T,,N,,GY,,2004-Q2,,0.8657903,,A,,,,,,,,2,
DATAFLOW,OECD.SDD.TPS:DSD_PRICES@DF_PRICES_ALL(1.0),,I,CHE,,Q,,N,,CPI,,PA,,_T,,N,,GY,,2004-Q3,,0.908133,,A,,,,,,,,2,
DATAFLOW,OECD.SDD.TPS:DSD_PRICES@DF_PRICES_ALL(1.0),,I,CHE,,Q,,N,,CPI,,PA,,_T,,N,,GY,,2004-Q4,,1.380611,,A,,,,,,,,2,
DATAFLOW,OECD.SDD.TPS:DSD_PRICES@DF_PRICES_ALL(1.0),,I,CHE,,Q,,N,,CPI,,PA,,_T,,N,,GY,,2005-Q1,,1.352147,,A,,,,,,,,2,
DATAFLOW,OECD.SDD.TPS:DSD_PRICES@DF_PRICES_ALL(1.0),,I,CHE,,Q,,N,,CPI,,PA,,_T,,N,,GY,,2005-Q2,,1.059073,,A,,,,,,,,2,
DATAFLOW,OECD.SDD.TPS:DSD_PRICES@DF_PRICES_ALL(1.0),,I,CHE,,Q,,N,,CPI,,PA,,_T,,N,,GY,,2005-Q3,,1.182121,,A,,,,,,,,2,
DATAFLOW,OECD.SDD.TPS:DSD_PRICES@DF_PRICES_ALL(1.0),,I,CHE,,Q,,N,,CPI,,PA,,_T,,N,,GY,,2005-Q4,,1.097029,,A,,,,,,,,2,
DATAFLOW,OECD.SDD.TPS:DSD_PRICES@DF_PRICES_ALL(1.0),,I,CHE,,Q,,N,,CPI,,PA,,_T,,N,,GY,,2006-Q1,,1.23424,,A,,,,,,,,2,
DATAFLOW,OECD.SDD.TPS:DSD_PRICES@DF_PRICES_ALL(1.0),,I,CHE,,Q,,N,,CPI,,PA,,_T,,N,,GY,,2006-Q2,,1.327459,,A,,,,,,,,2,
DATAFLOW,OECD.SDD.TPS:DSD_PRICES@DF_PRICES_ALL(1.0),,I,CHE,,Q,,N,,CPI,,PA,,_T,,N,,GY,,2006-Q3,,1.222846,,A,,,,,,,,2,
DATAFLOW,OECD.SDD.TPS:DSD_PRICES@DF_PRICES_ALL(1.0),,I,CHE,,Q,,N,,CPI,,PA,,_T,,N,,GY,,2006-Q4,,0.4588559,,A,,,,,,,,2,
DATAFLOW,OECD.SDD.TPS:DSD_PRICES@DF_PRICES_ALL(1.0),,I,CHE,,Q,,N,,CPI,,PA,,_T,,N,,GY,,2007-Q1,,0.08777665,,A,,,,,,,,2,
DATAFLOW,OECD.SDD.TPS:DSD_PRICES@DF_PRICES_ALL(1.0),,I,CHE,,Q,,N,,CPI,,PA,,_T,,N,,GY,,2007-Q2,,0.5242772,,A,,,,,,,,2,
DATAFLOW,OECD.SDD.TPS:DSD_PRICES@DF_PRICES_ALL(1.0),,I,CHE,,Q,,N,,CPI,,PA,,_T,,N,,GY,,2007-Q3,,0.6343362,,A,,,,,,,,2,
DATAFLOW,OECD.SDD.TPS:DSD_PRICES@DF_PRICES_ALL(1.0),,I,CHE,,Q,,N,,CPI,,PA,,_T,,N,,GY,,2007-Q4,,1.679461,,A,,,,,,,,2,
DATAFLOW,OECD.SDD.TPS:DSD_PRICES@DF_PRICES_ALL(1.0),,I,CHE,,Q,,N,,CPI,,PA,,_T,,N,,GY,,2008-Q1,,2.473982,,A,,,,,,,,2,
DATAFLOW,OECD.SDD.TPS:DSD_PRICES@DF_PRICES_ALL(1.0),,I,CHE,,Q,,N,,CPI,,PA,,_T,,N,,GY,,2008-Q2,,2.684125,,A,,,,,,,,2,
DATAFLOW,OECD.SDD.TPS:DSD_PRICES@DF_PRICES_ALL(1.0),,I,CHE,,Q,,N,,CPI,,PA,,_T,,N,,GY,,2008-Q3,,2.974479,,A,,,,,,,,2,
DATAFLOW,OECD.SDD.TPS:DSD_PRICES@DF_PRICES_ALL(1.0),,I,CHE,,Q,,N,,CPI,,PA,,_T,,N,,GY,,2008-Q4,,1.581499,,A,,,,,,,,2,
DATAFLOW,OECD.SDD.TPS:DSD_PRICES@DF_PRICES_ALL(1.0),,I,CHE,,Q,,N,,CPI,,PA,,_T,,N,,GY,,2009-Q1,,-0.01638529,,A,,,,,,,,2,
DATAFLOW,OECD.SDD.TPS:DSD_PRICES@DF_PRICES_ALL(1.0),,I,CHE,,Q,,N,,CPI,,PA,,_T,,N,,GY,,2009-Q2,,-0.7498824,,A,,,,,,,,2,
DATAFLOW,OECD.SDD.TPS:DSD_PRICES@DF_PRICES_ALL(1.0),,I,CHE,,Q,,N,,CPI,,PA,,_T,,N,,GY,,2009-Q3,,-0.9702351,,A,,,,,,,,2,
DATAFLOW,OECD.SDD.TPS:DSD_PRICES@DF_PRICES_ALL(1.0),,I,CHE,,Q,,N,,CPI,,PA,,_T,,N,,GY,,2009-Q4,,-0.1779382,,A,,,,,,,,2,
DATAFLOW,OECD.SDD.TPS:DSD_PRICES@DF_PRICES_ALL(1.0),,I,CHE,,Q,,N,,CPI,,PA,,_T,,N,,GY,,2010-Q1,,1.118504,,A,,,,,,,,2,
DATAFLOW,OECD.SDD.TPS:DSD_PRICES@DF_PRICES_ALL(1.0),,I,CHE,,Q,,N,,CPI,,PA,,_T,,N,,GY,,2010-Q2,,0.9880827,,A,,,,,,,,2,
DATAFLOW,OECD.SDD.TPS:DSD_PRICES@DF_PRICES_ALL(1.0),,I,CHE,,Q,,N,,CPI,,PA,,_T,,N,,GY,,2010-Q3,,0.3316418,,A,,,,,,,,2,
DATAFLOW,OECD.SDD.TPS:DSD_PRICES@DF_PRICES_ALL(1.0),,I,CHE,,Q,,N,,CPI,,PA,,_T,,N,,GY,,2010-Q4,,0.3181066,,A,,,,,,,,2,
DATAFLOW,OECD.SDD.TPS:DSD_PRICES@DF_PRICES_ALL(1.0),,I,CHE,,Q,,N,,CPI,,PA,,_T,,N,,GY,,2011-Q1,,0.5979713,,A,,,,,,,,2,
DATAFLOW,OECD.SDD.TPS:DSD_PRICES@DF_PRICES_ALL(1.0),,I,CHE,,Q,,N,,CPI,,PA,,_T,,N,,GY,,2011-Q2,,0.3971071,,A,,,,,,,,2,
DATAFLOW,OECD.SDD.TPS:DSD_PRICES@DF_PRICES_ALL(1.0),,I,CHE,,Q,,N,,CPI,,PA,,_T,,N,,GY,,2011-Q3,,0.3833669,,A,,,,,,,,2,
DATAFLOW,OECD.SDD.TPS:DSD_PRICES@DF_PRICES_ALL(1.0),,I,CHE,,Q,,N,,CPI,,PA,,_T,,N,,GY,,2011-Q4,,-0.4512661,,A,,,,,,,,2,
DATAFLOW,OECD.SDD.TPS:DSD_PRICES@DF_PRICES_ALL(1.0),,I,CHE,,Q,,N,,CPI,,PA,,_T,,N,,GY,,2012-Q1,,-0.8760378,,A,,,,,,,,2,
DATAFLOW,OECD.SDD.TPS:DSD_PRICES@DF_PRICES_ALL(1.0),,I,CHE,,Q,,N,,CPI,,PA,,_T,,N,,GY,,2012-Q2,,-1.018959,,A,,,,,,,,2,
DATAFLOW,OECD.SDD.TPS:DSD_PRICES@DF_PRICES_ALL(1.0),,I,CHE,,Q,,N,,CPI,,PA,,_T,,N,,GY,,2012-Q3,,-0.5262947,,A,,,,,,,,2,
DATAFLOW,OECD.SDD.TPS:DSD_PRICES@DF_PRICES_ALL(1.0),,I,CHE,,Q,,N,,CPI,,PA,,_T,,N,,GY,,2012-Q4,,-0.3438655,,A,,,,,,,,2,
DATAFLOW,OECD.SDD.TPS:DSD_PRICES@DF_PRICES_ALL(1.0),,I,CHE,,Q,,N,,CPI,,PA,,_T,,N,,GY,,2013-Q1,,-0.3736483,,A,,,,,,,,2,
DATAFLOW,OECD.SDD.TPS:DSD_PRICES@DF_PRICES_ALL(1.0),,I,CHE,,Q,,N,,CPI,,PA,,_T,,N,,GY,,2013-Q2,,-0.4235046,,A,,,,,,,,2,
DATAFLOW,OECD.SDD.TPS:DSD_PRICES@DF_PRICES_ALL(1.0),,I,CHE,,Q,,N,,CPI,,PA,,_T,,N,,GY,,2013-Q3,,-0.03427475,,A,,,,,,,,2,
DATAFLOW,OECD.SDD.TPS:DSD_PRICES@DF_PRICES_ALL(1.0),,I,CHE,,Q,,N,,CPI,,PA,,_T,,N,,GY,,2013-Q4,,-0.03644288,,A,,,,,,,,2,
DATAFLOW,OECD.SDD.TPS:DSD_PRICES@DF_PRICES_ALL(1.0),,I,CHE,,Q,,N,,CPI,,PA,,_T,,N,,GY,,2014-Q1,,-0.0280278,,A,,,,,,,,2,
DATAFLOW,OECD.SDD.TPS:DSD_PRICES@DF_PRICES_ALL(1.0),,I,CHE,,Q,,N,,CPI,,PA,,_T,,N,,GY,,2014-Q2,,0.1028157,,A,,,,,,,,2,
DATAFLOW,OECD.SDD.TPS:DSD_PRICES@DF_PRICES_ALL(1.0),,I,CHE,,Q,,N,,CPI,,PA,,_T,,N,,GY,,2014-Q3,,0.005251978,,A,,,,,,,,2,
DATAFLOW,OECD.SDD.TPS:DSD_PRICES@DF_PRICES_ALL(1.0),,I,CHE,,Q,,N,,CPI,,PA,,_T,,N,,GY,,2014-Q4,,-0.1330782,,A,,,,,,,,2,
DATAFLOW,OECD.SDD.TPS:DSD_PRICES@DF_PRICES_ALL(1.0),,I,CHE,,Q,,N,,CPI,,PA,,_T,,N,,GY,,2015-Q1,,-0.7334286,,A,,,,,,,,2,
DATAFLOW,OECD.SDD.TPS:DSD_PRICES@DF_PRICES_ALL(1.0),,I,CHE,,Q,,N,,CPI,,PA,,_T,,N,,GY,,2015-Q2,,-1.113939,,A,,,,,,,,2,
DATAFLOW,OECD.SDD.TPS:DSD_PRICES@DF_PRICES_ALL(1.0),,I,CHE,,Q,,N,,CPI,,PA,,_T,,N,,GY,,2015-Q3,,-1.374063,,A,,,,,,,,2,
DATAFLOW,OECD.SDD.TPS:DSD_PRICES@DF_PRICES_ALL(1.0),,I,CHE,,Q,,N,,CPI,,PA,,_T,,N,,GY,,2015-Q4,,-1.353652,,A,,,,,,,,2,
DATAFLOW,OECD.SDD.TPS:DSD_PRICES@DF_PRICES_ALL(1.0),,I,CHE,,Q,,N,,CPI,,PA,,_T,,N,,GY,,2016-Q1,,-0.9853968,,A,,,,,,,,2,
DATAFLOW,OECD.SDD.TPS:DSD_PRICES@DF_PRICES_ALL(1.0),,I,CHE,,Q,,N,,CPI,,PA,,_T,,N,,GY,,2016-Q2,,-0.3886943,,A,,,,,,,,2,
DATAFLOW,OECD.SDD.TPS:DSD_PRICES@DF_PRICES_ALL(1.0),,I,CHE,,Q,,N,,CPI,,PA,,_T,,N,,GY,,2016-Q3,,-0.1758546,,A,,,,,,,,2,
DATAFLOW,OECD.SDD.TPS:DSD_PRICES@DF_PRICES_ALL(1.0),,I,CHE,,Q,,N,,CPI,,PA,,_T,,N,,GY,,2016-Q4,,-0.1861681,,A,,,,,,,,2,
DATAFLOW,OECD.SDD.TPS:DSD_PRICES@DF_PRICES_ALL(1.0),,I,CHE,,Q,,N,,CPI,,PA,,_T,,N,,GY,,2017-Q1,,0.5210742,,A,,,,,,,,2,
DATAFLOW,OECD.SDD.TPS:DSD_PRICES@DF_PRICES_ALL(1.0),,I,CHE,,Q,,N,,CPI,,PA,,_T,,N,,GY,,2017-Q2,,0.3713557,,A,,,,,,,,2,
DATAFLOW,OECD.SDD.TPS:DSD_PRICES@DF_PRICES_ALL(1.0),,I,CHE,,Q,,N,,CPI,,PA,,_T,,N,,GY,,2017-Q3,,0.4813237,,A,,,,,,,,2,
DATAFLOW,OECD.SDD.TPS:DSD_PRICES@DF_PRICES_ALL(1.0),,I,CHE,,Q,,N,,CPI,,PA,,_T,,N,,GY,,2017-Q4,,0.762147,,A,,,,,,,,2,
DATAFLOW,OECD.SDD.TPS:DSD_PRICES@DF_PRICES_ALL(1.0),,I,CHE,,Q,,N,,CPI,,PA,,_T,,N,,GY,,2018-Q1,,0.7212598,,A,,,,,,,,2,
DATAFLOW,OECD.SDD.TPS:DSD_PRICES@DF_PRICES_ALL(1.0),,I,CHE,,Q,,N,,CPI,,PA,,_T,,N,,GY,,2018-Q2,,0.9830431,,A,,,,,,,,2,
DATAFLOW,OECD.SDD.TPS:DSD_PRICES@DF_PRICES_ALL(1.0),,I,CHE,,Q,,N,,CPI,,PA,,_T,,N,,GY,,2018-Q3,,1.13349,,A,,,,,,,,2,
DATAFLOW,OECD.SDD.TPS:DSD_PRICES@DF_PRICES_ALL(1.0),,I,CHE,,Q,,N,,CPI,,PA,,_T,,N,,GY,,2018-Q4,,0.9067588,,A,,,,,,,,2,
DATAFLOW,OECD.SDD.TPS:DSD_PRICES@DF_PRICES_ALL(1.0),,I,CHE,,Q,,N,,CPI,,PA,,_T,,N,,GY,,2019-Q1,,0.6227953,,A,,,,,,,,2,
DATAFLOW,OECD.SDD.TPS:DSD_PRICES@DF_PRICES_ALL(1.0),,I,CHE,,Q,,N,,CPI,,PA,,_T,,N,,GY,,2019-Q2,,0.647432,,A,,,,,,,,2,
DATAFLOW,OECD.SDD.TPS:DSD_PRICES@DF_PRICES_ALL(1.0),,I,CHE,,Q,,N,,CPI,,PA,,_T,,N,,GY,,2019-Q3,,0.2593236,,A,,,,,,,,2,
DATAFLOW,OECD.SDD.TPS:DSD_PRICES@DF_PRICES_ALL(1.0),,I,CHE,,Q,,N,,CPI,,PA,,_T,,N,,GY,,2019-Q4,,-0.07652739,,A,,,,,,,,2,
DATAFLOW,OECD.SDD.TPS:DSD_PRICES@DF_PRICES_ALL(1.0),,I,CHE,,Q,,N,,CPI,,PA,,_T,,N,,GY,,2020-Q1,,-0.1261417,,A,,,,,,,,2,
DATAFLOW,OECD.SDD.TPS:DSD_PRICES@DF_PRICES_ALL(1.0),,I,CHE,,Q,,N,,CPI,,PA,,_T,,N,,GY,,2020-Q2,,-1.220927,,A,,,,,,,,2,
DATAFLOW,OECD.SDD.TPS:DSD_PRICES@DF_PRICES_ALL(1.0),,I,CHE,,Q,,N,,CPI,,PA,,_T,,N,,GY,,2020-Q3,,-0.8620005,,A,,,,,,,,2,
DATAFLOW,OECD.SDD.TPS:DSD_PRICES@DF_PRICES_ALL(1.0),,I,CHE,,Q,,N,,CPI,,PA,,_T,,N,,GY,,2020-Q4,,-0.6896046,,A,,,,,,,,2,
DATAFLOW,OECD.SDD.TPS:DSD_PRICES@DF_PRICES_ALL(1.0),,I,CHE,,Q,,N,,CPI,,PA,,_T,,N,,GY,,2021-Q1,,-0.4310983,,A,,,,,,,,2,
DATAFLOW,OECD.SDD.TPS:DSD_PRICES@DF_PRICES_ALL(1.0),,I,CHE,,Q,,N,,CPI,,PA,,_T,,N,,GY,,2021-Q2,,0.49446,,A,,,,,,,,2,
DATAFLOW,OECD.SDD.TPS:DSD_PRICES@DF_PRICES_ALL(1.0),,I,CHE,,Q,,N,,CPI,,PA,,_T,,N,,GY,,2021-Q3,,0.8342547,,A,,,,,,,,2,
DATAFLOW,OECD.SDD.TPS:DSD_PRICES@DF_PRICES_ALL(1.0),,I,CHE,,Q,,N,,CPI,,PA,,_T,,N,,GY,,2021-Q4,,1.435084,,A,,,,,,,,2,
DATAFLOW,OECD.SDD.TPS:DSD_PRICES@DF_PRICES_ALL(1.0),,I,CHE,,Q,,N,,CPI,,PA,,_T,,N,,GY,,2022-Q1,,2.062541,,A,,,,,,,,2,
DATAFLOW,OECD.SDD.TPS:DSD_PRICES@DF_PRICES_ALL(1.0),,I,CHE,,Q,,N,,CPI,,PA,,_T,,N,,GY,,2022-Q2,,2.958964,,A,,,,,,,,2,
DATAFLOW,OECD.SDD.TPS:DSD_PRICES@DF_PRICES_ALL(1.0),,I,CHE,,Q,,N,,CPI,,PA,,_T,,N,,GY,,2022-Q3,,3.379309,,A,,,,,,,,2,
DATAFLOW,OECD.SDD.TPS:DSD_PRICES@DF_PRICES_ALL(1.0),,I,CHE,,Q,,N,,CPI,,PA,,_T,,N,,GY,,2022-Q4,,2.932198,,A,,,,,,,,2,
DATAFLOW,OECD.SDD.TPS:DSD_PRICES@DF_PRICES_ALL(1.0),,I,CHE,,Q,,N,,CPI,,PA,,_T,,N,,GY,,2023-Q1,,3.199217,,A,,,,,,,,2,
DATAFLOW,OECD.SDD.TPS:DSD_PRICES@DF_PRICES_ALL(1.0),,I,CHE,,Q,,N,,CPI,,PA,,_T,,N,,GY,,2023-Q2,,2.14334,,A,,,,,,,,2,
DATAFLOW,OECD.SDD.TPS:DSD_PRICES@DF_PRICES_ALL(1.0),,I,CHE,,Q,,N,,CPI,,PA,,_T,,N,,GY,,2023-Q3,,1.604662,,A,,,,,,,,2,
DATAFLOW,OECD.SDD.TPS:DSD_PRICES@DF_PRICES_ALL(1.0),,I,CHE,,Q,,N,,CPI,,PA,,_T,,N,,GY,,2023-Q4,,1.61726,,A,,,,,,,,2,
DATAFLOW,OECD.SDD.TPS:DSD_PRICES@DF_PRICES_ALL(1.0),,I,CHE,,Q,,N,,CPI,,PA,,_T,,N,,GY,,2024-Q1,,1.163635,,A,,,,,,,,2,
DATAFLOW,OECD.SDD.TPS:DSD_PRICES@DF_PRICES_ALL(1.0),,I,CHE,,Q,,N,,CPI,,PA,,_T,,N,,GY,,2024-Q2,,1.361983,,A,,,,,,,,2,
DATAFLOW,OECD.SDD.TPS:DSD_PRICES@DF_PRICES_ALL(1.0),,I,CHE,,Q,,N,,CPI,,PA,,_T,,N,,GY,,2024-Q3,,1.064545,,A,,,,,,,,2,
DATAFLOW,OECD.SDD.TPS:DSD_PRICES@DF_PRICES_ALL(1.0),,I,CHE,,Q,,N,,CPI,,PA,,_T,,N,,GY,,2024-Q4,,0.6600044,,A,,,,,,,,2,
DATAFLOW,OECD.SDD.TPS:DSD_PRICES@DF_PRICES_ALL(1.0),,I,CHE,,Q,,N,,CPI,,PA,,_T,,N,,GY,,2025-Q1,,0.3561095,,A,,,,,,,,2,
DATAFLOW,OECD.SDD.TPS:DSD_PRICES@DF_PRICES_ALL(1.0),,I,CHE,,Q,,N,,CPI,,PA,,_T,,N,,GY,,2025-Q2,,0.00411897,,A,,,,,,,,2,
DATAFLOW,OECD.SDD.TPS:DSD_PRICES@DF_PRICES_ALL(1.0),,I,CHE,,Q,,N,,CPI,,PA,,_T,,N,,GY,,2025-Q3,,0.1981553,,A,,,,,,,,2,
DATAFLOW,OECD.SDD.TPS:DSD_PRICES@DF_PRICES_ALL(1.0),,I,CHE,,Q,,N,,CPI,,PA,,_T,,N,,GY,,2025-Q4,,0.0600858,,A,,,,,,,,2,
DATAFLOW,OECD.SDD.TPS:DSD_PRICES@DF_PRICES_ALL(1.0),,I,IND,,Q,,N,,CPI,,PA,,_T,,N,,GY,,1996-Q3,,8.571428,,A,,,,,,,,2,
DATAFLOW,OECD.SDD.TPS:DSD_PRICES@DF_PRICES_ALL(1.0),,I,IND,,Q,,N,,CPI,,PA,,_T,,N,,GY,,1996-Q4,,9.195402,,A,,,,,,,,2,
DATAFLOW,OECD.SDD.TPS:DSD_PRICES@DF_PRICES_ALL(1.0),,I,IND,,Q,,N,,CPI,,PA,,_T,,N,,GY,,1997-Q1,,10.63158,,A,,,,,,,,2,
DATAFLOW,OECD.SDD.TPS:DSD_PRICES@DF_PRICES_ALL(1.0),,I,IND,,Q,,N,,CPI,,PA,,_T,,N,,GY,,1997-Q2,,7.715736,,A,,,,,,,,2,
DATAFLOW,OECD.SDD.TPS:DSD_PRICES@DF_PRICES_ALL(1.0),,I,IND,,Q,,N,,CPI,,PA,,_T,,N,,GY,,1997-Q3,,5.068226,,A,,,,,,,,2,
DATAFLOW,OECD.SDD.TPS:DSD_PRICES@DF_PRICES_ALL(1.0),,I,IND,,Q,,N,,CPI,,PA,,_T,,N,,GY,,1997-Q4,,5.550239,,A,,,,,,,,2,
DATAFLOW,OECD.SDD.TPS:DSD_PRICES@DF_PRICES_ALL(1.0),,I,IND,,Q,,N,,CPI,,PA,,_T,,N,,GY,,1998-Q1,,9.03901,,A,,,,,,,,2,
DATAFLOW,OECD.SDD.TPS:DSD_PRICES@DF_PRICES_ALL(1.0),,I,IND,,Q,,N,,CPI,,PA,,_T,,N,,GY,,1998-Q2,,10.36758,,A,,,,,,,,2,
DATAFLOW,OECD.SDD.TPS:DSD_PRICES@DF_PRICES_ALL(1.0),,I,IND,,Q,,N,,CPI,,PA,,_T,,N,,GY,,1998-Q3,,15.39889,,A,,,,,,,,2,
DATAFLOW,OECD.SDD.TPS:DSD_PRICES@DF_PRICES_ALL(1.0),,I,IND,,Q,,N,,CPI,,PA,,_T,,N,,GY,,1998-Q4,,17.86038,,A,,,,,,,,2,
DATAFLOW,OECD.SDD.TPS:DSD_PRICES@DF_PRICES_ALL(1.0),,I,IND,,Q,,N,,CPI,,PA,,_T,,N,,GY,,1999-Q1,,8.987783,,A,,,,,,,,2,
DATAFLOW,OECD.SDD.TPS:DSD_PRICES@DF_PRICES_ALL(1.0),,I,IND,,Q,,N,,CPI,,PA,,_T,,N,,GY,,1999-Q2,,7.087959,,A,,,,,,,,2,
DATAFLOW,OECD.SDD.TPS:DSD_PRICES@DF_PRICES_ALL(1.0),,I,IND,,Q,,N,,CPI,,PA,,_T,,N,,GY,,1999-Q3,,2.813505,,A,,,,,,,,2,
DATAFLOW,OECD.SDD.TPS:DSD_PRICES@DF_PRICES_ALL(1.0),,I,IND,,Q,,N,,CPI,,PA,,_T,,N,,GY,,1999-Q4,,0.4615385,,A,,,,,,,,2,
DATAFLOW,OECD.SDD.TPS:DSD_PRICES@DF_PRICES_ALL(1.0),,I,IND,,Q,,N,,CPI,,PA,,_T,,N,,GY,,2000-Q1,,3.682946,,A,,,,,,,,2,
DATAFLOW,OECD.SDD.TPS:DSD_PRICES@DF_PRICES_ALL(1.0),,I,IND,,Q,,N,,CPI,,PA,,_T,,N,,GY,,2000-Q2,,5.263158,,A,,,,,,,,2,
DATAFLOW,OECD.SDD.TPS:DSD_PRICES@DF_PRICES_ALL(1.0),,I,IND,,Q,,N,,CPI,,PA,,_T,,N,,GY,,2000-Q3,,4.143862,,A,,,,,,,,2,
DATAFLOW,OECD.SDD.TPS:DSD_PRICES@DF_PRICES_ALL(1.0),,I,IND,,Q,,N,,CPI,,PA,,_T,,N,,GY,,2000-Q4,,2.986217,,A,,,,,,,,2,
DATAFLOW,OECD.SDD.TPS:DSD_PRICES@DF_PRICES_ALL(1.0),,I,IND,,Q,,N,,CPI,,PA,,_T,,N,,GY,,2001-Q1,,2.934363,,A,,,,,,,,2,
DATAFLOW,OECD.SDD.TPS:DSD_PRICES@DF_PRICES_ALL(1.0),,I,IND,,Q,,N,,CPI,,PA,,_T,,N,,GY,,2001-Q2,,2.727273,,A,,,,,,,,2,
DATAFLOW,OECD.SDD.TPS:DSD_PRICES@DF_PRICES_ALL(1.0),,I,IND,,Q,,N,,CPI,,PA,,_T,,N,,GY,,2001-Q3,,4.654655,,A,,,,,,,,2,
DATAFLOW,OECD.SDD.TPS:DSD_PRICES@DF_PRICES_ALL(1.0),,I,IND,,Q,,N,,CPI,,PA,,_T,,N,,GY,,2001-Q4,,4.758364,,A,,,,,,,,2,
DATAFLOW,OECD.SDD.TPS:DSD_PRICES@DF_PRICES_ALL(1.0),,I,IND,,Q,,N,,CPI,,PA,,_T,,N,,GY,,2002-Q1,,5.101275,,A,,,,,,,,2,
DATAFLOW,OECD.SDD.TPS:DSD_PRICES@DF_PRICES_ALL(1.0),,I,IND,,Q,,N,,CPI,,PA,,_T,,N,,GY,,2002-Q2,,4.498525,,A,,,,,,,,2,
DATAFLOW,OECD.SDD.TPS:DSD_PRICES@DF_PRICES_ALL(1.0),,I,IND,,Q,,N,,CPI,,PA,,_T,,N,,GY,,2002-Q3,,4.017217,,A,,,,,,,,2,
DATAFLOW,OECD.SDD.TPS:DSD_PRICES@DF_PRICES_ALL(1.0),,I,IND,,Q,,N,,CPI,,PA,,_T,,N,,GY,,2002-Q4,,3.619588,,A,,,,,,,,2,
DATAFLOW,OECD.SDD.TPS:DSD_PRICES@DF_PRICES_ALL(1.0),,I,IND,,Q,,N,,CPI,,PA,,_T,,N,,GY,,2003-Q1,,3.783012,,A,,,,,,,,2,
DATAFLOW,OECD.SDD.TPS:DSD_PRICES@DF_PRICES_ALL(1.0),,I,IND,,Q,,N,,CPI,,PA,,_T,,N,,GY,,2003-Q2,,4.728299,,A,,,,,,,,2,
DATAFLOW,OECD.SDD.TPS:DSD_PRICES@DF_PRICES_ALL(1.0),,I,IND,,Q,,N,,CPI,,PA,,_T,,N,,GY,,2003-Q3,,3.37931,,A,,,,,,,,2,
DATAFLOW,OECD.SDD.TPS:DSD_PRICES@DF_PRICES_ALL(1.0),,I,IND,,Q,,N,,CPI,,PA,,_T,,N,,GY,,2003-Q4,,3.356164,,A,,,,,,,,2,
DATAFLOW,OECD.SDD.TPS:DSD_PRICES@DF_PRICES_ALL(1.0),,I,IND,,Q,,N,,CPI,,PA,,_T,,N,,GY,,2004-Q1,,3.988996,,A,,,,,,,,2,
DATAFLOW,OECD.SDD.TPS:DSD_PRICES@DF_PRICES_ALL(1.0),,I,IND,,Q,,N,,CPI,,PA,,_T,,N,,GY,,2004-Q2,,2.695418,,A,,,,,,,,2,
DATAFLOW,OECD.SDD.TPS:DSD_PRICES@DF_PRICES_ALL(1.0),,I,IND,,Q,,N,,CPI,,PA,,_T,,N,,GY,,2004-Q3,,4.202802,,A,,,,,,,,2,
DATAFLOW,OECD.SDD.TPS:DSD_PRICES@DF_PRICES_ALL(1.0),,I,IND,,Q,,N,,CPI,,PA,,_T,,N,,GY,,2004-Q4,,4.17495,,A,,,,,,,,2,
DATAFLOW,OECD.SDD.TPS:DSD_PRICES@DF_PRICES_ALL(1.0),,I,IND,,Q,,N,,CPI,,PA,,_T,,N,,GY,,2005-Q1,,4.232804,,A,,,,,,,,2,
DATAFLOW,OECD.SDD.TPS:DSD_PRICES@DF_PRICES_ALL(1.0),,I,IND,,Q,,N,,CPI,,PA,,_T,,N,,GY,,2005-Q2,,4.002625,,A,,,,,,,,2,
DATAFLOW,OECD.SDD.TPS:DSD_PRICES@DF_PRICES_ALL(1.0),,I,IND,,Q,,N,,CPI,,PA,,_T,,N,,GY,,2005-Q3,,3.713188,,A,,,,,,,,2,
DATAFLOW,OECD.SDD.TPS:DSD_PRICES@DF_PRICES_ALL(1.0),,I,IND,,Q,,N,,CPI,,PA,,_T,,N,,GY,,2005-Q4,,5.025445,,A,,,,,,,,2,
DATAFLOW,OECD.SDD.TPS:DSD_PRICES@DF_PRICES_ALL(1.0),,I,IND,,Q,,N,,CPI,,PA,,_T,,N,,GY,,2006-Q1,,4.505076,,A,,,,,,,,2,
DATAFLOW,OECD.SDD.TPS:DSD_PRICES@DF_PRICES_ALL(1.0),,I,IND,,Q,,N,,CPI,,PA,,_T,,N,,GY,,2006-Q2,,5.949156,,A,,,,,,,,2,
DATAFLOW,OECD.SDD.TPS:DSD_PRICES@DF_PRICES_ALL(1.0),,I,IND,,Q,,N,,CPI,,PA,,_T,,N,,GY,,2006-Q3,,6.223156,,A,,,,,,,,2,
DATAFLOW,OECD.SDD.TPS:DSD_PRICES@DF_PRICES_ALL(1.0),,I,IND,,Q,,N,,CPI,,PA,,_T,,N,,GY,,2006-Q4,,6.464124,,A,,,,,,,,2,
DATAFLOW,OECD.SDD.TPS:DSD_PRICES@DF_PRICES_ALL(1.0),,I,IND,,Q,,N,,CPI,,PA,,_T,,N,,GY,,2007-Q1,,7.002801,,A,,,,,,,,2,
DATAFLOW,OECD.SDD.TPS:DSD_PRICES@DF_PRICES_ALL(1.0),,I,IND,,Q,,N,,CPI,,PA,,_T,,N,,GY,,2007-Q2,,6.318681,,A,,,,,,,,2,
DATAFLOW,OECD.SDD.TPS:DSD_PRICES@DF_PRICES_ALL(1.0),,I,IND,,Q,,N,,CPI,,PA,,_T,,N,,GY,,2007-Q3,,6.702413,,A,,,,,,,,2,
DATAFLOW,OECD.SDD.TPS:DSD_PRICES@DF_PRICES_ALL(1.0),,I,IND,,Q,,N,,CPI,,PA,,_T,,N,,GY,,2007-Q4,,5.511811,,A,,,,,,,,2,
DATAFLOW,OECD.SDD.TPS:DSD_PRICES@DF_PRICES_ALL(1.0),,I,IND,,Q,,N,,CPI,,PA,,_T,,N,,GY,,2008-Q1,,6.282722,,A,,,,,,,,2,
DATAFLOW,OECD.SDD.TPS:DSD_PRICES@DF_PRICES_ALL(1.0),,I,IND,,Q,,N,,CPI,,PA,,_T,,N,,GY,,2008-Q2,,7.751938,,A,,,,,,,,2,
DATAFLOW,OECD.SDD.TPS:DSD_PRICES@DF_PRICES_ALL(1.0),,I,IND,,Q,,N,,CPI,,PA,,_T,,N,,GY,,2008-Q3,,9.045226,,A,,,,,,,,2,
DATAFLOW,OECD.SDD.TPS:DSD_PRICES@DF_PRICES_ALL(1.0),,I,IND,,Q,,N,,CPI,,PA,,_T,,N,,GY,,2008-Q4,,10.19901,,A,,,,,,,,2,
DATAFLOW,OECD.SDD.TPS:DSD_PRICES@DF_PRICES_ALL(1.0),,I,IND,,Q,,N,,CPI,,PA,,_T,,N,,GY,,2009-Q1,,9.359606,,A,,,,,,,,2,
DATAFLOW,OECD.SDD.TPS:DSD_PRICES@DF_PRICES_ALL(1.0),,I,IND,,Q,,N,,CPI,,PA,,_T,,N,,GY,,2009-Q2,,8.872902,,A,,,,,,,,2,
DATAFLOW,OECD.SDD.TPS:DSD_PRICES@DF_PRICES_ALL(1.0),,I,IND,,Q,,N,,CPI,,PA,,_T,,N,,GY,,2009-Q3,,11.75115,,A,,,,,,,,2,
DATAFLOW,OECD.SDD.TPS:DSD_PRICES@DF_PRICES_ALL(1.0),,I,IND,,Q,,N,,CPI,,PA,,_T,,N,,GY,,2009-Q4,,13.31828,,A,,,,,,,,2,
DATAFLOW,OECD.SDD.TPS:DSD_PRICES@DF_PRICES_ALL(1.0),,I,IND,,Q,,N,,CPI,,PA,,_T,,N,,GY,,2010-Q1,,15.31532,,A,,,,,,,,2,
DATAFLOW,OECD.SDD.TPS:DSD_PRICES@DF_PRICES_ALL(1.0),,I,IND,,Q,,N,,CPI,,PA,,_T,,N,,GY,,2010-Q2,,13.65639,,A,,,,,,,,2,
DATAFLOW,OECD.SDD.TPS:DSD_PRICES@DF_PRICES_ALL(1.0),,I,IND,,Q,,N,,CPI,,PA,,_T,,N,,GY,,2010-Q3,,10.30928,,A,,,,,,,,2,
DATAFLOW,OECD.SDD.TPS:DSD_PRICES@DF_PRICES_ALL(1.0),,I,IND,,Q,,N,,CPI,,PA,,_T,,N,,GY,,2010-Q4,,9.163346,,A,,,,,,,,2,
DATAFLOW,OECD.SDD.TPS:DSD_PRICES@DF_PRICES_ALL(1.0),,I,IND,,Q,,N,,CPI,,PA,,_T,,N,,GY,,2011-Q1,,8.984375,,A,,,,,,,,2,
DATAFLOW,OECD.SDD.TPS:DSD_PRICES@DF_PRICES_ALL(1.0),,I,IND,,Q,,N,,CPI,,PA,,_T,,N,,GY,,2011-Q2,,8.914729,,A,,,,,,,,2,
DATAFLOW,OECD.SDD.TPS:DSD_PRICES@DF_PRICES_ALL(1.0),,I,IND,,Q,,N,,CPI,,PA,,_T,,N,,GY,,2011-Q3,,9.158878,,A,,,,,,,,2,
DATAFLOW,OECD.SDD.TPS:DSD_PRICES@DF_PRICES_ALL(1.0),,I,IND,,Q,,N,,CPI,,PA,,_T,,N,,GY,,2011-Q4,,8.39416,,A,,,,,,,,2,
DATAFLOW,OECD.SDD.TPS:DSD_PRICES@DF_PRICES_ALL(1.0),,I,IND,,Q,,N,,CPI,,PA,,_T,,N,,GY,,2012-Q1,,7.168459,,A,,,,,,,,2,
DATAFLOW,OECD.SDD.TPS:DSD_PRICES@DF_PRICES_ALL(1.0),,I,IND,,Q,,N,,CPI,,PA,,_T,,N,,GY,,2012-Q2,,10.14235,,A,,,,,,,,2,
DATAFLOW,OECD.SDD.TPS:DSD_PRICES@DF_PRICES_ALL(1.0),,I,IND,,Q,,N,,CPI,,PA,,_T,,N,,GY,,2012-Q3,,9.760274,,A,,,,,,,,2,
DATAFLOW,OECD.SDD.TPS:DSD_PRICES@DF_PRICES_ALL(1.0),,I,IND,,Q,,N,,CPI,,PA,,_T,,N,,GY,,2012-Q4,,10.10101,,A,,,,,,,,2,
DATAFLOW,OECD.SDD.TPS:DSD_PRICES@DF_PRICES_ALL(1.0),,I,IND,,Q,,N,,CPI,,PA,,_T,,N,,GY,,2013-Q1,,11.70569,,A,,,,,,,,2,
DATAFLOW,OECD.SDD.TPS:DSD_PRICES@DF_PRICES_ALL(1.0),,I,IND,,Q,,N,,CPI,,PA,,_T,,N,,GY,,2013-Q2,,10.66236,,A,,,,,,,,2,
DATAFLOW,OECD.SDD.TPS:DSD_PRICES@DF_PRICES_ALL(1.0),,I,IND,,Q,,N,,CPI,,PA,,_T,,N,,GY,,2013-Q3,,10.76443,,A,,,,,,,,2,
DATAFLOW,OECD.SDD.TPS:DSD_PRICES@DF_PRICES_ALL(1.0),,I,IND,,Q,,N,,CPI,,PA,,_T,,N,,GY,,2013-Q4,,10.55046,,A,,,,,,,,2,
DATAFLOW,OECD.SDD.TPS:DSD_PRICES@DF_PRICES_ALL(1.0),,I,IND,,Q,,N,,CPI,,PA,,_T,,N,,GY,,2014-Q1,,6.886228,,A,,,,,,,,2,
DATAFLOW,OECD.SDD.TPS:DSD_PRICES@DF_PRICES_ALL(1.0),,I,IND,,Q,,N,,CPI,,PA,,_T,,N,,GY,,2014-Q2,,6.861314,,A,,,,,,,,2,
DATAFLOW,OECD.SDD.TPS:DSD_PRICES@DF_PRICES_ALL(1.0),,I,IND,,Q,,N,,CPI,,PA,,_T,,N,,GY,,2014-Q3,,6.760563,,A,,,,,,,,2,
DATAFLOW,OECD.SDD.TPS:DSD_PRICES@DF_PRICES_ALL(1.0),,I,IND,,Q,,N,,CPI,,PA,,_T,,N,,GY,,2014-Q4,,4.979253,,A,,,,,,,,2,
DATAFLOW,OECD.SDD.TPS:DSD_PRICES@DF_PRICES_ALL(1.0),,I,IND,,Q,,N,,CPI,,PA,,_T,,N,,GY,,2015-Q1,,6.582633,,A,,,,,,,,2,
DATAFLOW,OECD.SDD.TPS:DSD_PRICES@DF_PRICES_ALL(1.0),,I,IND,,Q,,N,,CPI,,PA,,_T,,N,,GY,,2015-Q2,,5.874317,,A,,,,,,,,2,
DATAFLOW,OECD.SDD.TPS:DSD_PRICES@DF_PRICES_ALL(1.0),,I,IND,,Q,,N,,CPI,,PA,,_T,,N,,GY,,2015-Q3,,4.617414,,A,,,,,,,,2,
DATAFLOW,OECD.SDD.TPS:DSD_PRICES@DF_PRICES_ALL(1.0),,I,IND,,Q,,N,,CPI,,PA,,_T,,N,,GY,,2015-Q4,,6.455863,,A,,,,,,,,2,
DATAFLOW,OECD.SDD.TPS:DSD_PRICES@DF_PRICES_ALL(1.0),,I,IND,,Q,,N,,CPI,,PA,,_T,,N,,GY,,2016-Q1,,5.65046,,A,,,,,,,,2,
DATAFLOW,OECD.SDD.TPS:DSD_PRICES@DF_PRICES_ALL(1.0),,I,IND,,Q,,N,,CPI,,PA,,_T,,N,,GY,,2016-Q2,,6.193548,,A,,,,,,,,2,
DATAFLOW,OECD.SDD.TPS:DSD_PRICES@DF_PRICES_ALL(1.0),,I,IND,,Q,,N,,CPI,,PA,,_T,,N,,GY,,2016-Q3,,5.296343,,A,,,,,,,,2,
DATAFLOW,OECD.SDD.TPS:DSD_PRICES@DF_PRICES_ALL(1.0),,I,IND,,Q,,N,,CPI,,PA,,_T,,N,,GY,,2016-Q4,,2.722772,,A,,,,,,,,2,
DATAFLOW,OECD.SDD.TPS:DSD_PRICES@DF_PRICES_ALL(1.0),,I,IND,,Q,,N,,CPI,,PA,,_T,,N,,GY,,2017-Q1,,2.363184,,A,,,,,,,,2,
DATAFLOW,OECD.SDD.TPS:DSD_PRICES@DF_PRICES_ALL(1.0),,I,IND,,Q,,N,,CPI,,PA,,_T,,N,,GY,,2017-Q2,,1.45808,,A,,,,,,,,2,
DATAFLOW,OECD.SDD.TPS:DSD_PRICES@DF_PRICES_ALL(1.0),,I,IND,,Q,,N,,CPI,,PA,,_T,,N,,GY,,2017-Q3,,2.39521,,A,,,,,,,,2,
DATAFLOW,OECD.SDD.TPS:DSD_PRICES@DF_PRICES_ALL(1.0),,I,IND,,Q,,N,,CPI,,PA,,_T,,N,,GY,,2017-Q4,,3.73494,,A,,,,,,,,2,
DATAFLOW,OECD.SDD.TPS:DSD_PRICES@DF_PRICES_ALL(1.0),,I,IND,,Q,,N,,CPI,,PA,,_T,,N,,GY,,2018-Q1,,4.73876,,A,,,,,,,,2,
DATAFLOW,OECD.SDD.TPS:DSD_PRICES@DF_PRICES_ALL(1.0),,I,IND,,Q,,N,,CPI,,PA,,_T,,N,,GY,,2018-Q2,,3.952096,,A,,,,,,,,2,
DATAFLOW,OECD.SDD.TPS:DSD_PRICES@DF_PRICES_ALL(1.0),,I,IND,,Q,,N,,CPI,,PA,,_T,,N,,GY,,2018-Q3,,5.614035,,A,,,,,,,,2,
DATAFLOW,OECD.SDD.TPS:DSD_PRICES@DF_PRICES_ALL(1.0),,I,IND,,Q,,N,,CPI,,PA,,_T,,N,,GY,,2018-Q4,,5.110337,,A,,,,,,,,2,
DATAFLOW,OECD.SDD.TPS:DSD_PRICES@DF_PRICES_ALL(1.0),,I,IND,,Q,,N,,CPI,,PA,,_T,,N,,GY,,2019-Q1,,7.076566,,A,,,,,,,,2,
DATAFLOW,OECD.SDD.TPS:DSD_PRICES@DF_PRICES_ALL(1.0),,I,IND,,Q,,N,,CPI,,PA,,_T,,N,,GY,,2019-Q2,,8.525346,,A,,,,,,,,2,
DATAFLOW,OECD.SDD.TPS:DSD_PRICES@DF_PRICES_ALL(1.0),,I,IND,,Q,,N,,CPI,,PA,,_T,,N,,GY,,2019-Q3,,6.423034,,A,,,,,,,,2,
DATAFLOW,OECD.SDD.TPS:DSD_PRICES@DF_PRICES_ALL(1.0),,I,IND,,Q,,N,,CPI,,PA,,_T,,N,,GY,,2019-Q4,,8.618785,,A,,,,,,,,2,
DATAFLOW,OECD.SDD.TPS:DSD_PRICES@DF_PRICES_ALL(1.0),,I,IND,,Q,,N,,CPI,,PA,,_T,,N,,GY,,2020-Q1,,6.608884,,A,,,,,,,,2,
DATAFLOW,OECD.SDD.TPS:DSD_PRICES@DF_PRICES_ALL(1.0),,I,IND,,Q,,N,,CPI,,PA,,_T,,N,,GY,,2020-Q2,,5.201698,,A,,,,,,,,2,
DATAFLOW,OECD.SDD.TPS:DSD_PRICES@DF_PRICES_ALL(1.0),,I,IND,,Q,,N,,CPI,,PA,,_T,,N,,GY,,2020-Q3,,5.530673,,A,,,,,,,,2,
DATAFLOW,OECD.SDD.TPS:DSD_PRICES@DF_PRICES_ALL(1.0),,I,IND,,Q,,N,,CPI,,PA,,_T,,N,,GY,,2020-Q4,,4.952394,,A,,,,,,,,2,
DATAFLOW,OECD.SDD.TPS:DSD_PRICES@DF_PRICES_ALL(1.0),,I,IND,,Q,,N,,CPI,,PA,,_T,,N,,GY,,2021-Q1,,4.435952,,A,,,,,,,,2,
DATAFLOW,OECD.SDD.TPS:DSD_PRICES@DF_PRICES_ALL(1.0),,I,IND,,Q,,N,,CPI,,PA,,_T,,N,,GY,,2021-Q2,,5.325812,,A,,,,,,,,2,
DATAFLOW,OECD.SDD.TPS:DSD_PRICES@DF_PRICES_ALL(1.0),,I,IND,,Q,,N,,CPI,,PA,,_T,,N,,GY,,2021-Q3,,4.824363,,A,,,,,,,,2,
DATAFLOW,OECD.SDD.TPS:DSD_PRICES@DF_PRICES_ALL(1.0),,I,IND,,Q,,N,,CPI,,PA,,_T,,N,,GY,,2021-Q4,,4.969291,,A,,,,,,,,2,
DATAFLOW,OECD.SDD.TPS:DSD_PRICES@DF_PRICES_ALL(1.0),,I,IND,,Q,,N,,CPI,,PA,,_T,,N,,GY,,2022-Q1,,5.409193,,A,,,,,,,,2,
DATAFLOW,OECD.SDD.TPS:DSD_PRICES@DF_PRICES_ALL(1.0),,I,IND,,Q,,N,,CPI,,PA,,_T,,N,,GY,,2022-Q2,,6.484548,,A,,,,,,,,2,
DATAFLOW,OECD.SDD.TPS:DSD_PRICES@DF_PRICES_ALL(1.0),,I,IND,,Q,,N,,CPI,,PA,,_T,,N,,GY,,2022-Q3,,6.041723,,A,,,,,,,,2,
DATAFLOW,OECD.SDD.TPS:DSD_PRICES@DF_PRICES_ALL(1.0),,I,IND,,Q,,N,,CPI,,PA,,_T,,N,,GY,,2022-Q4,,5.664894,,A,,,,,,,,2,
DATAFLOW,OECD.SDD.TPS:DSD_PRICES@DF_PRICES_ALL(1.0),,I,IND,,Q,,N,,CPI,,PA,,_T,,N,,GY,,2023-Q1,,6.035629,,A,,,,,,,,2,
DATAFLOW,OECD.SDD.TPS:DSD_PRICES@DF_PRICES_ALL(1.0),,I,IND,,Q,,N,,CPI,,PA,,_T,,N,,GY,,2023-Q2,,5.027209,,A,,,,,,,,2,
DATAFLOW,OECD.SDD.TPS:DSD_PRICES@DF_PRICES_ALL(1.0),,I,IND,,Q,,N,,CPI,,PA,,_T,,N,,GY,,2023-Q3,,6.387328,,A,,,,,,,,2,
DATAFLOW,OECD.SDD.TPS:DSD_PRICES@DF_PRICES_ALL(1.0),,I,IND,,Q,,N,,CPI,,PA,,_T,,N,,GY,,2023-Q4,,4.78228,,A,,,,,,,,2,
DATAFLOW,OECD.SDD.TPS:DSD_PRICES@DF_PRICES_ALL(1.0),,I,IND,,Q,,N,,CPI,,PA,,_T,,N,,GY,,2024-Q1,,4.563691,,A,,,,,,,,2,
DATAFLOW,OECD.SDD.TPS:DSD_PRICES@DF_PRICES_ALL(1.0),,I,IND,,Q,,N,,CPI,,PA,,_T,,N,,GY,,2024-Q2,,3.799654,,A,,,,,,,,2,
DATAFLOW,OECD.SDD.TPS:DSD_PRICES@DF_PRICES_ALL(1.0),,I,IND,,Q,,N,,CPI,,PA,,_T,,N,,GY,,2024-Q3,,2.929875,,A,,,,,,,,2,
DATAFLOW,OECD.SDD.TPS:DSD_PRICES@DF_PRICES_ALL(1.0),,I,IND,,Q,,N,,CPI,,PA,,_T,,N,,GY,,2024-Q4,,3.939467,,A,,,,,,,,2,
DATAFLOW,OECD.SDD.TPS:DSD_PRICES@DF_PRICES_ALL(1.0),,I,IND,,Q,,N,,CPI,,PA,,_T,,N,,GY,,2025-Q1,,2.877698,,A,,,,,,,,2,
DATAFLOW,OECD.SDD.TPS:DSD_PRICES@DF_PRICES_ALL(1.0),,I,IND,,Q,,N,,CPI,,PA,,_T,,N,,GY,,2025-Q2,,2.804849,,A,,,,,,,,2,
DATAFLOW,OECD.SDD.TPS:DSD_PRICES@DF_PRICES_ALL(1.0),,I,IND,,Q,,N,,CPI,,PA,,_T,,N,,GY,,2025-Q3,,2.869809,,A,,,,,,,,2,
DATAFLOW,OECD.SDD.TPS:DSD_PRICES@DF_PRICES_ALL(1.0),,I,IND,,Q,,N,,CPI,,PA,,_T,,N,,GY,,2025-Q4,,2.63462,,A,,,,,,,,2,
DATAFLOW,OECD.SDD.TPS:DSD_PRICES@DF_PRICES_ALL(1.0),,I,IND,,Q,,N,,CPI,,PA,,_T,,N,,GY,,2026-Q1,,4.009324,,A,,,,,,,,2,
DATAFLOW,OECD.SDD.TPS:DSD_PRICES@DF_PRICES_ALL(1.0),,I,ZAF,,Q,,N,,CPI,,PA,,_T,,N,,GY,,1996-Q3,,7.629055,,A,,,,,,,,2,
DATAFLOW,OECD.SDD.TPS:DSD_PRICES@DF_PRICES_ALL(1.0),,I,ZAF,,Q,,N,,CPI,,PA,,_T,,N,,GY,,1996-Q4,,9.144409,,A,,,,,,,,2,
DATAFLOW,OECD.SDD.TPS:DSD_PRICES@DF_PRICES_ALL(1.0),,I,ZAF,,Q,,N,,CPI,,PA,,_T,,N,,GY,,1997-Q1,,9.610274,,A,,,,,,,,2,
DATAFLOW,OECD.SDD.TPS:DSD_PRICES@DF_PRICES_ALL(1.0),,I,ZAF,,Q,,N,,CPI,,PA,,_T,,N,,GY,,1997-Q2,,9.379071,,A,,,,,,,,2,
DATAFLOW,OECD.SDD.TPS:DSD_PRICES@DF_PRICES_ALL(1.0),,I,ZAF,,Q,,N,,CPI,,PA,,_T,,N,,GY,,1997-Q3,,8.616299,,A,,,,,,,,2,
DATAFLOW,OECD.SDD.TPS:DSD_PRICES@DF_PRICES_ALL(1.0),,I,ZAF,,Q,,N,,CPI,,PA,,_T,,N,,GY,,1997-Q4,,6.88511,,A,,,,,,,,2,
DATAFLOW,OECD.SDD.TPS:DSD_PRICES@DF_PRICES_ALL(1.0),,I,ZAF,,Q,,N,,CPI,,PA,,_T,,N,,GY,,1998-Q1,,5.494949,,A,,,,,,,,2,
DATAFLOW,OECD.SDD.TPS:DSD_PRICES@DF_PRICES_ALL(1.0),,I,ZAF,,Q,,N,,CPI,,PA,,_T,,N,,GY,,1998-Q2,,5.12108,,A,,,,,,,,2,
DATAFLOW,OECD.SDD.TPS:DSD_PRICES@DF_PRICES_ALL(1.0),,I,ZAF,,Q,,N,,CPI,,PA,,_T,,N,,GY,,1998-Q3,,7.737397,,A,,,,,,,,2,
DATAFLOW,OECD.SDD.TPS:DSD_PRICES@DF_PRICES_ALL(1.0),,I,ZAF,,Q,,N,,CPI,,PA,,_T,,N,,GY,,1998-Q4,,9.080326,,A,,,,,,,,2,
DATAFLOW,OECD.SDD.TPS:DSD_PRICES@DF_PRICES_ALL(1.0),,I,ZAF,,Q,,N,,CPI,,PA,,_T,,N,,GY,,1999-Q1,,8.46419,,A,,,,,,,,2,
DATAFLOW,OECD.SDD.TPS:DSD_PRICES@DF_PRICES_ALL(1.0),,I,ZAF,,Q,,N,,CPI,,PA,,_T,,N,,GY,,1999-Q2,,7.28852,,A,,,,,,,,2,
DATAFLOW,OECD.SDD.TPS:DSD_PRICES@DF_PRICES_ALL(1.0),,I,ZAF,,Q,,N,,CPI,,PA,,_T,,N,,GY,,1999-Q3,,3.336961,,A,,,,,,,,2,
DATAFLOW,OECD.SDD.TPS:DSD_PRICES@DF_PRICES_ALL(1.0),,I,ZAF,,Q,,N,,CPI,,PA,,_T,,N,,GY,,1999-Q4,,1.956599,,A,,,,,,,,2,
DATAFLOW,OECD.SDD.TPS:DSD_PRICES@DF_PRICES_ALL(1.0),,I,ZAF,,Q,,N,,CPI,,PA,,_T,,N,,GY,,2000-Q1,,2.789548,,A,,,,,,,,2,
DATAFLOW,OECD.SDD.TPS:DSD_PRICES@DF_PRICES_ALL(1.0),,I,ZAF,,Q,,N,,CPI,,PA,,_T,,N,,GY,,2000-Q2,,4.927842,,A,,,,,,,,2,
DATAFLOW,OECD.SDD.TPS:DSD_PRICES@DF_PRICES_ALL(1.0),,I,ZAF,,Q,,N,,CPI,,PA,,_T,,N,,GY,,2000-Q3,,6.598806,,A,,,,,,,,2,
DATAFLOW,OECD.SDD.TPS:DSD_PRICES@DF_PRICES_ALL(1.0),,I,ZAF,,Q,,N,,CPI,,PA,,_T,,N,,GY,,2000-Q4,,7.013259,,A,,,,,,,,2,
DATAFLOW,OECD.SDD.TPS:DSD_PRICES@DF_PRICES_ALL(1.0),,I,ZAF,,Q,,N,,CPI,,PA,,_T,,N,,GY,,2001-Q1,,7.420131,,A,,,,,,,,2,
DATAFLOW,OECD.SDD.TPS:DSD_PRICES@DF_PRICES_ALL(1.0),,I,ZAF,,Q,,N,,CPI,,PA,,_T,,N,,GY,,2001-Q2,,6.407246,,A,,,,,,,,2,
DATAFLOW,OECD.SDD.TPS:DSD_PRICES@DF_PRICES_ALL(1.0),,I,ZAF,,Q,,N,,CPI,,PA,,_T,,N,,GY,,2001-Q3,,4.774448,,A,,,,,,,,2,
DATAFLOW,OECD.SDD.TPS:DSD_PRICES@DF_PRICES_ALL(1.0),,I,ZAF,,Q,,N,,CPI,,PA,,_T,,N,,GY,,2001-Q4,,4.30388,,A,,,,,,,,2,
DATAFLOW,OECD.SDD.TPS:DSD_PRICES@DF_PRICES_ALL(1.0),,I,ZAF,,Q,,N,,CPI,,PA,,_T,,N,,GY,,2002-Q1,,5.768631,,A,,,,,,,,2,
DATAFLOW,OECD.SDD.TPS:DSD_PRICES@DF_PRICES_ALL(1.0),,I,ZAF,,Q,,N,,CPI,,PA,,_T,,N,,GY,,2002-Q2,,7.832208,,A,,,,,,,,2,
DATAFLOW,OECD.SDD.TPS:DSD_PRICES@DF_PRICES_ALL(1.0),,I,ZAF,,Q,,N,,CPI,,PA,,_T,,N,,GY,,2002-Q3,,10.71723,,A,,,,,,,,2,
DATAFLOW,OECD.SDD.TPS:DSD_PRICES@DF_PRICES_ALL(1.0),,I,ZAF,,Q,,N,,CPI,,PA,,_T,,N,,GY,,2002-Q4,,13.56937,,A,,,,,,,,2,
DATAFLOW,OECD.SDD.TPS:DSD_PRICES@DF_PRICES_ALL(1.0),,I,ZAF,,Q,,N,,CPI,,PA,,_T,,N,,GY,,2003-Q1,,11.40299,,A,,,,,,,,2,
DATAFLOW,OECD.SDD.TPS:DSD_PRICES@DF_PRICES_ALL(1.0),,I,ZAF,,Q,,N,,CPI,,PA,,_T,,N,,GY,,2003-Q2,,8.284878,,A,,,,,,,,2,
DATAFLOW,OECD.SDD.TPS:DSD_PRICES@DF_PRICES_ALL(1.0),,I,ZAF,,Q,,N,,CPI,,PA,,_T,,N,,GY,,2003-Q3,,4.384736,,A,,,,,,,,2,
DATAFLOW,OECD.SDD.TPS:DSD_PRICES@DF_PRICES_ALL(1.0),,I,ZAF,,Q,,N,,CPI,,PA,,_T,,N,,GY,,2003-Q4,,-0.728545,,A,,,,,,,,2,
DATAFLOW,OECD.SDD.TPS:DSD_PRICES@DF_PRICES_ALL(1.0),,I,ZAF,,Q,,N,,CPI,,PA,,_T,,N,,GY,,2004-Q1,,-1.761435,,A,,,,,,,,2,
DATAFLOW,OECD.SDD.TPS:DSD_PRICES@DF_PRICES_ALL(1.0),,I,ZAF,,Q,,N,,CPI,,PA,,_T,,N,,GY,,2004-Q2,,-1.719961,,A,,,,,,,,2,
DATAFLOW,OECD.SDD.TPS:DSD_PRICES@DF_PRICES_ALL(1.0),,I,ZAF,,Q,,N,,CPI,,PA,,_T,,N,,GY,,2004-Q3,,-0.8824008,,A,,,,,,,,2,
DATAFLOW,OECD.SDD.TPS:DSD_PRICES@DF_PRICES_ALL(1.0),,I,ZAF,,Q,,N,,CPI,,PA,,_T,,N,,GY,,2004-Q4,,1.65022,,A,,,,,,,,2,
DATAFLOW,OECD.SDD.TPS:DSD_PRICES@DF_PRICES_ALL(1.0),,I,ZAF,,Q,,N,,CPI,,PA,,_T,,N,,GY,,2005-Q1,,1.933485,,A,,,,,,,,2,
DATAFLOW,OECD.SDD.TPS:DSD_PRICES@DF_PRICES_ALL(1.0),,I,ZAF,,Q,,N,,CPI,,PA,,_T,,N,,GY,,2005-Q2,,1.860981,,A,,,,,,,,2,
DATAFLOW,OECD.SDD.TPS:DSD_PRICES@DF_PRICES_ALL(1.0),,I,ZAF,,Q,,N,,CPI,,PA,,_T,,N,,GY,,2005-Q3,,2.395897,,A,,,,,,,,2,
DATAFLOW,OECD.SDD.TPS:DSD_PRICES@DF_PRICES_ALL(1.0),,I,ZAF,,Q,,N,,CPI,,PA,,_T,,N,,GY,,2005-Q4,,2.059879,,A,,,,,,,,2,
DATAFLOW,OECD.SDD.TPS:DSD_PRICES@DF_PRICES_ALL(1.0),,I,ZAF,,Q,,N,,CPI,,PA,,_T,,N,,GY,,2006-Q1,,2.046772,,A,,,,,,,,2,
DATAFLOW,OECD.SDD.TPS:DSD_PRICES@DF_PRICES_ALL(1.0),,I,ZAF,,Q,,N,,CPI,,PA,,_T,,N,,GY,,2006-Q2,,2.540835,,A,,,,,,,,2,
DATAFLOW,OECD.SDD.TPS:DSD_PRICES@DF_PRICES_ALL(1.0),,I,ZAF,,Q,,N,,CPI,,PA,,_T,,N,,GY,,2006-Q3,,3.76217,,A,,,,,,,,2,
DATAFLOW,OECD.SDD.TPS:DSD_PRICES@DF_PRICES_ALL(1.0),,I,ZAF,,Q,,N,,CPI,,PA,,_T,,N,,GY,,2006-Q4,,4.604133,,A,,,,,,,,2,
DATAFLOW,OECD.SDD.TPS:DSD_PRICES@DF_PRICES_ALL(1.0),,I,ZAF,,Q,,N,,CPI,,PA,,_T,,N,,GY,,2007-Q1,,5.139408,,A,,,,,,,,2,
DATAFLOW,OECD.SDD.TPS:DSD_PRICES@DF_PRICES_ALL(1.0),,I,ZAF,,Q,,N,,CPI,,PA,,_T,,N,,GY,,2007-Q2,,6.013766,,A,,,,,,,,2,
DATAFLOW,OECD.SDD.TPS:DSD_PRICES@DF_PRICES_ALL(1.0),,I,ZAF,,Q,,N,,CPI,,PA,,_T,,N,,GY,,2007-Q3,,6.282339,,A,,,,,,,,2,
DATAFLOW,OECD.SDD.TPS:DSD_PRICES@DF_PRICES_ALL(1.0),,I,ZAF,,Q,,N,,CPI,,PA,,_T,,N,,GY,,2007-Q4,,7.232645,,A,,,,,,,,2,
DATAFLOW,OECD.SDD.TPS:DSD_PRICES@DF_PRICES_ALL(1.0),,I,ZAF,,Q,,N,,CPI,,PA,,_T,,N,,GY,,2008-Q1,,8.803958,,A,,,,,,,,2,
DATAFLOW,OECD.SDD.TPS:DSD_PRICES@DF_PRICES_ALL(1.0),,I,ZAF,,Q,,N,,CPI,,PA,,_T,,N,,GY,,2008-Q2,,9.737199,,A,,,,,,,,2,
DATAFLOW,OECD.SDD.TPS:DSD_PRICES@DF_PRICES_ALL(1.0),,I,ZAF,,Q,,N,,CPI,,PA,,_T,,N,,GY,,2008-Q3,,11.10908,,A,,,,,,,,2,
DATAFLOW,OECD.SDD.TPS:DSD_PRICES@DF_PRICES_ALL(1.0),,I,ZAF,,Q,,N,,CPI,,PA,,_T,,N,,GY,,2008-Q4,,9.943172,,A,,,,,,,,2,
DATAFLOW,OECD.SDD.TPS:DSD_PRICES@DF_PRICES_ALL(1.0),,I,ZAF,,Q,,N,,CPI,,PA,,_T,,N,,GY,,2009-Q1,,8.874802,,A,,,,,,,,2,
DATAFLOW,OECD.SDD.TPS:DSD_PRICES@DF_PRICES_ALL(1.0),,I,ZAF,,Q,,N,,CPI,,PA,,_T,,N,,GY,,2009-Q2,,8.179012,,A,,,,,,,,2,
DATAFLOW,OECD.SDD.TPS:DSD_PRICES@DF_PRICES_ALL(1.0),,I,ZAF,,Q,,N,,CPI,,PA,,_T,,N,,GY,,2009-Q3,,6.268657,,A,,,,,,,,2,
DATAFLOW,OECD.SDD.TPS:DSD_PRICES@DF_PRICES_ALL(1.0),,I,ZAF,,Q,,N,,CPI,,PA,,_T,,N,,GY,,2009-Q4,,5.769231,,A,,,,,,,,2,
DATAFLOW,OECD.SDD.TPS:DSD_PRICES@DF_PRICES_ALL(1.0),,I,ZAF,,Q,,N,,CPI,,PA,,_T,,N,,GY,,2010-Q1,,5.312955,,A,,,,,,,,2,
DATAFLOW,OECD.SDD.TPS:DSD_PRICES@DF_PRICES_ALL(1.0),,I,ZAF,,Q,,N,,CPI,,PA,,_T,,N,,GY,,2010-Q2,,4.136947,,A,,,,,,,,2,
DATAFLOW,OECD.SDD.TPS:DSD_PRICES@DF_PRICES_ALL(1.0),,I,ZAF,,Q,,N,,CPI,,PA,,_T,,N,,GY,,2010-Q3,,3.441011,,A,,,,,,,,2,
DATAFLOW,OECD.SDD.TPS:DSD_PRICES@DF_PRICES_ALL(1.0),,I,ZAF,,Q,,N,,CPI,,PA,,_T,,N,,GY,,2010-Q4,,3.426574,,A,,,,,,,,2,
DATAFLOW,OECD.SDD.TPS:DSD_PRICES@DF_PRICES_ALL(1.0),,I,ZAF,,Q,,N,,CPI,,PA,,_T,,N,,GY,,2011-Q1,,3.731859,,A,,,,,,,,2,
DATAFLOW,OECD.SDD.TPS:DSD_PRICES@DF_PRICES_ALL(1.0),,I,ZAF,,Q,,N,,CPI,,PA,,_T,,N,,GY,,2011-Q2,,4.657534,,A,,,,,,,,2,
DATAFLOW,OECD.SDD.TPS:DSD_PRICES@DF_PRICES_ALL(1.0),,I,ZAF,,Q,,N,,CPI,,PA,,_T,,N,,GY,,2011-Q3,,5.363204,,A,,,,,,,,2,
DATAFLOW,OECD.SDD.TPS:DSD_PRICES@DF_PRICES_ALL(1.0),,I,ZAF,,Q,,N,,CPI,,PA,,_T,,N,,GY,,2011-Q4,,6.220419,,A,,,,,,,,2,
DATAFLOW,OECD.SDD.TPS:DSD_PRICES@DF_PRICES_ALL(1.0),,I,ZAF,,Q,,N,,CPI,,PA,,_T,,N,,GY,,2012-Q1,,6.129247,,A,,,,,,,,2,
DATAFLOW,OECD.SDD.TPS:DSD_PRICES@DF_PRICES_ALL(1.0),,I,ZAF,,Q,,N,,CPI,,PA,,_T,,N,,GY,,2012-Q2,,5.955497,,A,,,,,,,,2,
DATAFLOW,OECD.SDD.TPS:DSD_PRICES@DF_PRICES_ALL(1.0),,I,ZAF,,Q,,N,,CPI,,PA,,_T,,N,,GY,,2012-Q3,,5.219072,,A,,,,,,,,2,
DATAFLOW,OECD.SDD.TPS:DSD_PRICES@DF_PRICES_ALL(1.0),,I,ZAF,,Q,,N,,CPI,,PA,,_T,,N,,GY,,2012-Q4,,5.665182,,A,,,,,,,,2,
DATAFLOW,OECD.SDD.TPS:DSD_PRICES@DF_PRICES_ALL(1.0),,I,ZAF,,Q,,N,,CPI,,PA,,_T,,N,,GY,,2013-Q1,,5.963591,,A,,,,,,,,2,
DATAFLOW,OECD.SDD.TPS:DSD_PRICES@DF_PRICES_ALL(1.0),,I,ZAF,,Q,,N,,CPI,,PA,,_T,,N,,GY,,2013-Q2,,5.558987,,A,,,,,,,,2,
DATAFLOW,OECD.SDD.TPS:DSD_PRICES@DF_PRICES_ALL(1.0),,I,ZAF,,Q,,N,,CPI,,PA,,_T,,N,,GY,,2013-Q3,,6.246173,,A,,,,,,,,2,
DATAFLOW,OECD.SDD.TPS:DSD_PRICES@DF_PRICES_ALL(1.0),,I,ZAF,,Q,,N,,CPI,,PA,,_T,,N,,GY,,2013-Q4,,5.361446,,A,,,,,,,,2,
DATAFLOW,OECD.SDD.TPS:DSD_PRICES@DF_PRICES_ALL(1.0),,I,ZAF,,Q,,N,,CPI,,PA,,_T,,N,,GY,,2014-Q1,,5.746446,,A,,,,,,,,2,
DATAFLOW,OECD.SDD.TPS:DSD_PRICES@DF_PRICES_ALL(1.0),,I,ZAF,,Q,,N,,CPI,,PA,,_T,,N,,GY,,2014-Q2,,6.612054,,A,,,,,,,,2,
DATAFLOW,OECD.SDD.TPS:DSD_PRICES@DF_PRICES_ALL(1.0),,I,ZAF,,Q,,N,,CPI,,PA,,_T,,N,,GY,,2014-Q3,,6.397695,,A,,,,,,,,2,
DATAFLOW,OECD.SDD.TPS:DSD_PRICES@DF_PRICES_ALL(1.0),,I,ZAF,,Q,,N,,CPI,,PA,,_T,,N,,GY,,2014-Q4,,5.774728,,A,,,,,,,,2,
DATAFLOW,OECD.SDD.TPS:DSD_PRICES@DF_PRICES_ALL(1.0),,I,ZAF,,Q,,N,,CPI,,PA,,_T,,N,,GY,,2015-Q1,,4.257703,,A,,,,,,,,2,
DATAFLOW,OECD.SDD.TPS:DSD_PRICES@DF_PRICES_ALL(1.0),,I,ZAF,,Q,,N,,CPI,,PA,,_T,,N,,GY,,2015-Q2,,4.500549,,A,,,,,,,,2,
DATAFLOW,OECD.SDD.TPS:DSD_PRICES@DF_PRICES_ALL(1.0),,I,ZAF,,Q,,N,,CPI,,PA,,_T,,N,,GY,,2015-Q3,,4.496208,,A,,,,,,,,2,
DATAFLOW,OECD.SDD.TPS:DSD_PRICES@DF_PRICES_ALL(1.0),,I,ZAF,,Q,,N,,CPI,,PA,,_T,,N,,GY,,2015-Q4,,4.810811,,A,,,,,,,,2,
DATAFLOW,OECD.SDD.TPS:DSD_PRICES@DF_PRICES_ALL(1.0),,I,ZAF,,Q,,N,,CPI,,PA,,_T,,N,,GY,,2016-Q1,,6.555615,,A,,,,,,,,2,
DATAFLOW,OECD.SDD.TPS:DSD_PRICES@DF_PRICES_ALL(1.0),,I,ZAF,,Q,,N,,CPI,,PA,,_T,,N,,GY,,2016-Q2,,6.512605,,A,,,,,,,,2,
DATAFLOW,OECD.SDD.TPS:DSD_PRICES@DF_PRICES_ALL(1.0),,I,ZAF,,Q,,N,,CPI,,PA,,_T,,N,,GY,,2016-Q3,,6.480042,,A,,,,,,,,2,
DATAFLOW,OECD.SDD.TPS:DSD_PRICES@DF_PRICES_ALL(1.0),,I,ZAF,,Q,,N,,CPI,,PA,,_T,,N,,GY,,2016-Q4,,6.859206,,A,,,,,,,,2,
DATAFLOW,OECD.SDD.TPS:DSD_PRICES@DF_PRICES_ALL(1.0),,I,ZAF,,Q,,N,,CPI,,PA,,_T,,N,,GY,,2017-Q1,,6.505295,,A,,,,,,,,2,
DATAFLOW,OECD.SDD.TPS:DSD_PRICES@DF_PRICES_ALL(1.0),,I,ZAF,,Q,,N,,CPI,,PA,,_T,,N,,GY,,2017-Q2,,5.226824,,A,,,,,,,,2,
DATAFLOW,OECD.SDD.TPS:DSD_PRICES@DF_PRICES_ALL(1.0),,I,ZAF,,Q,,N,,CPI,,PA,,_T,,N,,GY,,2017-Q3,,4.52775,,A,,,,,,,,2,
DATAFLOW,OECD.SDD.TPS:DSD_PRICES@DF_PRICES_ALL(1.0),,I,ZAF,,Q,,N,,CPI,,PA,,_T,,N,,GY,,2017-Q4,,4.53668,,A,,,,,,,,2,
DATAFLOW,OECD.SDD.TPS:DSD_PRICES@DF_PRICES_ALL(1.0),,I,ZAF,,Q,,N,,CPI,,PA,,_T,,N,,GY,,2018-Q1,,3.929924,,A,,,,,,,,2,
DATAFLOW,OECD.SDD.TPS:DSD_PRICES@DF_PRICES_ALL(1.0),,I,ZAF,,Q,,N,,CPI,,PA,,_T,,N,,GY,,2018-Q2,,4.311153,,A,,,,,,,,2,
DATAFLOW,OECD.SDD.TPS:DSD_PRICES@DF_PRICES_ALL(1.0),,I,ZAF,,Q,,N,,CPI,,PA,,_T,,N,,GY,,2018-Q3,,4.890545,,A,,,,,,,,2,
DATAFLOW,OECD.SDD.TPS:DSD_PRICES@DF_PRICES_ALL(1.0),,I,ZAF,,Q,,N,,CPI,,PA,,_T,,N,,GY,,2018-Q4,,4.893814,,A,,,,,,,,2,
DATAFLOW,OECD.SDD.TPS:DSD_PRICES@DF_PRICES_ALL(1.0),,I,ZAF,,Q,,N,,CPI,,PA,,_T,,N,,GY,,2019-Q1,,4.145786,,A,,,,,,,,2,
DATAFLOW,OECD.SDD.TPS:DSD_PRICES@DF_PRICES_ALL(1.0),,I,ZAF,,Q,,N,,CPI,,PA,,_T,,N,,GY,,2019-Q2,,4.402516,,A,,,,,,,,2,
DATAFLOW,OECD.SDD.TPS:DSD_PRICES@DF_PRICES_ALL(1.0),,I,ZAF,,Q,,N,,CPI,,PA,,_T,,N,,GY,,2019-Q3,,4.174067,,A,,,,,,,,2,
DATAFLOW,OECD.SDD.TPS:DSD_PRICES@DF_PRICES_ALL(1.0),,I,ZAF,,Q,,N,,CPI,,PA,,_T,,N,,GY,,2019-Q4,,3.697183,,A,,,,,,,,2,
DATAFLOW,OECD.SDD.TPS:DSD_PRICES@DF_PRICES_ALL(1.0),,I,ZAF,,Q,,N,,CPI,,PA,,_T,,N,,GY,,2020-Q1,,4.330709,,A,,,,,,,,2,
DATAFLOW,OECD.SDD.TPS:DSD_PRICES@DF_PRICES_ALL(1.0),,I,ZAF,,Q,,N,,CPI,,PA,,_T,,N,,GY,,2020-Q2,,2.366609,,A,,,,,,,,2,
DATAFLOW,OECD.SDD.TPS:DSD_PRICES@DF_PRICES_ALL(1.0),,I,ZAF,,Q,,N,,CPI,,PA,,_T,,N,,GY,,2020-Q3,,3.069054,,A,,,,,,,,2,
DATAFLOW,OECD.SDD.TPS:DSD_PRICES@DF_PRICES_ALL(1.0),,I,ZAF,,Q,,N,,CPI,,PA,,_T,,N,,GY,,2020-Q4,,3.183362,,A,,,,,,,,2,
DATAFLOW,OECD.SDD.TPS:DSD_PRICES@DF_PRICES_ALL(1.0),,I,ZAF,,Q,,N,,CPI,,PA,,_T,,N,,GY,,2021-Q1,,3.102725,,A,,,,,,,,2,
DATAFLOW,OECD.SDD.TPS:DSD_PRICES@DF_PRICES_ALL(1.0),,I,ZAF,,Q,,N,,CPI,,PA,,_T,,N,,GY,,2021-Q2,,4.960067,,A,,,,,,,,2,
DATAFLOW,OECD.SDD.TPS:DSD_PRICES@DF_PRICES_ALL(1.0),,I,ZAF,,Q,,N,,CPI,,PA,,_T,,N,,GY,,2021-Q3,,4.921422,,A,,,,,,,,2,
DATAFLOW,OECD.SDD.TPS:DSD_PRICES@DF_PRICES_ALL(1.0),,I,ZAF,,Q,,N,,CPI,,PA,,_T,,N,,GY,,2021-Q4,,5.471,,A,,,,,,,,2,
DATAFLOW,OECD.SDD.TPS:DSD_PRICES@DF_PRICES_ALL(1.0),,I,ZAF,,Q,,N,,CPI,,PA,,_T,,N,,GY,,2022-Q1,,5.815372,,A,,,,,,,,2,
DATAFLOW,OECD.SDD.TPS:DSD_PRICES@DF_PRICES_ALL(1.0),,I,ZAF,,Q,,N,,CPI,,PA,,_T,,N,,GY,,2022-Q2,,6.688025,,A,,,,,,,,2,
DATAFLOW,OECD.SDD.TPS:DSD_PRICES@DF_PRICES_ALL(1.0),,I,ZAF,,Q,,N,,CPI,,PA,,_T,,N,,GY,,2022-Q3,,7.922743,,A,,,,,,,,2,
DATAFLOW,OECD.SDD.TPS:DSD_PRICES@DF_PRICES_ALL(1.0),,I,ZAF,,Q,,N,,CPI,,PA,,_T,,N,,GY,,2022-Q4,,7.683307,,A,,,,,,,,2,
DATAFLOW,OECD.SDD.TPS:DSD_PRICES@DF_PRICES_ALL(1.0),,I,ZAF,,Q,,N,,CPI,,PA,,_T,,N,,GY,,2023-Q1,,7.302075,,A,,,,,,,,2,
DATAFLOW,OECD.SDD.TPS:DSD_PRICES@DF_PRICES_ALL(1.0),,I,ZAF,,Q,,N,,CPI,,PA,,_T,,N,,GY,,2023-Q2,,6.418919,,A,,,,,,,,2,
DATAFLOW,OECD.SDD.TPS:DSD_PRICES@DF_PRICES_ALL(1.0),,I,ZAF,,Q,,N,,CPI,,PA,,_T,,N,,GY,,2023-Q3,,5.003652,,A,,,,,,,,2,
DATAFLOW,OECD.SDD.TPS:DSD_PRICES@DF_PRICES_ALL(1.0),,I,ZAF,,Q,,N,,CPI,,PA,,_T,,N,,GY,,2023-Q4,,5.650127,,A,,,,,,,,2,
DATAFLOW,OECD.SDD.TPS:DSD_PRICES@DF_PRICES_ALL(1.0),,I,ZAF,,Q,,N,,CPI,,PA,,_T,,N,,GY,,2024-Q1,,5.408309,,A,,,,,,,,2,
DATAFLOW,OECD.SDD.TPS:DSD_PRICES@DF_PRICES_ALL(1.0),,I,ZAF,,Q,,N,,CPI,,PA,,_T,,N,,GY,,2024-Q2,,5.044092,,A,,,,,,,,2,
DATAFLOW,OECD.SDD.TPS:DSD_PRICES@DF_PRICES_ALL(1.0),,I,ZAF,,Q,,N,,CPI,,PA,,_T,,N,,GY,,2024-Q3,,4.243478,,A,,,,,,,,2,
DATAFLOW,OECD.SDD.TPS:DSD_PRICES@DF_PRICES_ALL(1.0),,I,ZAF,,Q,,N,,CPI,,PA,,_T,,N,,GY,,2024-Q4,,2.811107,,A,,,,,,,,2,
DATAFLOW,OECD.SDD.TPS:DSD_PRICES@DF_PRICES_ALL(1.0),,I,NLD,,Q,,N,,CPI,,PA,,_T,,N,,GY,,1996-Q3,,1.881075,,A,,,,,,,,2,
DATAFLOW,OECD.SDD.TPS:DSD_PRICES@DF_PRICES_ALL(1.0),,I,NLD,,Q,,N,,CPI,,PA,,_T,,N,,GY,,1996-Q4,,2.149129,,A,,,,,,,,2,
DATAFLOW,OECD.SDD.TPS:DSD_PRICES@DF_PRICES_ALL(1.0),,I,NLD,,Q,,N,,CPI,,PA,,_T,,N,,GY,,1997-Q1,,1.909959,,A,,,,,,,,2,
DATAFLOW,OECD.SDD.TPS:DSD_PRICES@DF_PRICES_ALL(1.0),,I,NLD,,Q,,N,,CPI,,PA,,_T,,N,,GY,,1997-Q2,,1.847553,,A,,,,,,,,2,
DATAFLOW,OECD.SDD.TPS:DSD_PRICES@DF_PRICES_ALL(1.0),,I,NLD,,Q,,N,,CPI,,PA,,_T,,N,,GY,,1997-Q3,,2.319289,,A,,,,,,,,2,
DATAFLOW,OECD.SDD.TPS:DSD_PRICES@DF_PRICES_ALL(1.0),,I,NLD,,Q,,N,,CPI,,PA,,_T,,N,,GY,,1997-Q4,,2.356611,,A,,,,,,,,2,
DATAFLOW,OECD.SDD.TPS:DSD_PRICES@DF_PRICES_ALL(1.0),,I,NLD,,Q,,N,,CPI,,PA,,_T,,N,,GY,,1998-Q1,,2.084529,,A,,,,,,,,2,
DATAFLOW,OECD.SDD.TPS:DSD_PRICES@DF_PRICES_ALL(1.0),,I,NLD,,Q,,N,,CPI,,PA,,_T,,N,,GY,,1998-Q2,,2.193941,,A,,,,,,,,2,
DATAFLOW,OECD.SDD.TPS:DSD_PRICES@DF_PRICES_ALL(1.0),,I,NLD,,Q,,N,,CPI,,PA,,_T,,N,,GY,,1998-Q3,,1.794484,,A,,,,,,,,2,
DATAFLOW,OECD.SDD.TPS:DSD_PRICES@DF_PRICES_ALL(1.0),,I,NLD,,Q,,N,,CPI,,PA,,_T,,N,,GY,,1998-Q4,,1.767795,,A,,,,,,,,2,
DATAFLOW,OECD.SDD.TPS:DSD_PRICES@DF_PRICES_ALL(1.0),,I,NLD,,Q,,N,,CPI,,PA,,_T,,N,,GY,,1999-Q1,,2.144998,,A,,,,,,,,2,
DATAFLOW,OECD.SDD.TPS:DSD_PRICES@DF_PRICES_ALL(1.0),,I,NLD,,Q,,N,,CPI,,PA,,_T,,N,,GY,,1999-Q2,,2.211896,,A,,,,,,,,2,
DATAFLOW,OECD.SDD.TPS:DSD_PRICES@DF_PRICES_ALL(1.0),,I,NLD,,Q,,N,,CPI,,PA,,_T,,N,,GY,,1999-Q3,,2.208202,,A,,,,,,,,2,
DATAFLOW,OECD.SDD.TPS:DSD_PRICES@DF_PRICES_ALL(1.0),,I,NLD,,Q,,N,,CPI,,PA,,_T,,N,,GY,,1999-Q4,,2.064231,,A,,,,,,,,2,
DATAFLOW,OECD.SDD.TPS:DSD_PRICES@DF_PRICES_ALL(1.0),,I,NLD,,Q,,N,,CPI,,PA,,_T,,N,,GY,,2000-Q1,,1.884457,,A,,,,,,,,2,
DATAFLOW,OECD.SDD.TPS:DSD_PRICES@DF_PRICES_ALL(1.0),,I,NLD,,Q,,N,,CPI,,PA,,_T,,N,,GY,,2000-Q2,,2.173122,,A,,,,,,,,2,
DATAFLOW,OECD.SDD.TPS:DSD_PRICES@DF_PRICES_ALL(1.0),,I,NLD,,Q,,N,,CPI,,PA,,_T,,N,,GY,,2000-Q3,,2.496369,,A,,,,,,,,2,
DATAFLOW,OECD.SDD.TPS:DSD_PRICES@DF_PRICES_ALL(1.0),,I,NLD,,Q,,N,,CPI,,PA,,_T,,N,,GY,,2000-Q4,,2.880231,,A,,,,,,,,2,
DATAFLOW,OECD.SDD.TPS:DSD_PRICES@DF_PRICES_ALL(1.0),,I,NLD,,Q,,N,,CPI,,PA,,_T,,N,,GY,,2001-Q1,,3.951217,,A,,,,,,,,2,
DATAFLOW,OECD.SDD.TPS:DSD_PRICES@DF_PRICES_ALL(1.0),,I,NLD,,Q,,N,,CPI,,PA,,_T,,N,,GY,,2001-Q2,,4.391742,,A,,,,,,,,2,
DATAFLOW,OECD.SDD.TPS:DSD_PRICES@DF_PRICES_ALL(1.0),,I,NLD,,Q,,N,,CPI,,PA,,_T,,N,,GY,,2001-Q3,,4.277743,,A,,,,,,,,2,
DATAFLOW,OECD.SDD.TPS:DSD_PRICES@DF_PRICES_ALL(1.0),,I,NLD,,Q,,N,,CPI,,PA,,_T,,N,,GY,,2001-Q4,,4.001931,,A,,,,,,,,2,
DATAFLOW,OECD.SDD.TPS:DSD_PRICES@DF_PRICES_ALL(1.0),,I,NLD,,Q,,N,,CPI,,PA,,_T,,N,,GY,,2002-Q1,,3.775055,,A,,,,,,,,2,
DATAFLOW,OECD.SDD.TPS:DSD_PRICES@DF_PRICES_ALL(1.0),,I,NLD,,Q,,N,,CPI,,PA,,_T,,N,,GY,,2002-Q2,,3.350241,,A,,,,,,,,2,
DATAFLOW,OECD.SDD.TPS:DSD_PRICES@DF_PRICES_ALL(1.0),,I,NLD,,Q,,N,,CPI,,PA,,_T,,N,,GY,,2002-Q3,,3.210464,,A,,,,,,,,2,
DATAFLOW,OECD.SDD.TPS:DSD_PRICES@DF_PRICES_ALL(1.0),,I,NLD,,Q,,N,,CPI,,PA,,_T,,N,,GY,,2002-Q4,,2.826885,,A,,,,,,,,2,
DATAFLOW,OECD.SDD.TPS:DSD_PRICES@DF_PRICES_ALL(1.0),,I,NLD,,Q,,N,,CPI,,PA,,_T,,N,,GY,,2003-Q1,,2.427934,,A,,,,,,,,2,
DATAFLOW,OECD.SDD.TPS:DSD_PRICES@DF_PRICES_ALL(1.0),,I,NLD,,Q,,N,,CPI,,PA,,_T,,N,,GY,,2003-Q2,,2.004372,,A,,,,,,,,2,
DATAFLOW,OECD.SDD.TPS:DSD_PRICES@DF_PRICES_ALL(1.0),,I,NLD,,Q,,N,,CPI,,PA,,_T,,N,,GY,,2003-Q3,,2.061389,,A,,,,,,,,2,
DATAFLOW,OECD.SDD.TPS:DSD_PRICES@DF_PRICES_ALL(1.0),,I,NLD,,Q,,N,,CPI,,PA,,_T,,N,,GY,,2003-Q4,,1.879283,,A,,,,,,,,2,
DATAFLOW,OECD.SDD.TPS:DSD_PRICES@DF_PRICES_ALL(1.0),,I,NLD,,Q,,N,,CPI,,PA,,_T,,N,,GY,,2004-Q1,,1.213701,,A,,,,,,,,2,
DATAFLOW,OECD.SDD.TPS:DSD_PRICES@DF_PRICES_ALL(1.0),,I,NLD,,Q,,N,,CPI,,PA,,_T,,N,,GY,,2004-Q2,,1.431286,,A,,,,,,,,2,
DATAFLOW,OECD.SDD.TPS:DSD_PRICES@DF_PRICES_ALL(1.0),,I,NLD,,Q,,N,,CPI,,PA,,_T,,N,,GY,,2004-Q3,,1.132836,,A,,,,,,,,2,
DATAFLOW,OECD.SDD.TPS:DSD_PRICES@DF_PRICES_ALL(1.0),,I,NLD,,Q,,N,,CPI,,PA,,_T,,N,,GY,,2004-Q4,,1.276733,,A,,,,,,,,2,
DATAFLOW,OECD.SDD.TPS:DSD_PRICES@DF_PRICES_ALL(1.0),,I,NLD,,Q,,N,,CPI,,PA,,_T,,N,,GY,,2005-Q1,,1.629713,,A,,,,,,,,2,
DATAFLOW,OECD.SDD.TPS:DSD_PRICES@DF_PRICES_ALL(1.0),,I,NLD,,Q,,N,,CPI,,PA,,_T,,N,,GY,,2005-Q2,,1.530673,,A,,,,,,,,2,
DATAFLOW,OECD.SDD.TPS:DSD_PRICES@DF_PRICES_ALL(1.0),,I,NLD,,Q,,N,,CPI,,PA,,_T,,N,,GY,,2005-Q3,,1.753966,,A,,,,,,,,2,
DATAFLOW,OECD.SDD.TPS:DSD_PRICES@DF_PRICES_ALL(1.0),,I,NLD,,Q,,N,,CPI,,PA,,_T,,N,,GY,,2005-Q4,,1.83727,,A,,,,,,,,2,
DATAFLOW,OECD.SDD.TPS:DSD_PRICES@DF_PRICES_ALL(1.0),,I,NLD,,Q,,N,,CPI,,PA,,_T,,N,,GY,,2006-Q1,,1.112607,,A,,,,,,,,2,
DATAFLOW,OECD.SDD.TPS:DSD_PRICES@DF_PRICES_ALL(1.0),,I,NLD,,Q,,N,,CPI,,PA,,_T,,N,,GY,,2006-Q2,,1.315221,,A,,,,,,,,2,
DATAFLOW,OECD.SDD.TPS:DSD_PRICES@DF_PRICES_ALL(1.0),,I,NLD,,Q,,N,,CPI,,PA,,_T,,N,,GY,,2006-Q3,,1.17919,,A,,,,,,,,2,
DATAFLOW,OECD.SDD.TPS:DSD_PRICES@DF_PRICES_ALL(1.0),,I,NLD,,Q,,N,,CPI,,PA,,_T,,N,,GY,,2006-Q4,,0.8005311,,A,,,,,,,,2,
DATAFLOW,OECD.SDD.TPS:DSD_PRICES@DF_PRICES_ALL(1.0),,I,NLD,,Q,,N,,CPI,,PA,,_T,,N,,GY,,2007-Q1,,1.574186,,A,,,,,,,,2,
DATAFLOW,OECD.SDD.TPS:DSD_PRICES@DF_PRICES_ALL(1.0),,I,NLD,,Q,,N,,CPI,,PA,,_T,,N,,GY,,2007-Q2,,1.790281,,A,,,,,,,,2,
DATAFLOW,OECD.SDD.TPS:DSD_PRICES@DF_PRICES_ALL(1.0),,I,NLD,,Q,,N,,CPI,,PA,,_T,,N,,GY,,2007-Q3,,1.289348,,A,,,,,,,,2,
DATAFLOW,OECD.SDD.TPS:DSD_PRICES@DF_PRICES_ALL(1.0),,I,NLD,,Q,,N,,CPI,,PA,,_T,,N,,GY,,2007-Q4,,1.801418,,A,,,,,,,,2,
DATAFLOW,OECD.SDD.TPS:DSD_PRICES@DF_PRICES_ALL(1.0),,I,NLD,,Q,,N,,CPI,,PA,,_T,,N,,GY,,2008-Q1,,2.139635,,A,,,,,,,,2,
DATAFLOW,OECD.SDD.TPS:DSD_PRICES@DF_PRICES_ALL(1.0),,I,NLD,,Q,,N,,CPI,,PA,,_T,,N,,GY,,2008-Q2,,2.306989,,A,,,,,,,,2,
DATAFLOW,OECD.SDD.TPS:DSD_PRICES@DF_PRICES_ALL(1.0),,I,NLD,,Q,,N,,CPI,,PA,,_T,,N,,GY,,2008-Q3,,3.16896,,A,,,,,,,,2,
DATAFLOW,OECD.SDD.TPS:DSD_PRICES@DF_PRICES_ALL(1.0),,I,NLD,,Q,,N,,CPI,,PA,,_T,,N,,GY,,2008-Q4,,2.328944,,A,,,,,,,,2,
DATAFLOW,OECD.SDD.TPS:DSD_PRICES@DF_PRICES_ALL(1.0),,I,NLD,,Q,,N,,CPI,,PA,,_T,,N,,GY,,2009-Q1,,1.95516,,A,,,,,,,,2,
DATAFLOW,OECD.SDD.TPS:DSD_PRICES@DF_PRICES_ALL(1.0),,I,NLD,,Q,,N,,CPI,,PA,,_T,,N,,GY,,2009-Q2,,1.611223,,A,,,,,,,,2,
DATAFLOW,OECD.SDD.TPS:DSD_PRICES@DF_PRICES_ALL(1.0),,I,NLD,,Q,,N,,CPI,,PA,,_T,,N,,GY,,2009-Q3,,0.2815962,,A,,,,,,,,2,
DATAFLOW,OECD.SDD.TPS:DSD_PRICES@DF_PRICES_ALL(1.0),,I,NLD,,Q,,N,,CPI,,PA,,_T,,N,,GY,,2009-Q4,,0.9259948,,A,,,,,,,,2,
DATAFLOW,OECD.SDD.TPS:DSD_PRICES@DF_PRICES_ALL(1.0),,I,NLD,,Q,,N,,CPI,,PA,,_T,,N,,GY,,2010-Q1,,0.884792,,A,,,,,,,,2,
DATAFLOW,OECD.SDD.TPS:DSD_PRICES@DF_PRICES_ALL(1.0),,I,NLD,,Q,,N,,CPI,,PA,,_T,,N,,GY,,2010-Q2,,0.9704471,,A,,,,,,,,2,
DATAFLOW,OECD.SDD.TPS:DSD_PRICES@DF_PRICES_ALL(1.0),,I,NLD,,Q,,N,,CPI,,PA,,_T,,N,,GY,,2010-Q3,,1.559209,,A,,,,,,,,2,
DATAFLOW,OECD.SDD.TPS:DSD_PRICES@DF_PRICES_ALL(1.0),,I,NLD,,Q,,N,,CPI,,PA,,_T,,N,,GY,,2010-Q4,,1.687608,,A,,,,,,,,2,
DATAFLOW,OECD.SDD.TPS:DSD_PRICES@DF_PRICES_ALL(1.0),,I,NLD,,Q,,N,,CPI,,PA,,_T,,N,,GY,,2011-Q1,,1.864152,,A,,,,,,,,2,
DATAFLOW,OECD.SDD.TPS:DSD_PRICES@DF_PRICES_ALL(1.0),,I,NLD,,Q,,N,,CPI,,PA,,_T,,N,,GY,,2011-Q2,,2.118091,,A,,,,,,,,2,
DATAFLOW,OECD.SDD.TPS:DSD_PRICES@DF_PRICES_ALL(1.0),,I,NLD,,Q,,N,,CPI,,PA,,_T,,N,,GY,,2011-Q3,,2.870448,,A,,,,,,,,2,
DATAFLOW,OECD.SDD.TPS:DSD_PRICES@DF_PRICES_ALL(1.0),,I,NLD,,Q,,N,,CPI,,PA,,_T,,N,,GY,,2011-Q4,,2.507519,,A,,,,,,,,2,
DATAFLOW,OECD.SDD.TPS:DSD_PRICES@DF_PRICES_ALL(1.0),,I,NLD,,Q,,N,,CPI,,PA,,_T,,N,,GY,,2012-Q1,,2.478475,,A,,,,,,,,2,
DATAFLOW,OECD.SDD.TPS:DSD_PRICES@DF_PRICES_ALL(1.0),,I,NLD,,Q,,N,,CPI,,PA,,_T,,N,,GY,,2012-Q2,,2.205569,,A,,,,,,,,2,
DATAFLOW,OECD.SDD.TPS:DSD_PRICES@DF_PRICES_ALL(1.0),,I,NLD,,Q,,N,,CPI,,PA,,_T,,N,,GY,,2012-Q3,,2.291696,,A,,,,,,,,2,
DATAFLOW,OECD.SDD.TPS:DSD_PRICES@DF_PRICES_ALL(1.0),,I,NLD,,Q,,N,,CPI,,PA,,_T,,N,,GY,,2012-Q4,,2.845629,,A,,,,,,,,2,
DATAFLOW,OECD.SDD.TPS:DSD_PRICES@DF_PRICES_ALL(1.0),,I,NLD,,Q,,N,,CPI,,PA,,_T,,N,,GY,,2013-Q1,,2.963406,,A,,,,,,,,2,
DATAFLOW,OECD.SDD.TPS:DSD_PRICES@DF_PRICES_ALL(1.0),,I,NLD,,Q,,N,,CPI,,PA,,_T,,N,,GY,,2013-Q2,,2.748723,,A,,,,,,,,2,
DATAFLOW,OECD.SDD.TPS:DSD_PRICES@DF_PRICES_ALL(1.0),,I,NLD,,Q,,N,,CPI,,PA,,_T,,N,,GY,,2013-Q3,,2.772784,,A,,,,,,,,2,
DATAFLOW,OECD.SDD.TPS:DSD_PRICES@DF_PRICES_ALL(1.0),,I,NLD,,Q,,N,,CPI,,PA,,_T,,N,,GY,,2013-Q4,,1.557022,,A,,,,,,,,2,
DATAFLOW,OECD.SDD.TPS:DSD_PRICES@DF_PRICES_ALL(1.0),,I,NLD,,Q,,N,,CPI,,PA,,_T,,N,,GY,,2014-Q1,,1.095937,,A,,,,,,,,2,
DATAFLOW,OECD.SDD.TPS:DSD_PRICES@DF_PRICES_ALL(1.0),,I,NLD,,Q,,N,,CPI,,PA,,_T,,N,,GY,,2014-Q2,,0.9875541,,A,,,,,,,,2,
DATAFLOW,OECD.SDD.TPS:DSD_PRICES@DF_PRICES_ALL(1.0),,I,NLD,,Q,,N,,CPI,,PA,,_T,,N,,GY,,2014-Q3,,0.9183879,,A,,,,,,,,2,
DATAFLOW,OECD.SDD.TPS:DSD_PRICES@DF_PRICES_ALL(1.0),,I,NLD,,Q,,N,,CPI,,PA,,_T,,N,,GY,,2014-Q4,,0.903645,,A,,,,,,,,2,
DATAFLOW,OECD.SDD.TPS:DSD_PRICES@DF_PRICES_ALL(1.0),,I,NLD,,Q,,N,,CPI,,PA,,_T,,N,,GY,,2015-Q1,,0.1621019,,A,,,,,,,,2,
DATAFLOW,OECD.SDD.TPS:DSD_PRICES@DF_PRICES_ALL(1.0),,I,NLD,,Q,,N,,CPI,,PA,,_T,,N,,GY,,2015-Q2,,0.8807769,,A,,,,,,,,2,
DATAFLOW,OECD.SDD.TPS:DSD_PRICES@DF_PRICES_ALL(1.0),,I,NLD,,Q,,N,,CPI,,PA,,_T,,N,,GY,,2015-Q3,,0.7333578,,A,,,,,,,,2,
DATAFLOW,OECD.SDD.TPS:DSD_PRICES@DF_PRICES_ALL(1.0),,I,NLD,,Q,,N,,CPI,,PA,,_T,,N,,GY,,2015-Q4,,0.6205139,,A,,,,,,,,2,
DATAFLOW,OECD.SDD.TPS:DSD_PRICES@DF_PRICES_ALL(1.0),,I,NLD,,Q,,N,,CPI,,PA,,_T,,N,,GY,,2016-Q1,,0.5832968,,A,,,,,,,,2,
DATAFLOW,OECD.SDD.TPS:DSD_PRICES@DF_PRICES_ALL(1.0),,I,NLD,,Q,,N,,CPI,,PA,,_T,,N,,GY,,2016-Q2,,0.003319722,,A,,,,,,,,2,
DATAFLOW,OECD.SDD.TPS:DSD_PRICES@DF_PRICES_ALL(1.0),,I,NLD,,Q,,N,,CPI,,PA,,_T,,N,,GY,,2016-Q3,,0.006618353,,A,,,,,,,,2,
DATAFLOW,OECD.SDD.TPS:DSD_PRICES@DF_PRICES_ALL(1.0),,I,NLD,,Q,,N,,CPI,,PA,,_T,,N,,GY,,2016-Q4,,0.6800227,,A,,,,,,,,2,
DATAFLOW,OECD.SDD.TPS:DSD_PRICES@DF_PRICES_ALL(1.0),,I,NLD,,Q,,N,,CPI,,PA,,_T,,N,,GY,,2017-Q1,,1.52856,,A,,,,,,,,2,
DATAFLOW,OECD.SDD.TPS:DSD_PRICES@DF_PRICES_ALL(1.0),,I,NLD,,Q,,N,,CPI,,PA,,_T,,N,,GY,,2017-Q2,,1.248174,,A,,,,,,,,2,
DATAFLOW,OECD.SDD.TPS:DSD_PRICES@DF_PRICES_ALL(1.0),,I,NLD,,Q,,N,,CPI,,PA,,_T,,N,,GY,,2017-Q3,,1.389762,,A,,,,,,,,2,
DATAFLOW,OECD.SDD.TPS:DSD_PRICES@DF_PRICES_ALL(1.0),,I,NLD,,Q,,N,,CPI,,PA,,_T,,N,,GY,,2017-Q4,,1.360792,,A,,,,,,,,2,
DATAFLOW,OECD.SDD.TPS:DSD_PRICES@DF_PRICES_ALL(1.0),,I,NLD,,Q,,N,,CPI,,PA,,_T,,N,,GY,,2018-Q1,,1.228209,,A,,,,,,,,2,
DATAFLOW,OECD.SDD.TPS:DSD_PRICES@DF_PRICES_ALL(1.0),,I,NLD,,Q,,N,,CPI,,PA,,_T,,N,,GY,,2018-Q2,,1.518033,,A,,,,,,,,2,
DATAFLOW,OECD.SDD.TPS:DSD_PRICES@DF_PRICES_ALL(1.0),,I,NLD,,Q,,N,,CPI,,PA,,_T,,N,,GY,,2018-Q3,,2.02996,,A,,,,,,,,2,
DATAFLOW,OECD.SDD.TPS:DSD_PRICES@DF_PRICES_ALL(1.0),,I,NLD,,Q,,N,,CPI,,PA,,_T,,N,,GY,,2018-Q4,,2.03175,,A,,,,,,,,2,
DATAFLOW,OECD.SDD.TPS:DSD_PRICES@DF_PRICES_ALL(1.0),,I,NLD,,Q,,N,,CPI,,PA,,_T,,N,,GY,,2019-Q1,,2.54077,,A,,,,,,,,2,
DATAFLOW,OECD.SDD.TPS:DSD_PRICES@DF_PRICES_ALL(1.0),,I,NLD,,Q,,N,,CPI,,PA,,_T,,N,,GY,,2019-Q2,,2.658011,,A,,,,,,,,2,
DATAFLOW,OECD.SDD.TPS:DSD_PRICES@DF_PRICES_ALL(1.0),,I,NLD,,Q,,N,,CPI,,PA,,_T,,N,,GY,,2019-Q3,,2.66769,,A,,,,,,,,2,
DATAFLOW,OECD.SDD.TPS:DSD_PRICES@DF_PRICES_ALL(1.0),,I,NLD,,Q,,N,,CPI,,PA,,_T,,N,,GY,,2019-Q4,,2.666795,,A,,,,,,,,2,
DATAFLOW,OECD.SDD.TPS:DSD_PRICES@DF_PRICES_ALL(1.0),,I,NLD,,Q,,N,,CPI,,PA,,_T,,N,,GY,,2020-Q1,,1.612647,,A,,,,,,,,2,
DATAFLOW,OECD.SDD.TPS:DSD_PRICES@DF_PRICES_ALL(1.0),,I,NLD,,Q,,N,,CPI,,PA,,_T,,N,,GY,,2020-Q2,,1.311898,,A,,,,,,,,2,
DATAFLOW,OECD.SDD.TPS:DSD_PRICES@DF_PRICES_ALL(1.0),,I,NLD,,Q,,N,,CPI,,PA,,_T,,N,,GY,,2020-Q3,,1.162102,,A,,,,,,,,2,
DATAFLOW,OECD.SDD.TPS:DSD_PRICES@DF_PRICES_ALL(1.0),,I,NLD,,Q,,N,,CPI,,PA,,_T,,N,,GY,,2020-Q4,,1.010321,,A,,,,,,,,2,
DATAFLOW,OECD.SDD.TPS:DSD_PRICES@DF_PRICES_ALL(1.0),,I,NLD,,Q,,N,,CPI,,PA,,_T,,N,,GY,,2021-Q1,,1.752958,,A,,,,,,,,2,
DATAFLOW,OECD.SDD.TPS:DSD_PRICES@DF_PRICES_ALL(1.0),,I,NLD,,Q,,N,,CPI,,PA,,_T,,N,,GY,,2021-Q2,,2.006024,,A,,,,,,,,2,
DATAFLOW,OECD.SDD.TPS:DSD_PRICES@DF_PRICES_ALL(1.0),,I,NLD,,Q,,N,,CPI,,PA,,_T,,N,,GY,,2021-Q3,,2.165076,,A,,,,,,,,2,
DATAFLOW,OECD.SDD.TPS:DSD_PRICES@DF_PRICES_ALL(1.0),,I,NLD,,Q,,N,,CPI,,PA,,_T,,N,,GY,,2021-Q4,,4.763375,,A,,,,,,,,2,
DATAFLOW,OECD.SDD.TPS:DSD_PRICES@DF_PRICES_ALL(1.0),,I,NLD,,Q,,N,,CPI,,PA,,_T,,N,,GY,,2022-Q1,,7.444779,,A,,,,,,,,2,
DATAFLOW,OECD.SDD.TPS:DSD_PRICES@DF_PRICES_ALL(1.0),,I,NLD,,Q,,N,,CPI,,PA,,_T,,N,,GY,,2022-Q2,,8.956133,,A,,,,,,,,2,
DATAFLOW,OECD.SDD.TPS:DSD_PRICES@DF_PRICES_ALL(1.0),,I,NLD,,Q,,N,,CPI,,PA,,_T,,N,,GY,,2022-Q3,,12.26299,,A,,,,,,,,2,
DATAFLOW,OECD.SDD.TPS:DSD_PRICES@DF_PRICES_ALL(1.0),,I,NLD,,Q,,N,,CPI,,PA,,_T,,N,,GY,,2022-Q4,,11.25059,,A,,,,,,,,2,
DATAFLOW,OECD.SDD.TPS:DSD_PRICES@DF_PRICES_ALL(1.0),,I,NLD,,Q,,N,,CPI,,PA,,_T,,N,,GY,,2023-Q1,,6.61971,,A,,,,,,,,2,
DATAFLOW,OECD.SDD.TPS:DSD_PRICES@DF_PRICES_ALL(1.0),,I,NLD,,Q,,N,,CPI,,PA,,_T,,N,,GY,,2023-Q2,,5.641083,,A,,,,,,,,2,
DATAFLOW,OECD.SDD.TPS:DSD_PRICES@DF_PRICES_ALL(1.0),,I,NLD,,Q,,N,,CPI,,PA,,_T,,N,,GY,,2023-Q3,,2.572434,,A,,,,,,,,2,
DATAFLOW,OECD.SDD.TPS:DSD_PRICES@DF_PRICES_ALL(1.0),,I,NLD,,Q,,N,,CPI,,PA,,_T,,N,,GY,,2023-Q4,,0.8052127,,A,,,,,,,,2,
DATAFLOW,OECD.SDD.TPS:DSD_PRICES@DF_PRICES_ALL(1.0),,I,NLD,,Q,,N,,CPI,,PA,,_T,,N,,GY,,2024-Q1,,3.023793,,A,,,,,,,,2,
DATAFLOW,OECD.SDD.TPS:DSD_PRICES@DF_PRICES_ALL(1.0),,I,NLD,,Q,,N,,CPI,,PA,,_T,,N,,GY,,2024-Q2,,2.888125,,A,,,,,,,,2,
DATAFLOW,OECD.SDD.TPS:DSD_PRICES@DF_PRICES_ALL(1.0),,I,NLD,,Q,,N,,CPI,,PA,,_T,,N,,GY,,2024-Q3,,3.581246,,A,,,,,,,,2,
DATAFLOW,OECD.SDD.TPS:DSD_PRICES@DF_PRICES_ALL(1.0),,I,NLD,,Q,,N,,CPI,,PA,,_T,,N,,GY,,2024-Q4,,3.886174,,A,,,,,,,,2,
DATAFLOW,OECD.SDD.TPS:DSD_PRICES@DF_PRICES_ALL(1.0),,I,NLD,,Q,,N,,CPI,,PA,,_T,,N,,GY,,2025-Q1,,3.607549,,A,,,,,,,,2,
DATAFLOW,OECD.SDD.TPS:DSD_PRICES@DF_PRICES_ALL(1.0),,I,NLD,,Q,,N,,CPI,,PA,,_T,,N,,GY,,2025-Q2,,3.511388,,A,,,,,,,,2,
DATAFLOW,OECD.SDD.TPS:DSD_PRICES@DF_PRICES_ALL(1.0),,I,NLD,,Q,,N,,CPI,,PA,,_T,,N,,GY,,2025-Q3,,3.015139,,A,,,,,,,,2,
DATAFLOW,OECD.SDD.TPS:DSD_PRICES@DF_PRICES_ALL(1.0),,I,NLD,,Q,,N,,CPI,,PA,,_T,,N,,GY,,2025-Q4,,2.918785,,A,,,,,,,,2,
DATAFLOW,OECD.SDD.TPS:DSD_PRICES@DF_PRICES_ALL(1.0),,I,TUR,,Q,,N,,CPI,,PA,,_T,,N,,GY,,1996-Q3,,81.01266,,A,,,,,,,,2,
DATAFLOW,OECD.SDD.TPS:DSD_PRICES@DF_PRICES_ALL(1.0),,I,TUR,,Q,,N,,CPI,,PA,,_T,,N,,GY,,1996-Q4,,79.91317,,A,,,,,,,,2,
DATAFLOW,OECD.SDD.TPS:DSD_PRICES@DF_PRICES_ALL(1.0),,I,TUR,,Q,,N,,CPI,,PA,,_T,,N,,GY,,1997-Q1,,76.91837,,A,,,,,,,,2,
DATAFLOW,OECD.SDD.TPS:DSD_PRICES@DF_PRICES_ALL(1.0),,I,TUR,,Q,,N,,CPI,,PA,,_T,,N,,GY,,1997-Q2,,77.56431,,A,,,,,,,,2,
DATAFLOW,OECD.SDD.TPS:DSD_PRICES@DF_PRICES_ALL(1.0),,I,TUR,,Q,,N,,CPI,,PA,,_T,,N,,GY,,1997-Q3,,87.45984,,A,,,,,,,,2,
DATAFLOW,OECD.SDD.TPS:DSD_PRICES@DF_PRICES_ALL(1.0),,I,TUR,,Q,,N,,CPI,,PA,,_T,,N,,GY,,1997-Q4,,96.10682,,A,,,,,,,,2,
DATAFLOW,OECD.SDD.TPS:DSD_PRICES@DF_PRICES_ALL(1.0),,I,TUR,,Q,,N,,CPI,,PA,,_T,,N,,GY,,1998-Q1,,99.27366,,A,,,,,,,,2,
DATAFLOW,OECD.SDD.TPS:DSD_PRICES@DF_PRICES_ALL(1.0),,I,TUR,,Q,,N,,CPI,,PA,,_T,,N,,GY,,1998-Q2,,91.7933,,A,,,,,,,,2,
DATAFLOW,OECD.SDD.TPS:DSD_PRICES@DF_PRICES_ALL(1.0),,I,TUR,,Q,,N,,CPI,,PA,,_T,,N,,GY,,1998-Q3,,82.29571,,A,,,,,,,,2,
DATAFLOW,OECD.SDD.TPS:DSD_PRICES@DF_PRICES_ALL(1.0),,I,TUR,,Q,,N,,CPI,,PA,,_T,,N,,GY,,1998-Q4,,72.91222,,A,,,,,,,,2,
DATAFLOW,OECD.SDD.TPS:DSD_PRICES@DF_PRICES_ALL(1.0),,I,TUR,,Q,,N,,CPI,,PA,,_T,,N,,GY,,1999-Q1,,64.42184,,A,,,,,,,,2,
DATAFLOW,OECD.SDD.TPS:DSD_PRICES@DF_PRICES_ALL(1.0),,I,TUR,,Q,,N,,CPI,,PA,,_T,,N,,GY,,1999-Q2,,63.69998,,A,,,,,,,,2,
DATAFLOW,OECD.SDD.TPS:DSD_PRICES@DF_PRICES_ALL(1.0),,I,TUR,,Q,,N,,CPI,,PA,,_T,,N,,GY,,1999-Q3,,64.87749,,A,,,,,,,,2,
DATAFLOW,OECD.SDD.TPS:DSD_PRICES@DF_PRICES_ALL(1.0),,I,TUR,,Q,,N,,CPI,,PA,,_T,,N,,GY,,1999-Q4,,66.06177,,A,,,,,,,,2,
DATAFLOW,OECD.SDD.TPS:DSD_PRICES@DF_PRICES_ALL(1.0),,I,TUR,,Q,,N,,CPI,,PA,,_T,,N,,GY,,2000-Q1,,68.82719,,A,,,,,,,,2,
DATAFLOW,OECD.SDD.TPS:DSD_PRICES@DF_PRICES_ALL(1.0),,I,TUR,,Q,,N,,CPI,,PA,,_T,,N,,GY,,2000-Q2,,61.65232,,A,,,,,,,,2,
DATAFLOW,OECD.SDD.TPS:DSD_PRICES@DF_PRICES_ALL(1.0),,I,TUR,,Q,,N,,CPI,,PA,,_T,,N,,GY,,2000-Q3,,52.65753,,A,,,,,,,,2,
DATAFLOW,OECD.SDD.TPS:DSD_PRICES@DF_PRICES_ALL(1.0),,I,TUR,,Q,,N,,CPI,,PA,,_T,,N,,GY,,2000-Q4,,42.31555,,A,,,,,,,,2,
DATAFLOW,OECD.SDD.TPS:DSD_PRICES@DF_PRICES_ALL(1.0),,I,TUR,,Q,,N,,CPI,,PA,,_T,,N,,GY,,2001-Q1,,35.63059,,A,,,,,,,,2,
DATAFLOW,OECD.SDD.TPS:DSD_PRICES@DF_PRICES_ALL(1.0),,I,TUR,,Q,,N,,CPI,,PA,,_T,,N,,GY,,2001-Q2,,52.29092,,A,,,,,,,,2,
DATAFLOW,OECD.SDD.TPS:DSD_PRICES@DF_PRICES_ALL(1.0),,I,TUR,,Q,,N,,CPI,,PA,,_T,,N,,GY,,2001-Q3,,58.59326,,A,,,,,,,,2,
DATAFLOW,OECD.SDD.TPS:DSD_PRICES@DF_PRICES_ALL(1.0),,I,TUR,,Q,,N,,CPI,,PA,,_T,,N,,GY,,2001-Q4,,67.45192,,A,,,,,,,,2,
DATAFLOW,OECD.SDD.TPS:DSD_PRICES@DF_PRICES_ALL(1.0),,I,TUR,,Q,,N,,CPI,,PA,,_T,,N,,GY,,2002-Q1,,70.32741,,A,,,,,,,,2,
DATAFLOW,OECD.SDD.TPS:DSD_PRICES@DF_PRICES_ALL(1.0),,I,TUR,,Q,,N,,CPI,,PA,,_T,,N,,GY,,2002-Q2,,47.04456,,A,,,,,,,,2,
DATAFLOW,OECD.SDD.TPS:DSD_PRICES@DF_PRICES_ALL(1.0),,I,TUR,,Q,,N,,CPI,,PA,,_T,,N,,GY,,2002-Q3,,39.45757,,A,,,,,,,,2,
DATAFLOW,OECD.SDD.TPS:DSD_PRICES@DF_PRICES_ALL(1.0),,I,TUR,,Q,,N,,CPI,,PA,,_T,,N,,GY,,2002-Q4,,31.60961,,A,,,,,,,,2,
DATAFLOW,OECD.SDD.TPS:DSD_PRICES@DF_PRICES_ALL(1.0),,I,TUR,,Q,,N,,CPI,,PA,,_T,,N,,GY,,2003-Q1,,26.53236,,A,,,,,,,,2,
DATAFLOW,OECD.SDD.TPS:DSD_PRICES@DF_PRICES_ALL(1.0),,I,TUR,,Q,,N,,CPI,,PA,,_T,,N,,GY,,2003-Q2,,25.86128,,A,,,,,,,,2,
DATAFLOW,OECD.SDD.TPS:DSD_PRICES@DF_PRICES_ALL(1.0),,I,TUR,,Q,,N,,CPI,,PA,,_T,,N,,GY,,2003-Q3,,21.06997,,A,,,,,,,,2,
DATAFLOW,OECD.SDD.TPS:DSD_PRICES@DF_PRICES_ALL(1.0),,I,TUR,,Q,,N,,CPI,,PA,,_T,,N,,GY,,2003-Q4,,14.21423,,A,,,,,,,,2,
DATAFLOW,OECD.SDD.TPS:DSD_PRICES@DF_PRICES_ALL(1.0),,I,TUR,,Q,,N,,CPI,,PA,,_T,,N,,GY,,2004-Q1,,9.477034,,A,,,,,,,,2,
DATAFLOW,OECD.SDD.TPS:DSD_PRICES@DF_PRICES_ALL(1.0),,I,TUR,,Q,,N,,CPI,,PA,,_T,,N,,GY,,2004-Q2,,7.418546,,A,,,,,,,,2,
DATAFLOW,OECD.SDD.TPS:DSD_PRICES@DF_PRICES_ALL(1.0),,I,TUR,,Q,,N,,CPI,,PA,,_T,,N,,GY,,2004-Q3,,8.083991,,A,,,,,,,,2,
DATAFLOW,OECD.SDD.TPS:DSD_PRICES@DF_PRICES_ALL(1.0),,I,TUR,,Q,,N,,CPI,,PA,,_T,,N,,GY,,2004-Q4,,9.417112,,A,,,,,,,,2,
DATAFLOW,OECD.SDD.TPS:DSD_PRICES@DF_PRICES_ALL(1.0),,I,TUR,,Q,,N,,CPI,,PA,,_T,,N,,GY,,2005-Q1,,8.621888,,A,,,,,,,,2,
DATAFLOW,OECD.SDD.TPS:DSD_PRICES@DF_PRICES_ALL(1.0),,I,TUR,,Q,,N,,CPI,,PA,,_T,,N,,GY,,2005-Q2,,8.610982,,A,,,,,,,,2,
DATAFLOW,OECD.SDD.TPS:DSD_PRICES@DF_PRICES_ALL(1.0),,I,TUR,,Q,,N,,CPI,,PA,,_T,,N,,GY,,2005-Q3,,7.909032,,A,,,,,,,,2,
DATAFLOW,OECD.SDD.TPS:DSD_PRICES@DF_PRICES_ALL(1.0),,I,TUR,,Q,,N,,CPI,,PA,,_T,,N,,GY,,2005-Q4,,7.616606,,A,,,,,,,,2,
DATAFLOW,OECD.SDD.TPS:DSD_PRICES@DF_PRICES_ALL(1.0),,I,TUR,,Q,,N,,CPI,,PA,,_T,,N,,GY,,2006-Q1,,8.080044,,A,,,,,,,,2,
DATAFLOW,OECD.SDD.TPS:DSD_PRICES@DF_PRICES_ALL(1.0),,I,TUR,,Q,,N,,CPI,,PA,,_T,,N,,GY,,2006-Q2,,9.606737,,A,,,,,,,,2,
DATAFLOW,OECD.SDD.TPS:DSD_PRICES@DF_PRICES_ALL(1.0),,I,TUR,,Q,,N,,CPI,,PA,,_T,,N,,GY,,2006-Q3,,10.83049,,A,,,,,,,,2,
DATAFLOW,OECD.SDD.TPS:DSD_PRICES@DF_PRICES_ALL(1.0),,I,TUR,,Q,,N,,CPI,,PA,,_T,,N,,GY,,2006-Q4,,9.829153,,A,,,,,,,,2,
DATAFLOW,OECD.SDD.TPS:DSD_PRICES@DF_PRICES_ALL(1.0),,I,TUR,,Q,,N,,CPI,,PA,,_T,,N,,GY,,2007-Q1,,10.31782,,A,,,,,,,,2,
DATAFLOW,OECD.SDD.TPS:DSD_PRICES@DF_PRICES_ALL(1.0),,I,TUR,,Q,,N,,CPI,,PA,,_T,,N,,GY,,2007-Q2,,9.506886,,A,,,,,,,,2,
DATAFLOW,OECD.SDD.TPS:DSD_PRICES@DF_PRICES_ALL(1.0),,I,TUR,,Q,,N,,CPI,,PA,,_T,,N,,GY,,2007-Q3,,7.139191,,A,,,,,,,,2,
DATAFLOW,OECD.SDD.TPS:DSD_PRICES@DF_PRICES_ALL(1.0),,I,TUR,,Q,,N,,CPI,,PA,,_T,,N,,GY,,2007-Q4,,8.164232,,A,,,,,,,,2,
DATAFLOW,OECD.SDD.TPS:DSD_PRICES@DF_PRICES_ALL(1.0),,I,TUR,,Q,,N,,CPI,,PA,,_T,,N,,GY,,2008-Q1,,8.81126,,A,,,,,,,,2,
DATAFLOW,OECD.SDD.TPS:DSD_PRICES@DF_PRICES_ALL(1.0),,I,TUR,,Q,,N,,CPI,,PA,,_T,,N,,GY,,2008-Q2,,10.33767,,A,,,,,,,,2,
DATAFLOW,OECD.SDD.TPS:DSD_PRICES@DF_PRICES_ALL(1.0),,I,TUR,,Q,,N,,CPI,,PA,,_T,,N,,GY,,2008-Q3,,11.6503,,A,,,,,,,,2,
DATAFLOW,OECD.SDD.TPS:DSD_PRICES@DF_PRICES_ALL(1.0),,I,TUR,,Q,,N,,CPI,,PA,,_T,,N,,GY,,2008-Q4,,10.92904,,A,,,,,,,,2,
DATAFLOW,OECD.SDD.TPS:DSD_PRICES@DF_PRICES_ALL(1.0),,I,TUR,,Q,,N,,CPI,,PA,,_T,,N,,GY,,2009-Q1,,8.366775,,A,,,,,,,,2,
DATAFLOW,OECD.SDD.TPS:DSD_PRICES@DF_PRICES_ALL(1.0),,I,TUR,,Q,,N,,CPI,,PA,,_T,,N,,GY,,2009-Q2,,5.696736,,A,,,,,,,,2,
DATAFLOW,OECD.SDD.TPS:DSD_PRICES@DF_PRICES_ALL(1.0),,I,TUR,,Q,,N,,CPI,,PA,,_T,,N,,GY,,2009-Q3,,5.333162,,A,,,,,,,,2,
DATAFLOW,OECD.SDD.TPS:DSD_PRICES@DF_PRICES_ALL(1.0),,I,TUR,,Q,,N,,CPI,,PA,,_T,,N,,GY,,2009-Q4,,5.711496,,A,,,,,,,,2,
DATAFLOW,OECD.SDD.TPS:DSD_PRICES@DF_PRICES_ALL(1.0),,I,TUR,,Q,,N,,CPI,,PA,,_T,,N,,GY,,2010-Q1,,9.291019,,A,,,,,,,,2,
DATAFLOW,OECD.SDD.TPS:DSD_PRICES@DF_PRICES_ALL(1.0),,I,TUR,,Q,,N,,CPI,,PA,,_T,,N,,GY,,2010-Q2,,9.218145,,A,,,,,,,,2,
DATAFLOW,OECD.SDD.TPS:DSD_PRICES@DF_PRICES_ALL(1.0),,I,TUR,,Q,,N,,CPI,,PA,,_T,,N,,GY,,2010-Q3,,8.382892,,A,,,,,,,,2,
DATAFLOW,OECD.SDD.TPS:DSD_PRICES@DF_PRICES_ALL(1.0),,I,TUR,,Q,,N,,CPI,,PA,,_T,,N,,GY,,2010-Q4,,7.429245,,A,,,,,,,,2,
DATAFLOW,OECD.SDD.TPS:DSD_PRICES@DF_PRICES_ALL(1.0),,I,TUR,,Q,,N,,CPI,,PA,,_T,,N,,GY,,2011-Q1,,4.344287,,A,,,,,,,,2,
DATAFLOW,OECD.SDD.TPS:DSD_PRICES@DF_PRICES_ALL(1.0),,I,TUR,,Q,,N,,CPI,,PA,,_T,,N,,GY,,2011-Q2,,5.888414,,A,,,,,,,,2,
DATAFLOW,OECD.SDD.TPS:DSD_PRICES@DF_PRICES_ALL(1.0),,I,TUR,,Q,,N,,CPI,,PA,,_T,,N,,GY,,2011-Q3,,6.372144,,A,,,,,,,,2,
DATAFLOW,OECD.SDD.TPS:DSD_PRICES@DF_PRICES_ALL(1.0),,I,TUR,,Q,,N,,CPI,,PA,,_T,,N,,GY,,2011-Q4,,9.195024,,A,,,,,,,,2,
DATAFLOW,OECD.SDD.TPS:DSD_PRICES@DF_PRICES_ALL(1.0),,I,TUR,,Q,,N,,CPI,,PA,,_T,,N,,GY,,2012-Q1,,10.49108,,A,,,,,,,,2,
DATAFLOW,OECD.SDD.TPS:DSD_PRICES@DF_PRICES_ALL(1.0),,I,TUR,,Q,,N,,CPI,,PA,,_T,,N,,GY,,2012-Q2,,9.418072,,A,,,,,,,,2,
DATAFLOW,OECD.SDD.TPS:DSD_PRICES@DF_PRICES_ALL(1.0),,I,TUR,,Q,,N,,CPI,,PA,,_T,,N,,GY,,2012-Q3,,9.044818,,A,,,,,,,,2,
DATAFLOW,OECD.SDD.TPS:DSD_PRICES@DF_PRICES_ALL(1.0),,I,TUR,,Q,,N,,CPI,,PA,,_T,,N,,GY,,2012-Q4,,6.770432,,A,,,,,,,,2,
DATAFLOW,OECD.SDD.TPS:DSD_PRICES@DF_PRICES_ALL(1.0),,I,TUR,,Q,,N,,CPI,,PA,,_T,,N,,GY,,2013-Q1,,7.207829,,A,,,,,,,,2,
DATAFLOW,OECD.SDD.TPS:DSD_PRICES@DF_PRICES_ALL(1.0),,I,TUR,,Q,,N,,CPI,,PA,,_T,,N,,GY,,2013-Q2,,6.977458,,A,,,,,,,,2,
DATAFLOW,OECD.SDD.TPS:DSD_PRICES@DF_PRICES_ALL(1.0),,I,TUR,,Q,,N,,CPI,,PA,,_T,,N,,GY,,2013-Q3,,8.309168,,A,,,,,,,,2,
DATAFLOW,OECD.SDD.TPS:DSD_PRICES@DF_PRICES_ALL(1.0),,I,TUR,,Q,,N,,CPI,,PA,,_T,,N,,GY,,2013-Q4,,7.475638,,A,,,,,,,,2,
DATAFLOW,OECD.SDD.TPS:DSD_PRICES@DF_PRICES_ALL(1.0),,I,TUR,,Q,,N,,CPI,,PA,,_T,,N,,GY,,2014-Q1,,8.009679,,A,,,,,,,,2,
DATAFLOW,OECD.SDD.TPS:DSD_PRICES@DF_PRICES_ALL(1.0),,I,TUR,,Q,,N,,CPI,,PA,,_T,,N,,GY,,2014-Q2,,9.400366,,A,,,,,,,,2,
DATAFLOW,OECD.SDD.TPS:DSD_PRICES@DF_PRICES_ALL(1.0),,I,TUR,,Q,,N,,CPI,,PA,,_T,,N,,GY,,2014-Q3,,9.236269,,A,,,,,,,,2,
DATAFLOW,OECD.SDD.TPS:DSD_PRICES@DF_PRICES_ALL(1.0),,I,TUR,,Q,,N,,CPI,,PA,,_T,,N,,GY,,2014-Q4,,8.760275,,A,,,,,,,,2,
DATAFLOW,OECD.SDD.TPS:DSD_PRICES@DF_PRICES_ALL(1.0),,I,TUR,,Q,,N,,CPI,,PA,,_T,,N,,GY,,2015-Q1,,7.46675,,A,,,,,,,,2,
DATAFLOW,OECD.SDD.TPS:DSD_PRICES@DF_PRICES_ALL(1.0),,I,TUR,,Q,,N,,CPI,,PA,,_T,,N,,GY,,2015-Q2,,7.73599,,A,,,,,,,,2,
DATAFLOW,OECD.SDD.TPS:DSD_PRICES@DF_PRICES_ALL(1.0),,I,TUR,,Q,,N,,CPI,,PA,,_T,,N,,GY,,2015-Q3,,7.301009,,A,,,,,,,,2,
DATAFLOW,OECD.SDD.TPS:DSD_PRICES@DF_PRICES_ALL(1.0),,I,TUR,,Q,,N,,CPI,,PA,,_T,,N,,GY,,2015-Q4,,8.163403,,A,,,,,,,,2,
DATAFLOW,OECD.SDD.TPS:DSD_PRICES@DF_PRICES_ALL(1.0),,I,TUR,,Q,,N,,CPI,,PA,,_T,,N,,GY,,2016-Q1,,8.598533,,A,,,,,,,,2,
DATAFLOW,OECD.SDD.TPS:DSD_PRICES@DF_PRICES_ALL(1.0),,I,TUR,,Q,,N,,CPI,,PA,,_T,,N,,GY,,2016-Q2,,6.927862,,A,,,,,,,,2,
DATAFLOW,OECD.SDD.TPS:DSD_PRICES@DF_PRICES_ALL(1.0),,I,TUR,,Q,,N,,CPI,,PA,,_T,,N,,GY,,2016-Q3,,8.036956,,A,,,,,,,,2,
DATAFLOW,OECD.SDD.TPS:DSD_PRICES@DF_PRICES_ALL(1.0),,I,TUR,,Q,,N,,CPI,,PA,,_T,,N,,GY,,2016-Q4,,7.565904,,A,,,,,,,,2,
DATAFLOW,OECD.SDD.TPS:DSD_PRICES@DF_PRICES_ALL(1.0),,I,TUR,,Q,,N,,CPI,,PA,,_T,,N,,GY,,2017-Q1,,10.21274,,A,,,,,,,,2,
DATAFLOW,OECD.SDD.TPS:DSD_PRICES@DF_PRICES_ALL(1.0),,I,TUR,,Q,,N,,CPI,,PA,,_T,,N,,GY,,2017-Q2,,11.49598,,A,,,,,,,,2,
DATAFLOW,OECD.SDD.TPS:DSD_PRICES@DF_PRICES_ALL(1.0),,I,TUR,,Q,,N,,CPI,,PA,,_T,,N,,GY,,2017-Q3,,10.55504,,A,,,,,,,,2,
DATAFLOW,OECD.SDD.TPS:DSD_PRICES@DF_PRICES_ALL(1.0),,I,TUR,,Q,,N,,CPI,,PA,,_T,,N,,GY,,2017-Q4,,12.26635,,A,,,,,,,,2,
DATAFLOW,OECD.SDD.TPS:DSD_PRICES@DF_PRICES_ALL(1.0),,I,TUR,,Q,,N,,CPI,,PA,,_T,,N,,GY,,2018-Q1,,10.27945,,A,,,,,,,,2,
DATAFLOW,OECD.SDD.TPS:DSD_PRICES@DF_PRICES_ALL(1.0),,I,TUR,,Q,,N,,CPI,,PA,,_T,,N,,GY,,2018-Q2,,12.79448,,A,,,,,,,,2,
DATAFLOW,OECD.SDD.TPS:DSD_PRICES@DF_PRICES_ALL(1.0),,I,MEX,,Q,,N,,CPI,,PA,,_T,,N,,GY,,1996-Q3,,30.53785,,A,,,,,,,,2,
DATAFLOW,OECD.SDD.TPS:DSD_PRICES@DF_PRICES_ALL(1.0),,I,MEX,,Q,,N,,CPI,,PA,,_T,,N,,GY,,1996-Q4,,28.13866,,A,,,,,,,,2,
DATAFLOW,OECD.SDD.TPS:DSD_PRICES@DF_PRICES_ALL(1.0),,I,MEX,,Q,,N,,CPI,,PA,,_T,,N,,GY,,1997-Q1,,25.49798,,A,,,,,,,,2,
DATAFLOW,OECD.SDD.TPS:DSD_PRICES@DF_PRICES_ALL(1.0),,I,MEX,,Q,,N,,CPI,,PA,,_T,,N,,GY,,1997-Q2,,21.29174,,A,,,,,,,,2,
DATAFLOW,OECD.SDD.TPS:DSD_PRICES@DF_PRICES_ALL(1.0),,I,MEX,,Q,,N,,CPI,,PA,,_T,,N,,GY,,1997-Q3,,19.20696,,A,,,,,,,,2,
DATAFLOW,OECD.SDD.TPS:DSD_PRICES@DF_PRICES_ALL(1.0),,I,MEX,,Q,,N,,CPI,,PA,,_T,,N,,GY,,1997-Q4,,17.22132,,A,,,,,,,,2,
DATAFLOW,OECD.SDD.TPS:DSD_PRICES@DF_PRICES_ALL(1.0),,I,MEX,,Q,,N,,CPI,,PA,,_T,,N,,GY,,1998-Q1,,15.29725,,A,,,,,,,,2,
DATAFLOW,OECD.SDD.TPS:DSD_PRICES@DF_PRICES_ALL(1.0),,I,MEX,,Q,,N,,CPI,,PA,,_T,,N,,GY,,1998-Q2,,15.12746,,A,,,,,,,,2,
DATAFLOW,OECD.SDD.TPS:DSD_PRICES@DF_PRICES_ALL(1.0),,I,MEX,,Q,,N,,CPI,,PA,,_T,,N,,GY,,1998-Q3,,15.61304,,A,,,,,,,,2,
DATAFLOW,OECD.SDD.TPS:DSD_PRICES@DF_PRICES_ALL(1.0),,I,MEX,,Q,,N,,CPI,,PA,,_T,,N,,GY,,1998-Q4,,17.56466,,A,,,,,,,,2,
DATAFLOW,OECD.SDD.TPS:DSD_PRICES@DF_PRICES_ALL(1.0),,I,MEX,,Q,,N,,CPI,,PA,,_T,,N,,GY,,1999-Q1,,18.59939,,A,,,,,,,,2,
DATAFLOW,OECD.SDD.TPS:DSD_PRICES@DF_PRICES_ALL(1.0),,I,MEX,,Q,,N,,CPI,,PA,,_T,,N,,GY,,1999-Q2,,17.87486,,A,,,,,,,,2,
DATAFLOW,OECD.SDD.TPS:DSD_PRICES@DF_PRICES_ALL(1.0),,I,MEX,,Q,,N,,CPI,,PA,,_T,,N,,GY,,1999-Q3,,16.47666,,A,,,,,,,,2,
DATAFLOW,OECD.SDD.TPS:DSD_PRICES@DF_PRICES_ALL(1.0),,I,MEX,,Q,,N,,CPI,,PA,,_T,,N,,GY,,1999-Q4,,13.69844,,A,,,,,,,,2,
DATAFLOW,OECD.SDD.TPS:DSD_PRICES@DF_PRICES_ALL(1.0),,I,MEX,,Q,,N,,CPI,,PA,,_T,,N,,GY,,2000-Q1,,10.54931,,A,,,,,,,,2,
DATAFLOW,OECD.SDD.TPS:DSD_PRICES@DF_PRICES_ALL(1.0),,I,MEX,,Q,,N,,CPI,,PA,,_T,,N,,GY,,2000-Q2,,9.542128,,A,,,,,,,,2,
DATAFLOW,OECD.SDD.TPS:DSD_PRICES@DF_PRICES_ALL(1.0),,I,MEX,,Q,,N,,CPI,,PA,,_T,,N,,GY,,2000-Q3,,9.02337,,A,,,,,,,,2,
DATAFLOW,OECD.SDD.TPS:DSD_PRICES@DF_PRICES_ALL(1.0),,I,MEX,,Q,,N,,CPI,,PA,,_T,,N,,GY,,2000-Q4,,8.913722,,A,,,,,,,,2,
DATAFLOW,OECD.SDD.TPS:DSD_PRICES@DF_PRICES_ALL(1.0),,I,MEX,,Q,,N,,CPI,,PA,,_T,,N,,GY,,2001-Q1,,7.456371,,A,,,,,,,,2,
DATAFLOW,OECD.SDD.TPS:DSD_PRICES@DF_PRICES_ALL(1.0),,I,MEX,,Q,,N,,CPI,,PA,,_T,,N,,GY,,2001-Q2,,6.876102,,A,,,,,,,,2,
DATAFLOW,OECD.SDD.TPS:DSD_PRICES@DF_PRICES_ALL(1.0),,I,MEX,,Q,,N,,CPI,,PA,,_T,,N,,GY,,2001-Q3,,5.984476,,A,,,,,,,,2,
DATAFLOW,OECD.SDD.TPS:DSD_PRICES@DF_PRICES_ALL(1.0),,I,MEX,,Q,,N,,CPI,,PA,,_T,,N,,GY,,2001-Q4,,5.22228,,A,,,,,,,,2,
DATAFLOW,OECD.SDD.TPS:DSD_PRICES@DF_PRICES_ALL(1.0),,I,MEX,,Q,,N,,CPI,,PA,,_T,,N,,GY,,2002-Q1,,4.745148,,A,,,,,,,,2,
DATAFLOW,OECD.SDD.TPS:DSD_PRICES@DF_PRICES_ALL(1.0),,I,MEX,,Q,,N,,CPI,,PA,,_T,,N,,GY,,2002-Q2,,4.773714,,A,,,,,,,,2,
DATAFLOW,OECD.SDD.TPS:DSD_PRICES@DF_PRICES_ALL(1.0),,I,MEX,,Q,,N,,CPI,,PA,,_T,,N,,GY,,2002-Q3,,5.249963,,A,,,,,,,,2,
DATAFLOW,OECD.SDD.TPS:DSD_PRICES@DF_PRICES_ALL(1.0),,I,MEX,,Q,,N,,CPI,,PA,,_T,,N,,GY,,2002-Q4,,5.34234,,A,,,,,,,,2,
DATAFLOW,OECD.SDD.TPS:DSD_PRICES@DF_PRICES_ALL(1.0),,I,MEX,,Q,,N,,CPI,,PA,,_T,,N,,GY,,2003-Q1,,5.439197,,A,,,,,,,,2,
DATAFLOW,OECD.SDD.TPS:DSD_PRICES@DF_PRICES_ALL(1.0),,I,MEX,,Q,,N,,CPI,,PA,,_T,,N,,GY,,2003-Q2,,4.738497,,A,,,,,,,,2,
DATAFLOW,OECD.SDD.TPS:DSD_PRICES@DF_PRICES_ALL(1.0),,I,MEX,,Q,,N,,CPI,,PA,,_T,,N,,GY,,2003-Q3,,4.068826,,A,,,,,,,,2,
DATAFLOW,OECD.SDD.TPS:DSD_PRICES@DF_PRICES_ALL(1.0),,I,MEX,,Q,,N,,CPI,,PA,,_T,,N,,GY,,2003-Q4,,3.97299,,A,,,,,,,,2,
DATAFLOW,OECD.SDD.TPS:DSD_PRICES@DF_PRICES_ALL(1.0),,I,MEX,,Q,,N,,CPI,,PA,,_T,,N,,GY,,2004-Q1,,4.322146,,A,,,,,,,,2,
DATAFLOW,OECD.SDD.TPS:DSD_PRICES@DF_PRICES_ALL(1.0),,I,MEX,,Q,,N,,CPI,,PA,,_T,,N,,GY,,2004-Q2,,4.287098,,A,,,,,,,,2,
DATAFLOW,OECD.SDD.TPS:DSD_PRICES@DF_PRICES_ALL(1.0),,I,MEX,,Q,,N,,CPI,,PA,,_T,,N,,GY,,2004-Q3,,4.789891,,A,,,,,,,,2,
DATAFLOW,OECD.SDD.TPS:DSD_PRICES@DF_PRICES_ALL(1.0),,I,MEX,,Q,,N,,CPI,,PA,,_T,,N,,GY,,2004-Q4,,5.338743,,A,,,,,,,,2,
DATAFLOW,OECD.SDD.TPS:DSD_PRICES@DF_PRICES_ALL(1.0),,I,MEX,,Q,,N,,CPI,,PA,,_T,,N,,GY,,2005-Q1,,4.39967,,A,,,,,,,,2,
DATAFLOW,OECD.SDD.TPS:DSD_PRICES@DF_PRICES_ALL(1.0),,I,MEX,,Q,,N,,CPI,,PA,,_T,,N,,GY,,2005-Q2,,4.510082,,A,,,,,,,,2,
DATAFLOW,OECD.SDD.TPS:DSD_PRICES@DF_PRICES_ALL(1.0),,I,MEX,,Q,,N,,CPI,,PA,,_T,,N,,GY,,2005-Q3,,3.972744,,A,,,,,,,,2,
DATAFLOW,OECD.SDD.TPS:DSD_PRICES@DF_PRICES_ALL(1.0),,I,MEX,,Q,,N,,CPI,,PA,,_T,,N,,GY,,2005-Q4,,3.099311,,A,,,,,,,,2,
DATAFLOW,OECD.SDD.TPS:DSD_PRICES@DF_PRICES_ALL(1.0),,I,MEX,,Q,,N,,CPI,,PA,,_T,,N,,GY,,2006-Q1,,3.697912,,A,,,,,,,,2,
DATAFLOW,OECD.SDD.TPS:DSD_PRICES@DF_PRICES_ALL(1.0),,I,MEX,,Q,,N,,CPI,,PA,,_T,,N,,GY,,2006-Q2,,3.125468,,A,,,,,,,,2,
DATAFLOW,OECD.SDD.TPS:DSD_PRICES@DF_PRICES_ALL(1.0),,I,MEX,,Q,,N,,CPI,,PA,,_T,,N,,GY,,2006-Q3,,3.541743,,A,,,,,,,,2,
DATAFLOW,OECD.SDD.TPS:DSD_PRICES@DF_PRICES_ALL(1.0),,I,MEX,,Q,,N,,CPI,,PA,,_T,,N,,GY,,2006-Q4,,4.144731,,A,,,,,,,,2,
DATAFLOW,OECD.SDD.TPS:DSD_PRICES@DF_PRICES_ALL(1.0),,I,MEX,,Q,,N,,CPI,,PA,,_T,,N,,GY,,2007-Q1,,4.10011,,A,,,,,,,,2,
DATAFLOW,OECD.SDD.TPS:DSD_PRICES@DF_PRICES_ALL(1.0),,I,MEX,,Q,,N,,CPI,,PA,,_T,,N,,GY,,2007-Q2,,3.974133,,A,,,,,,,,2,
DATAFLOW,OECD.SDD.TPS:DSD_PRICES@DF_PRICES_ALL(1.0),,I,MEX,,Q,,N,,CPI,,PA,,_T,,N,,GY,,2007-Q3,,3.986698,,A,,,,,,,,2,
DATAFLOW,OECD.SDD.TPS:DSD_PRICES@DF_PRICES_ALL(1.0),,I,MEX,,Q,,N,,CPI,,PA,,_T,,N,,GY,,2007-Q4,,3.810539,,A,,,,,,,,2,
DATAFLOW,OECD.SDD.TPS:DSD_PRICES@DF_PRICES_ALL(1.0),,I,MEX,,Q,,N,,CPI,,PA,,_T,,N,,GY,,2008-Q1,,3.89243,,A,,,,,,,,2,
DATAFLOW,OECD.SDD.TPS:DSD_PRICES@DF_PRICES_ALL(1.0),,I,MEX,,Q,,N,,CPI,,PA,,_T,,N,,GY,,2008-Q2,,4.916723,,A,,,,,,,,2,
DATAFLOW,OECD.SDD.TPS:DSD_PRICES@DF_PRICES_ALL(1.0),,I,MEX,,Q,,N,,CPI,,PA,,_T,,N,,GY,,2008-Q3,,5.480344,,A,,,,,,,,2,
DATAFLOW,OECD.SDD.TPS:DSD_PRICES@DF_PRICES_ALL(1.0),,I,MEX,,Q,,N,,CPI,,PA,,_T,,N,,GY,,2008-Q4,,6.181727,,A,,,,,,,,2,
DATAFLOW,OECD.SDD.TPS:DSD_PRICES@DF_PRICES_ALL(1.0),,I,MEX,,Q,,N,,CPI,,PA,,_T,,N,,GY,,2009-Q1,,6.175399,,A,,,,,,,,2,
DATAFLOW,OECD.SDD.TPS:DSD_PRICES@DF_PRICES_ALL(1.0),,I,MEX,,Q,,N,,CPI,,PA,,_T,,N,,GY,,2009-Q2,,5.962403,,A,,,,,,,,2,
DATAFLOW,OECD.SDD.TPS:DSD_PRICES@DF_PRICES_ALL(1.0),,I,MEX,,Q,,N,,CPI,,PA,,_T,,N,,GY,,2009-Q3,,5.13646,,A,,,,,,,,2,
DATAFLOW,OECD.SDD.TPS:DSD_PRICES@DF_PRICES_ALL(1.0),,I,MEX,,Q,,N,,CPI,,PA,,_T,,N,,GY,,2009-Q4,,3.975122,,A,,,,,,,,2,
DATAFLOW,OECD.SDD.TPS:DSD_PRICES@DF_PRICES_ALL(1.0),,I,MEX,,Q,,N,,CPI,,PA,,_T,,N,,GY,,2010-Q1,,4.753232,,A,,,,,,,,2,
DATAFLOW,OECD.SDD.TPS:DSD_PRICES@DF_PRICES_ALL(1.0),,I,MEX,,Q,,N,,CPI,,PA,,_T,,N,,GY,,2010-Q2,,3.960394,,A,,,,,,,,2,
DATAFLOW,OECD.SDD.TPS:DSD_PRICES@DF_PRICES_ALL(1.0),,I,MEX,,Q,,N,,CPI,,PA,,_T,,N,,GY,,2010-Q3,,3.670376,,A,,,,,,,,2,
DATAFLOW,OECD.SDD.TPS:DSD_PRICES@DF_PRICES_ALL(1.0),,I,MEX,,Q,,N,,CPI,,PA,,_T,,N,,GY,,2010-Q4,,4.248264,,A,,,,,,,,2,
DATAFLOW,OECD.SDD.TPS:DSD_PRICES@DF_PRICES_ALL(1.0),,I,MEX,,Q,,N,,CPI,,PA,,_T,,N,,GY,,2011-Q1,,3.463012,,A,,,,,,,,2,
DATAFLOW,OECD.SDD.TPS:DSD_PRICES@DF_PRICES_ALL(1.0),,I,MEX,,Q,,N,,CPI,,PA,,_T,,N,,GY,,2011-Q2,,3.295615,,A,,,,,,,,2,
DATAFLOW,OECD.SDD.TPS:DSD_PRICES@DF_PRICES_ALL(1.0),,I,MEX,,Q,,N,,CPI,,PA,,_T,,N,,GY,,2011-Q3,,3.368639,,A,,,,,,,,2,
DATAFLOW,OECD.SDD.TPS:DSD_PRICES@DF_PRICES_ALL(1.0),,I,MEX,,Q,,N,,CPI,,PA,,_T,,N,,GY,,2011-Q4,,3.500366,,A,,,,,,,,2,
DATAFLOW,OECD.SDD.TPS:DSD_PRICES@DF_PRICES_ALL(1.0),,I,MEX,,Q,,N,,CPI,,PA,,_T,,N,,GY,,2012-Q1,,3.881258,,A,,,,,,,,2,
DATAFLOW,OECD.SDD.TPS:DSD_PRICES@DF_PRICES_ALL(1.0),,I,MEX,,Q,,N,,CPI,,PA,,_T,,N,,GY,,2012-Q2,,3.865047,,A,,,,,,,,2,
DATAFLOW,OECD.SDD.TPS:DSD_PRICES@DF_PRICES_ALL(1.0),,I,MEX,,Q,,N,,CPI,,PA,,_T,,N,,GY,,2012-Q3,,4.586798,,A,,,,,,,,2,
DATAFLOW,OECD.SDD.TPS:DSD_PRICES@DF_PRICES_ALL(1.0),,I,MEX,,Q,,N,,CPI,,PA,,_T,,N,,GY,,2012-Q4,,4.111529,,A,,,,,,,,2,
DATAFLOW,OECD.SDD.TPS:DSD_PRICES@DF_PRICES_ALL(1.0),,I,MEX,,Q,,N,,CPI,,PA,,_T,,N,,GY,,2013-Q1,,3.686777,,A,,,,,,,,2,
DATAFLOW,OECD.SDD.TPS:DSD_PRICES@DF_PRICES_ALL(1.0),,I,MEX,,Q,,N,,CPI,,PA,,_T,,N,,GY,,2013-Q2,,4.455929,,A,,,,,,,,2,
DATAFLOW,OECD.SDD.TPS:DSD_PRICES@DF_PRICES_ALL(1.0),,I,MEX,,Q,,N,,CPI,,PA,,_T,,N,,GY,,2013-Q3,,3.439709,,A,,,,,,,,2,
DATAFLOW,OECD.SDD.TPS:DSD_PRICES@DF_PRICES_ALL(1.0),,I,MEX,,Q,,N,,CPI,,PA,,_T,,N,,GY,,2013-Q4,,3.651521,,A,,,,,,,,2,
DATAFLOW,OECD.SDD.TPS:DSD_PRICES@DF_PRICES_ALL(1.0),,I,MEX,,Q,,N,,CPI,,PA,,_T,,N,,GY,,2014-Q1,,4.157125,,A,,,,,,,,2,
DATAFLOW,OECD.SDD.TPS:DSD_PRICES@DF_PRICES_ALL(1.0),,I,MEX,,Q,,N,,CPI,,PA,,_T,,N,,GY,,2014-Q2,,3.586374,,A,,,,,,,,2,
DATAFLOW,OECD.SDD.TPS:DSD_PRICES@DF_PRICES_ALL(1.0),,I,MEX,,Q,,N,,CPI,,PA,,_T,,N,,GY,,2014-Q3,,4.146793,,A,,,,,,,,2,
DATAFLOW,OECD.SDD.TPS:DSD_PRICES@DF_PRICES_ALL(1.0),,I,MEX,,Q,,N,,CPI,,PA,,_T,,N,,GY,,2014-Q4,,4.181767,,A,,,,,,,,2,
DATAFLOW,OECD.SDD.TPS:DSD_PRICES@DF_PRICES_ALL(1.0),,I,MEX,,Q,,N,,CPI,,PA,,_T,,N,,GY,,2015-Q1,,3.067726,,A,,,,,,,,2,
DATAFLOW,OECD.SDD.TPS:DSD_PRICES@DF_PRICES_ALL(1.0),,I,MEX,,Q,,N,,CPI,,PA,,_T,,N,,GY,,2015-Q2,,2.93668,,A,,,,,,,,2,
DATAFLOW,OECD.SDD.TPS:DSD_PRICES@DF_PRICES_ALL(1.0),,I,MEX,,Q,,N,,CPI,,PA,,_T,,N,,GY,,2015-Q3,,2.614796,,A,,,,,,,,2,
DATAFLOW,OECD.SDD.TPS:DSD_PRICES@DF_PRICES_ALL(1.0),,I,MEX,,Q,,N,,CPI,,PA,,_T,,N,,GY,,2015-Q4,,2.274349,,A,,,,,,,,2,
DATAFLOW,OECD.SDD.TPS:DSD_PRICES@DF_PRICES_ALL(1.0),,I,MEX,,Q,,N,,CPI,,PA,,_T,,N,,GY,,2016-Q1,,2.693714,,A,,,,,,,,2,
DATAFLOW,OECD.SDD.TPS:DSD_PRICES@DF_PRICES_ALL(1.0),,I,MEX,,Q,,N,,CPI,,PA,,_T,,N,,GY,,2016-Q2,,2.558703,,A,,,,,,,,2,
DATAFLOW,OECD.SDD.TPS:DSD_PRICES@DF_PRICES_ALL(1.0),,I,MEX,,Q,,N,,CPI,,PA,,_T,,N,,GY,,2016-Q3,,2.78406,,A,,,,,,,,2,
DATAFLOW,OECD.SDD.TPS:DSD_PRICES@DF_PRICES_ALL(1.0),,I,MEX,,Q,,N,,CPI,,PA,,_T,,N,,GY,,2016-Q4,,3.243567,,A,,,,,,,,2,
DATAFLOW,OECD.SDD.TPS:DSD_PRICES@DF_PRICES_ALL(1.0),,I,MEX,,Q,,N,,CPI,,PA,,_T,,N,,GY,,2017-Q1,,4.97892,,A,,,,,,,,2,
DATAFLOW,OECD.SDD.TPS:DSD_PRICES@DF_PRICES_ALL(1.0),,I,MEX,,Q,,N,,CPI,,PA,,_T,,N,,GY,,2017-Q2,,6.09794,,A,,,,,,,,2,
DATAFLOW,OECD.SDD.TPS:DSD_PRICES@DF_PRICES_ALL(1.0),,I,MEX,,Q,,N,,CPI,,PA,,_T,,N,,GY,,2017-Q3,,6.482934,,A,,,,,,,,2,
DATAFLOW,OECD.SDD.TPS:DSD_PRICES@DF_PRICES_ALL(1.0),,I,MEX,,Q,,N,,CPI,,PA,,_T,,N,,GY,,2017-Q4,,6.593884,,A,,,,,,,,2,
DATAFLOW,OECD.SDD.TPS:DSD_PRICES@DF_PRICES_ALL(1.0),,I,MEX,,Q,,N,,CPI,,PA,,_T,,N,,GY,,2018-Q1,,5.305809,,A,,,,,,,,2,
DATAFLOW,OECD.SDD.TPS:DSD_PRICES@DF_PRICES_ALL(1.0),,I,MEX,,Q,,N,,CPI,,PA,,_T,,N,,GY,,2018-Q2,,4.568029,,A,,,,,,,,2,
DATAFLOW,OECD.SDD.TPS:DSD_PRICES@DF_PRICES_ALL(1.0),,I,MEX,,Q,,N,,CPI,,PA,,_T,,N,,GY,,2018-Q3,,4.912113,,A,,,,,,,,2,
DATAFLOW,OECD.SDD.TPS:DSD_PRICES@DF_PRICES_ALL(1.0),,I,MEX,,Q,,N,,CPI,,PA,,_T,,N,,GY,,2018-Q4,,4.816637,,A,,,,,,,,2,
DATAFLOW,OECD.SDD.TPS:DSD_PRICES@DF_PRICES_ALL(1.0),,I,MEX,,Q,,N,,CPI,,PA,,_T,,N,,GY,,2019-Q1,,4.102914,,A,,,,,,,,2,
DATAFLOW,OECD.SDD.TPS:DSD_PRICES@DF_PRICES_ALL(1.0),,I,MEX,,Q,,N,,CPI,,PA,,_T,,N,,GY,,2019-Q2,,4.213962,,A,,,,,,,,2,
DATAFLOW,OECD.SDD.TPS:DSD_PRICES@DF_PRICES_ALL(1.0),,I,MEX,,Q,,N,,CPI,,PA,,_T,,N,,GY,,2019-Q3,,3.312413,,A,,,,,,,,2,
DATAFLOW,OECD.SDD.TPS:DSD_PRICES@DF_PRICES_ALL(1.0),,I,MEX,,Q,,N,,CPI,,PA,,_T,,N,,GY,,2019-Q4,,2.940381,,A,,,,,,,,2,
DATAFLOW,OECD.SDD.TPS:DSD_PRICES@DF_PRICES_ALL(1.0),,I,MEX,,Q,,N,,CPI,,PA,,_T,,N,,GY,,2020-Q1,,3.394335,,A,,,,,,,,2,
DATAFLOW,OECD.SDD.TPS:DSD_PRICES@DF_PRICES_ALL(1.0),,I,MEX,,Q,,N,,CPI,,PA,,_T,,N,,GY,,2020-Q2,,2.772662,,A,,,,,,,,2,
DATAFLOW,OECD.SDD.TPS:DSD_PRICES@DF_PRICES_ALL(1.0),,I,MEX,,Q,,N,,CPI,,PA,,_T,,N,,GY,,2020-Q3,,3.89529,,A,,,,,,,,2,
DATAFLOW,OECD.SDD.TPS:DSD_PRICES@DF_PRICES_ALL(1.0),,I,MEX,,Q,,N,,CPI,,PA,,_T,,N,,GY,,2020-Q4,,3.520772,,A,,,,,,,,2,
DATAFLOW,OECD.SDD.TPS:DSD_PRICES@DF_PRICES_ALL(1.0),,I,MEX,,Q,,N,,CPI,,PA,,_T,,N,,GY,,2021-Q1,,3.987519,,A,,,,,,,,2,
DATAFLOW,OECD.SDD.TPS:DSD_PRICES@DF_PRICES_ALL(1.0),,I,MEX,,Q,,N,,CPI,,PA,,_T,,N,,GY,,2021-Q2,,5.952112,,A,,,,,,,,2,
DATAFLOW,OECD.SDD.TPS:DSD_PRICES@DF_PRICES_ALL(1.0),,I,MEX,,Q,,N,,CPI,,PA,,_T,,N,,GY,,2021-Q3,,5.79949,,A,,,,,,,,2,
DATAFLOW,OECD.SDD.TPS:DSD_PRICES@DF_PRICES_ALL(1.0),,I,MEX,,Q,,N,,CPI,,PA,,_T,,N,,GY,,2021-Q4,,6.990496,,A,,,,,,,,2,
DATAFLOW,OECD.SDD.TPS:DSD_PRICES@DF_PRICES_ALL(1.0),,I,MEX,,Q,,N,,CPI,,PA,,_T,,N,,GY,,2022-Q1,,7.268856,,A,,,,,,,,2,
DATAFLOW,OECD.SDD.TPS:DSD_PRICES@DF_PRICES_ALL(1.0),,I,MEX,,Q,,N,,CPI,,PA,,_T,,N,,GY,,2022-Q2,,7.77426,,A,,,,,,,,2,
DATAFLOW,OECD.SDD.TPS:DSD_PRICES@DF_PRICES_ALL(1.0),,I,MEX,,Q,,N,,CPI,,PA,,_T,,N,,GY,,2022-Q3,,8.515936,,A,,,,,,,,2,
DATAFLOW,OECD.SDD.TPS:DSD_PRICES@DF_PRICES_ALL(1.0),,I,MEX,,Q,,N,,CPI,,PA,,_T,,N,,GY,,2022-Q4,,8.005078,,A,,,,,,,,2,
DATAFLOW,OECD.SDD.TPS:DSD_PRICES@DF_PRICES_ALL(1.0),,I,MEX,,Q,,N,,CPI,,PA,,_T,,N,,GY,,2023-Q1,,7.456138,,A,,,,,,,,2,
DATAFLOW,OECD.SDD.TPS:DSD_PRICES@DF_PRICES_ALL(1.0),,I,MEX,,Q,,N,,CPI,,PA,,_T,,N,,GY,,2023-Q2,,5.712401,,A,,,,,,,,2,
DATAFLOW,OECD.SDD.TPS:DSD_PRICES@DF_PRICES_ALL(1.0),,I,MEX,,Q,,N,,CPI,,PA,,_T,,N,,GY,,2023-Q3,,4.625366,,A,,,,,,,,2,
DATAFLOW,OECD.SDD.TPS:DSD_PRICES@DF_PRICES_ALL(1.0),,I,MEX,,Q,,N,,CPI,,PA,,_T,,N,,GY,,2023-Q4,,4.414548,,A,,,,,,,,2,
DATAFLOW,OECD.SDD.TPS:DSD_PRICES@DF_PRICES_ALL(1.0),,I,MEX,,Q,,N,,CPI,,PA,,_T,,N,,GY,,2024-Q1,,4.567828,,A,,,,,,,,2,
DATAFLOW,OECD.SDD.TPS:DSD_PRICES@DF_PRICES_ALL(1.0),,I,MEX,,Q,,N,,CPI,,PA,,_T,,N,,GY,,2024-Q2,,4.771994,,A,,,,,,,,2,
DATAFLOW,OECD.SDD.TPS:DSD_PRICES@DF_PRICES_ALL(1.0),,I,IDN,,Q,,N,,CPI,,PA,,_T,,N,,GY,,1996-Q3,,7.052365,,A,,,,,,,,2,
DATAFLOW,OECD.SDD.TPS:DSD_PRICES@DF_PRICES_ALL(1.0),,I,IDN,,Q,,N,,CPI,,PA,,_T,,N,,GY,,1996-Q4,,6.361746,,A,,,,,,,,2,
DATAFLOW,OECD.SDD.TPS:DSD_PRICES@DF_PRICES_ALL(1.0),,I,IDN,,Q,,N,,CPI,,PA,,_T,,N,,GY,,1997-Q1,,4.444739,,A,,,,,,,,2,
DATAFLOW,OECD.SDD.TPS:DSD_PRICES@DF_PRICES_ALL(1.0),,I,IDN,,Q,,N,,CPI,,PA,,_T,,N,,GY,,1997-Q2,,4.873217,,A,,,,,,,,2,
DATAFLOW,OECD.SDD.TPS:DSD_PRICES@DF_PRICES_ALL(1.0),,I,IDN,,Q,,N,,CPI,,PA,,_T,,N,,GY,,1997-Q3,,6.364234,,A,,,,,,,,2,
DATAFLOW,OECD.SDD.TPS:DSD_PRICES@DF_PRICES_ALL(1.0),,I,IDN,,Q,,N,,CPI,,PA,,_T,,N,,GY,,1997-Q4,,9.173834,,A,,,,,,,,2,
DATAFLOW,OECD.SDD.TPS:DSD_PRICES@DF_PRICES_ALL(1.0),,I,IDN,,Q,,N,,CPI,,PA,,_T,,N,,GY,,1998-Q1,,27.7185,,A,,,,,,,,2,
DATAFLOW,OECD.SDD.TPS:DSD_PRICES@DF_PRICES_ALL(1.0),,I,IDN,,Q,,N,,CPI,,PA,,_T,,N,,GY,,1998-Q2,,49.66629,,A,,,,,,,,2,
DATAFLOW,OECD.SDD.TPS:DSD_PRICES@DF_PRICES_ALL(1.0),,I,IDN,,Q,,N,,CPI,,PA,,_T,,N,,GY,,1998-Q3,,76.32587,,A,,,,,,,,2,
DATAFLOW,OECD.SDD.TPS:DSD_PRICES@DF_PRICES_ALL(1.0),,I,IDN,,Q,,N,,CPI,,PA,,_T,,N,,GY,,1998-Q4,,78.3958,,A,,,,,,,,2,
DATAFLOW,OECD.SDD.TPS:DSD_PRICES@DF_PRICES_ALL(1.0),,I,IDN,,Q,,N,,CPI,,PA,,_T,,N,,GY,,1999-Q1,,55.74895,,A,,,,,,,,2,
DATAFLOW,OECD.SDD.TPS:DSD_PRICES@DF_PRICES_ALL(1.0),,I,IDN,,Q,,N,,CPI,,PA,,_T,,N,,GY,,1999-Q2,,30.86243,,A,,,,,,,,2,
DATAFLOW,OECD.SDD.TPS:DSD_PRICES@DF_PRICES_ALL(1.0),,I,IDN,,Q,,N,,CPI,,PA,,_T,,N,,GY,,1999-Q3,,6.639557,,A,,,,,,,,2,
DATAFLOW,OECD.SDD.TPS:DSD_PRICES@DF_PRICES_ALL(1.0),,I,IDN,,Q,,N,,CPI,,PA,,_T,,N,,GY,,1999-Q4,,1.699451,,A,,,,,,,,2,
DATAFLOW,OECD.SDD.TPS:DSD_PRICES@DF_PRICES_ALL(1.0),,I,IDN,,Q,,N,,CPI,,PA,,_T,,N,,GY,,2000-Q1,,-0.5939077,,A,,,,,,,,2,
DATAFLOW,OECD.SDD.TPS:DSD_PRICES@DF_PRICES_ALL(1.0),,I,IDN,,Q,,N,,CPI,,PA,,_T,,N,,GY,,2000-Q2,,1.093037,,A,,,,,,,,2,
DATAFLOW,OECD.SDD.TPS:DSD_PRICES@DF_PRICES_ALL(1.0),,I,IDN,,Q,,N,,CPI,,PA,,_T,,N,,GY,,2000-Q3,,5.680473,,A,,,,,,,,2,
DATAFLOW,OECD.SDD.TPS:DSD_PRICES@DF_PRICES_ALL(1.0),,I,IDN,,Q,,N,,CPI,,PA,,_T,,N,,GY,,2000-Q4,,8.763158,,A,,,,,,,,2,
DATAFLOW,OECD.SDD.TPS:DSD_PRICES@DF_PRICES_ALL(1.0),,I,IDN,,Q,,N,,CPI,,PA,,_T,,N,,GY,,2001-Q1,,9.334447,,A,,,,,,,,2,
DATAFLOW,OECD.SDD.TPS:DSD_PRICES@DF_PRICES_ALL(1.0),,I,IDN,,Q,,N,,CPI,,PA,,_T,,N,,GY,,2001-Q2,,11.15563,,A,,,,,,,,2,
DATAFLOW,OECD.SDD.TPS:DSD_PRICES@DF_PRICES_ALL(1.0),,I,IDN,,Q,,N,,CPI,,PA,,_T,,N,,GY,,2001-Q3,,12.75974,,A,,,,,,,,2,
DATAFLOW,OECD.SDD.TPS:DSD_PRICES@DF_PRICES_ALL(1.0),,I,IDN,,Q,,N,,CPI,,PA,,_T,,N,,GY,,2001-Q4,,12.64215,,A,,,,,,,,2,
DATAFLOW,OECD.SDD.TPS:DSD_PRICES@DF_PRICES_ALL(1.0),,I,IDN,,Q,,N,,CPI,,PA,,_T,,N,,GY,,2002-Q1,,14.54845,,A,,,,,,,,2,
DATAFLOW,OECD.SDD.TPS:DSD_PRICES@DF_PRICES_ALL(1.0),,I,IDN,,Q,,N,,CPI,,PA,,_T,,N,,GY,,2002-Q2,,12.69097,,A,,,,,,,,2,
DATAFLOW,OECD.SDD.TPS:DSD_PRICES@DF_PRICES_ALL(1.0),,I,IDN,,Q,,N,,CPI,,PA,,_T,,N,,GY,,2002-Q3,,10.37793,,A,,,,,,,,2,
DATAFLOW,OECD.SDD.TPS:DSD_PRICES@DF_PRICES_ALL(1.0),,I,IDN,,Q,,N,,CPI,,PA,,_T,,N,,GY,,2002-Q4,,10.2191,,A,,,,,,,,2,
DATAFLOW,OECD.SDD.TPS:DSD_PRICES@DF_PRICES_ALL(1.0),,I,IDN,,Q,,N,,CPI,,PA,,_T,,N,,GY,,2003-Q1,,7.802001,,A,,,,,,,,2,
DATAFLOW,OECD.SDD.TPS:DSD_PRICES@DF_PRICES_ALL(1.0),,I,IDN,,Q,,N,,CPI,,PA,,_T,,N,,GY,,2003-Q2,,7.215029,,A,,,,,,,,2,
DATAFLOW,OECD.SDD.TPS:DSD_PRICES@DF_PRICES_ALL(1.0),,I,IDN,,Q,,N,,CPI,,PA,,_T,,N,,GY,,2003-Q3,,6.378087,,A,,,,,,,,2,
DATAFLOW,OECD.SDD.TPS:DSD_PRICES@DF_PRICES_ALL(1.0),,I,IDN,,Q,,N,,CPI,,PA,,_T,,N,,GY,,2003-Q4,,5.695493,,A,,,,,,,,2,
DATAFLOW,OECD.SDD.TPS:DSD_PRICES@DF_PRICES_ALL(1.0),,I,IDN,,Q,,N,,CPI,,PA,,_T,,N,,GY,,2004-Q1,,4.83917,,A,,,,,,,,2,
DATAFLOW,OECD.SDD.TPS:DSD_PRICES@DF_PRICES_ALL(1.0),,I,IDN,,Q,,N,,CPI,,PA,,_T,,N,,GY,,2004-Q2,,6.383785,,A,,,,,,,,2,
DATAFLOW,OECD.SDD.TPS:DSD_PRICES@DF_PRICES_ALL(1.0),,I,IDN,,Q,,N,,CPI,,PA,,_T,,N,,GY,,2004-Q3,,6.709896,,A,,,,,,,,2,
DATAFLOW,OECD.SDD.TPS:DSD_PRICES@DF_PRICES_ALL(1.0),,I,IDN,,Q,,N,,CPI,,PA,,_T,,N,,GY,,2004-Q4,,6.305891,,A,,,,,,,,2,
DATAFLOW,OECD.SDD.TPS:DSD_PRICES@DF_PRICES_ALL(1.0),,I,IDN,,Q,,N,,CPI,,PA,,_T,,N,,GY,,2005-Q1,,7.74747,,A,,,,,,,,2,
DATAFLOW,OECD.SDD.TPS:DSD_PRICES@DF_PRICES_ALL(1.0),,I,IDN,,Q,,N,,CPI,,PA,,_T,,N,,GY,,2005-Q2,,7.661147,,A,,,,,,,,2,
DATAFLOW,OECD.SDD.TPS:DSD_PRICES@DF_PRICES_ALL(1.0),,I,IDN,,Q,,N,,CPI,,PA,,_T,,N,,GY,,2005-Q3,,8.397182,,A,,,,,,,,2,
DATAFLOW,OECD.SDD.TPS:DSD_PRICES@DF_PRICES_ALL(1.0),,I,IDN,,Q,,N,,CPI,,PA,,_T,,N,,GY,,2005-Q4,,17.7825,,A,,,,,,,,2,
DATAFLOW,OECD.SDD.TPS:DSD_PRICES@DF_PRICES_ALL(1.0),,I,IDN,,Q,,N,,CPI,,PA,,_T,,N,,GY,,2006-Q1,,16.90396,,A,,,,,,,,2,
DATAFLOW,OECD.SDD.TPS:DSD_PRICES@DF_PRICES_ALL(1.0),,I,IDN,,Q,,N,,CPI,,PA,,_T,,N,,GY,,2006-Q2,,15.51375,,A,,,,,,,,2,
DATAFLOW,OECD.SDD.TPS:DSD_PRICES@DF_PRICES_ALL(1.0),,I,IDN,,Q,,N,,CPI,,PA,,_T,,N,,GY,,2006-Q3,,14.87184,,A,,,,,,,,2,
DATAFLOW,OECD.SDD.TPS:DSD_PRICES@DF_PRICES_ALL(1.0),,I,IDN,,Q,,N,,CPI,,PA,,_T,,N,,GY,,2006-Q4,,6.052351,,A,,,,,,,,2,
DATAFLOW,OECD.SDD.TPS:DSD_PRICES@DF_PRICES_ALL(1.0),,I,IDN,,Q,,N,,CPI,,PA,,_T,,N,,GY,,2007-Q1,,6.359673,,A,,,,,,,,2,
DATAFLOW,OECD.SDD.TPS:DSD_PRICES@DF_PRICES_ALL(1.0),,I,IDN,,Q,,N,,CPI,,PA,,_T,,N,,GY,,2007-Q2,,6.024269,,A,,,,,,,,2,
DATAFLOW,OECD.SDD.TPS:DSD_PRICES@DF_PRICES_ALL(1.0),,I,IDN,,Q,,N,,CPI,,PA,,_T,,N,,GY,,2007-Q3,,6.506825,,A,,,,,,,,2,
DATAFLOW,OECD.SDD.TPS:DSD_PRICES@DF_PRICES_ALL(1.0),,I,IDN,,Q,,N,,CPI,,PA,,_T,,N,,GY,,2007-Q4,,6.72406,,A,,,,,,,,2,
DATAFLOW,OECD.SDD.TPS:DSD_PRICES@DF_PRICES_ALL(1.0),,I,IDN,,Q,,N,,CPI,,PA,,_T,,N,,GY,,2008-Q1,,7.646182,,A,,,,,,,,2,
DATAFLOW,OECD.SDD.TPS:DSD_PRICES@DF_PRICES_ALL(1.0),,I,IDN,,Q,,N,,CPI,,PA,,_T,,N,,GY,,2008-Q2,,10.21269,,A,,,,,,,,2,
DATAFLOW,OECD.SDD.TPS:DSD_PRICES@DF_PRICES_ALL(1.0),,I,IDN,,Q,,N,,CPI,,PA,,_T,,N,,GY,,2008-Q3,,11.89322,,A,,,,,,,,2,
DATAFLOW,OECD.SDD.TPS:DSD_PRICES@DF_PRICES_ALL(1.0),,I,IDN,,Q,,N,,CPI,,PA,,_T,,N,,GY,,2008-Q4,,11.08509,,A,,,,,,,,2,
DATAFLOW,OECD.SDD.TPS:DSD_PRICES@DF_PRICES_ALL(1.0),,I,IDN,,Q,,N,,CPI,,PA,,_T,,N,,GY,,2009-Q1,,7.653816,,A,,,,,,,,2,
DATAFLOW,OECD.SDD.TPS:DSD_PRICES@DF_PRICES_ALL(1.0),,I,IDN,,Q,,N,,CPI,,PA,,_T,,N,,GY,,2009-Q2,,4.7603,,A,,,,,,,,2,
DATAFLOW,OECD.SDD.TPS:DSD_PRICES@DF_PRICES_ALL(1.0),,I,IDN,,Q,,N,,CPI,,PA,,_T,,N,,GY,,2009-Q3,,2.765579,,A,,,,,,,,2,
DATAFLOW,OECD.SDD.TPS:DSD_PRICES@DF_PRICES_ALL(1.0),,I,IDN,,Q,,N,,CPI,,PA,,_T,,N,,GY,,2009-Q4,,2.588428,,A,,,,,,,,2,
DATAFLOW,OECD.SDD.TPS:DSD_PRICES@DF_PRICES_ALL(1.0),,I,IDN,,Q,,N,,CPI,,PA,,_T,,N,,GY,,2010-Q1,,3.657146,,A,,,,,,,,2,
DATAFLOW,OECD.SDD.TPS:DSD_PRICES@DF_PRICES_ALL(1.0),,I,IDN,,Q,,N,,CPI,,PA,,_T,,N,,GY,,2010-Q2,,4.371473,,A,,,,,,,,2,
DATAFLOW,OECD.SDD.TPS:DSD_PRICES@DF_PRICES_ALL(1.0),,I,IDN,,Q,,N,,CPI,,PA,,_T,,N,,GY,,2010-Q3,,6.150381,,A,,,,,,,,2,
DATAFLOW,OECD.SDD.TPS:DSD_PRICES@DF_PRICES_ALL(1.0),,I,IDN,,Q,,N,,CPI,,PA,,_T,,N,,GY,,2010-Q4,,6.31636,,A,,,,,,,,2,
DATAFLOW,OECD.SDD.TPS:DSD_PRICES@DF_PRICES_ALL(1.0),,I,IDN,,Q,,N,,CPI,,PA,,_T,,N,,GY,,2011-Q1,,6.830616,,A,,,,,,,,2,
DATAFLOW,OECD.SDD.TPS:DSD_PRICES@DF_PRICES_ALL(1.0),,I,IDN,,Q,,N,,CPI,,PA,,_T,,N,,GY,,2011-Q2,,5.891747,,A,,,,,,,,2,
DATAFLOW,OECD.SDD.TPS:DSD_PRICES@DF_PRICES_ALL(1.0),,I,IDN,,Q,,N,,CPI,,PA,,_T,,N,,GY,,2011-Q3,,4.667863,,A,,,,,,,,2,
DATAFLOW,OECD.SDD.TPS:DSD_PRICES@DF_PRICES_ALL(1.0),,I,IDN,,Q,,N,,CPI,,PA,,_T,,N,,GY,,2011-Q4,,4.118231,,A,,,,,,,,2,
DATAFLOW,OECD.SDD.TPS:DSD_PRICES@DF_PRICES_ALL(1.0),,I,IDN,,Q,,N,,CPI,,PA,,_T,,N,,GY,,2012-Q1,,3.724921,,A,,,,,,,,2,
DATAFLOW,OECD.SDD.TPS:DSD_PRICES@DF_PRICES_ALL(1.0),,I,IDN,,Q,,N,,CPI,,PA,,_T,,N,,GY,,2012-Q2,,4.495066,,A,,,,,,,,2,
DATAFLOW,OECD.SDD.TPS:DSD_PRICES@DF_PRICES_ALL(1.0),,I,IDN,,Q,,N,,CPI,,PA,,_T,,N,,GY,,2012-Q3,,4.48568,,A,,,,,,,,2,
DATAFLOW,OECD.SDD.TPS:DSD_PRICES@DF_PRICES_ALL(1.0),,I,IDN,,Q,,N,,CPI,,PA,,_T,,N,,GY,,2012-Q4,,4.40657,,A,,,,,,,,2,
DATAFLOW,OECD.SDD.TPS:DSD_PRICES@DF_PRICES_ALL(1.0),,I,IDN,,Q,,N,,CPI,,PA,,_T,,N,,GY,,2013-Q1,,4.726128,,A,,,,,,,,2,
DATAFLOW,OECD.SDD.TPS:DSD_PRICES@DF_PRICES_ALL(1.0),,I,IDN,,Q,,N,,CPI,,PA,,_T,,N,,GY,,2013-Q2,,5.229061,,A,,,,,,,,2,
DATAFLOW,OECD.SDD.TPS:DSD_PRICES@DF_PRICES_ALL(1.0),,I,IDN,,Q,,N,,CPI,,PA,,_T,,N,,GY,,2013-Q3,,7.871714,,A,,,,,,,,2,
DATAFLOW,OECD.SDD.TPS:DSD_PRICES@DF_PRICES_ALL(1.0),,I,IDN,,Q,,N,,CPI,,PA,,_T,,N,,GY,,2013-Q4,,7.754348,,A,,,,,,,,2,
DATAFLOW,OECD.SDD.TPS:DSD_PRICES@DF_PRICES_ALL(1.0),,I,IDN,,Q,,N,,CPI,,PA,,_T,,N,,GY,,2014-Q1,,7.761377,,A,,,,,,,,2,
DATAFLOW,OECD.SDD.TPS:DSD_PRICES@DF_PRICES_ALL(1.0),,I,IDN,,Q,,N,,CPI,,PA,,_T,,N,,GY,,2014-Q2,,7.089409,,A,,,,,,,,2,
DATAFLOW,OECD.SDD.TPS:DSD_PRICES@DF_PRICES_ALL(1.0),,I,IDN,,Q,,N,,CPI,,PA,,_T,,N,,GY,,2014-Q3,,4.351557,,A,,,,,,,,2,
DATAFLOW,OECD.SDD.TPS:DSD_PRICES@DF_PRICES_ALL(1.0),,I,IDN,,Q,,N,,CPI,,PA,,_T,,N,,GY,,2014-Q4,,6.475784,,A,,,,,,,,2,
DATAFLOW,OECD.SDD.TPS:DSD_PRICES@DF_PRICES_ALL(1.0),,I,IDN,,Q,,N,,CPI,,PA,,_T,,N,,GY,,2015-Q1,,6.542981,,A,,,,,,,,2,
DATAFLOW,OECD.SDD.TPS:DSD_PRICES@DF_PRICES_ALL(1.0),,I,IDN,,Q,,N,,CPI,,PA,,_T,,N,,GY,,2015-Q2,,7.065006,,A,,,,,,,,2,
DATAFLOW,OECD.SDD.TPS:DSD_PRICES@DF_PRICES_ALL(1.0),,I,IDN,,Q,,N,,CPI,,PA,,_T,,N,,GY,,2015-Q3,,7.089158,,A,,,,,,,,2,
DATAFLOW,OECD.SDD.TPS:DSD_PRICES@DF_PRICES_ALL(1.0),,I,IDN,,Q,,N,,CPI,,PA,,_T,,N,,GY,,2015-Q4,,4.811763,,A,,,,,,,,2,
DATAFLOW,OECD.SDD.TPS:DSD_PRICES@DF_PRICES_ALL(1.0),,I,IDN,,Q,,N,,CPI,,PA,,_T,,N,,GY,,2016-Q1,,4.335105,,A,,,,,,,,2,
DATAFLOW,OECD.SDD.TPS:DSD_PRICES@DF_PRICES_ALL(1.0),,I,IDN,,Q,,N,,CPI,,PA,,_T,,N,,GY,,2016-Q2,,3.461163,,A,,,,,,,,2,
DATAFLOW,OECD.SDD.TPS:DSD_PRICES@DF_PRICES_ALL(1.0),,I,IDN,,Q,,N,,CPI,,PA,,_T,,N,,GY,,2016-Q3,,3.024735,,A,,,,,,,,2,
DATAFLOW,OECD.SDD.TPS:DSD_PRICES@DF_PRICES_ALL(1.0),,I,IDN,,Q,,N,,CPI,,PA,,_T,,N,,GY,,2016-Q4,,3.302582,,A,,,,,,,,2,
DATAFLOW,OECD.SDD.TPS:DSD_PRICES@DF_PRICES_ALL(1.0),,I,IDN,,Q,,N,,CPI,,PA,,_T,,N,,GY,,2017-Q1,,3.645384,,A,,,,,,,,2,
DATAFLOW,OECD.SDD.TPS:DSD_PRICES@DF_PRICES_ALL(1.0),,I,IDN,,Q,,N,,CPI,,PA,,_T,,N,,GY,,2017-Q2,,4.291568,,A,,,,,,,,2,
DATAFLOW,OECD.SDD.TPS:DSD_PRICES@DF_PRICES_ALL(1.0),,I,IDN,,Q,,N,,CPI,,PA,,_T,,N,,GY,,2017-Q3,,3.80633,,A,,,,,,,,2,
DATAFLOW,OECD.SDD.TPS:DSD_PRICES@DF_PRICES_ALL(1.0),,I,IDN,,Q,,N,,CPI,,PA,,_T,,N,,GY,,2017-Q4,,3.498203,,A,,,,,,,,2,
DATAFLOW,OECD.SDD.TPS:DSD_PRICES@DF_PRICES_ALL(1.0),,I,IDN,,Q,,N,,CPI,,PA,,_T,,N,,GY,,2018-Q1,,3.277836,,A,,,,,,,,2,
DATAFLOW,OECD.SDD.TPS:DSD_PRICES@DF_PRICES_ALL(1.0),,I,IDN,,Q,,N,,CPI,,PA,,_T,,N,,GY,,2018-Q2,,3.254239,,A,,,,,,,,2,
DATAFLOW,OECD.SDD.TPS:DSD_PRICES@DF_PRICES_ALL(1.0),,I,IDN,,Q,,N,,CPI,,PA,,_T,,N,,GY,,2018-Q3,,3.089823,,A,,,,,,,,2,
DATAFLOW,OECD.SDD.TPS:DSD_PRICES@DF_PRICES_ALL(1.0),,I,IDN,,Q,,N,,CPI,,PA,,_T,,N,,GY,,2018-Q4,,3.173185,,A,,,,,,,,2,
DATAFLOW,OECD.SDD.TPS:DSD_PRICES@DF_PRICES_ALL(1.0),,I,IDN,,Q,,N,,CPI,,PA,,_T,,N,,GY,,2019-Q1,,2.624685,,A,,,,,,,,2,
DATAFLOW,OECD.SDD.TPS:DSD_PRICES@DF_PRICES_ALL(1.0),,I,IDN,,Q,,N,,CPI,,PA,,_T,,N,,GY,,2019-Q2,,3.144166,,A,,,,,,,,2,
DATAFLOW,OECD.SDD.TPS:DSD_PRICES@DF_PRICES_ALL(1.0),,I,IDN,,Q,,N,,CPI,,PA,,_T,,N,,GY,,2019-Q3,,3.400159,,A,,,,,,,,2,
DATAFLOW,OECD.SDD.TPS:DSD_PRICES@DF_PRICES_ALL(1.0),,I,IDN,,Q,,N,,CPI,,PA,,_T,,N,,GY,,2019-Q4,,2.9494,,A,,,,,,,,2,
DATAFLOW,OECD.SDD.TPS:DSD_PRICES@DF_PRICES_ALL(1.0),,I,IDN,,Q,,N,,CPI,,PA,,_T,,N,,GY,,2020-Q1,,2.920582,,A,,,,,,,,2,
DATAFLOW,OECD.SDD.TPS:DSD_PRICES@DF_PRICES_ALL(1.0),,I,IDN,,Q,,N,,CPI,,PA,,_T,,N,,GY,,2020-Q2,,2.112967,,A,,,,,,,,2,
DATAFLOW,OECD.SDD.TPS:DSD_PRICES@DF_PRICES_ALL(1.0),,I,IDN,,Q,,N,,CPI,,PA,,_T,,N,,GY,,2020-Q3,,1.199383,,A,,,,,,,,2,
DATAFLOW,OECD.SDD.TPS:DSD_PRICES@DF_PRICES_ALL(1.0),,I,IDN,,Q,,N,,CPI,,PA,,_T,,N,,GY,,2020-Q4,,1.46846,,A,,,,,,,,2,
DATAFLOW,OECD.SDD.TPS:DSD_PRICES@DF_PRICES_ALL(1.0),,I,IDN,,Q,,N,,CPI,,PA,,_T,,N,,GY,,2021-Q1,,1.431441,,A,,,,,,,,2,
DATAFLOW,OECD.SDD.TPS:DSD_PRICES@DF_PRICES_ALL(1.0),,I,IDN,,Q,,N,,CPI,,PA,,_T,,N,,GY,,2021-Q2,,1.477457,,A,,,,,,,,2,
DATAFLOW,OECD.SDD.TPS:DSD_PRICES@DF_PRICES_ALL(1.0),,I,IDN,,Q,,N,,CPI,,PA,,_T,,N,,GY,,2021-Q3,,1.569749,,A,,,,,,,,2,
DATAFLOW,OECD.SDD.TPS:DSD_PRICES@DF_PRICES_ALL(1.0),,I,IDN,,Q,,N,,CPI,,PA,,_T,,N,,GY,,2021-Q4,,1.760552,,A,,,,,,,,2,
DATAFLOW,OECD.SDD.TPS:DSD_PRICES@DF_PRICES_ALL(1.0),,I,IDN,,Q,,N,,CPI,,PA,,_T,,N,,GY,,2022-Q1,,2.2913,,A,,,,,,,,2,
DATAFLOW,OECD.SDD.TPS:DSD_PRICES@DF_PRICES_ALL(1.0),,I,IDN,,Q,,N,,CPI,,PA,,_T,,N,,GY,,2022-Q2,,3.791721,,A,,,,,,,,2,
DATAFLOW,OECD.SDD.TPS:DSD_PRICES@DF_PRICES_ALL(1.0),,I,IDN,,Q,,N,,CPI,,PA,,_T,,N,,GY,,2022-Q3,,5.193343,,A,,,,,,,,2,
DATAFLOW,OECD.SDD.TPS:DSD_PRICES@DF_PRICES_ALL(1.0),,I,IDN,,Q,,N,,CPI,,PA,,_T,,N,,GY,,2022-Q4,,5.545011,,A,,,,,,,,2,
DATAFLOW,OECD.SDD.TPS:DSD_PRICES@DF_PRICES_ALL(1.0),,I,IDN,,Q,,N,,CPI,,PA,,_T,,N,,GY,,2023-Q1,,5.2389,,A,,,,,,,,2,
DATAFLOW,OECD.SDD.TPS:DSD_PRICES@DF_PRICES_ALL(1.0),,I,IDN,,Q,,N,,CPI,,PA,,_T,,N,,GY,,2023-Q2,,3.948837,,A,,,,,,,,2,
DATAFLOW,OECD.SDD.TPS:DSD_PRICES@DF_PRICES_ALL(1.0),,I,IDN,,Q,,N,,CPI,,PA,,_T,,N,,GY,,2023-Q3,,2.872948,,A,,,,,,,,2,
DATAFLOW,OECD.SDD.TPS:DSD_PRICES@DF_PRICES_ALL(1.0),,I,IDN,,Q,,N,,CPI,,PA,,_T,,N,,GY,,2023-Q4,,2.679914,,A,,,,,,,,2,
DATAFLOW,OECD.SDD.TPS:DSD_PRICES@DF_PRICES_ALL(1.0),,I,POL,,Q,,N,,CPI,,PA,,_T,,N,,GY,,1996-Q3,,20.13333,,A,,,,,,,,2,
DATAFLOW,OECD.SDD.TPS:DSD_PRICES@DF_PRICES_ALL(1.0),,I,POL,,Q,,N,,CPI,,PA,,_T,,N,,GY,,1996-Q4,,19.03333,,A,,,,,,,,2,
DATAFLOW,OECD.SDD.TPS:DSD_PRICES@DF_PRICES_ALL(1.0),,I,POL,,Q,,N,,CPI,,PA,,_T,,N,,GY,,1997-Q1,,17.23333,,A,,,,,,,,2,
DATAFLOW,OECD.SDD.TPS:DSD_PRICES@DF_PRICES_ALL(1.0),,I,POL,,Q,,N,,CPI,,PA,,_T,,N,,GY,,1997-Q2,,15.06667,,A,,,,,,,,2,
DATAFLOW,OECD.SDD.TPS:DSD_PRICES@DF_PRICES_ALL(1.0),,I,POL,,Q,,N,,CPI,,PA,,_T,,N,,GY,,1997-Q3,,14.33333,,A,,,,,,,,2,
DATAFLOW,OECD.SDD.TPS:DSD_PRICES@DF_PRICES_ALL(1.0),,I,POL,,Q,,N,,CPI,,PA,,_T,,N,,GY,,1997-Q4,,13.16667,,A,,,,,,,,2,
DATAFLOW,OECD.SDD.TPS:DSD_PRICES@DF_PRICES_ALL(1.0),,I,POL,,Q,,N,,CPI,,PA,,_T,,N,,GY,,1998-Q1,,13.9,,A,,,,,,,,2,
DATAFLOW,OECD.SDD.TPS:DSD_PRICES@DF_PRICES_ALL(1.0),,I,POL,,Q,,N,,CPI,,PA,,_T,,N,,GY,,1998-Q2,,13.06667,,A,,,,,,,,2,
DATAFLOW,OECD.SDD.TPS:DSD_PRICES@DF_PRICES_ALL(1.0),,I,POL,,Q,,N,,CPI,,PA,,_T,,N,,GY,,1998-Q3,,11.26667,,A,,,,,,,,2,
DATAFLOW,OECD.SDD.TPS:DSD_PRICES@DF_PRICES_ALL(1.0),,I,POL,,Q,,N,,CPI,,PA,,_T,,N,,GY,,1998-Q4,,9.233334,,A,,,,,,,,2,
DATAFLOW,OECD.SDD.TPS:DSD_PRICES@DF_PRICES_ALL(1.0),,I,POL,,Q,,N,,CPI,,PA,,_T,,N,,GY,,1999-Q1,,6.233333,,A,,,,,,,,2,
DATAFLOW,OECD.SDD.TPS:DSD_PRICES@DF_PRICES_ALL(1.0),,I,POL,,Q,,N,,CPI,,PA,,_T,,N,,GY,,1999-Q2,,6.4,,A,,,,,,,,2,
DATAFLOW,OECD.SDD.TPS:DSD_PRICES@DF_PRICES_ALL(1.0),,I,POL,,Q,,N,,CPI,,PA,,_T,,N,,GY,,1999-Q3,,7.166667,,A,,,,,,,,2,
DATAFLOW,OECD.SDD.TPS:DSD_PRICES@DF_PRICES_ALL(1.0),,I,POL,,Q,,N,,CPI,,PA,,_T,,N,,GY,,1999-Q4,,9.233334,,A,,,,,,,,2,
DATAFLOW,OECD.SDD.TPS:DSD_PRICES@DF_PRICES_ALL(1.0),,I,POL,,Q,,N,,CPI,,PA,,_T,,N,,GY,,2000-Q1,,10.26667,,A,,,,,,,,2,
DATAFLOW,OECD.SDD.TPS:DSD_PRICES@DF_PRICES_ALL(1.0),,I,POL,,Q,,N,,CPI,,PA,,_T,,N,,GY,,2000-Q2,,10,,A,,,,,,,,2,
DATAFLOW,OECD.SDD.TPS:DSD_PRICES@DF_PRICES_ALL(1.0),,I,POL,,Q,,N,,CPI,,PA,,_T,,N,,GY,,2000-Q3,,10.86667,,A,,,,,,,,2,
DATAFLOW,OECD.SDD.TPS:DSD_PRICES@DF_PRICES_ALL(1.0),,I,POL,,Q,,N,,CPI,,PA,,_T,,N,,GY,,2000-Q4,,9.233334,,A,,,,,,,,2,
DATAFLOW,OECD.SDD.TPS:DSD_PRICES@DF_PRICES_ALL(1.0),,I,POL,,Q,,N,,CPI,,PA,,_T,,N,,GY,,2001-Q1,,6.733333,,A,,,,,,,,2,
DATAFLOW,OECD.SDD.TPS:DSD_PRICES@DF_PRICES_ALL(1.0),,I,POL,,Q,,N,,CPI,,PA,,_T,,N,,GY,,2001-Q2,,6.566667,,A,,,,,,,,2,
DATAFLOW,OECD.SDD.TPS:DSD_PRICES@DF_PRICES_ALL(1.0),,I,POL,,Q,,N,,CPI,,PA,,_T,,N,,GY,,2001-Q3,,4.866667,,A,,,,,,,,2,
DATAFLOW,OECD.SDD.TPS:DSD_PRICES@DF_PRICES_ALL(1.0),,I,POL,,Q,,N,,CPI,,PA,,_T,,N,,GY,,2001-Q4,,3.733333,,A,,,,,,,,2,
DATAFLOW,OECD.SDD.TPS:DSD_PRICES@DF_PRICES_ALL(1.0),,I,POL,,Q,,N,,CPI,,PA,,_T,,N,,GY,,2002-Q1,,3.4,,A,,,,,,,,2,
DATAFLOW,OECD.SDD.TPS:DSD_PRICES@DF_PRICES_ALL(1.0),,I,POL,,Q,,N,,CPI,,PA,,_T,,N,,GY,,2002-Q2,,2.166667,,A,,,,,,,,2,
DATAFLOW,OECD.SDD.TPS:DSD_PRICES@DF_PRICES_ALL(1.0),,I,POL,,Q,,N,,CPI,,PA,,_T,,N,,GY,,2002-Q3,,1.266667,,A,,,,,,,,2,
DATAFLOW,OECD.SDD.TPS:DSD_PRICES@DF_PRICES_ALL(1.0),,I,POL,,Q,,N,,CPI,,PA,,_T,,N,,GY,,2002-Q4,,0.9333333,,A,,,,,,,,2,
DATAFLOW,OECD.SDD.TPS:DSD_PRICES@DF_PRICES_ALL(1.0),,I,POL,,Q,,N,,CPI,,PA,,_T,,N,,GY,,2003-Q1,,0.5333334,,A,,,,,,,,2,
DATAFLOW,OECD.SDD.TPS:DSD_PRICES@DF_PRICES_ALL(1.0),,I,POL,,Q,,N,,CPI,,PA,,_T,,N,,GY,,2003-Q2,,0.5,,A,,,,,,,,2,
DATAFLOW,OECD.SDD.TPS:DSD_PRICES@DF_PRICES_ALL(1.0),,I,POL,,Q,,N,,CPI,,PA,,_T,,N,,GY,,2003-Q3,,0.8,,A,,,,,,,,2,
DATAFLOW,OECD.SDD.TPS:DSD_PRICES@DF_PRICES_ALL(1.0),,I,POL,,Q,,N,,CPI,,PA,,_T,,N,,GY,,2003-Q4,,1.533333,,A,,,,,,,,2,
DATAFLOW,OECD.SDD.TPS:DSD_PRICES@DF_PRICES_ALL(1.0),,I,POL,,Q,,N,,CPI,,PA,,_T,,N,,GY,,2004-Q1,,1.633333,,A,,,,,,,,2,
DATAFLOW,OECD.SDD.TPS:DSD_PRICES@DF_PRICES_ALL(1.0),,I,POL,,Q,,N,,CPI,,PA,,_T,,N,,GY,,2004-Q2,,3.333333,,A,,,,,,,,2,
DATAFLOW,OECD.SDD.TPS:DSD_PRICES@DF_PRICES_ALL(1.0),,I,POL,,Q,,N,,CPI,,PA,,_T,,N,,GY,,2004-Q3,,4.533333,,A,,,,,,,,2,
DATAFLOW,OECD.SDD.TPS:DSD_PRICES@DF_PRICES_ALL(1.0),,I,POL,,Q,,N,,CPI,,PA,,_T,,N,,GY,,2004-Q4,,4.466667,,A,,,,,,,,2,
DATAFLOW,OECD.SDD.TPS:DSD_PRICES@DF_PRICES_ALL(1.0),,I,POL,,Q,,N,,CPI,,PA,,_T,,N,,GY,,2005-Q1,,3.566667,,A,,,,,,,,2,
DATAFLOW,OECD.SDD.TPS:DSD_PRICES@DF_PRICES_ALL(1.0),,I,POL,,Q,,N,,CPI,,PA,,_T,,N,,GY,,2005-Q2,,2.3,,A,,,,,,,,2,
DATAFLOW,OECD.SDD.TPS:DSD_PRICES@DF_PRICES_ALL(1.0),,I,POL,,Q,,N,,CPI,,PA,,_T,,N,,GY,,2005-Q3,,1.566667,,A,,,,,,,,2,
DATAFLOW,OECD.SDD.TPS:DSD_PRICES@DF_PRICES_ALL(1.0),,I,POL,,Q,,N,,CPI,,PA,,_T,,N,,GY,,2005-Q4,,1.1,,A,,,,,,,,2,
DATAFLOW,OECD.SDD.TPS:DSD_PRICES@DF_PRICES_ALL(1.0),,I,POL,,Q,,N,,CPI,,PA,,_T,,N,,GY,,2006-Q1,,0.5666667,,A,,,,,,,,2,
DATAFLOW,OECD.SDD.TPS:DSD_PRICES@DF_PRICES_ALL(1.0),,I,POL,,Q,,N,,CPI,,PA,,_T,,N,,GY,,2006-Q2,,0.8,,A,,,,,,,,2,
DATAFLOW,OECD.SDD.TPS:DSD_PRICES@DF_PRICES_ALL(1.0),,I,POL,,Q,,N,,CPI,,PA,,_T,,N,,GY,,2006-Q3,,1.433333,,A,,,,,,,,2,
DATAFLOW,OECD.SDD.TPS:DSD_PRICES@DF_PRICES_ALL(1.0),,I,POL,,Q,,N,,CPI,,PA,,_T,,N,,GY,,2006-Q4,,1.333333,,A,,,,,,,,2,
DATAFLOW,OECD.SDD.TPS:DSD_PRICES@DF_PRICES_ALL(1.0),,I,POL,,Q,,N,,CPI,,PA,,_T,,N,,GY,,2007-Q1,,2,,A,,,,,,,,2,
DATAFLOW,OECD.SDD.TPS:DSD_PRICES@DF_PRICES_ALL(1.0),,I,POL,,Q,,N,,CPI,,PA,,_T,,N,,GY,,2007-Q2,,2.4,,A,,,,,,,,2,
DATAFLOW,OECD.SDD.TPS:DSD_PRICES@DF_PRICES_ALL(1.0),,I,POL,,Q,,N,,CPI,,PA,,_T,,N,,GY,,2007-Q3,,2.033333,,A,,,,,,,,2,
DATAFLOW,OECD.SDD.TPS:DSD_PRICES@DF_PRICES_ALL(1.0),,I,POL,,Q,,N,,CPI,,PA,,_T,,N,,GY,,2007-Q4,,3.533333,,A,,,,,,,,2,
DATAFLOW,OECD.SDD.TPS:DSD_PRICES@DF_PRICES_ALL(1.0),,I,POL,,Q,,N,,CPI,,PA,,_T,,N,,GY,,2008-Q1,,4.1,,A,,,,,,,,2,
DATAFLOW,OECD.SDD.TPS:DSD_PRICES@DF_PRICES_ALL(1.0),,I,POL,,Q,,N,,CPI,,PA,,_T,,N,,GY,,2008-Q2,,4.333333,,A,,,,,,,,2,
DATAFLOW,OECD.SDD.TPS:DSD_PRICES@DF_PRICES_ALL(1.0),,I,POL,,Q,,N,,CPI,,PA,,_T,,N,,GY,,2008-Q3,,4.7,,A,,,,,,,,2,
DATAFLOW,OECD.SDD.TPS:DSD_PRICES@DF_PRICES_ALL(1.0),,I,POL,,Q,,N,,CPI,,PA,,_T,,N,,GY,,2008-Q4,,3.733333,,A,,,,,,,,2,
DATAFLOW,OECD.SDD.TPS:DSD_PRICES@DF_PRICES_ALL(1.0),,I,POL,,Q,,N,,CPI,,PA,,_T,,N,,GY,,2009-Q1,,3.233333,,A,,,,,,,,2,
DATAFLOW,OECD.SDD.TPS:DSD_PRICES@DF_PRICES_ALL(1.0),,I,POL,,Q,,N,,CPI,,PA,,_T,,N,,GY,,2009-Q2,,3.7,,A,,,,,,,,2,
DATAFLOW,OECD.SDD.TPS:DSD_PRICES@DF_PRICES_ALL(1.0),,I,POL,,Q,,N,,CPI,,PA,,_T,,N,,GY,,2009-Q3,,3.566667,,A,,,,,,,,2,
DATAFLOW,OECD.SDD.TPS:DSD_PRICES@DF_PRICES_ALL(1.0),,I,POL,,Q,,N,,CPI,,PA,,_T,,N,,GY,,2009-Q4,,3.3,,A,,,,,,,,2,
DATAFLOW,OECD.SDD.TPS:DSD_PRICES@DF_PRICES_ALL(1.0),,I,POL,,Q,,N,,CPI,,PA,,_T,,N,,GY,,2010-Q1,,3,,A,,,,,,,,2,
DATAFLOW,OECD.SDD.TPS:DSD_PRICES@DF_PRICES_ALL(1.0),,I,POL,,Q,,N,,CPI,,PA,,_T,,N,,GY,,2010-Q2,,2.3,,A,,,,,,,,2,
DATAFLOW,OECD.SDD.TPS:DSD_PRICES@DF_PRICES_ALL(1.0),,I,POL,,Q,,N,,CPI,,PA,,_T,,N,,GY,,2010-Q3,,2.166667,,A,,,,,,,,2,
DATAFLOW,OECD.SDD.TPS:DSD_PRICES@DF_PRICES_ALL(1.0),,I,POL,,Q,,N,,CPI,,PA,,_T,,N,,GY,,2010-Q4,,2.866667,,A,,,,,,,,2,
DATAFLOW,OECD.SDD.TPS:DSD_PRICES@DF_PRICES_ALL(1.0),,I,POL,,Q,,N,,CPI,,PA,,_T,,N,,GY,,2011-Q1,,3.833333,,A,,,,,,,,2,
DATAFLOW,OECD.SDD.TPS:DSD_PRICES@DF_PRICES_ALL(1.0),,I,POL,,Q,,N,,CPI,,PA,,_T,,N,,GY,,2011-Q2,,4.566667,,A,,,,,,,,2,
DATAFLOW,OECD.SDD.TPS:DSD_PRICES@DF_PRICES_ALL(1.0),,I,POL,,Q,,N,,CPI,,PA,,_T,,N,,GY,,2011-Q3,,4.1,,A,,,,,,,,2,
DATAFLOW,OECD.SDD.TPS:DSD_PRICES@DF_PRICES_ALL(1.0),,I,POL,,Q,,N,,CPI,,PA,,_T,,N,,GY,,2011-Q4,,4.566667,,A,,,,,,,,2,
DATAFLOW,OECD.SDD.TPS:DSD_PRICES@DF_PRICES_ALL(1.0),,I,POL,,Q,,N,,CPI,,PA,,_T,,N,,GY,,2012-Q1,,4.1,,A,,,,,,,,2,
DATAFLOW,OECD.SDD.TPS:DSD_PRICES@DF_PRICES_ALL(1.0),,I,POL,,Q,,N,,CPI,,PA,,_T,,N,,GY,,2012-Q2,,3.966667,,A,,,,,,,,2,
DATAFLOW,OECD.SDD.TPS:DSD_PRICES@DF_PRICES_ALL(1.0),,I,POL,,Q,,N,,CPI,,PA,,_T,,N,,GY,,2012-Q3,,3.866667,,A,,,,,,,,2,
DATAFLOW,OECD.SDD.TPS:DSD_PRICES@DF_PRICES_ALL(1.0),,I,POL,,Q,,N,,CPI,,PA,,_T,,N,,GY,,2012-Q4,,2.866667,,A,,,,,,,,2,
DATAFLOW,OECD.SDD.TPS:DSD_PRICES@DF_PRICES_ALL(1.0),,I,POL,,Q,,N,,CPI,,PA,,_T,,N,,GY,,2013-Q1,,1.333333,,A,,,,,,,,2,
DATAFLOW,OECD.SDD.TPS:DSD_PRICES@DF_PRICES_ALL(1.0),,I,POL,,Q,,N,,CPI,,PA,,_T,,N,,GY,,2013-Q2,,0.5,,A,,,,,,,,2,
DATAFLOW,OECD.SDD.TPS:DSD_PRICES@DF_PRICES_ALL(1.0),,I,POL,,Q,,N,,CPI,,PA,,_T,,N,,GY,,2013-Q3,,1.066667,,A,,,,,,,,2,
DATAFLOW,OECD.SDD.TPS:DSD_PRICES@DF_PRICES_ALL(1.0),,I,POL,,Q,,N,,CPI,,PA,,_T,,N,,GY,,2013-Q4,,0.7,,A,,,,,,,,2,
DATAFLOW,OECD.SDD.TPS:DSD_PRICES@DF_PRICES_ALL(1.0),,I,POL,,Q,,N,,CPI,,PA,,_T,,N,,GY,,2014-Q1,,0.6333333,,A,,,,,,,,2,
DATAFLOW,OECD.SDD.TPS:DSD_PRICES@DF_PRICES_ALL(1.0),,I,POL,,Q,,N,,CPI,,PA,,_T,,N,,GY,,2014-Q2,,0.2666667,,A,,,,,,,,2,
DATAFLOW,OECD.SDD.TPS:DSD_PRICES@DF_PRICES_ALL(1.0),,I,POL,,Q,,N,,CPI,,PA,,_T,,N,,GY,,2014-Q3,,-0.2666667,,A,,,,,,,,2,
DATAFLOW,OECD.SDD.TPS:DSD_PRICES@DF_PRICES_ALL(1.0),,I,POL,,Q,,N,,CPI,,PA,,_T,,N,,GY,,2014-Q4,,-0.7333333,,A,,,,,,,,2,
DATAFLOW,OECD.SDD.TPS:DSD_PRICES@DF_PRICES_ALL(1.0),,I,POL,,Q,,N,,CPI,,PA,,_T,,N,,GY,,2015-Q1,,-1.5,,A,,,,,,,,2,
DATAFLOW,OECD.SDD.TPS:DSD_PRICES@DF_PRICES_ALL(1.0),,I,POL,,Q,,N,,CPI,,PA,,_T,,N,,GY,,2015-Q2,,-0.9333333,,A,,,,,,,,2,
DATAFLOW,OECD.SDD.TPS:DSD_PRICES@DF_PRICES_ALL(1.0),,I,POL,,Q,,N,,CPI,,PA,,_T,,N,,GY,,2015-Q3,,-0.7,,A,,,,,,,,2,
DATAFLOW,OECD.SDD.TPS:DSD_PRICES@DF_PRICES_ALL(1.0),,I,POL,,Q,,N,,CPI,,PA,,_T,,N,,GY,,2015-Q4,,-0.6,,A,,,,,,,,2,
DATAFLOW,OECD.SDD.TPS:DSD_PRICES@DF_PRICES_ALL(1.0),,I,POL,,Q,,N,,CPI,,PA,,_T,,N,,GY,,2016-Q1,,-0.8666667,,A,,,,,,,,2,
DATAFLOW,OECD.SDD.TPS:DSD_PRICES@DF_PRICES_ALL(1.0),,I,POL,,Q,,N,,CPI,,PA,,_T,,N,,GY,,2016-Q2,,-0.9333333,,A,,,,,,,,2,
DATAFLOW,OECD.SDD.TPS:DSD_PRICES@DF_PRICES_ALL(1.0),,I,POL,,Q,,N,,CPI,,PA,,_T,,N,,GY,,2016-Q3,,-0.7333333,,A,,,,,,,,2,
DATAFLOW,OECD.SDD.TPS:DSD_PRICES@DF_PRICES_ALL(1.0),,I,POL,,Q,,N,,CPI,,PA,,_T,,N,,GY,,2016-Q4,,0.2,,A,,,,,,,,2,
DATAFLOW,OECD.SDD.TPS:DSD_PRICES@DF_PRICES_ALL(1.0),,I,POL,,Q,,N,,CPI,,PA,,_T,,N,,GY,,2017-Q1,,1.966667,,A,,,,,,,,2,
DATAFLOW,OECD.SDD.TPS:DSD_PRICES@DF_PRICES_ALL(1.0),,I,POL,,Q,,N,,CPI,,PA,,_T,,N,,GY,,2017-Q2,,1.8,,A,,,,,,,,2,
DATAFLOW,OECD.SDD.TPS:DSD_PRICES@DF_PRICES_ALL(1.0),,I,POL,,Q,,N,,CPI,,PA,,_T,,N,,GY,,2017-Q3,,1.9,,A,,,,,,,,2,
DATAFLOW,OECD.SDD.TPS:DSD_PRICES@DF_PRICES_ALL(1.0),,I,POL,,Q,,N,,CPI,,PA,,_T,,N,,GY,,2017-Q4,,2.233333,,A,,,,,,,,2,
DATAFLOW,OECD.SDD.TPS:DSD_PRICES@DF_PRICES_ALL(1.0),,I,POL,,Q,,N,,CPI,,PA,,_T,,N,,GY,,2018-Q1,,1.533333,,A,,,,,,,,2,
DATAFLOW,OECD.SDD.TPS:DSD_PRICES@DF_PRICES_ALL(1.0),,I,POL,,Q,,N,,CPI,,PA,,_T,,N,,GY,,2018-Q2,,1.766667,,A,,,,,,,,2,
DATAFLOW,OECD.SDD.TPS:DSD_PRICES@DF_PRICES_ALL(1.0),,I,POL,,Q,,N,,CPI,,PA,,_T,,N,,GY,,2018-Q3,,1.966667,,A,,,,,,,,2,
DATAFLOW,OECD.SDD.TPS:DSD_PRICES@DF_PRICES_ALL(1.0),,I,POL,,Q,,N,,CPI,,PA,,_T,,N,,GY,,2018-Q4,,1.4,,A,,,,,,,,2,
DATAFLOW,OECD.SDD.TPS:DSD_PRICES@DF_PRICES_ALL(1.0),,I,POL,,Q,,N,,CPI,,PA,,_T,,N,,GY,,2019-Q1,,1.2,,A,,,,,,,,2,
DATAFLOW,OECD.SDD.TPS:DSD_PRICES@DF_PRICES_ALL(1.0),,I,POL,,Q,,N,,CPI,,PA,,_T,,N,,GY,,2019-Q2,,2.4,,A,,,,,,,,2,
DATAFLOW,OECD.SDD.TPS:DSD_PRICES@DF_PRICES_ALL(1.0),,I,POL,,Q,,N,,CPI,,PA,,_T,,N,,GY,,2019-Q3,,2.8,,A,,,,,,,,2,
DATAFLOW,OECD.SDD.TPS:DSD_PRICES@DF_PRICES_ALL(1.0),,I,POL,,Q,,N,,CPI,,PA,,_T,,N,,GY,,2019-Q4,,2.833333,,A,,,,,,,,2,
DATAFLOW,OECD.SDD.TPS:DSD_PRICES@DF_PRICES_ALL(1.0),,I,POL,,Q,,N,,CPI,,PA,,_T,,N,,GY,,2020-Q1,,4.533333,,A,,,,,,,,2,
DATAFLOW,OECD.SDD.TPS:DSD_PRICES@DF_PRICES_ALL(1.0),,I,POL,,Q,,N,,CPI,,PA,,_T,,N,,GY,,2020-Q2,,3.2,,A,,,,,,,,2,
DATAFLOW,OECD.SDD.TPS:DSD_PRICES@DF_PRICES_ALL(1.0),,I,POL,,Q,,N,,CPI,,PA,,_T,,N,,GY,,2020-Q3,,3.033333,,A,,,,,,,,2,
DATAFLOW,OECD.SDD.TPS:DSD_PRICES@DF_PRICES_ALL(1.0),,I,POL,,Q,,N,,CPI,,PA,,_T,,N,,GY,,2020-Q4,,2.833333,,A,,,,,,,,2,
DATAFLOW,OECD.SDD.TPS:DSD_PRICES@DF_PRICES_ALL(1.0),,I,POL,,Q,,N,,CPI,,PA,,_T,,N,,GY,,2021-Q1,,2.733333,,A,,,,,,,,2,
DATAFLOW,OECD.SDD.TPS:DSD_PRICES@DF_PRICES_ALL(1.0),,I,POL,,Q,,N,,CPI,,PA,,_T,,N,,GY,,2021-Q2,,4.466667,,A,,,,,,,,2,
DATAFLOW,OECD.SDD.TPS:DSD_PRICES@DF_PRICES_ALL(1.0),,I,POL,,Q,,N,,CPI,,PA,,_T,,N,,GY,,2021-Q3,,5.466667,,A,,,,,,,,2,
DATAFLOW,OECD.SDD.TPS:DSD_PRICES@DF_PRICES_ALL(1.0),,I,POL,,Q,,N,,CPI,,PA,,_T,,N,,GY,,2021-Q4,,7.733333,,A,,,,,,,,2,
DATAFLOW,OECD.SDD.TPS:DSD_PRICES@DF_PRICES_ALL(1.0),,I,POL,,Q,,N,,CPI,,PA,,_T,,N,,GY,,2022-Q1,,9.633333,,A,,,,,,,,2,
DATAFLOW,OECD.SDD.TPS:DSD_PRICES@DF_PRICES_ALL(1.0),,I,POL,,Q,,N,,CPI,,PA,,_T,,N,,GY,,2022-Q2,,13.93333,,A,,,,,,,,2,
DATAFLOW,OECD.SDD.TPS:DSD_PRICES@DF_PRICES_ALL(1.0),,I,POL,,Q,,N,,CPI,,PA,,_T,,N,,GY,,2022-Q3,,16.3,,A,,,,,,,,2,
DATAFLOW,OECD.SDD.TPS:DSD_PRICES@DF_PRICES_ALL(1.0),,I,POL,,Q,,N,,CPI,,PA,,_T,,N,,GY,,2022-Q4,,17.33333,,A,,,,,,,,2,
DATAFLOW,OECD.SDD.TPS:DSD_PRICES@DF_PRICES_ALL(1.0),,I,POL,,Q,,N,,CPI,,PA,,_T,,N,,GY,,2023-Q1,,17.03333,,A,,,,,,,,2,
DATAFLOW,OECD.SDD.TPS:DSD_PRICES@DF_PRICES_ALL(1.0),,I,POL,,Q,,N,,CPI,,PA,,_T,,N,,GY,,2023-Q2,,13.06667,,A,,,,,,,,2,
DATAFLOW,OECD.SDD.TPS:DSD_PRICES@DF_PRICES_ALL(1.0),,I,POL,,Q,,N,,CPI,,PA,,_T,,N,,GY,,2023-Q3,,9.7,,A,,,,,,,,2,
DATAFLOW,OECD.SDD.TPS:DSD_PRICES@DF_PRICES_ALL(1.0),,I,POL,,Q,,N,,CPI,,PA,,_T,,N,,GY,,2023-Q4,,6.466667,,A,,,,,,,,2,
DATAFLOW,OECD.SDD.TPS:DSD_PRICES@DF_PRICES_ALL(1.0),,I,POL,,Q,,N,,CPI,,PA,,_T,,N,,GY,,2024-Q1,,2.833333,,A,,,,,,,,2,
DATAFLOW,OECD.SDD.TPS:DSD_PRICES@DF_PRICES_ALL(1.0),,I,POL,,Q,,N,,CPI,,PA,,_T,,N,,GY,,2024-Q2,,2.5,,A,,,,,,,,2,
DATAFLOW,OECD.SDD.TPS:DSD_PRICES@DF_PRICES_ALL(1.0),,I,POL,,Q,,N,,CPI,,PA,,_T,,N,,GY,,2024-Q3,,4.466667,,A,,,,,,,,2,
DATAFLOW,OECD.SDD.TPS:DSD_PRICES@DF_PRICES_ALL(1.0),,I,POL,,Q,,N,,CPI,,PA,,_T,,N,,GY,,2024-Q4,,4.8,,A,,,,,,,,2,
DATAFLOW,OECD.SDD.TPS:DSD_PRICES@DF_PRICES_ALL(1.0),,I,POL,,Q,,N,,CPI,,PA,,_T,,N,,GY,,2025-Q1,,4.9,,A,,,,,,,,2,
DATAFLOW,OECD.SDD.TPS:DSD_PRICES@DF_PRICES_ALL(1.0),,I,POL,,Q,,N,,CPI,,PA,,_T,,N,,GY,,2025-Q2,,4.133333,,A,,,,,,,,2,
DATAFLOW,OECD.SDD.TPS:DSD_PRICES@DF_PRICES_ALL(1.0),,I,POL,,Q,,N,,CPI,,PA,,_T,,N,,GY,,2025-Q3,,2.966667,,A,,,,,,,,2,
DATAFLOW,OECD.SDD.TPS:DSD_PRICES@DF_PRICES_ALL(1.0),,I,POL,,Q,,N,,CPI,,PA,,_T,,N,,GY,,2025-Q4,,2.566667,,A,,,,,,,,2,
DATAFLOW,OECD.SDD.TPS:DSD_PRICES@DF_PRICES_ALL(1.0),,I,RUS,,Q,,N,,CPI,,PA,,_T,,N,,GY,,1996-Q3,,37.25526,,A,,,,,,,,2,
DATAFLOW,OECD.SDD.TPS:DSD_PRICES@DF_PRICES_ALL(1.0),,I,RUS,,Q,,N,,CPI,,PA,,_T,,N,,GY,,1996-Q4,,24.25489,,A,,,,,,,,2,
DATAFLOW,OECD.SDD.TPS:DSD_PRICES@DF_PRICES_ALL(1.0),,I,RUS,,Q,,N,,CPI,,PA,,_T,,N,,GY,,1997-Q1,,18.21677,,A,,,,,,,,2,
DATAFLOW,OECD.SDD.TPS:DSD_PRICES@DF_PRICES_ALL(1.0),,I,RUS,,Q,,N,,CPI,,PA,,_T,,N,,GY,,1997-Q2,,14.8076,,A,,,,,,,,2,
DATAFLOW,OECD.SDD.TPS:DSD_PRICES@DF_PRICES_ALL(1.0),,I,RUS,,Q,,N,,CPI,,PA,,_T,,N,,GY,,1997-Q3,,14.56064,,A,,,,,,,,2,
DATAFLOW,OECD.SDD.TPS:DSD_PRICES@DF_PRICES_ALL(1.0),,I,RUS,,Q,,N,,CPI,,PA,,_T,,N,,GY,,1997-Q4,,11.82788,,A,,,,,,,,2,
DATAFLOW,OECD.SDD.TPS:DSD_PRICES@DF_PRICES_ALL(1.0),,I,RUS,,Q,,N,,CPI,,PA,,_T,,N,,GY,,1998-Q1,,9.369718,,A,,,,,,,,2,
DATAFLOW,OECD.SDD.TPS:DSD_PRICES@DF_PRICES_ALL(1.0),,I,RUS,,Q,,N,,CPI,,PA,,_T,,N,,GY,,1998-Q2,,7.269952,,A,,,,,,,,2,
DATAFLOW,OECD.SDD.TPS:DSD_PRICES@DF_PRICES_ALL(1.0),,I,RUS,,Q,,N,,CPI,,PA,,_T,,N,,GY,,1998-Q3,,22.4375,,A,,,,,,,,2,
DATAFLOW,OECD.SDD.TPS:DSD_PRICES@DF_PRICES_ALL(1.0),,I,RUS,,Q,,N,,CPI,,PA,,_T,,N,,GY,,1998-Q4,,70.10912,,A,,,,,,,,2,
DATAFLOW,OECD.SDD.TPS:DSD_PRICES@DF_PRICES_ALL(1.0),,I,RUS,,Q,,N,,CPI,,PA,,_T,,N,,GY,,1999-Q1,,102.6092,,A,,,,,,,,2,
DATAFLOW,OECD.SDD.TPS:DSD_PRICES@DF_PRICES_ALL(1.0),,I,RUS,,Q,,N,,CPI,,PA,,_T,,N,,GY,,1999-Q2,,116.8237,,A,,,,,,,,2,
DATAFLOW,OECD.SDD.TPS:DSD_PRICES@DF_PRICES_ALL(1.0),,I,RUS,,Q,,N,,CPI,,PA,,_T,,N,,GY,,1999-Q3,,98.22007,,A,,,,,,,,2,
DATAFLOW,OECD.SDD.TPS:DSD_PRICES@DF_PRICES_ALL(1.0),,I,RUS,,Q,,N,,CPI,,PA,,_T,,N,,GY,,1999-Q4,,47.46852,,A,,,,,,,,2,
DATAFLOW,OECD.SDD.TPS:DSD_PRICES@DF_PRICES_ALL(1.0),,I,RUS,,Q,,N,,CPI,,PA,,_T,,N,,GY,,2000-Q1,,25.43802,,A,,,,,,,,2,
DATAFLOW,OECD.SDD.TPS:DSD_PRICES@DF_PRICES_ALL(1.0),,I,RUS,,Q,,N,,CPI,,PA,,_T,,N,,GY,,2000-Q2,,19.83093,,A,,,,,,,,2,
DATAFLOW,OECD.SDD.TPS:DSD_PRICES@DF_PRICES_ALL(1.0),,I,RUS,,Q,,N,,CPI,,PA,,_T,,N,,GY,,2000-Q3,,18.73701,,A,,,,,,,,2,
DATAFLOW,OECD.SDD.TPS:DSD_PRICES@DF_PRICES_ALL(1.0),,I,RUS,,Q,,N,,CPI,,PA,,_T,,N,,GY,,2000-Q4,,19.78989,,A,,,,,,,,2,
DATAFLOW,OECD.SDD.TPS:DSD_PRICES@DF_PRICES_ALL(1.0),,I,RUS,,Q,,N,,CPI,,PA,,_T,,N,,GY,,2001-Q1,,22.19488,,A,,,,,,,,2,
DATAFLOW,OECD.SDD.TPS:DSD_PRICES@DF_PRICES_ALL(1.0),,I,RUS,,Q,,N,,CPI,,PA,,_T,,N,,GY,,2001-Q2,,24.41,,A,,,,,,,,2,
DATAFLOW,OECD.SDD.TPS:DSD_PRICES@DF_PRICES_ALL(1.0),,I,RUS,,Q,,N,,CPI,,PA,,_T,,N,,GY,,2001-Q3,,20.9723,,A,,,,,,,,2,
DATAFLOW,OECD.SDD.TPS:DSD_PRICES@DF_PRICES_ALL(1.0),,I,RUS,,Q,,N,,CPI,,PA,,_T,,N,,GY,,2001-Q4,,18.67606,,A,,,,,,,,2,
DATAFLOW,OECD.SDD.TPS:DSD_PRICES@DF_PRICES_ALL(1.0),,I,RUS,,Q,,N,,CPI,,PA,,_T,,N,,GY,,2002-Q1,,17.78062,,A,,,,,,,,2,
DATAFLOW,OECD.SDD.TPS:DSD_PRICES@DF_PRICES_ALL(1.0),,I,RUS,,Q,,N,,CPI,,PA,,_T,,N,,GY,,2002-Q2,,15.54778,,A,,,,,,,,2,
DATAFLOW,OECD.SDD.TPS:DSD_PRICES@DF_PRICES_ALL(1.0),,I,RUS,,Q,,N,,CPI,,PA,,_T,,N,,GY,,2002-Q3,,14.98511,,A,,,,,,,,2,
DATAFLOW,OECD.SDD.TPS:DSD_PRICES@DF_PRICES_ALL(1.0),,I,RUS,,Q,,N,,CPI,,PA,,_T,,N,,GY,,2002-Q4,,15.00793,,A,,,,,,,,2,
DATAFLOW,OECD.SDD.TPS:DSD_PRICES@DF_PRICES_ALL(1.0),,I,RUS,,Q,,N,,CPI,,PA,,_T,,N,,GY,,2003-Q1,,14.63042,,A,,,,,,,,2,
DATAFLOW,OECD.SDD.TPS:DSD_PRICES@DF_PRICES_ALL(1.0),,I,RUS,,Q,,N,,CPI,,PA,,_T,,N,,GY,,2003-Q2,,14.05352,,A,,,,,,,,2,
DATAFLOW,OECD.SDD.TPS:DSD_PRICES@DF_PRICES_ALL(1.0),,I,RUS,,Q,,N,,CPI,,PA,,_T,,N,,GY,,2003-Q3,,13.51224,,A,,,,,,,,2,
DATAFLOW,OECD.SDD.TPS:DSD_PRICES@DF_PRICES_ALL(1.0),,I,RUS,,Q,,N,,CPI,,PA,,_T,,N,,GY,,2003-Q4,,12.54784,,A,,,,,,,,2,
DATAFLOW,OECD.SDD.TPS:DSD_PRICES@DF_PRICES_ALL(1.0),,I,RUS,,Q,,N,,CPI,,PA,,_T,,N,,GY,,2004-Q1,,10.69573,,A,,,,,,,,2,
DATAFLOW,OECD.SDD.TPS:DSD_PRICES@DF_PRICES_ALL(1.0),,I,RUS,,Q,,N,,CPI,,PA,,_T,,N,,GY,,2004-Q2,,10.16397,,A,,,,,,,,2,
DATAFLOW,OECD.SDD.TPS:DSD_PRICES@DF_PRICES_ALL(1.0),,I,RUS,,Q,,N,,CPI,,PA,,_T,,N,,GY,,2004-Q3,,11.00337,,A,,,,,,,,2,
DATAFLOW,OECD.SDD.TPS:DSD_PRICES@DF_PRICES_ALL(1.0),,I,RUS,,Q,,N,,CPI,,PA,,_T,,N,,GY,,2004-Q4,,11.65724,,A,,,,,,,,2,
DATAFLOW,OECD.SDD.TPS:DSD_PRICES@DF_PRICES_ALL(1.0),,I,RUS,,Q,,N,,CPI,,PA,,_T,,N,,GY,,2005-Q1,,13.09835,,A,,,,,,,,2,
DATAFLOW,OECD.SDD.TPS:DSD_PRICES@DF_PRICES_ALL(1.0),,I,RUS,,Q,,N,,CPI,,PA,,_T,,N,,GY,,2005-Q2,,13.7645,,A,,,,,,,,2,
DATAFLOW,OECD.SDD.TPS:DSD_PRICES@DF_PRICES_ALL(1.0),,I,RUS,,Q,,N,,CPI,,PA,,_T,,N,,GY,,2005-Q3,,12.67461,,A,,,,,,,,2,
DATAFLOW,OECD.SDD.TPS:DSD_PRICES@DF_PRICES_ALL(1.0),,I,RUS,,Q,,N,,CPI,,PA,,_T,,N,,GY,,2005-Q4,,11.28306,,A,,,,,,,,2,
DATAFLOW,OECD.SDD.TPS:DSD_PRICES@DF_PRICES_ALL(1.0),,I,RUS,,Q,,N,,CPI,,PA,,_T,,N,,GY,,2006-Q1,,10.83247,,A,,,,,,,,2,
DATAFLOW,OECD.SDD.TPS:DSD_PRICES@DF_PRICES_ALL(1.0),,I,RUS,,Q,,N,,CPI,,PA,,_T,,N,,GY,,2006-Q2,,9.402594,,A,,,,,,,,2,
DATAFLOW,OECD.SDD.TPS:DSD_PRICES@DF_PRICES_ALL(1.0),,I,RUS,,Q,,N,,CPI,,PA,,_T,,N,,GY,,2006-Q3,,9.437477,,A,,,,,,,,2,
DATAFLOW,OECD.SDD.TPS:DSD_PRICES@DF_PRICES_ALL(1.0),,I,RUS,,Q,,N,,CPI,,PA,,_T,,N,,GY,,2006-Q4,,9.056745,,A,,,,,,,,2,
DATAFLOW,OECD.SDD.TPS:DSD_PRICES@DF_PRICES_ALL(1.0),,I,RUS,,Q,,N,,CPI,,PA,,_T,,N,,GY,,2007-Q1,,7.722065,,A,,,,,,,,2,
DATAFLOW,OECD.SDD.TPS:DSD_PRICES@DF_PRICES_ALL(1.0),,I,RUS,,Q,,N,,CPI,,PA,,_T,,N,,GY,,2007-Q2,,7.950359,,A,,,,,,,,2,
DATAFLOW,OECD.SDD.TPS:DSD_PRICES@DF_PRICES_ALL(1.0),,I,RUS,,Q,,N,,CPI,,PA,,_T,,N,,GY,,2007-Q3,,8.879446,,A,,,,,,,,2,
DATAFLOW,OECD.SDD.TPS:DSD_PRICES@DF_PRICES_ALL(1.0),,I,RUS,,Q,,N,,CPI,,PA,,_T,,N,,GY,,2007-Q4,,11.40066,,A,,,,,,,,2,
DATAFLOW,OECD.SDD.TPS:DSD_PRICES@DF_PRICES_ALL(1.0),,I,RUS,,Q,,N,,CPI,,PA,,_T,,N,,GY,,2008-Q1,,12.85897,,A,,,,,,,,2,
DATAFLOW,OECD.SDD.TPS:DSD_PRICES@DF_PRICES_ALL(1.0),,I,RUS,,Q,,N,,CPI,,PA,,_T,,N,,GY,,2008-Q2,,14.85866,,A,,,,,,,,2,
DATAFLOW,OECD.SDD.TPS:DSD_PRICES@DF_PRICES_ALL(1.0),,I,RUS,,Q,,N,,CPI,,PA,,_T,,N,,GY,,2008-Q3,,14.94396,,A,,,,,,,,2,
DATAFLOW,OECD.SDD.TPS:DSD_PRICES@DF_PRICES_ALL(1.0),,I,RUS,,Q,,N,,CPI,,PA,,_T,,N,,GY,,2008-Q4,,13.75843,,A,,,,,,,,2,
DATAFLOW,OECD.SDD.TPS:DSD_PRICES@DF_PRICES_ALL(1.0),,I,RUS,,Q,,N,,CPI,,PA,,_T,,N,,GY,,2009-Q1,,13.72785,,A,,,,,,,,2,
DATAFLOW,OECD.SDD.TPS:DSD_PRICES@DF_PRICES_ALL(1.0),,I,RUS,,Q,,N,,CPI,,PA,,_T,,N,,GY,,2009-Q2,,12.43274,,A,,,,,,,,2,
DATAFLOW,OECD.SDD.TPS:DSD_PRICES@DF_PRICES_ALL(1.0),,I,RUS,,Q,,N,,CPI,,PA,,_T,,N,,GY,,2009-Q3,,11.42989,,A,,,,,,,,2,
DATAFLOW,OECD.SDD.TPS:DSD_PRICES@DF_PRICES_ALL(1.0),,I,RUS,,Q,,N,,CPI,,PA,,_T,,N,,GY,,2009-Q4,,9.192807,,A,,,,,,,,2,
DATAFLOW,OECD.SDD.TPS:DSD_PRICES@DF_PRICES_ALL(1.0),,I,RUS,,Q,,N,,CPI,,PA,,_T,,N,,GY,,2010-Q1,,7.214043,,A,,,,,,,,2,
DATAFLOW,OECD.SDD.TPS:DSD_PRICES@DF_PRICES_ALL(1.0),,I,RUS,,Q,,N,,CPI,,PA,,_T,,N,,GY,,2010-Q2,,5.915802,,A,,,,,,,,2,
DATAFLOW,OECD.SDD.TPS:DSD_PRICES@DF_PRICES_ALL(1.0),,I,RUS,,Q,,N,,CPI,,PA,,_T,,N,,GY,,2010-Q3,,6.154805,,A,,,,,,,,2,
DATAFLOW,OECD.SDD.TPS:DSD_PRICES@DF_PRICES_ALL(1.0),,I,RUS,,Q,,N,,CPI,,PA,,_T,,N,,GY,,2010-Q4,,8.11169,,A,,,,,,,,2,
DATAFLOW,OECD.SDD.TPS:DSD_PRICES@DF_PRICES_ALL(1.0),,I,RUS,,Q,,N,,CPI,,PA,,_T,,N,,GY,,2011-Q1,,9.496105,,A,,,,,,,,2,
DATAFLOW,OECD.SDD.TPS:DSD_PRICES@DF_PRICES_ALL(1.0),,I,RUS,,Q,,N,,CPI,,PA,,_T,,N,,GY,,2011-Q2,,9.539894,,A,,,,,,,,2,
DATAFLOW,OECD.SDD.TPS:DSD_PRICES@DF_PRICES_ALL(1.0),,I,RUS,,Q,,N,,CPI,,PA,,_T,,N,,GY,,2011-Q3,,8.123289,,A,,,,,,,,2,
DATAFLOW,OECD.SDD.TPS:DSD_PRICES@DF_PRICES_ALL(1.0),,I,RUS,,Q,,N,,CPI,,PA,,_T,,N,,GY,,2011-Q4,,6.686119,,A,,,,,,,,2,
DATAFLOW,OECD.SDD.TPS:DSD_PRICES@DF_PRICES_ALL(1.0),,I,RUS,,Q,,N,,CPI,,PA,,_T,,N,,GY,,2012-Q1,,3.865122,,A,,,,,,,,2,
DATAFLOW,OECD.SDD.TPS:DSD_PRICES@DF_PRICES_ALL(1.0),,I,RUS,,Q,,N,,CPI,,PA,,_T,,N,,GY,,2012-Q2,,3.829268,,A,,,,,,,,2,
DATAFLOW,OECD.SDD.TPS:DSD_PRICES@DF_PRICES_ALL(1.0),,I,RUS,,Q,,N,,CPI,,PA,,_T,,N,,GY,,2012-Q3,,6.038454,,A,,,,,,,,2,
DATAFLOW,OECD.SDD.TPS:DSD_PRICES@DF_PRICES_ALL(1.0),,I,RUS,,Q,,N,,CPI,,PA,,_T,,N,,GY,,2012-Q4,,6.533309,,A,,,,,,,,2,
DATAFLOW,OECD.SDD.TPS:DSD_PRICES@DF_PRICES_ALL(1.0),,I,RUS,,Q,,N,,CPI,,PA,,_T,,N,,GY,,2013-Q1,,7.123726,,A,,,,,,,,2,
DATAFLOW,OECD.SDD.TPS:DSD_PRICES@DF_PRICES_ALL(1.0),,I,RUS,,Q,,N,,CPI,,PA,,_T,,N,,GY,,2013-Q2,,7.166016,,A,,,,,,,,2,
DATAFLOW,OECD.SDD.TPS:DSD_PRICES@DF_PRICES_ALL(1.0),,I,RUS,,Q,,N,,CPI,,PA,,_T,,N,,GY,,2013-Q3,,6.358242,,A,,,,,,,,2,
DATAFLOW,OECD.SDD.TPS:DSD_PRICES@DF_PRICES_ALL(1.0),,I,RUS,,Q,,N,,CPI,,PA,,_T,,N,,GY,,2013-Q4,,6.393991,,A,,,,,,,,2,
DATAFLOW,OECD.SDD.TPS:DSD_PRICES@DF_PRICES_ALL(1.0),,I,RUS,,Q,,N,,CPI,,PA,,_T,,N,,GY,,2014-Q1,,6.389126,,A,,,,,,,,2,
DATAFLOW,OECD.SDD.TPS:DSD_PRICES@DF_PRICES_ALL(1.0),,I,RUS,,Q,,N,,CPI,,PA,,_T,,N,,GY,,2014-Q2,,7.574647,,A,,,,,,,,2,
DATAFLOW,OECD.SDD.TPS:DSD_PRICES@DF_PRICES_ALL(1.0),,I,RUS,,Q,,N,,CPI,,PA,,_T,,N,,GY,,2014-Q3,,7.678401,,A,,,,,,,,2,
DATAFLOW,OECD.SDD.TPS:DSD_PRICES@DF_PRICES_ALL(1.0),,I,RUS,,Q,,N,,CPI,,PA,,_T,,N,,GY,,2014-Q4,,9.582788,,A,,,,,,,,2,
DATAFLOW,OECD.SDD.TPS:DSD_PRICES@DF_PRICES_ALL(1.0),,I,RUS,,Q,,N,,CPI,,PA,,_T,,N,,GY,,2015-Q1,,16.20689,,A,,,,,,,,2,
DATAFLOW,OECD.SDD.TPS:DSD_PRICES@DF_PRICES_ALL(1.0),,I,RUS,,Q,,N,,CPI,,PA,,_T,,N,,GY,,2015-Q2,,15.82564,,A,,,,,,,,2,
DATAFLOW,OECD.SDD.TPS:DSD_PRICES@DF_PRICES_ALL(1.0),,I,RUS,,Q,,N,,CPI,,PA,,_T,,N,,GY,,2015-Q3,,15.6967,,A,,,,,,,,2,
DATAFLOW,OECD.SDD.TPS:DSD_PRICES@DF_PRICES_ALL(1.0),,I,RUS,,Q,,N,,CPI,,PA,,_T,,N,,GY,,2015-Q4,,14.47332,,A,,,,,,,,2,
DATAFLOW,OECD.SDD.TPS:DSD_PRICES@DF_PRICES_ALL(1.0),,I,RUS,,Q,,N,,CPI,,PA,,_T,,N,,GY,,2016-Q1,,8.346252,,A,,,,,,,,2,
DATAFLOW,OECD.SDD.TPS:DSD_PRICES@DF_PRICES_ALL(1.0),,I,RUS,,Q,,N,,CPI,,PA,,_T,,N,,GY,,2016-Q2,,7.340251,,A,,,,,,,,2,
DATAFLOW,OECD.SDD.TPS:DSD_PRICES@DF_PRICES_ALL(1.0),,I,RUS,,Q,,N,,CPI,,PA,,_T,,N,,GY,,2016-Q3,,6.820538,,A,,,,,,,,2,
DATAFLOW,OECD.SDD.TPS:DSD_PRICES@DF_PRICES_ALL(1.0),,I,RUS,,Q,,N,,CPI,,PA,,_T,,N,,GY,,2016-Q4,,5.741037,,A,,,,,,,,2,
DATAFLOW,OECD.SDD.TPS:DSD_PRICES@DF_PRICES_ALL(1.0),,I,RUS,,Q,,N,,CPI,,PA,,_T,,N,,GY,,2017-Q1,,4.619085,,A,,,,,,,,2,
DATAFLOW,OECD.SDD.TPS:DSD_PRICES@DF_PRICES_ALL(1.0),,I,RUS,,Q,,N,,CPI,,PA,,_T,,N,,GY,,2017-Q2,,4.193688,,A,,,,,,,,2,
DATAFLOW,OECD.SDD.TPS:DSD_PRICES@DF_PRICES_ALL(1.0),,I,RUS,,Q,,N,,CPI,,PA,,_T,,N,,GY,,2017-Q3,,3.373593,,A,,,,,,,,2,
DATAFLOW,OECD.SDD.TPS:DSD_PRICES@DF_PRICES_ALL(1.0),,I,RUS,,Q,,N,,CPI,,PA,,_T,,N,,GY,,2017-Q4,,2.584163,,A,,,,,,,,2,
DATAFLOW,OECD.SDD.TPS:DSD_PRICES@DF_PRICES_ALL(1.0),,I,RUS,,Q,,N,,CPI,,PA,,_T,,N,,GY,,2018-Q1,,2.254916,,A,,,,,,,,2,
DATAFLOW,OECD.SDD.TPS:DSD_PRICES@DF_PRICES_ALL(1.0),,I,RUS,,Q,,N,,CPI,,PA,,_T,,N,,GY,,2018-Q2,,2.377198,,A,,,,,,,,2,
DATAFLOW,OECD.SDD.TPS:DSD_PRICES@DF_PRICES_ALL(1.0),,I,RUS,,Q,,N,,CPI,,PA,,_T,,N,,GY,,2018-Q3,,2.987293,,A,,,,,,,,2,
DATAFLOW,OECD.SDD.TPS:DSD_PRICES@DF_PRICES_ALL(1.0),,I,RUS,,Q,,N,,CPI,,PA,,_T,,N,,GY,,2018-Q4,,3.88383,,A,,,,,,,,2,
DATAFLOW,OECD.SDD.TPS:DSD_PRICES@DF_PRICES_ALL(1.0),,I,RUS,,Q,,N,,CPI,,PA,,_T,,N,,GY,,2019-Q1,,5.16799,,A,,,,,,,,2,
DATAFLOW,OECD.SDD.TPS:DSD_PRICES@DF_PRICES_ALL(1.0),,I,RUS,,Q,,N,,CPI,,PA,,_T,,N,,GY,,2019-Q2,,4.989066,,A,,,,,,,,2,
DATAFLOW,OECD.SDD.TPS:DSD_PRICES@DF_PRICES_ALL(1.0),,I,RUS,,Q,,N,,CPI,,PA,,_T,,N,,GY,,2019-Q3,,4.30336,,A,,,,,,,,2,
DATAFLOW,OECD.SDD.TPS:DSD_PRICES@DF_PRICES_ALL(1.0),,I,RUS,,Q,,N,,CPI,,PA,,_T,,N,,GY,,2019-Q4,,3.448818,,A,,,,,,,,2,
DATAFLOW,OECD.SDD.TPS:DSD_PRICES@DF_PRICES_ALL(1.0),,I,RUS,,Q,,N,,CPI,,PA,,_T,,N,,GY,,2020-Q1,,2.427432,,A,,,,,,,,2,
DATAFLOW,OECD.SDD.TPS:DSD_PRICES@DF_PRICES_ALL(1.0),,I,RUS,,Q,,N,,CPI,,PA,,_T,,N,,GY,,2020-Q2,,3.112306,,A,,,,,,,,2,
DATAFLOW,OECD.SDD.TPS:DSD_PRICES@DF_PRICES_ALL(1.0),,I,RUS,,Q,,N,,CPI,,PA,,_T,,N,,GY,,2020-Q3,,3.535463,,A,,,,,,,,2,
DATAFLOW,OECD.SDD.TPS:DSD_PRICES@DF_PRICES_ALL(1.0),,I,RUS,,Q,,N,,CPI,,PA,,_T,,N,,GY,,2020-Q4,,4.438831,,A,,,,,,,,2,
DATAFLOW,OECD.SDD.TPS:DSD_PRICES@DF_PRICES_ALL(1.0),,I,RUS,,Q,,N,,CPI,,PA,,_T,,N,,GY,,2021-Q1,,5.548501,,A,,,,,,,,2,
DATAFLOW,OECD.SDD.TPS:DSD_PRICES@DF_PRICES_ALL(1.0),,I,RUS,,Q,,N,,CPI,,PA,,_T,,N,,GY,,2021-Q2,,6.016016,,A,,,,,,,,2,
DATAFLOW,OECD.SDD.TPS:DSD_PRICES@DF_PRICES_ALL(1.0),,I,RUS,,Q,,N,,CPI,,PA,,_T,,N,,GY,,2021-Q3,,6.856453,,A,,,,,,,,2,
DATAFLOW,OECD.SDD.TPS:DSD_PRICES@DF_PRICES_ALL(1.0),,I,RUS,,Q,,N,,CPI,,PA,,_T,,N,,GY,,2021-Q4,,8.311345,,A,,,,,,,,2,
DATAFLOW,OECD.SDD.TPS:DSD_PRICES@DF_PRICES_ALL(1.0),,I,RUS,,Q,,N,,CPI,,PA,,_T,,N,,GY,,2022-Q1,,11.55004,,A,,,,,,,,2,
DATAFLOW,OECD.SDD.TPS:DSD_PRICES@DF_PRICES_ALL(1.0),,I,SAU,,Q,,N,,CPI,,PA,,_T,,N,,GY,,1996-Q3,,1.592818,,A,,,,,,,,2,
DATAFLOW,OECD.SDD.TPS:DSD_PRICES@DF_PRICES_ALL(1.0),,I,SAU,,Q,,N,,CPI,,PA,,_T,,N,,GY,,1996-Q4,,1.184287,,A,,,,,,,,2,
DATAFLOW,OECD.SDD.TPS:DSD_PRICES@DF_PRICES_ALL(1.0),,I,SAU,,Q,,N,,CPI,,PA,,_T,,N,,GY,,1997-Q1,,0.5453502,,A,,,,,,,,2,
DATAFLOW,OECD.SDD.TPS:DSD_PRICES@DF_PRICES_ALL(1.0),,I,SAU,,Q,,N,,CPI,,PA,,_T,,N,,GY,,1997-Q2,,0.1998287,,A,,,,,,,,2,
DATAFLOW,OECD.SDD.TPS:DSD_PRICES@DF_PRICES_ALL(1.0),,I,SAU,,Q,,N,,CPI,,PA,,_T,,N,,GY,,1997-Q3,,-0.08551881,,A,,,,,,,,2,
DATAFLOW,OECD.SDD.TPS:DSD_PRICES@DF_PRICES_ALL(1.0),,I,SAU,,Q,,N,,CPI,,PA,,_T,,N,,GY,,1997-Q4,,-0.4282044,,A,,,,,,,,2,
DATAFLOW,OECD.SDD.TPS:DSD_PRICES@DF_PRICES_ALL(1.0),,I,SAU,,Q,,N,,CPI,,PA,,_T,,N,,GY,,1998-Q1,,-0.08564088,,A,,,,,,,,2,
DATAFLOW,OECD.SDD.TPS:DSD_PRICES@DF_PRICES_ALL(1.0),,I,SAU,,Q,,N,,CPI,,PA,,_T,,N,,GY,,1998-Q2,,-0.1139601,,A,,,,,,,,2,
DATAFLOW,OECD.SDD.TPS:DSD_PRICES@DF_PRICES_ALL(1.0),,I,SAU,,Q,,N,,CPI,,PA,,_T,,N,,GY,,1998-Q3,,-0.7417974,,A,,,,,,,,2,
DATAFLOW,OECD.SDD.TPS:DSD_PRICES@DF_PRICES_ALL(1.0),,I,SAU,,Q,,N,,CPI,,PA,,_T,,N,,GY,,1998-Q4,,-0.5447248,,A,,,,,,,,2,
DATAFLOW,OECD.SDD.TPS:DSD_PRICES@DF_PRICES_ALL(1.0),,I,SAU,,Q,,N,,CPI,,PA,,_T,,N,,GY,,1999-Q1,,-1.625163,,A,,,,,,,,2,
DATAFLOW,OECD.SDD.TPS:DSD_PRICES@DF_PRICES_ALL(1.0),,I,SAU,,Q,,N,,CPI,,PA,,_T,,N,,GY,,1999-Q2,,-1.760793,,A,,,,,,,,2,
DATAFLOW,OECD.SDD.TPS:DSD_PRICES@DF_PRICES_ALL(1.0),,I,SAU,,Q,,N,,CPI,,PA,,_T,,N,,GY,,1999-Q3,,-1.130287,,A,,,,,,,,2,
DATAFLOW,OECD.SDD.TPS:DSD_PRICES@DF_PRICES_ALL(1.0),,I,SAU,,Q,,N,,CPI,,PA,,_T,,N,,GY,,1999-Q4,,-0.8122041,,A,,,,,,,,2,
DATAFLOW,OECD.SDD.TPS:DSD_PRICES@DF_PRICES_ALL(1.0),,I,SAU,,Q,,N,,CPI,,PA,,_T,,N,,GY,,2000-Q1,,-0.4331889,,A,,,,,,,,2,
DATAFLOW,OECD.SDD.TPS:DSD_PRICES@DF_PRICES_ALL(1.0),,I,SAU,,Q,,N,,CPI,,PA,,_T,,N,,GY,,2000-Q2,,-1.165889,,A,,,,,,,,2,
DATAFLOW,OECD.SDD.TPS:DSD_PRICES@DF_PRICES_ALL(1.0),,I,SAU,,Q,,N,,CPI,,PA,,_T,,N,,GY,,2000-Q3,,-1.300867,,A,,,,,,,,2,
DATAFLOW,OECD.SDD.TPS:DSD_PRICES@DF_PRICES_ALL(1.0),,I,SAU,,Q,,N,,CPI,,PA,,_T,,N,,GY,,2000-Q4,,-1.600533,,A,,,,,,,,2,
DATAFLOW,OECD.SDD.TPS:DSD_PRICES@DF_PRICES_ALL(1.0),,I,SAU,,Q,,N,,CPI,,PA,,_T,,N,,GY,,2001-Q1,,-1.539491,,A,,,,,,,,2,
DATAFLOW,OECD.SDD.TPS:DSD_PRICES@DF_PRICES_ALL(1.0),,I,SAU,,Q,,N,,CPI,,PA,,_T,,N,,GY,,2001-Q2,,-1.044826,,A,,,,,,,,2,
DATAFLOW,OECD.SDD.TPS:DSD_PRICES@DF_PRICES_ALL(1.0),,I,SAU,,Q,,N,,CPI,,PA,,_T,,N,,GY,,2001-Q3,,-1.115242,,A,,,,,,,,2,
DATAFLOW,OECD.SDD.TPS:DSD_PRICES@DF_PRICES_ALL(1.0),,I,SAU,,Q,,N,,CPI,,PA,,_T,,N,,GY,,2001-Q4,,-0.7793968,,A,,,,,,,,2,
DATAFLOW,OECD.SDD.TPS:DSD_PRICES@DF_PRICES_ALL(1.0),,I,SAU,,Q,,N,,CPI,,PA,,_T,,N,,GY,,2002-Q1,,-0.1359619,,A,,,,,,,,2,
DATAFLOW,OECD.SDD.TPS:DSD_PRICES@DF_PRICES_ALL(1.0),,I,SAU,,Q,,N,,CPI,,PA,,_T,,N,,GY,,2002-Q2,,-0.1362398,,A,,,,,,,,2,
DATAFLOW,OECD.SDD.TPS:DSD_PRICES@DF_PRICES_ALL(1.0),,I,SAU,,Q,,N,,CPI,,PA,,_T,,N,,GY,,2002-Q3,,0.5468216,,A,,,,,,,,2,
DATAFLOW,OECD.SDD.TPS:DSD_PRICES@DF_PRICES_ALL(1.0),,I,SAU,,Q,,N,,CPI,,PA,,_T,,N,,GY,,2002-Q4,,0.7172131,,A,,,,,,,,2,
DATAFLOW,OECD.SDD.TPS:DSD_PRICES@DF_PRICES_ALL(1.0),,I,SAU,,Q,,N,,CPI,,PA,,_T,,N,,GY,,2003-Q1,,0.4084411,,A,,,,,,,,2,
DATAFLOW,OECD.SDD.TPS:DSD_PRICES@DF_PRICES_ALL(1.0),,I,SAU,,Q,,N,,CPI,,PA,,_T,,N,,GY,,2003-Q2,,0.579809,,A,,,,,,,,2,
DATAFLOW,OECD.SDD.TPS:DSD_PRICES@DF_PRICES_ALL(1.0),,I,SAU,,Q,,N,,CPI,,PA,,_T,,N,,GY,,2003-Q3,,0.8837525,,A,,,,,,,,2,
DATAFLOW,OECD.SDD.TPS:DSD_PRICES@DF_PRICES_ALL(1.0),,I,SAU,,Q,,N,,CPI,,PA,,_T,,N,,GY,,2003-Q4,,0.5764666,,A,,,,,,,,2,
DATAFLOW,OECD.SDD.TPS:DSD_PRICES@DF_PRICES_ALL(1.0),,I,SAU,,Q,,N,,CPI,,PA,,_T,,N,,GY,,2004-Q1,,0.9830508,,A,,,,,,,,2,
DATAFLOW,OECD.SDD.TPS:DSD_PRICES@DF_PRICES_ALL(1.0),,I,SAU,,Q,,N,,CPI,,PA,,_T,,N,,GY,,2004-Q2,,0.4069176,,A,,,,,,,,2,
DATAFLOW,OECD.SDD.TPS:DSD_PRICES@DF_PRICES_ALL(1.0),,I,SAU,,Q,,N,,CPI,,PA,,_T,,N,,GY,,2004-Q3,,0.2021563,,A,,,,,,,,2,
DATAFLOW,OECD.SDD.TPS:DSD_PRICES@DF_PRICES_ALL(1.0),,I,SAU,,Q,,N,,CPI,,PA,,_T,,N,,GY,,2004-Q4,,0.4720162,,A,,,,,,,,2,
DATAFLOW,OECD.SDD.TPS:DSD_PRICES@DF_PRICES_ALL(1.0),,I,SAU,,Q,,N,,CPI,,PA,,_T,,N,,GY,,2005-Q1,,-0.06713662,,A,,,,,,,,2,
DATAFLOW,OECD.SDD.TPS:DSD_PRICES@DF_PRICES_ALL(1.0),,I,SAU,,Q,,N,,CPI,,PA,,_T,,N,,GY,,2005-Q2,,0.3714961,,A,,,,,,,,2,
DATAFLOW,OECD.SDD.TPS:DSD_PRICES@DF_PRICES_ALL(1.0),,I,SAU,,Q,,N,,CPI,,PA,,_T,,N,,GY,,2005-Q3,,0.5043712,,A,,,,,,,,2,
DATAFLOW,OECD.SDD.TPS:DSD_PRICES@DF_PRICES_ALL(1.0),,I,SAU,,Q,,N,,CPI,,PA,,_T,,N,,GY,,2005-Q4,,1.107383,,A,,,,,,,,2,
DATAFLOW,OECD.SDD.TPS:DSD_PRICES@DF_PRICES_ALL(1.0),,I,SAU,,Q,,N,,CPI,,PA,,_T,,N,,GY,,2006-Q1,,1.746725,,A,,,,,,,,2,
DATAFLOW,OECD.SDD.TPS:DSD_PRICES@DF_PRICES_ALL(1.0),,I,SAU,,Q,,N,,CPI,,PA,,_T,,N,,GY,,2006-Q2,,2.254374,,A,,,,,,,,2,
DATAFLOW,OECD.SDD.TPS:DSD_PRICES@DF_PRICES_ALL(1.0),,I,SAU,,Q,,N,,CPI,,PA,,_T,,N,,GY,,2006-Q3,,2.074272,,A,,,,,,,,2,
DATAFLOW,OECD.SDD.TPS:DSD_PRICES@DF_PRICES_ALL(1.0),,I,SAU,,Q,,N,,CPI,,PA,,_T,,N,,GY,,2006-Q4,,2.75473,,A,,,,,,,,2,
DATAFLOW,OECD.SDD.TPS:DSD_PRICES@DF_PRICES_ALL(1.0),,I,SAU,,Q,,N,,CPI,,PA,,_T,,N,,GY,,2007-Q1,,3.136349,,A,,,,,,,,2,
DATAFLOW,OECD.SDD.TPS:DSD_PRICES@DF_PRICES_ALL(1.0),,I,SAU,,Q,,N,,CPI,,PA,,_T,,N,,GY,,2007-Q2,,2.9615,,A,,,,,,,,2,
DATAFLOW,OECD.SDD.TPS:DSD_PRICES@DF_PRICES_ALL(1.0),,I,SAU,,Q,,N,,CPI,,PA,,_T,,N,,GY,,2007-Q3,,4.591937,,A,,,,,,,,2,
DATAFLOW,OECD.SDD.TPS:DSD_PRICES@DF_PRICES_ALL(1.0),,I,SAU,,Q,,N,,CPI,,PA,,_T,,N,,GY,,2007-Q4,,5.943152,,A,,,,,,,,2,
DATAFLOW,OECD.SDD.TPS:DSD_PRICES@DF_PRICES_ALL(1.0),,I,SAU,,Q,,N,,CPI,,PA,,_T,,N,,GY,,2008-Q1,,8.418694,,A,,,,,,,,2,
DATAFLOW,OECD.SDD.TPS:DSD_PRICES@DF_PRICES_ALL(1.0),,I,SAU,,Q,,N,,CPI,,PA,,_T,,N,,GY,,2008-Q2,,10.48258,,A,,,,,,,,2,
DATAFLOW,OECD.SDD.TPS:DSD_PRICES@DF_PRICES_ALL(1.0),,I,SAU,,Q,,N,,CPI,,PA,,_T,,N,,GY,,2008-Q3,,10.77685,,A,,,,,,,,2,
DATAFLOW,OECD.SDD.TPS:DSD_PRICES@DF_PRICES_ALL(1.0),,I,SAU,,Q,,N,,CPI,,PA,,_T,,N,,GY,,2008-Q4,,9.786586,,A,,,,,,,,2,
DATAFLOW,OECD.SDD.TPS:DSD_PRICES@DF_PRICES_ALL(1.0),,I,SAU,,Q,,N,,CPI,,PA,,_T,,N,,GY,,2009-Q1,,6.908769,,A,,,,,,,,2,
DATAFLOW,OECD.SDD.TPS:DSD_PRICES@DF_PRICES_ALL(1.0),,I,SAU,,Q,,N,,CPI,,PA,,_T,,N,,GY,,2009-Q2,,5.293607,,A,,,,,,,,2,
DATAFLOW,OECD.SDD.TPS:DSD_PRICES@DF_PRICES_ALL(1.0),,I,SAU,,Q,,N,,CPI,,PA,,_T,,N,,GY,,2009-Q3,,4.214993,,A,,,,,,,,2,
DATAFLOW,OECD.SDD.TPS:DSD_PRICES@DF_PRICES_ALL(1.0),,I,SAU,,Q,,N,,CPI,,PA,,_T,,N,,GY,,2009-Q4,,3.915579,,A,,,,,,,,2,
DATAFLOW,OECD.SDD.TPS:DSD_PRICES@DF_PRICES_ALL(1.0),,I,SAU,,Q,,N,,CPI,,PA,,_T,,N,,GY,,2010-Q1,,4.473902,,A,,,,,,,,2,
DATAFLOW,OECD.SDD.TPS:DSD_PRICES@DF_PRICES_ALL(1.0),,I,SAU,,Q,,N,,CPI,,PA,,_T,,N,,GY,,2010-Q2,,5.247253,,A,,,,,,,,2,
DATAFLOW,OECD.SDD.TPS:DSD_PRICES@DF_PRICES_ALL(1.0),,I,SAU,,Q,,N,,CPI,,PA,,_T,,N,,GY,,2010-Q3,,5.950054,,A,,,,,,,,2,
DATAFLOW,OECD.SDD.TPS:DSD_PRICES@DF_PRICES_ALL(1.0),,I,SAU,,Q,,N,,CPI,,PA,,_T,,N,,GY,,2010-Q4,,5.66542,,A,,,,,,,,2,
DATAFLOW,OECD.SDD.TPS:DSD_PRICES@DF_PRICES_ALL(1.0),,I,SAU,,Q,,N,,CPI,,PA,,_T,,N,,GY,,2011-Q2,,6.454041,,A,,,,,,,,2,
DATAFLOW,OECD.SDD.TPS:DSD_PRICES@DF_PRICES_ALL(1.0),,I,SAU,,Q,,N,,CPI,,PA,,_T,,N,,GY,,2011-Q3,,5.266575,,A,,,,,,,,2,
DATAFLOW,OECD.SDD.TPS:DSD_PRICES@DF_PRICES_ALL(1.0),,I,SAU,,Q,,N,,CPI,,PA,,_T,,N,,GY,,2011-Q4,,4.649032,,A,,,,,,,,2,
DATAFLOW,OECD.SDD.TPS:DSD_PRICES@DF_PRICES_ALL(1.0),,I,SAU,,Q,,N,,CPI,,PA,,_T,,N,,GY,,2012-Q1,,2.548457,,A,,,,,,,,2,
DATAFLOW,OECD.SDD.TPS:DSD_PRICES@DF_PRICES_ALL(1.0),,I,SAU,,Q,,N,,CPI,,PA,,_T,,N,,GY,,2012-Q2,,2.600641,,A,,,,,,,,2,
DATAFLOW,OECD.SDD.TPS:DSD_PRICES@DF_PRICES_ALL(1.0),,I,SAU,,Q,,N,,CPI,,PA,,_T,,N,,GY,,2012-Q3,,2.864215,,A,,,,,,,,2,
DATAFLOW,OECD.SDD.TPS:DSD_PRICES@DF_PRICES_ALL(1.0),,I,SAU,,Q,,N,,CPI,,PA,,_T,,N,,GY,,2012-Q4,,3.441011,,A,,,,,,,,2,
DATAFLOW,OECD.SDD.TPS:DSD_PRICES@DF_PRICES_ALL(1.0),,I,SAU,,Q,,N,,CPI,,PA,,_T,,N,,GY,,2013-Q1,,4.528982,,A,,,,,,,,2,
DATAFLOW,OECD.SDD.TPS:DSD_PRICES@DF_PRICES_ALL(1.0),,I,SAU,,Q,,N,,CPI,,PA,,_T,,N,,GY,,2013-Q2,,3.72184,,A,,,,,,,,2,
DATAFLOW,OECD.SDD.TPS:DSD_PRICES@DF_PRICES_ALL(1.0),,I,SAU,,Q,,N,,CPI,,PA,,_T,,N,,GY,,2013-Q3,,3.279563,,A,,,,,,,,2,
DATAFLOW,OECD.SDD.TPS:DSD_PRICES@DF_PRICES_ALL(1.0),,I,SAU,,Q,,N,,CPI,,PA,,_T,,N,,GY,,2013-Q4,,2.620774,,A,,,,,,,,2,
DATAFLOW,OECD.SDD.TPS:DSD_PRICES@DF_PRICES_ALL(1.0),,I,SAU,,Q,,N,,CPI,,PA,,_T,,N,,GY,,2014-Q1,,1.965903,,A,,,,,,,,2,
DATAFLOW,OECD.SDD.TPS:DSD_PRICES@DF_PRICES_ALL(1.0),,I,SAU,,Q,,N,,CPI,,PA,,_T,,N,,GY,,2014-Q2,,2.618368,,A,,,,,,,,2,
DATAFLOW,OECD.SDD.TPS:DSD_PRICES@DF_PRICES_ALL(1.0),,I,SAU,,Q,,N,,CPI,,PA,,_T,,N,,GY,,2014-Q3,,2.359973,,A,,,,,,,,2,
DATAFLOW,OECD.SDD.TPS:DSD_PRICES@DF_PRICES_ALL(1.0),,I,SAU,,Q,,N,,CPI,,PA,,_T,,N,,GY,,2014-Q4,,2.014365,,A,,,,,,,,2,
DATAFLOW,OECD.SDD.TPS:DSD_PRICES@DF_PRICES_ALL(1.0),,I,SAU,,Q,,N,,CPI,,PA,,_T,,N,,GY,,2015-Q1,,1.448371,,A,,,,,,,,2,
DATAFLOW,OECD.SDD.TPS:DSD_PRICES@DF_PRICES_ALL(1.0),,I,SAU,,Q,,N,,CPI,,PA,,_T,,N,,GY,,2015-Q2,,1.070112,,A,,,,,,,,2,
DATAFLOW,OECD.SDD.TPS:DSD_PRICES@DF_PRICES_ALL(1.0),,I,SAU,,Q,,N,,CPI,,PA,,_T,,N,,GY,,2015-Q3,,1.102439,,A,,,,,,,,2,
DATAFLOW,OECD.SDD.TPS:DSD_PRICES@DF_PRICES_ALL(1.0),,I,SAU,,Q,,N,,CPI,,PA,,_T,,N,,GY,,2015-Q4,,1.199818,,A,,,,,,,,2,
DATAFLOW,OECD.SDD.TPS:DSD_PRICES@DF_PRICES_ALL(1.0),,I,SAU,,Q,,N,,CPI,,PA,,_T,,N,,GY,,2016-Q1,,2.564019,,A,,,,,,,,2,
DATAFLOW,OECD.SDD.TPS:DSD_PRICES@DF_PRICES_ALL(1.0),,I,SAU,,Q,,N,,CPI,,PA,,_T,,N,,GY,,2016-Q2,,2.372575,,A,,,,,,,,2,
DATAFLOW,OECD.SDD.TPS:DSD_PRICES@DF_PRICES_ALL(1.0),,I,SAU,,Q,,N,,CPI,,PA,,_T,,N,,GY,,2016-Q3,,2.071472,,A,,,,,,,,2,
DATAFLOW,OECD.SDD.TPS:DSD_PRICES@DF_PRICES_ALL(1.0),,I,SAU,,Q,,N,,CPI,,PA,,_T,,N,,GY,,2016-Q4,,1.268905,,A,,,,,,,,2,
DATAFLOW,OECD.SDD.TPS:DSD_PRICES@DF_PRICES_ALL(1.0),,I,SAU,,Q,,N,,CPI,,PA,,_T,,N,,GY,,2017-Q1,,-0.6123544,,A,,,,,,,,2,
DATAFLOW,OECD.SDD.TPS:DSD_PRICES@DF_PRICES_ALL(1.0),,I,SAU,,Q,,N,,CPI,,PA,,_T,,N,,GY,,2017-Q2,,-0.643249,,A,,,,,,,,2,
DATAFLOW,OECD.SDD.TPS:DSD_PRICES@DF_PRICES_ALL(1.0),,I,SAU,,Q,,N,,CPI,,PA,,_T,,N,,GY,,2017-Q3,,-0.7689157,,A,,,,,,,,2,
DATAFLOW,OECD.SDD.TPS:DSD_PRICES@DF_PRICES_ALL(1.0),,I,SAU,,Q,,N,,CPI,,PA,,_T,,N,,GY,,2017-Q4,,-1.322617,,A,,,,,,,,2,
DATAFLOW,OECD.SDD.TPS:DSD_PRICES@DF_PRICES_ALL(1.0),,I,SAU,,Q,,N,,CPI,,PA,,_T,,N,,GY,,2018-Q1,,2.985288,,A,,,,,,,,2,
DATAFLOW,OECD.SDD.TPS:DSD_PRICES@DF_PRICES_ALL(1.0),,I,SAU,,Q,,N,,CPI,,PA,,_T,,N,,GY,,2018-Q2,,2.405301,,A,,,,,,,,2,
DATAFLOW,OECD.SDD.TPS:DSD_PRICES@DF_PRICES_ALL(1.0),,I,SAU,,Q,,N,,CPI,,PA,,_T,,N,,GY,,2018-Q3,,2.208992,,A,,,,,,,,2,
DATAFLOW,OECD.SDD.TPS:DSD_PRICES@DF_PRICES_ALL(1.0),,I,SAU,,Q,,N,,CPI,,PA,,_T,,N,,GY,,2018-Q4,,2.227033,,A,,,,,,,,2,
DATAFLOW,OECD.SDD.TPS:DSD_PRICES@DF_PRICES_ALL(1.0),,I,SAU,,Q,,N,,CPI,,PA,,_T,,N,,GY,,2019-Q1,,-3.199298,,A,,,,,,,,2,
DATAFLOW,OECD.SDD.TPS:DSD_PRICES@DF_PRICES_ALL(1.0),,I,SAU,,Q,,N,,CPI,,PA,,_T,,N,,GY,,2019-Q2,,-2.70216,,A,,,,,,,,2,
DATAFLOW,OECD.SDD.TPS:DSD_PRICES@DF_PRICES_ALL(1.0),,I,SAU,,Q,,N,,CPI,,PA,,_T,,N,,GY,,2019-Q3,,-1.820165,,A,,,,,,,,2,
DATAFLOW,OECD.SDD.TPS:DSD_PRICES@DF_PRICES_ALL(1.0),,I,SAU,,Q,,N,,CPI,,PA,,_T,,N,,GY,,2019-Q4,,-0.6279932,,A,,,,,,,,2,
DATAFLOW,OECD.SDD.TPS:DSD_PRICES@DF_PRICES_ALL(1.0),,I,SAU,,Q,,N,,CPI,,PA,,_T,,N,,GY,,2020-Q1,,1.145143,,A,,,,,,,,2,
DATAFLOW,OECD.SDD.TPS:DSD_PRICES@DF_PRICES_ALL(1.0),,I,SAU,,Q,,N,,CPI,,PA,,_T,,N,,GY,,2020-Q2,,0.9603555,,A,,,,,,,,2,
DATAFLOW,OECD.SDD.TPS:DSD_PRICES@DF_PRICES_ALL(1.0),,I,SAU,,Q,,N,,CPI,,PA,,_T,,N,,GY,,2020-Q3,,6.010391,,A,,,,,,,,2,
DATAFLOW,OECD.SDD.TPS:DSD_PRICES@DF_PRICES_ALL(1.0),,I,SAU,,Q,,N,,CPI,,PA,,_T,,N,,GY,,2020-Q4,,5.629162,,A,,,,,,,,2,
DATAFLOW,OECD.SDD.TPS:DSD_PRICES@DF_PRICES_ALL(1.0),,I,SAU,,Q,,N,,CPI,,PA,,_T,,N,,GY,,2021-Q1,,5.306026,,A,,,,,,,,2,
DATAFLOW,OECD.SDD.TPS:DSD_PRICES@DF_PRICES_ALL(1.0),,I,SAU,,Q,,N,,CPI,,PA,,_T,,N,,GY,,2021-Q2,,5.697166,,A,,,,,,,,2,
DATAFLOW,OECD.SDD.TPS:DSD_PRICES@DF_PRICES_ALL(1.0),,I,SAU,,Q,,N,,CPI,,PA,,_T,,N,,GY,,2021-Q3,,0.4452417,,A,,,,,,,,2,
DATAFLOW,OECD.SDD.TPS:DSD_PRICES@DF_PRICES_ALL(1.0),,I,SAU,,Q,,N,,CPI,,PA,,_T,,N,,GY,,2021-Q4,,1.06134,,A,,,,,,,,2,
DATAFLOW,OECD.SDD.TPS:DSD_PRICES@DF_PRICES_ALL(1.0),,I,SAU,,Q,,N,,CPI,,PA,,_T,,N,,GY,,2022-Q1,,1.611091,,A,,,,,,,,2,
DATAFLOW,OECD.SDD.TPS:DSD_PRICES@DF_PRICES_ALL(1.0),,I,SAU,,Q,,N,,CPI,,PA,,_T,,N,,GY,,2022-Q2,,2.2835,,A,,,,,,,,2,
DATAFLOW,OECD.SDD.TPS:DSD_PRICES@DF_PRICES_ALL(1.0),,I,SAU,,Q,,N,,CPI,,PA,,_T,,N,,GY,,2022-Q3,,2.911538,,A,,,,,,,,2,
DATAFLOW,OECD.SDD.TPS:DSD_PRICES@DF_PRICES_ALL(1.0),,I,SAU,,Q,,N,,CPI,,PA,,_T,,N,,GY,,2022-Q4,,3.080779,,A,,,,,,,,2,
DATAFLOW,OECD.SDD.TPS:DSD_PRICES@DF_PRICES_ALL(1.0),,I,SAU,,Q,,N,,CPI,,PA,,_T,,N,,GY,,2023-Q1,,3.016329,,A,,,,,,,,2,
DATAFLOW,OECD.SDD.TPS:DSD_PRICES@DF_PRICES_ALL(1.0),,I,SAU,,Q,,N,,CPI,,PA,,_T,,N,,GY,,2023-Q2,,2.736638,,A,,,,,,,,2,
DATAFLOW,OECD.SDD.TPS:DSD_PRICES@DF_PRICES_ALL(1.0),,I,SAU,,Q,,N,,CPI,,PA,,_T,,N,,GY,,2023-Q3,,1.983205,,A,,,,,,,,2,
DATAFLOW,OECD.SDD.TPS:DSD_PRICES@DF_PRICES_ALL(1.0),,I,SAU,,Q,,N,,CPI,,PA,,_T,,N,,GY,,2023-Q4,,1.594386,,A,,,,,,,,2,
DATAFLOW,OECD.SDD.TPS:DSD_PRICES@DF_PRICES_ALL(1.0),,I,SAU,,Q,,N,,CPI,,PA,,_T,,N,,GY,,2024-Q1,,1.670959,,A,,,,,,,,2,
DATAFLOW,OECD.SDD.TPS:DSD_PRICES@DF_PRICES_ALL(1.0),,I,SAU,,Q,,N,,CPI,,PA,,_T,,N,,GY,,2024-Q2,,1.545213,,A,,,,,,,,2,
DATAFLOW,OECD.SDD.TPS:DSD_PRICES@DF_PRICES_ALL(1.0),,I,SAU,,Q,,N,,CPI,,PA,,_T,,N,,GY,,2024-Q3,,1.601288,,A,,,,,,,,2,
DATAFLOW,OECD.SDD.TPS:DSD_PRICES@DF_PRICES_ALL(1.0),,I,SAU,,Q,,N,,CPI,,PA,,_T,,N,,GY,,2024-Q4,,1.932923,,A,,,,,,,,2,
DATAFLOW,OECD.SDD.TPS:DSD_PRICES@DF_PRICES_ALL(1.0),,I,SAU,,Q,,N,,CPI,,PA,,_T,,N,,GY,,2025-Q1,,2.086789,,A,,,,,,,,2,
DATAFLOW,OECD.SDD.TPS:DSD_PRICES@DF_PRICES_ALL(1.0),,I,SAU,,Q,,N,,CPI,,PA,,_T,,N,,GY,,2025-Q2,,2.269044,,A,,,,,,,,2,
DATAFLOW,OECD.SDD.TPS:DSD_PRICES@DF_PRICES_ALL(1.0),,I,HRV,,Q,,N,,CPI,,PA,,_T,,N,,GY,,2001-Q1,,4.566667,,A,,,,,,,,2,
DATAFLOW,OECD.SDD.TPS:DSD_PRICES@DF_PRICES_ALL(1.0),,I,HRV,,Q,,N,,CPI,,PA,,_T,,N,,GY,,2001-Q2,,4.933333,,A,,,,,,,,2,
DATAFLOW,OECD.SDD.TPS:DSD_PRICES@DF_PRICES_ALL(1.0),,I,HRV,,Q,,N,,CPI,,PA,,_T,,N,,GY,,2001-Q3,,3.133333,,A,,,,,,,,2,
DATAFLOW,OECD.SDD.TPS:DSD_PRICES@DF_PRICES_ALL(1.0),,I,HRV,,Q,,N,,CPI,,PA,,_T,,N,,GY,,2001-Q4,,2.433333,,A,,,,,,,,2,
DATAFLOW,OECD.SDD.TPS:DSD_PRICES@DF_PRICES_ALL(1.0),,I,HRV,,Q,,N,,CPI,,PA,,_T,,N,,GY,,2002-Q1,,2.8,,A,,,,,,,,2,
DATAFLOW,OECD.SDD.TPS:DSD_PRICES@DF_PRICES_ALL(1.0),,I,HRV,,Q,,N,,CPI,,PA,,_T,,N,,GY,,2002-Q2,,1.2,,A,,,,,,,,2,
DATAFLOW,OECD.SDD.TPS:DSD_PRICES@DF_PRICES_ALL(1.0),,I,HRV,,Q,,N,,CPI,,PA,,_T,,N,,GY,,2002-Q3,,1.033333,,A,,,,,,,,2,
DATAFLOW,OECD.SDD.TPS:DSD_PRICES@DF_PRICES_ALL(1.0),,I,HRV,,Q,,N,,CPI,,PA,,_T,,N,,GY,,2002-Q4,,1.733333,,A,,,,,,,,2,
DATAFLOW,OECD.SDD.TPS:DSD_PRICES@DF_PRICES_ALL(1.0),,I,HRV,,Q,,N,,CPI,,PA,,_T,,N,,GY,,2003-Q1,,1.766667,,A,,,,,,,,2,
DATAFLOW,OECD.SDD.TPS:DSD_PRICES@DF_PRICES_ALL(1.0),,I,HRV,,Q,,N,,CPI,,PA,,_T,,N,,GY,,2003-Q2,,1.5,,A,,,,,,,,2,
DATAFLOW,OECD.SDD.TPS:DSD_PRICES@DF_PRICES_ALL(1.0),,I,HRV,,Q,,N,,CPI,,PA,,_T,,N,,GY,,2003-Q3,,2.033333,,A,,,,,,,,2,
DATAFLOW,OECD.SDD.TPS:DSD_PRICES@DF_PRICES_ALL(1.0),,I,HRV,,Q,,N,,CPI,,PA,,_T,,N,,GY,,2003-Q4,,1.766667,,A,,,,,,,,2,
DATAFLOW,OECD.SDD.TPS:DSD_PRICES@DF_PRICES_ALL(1.0),,I,HRV,,Q,,N,,CPI,,PA,,_T,,N,,GY,,2004-Q1,,1.766667,,A,,,,,,,,2,
DATAFLOW,OECD.SDD.TPS:DSD_PRICES@DF_PRICES_ALL(1.0),,I,HRV,,Q,,N,,CPI,,PA,,_T,,N,,GY,,2004-Q2,,2.266667,,A,,,,,,,,2,
DATAFLOW,OECD.SDD.TPS:DSD_PRICES@DF_PRICES_ALL(1.0),,I,HRV,,Q,,N,,CPI,,PA,,_T,,N,,GY,,2004-Q3,,1.833333,,A,,,,,,,,2,
DATAFLOW,OECD.SDD.TPS:DSD_PRICES@DF_PRICES_ALL(1.0),,I,HRV,,Q,,N,,CPI,,PA,,_T,,N,,GY,,2004-Q4,,2.333333,,A,,,,,,,,2,
DATAFLOW,OECD.SDD.TPS:DSD_PRICES@DF_PRICES_ALL(1.0),,I,HRV,,Q,,N,,CPI,,PA,,_T,,N,,GY,,2005-Q1,,3.066667,,A,,,,,,,,2,
DATAFLOW,OECD.SDD.TPS:DSD_PRICES@DF_PRICES_ALL(1.0),,I,HRV,,Q,,N,,CPI,,PA,,_T,,N,,GY,,2005-Q2,,3.066667,,A,,,,,,,,2,
DATAFLOW,OECD.SDD.TPS:DSD_PRICES@DF_PRICES_ALL(1.0),,I,HRV,,Q,,N,,CPI,,PA,,_T,,N,,GY,,2005-Q3,,3.333333,,A,,,,,,,,2,
DATAFLOW,OECD.SDD.TPS:DSD_PRICES@DF_PRICES_ALL(1.0),,I,HRV,,Q,,N,,CPI,,PA,,_T,,N,,GY,,2005-Q4,,3.833333,,A,,,,,,,,2,
DATAFLOW,OECD.SDD.TPS:DSD_PRICES@DF_PRICES_ALL(1.0),,I,HRV,,Q,,N,,CPI,,PA,,_T,,N,,GY,,2006-Q1,,3.5,,A,,,,,,,,2,
DATAFLOW,OECD.SDD.TPS:DSD_PRICES@DF_PRICES_ALL(1.0),,I,HRV,,Q,,N,,CPI,,PA,,_T,,N,,GY,,2006-Q2,,3.833333,,A,,,,,,,,2,
DATAFLOW,OECD.SDD.TPS:DSD_PRICES@DF_PRICES_ALL(1.0),,I,HRV,,Q,,N,,CPI,,PA,,_T,,N,,GY,,2006-Q3,,3.2,,A,,,,,,,,2,
DATAFLOW,OECD.SDD.TPS:DSD_PRICES@DF_PRICES_ALL(1.0),,I,HRV,,Q,,N,,CPI,,PA,,_T,,N,,GY,,2006-Q4,,2.2,,A,,,,,,,,2,
DATAFLOW,OECD.SDD.TPS:DSD_PRICES@DF_PRICES_ALL(1.0),,I,HRV,,Q,,N,,CPI,,PA,,_T,,N,,GY,,2007-Q1,,1.6,,A,,,,,,,,2,
DATAFLOW,OECD.SDD.TPS:DSD_PRICES@DF_PRICES_ALL(1.0),,I,HRV,,Q,,N,,CPI,,PA,,_T,,N,,GY,,2007-Q2,,2.133333,,A,,,,,,,,2,
DATAFLOW,OECD.SDD.TPS:DSD_PRICES@DF_PRICES_ALL(1.0),,I,HRV,,Q,,N,,CPI,,PA,,_T,,N,,GY,,2007-Q3,,2.866667,,A,,,,,,,,2,
DATAFLOW,OECD.SDD.TPS:DSD_PRICES@DF_PRICES_ALL(1.0),,I,HRV,,Q,,N,,CPI,,PA,,_T,,N,,GY,,2007-Q4,,4.9,,A,,,,,,,,2,
DATAFLOW,OECD.SDD.TPS:DSD_PRICES@DF_PRICES_ALL(1.0),,I,HRV,,Q,,N,,CPI,,PA,,_T,,N,,GY,,2008-Q1,,5.9,,A,,,,,,,,2,
DATAFLOW,OECD.SDD.TPS:DSD_PRICES@DF_PRICES_ALL(1.0),,I,HRV,,Q,,N,,CPI,,PA,,_T,,N,,GY,,2008-Q2,,6.566667,,A,,,,,,,,2,
DATAFLOW,OECD.SDD.TPS:DSD_PRICES@DF_PRICES_ALL(1.0),,I,HRV,,Q,,N,,CPI,,PA,,_T,,N,,GY,,2008-Q3,,7.4,,A,,,,,,,,2,
DATAFLOW,OECD.SDD.TPS:DSD_PRICES@DF_PRICES_ALL(1.0),,I,HRV,,Q,,N,,CPI,,PA,,_T,,N,,GY,,2008-Q4,,4.5,,A,,,,,,,,2,
DATAFLOW,OECD.SDD.TPS:DSD_PRICES@DF_PRICES_ALL(1.0),,I,HRV,,Q,,N,,CPI,,PA,,_T,,N,,GY,,2009-Q1,,3.8,,A,,,,,,,,2,
DATAFLOW,OECD.SDD.TPS:DSD_PRICES@DF_PRICES_ALL(1.0),,I,HRV,,Q,,N,,CPI,,PA,,_T,,N,,GY,,2009-Q2,,2.9,,A,,,,,,,,2,
DATAFLOW,OECD.SDD.TPS:DSD_PRICES@DF_PRICES_ALL(1.0),,I,HRV,,Q,,N,,CPI,,PA,,_T,,N,,GY,,2009-Q3,,1.233333,,A,,,,,,,,2,
DATAFLOW,OECD.SDD.TPS:DSD_PRICES@DF_PRICES_ALL(1.0),,I,HRV,,Q,,N,,CPI,,PA,,_T,,N,,GY,,2009-Q4,,1.666667,,A,,,,,,,,2,
DATAFLOW,OECD.SDD.TPS:DSD_PRICES@DF_PRICES_ALL(1.0),,I,HRV,,Q,,N,,CPI,,PA,,_T,,N,,GY,,2010-Q1,,0.9,,A,,,,,,,,2,
DATAFLOW,OECD.SDD.TPS:DSD_PRICES@DF_PRICES_ALL(1.0),,I,HRV,,Q,,N,,CPI,,PA,,_T,,N,,GY,,2010-Q2,,0.7,,A,,,,,,,,2,
DATAFLOW,OECD.SDD.TPS:DSD_PRICES@DF_PRICES_ALL(1.0),,I,HRV,,Q,,N,,CPI,,PA,,_T,,N,,GY,,2010-Q3,,1.1,,A,,,,,,,,2,
DATAFLOW,OECD.SDD.TPS:DSD_PRICES@DF_PRICES_ALL(1.0),,I,HRV,,Q,,N,,CPI,,PA,,_T,,N,,GY,,2010-Q4,,1.466667,,A,,,,,,,,2,
DATAFLOW,OECD.SDD.TPS:DSD_PRICES@DF_PRICES_ALL(1.0),,I,HRV,,Q,,N,,CPI,,PA,,_T,,N,,GY,,2011-Q1,,2.233333,,A,,,,,,,,2,
DATAFLOW,OECD.SDD.TPS:DSD_PRICES@DF_PRICES_ALL(1.0),,I,HRV,,Q,,N,,CPI,,PA,,_T,,N,,GY,,2011-Q2,,2.3,,A,,,,,,,,2,
DATAFLOW,OECD.SDD.TPS:DSD_PRICES@DF_PRICES_ALL(1.0),,I,HRV,,Q,,N,,CPI,,PA,,_T,,N,,GY,,2011-Q3,,2.033333,,A,,,,,,,,2,
DATAFLOW,OECD.SDD.TPS:DSD_PRICES@DF_PRICES_ALL(1.0),,I,HRV,,Q,,N,,CPI,,PA,,_T,,N,,GY,,2011-Q4,,2.433333,,A,,,,,,,,2,
DATAFLOW,OECD.SDD.TPS:DSD_PRICES@DF_PRICES_ALL(1.0),,I,HRV,,Q,,N,,CPI,,PA,,_T,,N,,GY,,2012-Q1,,1.5,,A,,,,,,,,2,
DATAFLOW,OECD.SDD.TPS:DSD_PRICES@DF_PRICES_ALL(1.0),,I,HRV,,Q,,N,,CPI,,PA,,_T,,N,,GY,,2012-Q2,,3.433333,,A,,,,,,,,2,
DATAFLOW,OECD.SDD.TPS:DSD_PRICES@DF_PRICES_ALL(1.0),,I,HRV,,Q,,N,,CPI,,PA,,_T,,N,,GY,,2012-Q3,,4.133333,,A,,,,,,,,2,
DATAFLOW,OECD.SDD.TPS:DSD_PRICES@DF_PRICES_ALL(1.0),,I,HRV,,Q,,N,,CPI,,PA,,_T,,N,,GY,,2012-Q4,,4.633333,,A,,,,,,,,2,
DATAFLOW,OECD.SDD.TPS:DSD_PRICES@DF_PRICES_ALL(1.0),,I,HRV,,Q,,N,,CPI,,PA,,_T,,N,,GY,,2013-Q1,,4.6,,A,,,,,,,,2,
DATAFLOW,OECD.SDD.TPS:DSD_PRICES@DF_PRICES_ALL(1.0),,I,HRV,,Q,,N,,CPI,,PA,,_T,,N,,GY,,2013-Q2,,2.3,,A,,,,,,,,2,
DATAFLOW,OECD.SDD.TPS:DSD_PRICES@DF_PRICES_ALL(1.0),,I,HRV,,Q,,N,,CPI,,PA,,_T,,N,,GY,,2013-Q3,,1.766667,,A,,,,,,,,2,
DATAFLOW,OECD.SDD.TPS:DSD_PRICES@DF_PRICES_ALL(1.0),,I,HRV,,Q,,N,,CPI,,PA,,_T,,N,,GY,,2013-Q4,,0.3,,A,,,,,,,,2,
DATAFLOW,OECD.SDD.TPS:DSD_PRICES@DF_PRICES_ALL(1.0),,I,HRV,,Q,,N,,CPI,,PA,,_T,,N,,GY,,2014-Q1,,-0.3,,A,,,,,,,,2,
DATAFLOW,OECD.SDD.TPS:DSD_PRICES@DF_PRICES_ALL(1.0),,I,HRV,,Q,,N,,CPI,,PA,,_T,,N,,GY,,2014-Q2,,-0.3666667,,A,,,,,,,,2,
DATAFLOW,OECD.SDD.TPS:DSD_PRICES@DF_PRICES_ALL(1.0),,I,HRV,,Q,,N,,CPI,,PA,,_T,,N,,GY,,2014-Q3,,-0.2,,A,,,,,,,,2,
DATAFLOW,OECD.SDD.TPS:DSD_PRICES@DF_PRICES_ALL(1.0),,I,HRV,,Q,,N,,CPI,,PA,,_T,,N,,GY,,2014-Q4,,0.03333334,,A,,,,,,,,2,
DATAFLOW,OECD.SDD.TPS:DSD_PRICES@DF_PRICES_ALL(1.0),,I,HRV,,Q,,N,,CPI,,PA,,_T,,N,,GY,,2015-Q1,,-0.4,,A,,,,,,,,2,
DATAFLOW,OECD.SDD.TPS:DSD_PRICES@DF_PRICES_ALL(1.0),,I,HRV,,Q,,N,,CPI,,PA,,_T,,N,,GY,,2015-Q2,,-0.03333334,,A,,,,,,,,2,
DATAFLOW,OECD.SDD.TPS:DSD_PRICES@DF_PRICES_ALL(1.0),,I,HRV,,Q,,N,,CPI,,PA,,_T,,N,,GY,,2015-Q3,,-0.6,,A,,,,,,,,2,
DATAFLOW,OECD.SDD.TPS:DSD_PRICES@DF_PRICES_ALL(1.0),,I,HRV,,Q,,N,,CPI,,PA,,_T,,N,,GY,,2015-Q4,,-0.8,,A,,,,,,,,2,
DATAFLOW,OECD.SDD.TPS:DSD_PRICES@DF_PRICES_ALL(1.0),,I,HRV,,Q,,N,,CPI,,PA,,_T,,N,,GY,,2016-Q1,,-1.3,,A,,,,,,,,2,
DATAFLOW,OECD.SDD.TPS:DSD_PRICES@DF_PRICES_ALL(1.0),,I,HRV,,Q,,N,,CPI,,PA,,_T,,N,,GY,,2016-Q2,,-1.7,,A,,,,,,,,2,
DATAFLOW,OECD.SDD.TPS:DSD_PRICES@DF_PRICES_ALL(1.0),,I,HRV,,Q,,N,,CPI,,PA,,_T,,N,,GY,,2016-Q3,,-1.3,,A,,,,,,,,2,
DATAFLOW,OECD.SDD.TPS:DSD_PRICES@DF_PRICES_ALL(1.0),,I,HRV,,Q,,N,,CPI,,PA,,_T,,N,,GY,,2016-Q4,,-0.1666667,,A,,,,,,,,2,
DATAFLOW,OECD.SDD.TPS:DSD_PRICES@DF_PRICES_ALL(1.0),,I,HRV,,Q,,N,,CPI,,PA,,_T,,N,,GY,,2017-Q1,,1.133333,,A,,,,,,,,2,
DATAFLOW,OECD.SDD.TPS:DSD_PRICES@DF_PRICES_ALL(1.0),,I,HRV,,Q,,N,,CPI,,PA,,_T,,N,,GY,,2017-Q2,,1.066667,,A,,,,,,,,2,
DATAFLOW,OECD.SDD.TPS:DSD_PRICES@DF_PRICES_ALL(1.0),,I,HRV,,Q,,N,,CPI,,PA,,_T,,N,,GY,,2017-Q3,,1.066667,,A,,,,,,,,2,
DATAFLOW,OECD.SDD.TPS:DSD_PRICES@DF_PRICES_ALL(1.0),,I,HRV,,Q,,N,,CPI,,PA,,_T,,N,,GY,,2017-Q4,,1.333333,,A,,,,,,,,2,
DATAFLOW,OECD.SDD.TPS:DSD_PRICES@DF_PRICES_ALL(1.0),,I,HRV,,Q,,N,,CPI,,PA,,_T,,N,,GY,,2018-Q1,,1,,A,,,,,,,,2,
DATAFLOW,OECD.SDD.TPS:DSD_PRICES@DF_PRICES_ALL(1.0),,I,HRV,,Q,,N,,CPI,,PA,,_T,,N,,GY,,2018-Q2,,1.866667,,A,,,,,,,,2,
DATAFLOW,OECD.SDD.TPS:DSD_PRICES@DF_PRICES_ALL(1.0),,I,HRV,,Q,,N,,CPI,,PA,,_T,,N,,GY,,2018-Q3,,1.866667,,A,,,,,,,,2,
DATAFLOW,OECD.SDD.TPS:DSD_PRICES@DF_PRICES_ALL(1.0),,I,HRV,,Q,,N,,CPI,,PA,,_T,,N,,GY,,2018-Q4,,1.233333,,A,,,,,,,,2,
DATAFLOW,OECD.SDD.TPS:DSD_PRICES@DF_PRICES_ALL(1.0),,I,HRV,,Q,,N,,CPI,,PA,,_T,,N,,GY,,2019-Q1,,0.5333334,,A,,,,,,,,2,
DATAFLOW,OECD.SDD.TPS:DSD_PRICES@DF_PRICES_ALL(1.0),,I,HRV,,Q,,N,,CPI,,PA,,_T,,N,,GY,,2019-Q2,,0.7333333,,A,,,,,,,,2,
DATAFLOW,OECD.SDD.TPS:DSD_PRICES@DF_PRICES_ALL(1.0),,I,HRV,,Q,,N,,CPI,,PA,,_T,,N,,GY,,2019-Q3,,0.9,,A,,,,,,,,2,
DATAFLOW,OECD.SDD.TPS:DSD_PRICES@DF_PRICES_ALL(1.0),,I,HRV,,Q,,N,,CPI,,PA,,_T,,N,,GY,,2019-Q4,,0.9,,A,,,,,,,,2,
DATAFLOW,OECD.SDD.TPS:DSD_PRICES@DF_PRICES_ALL(1.0),,I,HRV,,Q,,N,,CPI,,PA,,_T,,N,,GY,,2020-Q1,,1.366667,,A,,,,,,,,2,
DATAFLOW,OECD.SDD.TPS:DSD_PRICES@DF_PRICES_ALL(1.0),,I,HRV,,Q,,N,,CPI,,PA,,_T,,N,,GY,,2021-Q3,,3.066667,,A,,,,,,,,2,
DATAFLOW,OECD.SDD.TPS:DSD_PRICES@DF_PRICES_ALL(1.0),,I,HRV,,Q,,N,,CPI,,PA,,_T,,N,,GY,,2021-Q4,,4.7,,A,,,,,,,,2,
DATAFLOW,OECD.SDD.TPS:DSD_PRICES@DF_PRICES_ALL(1.0),,I,HRV,,Q,,N,,CPI,,PA,,_T,,N,,GY,,2022-Q1,,6.433333,,A,,,,,,,,2,
DATAFLOW,OECD.SDD.TPS:DSD_PRICES@DF_PRICES_ALL(1.0),,I,HRV,,Q,,N,,CPI,,PA,,_T,,N,,GY,,2022-Q2,,10.76667,,A,,,,,,,,2,
DATAFLOW,OECD.SDD.TPS:DSD_PRICES@DF_PRICES_ALL(1.0),,I,HRV,,Q,,N,,CPI,,PA,,_T,,N,,GY,,2022-Q3,,12.46667,,A,,,,,,,,2,
DATAFLOW,OECD.SDD.TPS:DSD_PRICES@DF_PRICES_ALL(1.0),,I,HRV,,Q,,N,,CPI,,PA,,_T,,N,,GY,,2022-Q4,,13.26667,,A,,,,,,,,2,
DATAFLOW,OECD.SDD.TPS:DSD_PRICES@DF_PRICES_ALL(1.0),,I,HRV,,Q,,N,,CPI,,PA,,_T,,N,,GY,,2023-Q1,,11.8,,A,,,,,,,,2,
DATAFLOW,OECD.SDD.TPS:DSD_PRICES@DF_PRICES_ALL(1.0),,I,HRV,,Q,,N,,CPI,,PA,,_T,,N,,GY,,2023-Q2,,8.133333,,A,,,,,,,,2,
DATAFLOW,OECD.SDD.TPS:DSD_PRICES@DF_PRICES_ALL(1.0),,I,HRV,,Q,,N,,CPI,,PA,,_T,,N,,GY,,2023-Q3,,7.266667,,A,,,,,,,,2,
DATAFLOW,OECD.SDD.TPS:DSD_PRICES@DF_PRICES_ALL(1.0),,I,HRV,,Q,,N,,CPI,,PA,,_T,,N,,GY,,2023-Q4,,5,,A,,,,,,,,2,
DATAFLOW,OECD.SDD.TPS:DSD_PRICES@DF_PRICES_ALL(1.0),,I,HRV,,Q,,N,,CPI,,PA,,_T,,N,,GY,,2024-Q1,,4.1,,A,,,,,,,,2,
DATAFLOW,OECD.SDD.TPS:DSD_PRICES@DF_PRICES_ALL(1.0),,I,HRV,,Q,,N,,CPI,,PA,,_T,,N,,GY,,2024-Q2,,3.133333,,A,,,,,,,,2,
DATAFLOW,OECD.SDD.TPS:DSD_PRICES@DF_PRICES_ALL(1.0),,I,HRV,,Q,,N,,CPI,,PA,,_T,,N,,GY,,2024-Q3,,1.866667,,A,,,,,,,,2,
DATAFLOW,OECD.SDD.TPS:DSD_PRICES@DF_PRICES_ALL(1.0),,I,HRV,,Q,,N,,CPI,,PA,,_T,,N,,GY,,2024-Q4,,2.8,,A,,,,,,,,2,
DATAFLOW,OECD.SDD.TPS:DSD_PRICES@DF_PRICES_ALL(1.0),,I,HRV,,Q,,N,,CPI,,PA,,_T,,N,,GY,,2025-Q1,,3.633333,,A,,,,,,,,2,
DATAFLOW,OECD.SDD.TPS:DSD_PRICES@DF_PRICES_ALL(1.0),,I,HRV,,Q,,N,,CPI,,PA,,_T,,N,,GY,,2025-Q2,,3.466667,,A,,,,,,,,2,
DATAFLOW,OECD.SDD.TPS:DSD_PRICES@DF_PRICES_ALL(1.0),,I,HRV,,Q,,N,,CPI,,PA,,_T,,N,,GY,,2025-Q3,,4.133333,,A,,,,,,,,2,
DATAFLOW,OECD.SDD.TPS:DSD_PRICES@DF_PRICES_ALL(1.0),,I,HRV,,Q,,N,,CPI,,PA,,_T,,N,,GY,,2025-Q4,,3.566667,,A,,,,,,,,2,
DATAFLOW,OECD.SDD.TPS:DSD_PRICES@DF_PRICES_ALL(1.0),,I,SWE,,Q,,N,,CPI,,PA,,_T,,N,,GY,,2005-Q2,,0.2957733,,A,,,,,,,,2,
DATAFLOW,OECD.SDD.TPS:DSD_PRICES@DF_PRICES_ALL(1.0),,I,SWE,,Q,,N,,CPI,,PA,,_T,,N,,GY,,2005-Q3,,0.5245925,,A,,,,,,,,2,
DATAFLOW,OECD.SDD.TPS:DSD_PRICES@DF_PRICES_ALL(1.0),,I,SWE,,Q,,N,,CPI,,PA,,_T,,N,,GY,,2005-Q4,,0.7263807,,A,,,,,,,,2,
DATAFLOW,OECD.SDD.TPS:DSD_PRICES@DF_PRICES_ALL(1.0),,I,SWE,,Q,,N,,CPI,,PA,,_T,,N,,GY,,2006-Q1,,0.7815114,,A,,,,,,,,2,
DATAFLOW,OECD.SDD.TPS:DSD_PRICES@DF_PRICES_ALL(1.0),,I,SWE,,Q,,N,,CPI,,PA,,_T,,N,,GY,,2006-Q2,,1.52207,,A,,,,,,,,2,
DATAFLOW,OECD.SDD.TPS:DSD_PRICES@DF_PRICES_ALL(1.0),,I,SWE,,Q,,N,,CPI,,PA,,_T,,N,,GY,,2006-Q3,,1.590528,,A,,,,,,,,2,
DATAFLOW,OECD.SDD.TPS:DSD_PRICES@DF_PRICES_ALL(1.0),,I,SWE,,Q,,N,,CPI,,PA,,_T,,N,,GY,,2006-Q4,,1.542772,,A,,,,,,,,2,
DATAFLOW,OECD.SDD.TPS:DSD_PRICES@DF_PRICES_ALL(1.0),,I,SWE,,Q,,N,,CPI,,PA,,_T,,N,,GY,,2007-Q1,,1.945742,,A,,,,,,,,2,
DATAFLOW,OECD.SDD.TPS:DSD_PRICES@DF_PRICES_ALL(1.0),,I,SWE,,Q,,N,,CPI,,PA,,_T,,N,,GY,,2007-Q2,,1.810813,,A,,,,,,,,2,
DATAFLOW,OECD.SDD.TPS:DSD_PRICES@DF_PRICES_ALL(1.0),,I,SWE,,Q,,N,,CPI,,PA,,_T,,N,,GY,,2007-Q3,,1.941236,,A,,,,,,,,2,
DATAFLOW,OECD.SDD.TPS:DSD_PRICES@DF_PRICES_ALL(1.0),,I,SWE,,Q,,N,,CPI,,PA,,_T,,N,,GY,,2007-Q4,,3.142282,,A,,,,,,,,2,
DATAFLOW,OECD.SDD.TPS:DSD_PRICES@DF_PRICES_ALL(1.0),,I,SWE,,Q,,N,,CPI,,PA,,_T,,N,,GY,,2008-Q1,,3.236837,,A,,,,,,,,2,
DATAFLOW,OECD.SDD.TPS:DSD_PRICES@DF_PRICES_ALL(1.0),,I,SWE,,Q,,N,,CPI,,PA,,_T,,N,,GY,,2008-Q2,,3.794206,,A,,,,,,,,2,
DATAFLOW,OECD.SDD.TPS:DSD_PRICES@DF_PRICES_ALL(1.0),,I,SWE,,Q,,N,,CPI,,PA,,_T,,N,,GY,,2008-Q3,,4.283747,,A,,,,,,,,2,
DATAFLOW,OECD.SDD.TPS:DSD_PRICES@DF_PRICES_ALL(1.0),,I,SWE,,Q,,N,,CPI,,PA,,_T,,N,,GY,,2008-Q4,,2.448302,,A,,,,,,,,2,
DATAFLOW,OECD.SDD.TPS:DSD_PRICES@DF_PRICES_ALL(1.0),,I,SWE,,Q,,N,,CPI,,PA,,_T,,N,,GY,,2009-Q1,,0.7897524,,A,,,,,,,,2,
DATAFLOW,OECD.SDD.TPS:DSD_PRICES@DF_PRICES_ALL(1.0),,I,SWE,,Q,,N,,CPI,,PA,,_T,,N,,GY,,2009-Q2,,-0.5808025,,A,,,,,,,,2,
DATAFLOW,OECD.SDD.TPS:DSD_PRICES@DF_PRICES_ALL(1.0),,I,SWE,,Q,,N,,CPI,,PA,,_T,,N,,GY,,2009-Q3,,-1.41659,,A,,,,,,,,2,
DATAFLOW,OECD.SDD.TPS:DSD_PRICES@DF_PRICES_ALL(1.0),,I,SWE,,Q,,N,,CPI,,PA,,_T,,N,,GY,,2009-Q4,,-0.7415079,,A,,,,,,,,2,
DATAFLOW,OECD.SDD.TPS:DSD_PRICES@DF_PRICES_ALL(1.0),,I,SWE,,Q,,N,,CPI,,PA,,_T,,N,,GY,,2010-Q1,,0.6840817,,A,,,,,,,,2,
DATAFLOW,OECD.SDD.TPS:DSD_PRICES@DF_PRICES_ALL(1.0),,I,SWE,,Q,,N,,CPI,,PA,,_T,,N,,GY,,2010-Q2,,0.9275776,,A,,,,,,,,2,
DATAFLOW,OECD.SDD.TPS:DSD_PRICES@DF_PRICES_ALL(1.0),,I,SWE,,Q,,N,,CPI,,PA,,_T,,N,,GY,,2010-Q3,,1.12544,,A,,,,,,,,2,
DATAFLOW,OECD.SDD.TPS:DSD_PRICES@DF_PRICES_ALL(1.0),,I,SWE,,Q,,N,,CPI,,PA,,_T,,N,,GY,,2010-Q4,,1.890374,,A,,,,,,,,2,
DATAFLOW,OECD.SDD.TPS:DSD_PRICES@DF_PRICES_ALL(1.0),,I,SWE,,Q,,N,,CPI,,PA,,_T,,N,,GY,,2011-Q1,,2.612267,,A,,,,,,,,2,
DATAFLOW,OECD.SDD.TPS:DSD_PRICES@DF_PRICES_ALL(1.0),,I,SWE,,Q,,N,,CPI,,PA,,_T,,N,,GY,,2011-Q2,,3.254242,,A,,,,,,,,2,
DATAFLOW,OECD.SDD.TPS:DSD_PRICES@DF_PRICES_ALL(1.0),,I,SWE,,Q,,N,,CPI,,PA,,_T,,N,,GY,,2011-Q3,,3.316662,,A,,,,,,,,2,
DATAFLOW,OECD.SDD.TPS:DSD_PRICES@DF_PRICES_ALL(1.0),,I,SWE,,Q,,N,,CPI,,PA,,_T,,N,,GY,,2011-Q4,,2.66366,,A,,,,,,,,2,
DATAFLOW,OECD.SDD.TPS:DSD_PRICES@DF_PRICES_ALL(1.0),,I,SWE,,Q,,N,,CPI,,PA,,_T,,N,,GY,,2012-Q1,,1.762453,,A,,,,,,,,2,
DATAFLOW,OECD.SDD.TPS:DSD_PRICES@DF_PRICES_ALL(1.0),,I,SWE,,Q,,N,,CPI,,PA,,_T,,N,,GY,,2012-Q2,,1.115818,,A,,,,,,,,2,
DATAFLOW,OECD.SDD.TPS:DSD_PRICES@DF_PRICES_ALL(1.0),,I,SWE,,Q,,N,,CPI,,PA,,_T,,N,,GY,,2012-Q3,,0.6219477,,A,,,,,,,,2,
DATAFLOW,OECD.SDD.TPS:DSD_PRICES@DF_PRICES_ALL(1.0),,I,SWE,,Q,,N,,CPI,,PA,,_T,,N,,GY,,2012-Q4,,0.07003693,,A,,,,,,,,2,
DATAFLOW,OECD.SDD.TPS:DSD_PRICES@DF_PRICES_ALL(1.0),,I,SWE,,Q,,N,,CPI,,PA,,_T,,N,,GY,,2013-Q1,,-0.05634881,,A,,,,,,,,2,
DATAFLOW,OECD.SDD.TPS:DSD_PRICES@DF_PRICES_ALL(1.0),,I,SWE,,Q,,N,,CPI,,PA,,_T,,N,,GY,,2013-Q2,,-0.2761408,,A,,,,,,,,2,
DATAFLOW,OECD.SDD.TPS:DSD_PRICES@DF_PRICES_ALL(1.0),,I,SWE,,Q,,N,,CPI,,PA,,_T,,N,,GY,,2013-Q3,,0.09027284,,A,,,,,,,,2,
DATAFLOW,OECD.SDD.TPS:DSD_PRICES@DF_PRICES_ALL(1.0),,I,SWE,,Q,,N,,CPI,,PA,,_T,,N,,GY,,2013-Q4,,0.06574622,,A,,,,,,,,2,
DATAFLOW,OECD.SDD.TPS:DSD_PRICES@DF_PRICES_ALL(1.0),,I,SWE,,Q,,N,,CPI,,PA,,_T,,N,,GY,,2014-Q1,,-0.3478575,,A,,,,,,,,2,
DATAFLOW,OECD.SDD.TPS:DSD_PRICES@DF_PRICES_ALL(1.0),,I,SWE,,Q,,N,,CPI,,PA,,_T,,N,,GY,,2014-Q2,,0.008487524,,A,,,,,,,,2,
DATAFLOW,OECD.SDD.TPS:DSD_PRICES@DF_PRICES_ALL(1.0),,I,SWE,,Q,,N,,CPI,,PA,,_T,,N,,GY,,2014-Q3,,-0.1665889,,A,,,,,,,,2,
DATAFLOW,OECD.SDD.TPS:DSD_PRICES@DF_PRICES_ALL(1.0),,I,SWE,,Q,,N,,CPI,,PA,,_T,,N,,GY,,2014-Q4,,-0.213005,,A,,,,,,,,2,
DATAFLOW,OECD.SDD.TPS:DSD_PRICES@DF_PRICES_ALL(1.0),,I,SWE,,Q,,N,,CPI,,PA,,_T,,N,,GY,,2015-Q1,,0.01067498,,A,,,,,,,,2,
DATAFLOW,OECD.SDD.TPS:DSD_PRICES@DF_PRICES_ALL(1.0),,I,SWE,,Q,,N,,CPI,,PA,,_T,,N,,GY,,2015-Q2,,-0.2026224,,A,,,,,,,,2,
DATAFLOW,OECD.SDD.TPS:DSD_PRICES@DF_PRICES_ALL(1.0),,I,SWE,,Q,,N,,CPI,,PA,,_T,,N,,GY,,2015-Q3,,-0.06058223,,A,,,,,,,,2,
DATAFLOW,OECD.SDD.TPS:DSD_PRICES@DF_PRICES_ALL(1.0),,I,SWE,,Q,,N,,CPI,,PA,,_T,,N,,GY,,2015-Q4,,0.06584327,,A,,,,,,,,2,
DATAFLOW,OECD.SDD.TPS:DSD_PRICES@DF_PRICES_ALL(1.0),,I,SWE,,Q,,N,,CPI,,PA,,_T,,N,,GY,,2016-Q1,,0.6511042,,A,,,,,,,,2,
DATAFLOW,OECD.SDD.TPS:DSD_PRICES@DF_PRICES_ALL(1.0),,I,SWE,,Q,,N,,CPI,,PA,,_T,,N,,GY,,2016-Q2,,0.8142613,,A,,,,,,,,2,
DATAFLOW,OECD.SDD.TPS:DSD_PRICES@DF_PRICES_ALL(1.0),,I,SWE,,Q,,N,,CPI,,PA,,_T,,N,,GY,,2016-Q3,,1.033713,,A,,,,,,,,2,
DATAFLOW,OECD.SDD.TPS:DSD_PRICES@DF_PRICES_ALL(1.0),,I,SWE,,Q,,N,,CPI,,PA,,_T,,N,,GY,,2016-Q4,,1.435925,,A,,,,,,,,2,
DATAFLOW,OECD.SDD.TPS:DSD_PRICES@DF_PRICES_ALL(1.0),,I,SWE,,Q,,N,,CPI,,PA,,_T,,N,,GY,,2017-Q1,,1.478308,,A,,,,,,,,2,
DATAFLOW,OECD.SDD.TPS:DSD_PRICES@DF_PRICES_ALL(1.0),,I,SWE,,Q,,N,,CPI,,PA,,_T,,N,,GY,,2017-Q2,,1.77775,,A,,,,,,,,2,
DATAFLOW,OECD.SDD.TPS:DSD_PRICES@DF_PRICES_ALL(1.0),,I,SWE,,Q,,N,,CPI,,PA,,_T,,N,,GY,,2017-Q3,,2.154691,,A,,,,,,,,2,
DATAFLOW,OECD.SDD.TPS:DSD_PRICES@DF_PRICES_ALL(1.0),,I,SWE,,Q,,N,,CPI,,PA,,_T,,N,,GY,,2017-Q4,,1.765051,,A,,,,,,,,2,
DATAFLOW,OECD.SDD.TPS:DSD_PRICES@DF_PRICES_ALL(1.0),,I,SWE,,Q,,N,,CPI,,PA,,_T,,N,,GY,,2018-Q1,,1.696084,,A,,,,,,,,2,
DATAFLOW,OECD.SDD.TPS:DSD_PRICES@DF_PRICES_ALL(1.0),,I,SWE,,Q,,N,,CPI,,PA,,_T,,N,,GY,,2018-Q2,,1.89899,,A,,,,,,,,2,
DATAFLOW,OECD.SDD.TPS:DSD_PRICES@DF_PRICES_ALL(1.0),,I,SWE,,Q,,N,,CPI,,PA,,_T,,N,,GY,,2018-Q3,,2.123669,,A,,,,,,,,2,
DATAFLOW,OECD.SDD.TPS:DSD_PRICES@DF_PRICES_ALL(1.0),,I,SWE,,Q,,N,,CPI,,PA,,_T,,N,,GY,,2018-Q4,,2.091194,,A,,,,,,,,2,
DATAFLOW,OECD.SDD.TPS:DSD_PRICES@DF_PRICES_ALL(1.0),,I,SWE,,Q,,N,,CPI,,PA,,_T,,N,,GY,,2019-Q1,,1.873317,,A,,,,,,,,2,
DATAFLOW,OECD.SDD.TPS:DSD_PRICES@DF_PRICES_ALL(1.0),,I,SWE,,Q,,N,,CPI,,PA,,_T,,N,,GY,,2019-Q2,,2.028305,,A,,,,,,,,2,
DATAFLOW,OECD.SDD.TPS:DSD_PRICES@DF_PRICES_ALL(1.0),,I,SWE,,Q,,N,,CPI,,PA,,_T,,N,,GY,,2019-Q3,,1.517506,,A,,,,,,,,2,
DATAFLOW,OECD.SDD.TPS:DSD_PRICES@DF_PRICES_ALL(1.0),,I,SWE,,Q,,N,,CPI,,PA,,_T,,N,,GY,,2019-Q4,,1.721065,,A,,,,,,,,2,
DATAFLOW,OECD.SDD.TPS:DSD_PRICES@DF_PRICES_ALL(1.0),,I,SWE,,Q,,N,,CPI,,PA,,_T,,N,,GY,,2020-Q1,,0.9915571,,A,,,,,,,,2,
DATAFLOW,OECD.SDD.TPS:DSD_PRICES@DF_PRICES_ALL(1.0),,I,SWE,,Q,,N,,CPI,,PA,,_T,,N,,GY,,2020-Q2,,0.111606,,A,,,,,,,,2,
DATAFLOW,OECD.SDD.TPS:DSD_PRICES@DF_PRICES_ALL(1.0),,I,SWE,,Q,,N,,CPI,,PA,,_T,,N,,GY,,2020-Q3,,0.5734788,,A,,,,,,,,2,
DATAFLOW,OECD.SDD.TPS:DSD_PRICES@DF_PRICES_ALL(1.0),,I,SWE,,Q,,N,,CPI,,PA,,_T,,N,,GY,,2020-Q4,,0.3197767,,A,,,,,,,,2,
DATAFLOW,OECD.SDD.TPS:DSD_PRICES@DF_PRICES_ALL(1.0),,I,SWE,,Q,,N,,CPI,,PA,,_T,,N,,GY,,2021-Q1,,1.542149,,A,,,,,,,,2,
DATAFLOW,OECD.SDD.TPS:DSD_PRICES@DF_PRICES_ALL(1.0),,I,SWE,,Q,,N,,CPI,,PA,,_T,,N,,GY,,2021-Q2,,1.799632,,A,,,,,,,,2,
DATAFLOW,OECD.SDD.TPS:DSD_PRICES@DF_PRICES_ALL(1.0),,I,SWE,,Q,,N,,CPI,,PA,,_T,,N,,GY,,2021-Q3,,1.981402,,A,,,,,,,,2,
DATAFLOW,OECD.SDD.TPS:DSD_PRICES@DF_PRICES_ALL(1.0),,I,SWE,,Q,,N,,CPI,,PA,,_T,,N,,GY,,2021-Q4,,3.318826,,A,,,,,,,,2,
DATAFLOW,OECD.SDD.TPS:DSD_PRICES@DF_PRICES_ALL(1.0),,I,SWE,,Q,,N,,CPI,,PA,,_T,,N,,GY,,2022-Q1,,4.650614,,A,,,,,,,,2,
DATAFLOW,OECD.SDD.TPS:DSD_PRICES@DF_PRICES_ALL(1.0),,I,SWE,,Q,,N,,CPI,,PA,,_T,,N,,GY,,2022-Q2,,7.436958,,A,,,,,,,,2,
DATAFLOW,OECD.SDD.TPS:DSD_PRICES@DF_PRICES_ALL(1.0),,I,SWE,,Q,,N,,CPI,,PA,,_T,,N,,GY,,2022-Q3,,9.723245,,A,,,,,,,,2,
DATAFLOW,OECD.SDD.TPS:DSD_PRICES@DF_PRICES_ALL(1.0),,I,SWE,,Q,,N,,CPI,,PA,,_T,,N,,GY,,2022-Q4,,11.55654,,A,,,,,,,,2,
DATAFLOW,OECD.SDD.TPS:DSD_PRICES@DF_PRICES_ALL(1.0),,I,SWE,,Q,,N,,CPI,,PA,,_T,,N,,GY,,2023-Q1,,11.41815,,A,,,,,,,,2,
DATAFLOW,OECD.SDD.TPS:DSD_PRICES@DF_PRICES_ALL(1.0),,I,SWE,,Q,,N,,CPI,,PA,,_T,,N,,GY,,2023-Q2,,9.812612,,A,,,,,,,,2,
DATAFLOW,OECD.SDD.TPS:DSD_PRICES@DF_PRICES_ALL(1.0),,I,SWE,,Q,,N,,CPI,,PA,,_T,,N,,GY,,2023-Q3,,7.717919,,A,,,,,,,,2,
DATAFLOW,OECD.SDD.TPS:DSD_PRICES@DF_PRICES_ALL(1.0),,I,SWE,,Q,,N,,CPI,,PA,,_T,,N,,GY,,2023-Q4,,5.550847,,A,,,,,,,,2,
DATAFLOW,OECD.SDD.TPS:DSD_PRICES@DF_PRICES_ALL(1.0),,I,SWE,,Q,,N,,CPI,,PA,,_T,,N,,GY,,2024-Q1,,4.670154,,A,,,,,,,,2,
DATAFLOW,OECD.SDD.TPS:DSD_PRICES@DF_PRICES_ALL(1.0),,I,SWE,,Q,,N,,CPI,,PA,,_T,,N,,GY,,2024-Q2,,3.392148,,A,,,,,,,,2,
DATAFLOW,OECD.SDD.TPS:DSD_PRICES@DF_PRICES_ALL(1.0),,I,SWE,,Q,,N,,CPI,,PA,,_T,,N,,GY,,2024-Q3,,2.039863,,A,,,,,,,,2,
DATAFLOW,OECD.SDD.TPS:DSD_PRICES@DF_PRICES_ALL(1.0),,I,SWE,,Q,,N,,CPI,,PA,,_T,,N,,GY,,2024-Q4,,1.314936,,A,,,,,,,,2,
DATAFLOW,OECD.SDD.TPS:DSD_PRICES@DF_PRICES_ALL(1.0),,I,SWE,,Q,,N,,CPI,,PA,,_T,,N,,GY,,2025-Q1,,0.893807,,A,,,,,,,,2,
DATAFLOW,OECD.SDD.TPS:DSD_PRICES@DF_PRICES_ALL(1.0),,I,SWE,,Q,,N,,CPI,,PA,,_T,,N,,GY,,2025-Q2,,0.4039951,,A,,,,,,,,2,
DATAFLOW,OECD.SDD.TPS:DSD_PRICES@DF_PRICES_ALL(1.0),,I,SWE,,Q,,N,,CPI,,PA,,_T,,N,,GY,,2025-Q3,,0.9296383,,A,,,,,,,,2,
DATAFLOW,OECD.SDD.TPS:DSD_PRICES@DF_PRICES_ALL(1.0),,I,SWE,,Q,,N,,CPI,,PA,,_T,,N,,GY,,2025-Q4,,0.4940071,,A,,,,,,,,2,
DATAFLOW,OECD.SDD.TPS:DSD_PRICES@DF_PRICES_ALL(1.0),,I,ITA,,Q,,N,,CPI,,PA,,_T,,N,,GY,,2000-Q3,,2.630783,,A,,,,,,,,2,
DATAFLOW,OECD.SDD.TPS:DSD_PRICES@DF_PRICES_ALL(1.0),,I,ITA,,Q,,N,,CPI,,PA,,_T,,N,,GY,,2000-Q4,,2.673476,,A,,,,,,,,2,
DATAFLOW,OECD.SDD.TPS:DSD_PRICES@DF_PRICES_ALL(1.0),,I,ITA,,Q,,N,,CPI,,PA,,_T,,N,,GY,,2001-Q1,,2.895522,,A,,,,,,,,2,
DATAFLOW,OECD.SDD.TPS:DSD_PRICES@DF_PRICES_ALL(1.0),,I,ITA,,Q,,N,,CPI,,PA,,_T,,N,,GY,,2001-Q2,,3.052756,,A,,,,,,,,2,
DATAFLOW,OECD.SDD.TPS:DSD_PRICES@DF_PRICES_ALL(1.0),,I,ITA,,Q,,N,,CPI,,PA,,_T,,N,,GY,,2001-Q3,,2.799057,,A,,,,,,,,2,
DATAFLOW,OECD.SDD.TPS:DSD_PRICES@DF_PRICES_ALL(1.0),,I,ITA,,Q,,N,,CPI,,PA,,_T,,N,,GY,,2001-Q4,,2.399064,,A,,,,,,,,2,
DATAFLOW,OECD.SDD.TPS:DSD_PRICES@DF_PRICES_ALL(1.0),,I,ITA,,Q,,N,,CPI,,PA,,_T,,N,,GY,,2002-Q1,,2.407891,,A,,,,,,,,2,
DATAFLOW,OECD.SDD.TPS:DSD_PRICES@DF_PRICES_ALL(1.0),,I,ITA,,Q,,N,,CPI,,PA,,_T,,N,,GY,,2002-Q2,,2.272074,,A,,,,,,,,2,
DATAFLOW,OECD.SDD.TPS:DSD_PRICES@DF_PRICES_ALL(1.0),,I,ITA,,Q,,N,,CPI,,PA,,_T,,N,,GY,,2002-Q3,,2.407567,,A,,,,,,,,2,
DATAFLOW,OECD.SDD.TPS:DSD_PRICES@DF_PRICES_ALL(1.0),,I,ITA,,Q,,N,,CPI,,PA,,_T,,N,,GY,,2002-Q4,,2.771429,,A,,,,,,,,2,
DATAFLOW,OECD.SDD.TPS:DSD_PRICES@DF_PRICES_ALL(1.0),,I,ITA,,Q,,N,,CPI,,PA,,_T,,N,,GY,,2003-Q1,,2.719547,,A,,,,,,,,2,
DATAFLOW,OECD.SDD.TPS:DSD_PRICES@DF_PRICES_ALL(1.0),,I,ITA,,Q,,N,,CPI,,PA,,_T,,N,,GY,,2003-Q2,,2.699662,,A,,,,,,,,2,
DATAFLOW,OECD.SDD.TPS:DSD_PRICES@DF_PRICES_ALL(1.0),,I,ITA,,Q,,N,,CPI,,PA,,_T,,N,,GY,,2003-Q3,,2.742793,,A,,,,,,,,2,
DATAFLOW,OECD.SDD.TPS:DSD_PRICES@DF_PRICES_ALL(1.0),,I,ITA,,Q,,N,,CPI,,PA,,_T,,N,,GY,,2003-Q4,,2.529886,,A,,,,,,,,2,
DATAFLOW,OECD.SDD.TPS:DSD_PRICES@DF_PRICES_ALL(1.0),,I,ITA,,Q,,N,,CPI,,PA,,_T,,N,,GY,,2004-Q1,,2.289024,,A,,,,,,,,2,
DATAFLOW,OECD.SDD.TPS:DSD_PRICES@DF_PRICES_ALL(1.0),,I,ITA,,Q,,N,,CPI,,PA,,_T,,N,,GY,,2004-Q2,,2.327492,,A,,,,,,,,2,
DATAFLOW,OECD.SDD.TPS:DSD_PRICES@DF_PRICES_ALL(1.0),,I,ITA,,Q,,N,,CPI,,PA,,_T,,N,,GY,,2004-Q3,,2.233724,,A,,,,,,,,2,
DATAFLOW,OECD.SDD.TPS:DSD_PRICES@DF_PRICES_ALL(1.0),,I,ITA,,Q,,N,,CPI,,PA,,_T,,N,,GY,,2004-Q4,,1.979393,,A,,,,,,,,2,
DATAFLOW,OECD.SDD.TPS:DSD_PRICES@DF_PRICES_ALL(1.0),,I,ITA,,Q,,N,,CPI,,PA,,_T,,N,,GY,,2005-Q1,,1.914263,,A,,,,,,,,2,
DATAFLOW,OECD.SDD.TPS:DSD_PRICES@DF_PRICES_ALL(1.0),,I,ITA,,Q,,N,,CPI,,PA,,_T,,N,,GY,,2005-Q2,,1.846401,,A,,,,,,,,2,
DATAFLOW,OECD.SDD.TPS:DSD_PRICES@DF_PRICES_ALL(1.0),,I,ITA,,Q,,N,,CPI,,PA,,_T,,N,,GY,,2005-Q3,,2.025047,,A,,,,,,,,2,
DATAFLOW,OECD.SDD.TPS:DSD_PRICES@DF_PRICES_ALL(1.0),,I,ITA,,Q,,N,,CPI,,PA,,_T,,N,,GY,,2005-Q4,,2.153682,,A,,,,,,,,2,
DATAFLOW,OECD.SDD.TPS:DSD_PRICES@DF_PRICES_ALL(1.0),,I,ITA,,Q,,N,,CPI,,PA,,_T,,N,,GY,,2006-Q1,,2.142857,,A,,,,,,,,2,
DATAFLOW,OECD.SDD.TPS:DSD_PRICES@DF_PRICES_ALL(1.0),,I,ITA,,Q,,N,,CPI,,PA,,_T,,N,,GY,,2006-Q2,,2.233316,,A,,,,,,,,2,
DATAFLOW,OECD.SDD.TPS:DSD_PRICES@DF_PRICES_ALL(1.0),,I,ITA,,Q,,N,,CPI,,PA,,_T,,N,,GY,,2006-Q3,,2.167668,,A,,,,,,,,2,
DATAFLOW,OECD.SDD.TPS:DSD_PRICES@DF_PRICES_ALL(1.0),,I,ITA,,Q,,N,,CPI,,PA,,_T,,N,,GY,,2006-Q4,,1.821968,,A,,,,,,,,2,
DATAFLOW,OECD.SDD.TPS:DSD_PRICES@DF_PRICES_ALL(1.0),,I,ITA,,Q,,N,,CPI,,PA,,_T,,N,,GY,,2007-Q1,,1.735302,,A,,,,,,,,2,
DATAFLOW,OECD.SDD.TPS:DSD_PRICES@DF_PRICES_ALL(1.0),,I,ITA,,Q,,N,,CPI,,PA,,_T,,N,,GY,,2007-Q2,,1.593421,,A,,,,,,,,2,
DATAFLOW,OECD.SDD.TPS:DSD_PRICES@DF_PRICES_ALL(1.0),,I,ITA,,Q,,N,,CPI,,PA,,_T,,N,,GY,,2007-Q3,,1.635992,,A,,,,,,,,2,
DATAFLOW,OECD.SDD.TPS:DSD_PRICES@DF_PRICES_ALL(1.0),,I,ITA,,Q,,N,,CPI,,PA,,_T,,N,,GY,,2007-Q4,,2.351738,,A,,,,,,,,2,
DATAFLOW,OECD.SDD.TPS:DSD_PRICES@DF_PRICES_ALL(1.0),,I,ITA,,Q,,N,,CPI,,PA,,_T,,N,,GY,,2008-Q1,,3.05499,,A,,,,,,,,2,
DATAFLOW,OECD.SDD.TPS:DSD_PRICES@DF_PRICES_ALL(1.0),,I,ITA,,Q,,N,,CPI,,PA,,_T,,N,,GY,,2008-Q2,,3.566911,,A,,,,,,,,2,
DATAFLOW,OECD.SDD.TPS:DSD_PRICES@DF_PRICES_ALL(1.0),,I,ITA,,Q,,N,,CPI,,PA,,_T,,N,,GY,,2008-Q3,,3.973843,,A,,,,,,,,2,
DATAFLOW,OECD.SDD.TPS:DSD_PRICES@DF_PRICES_ALL(1.0),,I,ITA,,Q,,N,,CPI,,PA,,_T,,N,,GY,,2008-Q4,,2.797203,,A,,,,,,,,2,
DATAFLOW,OECD.SDD.TPS:DSD_PRICES@DF_PRICES_ALL(1.0),,I,ITA,,Q,,N,,CPI,,PA,,_T,,N,,GY,,2009-Q1,,1.482213,,A,,,,,,,,2,
DATAFLOW,OECD.SDD.TPS:DSD_PRICES@DF_PRICES_ALL(1.0),,I,ITA,,Q,,N,,CPI,,PA,,_T,,N,,GY,,2009-Q2,,0.8549096,,A,,,,,,,,2,
DATAFLOW,OECD.SDD.TPS:DSD_PRICES@DF_PRICES_ALL(1.0),,I,ITA,,Q,,N,,CPI,,PA,,_T,,N,,GY,,2009-Q3,,0.1209482,,A,,,,,,,,2,
DATAFLOW,OECD.SDD.TPS:DSD_PRICES@DF_PRICES_ALL(1.0),,I,ITA,,Q,,N,,CPI,,PA,,_T,,N,,GY,,2009-Q4,,0.6559767,,A,,,,,,,,2,
DATAFLOW,OECD.SDD.TPS:DSD_PRICES@DF_PRICES_ALL(1.0),,I,ITA,,Q,,N,,CPI,,PA,,_T,,N,,GY,,2010-Q1,,1.290166,,A,,,,,,,,2,
DATAFLOW,OECD.SDD.TPS:DSD_PRICES@DF_PRICES_ALL(1.0),,I,ITA,,Q,,N,,CPI,,PA,,_T,,N,,GY,,2010-Q2,,1.404698,,A,,,,,,,,2,
DATAFLOW,OECD.SDD.TPS:DSD_PRICES@DF_PRICES_ALL(1.0),,I,ITA,,Q,,N,,CPI,,PA,,_T,,N,,GY,,2010-Q3,,1.618749,,A,,,,,,,,2,
DATAFLOW,OECD.SDD.TPS:DSD_PRICES@DF_PRICES_ALL(1.0),,I,ITA,,Q,,N,,CPI,,PA,,_T,,N,,GY,,2010-Q4,,1.786145,,A,,,,,,,,2,
DATAFLOW,OECD.SDD.TPS:DSD_PRICES@DF_PRICES_ALL(1.0),,I,ITA,,Q,,N,,CPI,,PA,,_T,,N,,GY,,2011-Q1,,2.338513,,A,,,,,,,,2,
DATAFLOW,OECD.SDD.TPS:DSD_PRICES@DF_PRICES_ALL(1.0),,I,ITA,,Q,,N,,CPI,,PA,,_T,,N,,GY,,2011-Q2,,2.671304,,A,,,,,,,,2,
DATAFLOW,OECD.SDD.TPS:DSD_PRICES@DF_PRICES_ALL(1.0),,I,ITA,,Q,,N,,CPI,,PA,,_T,,N,,GY,,2011-Q3,,2.805789,,A,,,,,,,,2,
DATAFLOW,OECD.SDD.TPS:DSD_PRICES@DF_PRICES_ALL(1.0),,I,ITA,,Q,,N,,CPI,,PA,,_T,,N,,GY,,2011-Q4,,3.300106,,A,,,,,,,,2,
DATAFLOW,OECD.SDD.TPS:DSD_PRICES@DF_PRICES_ALL(1.0),,I,ITA,,Q,,N,,CPI,,PA,,_T,,N,,GY,,2012-Q1,,3.250164,,A,,,,,,,,2,
DATAFLOW,OECD.SDD.TPS:DSD_PRICES@DF_PRICES_ALL(1.0),,I,ITA,,Q,,N,,CPI,,PA,,_T,,N,,GY,,2012-Q2,,3.284553,,A,,,,,,,,2,
DATAFLOW,OECD.SDD.TPS:DSD_PRICES@DF_PRICES_ALL(1.0),,I,ITA,,Q,,N,,CPI,,PA,,_T,,N,,GY,,2012-Q3,,3.168445,,A,,,,,,,,2,
DATAFLOW,OECD.SDD.TPS:DSD_PRICES@DF_PRICES_ALL(1.0),,I,ITA,,Q,,N,,CPI,,PA,,_T,,N,,GY,,2012-Q4,,2.471117,,A,,,,,,,,2,
DATAFLOW,OECD.SDD.TPS:DSD_PRICES@DF_PRICES_ALL(1.0),,I,ITA,,Q,,N,,CPI,,PA,,_T,,N,,GY,,2013-Q1,,1.90779,,A,,,,,,,,2,
DATAFLOW,OECD.SDD.TPS:DSD_PRICES@DF_PRICES_ALL(1.0),,I,ITA,,Q,,N,,CPI,,PA,,_T,,N,,GY,,2013-Q2,,1.164987,,A,,,,,,,,2,
DATAFLOW,OECD.SDD.TPS:DSD_PRICES@DF_PRICES_ALL(1.0),,I,ITA,,Q,,N,,CPI,,PA,,_T,,N,,GY,,2013-Q3,,1.128173,,A,,,,,,,,2,
DATAFLOW,OECD.SDD.TPS:DSD_PRICES@DF_PRICES_ALL(1.0),,I,ITA,,Q,,N,,CPI,,PA,,_T,,N,,GY,,2013-Q4,,0.6890072,,A,,,,,,,,2,
DATAFLOW,OECD.SDD.TPS:DSD_PRICES@DF_PRICES_ALL(1.0),,I,ITA,,Q,,N,,CPI,,PA,,_T,,N,,GY,,2014-Q1,,0.49922,,A,,,,,,,,2,
DATAFLOW,OECD.SDD.TPS:DSD_PRICES@DF_PRICES_ALL(1.0),,I,ITA,,Q,,N,,CPI,,PA,,_T,,N,,GY,,2014-Q2,,0.4357299,,A,,,,,,,,2,
DATAFLOW,OECD.SDD.TPS:DSD_PRICES@DF_PRICES_ALL(1.0),,I,ITA,,Q,,N,,CPI,,PA,,_T,,N,,GY,,2014-Q3,,-0.06197707,,A,,,,,,,,2,
DATAFLOW,OECD.SDD.TPS:DSD_PRICES@DF_PRICES_ALL(1.0),,I,ITA,,Q,,N,,CPI,,PA,,_T,,N,,GY,,2014-Q4,,0.0933126,,A,,,,,,,,2,
DATAFLOW,OECD.SDD.TPS:DSD_PRICES@DF_PRICES_ALL(1.0),,I,ITA,,Q,,N,,CPI,,PA,,_T,,N,,GY,,2015-Q1,,-0.2483701,,A,,,,,,,,2,
DATAFLOW,OECD.SDD.TPS:DSD_PRICES@DF_PRICES_ALL(1.0),,I,ITA,,Q,,N,,CPI,,PA,,_T,,N,,GY,,2015-Q2,,0.06197707,,A,,,,,,,,2,
DATAFLOW,OECD.SDD.TPS:DSD_PRICES@DF_PRICES_ALL(1.0),,I,ITA,,Q,,N,,CPI,,PA,,_T,,N,,GY,,2015-Q3,,0.1860465,,A,,,,,,,,2,
DATAFLOW,OECD.SDD.TPS:DSD_PRICES@DF_PRICES_ALL(1.0),,I,ITA,,Q,,N,,CPI,,PA,,_T,,N,,GY,,2015-Q4,,0.155376,,A,,,,,,,,2,
DATAFLOW,OECD.SDD.TPS:DSD_PRICES@DF_PRICES_ALL(1.0),,I,ITA,,Q,,N,,CPI,,PA,,_T,,N,,GY,,2016-Q1,,-0.09497432,,A,,,,,,,,2,
DATAFLOW,OECD.SDD.TPS:DSD_PRICES@DF_PRICES_ALL(1.0),,I,ITA,,Q,,N,,CPI,,PA,,_T,,N,,GY,,2016-Q2,,-0.390261,,A,,,,,,,,2,
DATAFLOW,OECD.SDD.TPS:DSD_PRICES@DF_PRICES_ALL(1.0),,I,ITA,,Q,,N,,CPI,,PA,,_T,,N,,GY,,2016-Q3,,-0.01939135,,A,,,,,,,,2,
DATAFLOW,OECD.SDD.TPS:DSD_PRICES@DF_PRICES_ALL(1.0),,I,ITA,,Q,,N,,CPI,,PA,,_T,,N,,GY,,2016-Q4,,0.1287145,,A,,,,,,,,2,
DATAFLOW,OECD.SDD.TPS:DSD_PRICES@DF_PRICES_ALL(1.0),,I,ITA,,Q,,N,,CPI,,PA,,_T,,N,,GY,,2017-Q1,,1.339585,,A,,,,,,,,2,
DATAFLOW,OECD.SDD.TPS:DSD_PRICES@DF_PRICES_ALL(1.0),,I,ITA,,Q,,N,,CPI,,PA,,_T,,N,,GY,,2017-Q2,,1.504011,,A,,,,,,,,2,
DATAFLOW,OECD.SDD.TPS:DSD_PRICES@DF_PRICES_ALL(1.0),,I,ITA,,Q,,N,,CPI,,PA,,_T,,N,,GY,,2017-Q3,,1.131448,,A,,,,,,,,2,
DATAFLOW,OECD.SDD.TPS:DSD_PRICES@DF_PRICES_ALL(1.0),,I,ITA,,Q,,N,,CPI,,PA,,_T,,N,,GY,,2017-Q4,,0.9327115,,A,,,,,,,,2,
DATAFLOW,OECD.SDD.TPS:DSD_PRICES@DF_PRICES_ALL(1.0),,I,LUX,,Q,,N,,CPI,,PA,,_T,,N,,GY,,2014-Q4,,-0.08048829,,A,,,,,,,,2,
DATAFLOW,OECD.SDD.TPS:DSD_PRICES@DF_PRICES_ALL(1.0),,I,LUX,,Q,,N,,CPI,,PA,,_T,,N,,GY,,2015-Q1,,-0.006710734,,A,,,,,,,,2,
DATAFLOW,OECD.SDD.TPS:DSD_PRICES@DF_PRICES_ALL(1.0),,I,LUX,,Q,,N,,CPI,,PA,,_T,,N,,GY,,2015-Q2,,0.5308316,,A,,,,,,,,2,
DATAFLOW,OECD.SDD.TPS:DSD_PRICES@DF_PRICES_ALL(1.0),,I,LUX,,Q,,N,,CPI,,PA,,_T,,N,,GY,,2015-Q3,,0.5588462,,A,,,,,,,,2,
DATAFLOW,OECD.SDD.TPS:DSD_PRICES@DF_PRICES_ALL(1.0),,I,LUX,,Q,,N,,CPI,,PA,,_T,,N,,GY,,2015-Q4,,0.8156005,,A,,,,,,,,2,
DATAFLOW,OECD.SDD.TPS:DSD_PRICES@DF_PRICES_ALL(1.0),,I,LUX,,Q,,N,,CPI,,PA,,_T,,N,,GY,,2016-Q1,,0.2483138,,A,,,,,,,,2,
DATAFLOW,OECD.SDD.TPS:DSD_PRICES@DF_PRICES_ALL(1.0),,I,LUX,,Q,,N,,CPI,,PA,,_T,,N,,GY,,2016-Q2,,0.01992561,,A,,,,,,,,2,
DATAFLOW,OECD.SDD.TPS:DSD_PRICES@DF_PRICES_ALL(1.0),,I,LUX,,Q,,N,,CPI,,PA,,_T,,N,,GY,,2016-Q3,,0.1663893,,A,,,,,,,,2,
DATAFLOW,OECD.SDD.TPS:DSD_PRICES@DF_PRICES_ALL(1.0),,I,LUX,,Q,,N,,CPI,,PA,,_T,,N,,GY,,2016-Q4,,0.7291008,,A,,,,,,,,2,
DATAFLOW,OECD.SDD.TPS:DSD_PRICES@DF_PRICES_ALL(1.0),,I,LUX,,Q,,N,,CPI,,PA,,_T,,N,,GY,,2017-Q1,,1.737239,,A,,,,,,,,2,
DATAFLOW,OECD.SDD.TPS:DSD_PRICES@DF_PRICES_ALL(1.0),,I,LUX,,Q,,N,,CPI,,PA,,_T,,N,,GY,,2017-Q2,,1.709941,,A,,,,,,,,2,
DATAFLOW,OECD.SDD.TPS:DSD_PRICES@DF_PRICES_ALL(1.0),,I,LUX,,Q,,N,,CPI,,PA,,_T,,N,,GY,,2017-Q3,,1.880399,,A,,,,,,,,2,
DATAFLOW,OECD.SDD.TPS:DSD_PRICES@DF_PRICES_ALL(1.0),,I,LUX,,Q,,N,,CPI,,PA,,_T,,N,,GY,,2017-Q4,,1.596378,,A,,,,,,,,2,
DATAFLOW,OECD.SDD.TPS:DSD_PRICES@DF_PRICES_ALL(1.0),,I,LUX,,Q,,N,,CPI,,PA,,_T,,N,,GY,,2018-Q1,,1.085741,,A,,,,,,,,2,
DATAFLOW,OECD.SDD.TPS:DSD_PRICES@DF_PRICES_ALL(1.0),,I,LUX,,Q,,N,,CPI,,PA,,_T,,N,,GY,,2018-Q2,,1.28293,,A,,,,,,,,2,
DATAFLOW,OECD.SDD.TPS:DSD_PRICES@DF_PRICES_ALL(1.0),,I,LUX,,Q,,N,,CPI,,PA,,_T,,N,,GY,,2018-Q3,,1.695689,,A,,,,,,,,2,
DATAFLOW,OECD.SDD.TPS:DSD_PRICES@DF_PRICES_ALL(1.0),,I,LUX,,Q,,N,,CPI,,PA,,_T,,N,,GY,,2018-Q4,,2.043007,,A,,,,,,,,2,
DATAFLOW,OECD.SDD.TPS:DSD_PRICES@DF_PRICES_ALL(1.0),,I,LUX,,Q,,N,,CPI,,PA,,_T,,N,,GY,,2019-Q1,,2.04075,,A,,,,,,,,2,
DATAFLOW,OECD.SDD.TPS:DSD_PRICES@DF_PRICES_ALL(1.0),,I,LUX,,Q,,N,,CPI,,PA,,_T,,N,,GY,,2019-Q2,,2.011216,,A,,,,,,,,2,
DATAFLOW,OECD.SDD.TPS:DSD_PRICES@DF_PRICES_ALL(1.0),,I,LUX,,Q,,N,,CPI,,PA,,_T,,N,,GY,,2019-Q3,,1.580838,,A,,,,,,,,2,
DATAFLOW,OECD.SDD.TPS:DSD_PRICES@DF_PRICES_ALL(1.0),,I,LUX,,Q,,N,,CPI,,PA,,_T,,N,,GY,,2019-Q4,,1.348551,,A,,,,,,,,2,
DATAFLOW,OECD.SDD.TPS:DSD_PRICES@DF_PRICES_ALL(1.0),,I,LUX,,Q,,N,,CPI,,PA,,_T,,N,,GY,,2020-Q1,,1.486396,,A,,,,,,,,2,
DATAFLOW,OECD.SDD.TPS:DSD_PRICES@DF_PRICES_ALL(1.0),,I,LUX,,Q,,N,,CPI,,PA,,_T,,N,,GY,,2020-Q2,,0.5181674,,A,,,,,,,,2,
DATAFLOW,OECD.SDD.TPS:DSD_PRICES@DF_PRICES_ALL(1.0),,I,LUX,,Q,,N,,CPI,,PA,,_T,,N,,GY,,2020-Q3,,0.7386597,,A,,,,,,,,2,
DATAFLOW,OECD.SDD.TPS:DSD_PRICES@DF_PRICES_ALL(1.0),,I,LUX,,Q,,N,,CPI,,PA,,_T,,N,,GY,,2020-Q4,,0.5441963,,A,,,,,,,,2,
DATAFLOW,OECD.SDD.TPS:DSD_PRICES@DF_PRICES_ALL(1.0),,I,LUX,,Q,,N,,CPI,,PA,,_T,,N,,GY,,2021-Q1,,1.254047,,A,,,,,,,,2,
DATAFLOW,OECD.SDD.TPS:DSD_PRICES@DF_PRICES_ALL(1.0),,I,LUX,,Q,,N,,CPI,,PA,,_T,,N,,GY,,2021-Q2,,2.272584,,A,,,,,,,,2,
DATAFLOW,OECD.SDD.TPS:DSD_PRICES@DF_PRICES_ALL(1.0),,I,LUX,,Q,,N,,CPI,,PA,,_T,,N,,GY,,2021-Q3,,2.478614,,A,,,,,,,,2,
DATAFLOW,OECD.SDD.TPS:DSD_PRICES@DF_PRICES_ALL(1.0),,I,LUX,,Q,,N,,CPI,,PA,,_T,,N,,GY,,2021-Q4,,4.09536,,A,,,,,,,,2,
DATAFLOW,OECD.SDD.TPS:DSD_PRICES@DF_PRICES_ALL(1.0),,I,LUX,,Q,,N,,CPI,,PA,,_T,,N,,GY,,2022-Q1,,5.425875,,A,,,,,,,,2,
DATAFLOW,OECD.SDD.TPS:DSD_PRICES@DF_PRICES_ALL(1.0),,I,LUX,,Q,,N,,CPI,,PA,,_T,,N,,GY,,2022-Q2,,7.059655,,A,,,,,,,,2,
DATAFLOW,OECD.SDD.TPS:DSD_PRICES@DF_PRICES_ALL(1.0),,I,LUX,,Q,,N,,CPI,,PA,,_T,,N,,GY,,2022-Q3,,6.800391,,A,,,,,,,,2,
DATAFLOW,OECD.SDD.TPS:DSD_PRICES@DF_PRICES_ALL(1.0),,I,LUX,,Q,,N,,CPI,,PA,,_T,,N,,GY,,2022-Q4,,6.053138,,A,,,,,,,,2,
DATAFLOW,OECD.SDD.TPS:DSD_PRICES@DF_PRICES_ALL(1.0),,I,LUX,,Q,,N,,CPI,,PA,,_T,,N,,GY,,2023-Q1,,4.239783,,A,,,,,,,,2,
DATAFLOW,OECD.SDD.TPS:DSD_PRICES@DF_PRICES_ALL(1.0),,I,LUX,,Q,,N,,CPI,,PA,,_T,,N,,GY,,2023-Q2,,3.496584,,A,,,,,,,,2,
DATAFLOW,OECD.SDD.TPS:DSD_PRICES@DF_PRICES_ALL(1.0),,I,LUX,,Q,,N,,CPI,,PA,,_T,,N,,GY,,2023-Q3,,4.013972,,A,,,,,,,,2,
DATAFLOW,OECD.SDD.TPS:DSD_PRICES@DF_PRICES_ALL(1.0),,I,LUX,,Q,,N,,CPI,,PA,,_T,,N,,GY,,2023-Q4,,3.233577,,A,,,,,,,,2,
DATAFLOW,OECD.SDD.TPS:DSD_PRICES@DF_PRICES_ALL(1.0),,I,LUX,,Q,,N,,CPI,,PA,,_T,,N,,GY,,2024-Q1,,3.245396,,A,,,,,,,,2,
DATAFLOW,OECD.SDD.TPS:DSD_PRICES@DF_PRICES_ALL(1.0),,I,LUX,,Q,,N,,CPI,,PA,,_T,,N,,GY,,2024-Q2,,2.399312,,A,,,,,,,,2,
DATAFLOW,OECD.SDD.TPS:DSD_PRICES@DF_PRICES_ALL(1.0),,I,LUX,,Q,,N,,CPI,,PA,,_T,,N,,GY,,2024-Q3,,1.66529,,A,,,,,,,,2,
DATAFLOW,OECD.SDD.TPS:DSD_PRICES@DF_PRICES_ALL(1.0),,I,LUX,,Q,,N,,CPI,,PA,,_T,,N,,GY,,2024-Q4,,0.9306284,,A,,,,,,,,2,
DATAFLOW,OECD.SDD.TPS:DSD_PRICES@DF_PRICES_ALL(1.0),,I,LUX,,Q,,N,,CPI,,PA,,_T,,N,,GY,,2025-Q1,,1.652395,,A,,,,,,,,2,
DATAFLOW,OECD.SDD.TPS:DSD_PRICES@DF_PRICES_ALL(1.0),,I,LUX,,Q,,N,,CPI,,PA,,_T,,N,,GY,,2025-Q2,,1.95303,,A,,,,,,,,2,
DATAFLOW,OECD.SDD.TPS:DSD_PRICES@DF_PRICES_ALL(1.0),,I,LUX,,Q,,N,,CPI,,PA,,_T,,N,,GY,,2025-Q3,,2.469203,,A,,,,,,,,2,
DATAFLOW,OECD.SDD.TPS:DSD_PRICES@DF_PRICES_ALL(1.0),,I,LUX,,Q,,N,,CPI,,PA,,_T,,N,,GY,,2025-Q4,,2.951096,,A,,,,,,,,2,
DATAFLOW,OECD.SDD.TPS:DSD_PRICES@DF_PRICES_ALL(1.0),,I,IDN,,Q,,N,,CPI,,PA,,_T,,N,,GY,,2024-Q2,,2.783333,,A,,,,,,,,2,
DATAFLOW,OECD.SDD.TPS:DSD_PRICES@DF_PRICES_ALL(1.0),,I,IDN,,Q,,N,,CPI,,PA,,_T,,N,,GY,,2024-Q3,,2.03,,A,,,,,,,,2,
DATAFLOW,OECD.SDD.TPS:DSD_PRICES@DF_PRICES_ALL(1.0),,I,IDN,,Q,,N,,CPI,,PA,,_T,,N,,GY,,2024-Q4,,1.61,,A,,,,,,,,2,
DATAFLOW,OECD.SDD.TPS:DSD_PRICES@DF_PRICES_ALL(1.0),,I,IDN,,Q,,N,,CPI,,PA,,_T,,N,,GY,,2025-Q1,,0.5666667,,A,,,,,,,,2,
DATAFLOW,OECD.SDD.TPS:DSD_PRICES@DF_PRICES_ALL(1.0),,I,IDN,,Q,,N,,CPI,,PA,,_T,,N,,GY,,2025-Q2,,1.806667,,A,,,,,,,,2,
DATAFLOW,OECD.SDD.TPS:DSD_PRICES@DF_PRICES_ALL(1.0),,I,IDN,,Q,,N,,CPI,,PA,,_T,,N,,GY,,2025-Q3,,2.443333,,A,,,,,,,,2,
DATAFLOW,OECD.SDD.TPS:DSD_PRICES@DF_PRICES_ALL(1.0),,I,IDN,,Q,,N,,CPI,,PA,,_T,,N,,GY,,2025-Q4,,2.833333,,A,,,,,,,,2,
DATAFLOW,OECD.SDD.TPS:DSD_PRICES@DF_PRICES_ALL(1.0),,I,IDN,,Q,,N,,CPI,,PA,,_T,,N,,GY,,2026-Q1,,3.93,,A,,,,,,,,2,
DATAFLOW,OECD.SDD.TPS:DSD_PRICES@DF_PRICES_ALL(1.0),,I,IND,,Q,,N,,CPI,,PA,,_T,,N,,GY,,2026-Q2,,4.647399,,A,,,,,,,,2,
DATAFLOW,OECD.SDD.TPS:DSD_PRICES@DF_PRICES_ALL(1.0),,I,IDN,,Q,,N,,CPI,,PA,,_T,,N,,GY,,2026-Q2,,2.946667,,A,,,,,,,,2,
DATAFLOW,OECD.SDD.TPS:DSD_PRICES@DF_PRICES_ALL(1.0),,I,NZL,,Q,,N,,CPI,,PA,,_T,,N,,GY,,2026-Q2,,4.058193,,A,,,,,,,,2,
DATAFLOW,OECD.SDD.TPS:DSD_PRICES@DF_PRICES_ALL(1.0),,I,IDN,,Q,,N,,CPI,,PA,,_T,,N,,GY,,2024-Q1,,2.79,,B,,,,,,,,2,
DATAFLOW,OECD.SDD.TPS:DSD_PRICES@DF_PRICES_ALL(1.0),,I,SAU,,Q,,N,,CPI,,PA,,_T,,N,,GY,,2011-Q1,,6.998247,,B,,,,,,,,2,
DATAFLOW,OECD.SDD.TPS:DSD_PRICES@DF_PRICES_ALL(1.0),,I,HRV,,Q,,N,,CPI,,PA,,_T,,N,,GY,,2020-Q2,,-0.3333333,,U,,,,,,,,2,
DATAFLOW,OECD.SDD.TPS:DSD_PRICES@DF_PRICES_ALL(1.0),,I,HRV,,Q,,N,,CPI,,PA,,_T,,N,,GY,,2020-Q3,,-0.1333333,,U,,,,,,,,2,
DATAFLOW,OECD.SDD.TPS:DSD_PRICES@DF_PRICES_ALL(1.0),,I,HRV,,Q,,N,,CPI,,PA,,_T,,N,,GY,,2021-Q2,,2.066667,,U,,,,,,,,2,
DATAFLOW,OECD.SDD.TPS:DSD_PRICES@DF_PRICES_ALL(1.0),,I,HRV,,Q,,N,,CPI,,PA,,_T,,N,,GY,,2020-Q4,,-0.3333333,,U,,,,,,,,2,
DATAFLOW,OECD.SDD.TPS:DSD_PRICES@DF_PRICES_ALL(1.0),,I,HRV,,Q,,N,,CPI,,PA,,_T,,N,,GY,,2021-Q1,,0.4,,U,,,,,,,,2,
DATAFLOW,OECD.SDD.TPS:DSD_PRICES@DF_PRICES_ALL(1.0),,I,USA,,Q,,N,,CPI,,PA,,_T,,N,,GY,,2026-Q2,,3.863307,,A,,,,,,,,2,
DATAFLOW,OECD.SDD.TPS:DSD_PRICES@DF_PRICES_ALL(1.0),,I,GBR,,Q,,N,,CPI,,PA,,_T,,N,,GY,,2026-Q2,,2.9,,A,,,,,,,,2,
DATAFLOW,OECD.SDD.TPS:DSD_PRICES@DF_PRICES_ALL(1.0),,I,G7,,Q,,N,,CPI,,PA,,_T,,N,,GY,,1996-Q3,,2.275057,,A,,,,,,,,2,
DATAFLOW,OECD.SDD.TPS:DSD_PRICES@DF_PRICES_ALL(1.0),,I,G7,,Q,,N,,CPI,,PA,,_T,,N,,GY,,1996-Q4,,2.457061,,A,,,,,,,,2,
DATAFLOW,OECD.SDD.TPS:DSD_PRICES@DF_PRICES_ALL(1.0),,I,G7,,Q,,N,,CPI,,PA,,_T,,N,,GY,,1997-Q1,,2.284059,,A,,,,,,,,2,
DATAFLOW,OECD.SDD.TPS:DSD_PRICES@DF_PRICES_ALL(1.0),,I,G7,,Q,,N,,CPI,,PA,,_T,,N,,GY,,1997-Q2,,2.030643,,A,,,,,,,,2,
DATAFLOW,OECD.SDD.TPS:DSD_PRICES@DF_PRICES_ALL(1.0),,I,G7,,Q,,N,,CPI,,PA,,_T,,N,,GY,,1997-Q3,,2.107657,,A,,,,,,,,2,
DATAFLOW,OECD.SDD.TPS:DSD_PRICES@DF_PRICES_ALL(1.0),,I,G7,,Q,,N,,CPI,,PA,,_T,,N,,GY,,1997-Q4,,1.871637,,A,,,,,,,,2,
DATAFLOW,OECD.SDD.TPS:DSD_PRICES@DF_PRICES_ALL(1.0),,I,G7,,Q,,N,,CPI,,PA,,_T,,N,,GY,,1998-Q1,,1.51357,,A,,,,,,,,2,
DATAFLOW,OECD.SDD.TPS:DSD_PRICES@DF_PRICES_ALL(1.0),,I,G7,,Q,,N,,CPI,,PA,,_T,,N,,GY,,1998-Q2,,1.401302,,A,,,,,,,,2,
DATAFLOW,OECD.SDD.TPS:DSD_PRICES@DF_PRICES_ALL(1.0),,I,G7,,Q,,N,,CPI,,PA,,_T,,N,,GY,,1998-Q3,,1.183084,,A,,,,,,,,2,
DATAFLOW,OECD.SDD.TPS:DSD_PRICES@DF_PRICES_ALL(1.0),,I,G7,,Q,,N,,CPI,,PA,,_T,,N,,GY,,1998-Q4,,1.214862,,A,,,,,,,,2,
DATAFLOW,OECD.SDD.TPS:DSD_PRICES@DF_PRICES_ALL(1.0),,I,G7,,Q,,N,,CPI,,PA,,_T,,N,,GY,,1999-Q1,,1.155533,,A,,,,,,,,2,
DATAFLOW,OECD.SDD.TPS:DSD_PRICES@DF_PRICES_ALL(1.0),,I,G7,,Q,,N,,CPI,,PA,,_T,,N,,GY,,1999-Q2,,1.431278,,A,,,,,,,,2,
DATAFLOW,OECD.SDD.TPS:DSD_PRICES@DF_PRICES_ALL(1.0),,I,G7,,Q,,N,,CPI,,PA,,_T,,N,,GY,,1999-Q3,,1.646559,,A,,,,,,,,2,
DATAFLOW,OECD.SDD.TPS:DSD_PRICES@DF_PRICES_ALL(1.0),,I,G7,,Q,,N,,CPI,,PA,,_T,,N,,GY,,1999-Q4,,1.738314,,A,,,,,,,,2,
DATAFLOW,OECD.SDD.TPS:DSD_PRICES@DF_PRICES_ALL(1.0),,I,G7,,Q,,N,,CPI,,PA,,_T,,N,,GY,,2000-Q1,,2.210449,,A,,,,,,,,2,
DATAFLOW,OECD.SDD.TPS:DSD_PRICES@DF_PRICES_ALL(1.0),,I,G7,,Q,,N,,CPI,,PA,,_T,,N,,GY,,2000-Q2,,2.196774,,A,,,,,,,,2,
DATAFLOW,OECD.SDD.TPS:DSD_PRICES@DF_PRICES_ALL(1.0),,I,G7,,Q,,N,,CPI,,PA,,_T,,N,,GY,,2000-Q3,,2.392961,,A,,,,,,,,2,
DATAFLOW,OECD.SDD.TPS:DSD_PRICES@DF_PRICES_ALL(1.0),,I,G7,,Q,,N,,CPI,,PA,,_T,,N,,GY,,2000-Q4,,2.401682,,A,,,,,,,,2,
DATAFLOW,OECD.SDD.TPS:DSD_PRICES@DF_PRICES_ALL(1.0),,I,G7,,Q,,N,,CPI,,PA,,_T,,N,,GY,,2001-Q1,,2.388987,,A,,,,,,,,2,
DATAFLOW,OECD.SDD.TPS:DSD_PRICES@DF_PRICES_ALL(1.0),,I,G7,,Q,,N,,CPI,,PA,,_T,,N,,GY,,2001-Q2,,2.555748,,A,,,,,,,,2,
DATAFLOW,OECD.SDD.TPS:DSD_PRICES@DF_PRICES_ALL(1.0),,I,G7,,Q,,N,,CPI,,PA,,_T,,N,,GY,,2001-Q3,,2.076364,,A,,,,,,,,2,
DATAFLOW,OECD.SDD.TPS:DSD_PRICES@DF_PRICES_ALL(1.0),,I,G7,,Q,,N,,CPI,,PA,,_T,,N,,GY,,2001-Q4,,1.42848,,A,,,,,,,,2,
DATAFLOW,OECD.SDD.TPS:DSD_PRICES@DF_PRICES_ALL(1.0),,I,G7,,Q,,N,,CPI,,PA,,_T,,N,,GY,,2002-Q1,,1.179122,,A,,,,,,,,2,
DATAFLOW,OECD.SDD.TPS:DSD_PRICES@DF_PRICES_ALL(1.0),,I,G7,,Q,,N,,CPI,,PA,,_T,,N,,GY,,2002-Q2,,1.114703,,A,,,,,,,,2,
DATAFLOW,OECD.SDD.TPS:DSD_PRICES@DF_PRICES_ALL(1.0),,I,G7,,Q,,N,,CPI,,PA,,_T,,N,,GY,,2002-Q3,,1.334412,,A,,,,,,,,2,
DATAFLOW,OECD.SDD.TPS:DSD_PRICES@DF_PRICES_ALL(1.0),,I,G7,,Q,,N,,CPI,,PA,,_T,,N,,GY,,2002-Q4,,1.805331,,A,,,,,,,,2,
DATAFLOW,OECD.SDD.TPS:DSD_PRICES@DF_PRICES_ALL(1.0),,I,G7,,Q,,N,,CPI,,PA,,_T,,N,,GY,,2003-Q1,,2.218068,,A,,,,,,,,2,
DATAFLOW,OECD.SDD.TPS:DSD_PRICES@DF_PRICES_ALL(1.0),,I,G7,,Q,,N,,CPI,,PA,,_T,,N,,GY,,2003-Q2,,1.690285,,A,,,,,,,,2,
DATAFLOW,OECD.SDD.TPS:DSD_PRICES@DF_PRICES_ALL(1.0),,I,G7,,Q,,N,,CPI,,PA,,_T,,N,,GY,,2003-Q3,,1.725855,,A,,,,,,,,2,
DATAFLOW,OECD.SDD.TPS:DSD_PRICES@DF_PRICES_ALL(1.0),,I,G7,,Q,,N,,CPI,,PA,,_T,,N,,GY,,2003-Q4,,1.556873,,A,,,,,,,,2,
DATAFLOW,OECD.SDD.TPS:DSD_PRICES@DF_PRICES_ALL(1.0),,I,G7,,Q,,N,,CPI,,PA,,_T,,N,,GY,,2004-Q1,,1.433787,,A,,,,,,,,2,
DATAFLOW,OECD.SDD.TPS:DSD_PRICES@DF_PRICES_ALL(1.0),,I,G7,,Q,,N,,CPI,,PA,,_T,,N,,GY,,2004-Q2,,2.166313,,A,,,,,,,,2,
DATAFLOW,OECD.SDD.TPS:DSD_PRICES@DF_PRICES_ALL(1.0),,I,G7,,Q,,N,,CPI,,PA,,_T,,N,,GY,,2004-Q3,,2.093664,,A,,,,,,,,2,
DATAFLOW,OECD.SDD.TPS:DSD_PRICES@DF_PRICES_ALL(1.0),,I,G7,,Q,,N,,CPI,,PA,,_T,,N,,GY,,2004-Q4,,2.502357,,A,,,,,,,,2,
DATAFLOW,OECD.SDD.TPS:DSD_PRICES@DF_PRICES_ALL(1.0),,I,G7,,Q,,N,,CPI,,PA,,_T,,N,,GY,,2005-Q1,,2.239542,,A,,,,,,,,2,
DATAFLOW,OECD.SDD.TPS:DSD_PRICES@DF_PRICES_ALL(1.0),,I,G7,,Q,,N,,CPI,,PA,,_T,,N,,GY,,2005-Q2,,2.136999,,A,,,,,,,,2,
DATAFLOW,OECD.SDD.TPS:DSD_PRICES@DF_PRICES_ALL(1.0),,I,G7,,Q,,N,,CPI,,PA,,_T,,N,,GY,,2005-Q3,,2.711777,,A,,,,,,,,2,
DATAFLOW,OECD.SDD.TPS:DSD_PRICES@DF_PRICES_ALL(1.0),,I,G7,,Q,,N,,CPI,,PA,,_T,,N,,GY,,2005-Q4,,2.580095,,A,,,,,,,,2,
DATAFLOW,OECD.SDD.TPS:DSD_PRICES@DF_PRICES_ALL(1.0),,I,G7,,Q,,N,,CPI,,PA,,_T,,N,,GY,,2006-Q1,,2.617365,,A,,,,,,,,2,
DATAFLOW,OECD.SDD.TPS:DSD_PRICES@DF_PRICES_ALL(1.0),,I,G7,,Q,,N,,CPI,,PA,,_T,,N,,GY,,2006-Q2,,2.915389,,A,,,,,,,,2,
DATAFLOW,OECD.SDD.TPS:DSD_PRICES@DF_PRICES_ALL(1.0),,I,G7,,Q,,N,,CPI,,PA,,_T,,N,,GY,,2006-Q3,,2.532483,,A,,,,,,,,2,
DATAFLOW,OECD.SDD.TPS:DSD_PRICES@DF_PRICES_ALL(1.0),,I,G7,,Q,,N,,CPI,,PA,,_T,,N,,GY,,2006-Q4,,1.667241,,A,,,,,,,,2,
DATAFLOW,OECD.SDD.TPS:DSD_PRICES@DF_PRICES_ALL(1.0),,I,G7,,Q,,N,,CPI,,PA,,_T,,N,,GY,,2007-Q1,,1.926962,,A,,,,,,,,2,
DATAFLOW,OECD.SDD.TPS:DSD_PRICES@DF_PRICES_ALL(1.0),,I,G7,,Q,,N,,CPI,,PA,,_T,,N,,GY,,2007-Q2,,2.072072,,A,,,,,,,,2,
DATAFLOW,OECD.SDD.TPS:DSD_PRICES@DF_PRICES_ALL(1.0),,I,G7,,Q,,N,,CPI,,PA,,_T,,N,,GY,,2007-Q3,,1.886289,,A,,,,,,,,2,
DATAFLOW,OECD.SDD.TPS:DSD_PRICES@DF_PRICES_ALL(1.0),,I,G7,,Q,,N,,CPI,,PA,,_T,,N,,GY,,2007-Q4,,3.066682,,A,,,,,,,,2,
DATAFLOW,OECD.SDD.TPS:DSD_PRICES@DF_PRICES_ALL(1.0),,I,G7,,Q,,N,,CPI,,PA,,_T,,N,,GY,,2008-Q1,,3.265399,,A,,,,,,,,2,
DATAFLOW,OECD.SDD.TPS:DSD_PRICES@DF_PRICES_ALL(1.0),,I,G7,,Q,,N,,CPI,,PA,,_T,,N,,GY,,2008-Q2,,3.598429,,A,,,,,,,,2,
DATAFLOW,OECD.SDD.TPS:DSD_PRICES@DF_PRICES_ALL(1.0),,I,G7,,Q,,N,,CPI,,PA,,_T,,N,,GY,,2008-Q3,,4.371846,,A,,,,,,,,2,
DATAFLOW,OECD.SDD.TPS:DSD_PRICES@DF_PRICES_ALL(1.0),,I,G7,,Q,,N,,CPI,,PA,,_T,,N,,GY,,2008-Q4,,1.780314,,A,,,,,,,,2,
DATAFLOW,OECD.SDD.TPS:DSD_PRICES@DF_PRICES_ALL(1.0),,I,G7,,Q,,N,,CPI,,PA,,_T,,N,,GY,,2009-Q1,,0.4320525,,A,,,,,,,,2,
DATAFLOW,OECD.SDD.TPS:DSD_PRICES@DF_PRICES_ALL(1.0),,I,G7,,Q,,N,,CPI,,PA,,_T,,N,,GY,,2009-Q2,,-0.5389169,,A,,,,,,,,2,
DATAFLOW,OECD.SDD.TPS:DSD_PRICES@DF_PRICES_ALL(1.0),,I,G7,,Q,,N,,CPI,,PA,,_T,,N,,GY,,2009-Q3,,-1.152839,,A,,,,,,,,2,
DATAFLOW,OECD.SDD.TPS:DSD_PRICES@DF_PRICES_ALL(1.0),,I,G7,,Q,,N,,CPI,,PA,,_T,,N,,GY,,2009-Q4,,0.7935958,,A,,,,,,,,2,
DATAFLOW,OECD.SDD.TPS:DSD_PRICES@DF_PRICES_ALL(1.0),,I,G7,,Q,,N,,CPI,,PA,,_T,,N,,GY,,2010-Q1,,1.659825,,A,,,,,,,,2,
DATAFLOW,OECD.SDD.TPS:DSD_PRICES@DF_PRICES_ALL(1.0),,I,G7,,Q,,N,,CPI,,PA,,_T,,N,,GY,,2010-Q2,,1.399716,,A,,,,,,,,2,
DATAFLOW,OECD.SDD.TPS:DSD_PRICES@DF_PRICES_ALL(1.0),,I,G7,,Q,,N,,CPI,,PA,,_T,,N,,GY,,2010-Q3,,1.055135,,A,,,,,,,,2,
DATAFLOW,OECD.SDD.TPS:DSD_PRICES@DF_PRICES_ALL(1.0),,I,G7,,Q,,N,,CPI,,PA,,_T,,N,,GY,,2010-Q4,,1.282259,,A,,,,,,,,2,
DATAFLOW,OECD.SDD.TPS:DSD_PRICES@DF_PRICES_ALL(1.0),,I,G7,,Q,,N,,CPI,,PA,,_T,,N,,GY,,2011-Q1,,1.887082,,A,,,,,,,,2,
DATAFLOW,OECD.SDD.TPS:DSD_PRICES@DF_PRICES_ALL(1.0),,I,G7,,Q,,N,,CPI,,PA,,_T,,N,,GY,,2011-Q2,,2.70047,,A,,,,,,,,2,
DATAFLOW,OECD.SDD.TPS:DSD_PRICES@DF_PRICES_ALL(1.0),,I,G7,,Q,,N,,CPI,,PA,,_T,,N,,GY,,2011-Q3,,2.988122,,A,,,,,,,,2,
DATAFLOW,OECD.SDD.TPS:DSD_PRICES@DF_PRICES_ALL(1.0),,I,TUR,,Q,,N,,CPI,,PA,,_T,,N,,GY,,2018-Q3,,19.43866,,A,,,,,,,,2,
DATAFLOW,OECD.SDD.TPS:DSD_PRICES@DF_PRICES_ALL(1.0),,I,TUR,,Q,,N,,CPI,,PA,,_T,,N,,GY,,2018-Q4,,22.36816,,A,,,,,,,,2,
DATAFLOW,OECD.SDD.TPS:DSD_PRICES@DF_PRICES_ALL(1.0),,I,TUR,,Q,,N,,CPI,,PA,,_T,,N,,GY,,2019-Q1,,19.91104,,A,,,,,,,,2,
DATAFLOW,OECD.SDD.TPS:DSD_PRICES@DF_PRICES_ALL(1.0),,I,TUR,,Q,,N,,CPI,,PA,,_T,,N,,GY,,2019-Q2,,17.95033,,A,,,,,,,,2,
DATAFLOW,OECD.SDD.TPS:DSD_PRICES@DF_PRICES_ALL(1.0),,I,TUR,,Q,,N,,CPI,,PA,,_T,,N,,GY,,2019-Q3,,13.52613,,A,,,,,,,,2,
DATAFLOW,OECD.SDD.TPS:DSD_PRICES@DF_PRICES_ALL(1.0),,I,TUR,,Q,,N,,CPI,,PA,,_T,,N,,GY,,2019-Q4,,10.30631,,A,,,,,,,,2,
DATAFLOW,OECD.SDD.TPS:DSD_PRICES@DF_PRICES_ALL(1.0),,I,TUR,,Q,,N,,CPI,,PA,,_T,,N,,GY,,2020-Q1,,12.12581,,A,,,,,,,,2,
DATAFLOW,OECD.SDD.TPS:DSD_PRICES@DF_PRICES_ALL(1.0),,I,TUR,,Q,,N,,CPI,,PA,,_T,,N,,GY,,2020-Q2,,11.65203,,A,,,,,,,,2,
DATAFLOW,OECD.SDD.TPS:DSD_PRICES@DF_PRICES_ALL(1.0),,I,TUR,,Q,,N,,CPI,,PA,,_T,,N,,GY,,2020-Q3,,11.76091,,A,,,,,,,,2,
DATAFLOW,OECD.SDD.TPS:DSD_PRICES@DF_PRICES_ALL(1.0),,I,TUR,,Q,,N,,CPI,,PA,,_T,,N,,GY,,2020-Q4,,13.50983,,A,,,,,,,,2,
DATAFLOW,OECD.SDD.TPS:DSD_PRICES@DF_PRICES_ALL(1.0),,I,TUR,,Q,,N,,CPI,,PA,,_T,,N,,GY,,2021-Q1,,15.59347,,A,,,,,,,,2,
DATAFLOW,OECD.SDD.TPS:DSD_PRICES@DF_PRICES_ALL(1.0),,I,TUR,,Q,,N,,CPI,,PA,,_T,,N,,GY,,2021-Q2,,17.08753,,A,,,,,,,,2,
DATAFLOW,OECD.SDD.TPS:DSD_PRICES@DF_PRICES_ALL(1.0),,I,TUR,,Q,,N,,CPI,,PA,,_T,,N,,GY,,2021-Q3,,19.26423,,A,,,,,,,,2,
DATAFLOW,OECD.SDD.TPS:DSD_PRICES@DF_PRICES_ALL(1.0),,I,TUR,,Q,,N,,CPI,,PA,,_T,,N,,GY,,2021-Q4,,25.84839,,A,,,,,,,,2,
DATAFLOW,OECD.SDD.TPS:DSD_PRICES@DF_PRICES_ALL(1.0),,I,TUR,,Q,,N,,CPI,,PA,,_T,,N,,GY,,2022-Q1,,54.79904,,A,,,,,,,,2,
DATAFLOW,OECD.SDD.TPS:DSD_PRICES@DF_PRICES_ALL(1.0),,I,TUR,,Q,,N,,CPI,,PA,,_T,,N,,GY,,2022-Q2,,74.06995,,A,,,,,,,,2,
DATAFLOW,OECD.SDD.TPS:DSD_PRICES@DF_PRICES_ALL(1.0),,I,TUR,,Q,,N,,CPI,,PA,,_T,,N,,GY,,2022-Q3,,81.10273,,A,,,,,,,,2,
DATAFLOW,OECD.SDD.TPS:DSD_PRICES@DF_PRICES_ALL(1.0),,I,TUR,,Q,,N,,CPI,,PA,,_T,,N,,GY,,2022-Q4,,77.37286,,A,,,,,,,,2,
DATAFLOW,OECD.SDD.TPS:DSD_PRICES@DF_PRICES_ALL(1.0),,I,TUR,,Q,,N,,CPI,,PA,,_T,,N,,GY,,2023-Q1,,54.33605,,A,,,,,,,,2,
DATAFLOW,OECD.SDD.TPS:DSD_PRICES@DF_PRICES_ALL(1.0),,I,TUR,,Q,,N,,CPI,,PA,,_T,,N,,GY,,2023-Q2,,40.42637,,A,,,,,,,,2,
DATAFLOW,OECD.SDD.TPS:DSD_PRICES@DF_PRICES_ALL(1.0),,I,TUR,,Q,,N,,CPI,,PA,,_T,,N,,GY,,2023-Q3,,56.19653,,A,,,,,,,,2,
DATAFLOW,OECD.SDD.TPS:DSD_PRICES@DF_PRICES_ALL(1.0),,I,TUR,,Q,,N,,CPI,,PA,,_T,,N,,GY,,2023-Q4,,62.72422,,A,,,,,,,,2,
DATAFLOW,OECD.SDD.TPS:DSD_PRICES@DF_PRICES_ALL(1.0),,I,TUR,,Q,,N,,CPI,,PA,,_T,,N,,GY,,2024-Q1,,66.83995,,A,,,,,,,,2,
DATAFLOW,OECD.SDD.TPS:DSD_PRICES@DF_PRICES_ALL(1.0),,I,TUR,,Q,,N,,CPI,,PA,,_T,,N,,GY,,2024-Q2,,72.27338,,A,,,,,,,,2,
DATAFLOW,OECD.SDD.TPS:DSD_PRICES@DF_PRICES_ALL(1.0),,I,TUR,,Q,,N,,CPI,,PA,,_T,,N,,GY,,2024-Q3,,54.09211,,A,,,,,,,,2,
DATAFLOW,OECD.SDD.TPS:DSD_PRICES@DF_PRICES_ALL(1.0),,I,TUR,,Q,,N,,CPI,,PA,,_T,,N,,GY,,2024-Q4,,46.64275,,A,,,,,,,,2,
DATAFLOW,OECD.SDD.TPS:DSD_PRICES@DF_PRICES_ALL(1.0),,I,TUR,,Q,,N,,CPI,,PA,,_T,,N,,GY,,2025-Q1,,39.70588,,A,,,,,,,,2,
DATAFLOW,OECD.SDD.TPS:DSD_PRICES@DF_PRICES_ALL(1.0),,I,TUR,,Q,,N,,CPI,,PA,,_T,,N,,GY,,2025-Q2,,36.07916,,A,,,,,,,,2,
DATAFLOW,OECD.SDD.TPS:DSD_PRICES@DF_PRICES_ALL(1.0),,I,TUR,,Q,,N,,CPI,,PA,,_T,,N,,GY,,2025-Q3,,33.25377,,A,,,,,,,,2,
DATAFLOW,OECD.SDD.TPS:DSD_PRICES@DF_PRICES_ALL(1.0),,I,TUR,,Q,,N,,CPI,,PA,,_T,,N,,GY,,2025-Q4,,31.59965,,A,,,,,,,,2,
DATAFLOW,OECD.SDD.TPS:DSD_PRICES@DF_PRICES_ALL(1.0),,I,AUT,,Q,,N,,CPI,,PA,,_T,,N,,GY,,1996-Q3,,1.915998,,A,,,,,,,,2,
DATAFLOW,OECD.SDD.TPS:DSD_PRICES@DF_PRICES_ALL(1.0),,I,AUT,,Q,,N,,CPI,,PA,,_T,,N,,GY,,1996-Q4,,2.236391,,A,,,,,,,,2,
DATAFLOW,OECD.SDD.TPS:DSD_PRICES@DF_PRICES_ALL(1.0),,I,AUT,,Q,,N,,CPI,,PA,,_T,,N,,GY,,1997-Q1,,1.904583,,A,,,,,,,,2,
DATAFLOW,OECD.SDD.TPS:DSD_PRICES@DF_PRICES_ALL(1.0),,I,AUT,,Q,,N,,CPI,,PA,,_T,,N,,GY,,1997-Q2,,1.689189,,A,,,,,,,,2,
DATAFLOW,OECD.SDD.TPS:DSD_PRICES@DF_PRICES_ALL(1.0),,I,AUT,,Q,,N,,CPI,,PA,,_T,,N,,GY,,1997-Q3,,0.3797001,,A,,,,,,,,2,
DATAFLOW,OECD.SDD.TPS:DSD_PRICES@DF_PRICES_ALL(1.0),,I,AUT,,Q,,N,,CPI,,PA,,_T,,N,,GY,,1997-Q4,,1.265941,,A,,,,,,,,2,
DATAFLOW,OECD.SDD.TPS:DSD_PRICES@DF_PRICES_ALL(1.0),,I,AUT,,Q,,N,,CPI,,PA,,_T,,N,,GY,,1998-Q1,,1.054774,,A,,,,,,,,2,
DATAFLOW,OECD.SDD.TPS:DSD_PRICES@DF_PRICES_ALL(1.0),,I,AUT,,Q,,N,,CPI,,PA,,_T,,N,,GY,,1998-Q2,,1.024364,,A,,,,,,,,2,
DATAFLOW,OECD.SDD.TPS:DSD_PRICES@DF_PRICES_ALL(1.0),,I,AUT,,Q,,N,,CPI,,PA,,_T,,N,,GY,,1998-Q3,,0.8856909,,A,,,,,,,,2,
DATAFLOW,OECD.SDD.TPS:DSD_PRICES@DF_PRICES_ALL(1.0),,I,AUT,,Q,,N,,CPI,,PA,,_T,,N,,GY,,1998-Q4,,0.7261698,,A,,,,,,,,2,
DATAFLOW,OECD.SDD.TPS:DSD_PRICES@DF_PRICES_ALL(1.0),,I,AUT,,Q,,N,,CPI,,PA,,_T,,N,,GY,,1999-Q1,,0.4669472,,A,,,,,,,,2,
DATAFLOW,OECD.SDD.TPS:DSD_PRICES@DF_PRICES_ALL(1.0),,I,AUT,,Q,,N,,CPI,,PA,,_T,,N,,GY,,1999-Q2,,0.3653968,,A,,,,,,,,2,
DATAFLOW,OECD.SDD.TPS:DSD_PRICES@DF_PRICES_ALL(1.0),,I,AUT,,Q,,N,,CPI,,PA,,_T,,N,,GY,,1999-Q3,,0.4663917,,A,,,,,,,,2,
DATAFLOW,OECD.SDD.TPS:DSD_PRICES@DF_PRICES_ALL(1.0),,I,AUT,,Q,,N,,CPI,,PA,,_T,,N,,GY,,1999-Q4,,0.9764554,,A,,,,,,,,2,
DATAFLOW,OECD.SDD.TPS:DSD_PRICES@DF_PRICES_ALL(1.0),,I,AUT,,Q,,N,,CPI,,PA,,_T,,N,,GY,,2000-Q1,,1.576597,,A,,,,,,,,2,
DATAFLOW,OECD.SDD.TPS:DSD_PRICES@DF_PRICES_ALL(1.0),,I,AUT,,Q,,N,,CPI,,PA,,_T,,N,,GY,,2000-Q2,,2.111587,,A,,,,,,,,2,
DATAFLOW,OECD.SDD.TPS:DSD_PRICES@DF_PRICES_ALL(1.0),,I,AUT,,Q,,N,,CPI,,PA,,_T,,N,,GY,,2000-Q3,,2.858183,,A,,,,,,,,2,
DATAFLOW,OECD.SDD.TPS:DSD_PRICES@DF_PRICES_ALL(1.0),,I,AUT,,Q,,N,,CPI,,PA,,_T,,N,,GY,,2000-Q4,,2.828739,,A,,,,,,,,2,
DATAFLOW,OECD.SDD.TPS:DSD_PRICES@DF_PRICES_ALL(1.0),,I,AUT,,Q,,N,,CPI,,PA,,_T,,N,,GY,,2001-Q1,,2.780696,,A,,,,,,,,2,
DATAFLOW,OECD.SDD.TPS:DSD_PRICES@DF_PRICES_ALL(1.0),,I,AUT,,Q,,N,,CPI,,PA,,_T,,N,,GY,,2001-Q2,,3.082184,,A,,,,,,,,2,
DATAFLOW,OECD.SDD.TPS:DSD_PRICES@DF_PRICES_ALL(1.0),,I,AUT,,Q,,N,,CPI,,PA,,_T,,N,,GY,,2001-Q3,,2.609017,,A,,,,,,,,2,
DATAFLOW,OECD.SDD.TPS:DSD_PRICES@DF_PRICES_ALL(1.0),,I,AUT,,Q,,N,,CPI,,PA,,_T,,N,,GY,,2001-Q4,,2.136527,,A,,,,,,,,2,
DATAFLOW,OECD.SDD.TPS:DSD_PRICES@DF_PRICES_ALL(1.0),,I,AUT,,Q,,N,,CPI,,PA,,_T,,N,,GY,,2002-Q1,,1.965924,,A,,,,,,,,2,
DATAFLOW,OECD.SDD.TPS:DSD_PRICES@DF_PRICES_ALL(1.0),,I,AUT,,Q,,N,,CPI,,PA,,_T,,N,,GY,,2002-Q2,,1.785135,,A,,,,,,,,2,
DATAFLOW,OECD.SDD.TPS:DSD_PRICES@DF_PRICES_ALL(1.0),,I,AUT,,Q,,N,,CPI,,PA,,_T,,N,,GY,,2002-Q3,,1.715766,,A,,,,,,,,2,
DATAFLOW,OECD.SDD.TPS:DSD_PRICES@DF_PRICES_ALL(1.0),,I,AUT,,Q,,N,,CPI,,PA,,_T,,N,,GY,,2002-Q4,,1.776486,,A,,,,,,,,2,
DATAFLOW,OECD.SDD.TPS:DSD_PRICES@DF_PRICES_ALL(1.0),,I,AUT,,Q,,N,,CPI,,PA,,_T,,N,,GY,,2003-Q1,,1.767352,,A,,,,,,,,2,
DATAFLOW,OECD.SDD.TPS:DSD_PRICES@DF_PRICES_ALL(1.0),,I,AUT,,Q,,N,,CPI,,PA,,_T,,N,,GY,,2003-Q2,,1.179847,,A,,,,,,,,2,
DATAFLOW,OECD.SDD.TPS:DSD_PRICES@DF_PRICES_ALL(1.0),,I,AUT,,Q,,N,,CPI,,PA,,_T,,N,,GY,,2003-Q3,,1.273075,,A,,,,,,,,2,
DATAFLOW,OECD.SDD.TPS:DSD_PRICES@DF_PRICES_ALL(1.0),,I,AUT,,Q,,N,,CPI,,PA,,_T,,N,,GY,,2003-Q4,,1.205966,,A,,,,,,,,2,
DATAFLOW,OECD.SDD.TPS:DSD_PRICES@DF_PRICES_ALL(1.0),,I,AUT,,Q,,N,,CPI,,PA,,_T,,N,,GY,,2004-Q1,,1.357752,,A,,,,,,,,2,
DATAFLOW,OECD.SDD.TPS:DSD_PRICES@DF_PRICES_ALL(1.0),,I,AUT,,Q,,N,,CPI,,PA,,_T,,N,,GY,,2004-Q2,,1.985503,,A,,,,,,,,2,
DATAFLOW,OECD.SDD.TPS:DSD_PRICES@DF_PRICES_ALL(1.0),,I,AUT,,Q,,N,,CPI,,PA,,_T,,N,,GY,,2004-Q3,,2.168447,,A,,,,,,,,2,
DATAFLOW,OECD.SDD.TPS:DSD_PRICES@DF_PRICES_ALL(1.0),,I,AUT,,Q,,N,,CPI,,PA,,_T,,N,,GY,,2004-Q4,,2.728128,,A,,,,,,,,2,
DATAFLOW,OECD.SDD.TPS:DSD_PRICES@DF_PRICES_ALL(1.0),,I,AUT,,Q,,N,,CPI,,PA,,_T,,N,,GY,,2005-Q1,,2.902315,,A,,,,,,,,2,
DATAFLOW,OECD.SDD.TPS:DSD_PRICES@DF_PRICES_ALL(1.0),,I,AUT,,Q,,N,,CPI,,PA,,_T,,N,,GY,,2005-Q2,,2.485614,,A,,,,,,,,2,
DATAFLOW,OECD.SDD.TPS:DSD_PRICES@DF_PRICES_ALL(1.0),,I,AUT,,Q,,N,,CPI,,PA,,_T,,N,,GY,,2005-Q3,,2.216843,,A,,,,,,,,2,
DATAFLOW,OECD.SDD.TPS:DSD_PRICES@DF_PRICES_ALL(1.0),,I,LVA,,Q,,N,,CPI,,PA,,_T,,N,,GY,,2004-Q3,,7.365216,,A,,,,,,,,2,
DATAFLOW,OECD.SDD.TPS:DSD_PRICES@DF_PRICES_ALL(1.0),,I,LVA,,Q,,N,,CPI,,PA,,_T,,N,,GY,,2004-Q4,,7.255095,,A,,,,,,,,2,
DATAFLOW,OECD.SDD.TPS:DSD_PRICES@DF_PRICES_ALL(1.0),,I,LVA,,Q,,N,,CPI,,PA,,_T,,N,,GY,,2005-Q1,,6.65749,,A,,,,,,,,2,
DATAFLOW,OECD.SDD.TPS:DSD_PRICES@DF_PRICES_ALL(1.0),,I,LVA,,Q,,N,,CPI,,PA,,_T,,N,,GY,,2005-Q2,,6.527022,,A,,,,,,,,2,
DATAFLOW,OECD.SDD.TPS:DSD_PRICES@DF_PRICES_ALL(1.0),,I,LVA,,Q,,N,,CPI,,PA,,_T,,N,,GY,,2005-Q3,,6.468414,,A,,,,,,,,2,
DATAFLOW,OECD.SDD.TPS:DSD_PRICES@DF_PRICES_ALL(1.0),,I,LVA,,Q,,N,,CPI,,PA,,_T,,N,,GY,,2005-Q4,,7.328771,,A,,,,,,,,2,
DATAFLOW,OECD.SDD.TPS:DSD_PRICES@DF_PRICES_ALL(1.0),,I,LVA,,Q,,N,,CPI,,PA,,_T,,N,,GY,,2006-Q1,,6.979452,,A,,,,,,,,2,
DATAFLOW,OECD.SDD.TPS:DSD_PRICES@DF_PRICES_ALL(1.0),,I,LVA,,Q,,N,,CPI,,PA,,_T,,N,,GY,,2006-Q2,,6.333041,,A,,,,,,,,2,
DATAFLOW,OECD.SDD.TPS:DSD_PRICES@DF_PRICES_ALL(1.0),,I,LVA,,Q,,N,,CPI,,PA,,_T,,N,,GY,,2006-Q3,,6.564416,,A,,,,,,,,2,
DATAFLOW,OECD.SDD.TPS:DSD_PRICES@DF_PRICES_ALL(1.0),,I,LVA,,Q,,N,,CPI,,PA,,_T,,N,,GY,,2006-Q4,,6.285578,,A,,,,,,,,2,
DATAFLOW,OECD.SDD.TPS:DSD_PRICES@DF_PRICES_ALL(1.0),,I,LVA,,Q,,N,,CPI,,PA,,_T,,N,,GY,,2007-Q1,,7.648752,,A,,,,,,,,2,
DATAFLOW,OECD.SDD.TPS:DSD_PRICES@DF_PRICES_ALL(1.0),,I,LVA,,Q,,N,,CPI,,PA,,_T,,N,,GY,,2007-Q2,,8.603302,,A,,,,,,,,2,
DATAFLOW,OECD.SDD.TPS:DSD_PRICES@DF_PRICES_ALL(1.0),,I,LVA,,Q,,N,,CPI,,PA,,_T,,N,,GY,,2007-Q3,,10.3186,,A,,,,,,,,2,
DATAFLOW,OECD.SDD.TPS:DSD_PRICES@DF_PRICES_ALL(1.0),,I,LVA,,Q,,N,,CPI,,PA,,_T,,N,,GY,,2007-Q4,,13.65042,,A,,,,,,,,2,
DATAFLOW,OECD.SDD.TPS:DSD_PRICES@DF_PRICES_ALL(1.0),,I,LVA,,Q,,N,,CPI,,PA,,_T,,N,,GY,,2008-Q1,,16.39961,,A,,,,,,,,2,
DATAFLOW,OECD.SDD.TPS:DSD_PRICES@DF_PRICES_ALL(1.0),,I,LVA,,Q,,N,,CPI,,PA,,_T,,N,,GY,,2008-Q2,,17.70265,,A,,,,,,,,2,
DATAFLOW,OECD.SDD.TPS:DSD_PRICES@DF_PRICES_ALL(1.0),,I,LVA,,Q,,N,,CPI,,PA,,_T,,N,,GY,,2008-Q3,,15.75601,,A,,,,,,,,2,
DATAFLOW,OECD.SDD.TPS:DSD_PRICES@DF_PRICES_ALL(1.0),,I,LVA,,Q,,N,,CPI,,PA,,_T,,N,,GY,,2008-Q4,,12.02796,,A,,,,,,,,2,
DATAFLOW,OECD.SDD.TPS:DSD_PRICES@DF_PRICES_ALL(1.0),,I,LVA,,Q,,N,,CPI,,PA,,_T,,N,,GY,,2009-Q1,,9.21086,,A,,,,,,,,2,
DATAFLOW,OECD.SDD.TPS:DSD_PRICES@DF_PRICES_ALL(1.0),,I,LVA,,Q,,N,,CPI,,PA,,_T,,N,,GY,,2009-Q2,,4.740148,,A,,,,,,,,2,
DATAFLOW,OECD.SDD.TPS:DSD_PRICES@DF_PRICES_ALL(1.0),,I,LVA,,Q,,N,,CPI,,PA,,_T,,N,,GY,,2009-Q3,,1.599326,,A,,,,,,,,2,
DATAFLOW,OECD.SDD.TPS:DSD_PRICES@DF_PRICES_ALL(1.0),,I,LVA,,Q,,N,,CPI,,PA,,_T,,N,,GY,,2009-Q4,,-1.064432,,A,,,,,,,,2,
DATAFLOW,OECD.SDD.TPS:DSD_PRICES@DF_PRICES_ALL(1.0),,I,LVA,,Q,,N,,CPI,,PA,,_T,,N,,GY,,2010-Q1,,-3.750206,,A,,,,,,,,2,
DATAFLOW,OECD.SDD.TPS:DSD_PRICES@DF_PRICES_ALL(1.0),,I,LVA,,Q,,N,,CPI,,PA,,_T,,N,,GY,,2010-Q2,,-2.140266,,A,,,,,,,,2,
DATAFLOW,OECD.SDD.TPS:DSD_PRICES@DF_PRICES_ALL(1.0),,I,LVA,,Q,,N,,CPI,,PA,,_T,,N,,GY,,2010-Q3,,-0.1390176,,A,,,,,,,,2,
DATAFLOW,OECD.SDD.TPS:DSD_PRICES@DF_PRICES_ALL(1.0),,I,LVA,,Q,,N,,CPI,,PA,,_T,,N,,GY,,2010-Q4,,1.810526,,A,,,,,,,,2,
DATAFLOW,OECD.SDD.TPS:DSD_PRICES@DF_PRICES_ALL(1.0),,I,LVA,,Q,,N,,CPI,,PA,,_T,,N,,GY,,2011-Q1,,3.970046,,A,,,,,,,,2,
DATAFLOW,OECD.SDD.TPS:DSD_PRICES@DF_PRICES_ALL(1.0),,I,LVA,,Q,,N,,CPI,,PA,,_T,,N,,GY,,2011-Q2,,4.762168,,A,,,,,,,,2,
DATAFLOW,OECD.SDD.TPS:DSD_PRICES@DF_PRICES_ALL(1.0),,I,LVA,,Q,,N,,CPI,,PA,,_T,,N,,GY,,2011-Q3,,4.540204,,A,,,,,,,,2,
DATAFLOW,OECD.SDD.TPS:DSD_PRICES@DF_PRICES_ALL(1.0),,I,LVA,,Q,,N,,CPI,,PA,,_T,,N,,GY,,2011-Q4,,4.20654,,A,,,,,,,,2,
DATAFLOW,OECD.SDD.TPS:DSD_PRICES@DF_PRICES_ALL(1.0),,I,LVA,,Q,,N,,CPI,,PA,,_T,,N,,GY,,2012-Q1,,3.426109,,A,,,,,,,,2,
DATAFLOW,OECD.SDD.TPS:DSD_PRICES@DF_PRICES_ALL(1.0),,I,LVA,,Q,,N,,CPI,,PA,,_T,,N,,GY,,2012-Q2,,2.295316,,A,,,,,,,,2,
DATAFLOW,OECD.SDD.TPS:DSD_PRICES@DF_PRICES_ALL(1.0),,I,LVA,,Q,,N,,CPI,,PA,,_T,,N,,GY,,2012-Q3,,1.744796,,A,,,,,,,,2,
DATAFLOW,OECD.SDD.TPS:DSD_PRICES@DF_PRICES_ALL(1.0),,I,LVA,,Q,,N,,CPI,,PA,,_T,,N,,GY,,2012-Q4,,1.589364,,A,,,,,,,,2,
DATAFLOW,OECD.SDD.TPS:DSD_PRICES@DF_PRICES_ALL(1.0),,I,LVA,,Q,,N,,CPI,,PA,,_T,,N,,GY,,2013-Q1,,0.3752576,,A,,,,,,,,2,
DATAFLOW,OECD.SDD.TPS:DSD_PRICES@DF_PRICES_ALL(1.0),,I,LVA,,Q,,N,,CPI,,PA,,_T,,N,,GY,,2013-Q2,,-0.1086063,,A,,,,,,,,2,
DATAFLOW,OECD.SDD.TPS:DSD_PRICES@DF_PRICES_ALL(1.0),,I,LVA,,Q,,N,,CPI,,PA,,_T,,N,,GY,,2013-Q3,,-0.09031147,,A,,,,,,,,2,
DATAFLOW,OECD.SDD.TPS:DSD_PRICES@DF_PRICES_ALL(1.0),,I,LVA,,Q,,N,,CPI,,PA,,_T,,N,,GY,,2013-Q4,,-0.2920444,,A,,,,,,,,2,
DATAFLOW,OECD.SDD.TPS:DSD_PRICES@DF_PRICES_ALL(1.0),,I,LVA,,Q,,N,,CPI,,PA,,_T,,N,,GY,,2014-Q1,,0.3919468,,A,,,,,,,,2,
DATAFLOW,OECD.SDD.TPS:DSD_PRICES@DF_PRICES_ALL(1.0),,I,LVA,,Q,,N,,CPI,,PA,,_T,,N,,GY,,2014-Q2,,0.6690975,,A,,,,,,,,2,
DATAFLOW,OECD.SDD.TPS:DSD_PRICES@DF_PRICES_ALL(1.0),,I,LVA,,Q,,N,,CPI,,PA,,_T,,N,,GY,,2014-Q3,,0.8339103,,A,,,,,,,,2,
DATAFLOW,OECD.SDD.TPS:DSD_PRICES@DF_PRICES_ALL(1.0),,I,LVA,,Q,,N,,CPI,,PA,,_T,,N,,GY,,2014-Q4,,0.5871028,,A,,,,,,,,2,
DATAFLOW,OECD.SDD.TPS:DSD_PRICES@DF_PRICES_ALL(1.0),,I,LVA,,Q,,N,,CPI,,PA,,_T,,N,,GY,,2015-Q1,,-0.008193998,,A,,,,,,,,2,
DATAFLOW,OECD.SDD.TPS:DSD_PRICES@DF_PRICES_ALL(1.0),,I,LVA,,Q,,N,,CPI,,PA,,_T,,N,,GY,,2015-Q2,,0.7796112,,A,,,,,,,,2,
DATAFLOW,OECD.SDD.TPS:DSD_PRICES@DF_PRICES_ALL(1.0),,I,LVA,,Q,,N,,CPI,,PA,,_T,,N,,GY,,2015-Q3,,-0.1351009,,A,,,,,,,,2,
DATAFLOW,OECD.SDD.TPS:DSD_PRICES@DF_PRICES_ALL(1.0),,I,LVA,,Q,,N,,CPI,,PA,,_T,,N,,GY,,2015-Q4,,0.05709914,,A,,,,,,,,2,
DATAFLOW,OECD.SDD.TPS:DSD_PRICES@DF_PRICES_ALL(1.0),,I,LVA,,Q,,N,,CPI,,PA,,_T,,N,,GY,,2016-Q1,,-0.445006,,A,,,,,,,,2,
DATAFLOW,OECD.SDD.TPS:DSD_PRICES@DF_PRICES_ALL(1.0),,I,LVA,,Q,,N,,CPI,,PA,,_T,,N,,GY,,2016-Q2,,-0.6983548,,A,,,,,,,,2,
DATAFLOW,OECD.SDD.TPS:DSD_PRICES@DF_PRICES_ALL(1.0),,I,LVA,,Q,,N,,CPI,,PA,,_T,,N,,GY,,2016-Q3,,0.2240142,,A,,,,,,,,2,
DATAFLOW,OECD.SDD.TPS:DSD_PRICES@DF_PRICES_ALL(1.0),,I,LVA,,Q,,N,,CPI,,PA,,_T,,N,,GY,,2016-Q4,,1.493771,,A,,,,,,,,2,
DATAFLOW,OECD.SDD.TPS:DSD_PRICES@DF_PRICES_ALL(1.0),,I,LVA,,Q,,N,,CPI,,PA,,_T,,N,,GY,,2017-Q1,,3.184985,,A,,,,,,,,2,
DATAFLOW,OECD.SDD.TPS:DSD_PRICES@DF_PRICES_ALL(1.0),,I,LVA,,Q,,N,,CPI,,PA,,_T,,N,,GY,,2017-Q2,,3.095221,,A,,,,,,,,2,
DATAFLOW,OECD.SDD.TPS:DSD_PRICES@DF_PRICES_ALL(1.0),,I,LVA,,Q,,N,,CPI,,PA,,_T,,N,,GY,,2017-Q3,,2.88567,,A,,,,,,,,2,
DATAFLOW,OECD.SDD.TPS:DSD_PRICES@DF_PRICES_ALL(1.0),,I,LVA,,Q,,N,,CPI,,PA,,_T,,N,,GY,,2017-Q4,,2.56127,,A,,,,,,,,2,
DATAFLOW,OECD.SDD.TPS:DSD_PRICES@DF_PRICES_ALL(1.0),,I,LVA,,Q,,N,,CPI,,PA,,_T,,N,,GY,,2018-Q1,,1.991794,,A,,,,,,,,2,
DATAFLOW,OECD.SDD.TPS:DSD_PRICES@DF_PRICES_ALL(1.0),,I,LVA,,Q,,N,,CPI,,PA,,_T,,N,,GY,,2018-Q2,,2.352085,,A,,,,,,,,2,
DATAFLOW,OECD.SDD.TPS:DSD_PRICES@DF_PRICES_ALL(1.0),,I,LVA,,Q,,N,,CPI,,PA,,_T,,N,,GY,,2018-Q3,,2.888125,,A,,,,,,,,2,
DATAFLOW,OECD.SDD.TPS:DSD_PRICES@DF_PRICES_ALL(1.0),,I,LVA,,Q,,N,,CPI,,PA,,_T,,N,,GY,,2018-Q4,,2.901064,,A,,,,,,,,2,
DATAFLOW,OECD.SDD.TPS:DSD_PRICES@DF_PRICES_ALL(1.0),,I,LVA,,Q,,N,,CPI,,PA,,_T,,N,,GY,,2019-Q1,,2.901469,,A,,,,,,,,2,
DATAFLOW,OECD.SDD.TPS:DSD_PRICES@DF_PRICES_ALL(1.0),,I,LVA,,Q,,N,,CPI,,PA,,_T,,N,,GY,,2019-Q2,,3.27532,,A,,,,,,,,2,
DATAFLOW,OECD.SDD.TPS:DSD_PRICES@DF_PRICES_ALL(1.0),,I,LVA,,Q,,N,,CPI,,PA,,_T,,N,,GY,,2019-Q3,,2.863659,,A,,,,,,,,2,
DATAFLOW,OECD.SDD.TPS:DSD_PRICES@DF_PRICES_ALL(1.0),,I,LVA,,Q,,N,,CPI,,PA,,_T,,N,,GY,,2019-Q4,,2.211082,,A,,,,,,,,2,
DATAFLOW,OECD.SDD.TPS:DSD_PRICES@DF_PRICES_ALL(1.0),,I,LVA,,Q,,N,,CPI,,PA,,_T,,N,,GY,,2020-Q1,,1.941713,,A,,,,,,,,2,
DATAFLOW,OECD.SDD.TPS:DSD_PRICES@DF_PRICES_ALL(1.0),,I,LVA,,Q,,N,,CPI,,PA,,_T,,N,,GY,,2020-Q2,,-0.4235514,,A,,,,,,,,2,
DATAFLOW,OECD.SDD.TPS:DSD_PRICES@DF_PRICES_ALL(1.0),,I,LVA,,Q,,N,,CPI,,PA,,_T,,N,,GY,,2020-Q3,,0.0006892101,,A,,,,,,,,2,
DATAFLOW,OECD.SDD.TPS:DSD_PRICES@DF_PRICES_ALL(1.0),,I,LVA,,Q,,N,,CPI,,PA,,_T,,N,,GY,,2020-Q4,,-0.6141456,,A,,,,,,,,2,
DATAFLOW,OECD.SDD.TPS:DSD_PRICES@DF_PRICES_ALL(1.0),,I,LVA,,Q,,N,,CPI,,PA,,_T,,N,,GY,,2021-Q1,,-0.1234037,,A,,,,,,,,2,
DATAFLOW,OECD.SDD.TPS:DSD_PRICES@DF_PRICES_ALL(1.0),,I,LVA,,Q,,N,,CPI,,PA,,_T,,N,,GY,,2021-Q2,,2.327995,,A,,,,,,,,2,
DATAFLOW,OECD.SDD.TPS:DSD_PRICES@DF_PRICES_ALL(1.0),,I,LVA,,Q,,N,,CPI,,PA,,_T,,N,,GY,,2021-Q3,,3.793282,,A,,,,,,,,2,
DATAFLOW,OECD.SDD.TPS:DSD_PRICES@DF_PRICES_ALL(1.0),,I,LVA,,Q,,N,,CPI,,PA,,_T,,N,,GY,,2021-Q4,,7.140482,,A,,,,,,,,2,
DATAFLOW,OECD.SDD.TPS:DSD_PRICES@DF_PRICES_ALL(1.0),,I,LVA,,Q,,N,,CPI,,PA,,_T,,N,,GY,,2022-Q1,,9.227226,,A,,,,,,,,2,
DATAFLOW,OECD.SDD.TPS:DSD_PRICES@DF_PRICES_ALL(1.0),,I,LVA,,Q,,N,,CPI,,PA,,_T,,N,,GY,,2022-Q2,,16.40493,,A,,,,,,,,2,
DATAFLOW,OECD.SDD.TPS:DSD_PRICES@DF_PRICES_ALL(1.0),,I,LVA,,Q,,N,,CPI,,PA,,_T,,N,,GY,,2022-Q3,,21.74609,,A,,,,,,,,2,
DATAFLOW,OECD.SDD.TPS:DSD_PRICES@DF_PRICES_ALL(1.0),,I,LVA,,Q,,N,,CPI,,PA,,_T,,N,,GY,,2022-Q4,,21.4725,,A,,,,,,,,2,
DATAFLOW,OECD.SDD.TPS:DSD_PRICES@DF_PRICES_ALL(1.0),,I,LVA,,Q,,N,,CPI,,PA,,_T,,N,,GY,,2023-Q1,,19.64083,,A,,,,,,,,2,
DATAFLOW,OECD.SDD.TPS:DSD_PRICES@DF_PRICES_ALL(1.0),,I,LVA,,Q,,N,,CPI,,PA,,_T,,N,,GY,,2023-Q2,,11.6323,,A,,,,,,,,2,
DATAFLOW,OECD.SDD.TPS:DSD_PRICES@DF_PRICES_ALL(1.0),,I,LVA,,Q,,N,,CPI,,PA,,_T,,N,,GY,,2023-Q3,,5.020538,,A,,,,,,,,2,
DATAFLOW,OECD.SDD.TPS:DSD_PRICES@DF_PRICES_ALL(1.0),,I,LVA,,Q,,N,,CPI,,PA,,_T,,N,,GY,,2023-Q4,,1.221426,,A,,,,,,,,2,
DATAFLOW,OECD.SDD.TPS:DSD_PRICES@DF_PRICES_ALL(1.0),,I,LVA,,Q,,N,,CPI,,PA,,_T,,N,,GY,,2024-Q1,,0.7545671,,A,,,,,,,,2,
DATAFLOW,OECD.SDD.TPS:DSD_PRICES@DF_PRICES_ALL(1.0),,I,LVA,,Q,,N,,CPI,,PA,,_T,,N,,GY,,2024-Q2,,0.8459979,,A,,,,,,,,2,
DATAFLOW,OECD.SDD.TPS:DSD_PRICES@DF_PRICES_ALL(1.0),,I,LVA,,Q,,N,,CPI,,PA,,_T,,N,,GY,,2024-Q3,,0.9554596,,A,,,,,,,,2,
DATAFLOW,OECD.SDD.TPS:DSD_PRICES@DF_PRICES_ALL(1.0),,I,LVA,,Q,,N,,CPI,,PA,,_T,,N,,GY,,2024-Q4,,2.516762,,A,,,,,,,,2,
DATAFLOW,OECD.SDD.TPS:DSD_PRICES@DF_PRICES_ALL(1.0),,I,LVA,,Q,,N,,CPI,,PA,,_T,,N,,GY,,2025-Q1,,3.360158,,A,,,,,,,,2,
DATAFLOW,OECD.SDD.TPS:DSD_PRICES@DF_PRICES_ALL(1.0),,I,LVA,,Q,,N,,CPI,,PA,,_T,,N,,GY,,2025-Q2,,3.766491,,A,,,,,,,,2,
DATAFLOW,OECD.SDD.TPS:DSD_PRICES@DF_PRICES_ALL(1.0),,I,LVA,,Q,,N,,CPI,,PA,,_T,,N,,GY,,2025-Q3,,4.001367,,A,,,,,,,,2,
DATAFLOW,OECD.SDD.TPS:DSD_PRICES@DF_PRICES_ALL(1.0),,I,LVA,,Q,,N,,CPI,,PA,,_T,,N,,GY,,2025-Q4,,3.849633,,A,,,,,,,,2,
DATAFLOW,OECD.SDD.TPS:DSD_PRICES@DF_PRICES_ALL(1.0),,I,SVN,,Q,,N,,CPI,,PA,,_T,,N,,GY,,2001-Q4,,7.259929,,A,,,,,,,,2,
DATAFLOW,OECD.SDD.TPS:DSD_PRICES@DF_PRICES_ALL(1.0),,I,SVN,,Q,,N,,CPI,,PA,,_T,,N,,GY,,2002-Q1,,8.051424,,A,,,,,,,,2,
DATAFLOW,OECD.SDD.TPS:DSD_PRICES@DF_PRICES_ALL(1.0),,I,SVN,,Q,,N,,CPI,,PA,,_T,,N,,GY,,2002-Q2,,7.60053,,A,,,,,,,,2,
DATAFLOW,OECD.SDD.TPS:DSD_PRICES@DF_PRICES_ALL(1.0),,I,SVN,,Q,,N,,CPI,,PA,,_T,,N,,GY,,2002-Q3,,7.233712,,A,,,,,,,,2,
DATAFLOW,OECD.SDD.TPS:DSD_PRICES@DF_PRICES_ALL(1.0),,I,SVN,,Q,,N,,CPI,,PA,,_T,,N,,GY,,2002-Q4,,7.06553,,A,,,,,,,,2,
DATAFLOW,OECD.SDD.TPS:DSD_PRICES@DF_PRICES_ALL(1.0),,I,SVN,,Q,,N,,CPI,,PA,,_T,,N,,GY,,2003-Q1,,6.317656,,A,,,,,,,,2,
DATAFLOW,OECD.SDD.TPS:DSD_PRICES@DF_PRICES_ALL(1.0),,I,SVN,,Q,,N,,CPI,,PA,,_T,,N,,GY,,2003-Q2,,5.589779,,A,,,,,,,,2,
DATAFLOW,OECD.SDD.TPS:DSD_PRICES@DF_PRICES_ALL(1.0),,I,SVN,,Q,,N,,CPI,,PA,,_T,,N,,GY,,2003-Q3,,5.459978,,A,,,,,,,,2,
DATAFLOW,OECD.SDD.TPS:DSD_PRICES@DF_PRICES_ALL(1.0),,I,SVN,,Q,,N,,CPI,,PA,,_T,,N,,GY,,2003-Q4,,4.840947,,A,,,,,,,,2,
DATAFLOW,OECD.SDD.TPS:DSD_PRICES@DF_PRICES_ALL(1.0),,I,SVN,,Q,,N,,CPI,,PA,,_T,,N,,GY,,2004-Q1,,3.695251,,A,,,,,,,,2,
DATAFLOW,OECD.SDD.TPS:DSD_PRICES@DF_PRICES_ALL(1.0),,I,SVN,,Q,,N,,CPI,,PA,,_T,,N,,GY,,2004-Q2,,3.742437,,A,,,,,,,,2,
DATAFLOW,OECD.SDD.TPS:DSD_PRICES@DF_PRICES_ALL(1.0),,I,SVN,,Q,,N,,CPI,,PA,,_T,,N,,GY,,2004-Q3,,3.584614,,A,,,,,,,,2,
DATAFLOW,OECD.SDD.TPS:DSD_PRICES@DF_PRICES_ALL(1.0),,I,SVN,,Q,,N,,CPI,,PA,,_T,,N,,GY,,2004-Q4,,3.354244,,A,,,,,,,,2,
DATAFLOW,OECD.SDD.TPS:DSD_PRICES@DF_PRICES_ALL(1.0),,I,SVN,,Q,,N,,CPI,,PA,,_T,,N,,GY,,2005-Q1,,2.624005,,A,,,,,,,,2,
DATAFLOW,OECD.SDD.TPS:DSD_PRICES@DF_PRICES_ALL(1.0),,I,SVN,,Q,,N,,CPI,,PA,,_T,,N,,GY,,2005-Q2,,2.232775,,A,,,,,,,,2,
DATAFLOW,OECD.SDD.TPS:DSD_PRICES@DF_PRICES_ALL(1.0),,I,SVN,,Q,,N,,CPI,,PA,,_T,,N,,GY,,2005-Q3,,2.490779,,A,,,,,,,,2,
DATAFLOW,OECD.SDD.TPS:DSD_PRICES@DF_PRICES_ALL(1.0),,I,SVN,,Q,,N,,CPI,,PA,,_T,,N,,GY,,2005-Q4,,2.460878,,A,,,,,,,,2,
DATAFLOW,OECD.SDD.TPS:DSD_PRICES@DF_PRICES_ALL(1.0),,I,SVN,,Q,,N,,CPI,,PA,,_T,,N,,GY,,2006-Q1,,2.144507,,A,,,,,,,,2,
DATAFLOW,OECD.SDD.TPS:DSD_PRICES@DF_PRICES_ALL(1.0),,I,SVN,,Q,,N,,CPI,,PA,,_T,,N,,GY,,2006-Q2,,2.921522,,A,,,,,,,,2,
DATAFLOW,OECD.SDD.TPS:DSD_PRICES@DF_PRICES_ALL(1.0),,I,SVN,,Q,,N,,CPI,,PA,,_T,,N,,GY,,2006-Q3,,2.563688,,A,,,,,,,,2,
DATAFLOW,OECD.SDD.TPS:DSD_PRICES@DF_PRICES_ALL(1.0),,I,SVN,,Q,,N,,CPI,,PA,,_T,,N,,GY,,2006-Q4,,2.200282,,A,,,,,,,,2,
DATAFLOW,OECD.SDD.TPS:DSD_PRICES@DF_PRICES_ALL(1.0),,I,SVN,,Q,,N,,CPI,,PA,,_T,,N,,GY,,2007-Q1,,2.402293,,A,,,,,,,,2,
DATAFLOW,OECD.SDD.TPS:DSD_PRICES@DF_PRICES_ALL(1.0),,I,SVN,,Q,,N,,CPI,,PA,,_T,,N,,GY,,2007-Q2,,3.072172,,A,,,,,,,,2,
DATAFLOW,OECD.SDD.TPS:DSD_PRICES@DF_PRICES_ALL(1.0),,I,SVN,,Q,,N,,CPI,,PA,,_T,,N,,GY,,2007-Q3,,3.650844,,A,,,,,,,,2,
DATAFLOW,OECD.SDD.TPS:DSD_PRICES@DF_PRICES_ALL(1.0),,I,SVN,,Q,,N,,CPI,,PA,,_T,,N,,GY,,2007-Q4,,5.47297,,A,,,,,,,,2,
DATAFLOW,OECD.SDD.TPS:DSD_PRICES@DF_PRICES_ALL(1.0),,I,SVN,,Q,,N,,CPI,,PA,,_T,,N,,GY,,2008-Q1,,6.584394,,A,,,,,,,,2,
DATAFLOW,OECD.SDD.TPS:DSD_PRICES@DF_PRICES_ALL(1.0),,I,SVN,,Q,,N,,CPI,,PA,,_T,,N,,GY,,2008-Q2,,6.610332,,A,,,,,,,,2,
DATAFLOW,OECD.SDD.TPS:DSD_PRICES@DF_PRICES_ALL(1.0),,I,SVN,,Q,,N,,CPI,,PA,,_T,,N,,GY,,2008-Q3,,6.124002,,A,,,,,,,,2,
DATAFLOW,OECD.SDD.TPS:DSD_PRICES@DF_PRICES_ALL(1.0),,I,SVN,,Q,,N,,CPI,,PA,,_T,,N,,GY,,2008-Q4,,3.353396,,A,,,,,,,,2,
DATAFLOW,OECD.SDD.TPS:DSD_PRICES@DF_PRICES_ALL(1.0),,I,SVN,,Q,,N,,CPI,,PA,,_T,,N,,GY,,2009-Q1,,1.8089,,A,,,,,,,,2,
DATAFLOW,OECD.SDD.TPS:DSD_PRICES@DF_PRICES_ALL(1.0),,I,SVN,,Q,,N,,CPI,,PA,,_T,,N,,GY,,2009-Q2,,0.698948,,A,,,,,,,,2,
DATAFLOW,OECD.SDD.TPS:DSD_PRICES@DF_PRICES_ALL(1.0),,I,SVN,,Q,,N,,CPI,,PA,,_T,,N,,GY,,2009-Q3,,-0.2401434,,A,,,,,,,,2,
DATAFLOW,OECD.SDD.TPS:DSD_PRICES@DF_PRICES_ALL(1.0),,I,SVN,,Q,,N,,CPI,,PA,,_T,,N,,GY,,2009-Q4,,1.12132,,A,,,,,,,,2,
DATAFLOW,OECD.SDD.TPS:DSD_PRICES@DF_PRICES_ALL(1.0),,I,SVN,,Q,,N,,CPI,,PA,,_T,,N,,GY,,2010-Q1,,1.380714,,A,,,,,,,,2,
DATAFLOW,OECD.SDD.TPS:DSD_PRICES@DF_PRICES_ALL(1.0),,I,SVN,,Q,,N,,CPI,,PA,,_T,,N,,GY,,2010-Q2,,2.046512,,A,,,,,,,,2,
DATAFLOW,OECD.SDD.TPS:DSD_PRICES@DF_PRICES_ALL(1.0),,I,SVN,,Q,,N,,CPI,,PA,,_T,,N,,GY,,2010-Q3,,2.08745,,A,,,,,,,,2,
DATAFLOW,OECD.SDD.TPS:DSD_PRICES@DF_PRICES_ALL(1.0),,I,SVN,,Q,,N,,CPI,,PA,,_T,,N,,GY,,2010-Q4,,1.68479,,A,,,,,,,,2,
DATAFLOW,OECD.SDD.TPS:DSD_PRICES@DF_PRICES_ALL(1.0),,I,SVN,,Q,,N,,CPI,,PA,,_T,,N,,GY,,2011-Q1,,1.716723,,A,,,,,,,,2,
DATAFLOW,OECD.SDD.TPS:DSD_PRICES@DF_PRICES_ALL(1.0),,I,SVN,,Q,,N,,CPI,,PA,,_T,,N,,GY,,2011-Q2,,1.731996,,A,,,,,,,,2,
DATAFLOW,OECD.SDD.TPS:DSD_PRICES@DF_PRICES_ALL(1.0),,I,SVN,,Q,,N,,CPI,,PA,,_T,,N,,GY,,2011-Q3,,1.295136,,A,,,,,,,,2,
DATAFLOW,OECD.SDD.TPS:DSD_PRICES@DF_PRICES_ALL(1.0),,I,SVN,,Q,,N,,CPI,,PA,,_T,,N,,GY,,2011-Q4,,2.465966,,A,,,,,,,,2,
DATAFLOW,OECD.SDD.TPS:DSD_PRICES@DF_PRICES_ALL(1.0),,I,SVN,,Q,,N,,CPI,,PA,,_T,,N,,GY,,2012-Q1,,2.512244,,A,,,,,,,,2,
DATAFLOW,OECD.SDD.TPS:DSD_PRICES@DF_PRICES_ALL(1.0),,I,SVN,,Q,,N,,CPI,,PA,,_T,,N,,GY,,2012-Q2,,2.446926,,A,,,,,,,,2,
DATAFLOW,OECD.SDD.TPS:DSD_PRICES@DF_PRICES_ALL(1.0),,I,SVN,,Q,,N,,CPI,,PA,,_T,,N,,GY,,2012-Q3,,2.849003,,A,,,,,,,,2,
DATAFLOW,OECD.SDD.TPS:DSD_PRICES@DF_PRICES_ALL(1.0),,I,SVN,,Q,,N,,CPI,,PA,,_T,,N,,GY,,2012-Q4,,2.581708,,A,,,,,,,,2,
DATAFLOW,OECD.SDD.TPS:DSD_PRICES@DF_PRICES_ALL(1.0),,I,SVN,,Q,,N,,CPI,,PA,,_T,,N,,GY,,2013-Q1,,2.347563,,A,,,,,,,,2,
DATAFLOW,OECD.SDD.TPS:DSD_PRICES@DF_PRICES_ALL(1.0),,I,SVN,,Q,,N,,CPI,,PA,,_T,,N,,GY,,2013-Q2,,1.547467,,A,,,,,,,,2,
DATAFLOW,OECD.SDD.TPS:DSD_PRICES@DF_PRICES_ALL(1.0),,I,SVN,,Q,,N,,CPI,,PA,,_T,,N,,GY,,2013-Q3,,2.104588,,A,,,,,,,,2,
DATAFLOW,OECD.SDD.TPS:DSD_PRICES@DF_PRICES_ALL(1.0),,I,SVN,,Q,,N,,CPI,,PA,,_T,,N,,GY,,2013-Q4,,1.094378,,A,,,,,,,,2,
DATAFLOW,OECD.SDD.TPS:DSD_PRICES@DF_PRICES_ALL(1.0),,I,SVN,,Q,,N,,CPI,,PA,,_T,,N,,GY,,2014-Q1,,0.5104611,,A,,,,,,,,2,
DATAFLOW,OECD.SDD.TPS:DSD_PRICES@DF_PRICES_ALL(1.0),,I,SVN,,Q,,N,,CPI,,PA,,_T,,N,,GY,,2014-Q2,,0.6327437,,A,,,,,,,,2,
DATAFLOW,OECD.SDD.TPS:DSD_PRICES@DF_PRICES_ALL(1.0),,I,SVN,,Q,,N,,CPI,,PA,,_T,,N,,GY,,2014-Q3,,-0.2448304,,A,,,,,,,,2,
DATAFLOW,OECD.SDD.TPS:DSD_PRICES@DF_PRICES_ALL(1.0),,I,SVN,,Q,,N,,CPI,,PA,,_T,,N,,GY,,2014-Q4,,-0.09600424,,A,,,,,,,,2,
DATAFLOW,OECD.SDD.TPS:DSD_PRICES@DF_PRICES_ALL(1.0),,I,SVN,,Q,,N,,CPI,,PA,,_T,,N,,GY,,2015-Q1,,-0.3976077,,A,,,,,,,,2,
DATAFLOW,OECD.SDD.TPS:DSD_PRICES@DF_PRICES_ALL(1.0),,I,SVN,,Q,,N,,CPI,,PA,,_T,,N,,GY,,2015-Q2,,-0.6551009,,A,,,,,,,,2,
DATAFLOW,OECD.SDD.TPS:DSD_PRICES@DF_PRICES_ALL(1.0),,I,SVN,,Q,,N,,CPI,,PA,,_T,,N,,GY,,2015-Q3,,-0.4576963,,A,,,,,,,,2,
DATAFLOW,OECD.SDD.TPS:DSD_PRICES@DF_PRICES_ALL(1.0),,I,SVN,,Q,,N,,CPI,,PA,,_T,,N,,GY,,2015-Q4,,-0.5898337,,A,,,,,,,,2,
DATAFLOW,OECD.SDD.TPS:DSD_PRICES@DF_PRICES_ALL(1.0),,I,SVN,,Q,,N,,CPI,,PA,,_T,,N,,GY,,2016-Q1,,-0.7212345,,A,,,,,,,,2,
DATAFLOW,OECD.SDD.TPS:DSD_PRICES@DF_PRICES_ALL(1.0),,I,SVN,,Q,,N,,CPI,,PA,,_T,,N,,GY,,2016-Q2,,-0.2418981,,A,,,,,,,,2,
DATAFLOW,OECD.SDD.TPS:DSD_PRICES@DF_PRICES_ALL(1.0),,I,SVN,,Q,,N,,CPI,,PA,,_T,,N,,GY,,2016-Q3,,0.1565988,,A,,,,,,,,2,
DATAFLOW,OECD.SDD.TPS:DSD_PRICES@DF_PRICES_ALL(1.0),,I,SVN,,Q,,N,,CPI,,PA,,_T,,N,,GY,,2016-Q4,,0.5833333,,A,,,,,,,,2,
DATAFLOW,OECD.SDD.TPS:DSD_PRICES@DF_PRICES_ALL(1.0),,I,SVN,,Q,,N,,CPI,,PA,,_T,,N,,GY,,2017-Q1,,1.804359,,A,,,,,,,,2,
DATAFLOW,OECD.SDD.TPS:DSD_PRICES@DF_PRICES_ALL(1.0),,I,SVN,,Q,,N,,CPI,,PA,,_T,,N,,GY,,2017-Q2,,1.398439,,A,,,,,,,,2,
DATAFLOW,OECD.SDD.TPS:DSD_PRICES@DF_PRICES_ALL(1.0),,I,SVN,,Q,,N,,CPI,,PA,,_T,,N,,GY,,2017-Q3,,1.194278,,A,,,,,,,,2,
DATAFLOW,OECD.SDD.TPS:DSD_PRICES@DF_PRICES_ALL(1.0),,I,SVN,,Q,,N,,CPI,,PA,,_T,,N,,GY,,2017-Q4,,1.325601,,A,,,,,,,,2,
DATAFLOW,OECD.SDD.TPS:DSD_PRICES@DF_PRICES_ALL(1.0),,I,SVN,,Q,,N,,CPI,,PA,,_T,,N,,GY,,2018-Q1,,1.301072,,A,,,,,,,,2,
DATAFLOW,OECD.SDD.TPS:DSD_PRICES@DF_PRICES_ALL(1.0),,I,SVN,,Q,,N,,CPI,,PA,,_T,,N,,GY,,2018-Q2,,1.880364,,A,,,,,,,,2,
DATAFLOW,OECD.SDD.TPS:DSD_PRICES@DF_PRICES_ALL(1.0),,I,SVN,,Q,,N,,CPI,,PA,,_T,,N,,GY,,2018-Q3,,1.893553,,A,,,,,,,,2,
DATAFLOW,OECD.SDD.TPS:DSD_PRICES@DF_PRICES_ALL(1.0),,I,SVN,,Q,,N,,CPI,,PA,,_T,,N,,GY,,2018-Q4,,1.87408,,A,,,,,,,,2,
DATAFLOW,OECD.SDD.TPS:DSD_PRICES@DF_PRICES_ALL(1.0),,I,SVN,,Q,,N,,CPI,,PA,,_T,,N,,GY,,2019-Q1,,1.326955,,A,,,,,,,,2,
DATAFLOW,OECD.SDD.TPS:DSD_PRICES@DF_PRICES_ALL(1.0),,I,SVN,,Q,,N,,CPI,,PA,,_T,,N,,GY,,2019-Q2,,1.649518,,A,,,,,,,,2,
DATAFLOW,OECD.SDD.TPS:DSD_PRICES@DF_PRICES_ALL(1.0),,I,SVN,,Q,,N,,CPI,,PA,,_T,,N,,GY,,2019-Q3,,1.990644,,A,,,,,,,,2,
DATAFLOW,OECD.SDD.TPS:DSD_PRICES@DF_PRICES_ALL(1.0),,I,SVN,,Q,,N,,CPI,,PA,,_T,,N,,GY,,2019-Q4,,1.550661,,A,,,,,,,,2,
DATAFLOW,OECD.SDD.TPS:DSD_PRICES@DF_PRICES_ALL(1.0),,I,SVN,,Q,,N,,CPI,,PA,,_T,,N,,GY,,2020-Q1,,1.503589,,A,,,,,,,,2,
DATAFLOW,OECD.SDD.TPS:DSD_PRICES@DF_PRICES_ALL(1.0),,I,SVN,,Q,,N,,CPI,,PA,,_T,,N,,GY,,2020-Q2,,-0.9205074,,A,,,,,,,,2,
DATAFLOW,OECD.SDD.TPS:DSD_PRICES@DF_PRICES_ALL(1.0),,I,SVN,,Q,,N,,CPI,,PA,,_T,,N,,GY,,2020-Q3,,-0.06643047,,A,,,,,,,,2,
DATAFLOW,OECD.SDD.TPS:DSD_PRICES@DF_PRICES_ALL(1.0),,I,SVN,,Q,,N,,CPI,,PA,,_T,,N,,GY,,2020-Q4,,-0.7018431,,A,,,,,,,,2,
DATAFLOW,OECD.SDD.TPS:DSD_PRICES@DF_PRICES_ALL(1.0),,I,SVN,,Q,,N,,CPI,,PA,,_T,,N,,GY,,2021-Q1,,-0.5351852,,A,,,,,,,,2,
DATAFLOW,OECD.SDD.TPS:DSD_PRICES@DF_PRICES_ALL(1.0),,I,SVN,,Q,,N,,CPI,,PA,,_T,,N,,GY,,2021-Q2,,1.870889,,A,,,,,,,,2,
DATAFLOW,OECD.SDD.TPS:DSD_PRICES@DF_PRICES_ALL(1.0),,I,SVN,,Q,,N,,CPI,,PA,,_T,,N,,GY,,2021-Q3,,2.168339,,A,,,,,,,,2,
DATAFLOW,OECD.SDD.TPS:DSD_PRICES@DF_PRICES_ALL(1.0),,I,SVN,,Q,,N,,CPI,,PA,,_T,,N,,GY,,2021-Q4,,4.161228,,A,,,,,,,,2,
DATAFLOW,OECD.SDD.TPS:DSD_PRICES@DF_PRICES_ALL(1.0),,I,SVN,,Q,,N,,CPI,,PA,,_T,,N,,GY,,2022-Q1,,6.005188,,A,,,,,,,,2,
DATAFLOW,OECD.SDD.TPS:DSD_PRICES@DF_PRICES_ALL(1.0),,I,SVN,,Q,,N,,CPI,,PA,,_T,,N,,GY,,2022-Q2,,8.505704,,A,,,,,,,,2,
DATAFLOW,OECD.SDD.TPS:DSD_PRICES@DF_PRICES_ALL(1.0),,I,SVN,,Q,,N,,CPI,,PA,,_T,,N,,GY,,2022-Q3,,10.66737,,A,,,,,,,,2,
DATAFLOW,OECD.SDD.TPS:DSD_PRICES@DF_PRICES_ALL(1.0),,I,SVN,,Q,,N,,CPI,,PA,,_T,,N,,GY,,2022-Q4,,10.04401,,A,,,,,,,,2,
DATAFLOW,OECD.SDD.TPS:DSD_PRICES@DF_PRICES_ALL(1.0),,I,SVN,,Q,,N,,CPI,,PA,,_T,,N,,GY,,2023-Q1,,9.949242,,A,,,,,,,,2,
DATAFLOW,OECD.SDD.TPS:DSD_PRICES@DF_PRICES_ALL(1.0),,I,SVN,,Q,,N,,CPI,,PA,,_T,,N,,GY,,2023-Q2,,8.208653,,A,,,,,,,,2,
DATAFLOW,OECD.SDD.TPS:DSD_PRICES@DF_PRICES_ALL(1.0),,I,SVN,,Q,,N,,CPI,,PA,,_T,,N,,GY,,2023-Q3,,6.559534,,A,,,,,,,,2,
DATAFLOW,OECD.SDD.TPS:DSD_PRICES@DF_PRICES_ALL(1.0),,I,SVN,,Q,,N,,CPI,,PA,,_T,,N,,GY,,2023-Q4,,5.29415,,A,,,,,,,,2,
DATAFLOW,OECD.SDD.TPS:DSD_PRICES@DF_PRICES_ALL(1.0),,I,SVN,,Q,,N,,CPI,,PA,,_T,,N,,GY,,2024-Q1,,3.445907,,A,,,,,,,,2,
DATAFLOW,OECD.SDD.TPS:DSD_PRICES@DF_PRICES_ALL(1.0),,I,SVN,,Q,,N,,CPI,,PA,,_T,,N,,GY,,2024-Q2,,2.35426,,A,,,,,,,,2,
DATAFLOW,OECD.SDD.TPS:DSD_PRICES@DF_PRICES_ALL(1.0),,I,SVN,,Q,,N,,CPI,,PA,,_T,,N,,GY,,2024-Q3,,0.9510798,,A,,,,,,,,2,
DATAFLOW,OECD.SDD.TPS:DSD_PRICES@DF_PRICES_ALL(1.0),,I,SVN,,Q,,N,,CPI,,PA,,_T,,N,,GY,,2024-Q4,,1.179171,,A,,,,,,,,2,
DATAFLOW,OECD.SDD.TPS:DSD_PRICES@DF_PRICES_ALL(1.0),,I,SVN,,Q,,N,,CPI,,PA,,_T,,N,,GY,,2025-Q1,,1.870102,,A,,,,,,,,2,
DATAFLOW,OECD.SDD.TPS:DSD_PRICES@DF_PRICES_ALL(1.0),,I,SVN,,Q,,N,,CPI,,PA,,_T,,N,,GY,,2025-Q2,,2.081052,,A,,,,,,,,2,
DATAFLOW,OECD.SDD.TPS:DSD_PRICES@DF_PRICES_ALL(1.0),,I,SVN,,Q,,N,,CPI,,PA,,_T,,N,,GY,,2025-Q3,,2.831564,,A,,,,,,,,2,
DATAFLOW,OECD.SDD.TPS:DSD_PRICES@DF_PRICES_ALL(1.0),,I,SVN,,Q,,N,,CPI,,PA,,_T,,N,,GY,,2025-Q4,,2.698475,,A,,,,,,,,2,
DATAFLOW,OECD.SDD.TPS:DSD_PRICES@DF_PRICES_ALL(1.0),,I,USA,,Q,,N,,CPI,,PA,,_T,,N,,GY,,1996-Q3,,2.943742,,A,,,,,,,,2,
DATAFLOW,OECD.SDD.TPS:DSD_PRICES@DF_PRICES_ALL(1.0),,I,USA,,Q,,N,,CPI,,PA,,_T,,N,,GY,,1996-Q4,,3.190104,,A,,,,,,,,2,
DATAFLOW,OECD.SDD.TPS:DSD_PRICES@DF_PRICES_ALL(1.0),,I,USA,,Q,,N,,CPI,,PA,,_T,,N,,GY,,1997-Q1,,2.946237,,A,,,,,,,,2,
DATAFLOW,OECD.SDD.TPS:DSD_PRICES@DF_PRICES_ALL(1.0),,I,USA,,Q,,N,,CPI,,PA,,_T,,N,,GY,,1997-Q2,,2.342419,,A,,,,,,,,2,
DATAFLOW,OECD.SDD.TPS:DSD_PRICES@DF_PRICES_ALL(1.0),,I,USA,,Q,,N,,CPI,,PA,,_T,,N,,GY,,1997-Q3,,2.202923,,A,,,,,,,,2,
DATAFLOW,OECD.SDD.TPS:DSD_PRICES@DF_PRICES_ALL(1.0),,I,USA,,Q,,N,,CPI,,PA,,_T,,N,,GY,,1997-Q4,,1.871714,,A,,,,,,,,2,
DATAFLOW,OECD.SDD.TPS:DSD_PRICES@DF_PRICES_ALL(1.0),,I,USA,,Q,,N,,CPI,,PA,,_T,,N,,GY,,1998-Q1,,1.462294,,A,,,,,,,,2,
DATAFLOW,OECD.SDD.TPS:DSD_PRICES@DF_PRICES_ALL(1.0),,I,USA,,Q,,N,,CPI,,PA,,_T,,N,,GY,,1998-Q2,,1.602164,,A,,,,,,,,2,
DATAFLOW,OECD.SDD.TPS:DSD_PRICES@DF_PRICES_ALL(1.0),,I,USA,,Q,,N,,CPI,,PA,,_T,,N,,GY,,1998-Q3,,1.595855,,A,,,,,,,,2,
DATAFLOW,OECD.SDD.TPS:DSD_PRICES@DF_PRICES_ALL(1.0),,I,USA,,Q,,N,,CPI,,PA,,_T,,N,,GY,,1998-Q4,,1.548307,,A,,,,,,,,2,
DATAFLOW,OECD.SDD.TPS:DSD_PRICES@DF_PRICES_ALL(1.0),,I,USA,,Q,,N,,CPI,,PA,,_T,,N,,GY,,1999-Q1,,1.667696,,A,,,,,,,,2,
DATAFLOW,OECD.SDD.TPS:DSD_PRICES@DF_PRICES_ALL(1.0),,I,USA,,Q,,N,,CPI,,PA,,_T,,N,,GY,,1999-Q2,,2.109359,,A,,,,,,,,2,
DATAFLOW,OECD.SDD.TPS:DSD_PRICES@DF_PRICES_ALL(1.0),,I,USA,,Q,,N,,CPI,,PA,,_T,,N,,GY,,1999-Q3,,2.345981,,A,,,,,,,,2,
DATAFLOW,OECD.SDD.TPS:DSD_PRICES@DF_PRICES_ALL(1.0),,I,USA,,Q,,N,,CPI,,PA,,_T,,N,,GY,,1999-Q4,,2.622484,,A,,,,,,,,2,
DATAFLOW,OECD.SDD.TPS:DSD_PRICES@DF_PRICES_ALL(1.0),,I,USA,,Q,,N,,CPI,,PA,,_T,,N,,GY,,2000-Q1,,3.240178,,A,,,,,,,,2,
DATAFLOW,OECD.SDD.TPS:DSD_PRICES@DF_PRICES_ALL(1.0),,I,USA,,Q,,N,,CPI,,PA,,_T,,N,,GY,,2000-Q2,,3.329322,,A,,,,,,,,2,
DATAFLOW,OECD.SDD.TPS:DSD_PRICES@DF_PRICES_ALL(1.0),,I,USA,,Q,,N,,CPI,,PA,,_T,,N,,GY,,2000-Q3,,3.508073,,A,,,,,,,,2,
DATAFLOW,OECD.SDD.TPS:DSD_PRICES@DF_PRICES_ALL(1.0),,I,USA,,Q,,N,,CPI,,PA,,_T,,N,,GY,,2000-Q4,,3.4271,,A,,,,,,,,2,
DATAFLOW,OECD.SDD.TPS:DSD_PRICES@DF_PRICES_ALL(1.0),,I,USA,,Q,,N,,CPI,,PA,,_T,,N,,GY,,2001-Q1,,3.393488,,A,,,,,,,,2,
DATAFLOW,OECD.SDD.TPS:DSD_PRICES@DF_PRICES_ALL(1.0),,I,USA,,Q,,N,,CPI,,PA,,_T,,N,,GY,,2001-Q2,,3.377329,,A,,,,,,,,2,
DATAFLOW,OECD.SDD.TPS:DSD_PRICES@DF_PRICES_ALL(1.0),,I,USA,,Q,,N,,CPI,,PA,,_T,,N,,GY,,2001-Q3,,2.695937,,A,,,,,,,,2,
DATAFLOW,OECD.SDD.TPS:DSD_PRICES@DF_PRICES_ALL(1.0),,I,USA,,Q,,N,,CPI,,PA,,_T,,N,,GY,,2001-Q4,,1.857882,,A,,,,,,,,2,
DATAFLOW,OECD.SDD.TPS:DSD_PRICES@DF_PRICES_ALL(1.0),,I,USA,,Q,,N,,CPI,,PA,,_T,,N,,GY,,2002-Q1,,1.252134,,A,,,,,,,,2,
DATAFLOW,OECD.SDD.TPS:DSD_PRICES@DF_PRICES_ALL(1.0),,I,USA,,Q,,N,,CPI,,PA,,_T,,N,,GY,,2002-Q2,,1.295531,,A,,,,,,,,2,
DATAFLOW,OECD.SDD.TPS:DSD_PRICES@DF_PRICES_ALL(1.0),,I,USA,,Q,,N,,CPI,,PA,,_T,,N,,GY,,2002-Q3,,1.59385,,A,,,,,,,,2,
DATAFLOW,OECD.SDD.TPS:DSD_PRICES@DF_PRICES_ALL(1.0),,I,USA,,Q,,N,,CPI,,PA,,_T,,N,,GY,,2002-Q4,,2.200075,,A,,,,,,,,2,
DATAFLOW,OECD.SDD.TPS:DSD_PRICES@DF_PRICES_ALL(1.0),,I,USA,,Q,,N,,CPI,,PA,,_T,,N,,GY,,2003-Q1,,2.866779,,A,,,,,,,,2,
DATAFLOW,OECD.SDD.TPS:DSD_PRICES@DF_PRICES_ALL(1.0),,I,USA,,Q,,N,,CPI,,PA,,_T,,N,,GY,,2003-Q2,,2.131603,,A,,,,,,,,2,
DATAFLOW,OECD.SDD.TPS:DSD_PRICES@DF_PRICES_ALL(1.0),,I,USA,,Q,,N,,CPI,,PA,,_T,,N,,GY,,2003-Q3,,2.196383,,A,,,,,,,,2,
DATAFLOW,OECD.SDD.TPS:DSD_PRICES@DF_PRICES_ALL(1.0),,I,USA,,Q,,N,,CPI,,PA,,_T,,N,,GY,,2003-Q4,,1.895124,,A,,,,,,,,2,
DATAFLOW,OECD.SDD.TPS:DSD_PRICES@DF_PRICES_ALL(1.0),,I,USA,,Q,,N,,CPI,,PA,,_T,,N,,GY,,2004-Q1,,1.785064,,A,,,,,,,,2,
DATAFLOW,OECD.SDD.TPS:DSD_PRICES@DF_PRICES_ALL(1.0),,I,USA,,Q,,N,,CPI,,PA,,_T,,N,,GY,,2004-Q2,,2.867514,,A,,,,,,,,2,
DATAFLOW,OECD.SDD.TPS:DSD_PRICES@DF_PRICES_ALL(1.0),,I,USA,,Q,,N,,CPI,,PA,,_T,,N,,GY,,2004-Q3,,2.727108,,A,,,,,,,,2,
DATAFLOW,OECD.SDD.TPS:DSD_PRICES@DF_PRICES_ALL(1.0),,I,USA,,Q,,N,,CPI,,PA,,_T,,N,,GY,,2004-Q4,,3.322499,,A,,,,,,,,2,
DATAFLOW,OECD.SDD.TPS:DSD_PRICES@DF_PRICES_ALL(1.0),,I,USA,,Q,,N,,CPI,,PA,,_T,,N,,GY,,2005-Q1,,3.042233,,A,,,,,,,,2,
DATAFLOW,OECD.SDD.TPS:DSD_PRICES@DF_PRICES_ALL(1.0),,I,USA,,Q,,N,,CPI,,PA,,_T,,N,,GY,,2005-Q2,,2.946366,,A,,,,,,,,2,
DATAFLOW,OECD.SDD.TPS:DSD_PRICES@DF_PRICES_ALL(1.0),,I,USA,,Q,,N,,CPI,,PA,,_T,,N,,GY,,2005-Q3,,3.83263,,A,,,,,,,,2,
DATAFLOW,OECD.SDD.TPS:DSD_PRICES@DF_PRICES_ALL(1.0),,I,USA,,Q,,N,,CPI,,PA,,_T,,N,,GY,,2005-Q4,,3.739951,,A,,,,,,,,2,
DATAFLOW,OECD.SDD.TPS:DSD_PRICES@DF_PRICES_ALL(1.0),,I,USA,,Q,,N,,CPI,,PA,,_T,,N,,GY,,2006-Q1,,3.6471,,A,,,,,,,,2,
DATAFLOW,OECD.SDD.TPS:DSD_PRICES@DF_PRICES_ALL(1.0),,I,USA,,Q,,N,,CPI,,PA,,_T,,N,,GY,,2006-Q2,,4.010283,,A,,,,,,,,2,
DATAFLOW,OECD.SDD.TPS:DSD_PRICES@DF_PRICES_ALL(1.0),,I,USA,,Q,,N,,CPI,,PA,,_T,,N,,GY,,2006-Q3,,3.335591,,A,,,,,,,,2,
DATAFLOW,OECD.SDD.TPS:DSD_PRICES@DF_PRICES_ALL(1.0),,I,USA,,Q,,N,,CPI,,PA,,_T,,N,,GY,,2006-Q4,,1.937332,,A,,,,,,,,2,
DATAFLOW,OECD.SDD.TPS:DSD_PRICES@DF_PRICES_ALL(1.0),,I,USA,,Q,,N,,CPI,,PA,,_T,,N,,GY,,2007-Q1,,2.424095,,A,,,,,,,,2,
DATAFLOW,OECD.SDD.TPS:DSD_PRICES@DF_PRICES_ALL(1.0),,I,USA,,Q,,N,,CPI,,PA,,_T,,N,,GY,,2007-Q2,,2.650684,,A,,,,,,,,2,
DATAFLOW,OECD.SDD.TPS:DSD_PRICES@DF_PRICES_ALL(1.0),,I,USA,,Q,,N,,CPI,,PA,,_T,,N,,GY,,2007-Q3,,2.360478,,A,,,,,,,,2,
DATAFLOW,OECD.SDD.TPS:DSD_PRICES@DF_PRICES_ALL(1.0),,I,USA,,Q,,N,,CPI,,PA,,_T,,N,,GY,,2007-Q4,,3.974384,,A,,,,,,,,2,
DATAFLOW,OECD.SDD.TPS:DSD_PRICES@DF_PRICES_ALL(1.0),,I,USA,,Q,,N,,CPI,,PA,,_T,,N,,GY,,2008-Q1,,4.095428,,A,,,,,,,,2,
DATAFLOW,OECD.SDD.TPS:DSD_PRICES@DF_PRICES_ALL(1.0),,I,USA,,Q,,N,,CPI,,PA,,_T,,N,,GY,,2008-Q2,,4.379385,,A,,,,,,,,2,
DATAFLOW,OECD.SDD.TPS:DSD_PRICES@DF_PRICES_ALL(1.0),,I,USA,,Q,,N,,CPI,,PA,,_T,,N,,GY,,2008-Q3,,5.302814,,A,,,,,,,,2,
DATAFLOW,OECD.SDD.TPS:DSD_PRICES@DF_PRICES_ALL(1.0),,I,USA,,Q,,N,,CPI,,PA,,_T,,N,,GY,,2008-Q4,,1.601687,,A,,,,,,,,2,
DATAFLOW,OECD.SDD.TPS:DSD_PRICES@DF_PRICES_ALL(1.0),,I,USA,,Q,,N,,CPI,,PA,,_T,,N,,GY,,2009-Q1,,-0.04023253,,A,,,,,,,,2,
DATAFLOW,OECD.SDD.TPS:DSD_PRICES@DF_PRICES_ALL(1.0),,I,USA,,Q,,N,,CPI,,PA,,_T,,N,,GY,,2009-Q2,,-1.150445,,A,,,,,,,,2,
DATAFLOW,OECD.SDD.TPS:DSD_PRICES@DF_PRICES_ALL(1.0),,I,USA,,Q,,N,,CPI,,PA,,_T,,N,,GY,,2009-Q3,,-1.62336,,A,,,,,,,,2,
DATAFLOW,OECD.SDD.TPS:DSD_PRICES@DF_PRICES_ALL(1.0),,I,USA,,Q,,N,,CPI,,PA,,_T,,N,,GY,,2009-Q4,,1.443934,,A,,,,,,,,2,
DATAFLOW,OECD.SDD.TPS:DSD_PRICES@DF_PRICES_ALL(1.0),,I,USA,,Q,,N,,CPI,,PA,,_T,,N,,GY,,2010-Q1,,2.360525,,A,,,,,,,,2,
DATAFLOW,OECD.SDD.TPS:DSD_PRICES@DF_PRICES_ALL(1.0),,I,USA,,Q,,N,,CPI,,PA,,_T,,N,,GY,,2010-Q2,,1.767765,,A,,,,,,,,2,
DATAFLOW,OECD.SDD.TPS:DSD_PRICES@DF_PRICES_ALL(1.0),,I,USA,,Q,,N,,CPI,,PA,,_T,,N,,GY,,2010-Q3,,1.175609,,A,,,,,,,,2,
DATAFLOW,OECD.SDD.TPS:DSD_PRICES@DF_PRICES_ALL(1.0),,I,USA,,Q,,N,,CPI,,PA,,_T,,N,,GY,,2010-Q4,,1.270248,,A,,,,,,,,2,
DATAFLOW,OECD.SDD.TPS:DSD_PRICES@DF_PRICES_ALL(1.0),,I,USA,,Q,,N,,CPI,,PA,,_T,,N,,GY,,2011-Q1,,2.141127,,A,,,,,,,,2,
DATAFLOW,OECD.SDD.TPS:DSD_PRICES@DF_PRICES_ALL(1.0),,I,USA,,Q,,N,,CPI,,PA,,_T,,N,,GY,,2011-Q2,,3.430395,,A,,,,,,,,2,
DATAFLOW,OECD.SDD.TPS:DSD_PRICES@DF_PRICES_ALL(1.0),,I,USA,,Q,,N,,CPI,,PA,,_T,,N,,GY,,2011-Q3,,3.756174,,A,,,,,,,,2,
DATAFLOW,OECD.SDD.TPS:DSD_PRICES@DF_PRICES_ALL(1.0),,I,USA,,Q,,N,,CPI,,PA,,_T,,N,,GY,,2011-Q4,,3.293777,,A,,,,,,,,2,
DATAFLOW,OECD.SDD.TPS:DSD_PRICES@DF_PRICES_ALL(1.0),,I,USA,,Q,,N,,CPI,,PA,,_T,,N,,GY,,2012-Q1,,2.815192,,A,,,,,,,,2,
DATAFLOW,OECD.SDD.TPS:DSD_PRICES@DF_PRICES_ALL(1.0),,I,USA,,Q,,N,,CPI,,PA,,_T,,N,,GY,,2012-Q2,,1.889765,,A,,,,,,,,2,
DATAFLOW,OECD.SDD.TPS:DSD_PRICES@DF_PRICES_ALL(1.0),,I,USA,,Q,,N,,CPI,,PA,,_T,,N,,GY,,2012-Q3,,1.697784,,A,,,,,,,,2,
DATAFLOW,OECD.SDD.TPS:DSD_PRICES@DF_PRICES_ALL(1.0),,I,USA,,Q,,N,,CPI,,PA,,_T,,N,,GY,,2012-Q4,,1.889365,,A,,,,,,,,2,
DATAFLOW,OECD.SDD.TPS:DSD_PRICES@DF_PRICES_ALL(1.0),,I,USA,,Q,,N,,CPI,,PA,,_T,,N,,GY,,2013-Q1,,1.681829,,A,,,,,,,,2,
DATAFLOW,OECD.SDD.TPS:DSD_PRICES@DF_PRICES_ALL(1.0),,I,USA,,Q,,N,,CPI,,PA,,_T,,N,,GY,,2013-Q2,,1.39285,,A,,,,,,,,2,
DATAFLOW,OECD.SDD.TPS:DSD_PRICES@DF_PRICES_ALL(1.0),,I,USA,,Q,,N,,CPI,,PA,,_T,,N,,GY,,2013-Q3,,1.553359,,A,,,,,,,,2,
DATAFLOW,OECD.SDD.TPS:DSD_PRICES@DF_PRICES_ALL(1.0),,I,USA,,Q,,N,,CPI,,PA,,_T,,N,,GY,,2013-Q4,,1.233471,,A,,,,,,,,2,
DATAFLOW,OECD.SDD.TPS:DSD_PRICES@DF_PRICES_ALL(1.0),,I,USA,,Q,,N,,CPI,,PA,,_T,,N,,GY,,2014-Q1,,1.405456,,A,,,,,,,,2,
DATAFLOW,OECD.SDD.TPS:DSD_PRICES@DF_PRICES_ALL(1.0),,I,USA,,Q,,N,,CPI,,PA,,_T,,N,,GY,,2014-Q2,,2.050846,,A,,,,,,,,2,
DATAFLOW,OECD.SDD.TPS:DSD_PRICES@DF_PRICES_ALL(1.0),,I,USA,,Q,,N,,CPI,,PA,,_T,,N,,GY,,2014-Q3,,1.783154,,A,,,,,,,,2,
DATAFLOW,OECD.SDD.TPS:DSD_PRICES@DF_PRICES_ALL(1.0),,I,USA,,Q,,N,,CPI,,PA,,_T,,N,,GY,,2014-Q4,,1.248028,,A,,,,,,,,2,
DATAFLOW,OECD.SDD.TPS:DSD_PRICES@DF_PRICES_ALL(1.0),,I,USA,,Q,,N,,CPI,,PA,,_T,,N,,GY,,2015-Q1,,-0.06269593,,A,,,,,,,,2,
DATAFLOW,OECD.SDD.TPS:DSD_PRICES@DF_PRICES_ALL(1.0),,I,USA,,Q,,N,,CPI,,PA,,_T,,N,,GY,,2015-Q2,,-0.03827201,,A,,,,,,,,2,
DATAFLOW,OECD.SDD.TPS:DSD_PRICES@DF_PRICES_ALL(1.0),,I,USA,,Q,,N,,CPI,,PA,,_T,,N,,GY,,2015-Q3,,0.1095034,,A,,,,,,,,2,
DATAFLOW,OECD.SDD.TPS:DSD_PRICES@DF_PRICES_ALL(1.0),,I,USA,,Q,,N,,CPI,,PA,,_T,,N,,GY,,2015-Q4,,0.4662646,,A,,,,,,,,2,
DATAFLOW,OECD.SDD.TPS:DSD_PRICES@DF_PRICES_ALL(1.0),,I,USA,,Q,,N,,CPI,,PA,,_T,,N,,GY,,2016-Q1,,1.080267,,A,,,,,,,,2,
DATAFLOW,OECD.SDD.TPS:DSD_PRICES@DF_PRICES_ALL(1.0),,I,USA,,Q,,N,,CPI,,PA,,_T,,N,,GY,,2016-Q2,,1.047063,,A,,,,,,,,2,
DATAFLOW,OECD.SDD.TPS:DSD_PRICES@DF_PRICES_ALL(1.0),,I,USA,,Q,,N,,CPI,,PA,,_T,,N,,GY,,2016-Q3,,1.117615,,A,,,,,,,,2,
DATAFLOW,OECD.SDD.TPS:DSD_PRICES@DF_PRICES_ALL(1.0),,I,USA,,Q,,N,,CPI,,PA,,_T,,N,,GY,,2016-Q4,,1.800621,,A,,,,,,,,2,
DATAFLOW,OECD.SDD.TPS:DSD_PRICES@DF_PRICES_ALL(1.0),,I,USA,,Q,,N,,CPI,,PA,,_T,,N,,GY,,2017-Q1,,2.53932,,A,,,,,,,,2,
DATAFLOW,OECD.SDD.TPS:DSD_PRICES@DF_PRICES_ALL(1.0),,I,USA,,Q,,N,,CPI,,PA,,_T,,N,,GY,,2017-Q2,,1.901991,,A,,,,,,,,2,
DATAFLOW,OECD.SDD.TPS:DSD_PRICES@DF_PRICES_ALL(1.0),,I,USA,,Q,,N,,CPI,,PA,,_T,,N,,GY,,2017-Q3,,1.966925,,A,,,,,,,,2,
DATAFLOW,OECD.SDD.TPS:DSD_PRICES@DF_PRICES_ALL(1.0),,I,USA,,Q,,N,,CPI,,PA,,_T,,N,,GY,,2017-Q4,,2.117558,,A,,,,,,,,2,
DATAFLOW,OECD.SDD.TPS:DSD_PRICES@DF_PRICES_ALL(1.0),,I,USA,,Q,,N,,CPI,,PA,,_T,,N,,GY,,2018-Q1,,2.214195,,A,,,,,,,,2,
DATAFLOW,OECD.SDD.TPS:DSD_PRICES@DF_PRICES_ALL(1.0),,I,USA,,Q,,N,,CPI,,PA,,_T,,N,,GY,,2018-Q2,,2.711887,,A,,,,,,,,2,
DATAFLOW,OECD.SDD.TPS:DSD_PRICES@DF_PRICES_ALL(1.0),,I,USA,,Q,,N,,CPI,,PA,,_T,,N,,GY,,2018-Q3,,2.64094,,A,,,,,,,,2,
DATAFLOW,OECD.SDD.TPS:DSD_PRICES@DF_PRICES_ALL(1.0),,I,USA,,Q,,N,,CPI,,PA,,_T,,N,,GY,,2018-Q4,,2.203131,,A,,,,,,,,2,
DATAFLOW,OECD.SDD.TPS:DSD_PRICES@DF_PRICES_ALL(1.0),,I,USA,,Q,,N,,CPI,,PA,,_T,,N,,GY,,2019-Q1,,1.644936,,A,,,,,,,,2,
DATAFLOW,OECD.SDD.TPS:DSD_PRICES@DF_PRICES_ALL(1.0),,I,USA,,Q,,N,,CPI,,PA,,_T,,N,,GY,,2019-Q2,,1.811376,,A,,,,,,,,2,
DATAFLOW,OECD.SDD.TPS:DSD_PRICES@DF_PRICES_ALL(1.0),,I,USA,,Q,,N,,CPI,,PA,,_T,,N,,GY,,2019-Q3,,1.757488,,A,,,,,,,,2,
DATAFLOW,OECD.SDD.TPS:DSD_PRICES@DF_PRICES_ALL(1.0),,I,USA,,Q,,N,,CPI,,PA,,_T,,N,,GY,,2019-Q4,,2.032914,,A,,,,,,,,2,
DATAFLOW,OECD.SDD.TPS:DSD_PRICES@DF_PRICES_ALL(1.0),,I,USA,,Q,,N,,CPI,,PA,,_T,,N,,GY,,2020-Q1,,2.118652,,A,,,,,,,,2,
DATAFLOW,OECD.SDD.TPS:DSD_PRICES@DF_PRICES_ALL(1.0),,I,USA,,Q,,N,,CPI,,PA,,_T,,N,,GY,,2020-Q2,,0.3642956,,A,,,,,,,,2,
DATAFLOW,OECD.SDD.TPS:DSD_PRICES@DF_PRICES_ALL(1.0),,I,USA,,Q,,N,,CPI,,PA,,_T,,N,,GY,,2020-Q3,,1.222386,,A,,,,,,,,2,
DATAFLOW,OECD.SDD.TPS:DSD_PRICES@DF_PRICES_ALL(1.0),,I,USA,,Q,,N,,CPI,,PA,,_T,,N,,GY,,2020-Q4,,1.239488,,A,,,,,,,,2,
DATAFLOW,OECD.SDD.TPS:DSD_PRICES@DF_PRICES_ALL(1.0),,I,USA,,Q,,N,,CPI,,PA,,_T,,N,,GY,,2021-Q1,,1.898514,,A,,,,,,,,2,
DATAFLOW,OECD.SDD.TPS:DSD_PRICES@DF_PRICES_ALL(1.0),,I,USA,,Q,,N,,CPI,,PA,,_T,,N,,GY,,2021-Q2,,4.848945,,A,,,,,,,,2,
DATAFLOW,OECD.SDD.TPS:DSD_PRICES@DF_PRICES_ALL(1.0),,I,USA,,Q,,N,,CPI,,PA,,_T,,N,,GY,,2021-Q3,,5.335693,,A,,,,,,,,2,
DATAFLOW,OECD.SDD.TPS:DSD_PRICES@DF_PRICES_ALL(1.0),,I,USA,,Q,,N,,CPI,,PA,,_T,,N,,GY,,2021-Q4,,6.689106,,A,,,,,,,,2,
DATAFLOW,OECD.SDD.TPS:DSD_PRICES@DF_PRICES_ALL(1.0),,I,USA,,Q,,N,,CPI,,PA,,_T,,N,,GY,,2022-Q1,,7.966707,,A,,,,,,,,2,
DATAFLOW,OECD.SDD.TPS:DSD_PRICES@DF_PRICES_ALL(1.0),,I,USA,,Q,,N,,CPI,,PA,,_T,,N,,GY,,2022-Q2,,8.635612,,A,,,,,,,,2,
DATAFLOW,OECD.SDD.TPS:DSD_PRICES@DF_PRICES_ALL(1.0),,I,USA,,Q,,N,,CPI,,PA,,_T,,N,,GY,,2022-Q3,,8.329475,,A,,,,,,,,2,
DATAFLOW,OECD.SDD.TPS:DSD_PRICES@DF_PRICES_ALL(1.0),,I,USA,,Q,,N,,CPI,,PA,,_T,,N,,GY,,2022-Q4,,7.101672,,A,,,,,,,,2,
DATAFLOW,OECD.SDD.TPS:DSD_PRICES@DF_PRICES_ALL(1.0),,I,USA,,Q,,N,,CPI,,PA,,_T,,N,,GY,,2023-Q1,,5.80477,,A,,,,,,,,2,
DATAFLOW,OECD.SDD.TPS:DSD_PRICES@DF_PRICES_ALL(1.0),,I,USA,,Q,,N,,CPI,,PA,,_T,,N,,GY,,2023-Q2,,3.974292,,A,,,,,,,,2,
DATAFLOW,OECD.SDD.TPS:DSD_PRICES@DF_PRICES_ALL(1.0),,I,USA,,Q,,N,,CPI,,PA,,_T,,N,,GY,,2023-Q3,,3.51429,,A,,,,,,,,2,
DATAFLOW,OECD.SDD.TPS:DSD_PRICES@DF_PRICES_ALL(1.0),,I,USA,,Q,,N,,CPI,,PA,,_T,,N,,GY,,2023-Q4,,3.243401,,A,,,,,,,,2,
DATAFLOW,OECD.SDD.TPS:DSD_PRICES@DF_PRICES_ALL(1.0),,I,USA,,Q,,N,,CPI,,PA,,_T,,N,,GY,,2024-Q1,,3.241019,,A,,,,,,,,2,
DATAFLOW,OECD.SDD.TPS:DSD_PRICES@DF_PRICES_ALL(1.0),,I,USA,,Q,,N,,CPI,,PA,,_T,,N,,GY,,2024-Q2,,3.198886,,A,,,,,,,,2,
DATAFLOW,OECD.SDD.TPS:DSD_PRICES@DF_PRICES_ALL(1.0),,I,USA,,Q,,N,,CPI,,PA,,_T,,N,,GY,,2024-Q3,,2.621493,,A,,,,,,,,2,
DATAFLOW,OECD.SDD.TPS:DSD_PRICES@DF_PRICES_ALL(1.0),,I,USA,,Q,,N,,CPI,,PA,,_T,,N,,GY,,2024-Q4,,2.744968,,A,,,,,,,,2,
DATAFLOW,OECD.SDD.TPS:DSD_PRICES@DF_PRICES_ALL(1.0),,I,USA,,Q,,N,,CPI,,PA,,_T,,N,,GY,,2025-Q1,,2.7363,,A,,,,,,,,2,
DATAFLOW,OECD.SDD.TPS:DSD_PRICES@DF_PRICES_ALL(1.0),,I,USA,,Q,,N,,CPI,,PA,,_T,,N,,GY,,2025-Q2,,2.445232,,A,,,,,,,,2,
DATAFLOW,OECD.SDD.TPS:DSD_PRICES@DF_PRICES_ALL(1.0),,I,USA,,Q,,N,,CPI,,PA,,_T,,N,,GY,,2025-Q3,,2.878037,,A,,,,,,,,2,
DATAFLOW,OECD.SDD.TPS:DSD_PRICES@DF_PRICES_ALL(1.0),,I,USA,,Q,,N,,CPI,,PA,,_T,,N,,GY,,2026-Q1,,2.686524,,A,,,,,,,,2,
DATAFLOW,OECD.SDD.TPS:DSD_PRICES@DF_PRICES_ALL(1.0),,I,LUX,,Q,,N,,CPI,,PA,,_T,,N,,GY,,1996-Q3,,1.213592,,A,,,,,,,,2,
DATAFLOW,OECD.SDD.TPS:DSD_PRICES@DF_PRICES_ALL(1.0),,I,LUX,,Q,,N,,CPI,,PA,,_T,,N,,GY,,1996-Q4,,1.30686,,A,,,,,,,,2,
DATAFLOW,OECD.SDD.TPS:DSD_PRICES@DF_PRICES_ALL(1.0),,I,LUX,,Q,,N,,CPI,,PA,,_T,,N,,GY,,1997-Q1,,1.376792,,A,,,,,,,,2,
DATAFLOW,OECD.SDD.TPS:DSD_PRICES@DF_PRICES_ALL(1.0),,I,LUX,,Q,,N,,CPI,,PA,,_T,,N,,GY,,1997-Q2,,1.08449,,A,,,,,,,,2,
DATAFLOW,OECD.SDD.TPS:DSD_PRICES@DF_PRICES_ALL(1.0),,I,LUX,,Q,,N,,CPI,,PA,,_T,,N,,GY,,1997-Q3,,1.44218,,A,,,,,,,,2,
DATAFLOW,OECD.SDD.TPS:DSD_PRICES@DF_PRICES_ALL(1.0),,I,LUX,,Q,,N,,CPI,,PA,,_T,,N,,GY,,1997-Q4,,1.565246,,A,,,,,,,,2,
DATAFLOW,OECD.SDD.TPS:DSD_PRICES@DF_PRICES_ALL(1.0),,I,LUX,,Q,,N,,CPI,,PA,,_T,,N,,GY,,1998-Q1,,1.272181,,A,,,,,,,,2,
DATAFLOW,OECD.SDD.TPS:DSD_PRICES@DF_PRICES_ALL(1.0),,I,LUX,,Q,,N,,CPI,,PA,,_T,,N,,GY,,1998-Q2,,1.181791,,A,,,,,,,,2,
DATAFLOW,OECD.SDD.TPS:DSD_PRICES@DF_PRICES_ALL(1.0),,I,LUX,,Q,,N,,CPI,,PA,,_T,,N,,GY,,1998-Q3,,0.9455954,,A,,,,,,,,2,
DATAFLOW,OECD.SDD.TPS:DSD_PRICES@DF_PRICES_ALL(1.0),,I,LUX,,Q,,N,,CPI,,PA,,_T,,N,,GY,,1998-Q4,,0.4407875,,A,,,,,,,,2,
DATAFLOW,OECD.SDD.TPS:DSD_PRICES@DF_PRICES_ALL(1.0),,I,LUX,,Q,,N,,CPI,,PA,,_T,,N,,GY,,1999-Q1,,-0.0880971,,A,,,,,,,,2,
DATAFLOW,OECD.SDD.TPS:DSD_PRICES@DF_PRICES_ALL(1.0),,I,LUX,,Q,,N,,CPI,,PA,,_T,,N,,GY,,1999-Q2,,1.239764,,A,,,,,,,,2,
DATAFLOW,OECD.SDD.TPS:DSD_PRICES@DF_PRICES_ALL(1.0),,I,LUX,,Q,,N,,CPI,,PA,,_T,,N,,GY,,1999-Q3,,0.9042121,,A,,,,,,,,2,
DATAFLOW,OECD.SDD.TPS:DSD_PRICES@DF_PRICES_ALL(1.0),,I,LUX,,Q,,N,,CPI,,PA,,_T,,N,,GY,,1999-Q4,,2.04148,,A,,,,,,,,2,
DATAFLOW,OECD.SDD.TPS:DSD_PRICES@DF_PRICES_ALL(1.0),,I,LUX,,Q,,N,,CPI,,PA,,_T,,N,,GY,,2000-Q1,,2.896705,,A,,,,,,,,2,
DATAFLOW,OECD.SDD.TPS:DSD_PRICES@DF_PRICES_ALL(1.0),,I,LUX,,Q,,N,,CPI,,PA,,_T,,N,,GY,,2000-Q2,,2.842319,,A,,,,,,,,2,
DATAFLOW,OECD.SDD.TPS:DSD_PRICES@DF_PRICES_ALL(1.0),,I,LUX,,Q,,N,,CPI,,PA,,_T,,N,,GY,,2000-Q3,,3.333011,,A,,,,,,,,2,
DATAFLOW,OECD.SDD.TPS:DSD_PRICES@DF_PRICES_ALL(1.0),,I,LUX,,Q,,N,,CPI,,PA,,_T,,N,,GY,,2000-Q4,,3.523415,,A,,,,,,,,2,
DATAFLOW,OECD.SDD.TPS:DSD_PRICES@DF_PRICES_ALL(1.0),,I,LUX,,Q,,N,,CPI,,PA,,_T,,N,,GY,,2001-Q1,,2.884982,,A,,,,,,,,2,
DATAFLOW,OECD.SDD.TPS:DSD_PRICES@DF_PRICES_ALL(1.0),,I,LUX,,Q,,N,,CPI,,PA,,_T,,N,,GY,,2001-Q2,,2.998778,,A,,,,,,,,2,
DATAFLOW,OECD.SDD.TPS:DSD_PRICES@DF_PRICES_ALL(1.0),,I,LUX,,Q,,N,,CPI,,PA,,_T,,N,,GY,,2001-Q3,,2.74823,,A,,,,,,,,2,
DATAFLOW,OECD.SDD.TPS:DSD_PRICES@DF_PRICES_ALL(1.0),,I,LUX,,Q,,N,,CPI,,PA,,_T,,N,,GY,,2001-Q4,,2.037174,,A,,,,,,,,2,
DATAFLOW,OECD.SDD.TPS:DSD_PRICES@DF_PRICES_ALL(1.0),,I,LUX,,Q,,N,,CPI,,PA,,_T,,N,,GY,,2002-Q1,,2.217972,,A,,,,,,,,2,
DATAFLOW,OECD.SDD.TPS:DSD_PRICES@DF_PRICES_ALL(1.0),,I,LUX,,Q,,N,,CPI,,PA,,_T,,N,,GY,,2002-Q2,,1.916641,,A,,,,,,,,2,
DATAFLOW,OECD.SDD.TPS:DSD_PRICES@DF_PRICES_ALL(1.0),,I,LUX,,Q,,N,,CPI,,PA,,_T,,N,,GY,,2002-Q3,,1.958225,,A,,,,,,,,2,
DATAFLOW,OECD.SDD.TPS:DSD_PRICES@DF_PRICES_ALL(1.0),,I,LUX,,Q,,N,,CPI,,PA,,_T,,N,,GY,,2002-Q4,,2.204596,,A,,,,,,,,2,
DATAFLOW,OECD.SDD.TPS:DSD_PRICES@DF_PRICES_ALL(1.0),,I,LUX,,Q,,N,,CPI,,PA,,_T,,N,,GY,,2003-Q1,,2.47465,,A,,,,,,,,2,
DATAFLOW,OECD.SDD.TPS:DSD_PRICES@DF_PRICES_ALL(1.0),,I,LUX,,Q,,N,,CPI,,PA,,_T,,N,,GY,,2003-Q2,,1.970149,,A,,,,,,,,2,
DATAFLOW,OECD.SDD.TPS:DSD_PRICES@DF_PRICES_ALL(1.0),,I,LUX,,Q,,N,,CPI,,PA,,_T,,N,,GY,,2003-Q3,,1.899771,,A,,,,,,,,2,
DATAFLOW,OECD.SDD.TPS:DSD_PRICES@DF_PRICES_ALL(1.0),,I,LUX,,Q,,N,,CPI,,PA,,_T,,N,,GY,,2003-Q4,,1.861961,,A,,,,,,,,2,
DATAFLOW,OECD.SDD.TPS:DSD_PRICES@DF_PRICES_ALL(1.0),,I,LUX,,Q,,N,,CPI,,PA,,_T,,N,,GY,,2004-Q1,,1.976087,,A,,,,,,,,2,
DATAFLOW,OECD.SDD.TPS:DSD_PRICES@DF_PRICES_ALL(1.0),,I,LUX,,Q,,N,,CPI,,PA,,_T,,N,,GY,,2004-Q2,,2.344848,,A,,,,,,,,2,
DATAFLOW,OECD.SDD.TPS:DSD_PRICES@DF_PRICES_ALL(1.0),,I,LUX,,Q,,N,,CPI,,PA,,_T,,N,,GY,,2004-Q3,,2.229625,,A,,,,,,,,2,
DATAFLOW,OECD.SDD.TPS:DSD_PRICES@DF_PRICES_ALL(1.0),,I,LUX,,Q,,N,,CPI,,PA,,_T,,N,,GY,,2004-Q4,,2.349363,,A,,,,,,,,2,
DATAFLOW,OECD.SDD.TPS:DSD_PRICES@DF_PRICES_ALL(1.0),,I,LUX,,Q,,N,,CPI,,PA,,_T,,N,,GY,,2005-Q1,,2.201794,,A,,,,,,,,2,
DATAFLOW,OECD.SDD.TPS:DSD_PRICES@DF_PRICES_ALL(1.0),,I,LUX,,Q,,N,,CPI,,PA,,_T,,N,,GY,,2005-Q2,,2.344726,,A,,,,,,,,2,
DATAFLOW,OECD.SDD.TPS:DSD_PRICES@DF_PRICES_ALL(1.0),,I,LUX,,Q,,N,,CPI,,PA,,_T,,N,,GY,,2005-Q3,,2.726536,,A,,,,,,,,2,
DATAFLOW,OECD.SDD.TPS:DSD_PRICES@DF_PRICES_ALL(1.0),,I,LUX,,Q,,N,,CPI,,PA,,_T,,N,,GY,,2005-Q4,,2.672867,,A,,,,,,,,2,
DATAFLOW,OECD.SDD.TPS:DSD_PRICES@DF_PRICES_ALL(1.0),,I,LUX,,Q,,N,,CPI,,PA,,_T,,N,,GY,,2006-Q1,,2.943232,,A,,,,,,,,2,
DATAFLOW,OECD.SDD.TPS:DSD_PRICES@DF_PRICES_ALL(1.0),,I,LUX,,Q,,N,,CPI,,PA,,_T,,N,,GY,,2006-Q2,,3.081802,,A,,,,,,,,2,
DATAFLOW,OECD.SDD.TPS:DSD_PRICES@DF_PRICES_ALL(1.0),,I,LUX,,Q,,N,,CPI,,PA,,_T,,N,,GY,,2006-Q3,,2.699968,,A,,,,,,,,2,
DATAFLOW,OECD.SDD.TPS:DSD_PRICES@DF_PRICES_ALL(1.0),,I,LUX,,Q,,N,,CPI,,PA,,_T,,N,,GY,,2006-Q4,,1.953,,A,,,,,,,,2,
DATAFLOW,OECD.SDD.TPS:DSD_PRICES@DF_PRICES_ALL(1.0),,I,LUX,,Q,,N,,CPI,,PA,,_T,,N,,GY,,2007-Q1,,2.136326,,A,,,,,,,,2,
DATAFLOW,OECD.SDD.TPS:DSD_PRICES@DF_PRICES_ALL(1.0),,I,LUX,,Q,,N,,CPI,,PA,,_T,,N,,GY,,2007-Q2,,2.011517,,A,,,,,,,,2,
DATAFLOW,OECD.SDD.TPS:DSD_PRICES@DF_PRICES_ALL(1.0),,I,LUX,,Q,,N,,CPI,,PA,,_T,,N,,GY,,2007-Q3,,1.939222,,A,,,,,,,,2,
DATAFLOW,OECD.SDD.TPS:DSD_PRICES@DF_PRICES_ALL(1.0),,I,LUX,,Q,,N,,CPI,,PA,,_T,,N,,GY,,2007-Q4,,3.158557,,A,,,,,,,,2,
DATAFLOW,OECD.SDD.TPS:DSD_PRICES@DF_PRICES_ALL(1.0),,I,LUX,,Q,,N,,CPI,,PA,,_T,,N,,GY,,2008-Q1,,3.299711,,A,,,,,,,,2,
DATAFLOW,OECD.SDD.TPS:DSD_PRICES@DF_PRICES_ALL(1.0),,I,LUX,,Q,,N,,CPI,,PA,,_T,,N,,GY,,2008-Q2,,3.920507,,A,,,,,,,,2,
DATAFLOW,OECD.SDD.TPS:DSD_PRICES@DF_PRICES_ALL(1.0),,I,LUX,,Q,,N,,CPI,,PA,,_T,,N,,GY,,2008-Q3,,4.287979,,A,,,,,,,,2,
DATAFLOW,OECD.SDD.TPS:DSD_PRICES@DF_PRICES_ALL(1.0),,I,LUX,,Q,,N,,CPI,,PA,,_T,,N,,GY,,2008-Q4,,2.11622,,A,,,,,,,,2,
DATAFLOW,OECD.SDD.TPS:DSD_PRICES@DF_PRICES_ALL(1.0),,I,LUX,,Q,,N,,CPI,,PA,,_T,,N,,GY,,2009-Q1,,0.6623269,,A,,,,,,,,2,
DATAFLOW,OECD.SDD.TPS:DSD_PRICES@DF_PRICES_ALL(1.0),,I,LUX,,Q,,N,,CPI,,PA,,_T,,N,,GY,,2009-Q2,,-0.1004539,,A,,,,,,,,2,
DATAFLOW,OECD.SDD.TPS:DSD_PRICES@DF_PRICES_ALL(1.0),,I,LUX,,Q,,N,,CPI,,PA,,_T,,N,,GY,,2009-Q3,,-0.1445944,,A,,,,,,,,2,
DATAFLOW,OECD.SDD.TPS:DSD_PRICES@DF_PRICES_ALL(1.0),,I,LUX,,Q,,N,,CPI,,PA,,_T,,N,,GY,,2009-Q4,,1.064187,,A,,,,,,,,2,
DATAFLOW,OECD.SDD.TPS:DSD_PRICES@DF_PRICES_ALL(1.0),,I,LUX,,Q,,N,,CPI,,PA,,_T,,N,,GY,,2010-Q1,,1.970147,,A,,,,,,,,2,
DATAFLOW,OECD.SDD.TPS:DSD_PRICES@DF_PRICES_ALL(1.0),,I,LUX,,Q,,N,,CPI,,PA,,_T,,N,,GY,,2010-Q2,,2.208484,,A,,,,,,,,2,
DATAFLOW,OECD.SDD.TPS:DSD_PRICES@DF_PRICES_ALL(1.0),,I,LUX,,Q,,N,,CPI,,PA,,_T,,N,,GY,,2010-Q3,,2.357702,,A,,,,,,,,2,
DATAFLOW,OECD.SDD.TPS:DSD_PRICES@DF_PRICES_ALL(1.0),,I,LUX,,Q,,N,,CPI,,PA,,_T,,N,,GY,,2010-Q4,,2.553019,,A,,,,,,,,2,
DATAFLOW,OECD.SDD.TPS:DSD_PRICES@DF_PRICES_ALL(1.0),,I,LUX,,Q,,N,,CPI,,PA,,_T,,N,,GY,,2011-Q1,,3.488072,,A,,,,,,,,2,
DATAFLOW,OECD.SDD.TPS:DSD_PRICES@DF_PRICES_ALL(1.0),,I,LUX,,Q,,N,,CPI,,PA,,_T,,N,,GY,,2011-Q2,,3.614633,,A,,,,,,,,2,
DATAFLOW,OECD.SDD.TPS:DSD_PRICES@DF_PRICES_ALL(1.0),,I,LUX,,Q,,N,,CPI,,PA,,_T,,N,,GY,,2011-Q3,,3.170342,,A,,,,,,,,2,
DATAFLOW,OECD.SDD.TPS:DSD_PRICES@DF_PRICES_ALL(1.0),,I,LUX,,Q,,N,,CPI,,PA,,_T,,N,,GY,,2011-Q4,,3.372122,,A,,,,,,,,2,
DATAFLOW,OECD.SDD.TPS:DSD_PRICES@DF_PRICES_ALL(1.0),,I,LUX,,Q,,N,,CPI,,PA,,_T,,N,,GY,,2012-Q1,,2.8717,,A,,,,,,,,2,
DATAFLOW,OECD.SDD.TPS:DSD_PRICES@DF_PRICES_ALL(1.0),,I,LUX,,Q,,N,,CPI,,PA,,_T,,N,,GY,,2012-Q2,,2.549585,,A,,,,,,,,2,
DATAFLOW,OECD.SDD.TPS:DSD_PRICES@DF_PRICES_ALL(1.0),,I,LUX,,Q,,N,,CPI,,PA,,_T,,N,,GY,,2012-Q3,,2.658041,,A,,,,,,,,2,
DATAFLOW,OECD.SDD.TPS:DSD_PRICES@DF_PRICES_ALL(1.0),,I,LUX,,Q,,N,,CPI,,PA,,_T,,N,,GY,,2012-Q4,,2.575541,,A,,,,,,,,2,
DATAFLOW,OECD.SDD.TPS:DSD_PRICES@DF_PRICES_ALL(1.0),,I,LUX,,Q,,N,,CPI,,PA,,_T,,N,,GY,,2013-Q1,,2.123091,,A,,,,,,,,2,
DATAFLOW,OECD.SDD.TPS:DSD_PRICES@DF_PRICES_ALL(1.0),,I,LUX,,Q,,N,,CPI,,PA,,_T,,N,,GY,,2013-Q2,,1.810637,,A,,,,,,,,2,
DATAFLOW,OECD.SDD.TPS:DSD_PRICES@DF_PRICES_ALL(1.0),,I,LUX,,Q,,N,,CPI,,PA,,_T,,N,,GY,,2013-Q3,,1.698746,,A,,,,,,,,2,
DATAFLOW,OECD.SDD.TPS:DSD_PRICES@DF_PRICES_ALL(1.0),,I,LUX,,Q,,N,,CPI,,PA,,_T,,N,,GY,,2013-Q4,,1.311498,,A,,,,,,,,2,
DATAFLOW,OECD.SDD.TPS:DSD_PRICES@DF_PRICES_ALL(1.0),,I,LUX,,Q,,N,,CPI,,PA,,_T,,N,,GY,,2014-Q1,,1.075086,,A,,,,,,,,2,
DATAFLOW,OECD.SDD.TPS:DSD_PRICES@DF_PRICES_ALL(1.0),,I,LUX,,Q,,N,,CPI,,PA,,_T,,N,,GY,,2014-Q2,,0.8892182,,A,,,,,,,,2,
DATAFLOW,OECD.SDD.TPS:DSD_PRICES@DF_PRICES_ALL(1.0),,I,LUX,,Q,,N,,CPI,,PA,,_T,,N,,GY,,2014-Q3,,0.6364922,,A,,,,,,,,2,
DATAFLOW,OECD.SDD.TPS:DSD_PRICES@DF_PRICES_ALL(1.0),,I,SWE,,Q,,N,,CPI,,PA,,_T,,N,,GY,,1996-Q3,,0.1618926,,A,,,,,,,,2,
DATAFLOW,OECD.SDD.TPS:DSD_PRICES@DF_PRICES_ALL(1.0),,I,SWE,,Q,,N,,CPI,,PA,,_T,,N,,GY,,1996-Q4,,-0.245547,,A,,,,,,,,2,
DATAFLOW,OECD.SDD.TPS:DSD_PRICES@DF_PRICES_ALL(1.0),,I,SWE,,Q,,N,,CPI,,PA,,_T,,N,,GY,,1997-Q1,,-0.1847419,,A,,,,,,,,2,
DATAFLOW,OECD.SDD.TPS:DSD_PRICES@DF_PRICES_ALL(1.0),,I,SWE,,Q,,N,,CPI,,PA,,_T,,N,,GY,,1997-Q2,,0.1904268,,A,,,,,,,,2,
DATAFLOW,OECD.SDD.TPS:DSD_PRICES@DF_PRICES_ALL(1.0),,I,SWE,,Q,,N,,CPI,,PA,,_T,,N,,GY,,1997-Q3,,1.064939,,A,,,,,,,,2,
DATAFLOW,OECD.SDD.TPS:DSD_PRICES@DF_PRICES_ALL(1.0),,I,SWE,,Q,,N,,CPI,,PA,,_T,,N,,GY,,1997-Q4,,1.566773,,A,,,,,,,,2,
DATAFLOW,OECD.SDD.TPS:DSD_PRICES@DF_PRICES_ALL(1.0),,I,SWE,,Q,,N,,CPI,,PA,,_T,,N,,GY,,1998-Q1,,0.5487344,,A,,,,,,,,2,
DATAFLOW,OECD.SDD.TPS:DSD_PRICES@DF_PRICES_ALL(1.0),,I,SWE,,Q,,N,,CPI,,PA,,_T,,N,,GY,,1998-Q2,,0.1344677,,A,,,,,,,,2,
DATAFLOW,OECD.SDD.TPS:DSD_PRICES@DF_PRICES_ALL(1.0),,I,SWE,,Q,,N,,CPI,,PA,,_T,,N,,GY,,1998-Q3,,-0.625524,,A,,,,,,,,2,
DATAFLOW,OECD.SDD.TPS:DSD_PRICES@DF_PRICES_ALL(1.0),,I,SWE,,Q,,N,,CPI,,PA,,_T,,N,,GY,,1998-Q4,,-1.111752,,A,,,,,,,,2,
DATAFLOW,OECD.SDD.TPS:DSD_PRICES@DF_PRICES_ALL(1.0),,I,SWE,,Q,,N,,CPI,,PA,,_T,,N,,GY,,1999-Q1,,-0.0635184,,A,,,,,,,,2,
DATAFLOW,OECD.SDD.TPS:DSD_PRICES@DF_PRICES_ALL(1.0),,I,SWE,,Q,,N,,CPI,,PA,,_T,,N,,GY,,1999-Q2,,0.1898097,,A,,,,,,,,2,
DATAFLOW,OECD.SDD.TPS:DSD_PRICES@DF_PRICES_ALL(1.0),,I,SWE,,Q,,N,,CPI,,PA,,_T,,N,,GY,,1999-Q3,,0.6645036,,A,,,,,,,,2,
DATAFLOW,OECD.SDD.TPS:DSD_PRICES@DF_PRICES_ALL(1.0),,I,SWE,,Q,,N,,CPI,,PA,,_T,,N,,GY,,1999-Q4,,1.059415,,A,,,,,,,,2,
DATAFLOW,OECD.SDD.TPS:DSD_PRICES@DF_PRICES_ALL(1.0),,I,SWE,,Q,,N,,CPI,,PA,,_T,,N,,GY,,2000-Q1,,0.804213,,A,,,,,,,,2,
DATAFLOW,OECD.SDD.TPS:DSD_PRICES@DF_PRICES_ALL(1.0),,I,SWE,,Q,,N,,CPI,,PA,,_T,,N,,GY,,2000-Q2,,0.8570361,,A,,,,,,,,2,
DATAFLOW,OECD.SDD.TPS:DSD_PRICES@DF_PRICES_ALL(1.0),,I,SWE,,Q,,N,,CPI,,PA,,_T,,N,,GY,,2000-Q3,,0.8483536,,A,,,,,,,,2,
DATAFLOW,OECD.SDD.TPS:DSD_PRICES@DF_PRICES_ALL(1.0),,I,SWE,,Q,,N,,CPI,,PA,,_T,,N,,GY,,2000-Q4,,1.08552,,A,,,,,,,,2,
DATAFLOW,OECD.SDD.TPS:DSD_PRICES@DF_PRICES_ALL(1.0),,I,SWE,,Q,,N,,CPI,,PA,,_T,,N,,GY,,2001-Q1,,1.518388,,A,,,,,,,,2,
DATAFLOW,OECD.SDD.TPS:DSD_PRICES@DF_PRICES_ALL(1.0),,I,SWE,,Q,,N,,CPI,,PA,,_T,,N,,GY,,2001-Q2,,2.724322,,A,,,,,,,,2,
DATAFLOW,OECD.SDD.TPS:DSD_PRICES@DF_PRICES_ALL(1.0),,I,SWE,,Q,,N,,CPI,,PA,,_T,,N,,GY,,2001-Q3,,2.83687,,A,,,,,,,,2,
DATAFLOW,OECD.SDD.TPS:DSD_PRICES@DF_PRICES_ALL(1.0),,I,SWE,,Q,,N,,CPI,,PA,,_T,,N,,GY,,2001-Q4,,2.537414,,A,,,,,,,,2,
DATAFLOW,OECD.SDD.TPS:DSD_PRICES@DF_PRICES_ALL(1.0),,I,SWE,,Q,,N,,CPI,,PA,,_T,,N,,GY,,2002-Q1,,2.670672,,A,,,,,,,,2,
DATAFLOW,OECD.SDD.TPS:DSD_PRICES@DF_PRICES_ALL(1.0),,I,SWE,,Q,,N,,CPI,,PA,,_T,,N,,GY,,2002-Q2,,1.980346,,A,,,,,,,,2,
DATAFLOW,OECD.SDD.TPS:DSD_PRICES@DF_PRICES_ALL(1.0),,I,SWE,,Q,,N,,CPI,,PA,,_T,,N,,GY,,2002-Q3,,1.841147,,A,,,,,,,,2,
DATAFLOW,OECD.SDD.TPS:DSD_PRICES@DF_PRICES_ALL(1.0),,I,SWE,,Q,,N,,CPI,,PA,,_T,,N,,GY,,2002-Q4,,2.151523,,A,,,,,,,,2,
DATAFLOW,OECD.SDD.TPS:DSD_PRICES@DF_PRICES_ALL(1.0),,I,SWE,,Q,,N,,CPI,,PA,,_T,,N,,GY,,2003-Q1,,2.985148,,A,,,,,,,,2,
DATAFLOW,OECD.SDD.TPS:DSD_PRICES@DF_PRICES_ALL(1.0),,I,SWE,,Q,,N,,CPI,,PA,,_T,,N,,GY,,2003-Q2,,1.862604,,A,,,,,,,,2,
DATAFLOW,OECD.SDD.TPS:DSD_PRICES@DF_PRICES_ALL(1.0),,I,SWE,,Q,,N,,CPI,,PA,,_T,,N,,GY,,2003-Q3,,1.585693,,A,,,,,,,,2,
DATAFLOW,OECD.SDD.TPS:DSD_PRICES@DF_PRICES_ALL(1.0),,I,SWE,,Q,,N,,CPI,,PA,,_T,,N,,GY,,2003-Q4,,1.28578,,A,,,,,,,,2,
DATAFLOW,OECD.SDD.TPS:DSD_PRICES@DF_PRICES_ALL(1.0),,I,SWE,,Q,,N,,CPI,,PA,,_T,,N,,GY,,2004-Q1,,0.05274578,,A,,,,,,,,2,
DATAFLOW,OECD.SDD.TPS:DSD_PRICES@DF_PRICES_ALL(1.0),,I,SWE,,Q,,N,,CPI,,PA,,_T,,N,,GY,,2004-Q2,,0.4059443,,A,,,,,,,,2,
DATAFLOW,OECD.SDD.TPS:DSD_PRICES@DF_PRICES_ALL(1.0),,I,SWE,,Q,,N,,CPI,,PA,,_T,,N,,GY,,2004-Q3,,0.5587666,,A,,,,,,,,2,
DATAFLOW,OECD.SDD.TPS:DSD_PRICES@DF_PRICES_ALL(1.0),,I,SWE,,Q,,N,,CPI,,PA,,_T,,N,,GY,,2004-Q4,,0.4773926,,A,,,,,,,,2,
DATAFLOW,OECD.SDD.TPS:DSD_PRICES@DF_PRICES_ALL(1.0),,I,SWE,,Q,,N,,CPI,,PA,,_T,,N,,GY,,2005-Q1,,0.264788,,A,,,,,,,,2,
DATAFLOW,OECD.SDD.TPS:DSD_PRICES@DF_PRICES_ALL(1.0),,I,LTU,,Q,,N,,CPI,,PA,,_T,,N,,GY,,1996-Q3,,23.83065,,A,,,,,,,,2,
DATAFLOW,OECD.SDD.TPS:DSD_PRICES@DF_PRICES_ALL(1.0),,I,LTU,,Q,,N,,CPI,,PA,,_T,,N,,GY,,1996-Q4,,15.51833,,A,,,,,,,,2,
DATAFLOW,OECD.SDD.TPS:DSD_PRICES@DF_PRICES_ALL(1.0),,I,LTU,,Q,,N,,CPI,,PA,,_T,,N,,GY,,1997-Q1,,10.53683,,A,,,,,,,,2,
DATAFLOW,OECD.SDD.TPS:DSD_PRICES@DF_PRICES_ALL(1.0),,I,LTU,,Q,,N,,CPI,,PA,,_T,,N,,GY,,1997-Q2,,7.597442,,A,,,,,,,,2,
DATAFLOW,OECD.SDD.TPS:DSD_PRICES@DF_PRICES_ALL(1.0),,I,LTU,,Q,,N,,CPI,,PA,,_T,,N,,GY,,1997-Q3,,8.694349,,A,,,,,,,,2,
DATAFLOW,OECD.SDD.TPS:DSD_PRICES@DF_PRICES_ALL(1.0),,I,LTU,,Q,,N,,CPI,,PA,,_T,,N,,GY,,1997-Q4,,8.762081,,A,,,,,,,,2,
DATAFLOW,OECD.SDD.TPS:DSD_PRICES@DF_PRICES_ALL(1.0),,I,LTU,,Q,,N,,CPI,,PA,,_T,,N,,GY,,1998-Q1,,6.509316,,A,,,,,,,,2,
DATAFLOW,OECD.SDD.TPS:DSD_PRICES@DF_PRICES_ALL(1.0),,I,LTU,,Q,,N,,CPI,,PA,,_T,,N,,GY,,1998-Q2,,6.533073,,A,,,,,,,,2,
DATAFLOW,OECD.SDD.TPS:DSD_PRICES@DF_PRICES_ALL(1.0),,I,LTU,,Q,,N,,CPI,,PA,,_T,,N,,GY,,1998-Q3,,4.385894,,A,,,,,,,,2,
DATAFLOW,OECD.SDD.TPS:DSD_PRICES@DF_PRICES_ALL(1.0),,I,LTU,,Q,,N,,CPI,,PA,,_T,,N,,GY,,1998-Q4,,2.935671,,A,,,,,,,,2,
DATAFLOW,OECD.SDD.TPS:DSD_PRICES@DF_PRICES_ALL(1.0),,I,LTU,,Q,,N,,CPI,,PA,,_T,,N,,GY,,1999-Q1,,1.827089,,A,,,,,,,,2,
DATAFLOW,OECD.SDD.TPS:DSD_PRICES@DF_PRICES_ALL(1.0),,I,LTU,,Q,,N,,CPI,,PA,,_T,,N,,GY,,1999-Q2,,0.4578237,,A,,,,,,,,2,
DATAFLOW,OECD.SDD.TPS:DSD_PRICES@DF_PRICES_ALL(1.0),,I,LTU,,Q,,N,,CPI,,PA,,_T,,N,,GY,,1999-Q3,,0.4293415,,A,,,,,,,,2,
DATAFLOW,OECD.SDD.TPS:DSD_PRICES@DF_PRICES_ALL(1.0),,I,LTU,,Q,,N,,CPI,,PA,,_T,,N,,GY,,1999-Q4,,0.2057925,,A,,,,,,,,2,
DATAFLOW,OECD.SDD.TPS:DSD_PRICES@DF_PRICES_ALL(1.0),,I,LTU,,Q,,N,,CPI,,PA,,_T,,N,,GY,,2000-Q1,,0.8319426,,A,,,,,,,,2,
DATAFLOW,OECD.SDD.TPS:DSD_PRICES@DF_PRICES_ALL(1.0),,I,LTU,,Q,,N,,CPI,,PA,,_T,,N,,GY,,2000-Q2,,0.8310902,,A,,,,,,,,2,
DATAFLOW,OECD.SDD.TPS:DSD_PRICES@DF_PRICES_ALL(1.0),,I,LTU,,Q,,N,,CPI,,PA,,_T,,N,,GY,,2000-Q3,,0.8912231,,A,,,,,,,,2,
DATAFLOW,OECD.SDD.TPS:DSD_PRICES@DF_PRICES_ALL(1.0),,I,LTU,,Q,,N,,CPI,,PA,,_T,,N,,GY,,2000-Q4,,1.374526,,A,,,,,,,,2,
DATAFLOW,OECD.SDD.TPS:DSD_PRICES@DF_PRICES_ALL(1.0),,I,LTU,,Q,,N,,CPI,,PA,,_T,,N,,GY,,2001-Q1,,0.0645517,,A,,,,,,,,2,
DATAFLOW,OECD.SDD.TPS:DSD_PRICES@DF_PRICES_ALL(1.0),,I,LTU,,Q,,N,,CPI,,PA,,_T,,N,,GY,,2001-Q2,,1.395876,,A,,,,,,,,2,
DATAFLOW,OECD.SDD.TPS:DSD_PRICES@DF_PRICES_ALL(1.0),,I,LTU,,Q,,N,,CPI,,PA,,_T,,N,,GY,,2001-Q3,,1.92439,,A,,,,,,,,2,
DATAFLOW,OECD.SDD.TPS:DSD_PRICES@DF_PRICES_ALL(1.0),,I,LTU,,Q,,N,,CPI,,PA,,_T,,N,,GY,,2001-Q4,,2.088639,,A,,,,,,,,2,
DATAFLOW,OECD.SDD.TPS:DSD_PRICES@DF_PRICES_ALL(1.0),,I,LTU,,Q,,N,,CPI,,PA,,_T,,N,,GY,,2002-Q1,,2.574634,,A,,,,,,,,2,
DATAFLOW,OECD.SDD.TPS:DSD_PRICES@DF_PRICES_ALL(1.0),,I,LTU,,Q,,N,,CPI,,PA,,_T,,N,,GY,,2002-Q2,,0.4572078,,A,,,,,,,,2,
DATAFLOW,OECD.SDD.TPS:DSD_PRICES@DF_PRICES_ALL(1.0),,I,LTU,,Q,,N,,CPI,,PA,,_T,,N,,GY,,2002-Q3,,-0.8349231,,A,,,,,,,,2,
DATAFLOW,OECD.SDD.TPS:DSD_PRICES@DF_PRICES_ALL(1.0),,I,LTU,,Q,,N,,CPI,,PA,,_T,,N,,GY,,2002-Q4,,-1.03533,,A,,,,,,,,2,
DATAFLOW,OECD.SDD.TPS:DSD_PRICES@DF_PRICES_ALL(1.0),,I,LTU,,Q,,N,,CPI,,PA,,_T,,N,,GY,,2003-Q1,,-1.673215,,A,,,,,,,,2,
DATAFLOW,OECD.SDD.TPS:DSD_PRICES@DF_PRICES_ALL(1.0),,I,LTU,,Q,,N,,CPI,,PA,,_T,,N,,GY,,2003-Q2,,-0.7217053,,A,,,,,,,,2,
DATAFLOW,OECD.SDD.TPS:DSD_PRICES@DF_PRICES_ALL(1.0),,I,LTU,,Q,,N,,CPI,,PA,,_T,,N,,GY,,2003-Q3,,-0.9248416,,A,,,,,,,,2,
DATAFLOW,OECD.SDD.TPS:DSD_PRICES@DF_PRICES_ALL(1.0),,I,LTU,,Q,,N,,CPI,,PA,,_T,,N,,GY,,2003-Q4,,-1.210784,,A,,,,,,,,2,
DATAFLOW,OECD.SDD.TPS:DSD_PRICES@DF_PRICES_ALL(1.0),,I,LTU,,Q,,N,,CPI,,PA,,_T,,N,,GY,,2004-Q1,,-1.207348,,A,,,,,,,,2,
DATAFLOW,OECD.SDD.TPS:DSD_PRICES@DF_PRICES_ALL(1.0),,I,LTU,,Q,,N,,CPI,,PA,,_T,,N,,GY,,2004-Q2,,0.4811572,,A,,,,,,,,2,
DATAFLOW,OECD.SDD.TPS:DSD_PRICES@DF_PRICES_ALL(1.0),,I,LTU,,Q,,N,,CPI,,PA,,_T,,N,,GY,,2004-Q3,,2.411384,,A,,,,,,,,2,
DATAFLOW,OECD.SDD.TPS:DSD_PRICES@DF_PRICES_ALL(1.0),,I,LTU,,Q,,N,,CPI,,PA,,_T,,N,,GY,,2004-Q4,,3.013255,,A,,,,,,,,2,
DATAFLOW,OECD.SDD.TPS:DSD_PRICES@DF_PRICES_ALL(1.0),,I,LTU,,Q,,N,,CPI,,PA,,_T,,N,,GY,,2005-Q1,,3.151504,,A,,,,,,,,2,
DATAFLOW,OECD.SDD.TPS:DSD_PRICES@DF_PRICES_ALL(1.0),,I,LTU,,Q,,N,,CPI,,PA,,_T,,N,,GY,,2005-Q2,,2.352738,,A,,,,,,,,2,
DATAFLOW,OECD.SDD.TPS:DSD_PRICES@DF_PRICES_ALL(1.0),,I,LTU,,Q,,N,,CPI,,PA,,_T,,N,,GY,,2005-Q3,,2.198059,,A,,,,,,,,2,
DATAFLOW,OECD.SDD.TPS:DSD_PRICES@DF_PRICES_ALL(1.0),,I,LTU,,Q,,N,,CPI,,PA,,_T,,N,,GY,,2005-Q4,,2.939513,,A,,,,,,,,2,
DATAFLOW,OECD.SDD.TPS:DSD_PRICES@DF_PRICES_ALL(1.0),,I,LTU,,Q,,N,,CPI,,PA,,_T,,N,,GY,,2006-Q1,,3.304032,,A,,,,,,,,2,
DATAFLOW,OECD.SDD.TPS:DSD_PRICES@DF_PRICES_ALL(1.0),,I,LTU,,Q,,N,,CPI,,PA,,_T,,N,,GY,,2006-Q2,,3.578945,,A,,,,,,,,2,
DATAFLOW,OECD.SDD.TPS:DSD_PRICES@DF_PRICES_ALL(1.0),,I,LTU,,Q,,N,,CPI,,PA,,_T,,N,,GY,,2006-Q3,,3.90992,,A,,,,,,,,2,
DATAFLOW,OECD.SDD.TPS:DSD_PRICES@DF_PRICES_ALL(1.0),,I,LTU,,Q,,N,,CPI,,PA,,_T,,N,,GY,,2006-Q4,,4.151933,,A,,,,,,,,2,
DATAFLOW,OECD.SDD.TPS:DSD_PRICES@DF_PRICES_ALL(1.0),,I,LTU,,Q,,N,,CPI,,PA,,_T,,N,,GY,,2007-Q1,,4.323318,,A,,,,,,,,2,
DATAFLOW,OECD.SDD.TPS:DSD_PRICES@DF_PRICES_ALL(1.0),,I,LTU,,Q,,N,,CPI,,PA,,_T,,N,,GY,,2007-Q2,,4.834918,,A,,,,,,,,2,
DATAFLOW,OECD.SDD.TPS:DSD_PRICES@DF_PRICES_ALL(1.0),,I,LTU,,Q,,N,,CPI,,PA,,_T,,N,,GY,,2007-Q3,,5.879866,,A,,,,,,,,2,
DATAFLOW,OECD.SDD.TPS:DSD_PRICES@DF_PRICES_ALL(1.0),,I,LTU,,Q,,N,,CPI,,PA,,_T,,N,,GY,,2007-Q4,,7.845492,,A,,,,,,,,2,
DATAFLOW,OECD.SDD.TPS:DSD_PRICES@DF_PRICES_ALL(1.0),,I,LTU,,Q,,N,,CPI,,PA,,_T,,N,,GY,,2008-Q1,,10.63294,,A,,,,,,,,2,
DATAFLOW,OECD.SDD.TPS:DSD_PRICES@DF_PRICES_ALL(1.0),,I,LTU,,Q,,N,,CPI,,PA,,_T,,N,,GY,,2008-Q2,,12.06408,,A,,,,,,,,2,
DATAFLOW,OECD.SDD.TPS:DSD_PRICES@DF_PRICES_ALL(1.0),,I,LTU,,Q,,N,,CPI,,PA,,_T,,N,,GY,,2008-Q3,,11.72869,,A,,,,,,,,2,
DATAFLOW,OECD.SDD.TPS:DSD_PRICES@DF_PRICES_ALL(1.0),,I,LTU,,Q,,N,,CPI,,PA,,_T,,N,,GY,,2008-Q4,,9.340973,,A,,,,,,,,2,
DATAFLOW,OECD.SDD.TPS:DSD_PRICES@DF_PRICES_ALL(1.0),,I,LTU,,Q,,N,,CPI,,PA,,_T,,N,,GY,,2009-Q1,,8.664118,,A,,,,,,,,2,
DATAFLOW,OECD.SDD.TPS:DSD_PRICES@DF_PRICES_ALL(1.0),,I,LTU,,Q,,N,,CPI,,PA,,_T,,N,,GY,,2009-Q2,,5.234932,,A,,,,,,,,2,
DATAFLOW,OECD.SDD.TPS:DSD_PRICES@DF_PRICES_ALL(1.0),,I,LTU,,Q,,N,,CPI,,PA,,_T,,N,,GY,,2009-Q3,,2.781929,,A,,,,,,,,2,
DATAFLOW,OECD.SDD.TPS:DSD_PRICES@DF_PRICES_ALL(1.0),,I,LTU,,Q,,N,,CPI,,PA,,_T,,N,,GY,,2009-Q4,,1.359525,,A,,,,,,,,2,
DATAFLOW,OECD.SDD.TPS:DSD_PRICES@DF_PRICES_ALL(1.0),,I,LTU,,Q,,N,,CPI,,PA,,_T,,N,,GY,,2010-Q1,,-0.2715718,,A,,,,,,,,2,
DATAFLOW,OECD.SDD.TPS:DSD_PRICES@DF_PRICES_ALL(1.0),,I,LTU,,Q,,N,,CPI,,PA,,_T,,N,,GY,,2010-Q2,,0.6684003,,A,,,,,,,,2,
DATAFLOW,OECD.SDD.TPS:DSD_PRICES@DF_PRICES_ALL(1.0),,I,LTU,,Q,,N,,CPI,,PA,,_T,,N,,GY,,2010-Q3,,1.83015,,A,,,,,,,,2,
DATAFLOW,OECD.SDD.TPS:DSD_PRICES@DF_PRICES_ALL(1.0),,I,LTU,,Q,,N,,CPI,,PA,,_T,,N,,GY,,2010-Q4,,3.078788,,A,,,,,,,,2,
DATAFLOW,OECD.SDD.TPS:DSD_PRICES@DF_PRICES_ALL(1.0),,I,LTU,,Q,,N,,CPI,,PA,,_T,,N,,GY,,2011-Q1,,3.261546,,A,,,,,,,,2,
DATAFLOW,OECD.SDD.TPS:DSD_PRICES@DF_PRICES_ALL(1.0),,I,LTU,,Q,,N,,CPI,,PA,,_T,,N,,GY,,2011-Q2,,4.760733,,A,,,,,,,,2,
DATAFLOW,OECD.SDD.TPS:DSD_PRICES@DF_PRICES_ALL(1.0),,I,LTU,,Q,,N,,CPI,,PA,,_T,,N,,GY,,2011-Q3,,4.511672,,A,,,,,,,,2,
DATAFLOW,OECD.SDD.TPS:DSD_PRICES@DF_PRICES_ALL(1.0),,I,LTU,,Q,,N,,CPI,,PA,,_T,,N,,GY,,2011-Q4,,3.981871,,A,,,,,,,,2,
DATAFLOW,OECD.SDD.TPS:DSD_PRICES@DF_PRICES_ALL(1.0),,I,LTU,,Q,,N,,CPI,,PA,,_T,,N,,GY,,2012-Q1,,3.561123,,A,,,,,,,,2,
DATAFLOW,OECD.SDD.TPS:DSD_PRICES@DF_PRICES_ALL(1.0),,I,LTU,,Q,,N,,CPI,,PA,,_T,,N,,GY,,2012-Q2,,2.735206,,A,,,,,,,,2,
DATAFLOW,OECD.SDD.TPS:DSD_PRICES@DF_PRICES_ALL(1.0),,I,LTU,,Q,,N,,CPI,,PA,,_T,,N,,GY,,2012-Q3,,3.173572,,A,,,,,,,,2,
DATAFLOW,OECD.SDD.TPS:DSD_PRICES@DF_PRICES_ALL(1.0),,I,LTU,,Q,,N,,CPI,,PA,,_T,,N,,GY,,2012-Q4,,2.901103,,A,,,,,,,,2,
DATAFLOW,OECD.SDD.TPS:DSD_PRICES@DF_PRICES_ALL(1.0),,I,LTU,,Q,,N,,CPI,,PA,,_T,,N,,GY,,2013-Q1,,2.121792,,A,,,,,,,,2,
DATAFLOW,OECD.SDD.TPS:DSD_PRICES@DF_PRICES_ALL(1.0),,I,LTU,,Q,,N,,CPI,,PA,,_T,,N,,GY,,2013-Q2,,1.26895,,A,,,,,,,,2,
DATAFLOW,OECD.SDD.TPS:DSD_PRICES@DF_PRICES_ALL(1.0),,I,LTU,,Q,,N,,CPI,,PA,,_T,,N,,GY,,2013-Q3,,0.4275975,,A,,,,,,,,2,
DATAFLOW,OECD.SDD.TPS:DSD_PRICES@DF_PRICES_ALL(1.0),,I,LTU,,Q,,N,,CPI,,PA,,_T,,N,,GY,,2013-Q4,,0.3923859,,A,,,,,,,,2,
DATAFLOW,OECD.SDD.TPS:DSD_PRICES@DF_PRICES_ALL(1.0),,I,LTU,,Q,,N,,CPI,,PA,,_T,,N,,GY,,2014-Q1,,0.1734489,,A,,,,,,,,2,
DATAFLOW,OECD.SDD.TPS:DSD_PRICES@DF_PRICES_ALL(1.0),,I,LTU,,Q,,N,,CPI,,PA,,_T,,N,,GY,,2014-Q2,,0.09012514,,A,,,,,,,,2,
DATAFLOW,OECD.SDD.TPS:DSD_PRICES@DF_PRICES_ALL(1.0),,I,LTU,,Q,,N,,CPI,,PA,,_T,,N,,GY,,2014-Q3,,0.1294258,,A,,,,,,,,2,
DATAFLOW,OECD.SDD.TPS:DSD_PRICES@DF_PRICES_ALL(1.0),,I,LTU,,Q,,N,,CPI,,PA,,_T,,N,,GY,,2014-Q4,,0.02231269,,A,,,,,,,,2,
DATAFLOW,OECD.SDD.TPS:DSD_PRICES@DF_PRICES_ALL(1.0),,I,LTU,,Q,,N,,CPI,,PA,,_T,,N,,GY,,2015-Q1,,-1.565352,,A,,,,,,,,2,
DATAFLOW,OECD.SDD.TPS:DSD_PRICES@DF_PRICES_ALL(1.0),,I,LTU,,Q,,N,,CPI,,PA,,_T,,N,,GY,,2015-Q2,,-0.6778,,A,,,,,,,,2,
DATAFLOW,OECD.SDD.TPS:DSD_PRICES@DF_PRICES_ALL(1.0),,I,LTU,,Q,,N,,CPI,,PA,,_T,,N,,GY,,2015-Q3,,-0.9252887,,A,,,,,,,,2,
DATAFLOW,OECD.SDD.TPS:DSD_PRICES@DF_PRICES_ALL(1.0),,I,LTU,,Q,,N,,CPI,,PA,,_T,,N,,GY,,2015-Q4,,-0.3695149,,A,,,,,,,,2,
DATAFLOW,OECD.SDD.TPS:DSD_PRICES@DF_PRICES_ALL(1.0),,I,LTU,,Q,,N,,CPI,,PA,,_T,,N,,GY,,2016-Q1,,0.9834111,,A,,,,,,,,2,
DATAFLOW,OECD.SDD.TPS:DSD_PRICES@DF_PRICES_ALL(1.0),,I,LTU,,Q,,N,,CPI,,PA,,_T,,N,,GY,,2016-Q2,,0.7432402,,A,,,,,,,,2,
DATAFLOW,OECD.SDD.TPS:DSD_PRICES@DF_PRICES_ALL(1.0),,I,LTU,,Q,,N,,CPI,,PA,,_T,,N,,GY,,2016-Q3,,0.7080279,,A,,,,,,,,2,
DATAFLOW,OECD.SDD.TPS:DSD_PRICES@DF_PRICES_ALL(1.0),,I,LTU,,Q,,N,,CPI,,PA,,_T,,N,,GY,,2016-Q4,,1.187191,,A,,,,,,,,2,
DATAFLOW,OECD.SDD.TPS:DSD_PRICES@DF_PRICES_ALL(1.0),,I,LTU,,Q,,N,,CPI,,PA,,_T,,N,,GY,,2017-Q1,,2.801471,,A,,,,,,,,2,
DATAFLOW,OECD.SDD.TPS:DSD_PRICES@DF_PRICES_ALL(1.0),,I,LTU,,Q,,N,,CPI,,PA,,_T,,N,,GY,,2017-Q2,,3.499655,,A,,,,,,,,2,
DATAFLOW,OECD.SDD.TPS:DSD_PRICES@DF_PRICES_ALL(1.0),,I,LTU,,Q,,N,,CPI,,PA,,_T,,N,,GY,,2017-Q3,,4.361908,,A,,,,,,,,2,
DATAFLOW,OECD.SDD.TPS:DSD_PRICES@DF_PRICES_ALL(1.0),,I,LTU,,Q,,N,,CPI,,PA,,_T,,N,,GY,,2017-Q4,,4.220893,,A,,,,,,,,2,
DATAFLOW,OECD.SDD.TPS:DSD_PRICES@DF_PRICES_ALL(1.0),,I,LTU,,Q,,N,,CPI,,PA,,_T,,N,,GY,,2018-Q1,,3.386221,,A,,,,,,,,2,
DATAFLOW,OECD.SDD.TPS:DSD_PRICES@DF_PRICES_ALL(1.0),,I,LTU,,Q,,N,,CPI,,PA,,_T,,N,,GY,,2018-Q2,,2.622683,,A,,,,,,,,2,
DATAFLOW,OECD.SDD.TPS:DSD_PRICES@DF_PRICES_ALL(1.0),,I,LTU,,Q,,N,,CPI,,PA,,_T,,N,,GY,,2018-Q3,,2.34682,,A,,,,,,,,2,
DATAFLOW,OECD.SDD.TPS:DSD_PRICES@DF_PRICES_ALL(1.0),,I,LTU,,Q,,N,,CPI,,PA,,_T,,N,,GY,,2018-Q4,,2.451321,,A,,,,,,,,2,
DATAFLOW,OECD.SDD.TPS:DSD_PRICES@DF_PRICES_ALL(1.0),,I,LTU,,Q,,N,,CPI,,PA,,_T,,N,,GY,,2019-Q1,,2.146605,,A,,,,,,,,2,
DATAFLOW,OECD.SDD.TPS:DSD_PRICES@DF_PRICES_ALL(1.0),,I,LTU,,Q,,N,,CPI,,PA,,_T,,N,,GY,,2019-Q2,,2.657704,,A,,,,,,,,2,
DATAFLOW,OECD.SDD.TPS:DSD_PRICES@DF_PRICES_ALL(1.0),,I,LTU,,Q,,N,,CPI,,PA,,_T,,N,,GY,,2019-Q3,,2.499665,,A,,,,,,,,2,
DATAFLOW,OECD.SDD.TPS:DSD_PRICES@DF_PRICES_ALL(1.0),,I,LTU,,Q,,N,,CPI,,PA,,_T,,N,,GY,,2019-Q4,,2.035179,,A,,,,,,,,2,
DATAFLOW,OECD.SDD.TPS:DSD_PRICES@DF_PRICES_ALL(1.0),,I,LTU,,Q,,N,,CPI,,PA,,_T,,N,,GY,,2020-Q1,,2.501036,,A,,,,,,,,2,
DATAFLOW,OECD.SDD.TPS:DSD_PRICES@DF_PRICES_ALL(1.0),,I,LTU,,Q,,N,,CPI,,PA,,_T,,N,,GY,,2020-Q2,,0.7760175,,A,,,,,,,,2,
DATAFLOW,OECD.SDD.TPS:DSD_PRICES@DF_PRICES_ALL(1.0),,I,LTU,,Q,,N,,CPI,,PA,,_T,,N,,GY,,2020-Q3,,1.017205,,A,,,,,,,,2,
DATAFLOW,OECD.SDD.TPS:DSD_PRICES@DF_PRICES_ALL(1.0),,I,LTU,,Q,,N,,CPI,,PA,,_T,,N,,GY,,2020-Q4,,0.5270131,,A,,,,,,,,2,
DATAFLOW,OECD.SDD.TPS:DSD_PRICES@DF_PRICES_ALL(1.0),,I,LTU,,Q,,N,,CPI,,PA,,_T,,N,,GY,,2021-Q1,,0.8332189,,A,,,,,,,,2,
DATAFLOW,OECD.SDD.TPS:DSD_PRICES@DF_PRICES_ALL(1.0),,I,LTU,,Q,,N,,CPI,,PA,,_T,,N,,GY,,2021-Q2,,3.235482,,A,,,,,,,,2,
DATAFLOW,OECD.SDD.TPS:DSD_PRICES@DF_PRICES_ALL(1.0),,I,LTU,,Q,,N,,CPI,,PA,,_T,,N,,GY,,2021-Q3,,5.414587,,A,,,,,,,,2,
DATAFLOW,OECD.SDD.TPS:DSD_PRICES@DF_PRICES_ALL(1.0),,I,LTU,,Q,,N,,CPI,,PA,,_T,,N,,GY,,2021-Q4,,9.253412,,A,,,,,,,,2,
DATAFLOW,OECD.SDD.TPS:DSD_PRICES@DF_PRICES_ALL(1.0),,I,LTU,,Q,,N,,CPI,,PA,,_T,,N,,GY,,2022-Q1,,14.11356,,A,,,,,,,,2,
DATAFLOW,OECD.SDD.TPS:DSD_PRICES@DF_PRICES_ALL(1.0),,I,LTU,,Q,,N,,CPI,,PA,,_T,,N,,GY,,2022-Q2,,18.91488,,A,,,,,,,,2,
DATAFLOW,OECD.SDD.TPS:DSD_PRICES@DF_PRICES_ALL(1.0),,I,LTU,,Q,,N,,CPI,,PA,,_T,,N,,GY,,2022-Q3,,22.70795,,A,,,,,,,,2,
DATAFLOW,OECD.SDD.TPS:DSD_PRICES@DF_PRICES_ALL(1.0),,I,LTU,,Q,,N,,CPI,,PA,,_T,,N,,GY,,2022-Q4,,22.72235,,A,,,,,,,,2,
DATAFLOW,OECD.SDD.TPS:DSD_PRICES@DF_PRICES_ALL(1.0),,I,LTU,,Q,,N,,CPI,,PA,,_T,,N,,GY,,2023-Q1,,18.43374,,A,,,,,,,,2,
DATAFLOW,OECD.SDD.TPS:DSD_PRICES@DF_PRICES_ALL(1.0),,I,LTU,,Q,,N,,CPI,,PA,,_T,,N,,GY,,2023-Q2,,11.69423,,A,,,,,,,,2,
DATAFLOW,OECD.SDD.TPS:DSD_PRICES@DF_PRICES_ALL(1.0),,I,LTU,,Q,,N,,CPI,,PA,,_T,,N,,GY,,2023-Q3,,5.751925,,A,,,,,,,,2,
DATAFLOW,OECD.SDD.TPS:DSD_PRICES@DF_PRICES_ALL(1.0),,I,LTU,,Q,,N,,CPI,,PA,,_T,,N,,GY,,2023-Q4,,2.000801,,A,,,,,,,,2,
DATAFLOW,OECD.SDD.TPS:DSD_PRICES@DF_PRICES_ALL(1.0),,I,LTU,,Q,,N,,CPI,,PA,,_T,,N,,GY,,2024-Q1,,0.5019366,,A,,,,,,,,2,
DATAFLOW,OECD.SDD.TPS:DSD_PRICES@DF_PRICES_ALL(1.0),,I,LTU,,Q,,N,,CPI,,PA,,_T,,N,,GY,,2024-Q2,,0.447117,,A,,,,,,,,2,
DATAFLOW,OECD.SDD.TPS:DSD_PRICES@DF_PRICES_ALL(1.0),,I,LTU,,Q,,N,,CPI,,PA,,_T,,N,,GY,,2024-Q3,,0.681506,,A,,,,,,,,2,
DATAFLOW,OECD.SDD.TPS:DSD_PRICES@DF_PRICES_ALL(1.0),,I,LTU,,Q,,N,,CPI,,PA,,_T,,N,,GY,,2024-Q4,,1.232203,,A,,,,,,,,2,
DATAFLOW,OECD.SDD.TPS:DSD_PRICES@DF_PRICES_ALL(1.0),,I,LTU,,Q,,N,,CPI,,PA,,_T,,N,,GY,,2025-Q1,,3.71662,,A,,,,,,,,2,
DATAFLOW,OECD.SDD.TPS:DSD_PRICES@DF_PRICES_ALL(1.0),,I,LTU,,Q,,N,,CPI,,PA,,_T,,N,,GY,,2025-Q2,,3.732784,,A,,,,,,,,2,
DATAFLOW,OECD.SDD.TPS:DSD_PRICES@DF_PRICES_ALL(1.0),,I,LTU,,Q,,N,,CPI,,PA,,_T,,N,,GY,,2025-Q3,,3.923167,,A,,,,,,,,2,
DATAFLOW,OECD.SDD.TPS:DSD_PRICES@DF_PRICES_ALL(1.0),,I,LTU,,Q,,N,,CPI,,PA,,_T,,N,,GY,,2025-Q4,,3.794044,,A,,,,,,,,2,
DATAFLOW,OECD.SDD.TPS:DSD_PRICES@DF_PRICES_ALL(1.0),,I,ESP,,Q,,N,,CPI,,PA,,_T,,N,,GY,,1996-Q3,,3.660583,,A,,,,,,,,2,
DATAFLOW,OECD.SDD.TPS:DSD_PRICES@DF_PRICES_ALL(1.0),,I,ESP,,Q,,N,,CPI,,PA,,_T,,N,,GY,,1996-Q4,,3.318594,,A,,,,,,,,2,
DATAFLOW,OECD.SDD.TPS:DSD_PRICES@DF_PRICES_ALL(1.0),,I,ESP,,Q,,N,,CPI,,PA,,_T,,N,,GY,,1997-Q1,,2.544392,,A,,,,,,,,2,
DATAFLOW,OECD.SDD.TPS:DSD_PRICES@DF_PRICES_ALL(1.0),,I,ESP,,Q,,N,,CPI,,PA,,_T,,N,,GY,,1997-Q2,,1.573322,,A,,,,,,,,2,
DATAFLOW,OECD.SDD.TPS:DSD_PRICES@DF_PRICES_ALL(1.0),,I,ESP,,Q,,N,,CPI,,PA,,_T,,N,,GY,,1997-Q3,,1.803403,,A,,,,,,,,2,
DATAFLOW,OECD.SDD.TPS:DSD_PRICES@DF_PRICES_ALL(1.0),,I,ESP,,Q,,N,,CPI,,PA,,_T,,N,,GY,,1997-Q4,,1.97022,,A,,,,,,,,2,
DATAFLOW,OECD.SDD.TPS:DSD_PRICES@DF_PRICES_ALL(1.0),,I,ESP,,Q,,N,,CPI,,PA,,_T,,N,,GY,,1998-Q1,,1.845563,,A,,,,,,,,2,
DATAFLOW,OECD.SDD.TPS:DSD_PRICES@DF_PRICES_ALL(1.0),,I,ESP,,Q,,N,,CPI,,PA,,_T,,N,,GY,,1998-Q2,,2.015126,,A,,,,,,,,2,
DATAFLOW,OECD.SDD.TPS:DSD_PRICES@DF_PRICES_ALL(1.0),,I,ESP,,Q,,N,,CPI,,PA,,_T,,N,,GY,,1998-Q3,,1.984338,,A,,,,,,,,2,
DATAFLOW,OECD.SDD.TPS:DSD_PRICES@DF_PRICES_ALL(1.0),,I,ESP,,Q,,N,,CPI,,PA,,_T,,N,,GY,,1998-Q4,,1.495868,,A,,,,,,,,2,
DATAFLOW,OECD.SDD.TPS:DSD_PRICES@DF_PRICES_ALL(1.0),,I,ESP,,Q,,N,,CPI,,PA,,_T,,N,,GY,,1999-Q1,,1.871176,,A,,,,,,,,2,
DATAFLOW,OECD.SDD.TPS:DSD_PRICES@DF_PRICES_ALL(1.0),,I,ESP,,Q,,N,,CPI,,PA,,_T,,N,,GY,,1999-Q2,,2.256738,,A,,,,,,,,2,
DATAFLOW,OECD.SDD.TPS:DSD_PRICES@DF_PRICES_ALL(1.0),,I,ESP,,Q,,N,,CPI,,PA,,_T,,N,,GY,,1999-Q3,,2.395134,,A,,,,,,,,2,
DATAFLOW,OECD.SDD.TPS:DSD_PRICES@DF_PRICES_ALL(1.0),,I,ESP,,Q,,N,,CPI,,PA,,_T,,N,,GY,,1999-Q4,,2.713032,,A,,,,,,,,2,
DATAFLOW,OECD.SDD.TPS:DSD_PRICES@DF_PRICES_ALL(1.0),,I,ESP,,Q,,N,,CPI,,PA,,_T,,N,,GY,,2000-Q1,,2.919424,,A,,,,,,,,2,
DATAFLOW,OECD.SDD.TPS:DSD_PRICES@DF_PRICES_ALL(1.0),,I,ESP,,Q,,N,,CPI,,PA,,_T,,N,,GY,,2000-Q2,,3.177286,,A,,,,,,,,2,
DATAFLOW,OECD.SDD.TPS:DSD_PRICES@DF_PRICES_ALL(1.0),,I,ESP,,Q,,N,,CPI,,PA,,_T,,N,,GY,,2000-Q3,,3.626445,,A,,,,,,,,2,
DATAFLOW,OECD.SDD.TPS:DSD_PRICES@DF_PRICES_ALL(1.0),,I,ESP,,Q,,N,,CPI,,PA,,_T,,N,,GY,,2000-Q4,,3.99856,,A,,,,,,,,2,
DATAFLOW,OECD.SDD.TPS:DSD_PRICES@DF_PRICES_ALL(1.0),,I,ESP,,Q,,N,,CPI,,PA,,_T,,N,,GY,,2001-Q1,,3.790073,,A,,,,,,,,2,
DATAFLOW,OECD.SDD.TPS:DSD_PRICES@DF_PRICES_ALL(1.0),,I,ESP,,Q,,N,,CPI,,PA,,_T,,N,,GY,,2001-Q2,,4.13741,,A,,,,,,,,2,
DATAFLOW,OECD.SDD.TPS:DSD_PRICES@DF_PRICES_ALL(1.0),,I,ESP,,Q,,N,,CPI,,PA,,_T,,N,,GY,,2001-Q3,,3.642653,,A,,,,,,,,2,
DATAFLOW,OECD.SDD.TPS:DSD_PRICES@DF_PRICES_ALL(1.0),,I,ESP,,Q,,N,,CPI,,PA,,_T,,N,,GY,,2001-Q4,,2.806834,,A,,,,,,,,2,
DATAFLOW,OECD.SDD.TPS:DSD_PRICES@DF_PRICES_ALL(1.0),,I,ESP,,Q,,N,,CPI,,PA,,_T,,N,,GY,,2002-Q1,,2.503155,,A,,,,,,,,2,
DATAFLOW,OECD.SDD.TPS:DSD_PRICES@DF_PRICES_ALL(1.0),,I,ESP,,Q,,N,,CPI,,PA,,_T,,N,,GY,,2002-Q2,,3.425096,,A,,,,,,,,2,
DATAFLOW,OECD.SDD.TPS:DSD_PRICES@DF_PRICES_ALL(1.0),,I,ESP,,Q,,N,,CPI,,PA,,_T,,N,,GY,,2002-Q3,,2.386244,,A,,,,,,,,2,
DATAFLOW,OECD.SDD.TPS:DSD_PRICES@DF_PRICES_ALL(1.0),,I,ESP,,Q,,N,,CPI,,PA,,_T,,N,,GY,,2002-Q4,,3.939226,,A,,,,,,,,2,
DATAFLOW,OECD.SDD.TPS:DSD_PRICES@DF_PRICES_ALL(1.0),,I,ESP,,Q,,N,,CPI,,PA,,_T,,N,,GY,,2003-Q1,,3.753255,,A,,,,,,,,2,
DATAFLOW,OECD.SDD.TPS:DSD_PRICES@DF_PRICES_ALL(1.0),,I,ESP,,Q,,N,,CPI,,PA,,_T,,N,,GY,,2003-Q2,,2.859227,,A,,,,,,,,2,
DATAFLOW,OECD.SDD.TPS:DSD_PRICES@DF_PRICES_ALL(1.0),,I,ESP,,Q,,N,,CPI,,PA,,_T,,N,,GY,,2003-Q3,,2.908334,,A,,,,,,,,2,
DATAFLOW,OECD.SDD.TPS:DSD_PRICES@DF_PRICES_ALL(1.0),,I,ESP,,Q,,N,,CPI,,PA,,_T,,N,,GY,,2003-Q4,,2.654683,,A,,,,,,,,2,
DATAFLOW,OECD.SDD.TPS:DSD_PRICES@DF_PRICES_ALL(1.0),,I,ESP,,Q,,N,,CPI,,PA,,_T,,N,,GY,,2004-Q1,,2.193055,,A,,,,,,,,2,
DATAFLOW,OECD.SDD.TPS:DSD_PRICES@DF_PRICES_ALL(1.0),,I,ESP,,Q,,N,,CPI,,PA,,_T,,N,,GY,,2004-Q2,,3.202051,,A,,,,,,,,2,
DATAFLOW,OECD.SDD.TPS:DSD_PRICES@DF_PRICES_ALL(1.0),,I,ESP,,Q,,N,,CPI,,PA,,_T,,N,,GY,,2004-Q3,,3.308552,,A,,,,,,,,2,
DATAFLOW,OECD.SDD.TPS:DSD_PRICES@DF_PRICES_ALL(1.0),,I,ESP,,Q,,N,,CPI,,PA,,_T,,N,,GY,,2004-Q4,,3.4386,,A,,,,,,,,2,
DATAFLOW,OECD.SDD.TPS:DSD_PRICES@DF_PRICES_ALL(1.0),,I,ESP,,Q,,N,,CPI,,PA,,_T,,N,,GY,,2005-Q1,,3.259547,,A,,,,,,,,2,
DATAFLOW,OECD.SDD.TPS:DSD_PRICES@DF_PRICES_ALL(1.0),,I,ESP,,Q,,N,,CPI,,PA,,_T,,N,,GY,,2005-Q2,,3.220308,,A,,,,,,,,2,
DATAFLOW,OECD.SDD.TPS:DSD_PRICES@DF_PRICES_ALL(1.0),,I,ESP,,Q,,N,,CPI,,PA,,_T,,N,,GY,,2005-Q3,,3.436735,,A,,,,,,,,2,
DATAFLOW,OECD.SDD.TPS:DSD_PRICES@DF_PRICES_ALL(1.0),,I,ESP,,Q,,N,,CPI,,PA,,_T,,N,,GY,,2005-Q4,,3.553823,,A,,,,,,,,2,
DATAFLOW,OECD.SDD.TPS:DSD_PRICES@DF_PRICES_ALL(1.0),,I,ESP,,Q,,N,,CPI,,PA,,_T,,N,,GY,,2006-Q1,,4.016846,,A,,,,,,,,2,
DATAFLOW,OECD.SDD.TPS:DSD_PRICES@DF_PRICES_ALL(1.0),,I,ESP,,Q,,N,,CPI,,PA,,_T,,N,,GY,,2006-Q2,,3.945139,,A,,,,,,,,2,
DATAFLOW,OECD.SDD.TPS:DSD_PRICES@DF_PRICES_ALL(1.0),,I,ESP,,Q,,N,,CPI,,PA,,_T,,N,,GY,,2006-Q3,,3.533138,,A,,,,,,,,2,
DATAFLOW,OECD.SDD.TPS:DSD_PRICES@DF_PRICES_ALL(1.0),,I,ESP,,Q,,N,,CPI,,PA,,_T,,N,,GY,,2006-Q4,,2.593521,,A,,,,,,,,2,
DATAFLOW,OECD.SDD.TPS:DSD_PRICES@DF_PRICES_ALL(1.0),,I,ESP,,Q,,N,,CPI,,PA,,_T,,N,,GY,,2007-Q1,,2.4226,,A,,,,,,,,2,
DATAFLOW,OECD.SDD.TPS:DSD_PRICES@DF_PRICES_ALL(1.0),,I,ESP,,Q,,N,,CPI,,PA,,_T,,N,,GY,,2007-Q2,,2.387267,,A,,,,,,,,2,
DATAFLOW,OECD.SDD.TPS:DSD_PRICES@DF_PRICES_ALL(1.0),,I,ESP,,Q,,N,,CPI,,PA,,_T,,N,,GY,,2007-Q3,,2.365492,,A,,,,,,,,2,
DATAFLOW,OECD.SDD.TPS:DSD_PRICES@DF_PRICES_ALL(1.0),,I,ESP,,Q,,N,,CPI,,PA,,_T,,N,,GY,,2007-Q4,,3.958885,,A,,,,,,,,2,
DATAFLOW,OECD.SDD.TPS:DSD_PRICES@DF_PRICES_ALL(1.0),,I,ESP,,Q,,N,,CPI,,PA,,_T,,N,,GY,,2008-Q1,,4.381987,,A,,,,,,,,2,
DATAFLOW,OECD.SDD.TPS:DSD_PRICES@DF_PRICES_ALL(1.0),,I,ESP,,Q,,N,,CPI,,PA,,_T,,N,,GY,,2008-Q2,,4.60066,,A,,,,,,,,2,
DATAFLOW,OECD.SDD.TPS:DSD_PRICES@DF_PRICES_ALL(1.0),,I,ESP,,Q,,N,,CPI,,PA,,_T,,N,,GY,,2008-Q3,,4.904831,,A,,,,,,,,2,
DATAFLOW,OECD.SDD.TPS:DSD_PRICES@DF_PRICES_ALL(1.0),,I,ESP,,Q,,N,,CPI,,PA,,_T,,N,,GY,,2008-Q4,,2.453338,,A,,,,,,,,2,
DATAFLOW,OECD.SDD.TPS:DSD_PRICES@DF_PRICES_ALL(1.0),,I,ESP,,Q,,N,,CPI,,PA,,_T,,N,,GY,,2009-Q1,,0.4674071,,A,,,,,,,,2,
DATAFLOW,OECD.SDD.TPS:DSD_PRICES@DF_PRICES_ALL(1.0),,I,ESP,,Q,,N,,CPI,,PA,,_T,,N,,GY,,2009-Q2,,-0.6750411,,A,,,,,,,,2,
DATAFLOW,OECD.SDD.TPS:DSD_PRICES@DF_PRICES_ALL(1.0),,I,ESP,,Q,,N,,CPI,,PA,,_T,,N,,GY,,2009-Q3,,-1.06861,,A,,,,,,,,2,
DATAFLOW,OECD.SDD.TPS:DSD_PRICES@DF_PRICES_ALL(1.0),,I,ESP,,Q,,N,,CPI,,PA,,_T,,N,,GY,,2009-Q4,,0.143299,,A,,,,,,,,2,
DATAFLOW,OECD.SDD.TPS:DSD_PRICES@DF_PRICES_ALL(1.0),,I,ESP,,Q,,N,,CPI,,PA,,_T,,N,,GY,,2010-Q1,,1.092574,,A,,,,,,,,2,
DATAFLOW,OECD.SDD.TPS:DSD_PRICES@DF_PRICES_ALL(1.0),,I,ESP,,Q,,N,,CPI,,PA,,_T,,N,,GY,,2010-Q2,,1.58966,,A,,,,,,,,2,
DATAFLOW,OECD.SDD.TPS:DSD_PRICES@DF_PRICES_ALL(1.0),,I,ESP,,Q,,N,,CPI,,PA,,_T,,N,,GY,,2010-Q3,,1.953732,,A,,,,,,,,2,
DATAFLOW,OECD.SDD.TPS:DSD_PRICES@DF_PRICES_ALL(1.0),,I,ESP,,Q,,N,,CPI,,PA,,_T,,N,,GY,,2010-Q4,,2.551138,,A,,,,,,,,2,
DATAFLOW,OECD.SDD.TPS:DSD_PRICES@DF_PRICES_ALL(1.0),,I,ESP,,Q,,N,,CPI,,PA,,_T,,N,,GY,,2011-Q1,,3.484957,,A,,,,,,,,2,
DATAFLOW,OECD.SDD.TPS:DSD_PRICES@DF_PRICES_ALL(1.0),,I,ESP,,Q,,N,,CPI,,PA,,_T,,N,,GY,,2011-Q2,,3.49275,,A,,,,,,,,2,
DATAFLOW,OECD.SDD.TPS:DSD_PRICES@DF_PRICES_ALL(1.0),,I,ESP,,Q,,N,,CPI,,PA,,_T,,N,,GY,,2011-Q3,,3.06508,,A,,,,,,,,2,
DATAFLOW,OECD.SDD.TPS:DSD_PRICES@DF_PRICES_ALL(1.0),,I,ESP,,Q,,N,,CPI,,PA,,_T,,N,,GY,,2011-Q4,,2.753275,,A,,,,,,,,2,
DATAFLOW,OECD.SDD.TPS:DSD_PRICES@DF_PRICES_ALL(1.0),,I,ESP,,Q,,N,,CPI,,PA,,_T,,N,,GY,,2012-Q1,,1.956933,,A,,,,,,,,2,
DATAFLOW,OECD.SDD.TPS:DSD_PRICES@DF_PRICES_ALL(1.0),,I,ESP,,Q,,N,,CPI,,PA,,_T,,N,,GY,,2012-Q2,,1.966413,,A,,,,,,,,2,
DATAFLOW,OECD.SDD.TPS:DSD_PRICES@DF_PRICES_ALL(1.0),,I,ESP,,Q,,N,,CPI,,PA,,_T,,N,,GY,,2012-Q3,,2.758527,,A,,,,,,,,2,
DATAFLOW,OECD.SDD.TPS:DSD_PRICES@DF_PRICES_ALL(1.0),,I,ESP,,Q,,N,,CPI,,PA,,_T,,N,,GY,,2012-Q4,,3.090528,,A,,,,,,,,2,
DATAFLOW,OECD.SDD.TPS:DSD_PRICES@DF_PRICES_ALL(1.0),,I,ESP,,Q,,N,,CPI,,PA,,_T,,N,,GY,,2013-Q1,,2.621055,,A,,,,,,,,2,
DATAFLOW,OECD.SDD.TPS:DSD_PRICES@DF_PRICES_ALL(1.0),,I,ESP,,Q,,N,,CPI,,PA,,_T,,N,,GY,,2013-Q2,,1.723294,,A,,,,,,,,2,
DATAFLOW,OECD.SDD.TPS:DSD_PRICES@DF_PRICES_ALL(1.0),,I,ESP,,Q,,N,,CPI,,PA,,_T,,N,,GY,,2013-Q3,,1.207816,,A,,,,,,,,2,
DATAFLOW,OECD.SDD.TPS:DSD_PRICES@DF_PRICES_ALL(1.0),,I,ESP,,Q,,N,,CPI,,PA,,_T,,N,,GY,,2013-Q4,,0.1281929,,A,,,,,,,,2,
DATAFLOW,OECD.SDD.TPS:DSD_PRICES@DF_PRICES_ALL(1.0),,I,ESP,,Q,,N,,CPI,,PA,,_T,,N,,GY,,2014-Q1,,0.0114198,,A,,,,,,,,2,
DATAFLOW,OECD.SDD.TPS:DSD_PRICES@DF_PRICES_ALL(1.0),,I,ESP,,Q,,N,,CPI,,PA,,_T,,N,,GY,,2014-Q2,,0.2194154,,A,,,,,,,,2,
DATAFLOW,OECD.SDD.TPS:DSD_PRICES@DF_PRICES_ALL(1.0),,I,ESP,,Q,,N,,CPI,,PA,,_T,,N,,GY,,2014-Q3,,-0.3294712,,A,,,,,,,,2,
DATAFLOW,OECD.SDD.TPS:DSD_PRICES@DF_PRICES_ALL(1.0),,I,ESP,,Q,,N,,CPI,,PA,,_T,,N,,GY,,2014-Q4,,-0.5036504,,A,,,,,,,,2,
DATAFLOW,OECD.SDD.TPS:DSD_PRICES@DF_PRICES_ALL(1.0),,I,ESP,,Q,,N,,CPI,,PA,,_T,,N,,GY,,2015-Q1,,-1.018744,,A,,,,,,,,2,
DATAFLOW,OECD.SDD.TPS:DSD_PRICES@DF_PRICES_ALL(1.0),,I,ESP,,Q,,N,,CPI,,PA,,_T,,N,,GY,,2015-Q2,,-0.253894,,A,,,,,,,,2,
DATAFLOW,OECD.SDD.TPS:DSD_PRICES@DF_PRICES_ALL(1.0),,I,ESP,,Q,,N,,CPI,,PA,,_T,,N,,GY,,2015-Q3,,-0.4113323,,A,,,,,,,,2,
DATAFLOW,OECD.SDD.TPS:DSD_PRICES@DF_PRICES_ALL(1.0),,I,ESP,,Q,,N,,CPI,,PA,,_T,,N,,GY,,2015-Q4,,-0.3215149,,A,,,,,,,,2,
DATAFLOW,OECD.SDD.TPS:DSD_PRICES@DF_PRICES_ALL(1.0),,I,ESP,,Q,,N,,CPI,,PA,,_T,,N,,GY,,2016-Q1,,-0.6579137,,A,,,,,,,,2,
DATAFLOW,OECD.SDD.TPS:DSD_PRICES@DF_PRICES_ALL(1.0),,I,ESP,,Q,,N,,CPI,,PA,,_T,,N,,GY,,2016-Q2,,-0.9452331,,A,,,,,,,,2,
DATAFLOW,OECD.SDD.TPS:DSD_PRICES@DF_PRICES_ALL(1.0),,I,ESP,,Q,,N,,CPI,,PA,,_T,,N,,GY,,2016-Q3,,-0.1840061,,A,,,,,,,,2,
DATAFLOW,OECD.SDD.TPS:DSD_PRICES@DF_PRICES_ALL(1.0),,I,ESP,,Q,,N,,CPI,,PA,,_T,,N,,GY,,2016-Q4,,0.9740571,,A,,,,,,,,2,
DATAFLOW,OECD.SDD.TPS:DSD_PRICES@DF_PRICES_ALL(1.0),,I,ESP,,Q,,N,,CPI,,PA,,_T,,N,,GY,,2017-Q1,,2.743434,,A,,,,,,,,2,
DATAFLOW,OECD.SDD.TPS:DSD_PRICES@DF_PRICES_ALL(1.0),,I,ESP,,Q,,N,,CPI,,PA,,_T,,N,,GY,,2017-Q2,,1.997498,,A,,,,,,,,2,
DATAFLOW,OECD.SDD.TPS:DSD_PRICES@DF_PRICES_ALL(1.0),,I,ESP,,Q,,N,,CPI,,PA,,_T,,N,,GY,,2017-Q3,,1.653739,,A,,,,,,,,2,
DATAFLOW,OECD.SDD.TPS:DSD_PRICES@DF_PRICES_ALL(1.0),,I,ESP,,Q,,N,,CPI,,PA,,_T,,N,,GY,,2017-Q4,,1.448576,,A,,,,,,,,2,
DATAFLOW,OECD.SDD.TPS:DSD_PRICES@DF_PRICES_ALL(1.0),,I,ESP,,Q,,N,,CPI,,PA,,_T,,N,,GY,,2018-Q1,,0.9536356,,A,,,,,,,,2,
DATAFLOW,OECD.SDD.TPS:DSD_PRICES@DF_PRICES_ALL(1.0),,I,ESP,,Q,,N,,CPI,,PA,,_T,,N,,GY,,2018-Q2,,1.801751,,A,,,,,,,,2,
DATAFLOW,OECD.SDD.TPS:DSD_PRICES@DF_PRICES_ALL(1.0),,I,ESP,,Q,,N,,CPI,,PA,,_T,,N,,GY,,2018-Q3,,2.23144,,A,,,,,,,,2,
DATAFLOW,OECD.SDD.TPS:DSD_PRICES@DF_PRICES_ALL(1.0),,I,ESP,,Q,,N,,CPI,,PA,,_T,,N,,GY,,2018-Q4,,1.70979,,A,,,,,,,,2,
DATAFLOW,OECD.SDD.TPS:DSD_PRICES@DF_PRICES_ALL(1.0),,I,ESP,,Q,,N,,CPI,,PA,,_T,,N,,GY,,2019-Q1,,1.136002,,A,,,,,,,,2,
DATAFLOW,OECD.SDD.TPS:DSD_PRICES@DF_PRICES_ALL(1.0),,I,ESP,,Q,,N,,CPI,,PA,,_T,,N,,GY,,2019-Q2,,0.9176301,,A,,,,,,,,2,
DATAFLOW,OECD.SDD.TPS:DSD_PRICES@DF_PRICES_ALL(1.0),,I,ESP,,Q,,N,,CPI,,PA,,_T,,N,,GY,,2019-Q3,,0.3124096,,A,,,,,,,,2,
DATAFLOW,OECD.SDD.TPS:DSD_PRICES@DF_PRICES_ALL(1.0),,I,ESP,,Q,,N,,CPI,,PA,,_T,,N,,GY,,2019-Q4,,0.4409978,,A,,,,,,,,2,
DATAFLOW,OECD.SDD.TPS:DSD_PRICES@DF_PRICES_ALL(1.0),,I,ESP,,Q,,N,,CPI,,PA,,_T,,N,,GY,,2020-Q1,,0.6022679,,A,,,,,,,,2,
DATAFLOW,OECD.SDD.TPS:DSD_PRICES@DF_PRICES_ALL(1.0),,I,ESP,,Q,,N,,CPI,,PA,,_T,,N,,GY,,2020-Q2,,-0.6582605,,A,,,,,,,,2,
DATAFLOW,OECD.SDD.TPS:DSD_PRICES@DF_PRICES_ALL(1.0),,I,ESP,,Q,,N,,CPI,,PA,,_T,,N,,GY,,2020-Q3,,-0.5030371,,A,,,,,,,,2,
DATAFLOW,OECD.SDD.TPS:DSD_PRICES@DF_PRICES_ALL(1.0),,I,ESP,,Q,,N,,CPI,,PA,,_T,,N,,GY,,2020-Q4,,-0.7187424,,A,,,,,,,,2,
DATAFLOW,OECD.SDD.TPS:DSD_PRICES@DF_PRICES_ALL(1.0),,I,ESP,,Q,,N,,CPI,,PA,,_T,,N,,GY,,2021-Q1,,0.5931606,,A,,,,,,,,2,
DATAFLOW,OECD.SDD.TPS:DSD_PRICES@DF_PRICES_ALL(1.0),,I,ESP,,Q,,N,,CPI,,PA,,_T,,N,,GY,,2021-Q2,,2.559851,,A,,,,,,,,2,
DATAFLOW,OECD.SDD.TPS:DSD_PRICES@DF_PRICES_ALL(1.0),,I,ESP,,Q,,N,,CPI,,PA,,_T,,N,,GY,,2021-Q3,,3.397224,,A,,,,,,,,2,
DATAFLOW,OECD.SDD.TPS:DSD_PRICES@DF_PRICES_ALL(1.0),,I,ESP,,Q,,N,,CPI,,PA,,_T,,N,,GY,,2021-Q4,,5.81176,,A,,,,,,,,2,
DATAFLOW,OECD.SDD.TPS:DSD_PRICES@DF_PRICES_ALL(1.0),,I,ESP,,Q,,N,,CPI,,PA,,_T,,N,,GY,,2022-Q1,,7.860806,,A,,,,,,,,2,
DATAFLOW,OECD.SDD.TPS:DSD_PRICES@DF_PRICES_ALL(1.0),,I,ESP,,Q,,N,,CPI,,PA,,_T,,N,,GY,,2022-Q2,,9.099065,,A,,,,,,,,2,
DATAFLOW,OECD.SDD.TPS:DSD_PRICES@DF_PRICES_ALL(1.0),,I,ESP,,Q,,N,,CPI,,PA,,_T,,N,,GY,,2022-Q3,,10.05941,,A,,,,,,,,2,
DATAFLOW,OECD.SDD.TPS:DSD_PRICES@DF_PRICES_ALL(1.0),,I,ESP,,Q,,N,,CPI,,PA,,_T,,N,,GY,,2022-Q4,,6.589827,,A,,,,,,,,2,
DATAFLOW,OECD.SDD.TPS:DSD_PRICES@DF_PRICES_ALL(1.0),,I,ESP,,Q,,N,,CPI,,PA,,_T,,N,,GY,,2023-Q1,,5.053623,,A,,,,,,,,2,
DATAFLOW,OECD.SDD.TPS:DSD_PRICES@DF_PRICES_ALL(1.0),,I,ESP,,Q,,N,,CPI,,PA,,_T,,N,,GY,,2023-Q2,,3.050591,,A,,,,,,,,2,
DATAFLOW,OECD.SDD.TPS:DSD_PRICES@DF_PRICES_ALL(1.0),,I,ESP,,Q,,N,,CPI,,PA,,_T,,N,,GY,,2023-Q3,,2.817901,,A,,,,,,,,2,
DATAFLOW,OECD.SDD.TPS:DSD_PRICES@DF_PRICES_ALL(1.0),,I,ESP,,Q,,N,,CPI,,PA,,_T,,N,,GY,,2023-Q4,,3.267081,,A,,,,,,,,2,
DATAFLOW,OECD.SDD.TPS:DSD_PRICES@DF_PRICES_ALL(1.0),,I,ESP,,Q,,N,,CPI,,PA,,_T,,N,,GY,,2024-Q1,,3.13833,,A,,,,,,,,2,
DATAFLOW,OECD.SDD.TPS:DSD_PRICES@DF_PRICES_ALL(1.0),,I,ESP,,Q,,N,,CPI,,PA,,_T,,N,,GY,,2024-Q2,,3.458133,,A,,,,,,,,2,
DATAFLOW,OECD.SDD.TPS:DSD_PRICES@DF_PRICES_ALL(1.0),,I,ESP,,Q,,N,,CPI,,PA,,_T,,N,,GY,,2024-Q3,,2.163455,,A,,,,,,,,2,
DATAFLOW,OECD.SDD.TPS:DSD_PRICES@DF_PRICES_ALL(1.0),,I,ESP,,Q,,N,,CPI,,PA,,_T,,N,,GY,,2024-Q4,,2.352879,,A,,,,,,,,2,
DATAFLOW,OECD.SDD.TPS:DSD_PRICES@DF_PRICES_ALL(1.0),,I,ESP,,Q,,N,,CPI,,PA,,_T,,N,,GY,,2025-Q1,,2.71992,,A,,,,,,,,2,
DATAFLOW,OECD.SDD.TPS:DSD_PRICES@DF_PRICES_ALL(1.0),,I,ESP,,Q,,N,,CPI,,PA,,_T,,N,,GY,,2025-Q2,,2.153054,,A,,,,,,,,2,
DATAFLOW,OECD.SDD.TPS:DSD_PRICES@DF_PRICES_ALL(1.0),,I,ESP,,Q,,N,,CPI,,PA,,_T,,N,,GY,,2025-Q3,,2.803312,,A,,,,,,,,2,
DATAFLOW,OECD.SDD.TPS:DSD_PRICES@DF_PRICES_ALL(1.0),,I,ESP,,Q,,N,,CPI,,PA,,_T,,N,,GY,,2025-Q4,,3.016338,,A,,,,,,,,2,
DATAFLOW,OECD.SDD.TPS:DSD_PRICES@DF_PRICES_ALL(1.0),,I,GBR,,Q,,N,,CPI,,PA,,_T,,N,,GY,,1996-Q3,,2.7,,A,,,,,,,,2,
DATAFLOW,OECD.SDD.TPS:DSD_PRICES@DF_PRICES_ALL(1.0),,I,GBR,,Q,,N,,CPI,,PA,,_T,,N,,GY,,1996-Q4,,2.9,,A,,,,,,,,2,
DATAFLOW,OECD.SDD.TPS:DSD_PRICES@DF_PRICES_ALL(1.0),,I,GBR,,Q,,N,,CPI,,PA,,_T,,N,,GY,,1997-Q1,,2.4,,A,,,,,,,,2,
DATAFLOW,OECD.SDD.TPS:DSD_PRICES@DF_PRICES_ALL(1.0),,I,GBR,,Q,,N,,CPI,,PA,,_T,,N,,GY,,1997-Q2,,2.1,,A,,,,,,,,2,
DATAFLOW,OECD.SDD.TPS:DSD_PRICES@DF_PRICES_ALL(1.0),,I,GBR,,Q,,N,,CPI,,PA,,_T,,N,,GY,,1997-Q3,,2.3,,A,,,,,,,,2,
DATAFLOW,OECD.SDD.TPS:DSD_PRICES@DF_PRICES_ALL(1.0),,I,GBR,,Q,,N,,CPI,,PA,,_T,,N,,GY,,1997-Q4,,2.1,,A,,,,,,,,2,
DATAFLOW,OECD.SDD.TPS:DSD_PRICES@DF_PRICES_ALL(1.0),,I,GBR,,Q,,N,,CPI,,PA,,_T,,N,,GY,,1998-Q1,,1.8,,A,,,,,,,,2,
DATAFLOW,OECD.SDD.TPS:DSD_PRICES@DF_PRICES_ALL(1.0),,I,GBR,,Q,,N,,CPI,,PA,,_T,,N,,GY,,1998-Q2,,2,,A,,,,,,,,2,
DATAFLOW,OECD.SDD.TPS:DSD_PRICES@DF_PRICES_ALL(1.0),,I,GBR,,Q,,N,,CPI,,PA,,_T,,N,,GY,,1998-Q3,,1.7,,A,,,,,,,,2,
DATAFLOW,OECD.SDD.TPS:DSD_PRICES@DF_PRICES_ALL(1.0),,I,GBR,,Q,,N,,CPI,,PA,,_T,,N,,GY,,1998-Q4,,1.7,,A,,,,,,,,2,
DATAFLOW,OECD.SDD.TPS:DSD_PRICES@DF_PRICES_ALL(1.0),,I,GBR,,Q,,N,,CPI,,PA,,_T,,N,,GY,,1999-Q1,,2,,A,,,,,,,,2,
DATAFLOW,OECD.SDD.TPS:DSD_PRICES@DF_PRICES_ALL(1.0),,I,GBR,,Q,,N,,CPI,,PA,,_T,,N,,GY,,1999-Q2,,1.8,,A,,,,,,,,2,
DATAFLOW,OECD.SDD.TPS:DSD_PRICES@DF_PRICES_ALL(1.0),,I,GBR,,Q,,N,,CPI,,PA,,_T,,N,,GY,,1999-Q3,,1.6,,A,,,,,,,,2,
DATAFLOW,OECD.SDD.TPS:DSD_PRICES@DF_PRICES_ALL(1.0),,I,GBR,,Q,,N,,CPI,,PA,,_T,,N,,GY,,1999-Q4,,1.5,,A,,,,,,,,2,
DATAFLOW,OECD.SDD.TPS:DSD_PRICES@DF_PRICES_ALL(1.0),,I,GBR,,Q,,N,,CPI,,PA,,_T,,N,,GY,,2000-Q1,,1.1,,A,,,,,,,,2,
DATAFLOW,OECD.SDD.TPS:DSD_PRICES@DF_PRICES_ALL(1.0),,I,GBR,,Q,,N,,CPI,,PA,,_T,,N,,GY,,2000-Q2,,1,,A,,,,,,,,2,
DATAFLOW,OECD.SDD.TPS:DSD_PRICES@DF_PRICES_ALL(1.0),,I,GBR,,Q,,N,,CPI,,PA,,_T,,N,,GY,,2000-Q3,,1.2,,A,,,,,,,,2,
DATAFLOW,OECD.SDD.TPS:DSD_PRICES@DF_PRICES_ALL(1.0),,I,GBR,,Q,,N,,CPI,,PA,,_T,,N,,GY,,2000-Q4,,1.4,,A,,,,,,,,2,
DATAFLOW,OECD.SDD.TPS:DSD_PRICES@DF_PRICES_ALL(1.0),,I,GBR,,Q,,N,,CPI,,PA,,_T,,N,,GY,,2001-Q1,,1.3,,A,,,,,,,,2,
DATAFLOW,OECD.SDD.TPS:DSD_PRICES@DF_PRICES_ALL(1.0),,I,GBR,,Q,,N,,CPI,,PA,,_T,,N,,GY,,2001-Q2,,1.8,,A,,,,,,,,2,
DATAFLOW,OECD.SDD.TPS:DSD_PRICES@DF_PRICES_ALL(1.0),,I,GBR,,Q,,N,,CPI,,PA,,_T,,N,,GY,,2001-Q3,,1.8,,A,,,,,,,,2,
DATAFLOW,OECD.SDD.TPS:DSD_PRICES@DF_PRICES_ALL(1.0),,I,GBR,,Q,,N,,CPI,,PA,,_T,,N,,GY,,2001-Q4,,1.4,,A,,,,,,,,2,
DATAFLOW,OECD.SDD.TPS:DSD_PRICES@DF_PRICES_ALL(1.0),,I,GBR,,Q,,N,,CPI,,PA,,_T,,N,,GY,,2002-Q1,,1.7,,A,,,,,,,,2,
DATAFLOW,OECD.SDD.TPS:DSD_PRICES@DF_PRICES_ALL(1.0),,I,GBR,,Q,,N,,CPI,,PA,,_T,,N,,GY,,2002-Q2,,1.3,,A,,,,,,,,2,
DATAFLOW,OECD.SDD.TPS:DSD_PRICES@DF_PRICES_ALL(1.0),,I,GBR,,Q,,N,,CPI,,PA,,_T,,N,,GY,,2002-Q3,,1.3,,A,,,,,,,,2,
DATAFLOW,OECD.SDD.TPS:DSD_PRICES@DF_PRICES_ALL(1.0),,I,GBR,,Q,,N,,CPI,,PA,,_T,,N,,GY,,2002-Q4,,1.6,,A,,,,,,,,2,
DATAFLOW,OECD.SDD.TPS:DSD_PRICES@DF_PRICES_ALL(1.0),,I,GBR,,Q,,N,,CPI,,PA,,_T,,N,,GY,,2003-Q1,,1.5,,A,,,,,,,,2,
DATAFLOW,OECD.SDD.TPS:DSD_PRICES@DF_PRICES_ALL(1.0),,I,GBR,,Q,,N,,CPI,,PA,,_T,,N,,GY,,2003-Q2,,1.3,,A,,,,,,,,2,
DATAFLOW,OECD.SDD.TPS:DSD_PRICES@DF_PRICES_ALL(1.0),,I,GBR,,Q,,N,,CPI,,PA,,_T,,N,,GY,,2003-Q3,,1.4,,A,,,,,,,,2,
DATAFLOW,OECD.SDD.TPS:DSD_PRICES@DF_PRICES_ALL(1.0),,I,GBR,,Q,,N,,CPI,,PA,,_T,,N,,GY,,2003-Q4,,1.3,,A,,,,,,,,2,
DATAFLOW,OECD.SDD.TPS:DSD_PRICES@DF_PRICES_ALL(1.0),,I,GBR,,Q,,N,,CPI,,PA,,_T,,N,,GY,,2004-Q1,,1.3,,A,,,,,,,,2,
DATAFLOW,OECD.SDD.TPS:DSD_PRICES@DF_PRICES_ALL(1.0),,I,GBR,,Q,,N,,CPI,,PA,,_T,,N,,GY,,2004-Q2,,1.3,,A,,,,,,,,2,
DATAFLOW,OECD.SDD.TPS:DSD_PRICES@DF_PRICES_ALL(1.0),,I,GBR,,Q,,N,,CPI,,PA,,_T,,N,,GY,,2004-Q3,,1.3,,A,,,,,,,,2,
DATAFLOW,OECD.SDD.TPS:DSD_PRICES@DF_PRICES_ALL(1.0),,I,GBR,,Q,,N,,CPI,,PA,,_T,,N,,GY,,2004-Q4,,1.5,,A,,,,,,,,2,
DATAFLOW,OECD.SDD.TPS:DSD_PRICES@DF_PRICES_ALL(1.0),,I,GBR,,Q,,N,,CPI,,PA,,_T,,N,,GY,,2005-Q1,,1.8,,A,,,,,,,,2,
DATAFLOW,OECD.SDD.TPS:DSD_PRICES@DF_PRICES_ALL(1.0),,I,GBR,,Q,,N,,CPI,,PA,,_T,,N,,GY,,2005-Q2,,1.9,,A,,,,,,,,2,
DATAFLOW,OECD.SDD.TPS:DSD_PRICES@DF_PRICES_ALL(1.0),,I,GBR,,Q,,N,,CPI,,PA,,_T,,N,,GY,,2005-Q3,,2.4,,A,,,,,,,,2,
DATAFLOW,OECD.SDD.TPS:DSD_PRICES@DF_PRICES_ALL(1.0),,I,GBR,,Q,,N,,CPI,,PA,,_T,,N,,GY,,2005-Q4,,2.2,,A,,,,,,,,2,
DATAFLOW,OECD.SDD.TPS:DSD_PRICES@DF_PRICES_ALL(1.0),,I,GBR,,Q,,N,,CPI,,PA,,_T,,N,,GY,,2006-Q1,,2.1,,A,,,,,,,,2,
DATAFLOW,OECD.SDD.TPS:DSD_PRICES@DF_PRICES_ALL(1.0),,I,GBR,,Q,,N,,CPI,,PA,,_T,,N,,GY,,2006-Q2,,2.4,,A,,,,,,,,2,
DATAFLOW,OECD.SDD.TPS:DSD_PRICES@DF_PRICES_ALL(1.0),,I,GBR,,Q,,N,,CPI,,PA,,_T,,N,,GY,,2006-Q3,,2.5,,A,,,,,,,,2,
DATAFLOW,OECD.SDD.TPS:DSD_PRICES@DF_PRICES_ALL(1.0),,I,GBR,,Q,,N,,CPI,,PA,,_T,,N,,GY,,2006-Q4,,2.7,,A,,,,,,,,2,
DATAFLOW,OECD.SDD.TPS:DSD_PRICES@DF_PRICES_ALL(1.0),,I,GBR,,Q,,N,,CPI,,PA,,_T,,N,,GY,,2007-Q1,,2.8,,A,,,,,,,,2,
DATAFLOW,OECD.SDD.TPS:DSD_PRICES@DF_PRICES_ALL(1.0),,I,GBR,,Q,,N,,CPI,,PA,,_T,,N,,GY,,2007-Q2,,2.6,,A,,,,,,,,2,
DATAFLOW,OECD.SDD.TPS:DSD_PRICES@DF_PRICES_ALL(1.0),,I,GBR,,Q,,N,,CPI,,PA,,_T,,N,,GY,,2007-Q3,,2,,A,,,,,,,,2,
DATAFLOW,OECD.SDD.TPS:DSD_PRICES@DF_PRICES_ALL(1.0),,I,GBR,,Q,,N,,CPI,,PA,,_T,,N,,GY,,2007-Q4,,2.3,,A,,,,,,,,2,
DATAFLOW,OECD.SDD.TPS:DSD_PRICES@DF_PRICES_ALL(1.0),,I,GBR,,Q,,N,,CPI,,PA,,_T,,N,,GY,,2008-Q1,,2.5,,A,,,,,,,,2,
DATAFLOW,OECD.SDD.TPS:DSD_PRICES@DF_PRICES_ALL(1.0),,I,GBR,,Q,,N,,CPI,,PA,,_T,,N,,GY,,2008-Q2,,3.3,,A,,,,,,,,2,
DATAFLOW,OECD.SDD.TPS:DSD_PRICES@DF_PRICES_ALL(1.0),,I,GBR,,Q,,N,,CPI,,PA,,_T,,N,,GY,,2008-Q3,,4.5,,A,,,,,,,,2,
DATAFLOW,OECD.SDD.TPS:DSD_PRICES@DF_PRICES_ALL(1.0),,I,GBR,,Q,,N,,CPI,,PA,,_T,,N,,GY,,2008-Q4,,3.7,,A,,,,,,,,2,
DATAFLOW,OECD.SDD.TPS:DSD_PRICES@DF_PRICES_ALL(1.0),,I,GBR,,Q,,N,,CPI,,PA,,_T,,N,,GY,,2009-Q1,,2.9,,A,,,,,,,,2,
DATAFLOW,OECD.SDD.TPS:DSD_PRICES@DF_PRICES_ALL(1.0),,I,GBR,,Q,,N,,CPI,,PA,,_T,,N,,GY,,2009-Q2,,2,,A,,,,,,,,2,
DATAFLOW,OECD.SDD.TPS:DSD_PRICES@DF_PRICES_ALL(1.0),,I,GBR,,Q,,N,,CPI,,PA,,_T,,N,,GY,,2009-Q3,,1.4,,A,,,,,,,,2,
DATAFLOW,OECD.SDD.TPS:DSD_PRICES@DF_PRICES_ALL(1.0),,I,GBR,,Q,,N,,CPI,,PA,,_T,,N,,GY,,2009-Q4,,1.6,,A,,,,,,,,2,
DATAFLOW,OECD.SDD.TPS:DSD_PRICES@DF_PRICES_ALL(1.0),,I,GBR,,Q,,N,,CPI,,PA,,_T,,N,,GY,,2010-Q1,,2.4,,A,,,,,,,,2,
DATAFLOW,OECD.SDD.TPS:DSD_PRICES@DF_PRICES_ALL(1.0),,I,GBR,,Q,,N,,CPI,,PA,,_T,,N,,GY,,2010-Q2,,2.5,,A,,,,,,,,2,
DATAFLOW,OECD.SDD.TPS:DSD_PRICES@DF_PRICES_ALL(1.0),,I,GBR,,Q,,N,,CPI,,PA,,_T,,N,,GY,,2010-Q3,,2.3,,A,,,,,,,,2,
DATAFLOW,OECD.SDD.TPS:DSD_PRICES@DF_PRICES_ALL(1.0),,I,GBR,,Q,,N,,CPI,,PA,,_T,,N,,GY,,2010-Q4,,2.7,,A,,,,,,,,2,
DATAFLOW,OECD.SDD.TPS:DSD_PRICES@DF_PRICES_ALL(1.0),,I,GBR,,Q,,N,,CPI,,PA,,_T,,N,,GY,,2011-Q1,,3.5,,A,,,,,,,,2,
DATAFLOW,OECD.SDD.TPS:DSD_PRICES@DF_PRICES_ALL(1.0),,I,GBR,,Q,,N,,CPI,,PA,,_T,,N,,GY,,2011-Q2,,3.8,,A,,,,,,,,2,
DATAFLOW,OECD.SDD.TPS:DSD_PRICES@DF_PRICES_ALL(1.0),,I,GBR,,Q,,N,,CPI,,PA,,_T,,N,,GY,,2011-Q3,,4,,A,,,,,,,,2,
DATAFLOW,OECD.SDD.TPS:DSD_PRICES@DF_PRICES_ALL(1.0),,I,GBR,,Q,,N,,CPI,,PA,,_T,,N,,GY,,2011-Q4,,4,,A,,,,,,,,2,
DATAFLOW,OECD.SDD.TPS:DSD_PRICES@DF_PRICES_ALL(1.0),,I,GBR,,Q,,N,,CPI,,PA,,_T,,N,,GY,,2012-Q1,,3.1,,A,,,,,,,,2,
DATAFLOW,OECD.SDD.TPS:DSD_PRICES@DF_PRICES_ALL(1.0),,I,GBR,,Q,,N,,CPI,,PA,,_T,,N,,GY,,2012-Q2,,2.5,,A,,,,,,,,2,
DATAFLOW,OECD.SDD.TPS:DSD_PRICES@DF_PRICES_ALL(1.0),,I,GBR,,Q,,N,,CPI,,PA,,_T,,N,,GY,,2012-Q3,,2.2,,A,,,,,,,,2,
DATAFLOW,OECD.SDD.TPS:DSD_PRICES@DF_PRICES_ALL(1.0),,I,GBR,,Q,,N,,CPI,,PA,,_T,,N,,GY,,2012-Q4,,2.4,,A,,,,,,,,2,
DATAFLOW,OECD.SDD.TPS:DSD_PRICES@DF_PRICES_ALL(1.0),,I,GBR,,Q,,N,,CPI,,PA,,_T,,N,,GY,,2013-Q1,,2.5,,A,,,,,,,,2,
DATAFLOW,OECD.SDD.TPS:DSD_PRICES@DF_PRICES_ALL(1.0),,I,GBR,,Q,,N,,CPI,,PA,,_T,,N,,GY,,2013-Q2,,2.4,,A,,,,,,,,2,
DATAFLOW,OECD.SDD.TPS:DSD_PRICES@DF_PRICES_ALL(1.0),,I,GBR,,Q,,N,,CPI,,PA,,_T,,N,,GY,,2013-Q3,,2.4,,A,,,,,,,,2,
DATAFLOW,OECD.SDD.TPS:DSD_PRICES@DF_PRICES_ALL(1.0),,I,GBR,,Q,,N,,CPI,,PA,,_T,,N,,GY,,2013-Q4,,1.9,,A,,,,,,,,2,
DATAFLOW,OECD.SDD.TPS:DSD_PRICES@DF_PRICES_ALL(1.0),,I,GBR,,Q,,N,,CPI,,PA,,_T,,N,,GY,,2014-Q1,,1.6,,A,,,,,,,,2,
DATAFLOW,OECD.SDD.TPS:DSD_PRICES@DF_PRICES_ALL(1.0),,I,GBR,,Q,,N,,CPI,,PA,,_T,,N,,GY,,2014-Q2,,1.6,,A,,,,,,,,2,
DATAFLOW,OECD.SDD.TPS:DSD_PRICES@DF_PRICES_ALL(1.0),,I,GBR,,Q,,N,,CPI,,PA,,_T,,N,,GY,,2014-Q3,,1.5,,A,,,,,,,,2,
DATAFLOW,OECD.SDD.TPS:DSD_PRICES@DF_PRICES_ALL(1.0),,I,GBR,,Q,,N,,CPI,,PA,,_T,,N,,GY,,2014-Q4,,1.1,,A,,,,,,,,2,
DATAFLOW,OECD.SDD.TPS:DSD_PRICES@DF_PRICES_ALL(1.0),,I,GBR,,Q,,N,,CPI,,PA,,_T,,N,,GY,,2015-Q1,,0.4,,A,,,,,,,,2,
DATAFLOW,OECD.SDD.TPS:DSD_PRICES@DF_PRICES_ALL(1.0),,I,GBR,,Q,,N,,CPI,,PA,,_T,,N,,GY,,2015-Q2,,0.3,,A,,,,,,,,2,
DATAFLOW,OECD.SDD.TPS:DSD_PRICES@DF_PRICES_ALL(1.0),,I,GBR,,Q,,N,,CPI,,PA,,_T,,N,,GY,,2015-Q3,,0.4,,A,,,,,,,,2,
DATAFLOW,OECD.SDD.TPS:DSD_PRICES@DF_PRICES_ALL(1.0),,I,GBR,,Q,,N,,CPI,,PA,,_T,,N,,GY,,2015-Q4,,0.4,,A,,,,,,,,2,
DATAFLOW,OECD.SDD.TPS:DSD_PRICES@DF_PRICES_ALL(1.0),,I,GBR,,Q,,N,,CPI,,PA,,_T,,N,,GY,,2016-Q1,,0.7,,A,,,,,,,,2,
DATAFLOW,OECD.SDD.TPS:DSD_PRICES@DF_PRICES_ALL(1.0),,I,GBR,,Q,,N,,CPI,,PA,,_T,,N,,GY,,2016-Q2,,0.7,,A,,,,,,,,2,
DATAFLOW,OECD.SDD.TPS:DSD_PRICES@DF_PRICES_ALL(1.0),,I,GBR,,Q,,N,,CPI,,PA,,_T,,N,,GY,,2016-Q3,,1,,A,,,,,,,,2,
DATAFLOW,OECD.SDD.TPS:DSD_PRICES@DF_PRICES_ALL(1.0),,I,GBR,,Q,,N,,CPI,,PA,,_T,,N,,GY,,2016-Q4,,1.5,,A,,,,,,,,2,
DATAFLOW,OECD.SDD.TPS:DSD_PRICES@DF_PRICES_ALL(1.0),,I,GBR,,Q,,N,,CPI,,PA,,_T,,N,,GY,,2017-Q1,,2.2,,A,,,,,,,,2,
DATAFLOW,OECD.SDD.TPS:DSD_PRICES@DF_PRICES_ALL(1.0),,I,GBR,,Q,,N,,CPI,,PA,,_T,,N,,GY,,2017-Q2,,2.6,,A,,,,,,,,2,
DATAFLOW,OECD.SDD.TPS:DSD_PRICES@DF_PRICES_ALL(1.0),,I,GBR,,Q,,N,,CPI,,PA,,_T,,N,,GY,,2017-Q3,,2.7,,A,,,,,,,,2,
DATAFLOW,OECD.SDD.TPS:DSD_PRICES@DF_PRICES_ALL(1.0),,I,GBR,,Q,,N,,CPI,,PA,,_T,,N,,GY,,2017-Q4,,2.8,,A,,,,,,,,2,
DATAFLOW,OECD.SDD.TPS:DSD_PRICES@DF_PRICES_ALL(1.0),,I,GBR,,Q,,N,,CPI,,PA,,_T,,N,,GY,,2018-Q1,,2.5,,A,,,,,,,,2,
DATAFLOW,OECD.SDD.TPS:DSD_PRICES@DF_PRICES_ALL(1.0),,I,GBR,,Q,,N,,CPI,,PA,,_T,,N,,GY,,2018-Q2,,2.2,,A,,,,,,,,2,
DATAFLOW,OECD.SDD.TPS:DSD_PRICES@DF_PRICES_ALL(1.0),,I,GBR,,Q,,N,,CPI,,PA,,_T,,N,,GY,,2018-Q3,,2.3,,A,,,,,,,,2,
DATAFLOW,OECD.SDD.TPS:DSD_PRICES@DF_PRICES_ALL(1.0),,I,GBR,,Q,,N,,CPI,,PA,,_T,,N,,GY,,2018-Q4,,2.1,,A,,,,,,,,2,
DATAFLOW,OECD.SDD.TPS:DSD_PRICES@DF_PRICES_ALL(1.0),,I,GBR,,Q,,N,,CPI,,PA,,_T,,N,,GY,,2019-Q1,,1.8,,A,,,,,,,,2,
DATAFLOW,OECD.SDD.TPS:DSD_PRICES@DF_PRICES_ALL(1.0),,I,GBR,,Q,,N,,CPI,,PA,,_T,,N,,GY,,2019-Q2,,2,,A,,,,,,,,2,
DATAFLOW,OECD.SDD.TPS:DSD_PRICES@DF_PRICES_ALL(1.0),,I,GBR,,Q,,N,,CPI,,PA,,_T,,N,,GY,,2019-Q3,,1.8,,A,,,,,,,,2,
DATAFLOW,OECD.SDD.TPS:DSD_PRICES@DF_PRICES_ALL(1.0),,I,GBR,,Q,,N,,CPI,,PA,,_T,,N,,GY,,2019-Q4,,1.4,,A,,,,,,,,2,
DATAFLOW,OECD.SDD.TPS:DSD_PRICES@DF_PRICES_ALL(1.0),,I,GBR,,Q,,N,,CPI,,PA,,_T,,N,,GY,,2020-Q1,,1.7,,A,,,,,,,,2,
DATAFLOW,OECD.SDD.TPS:DSD_PRICES@DF_PRICES_ALL(1.0),,I,GBR,,Q,,N,,CPI,,PA,,_T,,N,,GY,,2020-Q2,,0.8,,A,,,,,,,,2,
DATAFLOW,OECD.SDD.TPS:DSD_PRICES@DF_PRICES_ALL(1.0),,I,GBR,,Q,,N,,CPI,,PA,,_T,,N,,GY,,2020-Q3,,0.8,,A,,,,,,,,2,
DATAFLOW,OECD.SDD.TPS:DSD_PRICES@DF_PRICES_ALL(1.0),,I,GBR,,Q,,N,,CPI,,PA,,_T,,N,,GY,,2020-Q4,,0.8,,A,,,,,,,,2,
DATAFLOW,OECD.SDD.TPS:DSD_PRICES@DF_PRICES_ALL(1.0),,I,GBR,,Q,,N,,CPI,,PA,,_T,,N,,GY,,2021-Q1,,0.9,,A,,,,,,,,2,
DATAFLOW,OECD.SDD.TPS:DSD_PRICES@DF_PRICES_ALL(1.0),,I,GBR,,Q,,N,,CPI,,PA,,_T,,N,,GY,,2021-Q2,,2.1,,A,,,,,,,,2,
DATAFLOW,OECD.SDD.TPS:DSD_PRICES@DF_PRICES_ALL(1.0),,I,GBR,,Q,,N,,CPI,,PA,,_T,,N,,GY,,2021-Q3,,2.7,,A,,,,,,,,2,
DATAFLOW,OECD.SDD.TPS:DSD_PRICES@DF_PRICES_ALL(1.0),,I,GBR,,Q,,N,,CPI,,PA,,_T,,N,,GY,,2021-Q4,,4.4,,A,,,,,,,,2,
DATAFLOW,OECD.SDD.TPS:DSD_PRICES@DF_PRICES_ALL(1.0),,I,GBR,,Q,,N,,CPI,,PA,,_T,,N,,GY,,2022-Q1,,5.5,,A,,,,,,,,2,
DATAFLOW,OECD.SDD.TPS:DSD_PRICES@DF_PRICES_ALL(1.0),,I,GBR,,Q,,N,,CPI,,PA,,_T,,N,,GY,,2022-Q2,,7.9,,A,,,,,,,,2,
DATAFLOW,OECD.SDD.TPS:DSD_PRICES@DF_PRICES_ALL(1.0),,I,GBR,,Q,,N,,CPI,,PA,,_T,,N,,GY,,2022-Q3,,8.7,,A,,,,,,,,2,
DATAFLOW,OECD.SDD.TPS:DSD_PRICES@DF_PRICES_ALL(1.0),,I,GBR,,Q,,N,,CPI,,PA,,_T,,N,,GY,,2022-Q4,,9.4,,A,,,,,,,,2,
DATAFLOW,OECD.SDD.TPS:DSD_PRICES@DF_PRICES_ALL(1.0),,I,GBR,,Q,,N,,CPI,,PA,,_T,,N,,GY,,2023-Q1,,9,,A,,,,,,,,2,
DATAFLOW,OECD.SDD.TPS:DSD_PRICES@DF_PRICES_ALL(1.0),,I,GBR,,Q,,N,,CPI,,PA,,_T,,N,,GY,,2023-Q2,,7.7,,A,,,,,,,,2,
DATAFLOW,OECD.SDD.TPS:DSD_PRICES@DF_PRICES_ALL(1.0),,I,GBR,,Q,,N,,CPI,,PA,,_T,,N,,GY,,2023-Q3,,6.3,,A,,,,,,,,2,
DATAFLOW,OECD.SDD.TPS:DSD_PRICES@DF_PRICES_ALL(1.0),,I,GBR,,Q,,N,,CPI,,PA,,_T,,N,,GY,,2023-Q4,,4.4,,A,,,,,,,,2,
DATAFLOW,OECD.SDD.TPS:DSD_PRICES@DF_PRICES_ALL(1.0),,I,GBR,,Q,,N,,CPI,,PA,,_T,,N,,GY,,2024-Q1,,3.9,,A,,,,,,,,2,
DATAFLOW,OECD.SDD.TPS:DSD_PRICES@DF_PRICES_ALL(1.0),,I,GBR,,Q,,N,,CPI,,PA,,_T,,N,,GY,,2024-Q2,,2.9,,A,,,,,,,,2,
DATAFLOW,OECD.SDD.TPS:DSD_PRICES@DF_PRICES_ALL(1.0),,I,GBR,,Q,,N,,CPI,,PA,,_T,,N,,GY,,2024-Q3,,2.9,,A,,,,,,,,2,
DATAFLOW,OECD.SDD.TPS:DSD_PRICES@DF_PRICES_ALL(1.0),,I,GBR,,Q,,N,,CPI,,PA,,_T,,N,,GY,,2024-Q4,,3.4,,A,,,,,,,,2,
DATAFLOW,OECD.SDD.TPS:DSD_PRICES@DF_PRICES_ALL(1.0),,I,GBR,,Q,,N,,CPI,,PA,,_T,,N,,GY,,2025-Q1,,3.6,,A,,,,,,,,2,
DATAFLOW,OECD.SDD.TPS:DSD_PRICES@DF_PRICES_ALL(1.0),,I,GBR,,Q,,N,,CPI,,PA,,_T,,N,,GY,,2025-Q2,,4.1,,A,,,,,,,,2,
DATAFLOW,OECD.SDD.TPS:DSD_PRICES@DF_PRICES_ALL(1.0),,I,GBR,,Q,,N,,CPI,,PA,,_T,,N,,GY,,2025-Q3,,4.1,,A,,,,,,,,2,
DATAFLOW,OECD.SDD.TPS:DSD_PRICES@DF_PRICES_ALL(1.0),,I,GBR,,Q,,N,,CPI,,PA,,_T,,N,,GY,,2025-Q4,,3.6,,A,,,,,,,,2,
DATAFLOW,OECD.SDD.TPS:DSD_PRICES@DF_PRICES_ALL(1.0),,I,GBR,,Q,,N,,CPI,,PA,,_T,,N,,GY,,2026-Q1,,3.3,,A,,,,,,,,2,
DATAFLOW,OECD.SDD.TPS:DSD_PRICES@DF_PRICES_ALL(1.0),,I,KOR,,Q,,N,,CPI,,PA,,_T,,N,,GY,,2026-Q2,,2.957359,,A,,,,,,,,2,
DATAFLOW,OECD.SDD.TPS:DSD_PRICES@DF_PRICES_ALL(1.0),,I,ARG,,Q,,N,,CPI,,PA,,_T,,N,,GY,,2026-Q2,,33.03771,,A,,,,,,,,2,
DATAFLOW,OECD.SDD.TPS:DSD_PRICES@DF_PRICES_ALL(1.0),,I,BRA,,Q,,N,,CPI,,PA,,_T,,N,,GY,,2026-Q2,,4.585979,,A,,,,,,,,2,
DATAFLOW,OECD.SDD.TPS:DSD_PRICES@DF_PRICES_ALL(1.0),,I,CHN,,Q,,N,,CPI,,PA,,_T,,N,,GY,,2026-Q2,,1.133381,,A,,,,,,,,2,
DATAFLOW,OECD.SDD.TPS:DSD_PRICES@DF_PRICES_ALL(1.0),,I,G7,,Q,,N,,CPI,,PA,,_T,,N,,GY,,2025-Q1,,2.681368,,A,,,,,,,,2,
DATAFLOW,OECD.SDD.TPS:DSD_PRICES@DF_PRICES_ALL(1.0),,I,G7,,Q,,N,,CPI,,PA,,_T,,N,,GY,,2025-Q2,,2.456462,,A,,,,,,,,2,
DATAFLOW,OECD.SDD.TPS:DSD_PRICES@DF_PRICES_ALL(1.0),,I,G7,,Q,,N,,CPI,,PA,,_T,,N,,GY,,2025-Q3,,2.683149,,A,,,,,,,,2,
DATAFLOW,OECD.SDD.TPS:DSD_PRICES@DF_PRICES_ALL(1.0),,I,G7,,Q,,N,,CPI,,PA,,_T,,N,,GY,,2026-Q1,,2.35809,,A,,,,,,,,2,
DATAFLOW,OECD.SDD.TPS:DSD_PRICES@DF_PRICES_ALL(1.0),,I,G7,,Q,,N,,CPI,,PA,,_T,,N,,GY,,2026-Q2,,3.248166,,A,,,,,,,,2,
DATAFLOW,OECD.SDD.TPS:DSD_PRICES@DF_PRICES_ALL(1.0),,I,G20,,Q,,N,,CPI,,PA,,_T,,N,,GY,,1997-Q1,,6.435894,,A,,,,,,,,2,
DATAFLOW,OECD.SDD.TPS:DSD_PRICES@DF_PRICES_ALL(1.0),,I,G20,,Q,,N,,CPI,,PA,,_T,,N,,GY,,1997-Q2,,6.170259,,A,,,,,,,,2,
DATAFLOW,OECD.SDD.TPS:DSD_PRICES@DF_PRICES_ALL(1.0),,I,G20,,Q,,N,,CPI,,PA,,_T,,N,,GY,,1997-Q3,,6.182779,,A,,,,,,,,2,
DATAFLOW,OECD.SDD.TPS:DSD_PRICES@DF_PRICES_ALL(1.0),,I,G20,,Q,,N,,CPI,,PA,,_T,,N,,GY,,1997-Q4,,6.270554,,A,,,,,,,,2,
DATAFLOW,OECD.SDD.TPS:DSD_PRICES@DF_PRICES_ALL(1.0),,I,G20,,Q,,N,,CPI,,PA,,_T,,N,,GY,,1998-Q1,,6.164081,,A,,,,,,,,2,
DATAFLOW,OECD.SDD.TPS:DSD_PRICES@DF_PRICES_ALL(1.0),,I,G20,,Q,,N,,CPI,,PA,,_T,,N,,GY,,1998-Q2,,5.906416,,A,,,,,,,,2,
DATAFLOW,OECD.SDD.TPS:DSD_PRICES@DF_PRICES_ALL(1.0),,I,G20,,Q,,N,,CPI,,PA,,_T,,N,,GY,,1998-Q3,,6.640594,,A,,,,,,,,2,
DATAFLOW,OECD.SDD.TPS:DSD_PRICES@DF_PRICES_ALL(1.0),,I,G20,,Q,,N,,CPI,,PA,,_T,,N,,GY,,1998-Q4,,7.739833,,A,,,,,,,,2,
DATAFLOW,OECD.SDD.TPS:DSD_PRICES@DF_PRICES_ALL(1.0),,I,G20,,Q,,N,,CPI,,PA,,_T,,N,,GY,,1999-Q1,,7.094213,,A,,,,,,,,2,
DATAFLOW,OECD.SDD.TPS:DSD_PRICES@DF_PRICES_ALL(1.0),,I,G20,,Q,,N,,CPI,,PA,,_T,,N,,GY,,1999-Q2,,6.828876,,A,,,,,,,,2,
DATAFLOW,OECD.SDD.TPS:DSD_PRICES@DF_PRICES_ALL(1.0),,I,G20,,Q,,N,,CPI,,PA,,_T,,N,,GY,,1999-Q3,,5.923223,,A,,,,,,,,2,
DATAFLOW,OECD.SDD.TPS:DSD_PRICES@DF_PRICES_ALL(1.0),,I,G20,,Q,,N,,CPI,,PA,,_T,,N,,GY,,1999-Q4,,4.668581,,A,,,,,,,,2,
DATAFLOW,OECD.SDD.TPS:DSD_PRICES@DF_PRICES_ALL(1.0),,I,G20,,Q,,N,,CPI,,PA,,_T,,N,,GY,,2000-Q1,,4.592072,,A,,,,,,,,2,
DATAFLOW,OECD.SDD.TPS:DSD_PRICES@DF_PRICES_ALL(1.0),,I,G20,,Q,,N,,CPI,,PA,,_T,,N,,GY,,2000-Q2,,4.371994,,A,,,,,,,,2,
DATAFLOW,OECD.SDD.TPS:DSD_PRICES@DF_PRICES_ALL(1.0),,I,G20,,Q,,N,,CPI,,PA,,_T,,N,,GY,,2000-Q3,,4.515053,,A,,,,,,,,2,
DATAFLOW,OECD.SDD.TPS:DSD_PRICES@DF_PRICES_ALL(1.0),,I,G20,,Q,,N,,CPI,,PA,,_T,,N,,GY,,2000-Q4,,4.323064,,A,,,,,,,,2,
DATAFLOW,OECD.SDD.TPS:DSD_PRICES@DF_PRICES_ALL(1.0),,I,G20,,Q,,N,,CPI,,PA,,_T,,N,,GY,,2001-Q1,,4.132546,,A,,,,,,,,2,
DATAFLOW,OECD.SDD.TPS:DSD_PRICES@DF_PRICES_ALL(1.0),,I,G20,,Q,,N,,CPI,,PA,,_T,,N,,GY,,2001-Q2,,4.743483,,A,,,,,,,,2,
DATAFLOW,OECD.SDD.TPS:DSD_PRICES@DF_PRICES_ALL(1.0),,I,G20,,Q,,N,,CPI,,PA,,_T,,N,,GY,,2001-Q3,,4.38054,,A,,,,,,,,2,
DATAFLOW,OECD.SDD.TPS:DSD_PRICES@DF_PRICES_ALL(1.0),,I,G20,,Q,,N,,CPI,,PA,,_T,,N,,GY,,2001-Q4,,4.029014,,A,,,,,,,,2,
DATAFLOW,OECD.SDD.TPS:DSD_PRICES@DF_PRICES_ALL(1.0),,I,G20,,Q,,N,,CPI,,PA,,_T,,N,,GY,,2002-Q1,,3.942936,,A,,,,,,,,2,
DATAFLOW,OECD.SDD.TPS:DSD_PRICES@DF_PRICES_ALL(1.0),,I,G20,,Q,,N,,CPI,,PA,,_T,,N,,GY,,2002-Q2,,3.35961,,A,,,,,,,,2,
DATAFLOW,OECD.SDD.TPS:DSD_PRICES@DF_PRICES_ALL(1.0),,I,G20,,Q,,N,,CPI,,PA,,_T,,N,,GY,,2002-Q3,,3.256727,,A,,,,,,,,2,
DATAFLOW,OECD.SDD.TPS:DSD_PRICES@DF_PRICES_ALL(1.0),,I,G20,,Q,,N,,CPI,,PA,,_T,,N,,GY,,2002-Q4,,3.44794,,A,,,,,,,,2,
DATAFLOW,OECD.SDD.TPS:DSD_PRICES@DF_PRICES_ALL(1.0),,I,G20,,Q,,N,,CPI,,PA,,_T,,N,,GY,,2003-Q1,,3.793383,,A,,,,,,,,2,
DATAFLOW,OECD.SDD.TPS:DSD_PRICES@DF_PRICES_ALL(1.0),,I,G20,,Q,,N,,CPI,,PA,,_T,,N,,GY,,2003-Q2,,3.458965,,A,,,,,,,,2,
DATAFLOW,OECD.SDD.TPS:DSD_PRICES@DF_PRICES_ALL(1.0),,I,G20,,Q,,N,,CPI,,PA,,_T,,N,,GY,,2003-Q3,,3.215508,,A,,,,,,,,2,
DATAFLOW,OECD.SDD.TPS:DSD_PRICES@DF_PRICES_ALL(1.0),,I,G20,,Q,,N,,CPI,,PA,,_T,,N,,GY,,2003-Q4,,2.934786,,A,,,,,,,,2,
DATAFLOW,OECD.SDD.TPS:DSD_PRICES@DF_PRICES_ALL(1.0),,I,G20,,Q,,N,,CPI,,PA,,_T,,N,,GY,,2004-Q1,,2.571965,,A,,,,,,,,2,
DATAFLOW,OECD.SDD.TPS:DSD_PRICES@DF_PRICES_ALL(1.0),,I,G20,,Q,,N,,CPI,,PA,,_T,,N,,GY,,2004-Q2,,3.008411,,A,,,,,,,,2,
DATAFLOW,OECD.SDD.TPS:DSD_PRICES@DF_PRICES_ALL(1.0),,I,G20,,Q,,N,,CPI,,PA,,_T,,N,,GY,,2004-Q3,,3.25355,,A,,,,,,,,2,
DATAFLOW,OECD.SDD.TPS:DSD_PRICES@DF_PRICES_ALL(1.0),,I,G20,,Q,,N,,CPI,,PA,,_T,,N,,GY,,2004-Q4,,3.409785,,A,,,,,,,,2,
DATAFLOW,OECD.SDD.TPS:DSD_PRICES@DF_PRICES_ALL(1.0),,I,G20,,Q,,N,,CPI,,PA,,_T,,N,,GY,,2005-Q1,,3.218432,,A,,,,,,,,2,
DATAFLOW,OECD.SDD.TPS:DSD_PRICES@DF_PRICES_ALL(1.0),,I,G20,,Q,,N,,CPI,,PA,,_T,,N,,GY,,2005-Q2,,3.113633,,A,,,,,,,,2,
DATAFLOW,OECD.SDD.TPS:DSD_PRICES@DF_PRICES_ALL(1.0),,I,G20,,Q,,N,,CPI,,PA,,_T,,N,,GY,,2005-Q3,,3.333612,,A,,,,,,,,2,
DATAFLOW,OECD.SDD.TPS:DSD_PRICES@DF_PRICES_ALL(1.0),,I,G20,,Q,,N,,CPI,,PA,,_T,,N,,GY,,2005-Q4,,3.478178,,A,,,,,,,,2,
DATAFLOW,OECD.SDD.TPS:DSD_PRICES@DF_PRICES_ALL(1.0),,I,G20,,Q,,N,,CPI,,PA,,_T,,N,,GY,,2006-Q1,,3.449522,,A,,,,,,,,2,
DATAFLOW,OECD.SDD.TPS:DSD_PRICES@DF_PRICES_ALL(1.0),,I,G20,,Q,,N,,CPI,,PA,,_T,,N,,GY,,2006-Q2,,3.654349,,A,,,,,,,,2,
DATAFLOW,OECD.SDD.TPS:DSD_PRICES@DF_PRICES_ALL(1.0),,I,G20,,Q,,N,,CPI,,PA,,_T,,N,,GY,,2006-Q3,,3.436668,,A,,,,,,,,2,
DATAFLOW,OECD.SDD.TPS:DSD_PRICES@DF_PRICES_ALL(1.0),,I,G20,,Q,,N,,CPI,,PA,,_T,,N,,GY,,2006-Q4,,2.717513,,A,,,,,,,,2,
DATAFLOW,OECD.SDD.TPS:DSD_PRICES@DF_PRICES_ALL(1.0),,I,G20,,Q,,N,,CPI,,PA,,_T,,N,,GY,,2007-Q1,,2.95891,,A,,,,,,,,2,
DATAFLOW,OECD.SDD.TPS:DSD_PRICES@DF_PRICES_ALL(1.0),,I,G20,,Q,,N,,CPI,,PA,,_T,,N,,GY,,2007-Q2,,3.059191,,A,,,,,,,,2,
DATAFLOW,OECD.SDD.TPS:DSD_PRICES@DF_PRICES_ALL(1.0),,I,G20,,Q,,N,,CPI,,PA,,_T,,N,,GY,,2007-Q3,,3.224598,,A,,,,,,,,2,
DATAFLOW,OECD.SDD.TPS:DSD_PRICES@DF_PRICES_ALL(1.0),,I,G20,,Q,,N,,CPI,,PA,,_T,,N,,GY,,2007-Q4,,4.179234,,A,,,,,,,,2,
DATAFLOW,OECD.SDD.TPS:DSD_PRICES@DF_PRICES_ALL(1.0),,I,G20,,Q,,N,,CPI,,PA,,_T,,N,,GY,,2008-Q1,,4.742887,,A,,,,,,,,2,
DATAFLOW,OECD.SDD.TPS:DSD_PRICES@DF_PRICES_ALL(1.0),,I,G20,,Q,,N,,CPI,,PA,,_T,,N,,GY,,2008-Q2,,5.309785,,A,,,,,,,,2,
DATAFLOW,OECD.SDD.TPS:DSD_PRICES@DF_PRICES_ALL(1.0),,I,G20,,Q,,N,,CPI,,PA,,_T,,N,,GY,,2008-Q3,,5.804535,,A,,,,,,,,2,
DATAFLOW,OECD.SDD.TPS:DSD_PRICES@DF_PRICES_ALL(1.0),,I,G20,,Q,,N,,CPI,,PA,,_T,,N,,GY,,2008-Q4,,3.953061,,A,,,,,,,,2,
DATAFLOW,OECD.SDD.TPS:DSD_PRICES@DF_PRICES_ALL(1.0),,I,G20,,Q,,N,,CPI,,PA,,_T,,N,,GY,,2009-Q1,,2.541117,,A,,,,,,,,2,
DATAFLOW,OECD.SDD.TPS:DSD_PRICES@DF_PRICES_ALL(1.0),,I,G20,,Q,,N,,CPI,,PA,,_T,,N,,GY,,2009-Q2,,1.575501,,A,,,,,,,,2,
DATAFLOW,OECD.SDD.TPS:DSD_PRICES@DF_PRICES_ALL(1.0),,I,G20,,Q,,N,,CPI,,PA,,_T,,N,,GY,,2009-Q3,,1.215774,,A,,,,,,,,2,
DATAFLOW,OECD.SDD.TPS:DSD_PRICES@DF_PRICES_ALL(1.0),,I,G20,,Q,,N,,CPI,,PA,,_T,,N,,GY,,2009-Q4,,2.525512,,A,,,,,,,,2,
DATAFLOW,OECD.SDD.TPS:DSD_PRICES@DF_PRICES_ALL(1.0),,I,G20,,Q,,N,,CPI,,PA,,_T,,N,,GY,,2010-Q1,,3.419293,,A,,,,,,,,2,
DATAFLOW,OECD.SDD.TPS:DSD_PRICES@DF_PRICES_ALL(1.0),,I,G20,,Q,,N,,CPI,,PA,,_T,,N,,GY,,2010-Q2,,3.216673,,A,,,,,,,,2,
DATAFLOW,OECD.SDD.TPS:DSD_PRICES@DF_PRICES_ALL(1.0),,I,G20,,Q,,N,,CPI,,PA,,_T,,N,,GY,,2010-Q3,,2.911586,,A,,,,,,,,2,
DATAFLOW,OECD.SDD.TPS:DSD_PRICES@DF_PRICES_ALL(1.0),,I,G20,,Q,,N,,CPI,,PA,,_T,,N,,GY,,2010-Q4,,3.267702,,A,,,,,,,,2,
DATAFLOW,OECD.SDD.TPS:DSD_PRICES@DF_PRICES_ALL(1.0),,I,G20,,Q,,N,,CPI,,PA,,_T,,N,,GY,,2011-Q1,,3.749837,,A,,,,,,,,2,
DATAFLOW,OECD.SDD.TPS:DSD_PRICES@DF_PRICES_ALL(1.0),,I,G20,,Q,,N,,CPI,,PA,,_T,,N,,GY,,2011-Q2,,4.306064,,A,,,,,,,,2,
DATAFLOW,OECD.SDD.TPS:DSD_PRICES@DF_PRICES_ALL(1.0),,I,G20,,Q,,N,,CPI,,PA,,_T,,N,,GY,,2011-Q3,,4.407853,,A,,,,,,,,2,
DATAFLOW,OECD.SDD.TPS:DSD_PRICES@DF_PRICES_ALL(1.0),,I,G20,,Q,,N,,CPI,,PA,,_T,,N,,GY,,2011-Q4,,4.000958,,A,,,,,,,,2,
DATAFLOW,OECD.SDD.TPS:DSD_PRICES@DF_PRICES_ALL(1.0),,I,G20,,Q,,N,,CPI,,PA,,_T,,N,,GY,,2012-Q1,,3.448844,,A,,,,,,,,2,
DATAFLOW,OECD.SDD.TPS:DSD_PRICES@DF_PRICES_ALL(1.0),,I,G20,,Q,,N,,CPI,,PA,,_T,,N,,GY,,2012-Q2,,3.128648,,A,,,,,,,,2,
DATAFLOW,OECD.SDD.TPS:DSD_PRICES@DF_PRICES_ALL(1.0),,I,G20,,Q,,N,,CPI,,PA,,_T,,N,,GY,,2012-Q3,,3.04793,,A,,,,,,,,2,
DATAFLOW,OECD.SDD.TPS:DSD_PRICES@DF_PRICES_ALL(1.0),,I,G20,,Q,,N,,CPI,,PA,,_T,,N,,GY,,2012-Q4,,3.122034,,A,,,,,,,,2,
DATAFLOW,OECD.SDD.TPS:DSD_PRICES@DF_PRICES_ALL(1.0),,I,G20,,Q,,N,,CPI,,PA,,_T,,N,,GY,,2013-Q1,,3.181627,,A,,,,,,,,2,
DATAFLOW,OECD.SDD.TPS:DSD_PRICES@DF_PRICES_ALL(1.0),,I,G20,,Q,,N,,CPI,,PA,,_T,,N,,GY,,2013-Q2,,2.954722,,A,,,,,,,,2,
DATAFLOW,OECD.SDD.TPS:DSD_PRICES@DF_PRICES_ALL(1.0),,I,G20,,Q,,N,,CPI,,PA,,_T,,N,,GY,,2013-Q3,,3.162427,,A,,,,,,,,2,
DATAFLOW,OECD.SDD.TPS:DSD_PRICES@DF_PRICES_ALL(1.0),,I,G20,,Q,,N,,CPI,,PA,,_T,,N,,GY,,2013-Q4,,2.96269,,A,,,,,,,,2,
DATAFLOW,OECD.SDD.TPS:DSD_PRICES@DF_PRICES_ALL(1.0),,I,G20,,Q,,N,,CPI,,PA,,_T,,N,,GY,,2014-Q1,,2.665389,,A,,,,,,,,2,
DATAFLOW,OECD.SDD.TPS:DSD_PRICES@DF_PRICES_ALL(1.0),,I,G20,,Q,,N,,CPI,,PA,,_T,,N,,GY,,2014-Q2,,3.030974,,A,,,,,,,,2,
DATAFLOW,OECD.SDD.TPS:DSD_PRICES@DF_PRICES_ALL(1.0),,I,G20,,Q,,N,,CPI,,PA,,_T,,N,,GY,,2014-Q3,,2.788401,,A,,,,,,,,2,
DATAFLOW,OECD.SDD.TPS:DSD_PRICES@DF_PRICES_ALL(1.0),,I,G20,,Q,,N,,CPI,,PA,,_T,,N,,GY,,2014-Q4,,2.444587,,A,,,,,,,,2,
DATAFLOW,OECD.SDD.TPS:DSD_PRICES@DF_PRICES_ALL(1.0),,I,G20,,Q,,N,,CPI,,PA,,_T,,N,,GY,,2015-Q1,,2.261577,,A,,,,,,,,2,
DATAFLOW,OECD.SDD.TPS:DSD_PRICES@DF_PRICES_ALL(1.0),,I,G20,,Q,,N,,CPI,,PA,,_T,,N,,GY,,2015-Q2,,2.294772,,A,,,,,,,,2,
DATAFLOW,OECD.SDD.TPS:DSD_PRICES@DF_PRICES_ALL(1.0),,I,G20,,Q,,N,,CPI,,PA,,_T,,N,,GY,,2015-Q3,,2.284876,,A,,,,,,,,2,
DATAFLOW,OECD.SDD.TPS:DSD_PRICES@DF_PRICES_ALL(1.0),,I,G20,,Q,,N,,CPI,,PA,,_T,,N,,GY,,2015-Q4,,2.413499,,A,,,,,,,,2,
DATAFLOW,OECD.SDD.TPS:DSD_PRICES@DF_PRICES_ALL(1.0),,I,G20,,Q,,N,,CPI,,PA,,_T,,N,,GY,,2016-Q1,,2.370536,,A,,,,,,,,2,
DATAFLOW,OECD.SDD.TPS:DSD_PRICES@DF_PRICES_ALL(1.0),,I,G20,,Q,,N,,CPI,,PA,,_T,,N,,GY,,2016-Q2,,2.180452,,A,,,,,,,,2,
DATAFLOW,OECD.SDD.TPS:DSD_PRICES@DF_PRICES_ALL(1.0),,I,G20,,Q,,N,,CPI,,PA,,_T,,N,,GY,,2016-Q3,,2.106203,,A,,,,,,,,2,
DATAFLOW,OECD.SDD.TPS:DSD_PRICES@DF_PRICES_ALL(1.0),,I,G20,,Q,,N,,CPI,,PA,,_T,,N,,GY,,2016-Q4,,2.218346,,A,,,,,,,,2,
DATAFLOW,OECD.SDD.TPS:DSD_PRICES@DF_PRICES_ALL(1.0),,I,G20,,Q,,N,,CPI,,PA,,_T,,N,,GY,,2017-Q1,,2.4668,,A,,,,,,,,2,
DATAFLOW,OECD.SDD.TPS:DSD_PRICES@DF_PRICES_ALL(1.0),,I,G20,,Q,,N,,CPI,,PA,,_T,,N,,GY,,2017-Q2,,2.205522,,A,,,,,,,,2,
DATAFLOW,OECD.SDD.TPS:DSD_PRICES@DF_PRICES_ALL(1.0),,I,G20,,Q,,N,,CPI,,PA,,_T,,N,,GY,,2017-Q3,,2.239296,,A,,,,,,,,2,
DATAFLOW,OECD.SDD.TPS:DSD_PRICES@DF_PRICES_ALL(1.0),,I,G20,,Q,,N,,CPI,,PA,,_T,,N,,GY,,2017-Q4,,2.428645,,A,,,,,,,,2,
DATAFLOW,OECD.SDD.TPS:DSD_PRICES@DF_PRICES_ALL(1.0),,I,G20,,Q,,N,,CPI,,PA,,_T,,N,,GY,,2018-Q1,,2.772827,,A,,,,,,,,2,
DATAFLOW,OECD.SDD.TPS:DSD_PRICES@DF_PRICES_ALL(1.0),,I,G20,,Q,,N,,CPI,,PA,,_T,,N,,GY,,2018-Q2,,2.897091,,A,,,,,,,,2,
DATAFLOW,OECD.SDD.TPS:DSD_PRICES@DF_PRICES_ALL(1.0),,I,G20,,Q,,N,,CPI,,PA,,_T,,N,,GY,,2018-Q3,,3.516704,,A,,,,,,,,2,
DATAFLOW,OECD.SDD.TPS:DSD_PRICES@DF_PRICES_ALL(1.0),,I,G20,,Q,,N,,CPI,,PA,,_T,,N,,GY,,2018-Q4,,3.51483,,A,,,,,,,,2,
DATAFLOW,OECD.SDD.TPS:DSD_PRICES@DF_PRICES_ALL(1.0),,I,G20,,Q,,N,,CPI,,PA,,_T,,N,,GY,,2019-Q1,,3.28956,,A,,,,,,,,2,
DATAFLOW,OECD.SDD.TPS:DSD_PRICES@DF_PRICES_ALL(1.0),,I,G20,,Q,,N,,CPI,,PA,,_T,,N,,GY,,2019-Q2,,3.689823,,A,,,,,,,,2,
DATAFLOW,OECD.SDD.TPS:DSD_PRICES@DF_PRICES_ALL(1.0),,I,G20,,Q,,N,,CPI,,PA,,_T,,N,,GY,,2019-Q3,,3.267483,,A,,,,,,,,2,
DATAFLOW,OECD.SDD.TPS:DSD_PRICES@DF_PRICES_ALL(1.0),,I,G20,,Q,,N,,CPI,,PA,,_T,,N,,GY,,2019-Q4,,3.652037,,A,,,,,,,,2,
DATAFLOW,OECD.SDD.TPS:DSD_PRICES@DF_PRICES_ALL(1.0),,I,G20,,Q,,N,,CPI,,PA,,_T,,N,,GY,,2020-Q1,,3.721339,,A,,,,,,,,2,
DATAFLOW,OECD.SDD.TPS:DSD_PRICES@DF_PRICES_ALL(1.0),,I,G20,,Q,,N,,CPI,,PA,,_T,,N,,GY,,2020-Q2,,2.298691,,A,,,,,,,,2,
DATAFLOW,OECD.SDD.TPS:DSD_PRICES@DF_PRICES_ALL(1.0),,I,G20,,Q,,N,,CPI,,PA,,_T,,N,,GY,,2020-Q3,,2.46606,,A,,,,,,,,2,
DATAFLOW,OECD.SDD.TPS:DSD_PRICES@DF_PRICES_ALL(1.0),,I,G20,,Q,,N,,CPI,,PA,,_T,,N,,GY,,2020-Q4,,2.07083,,A,,,,,,,,2,
DATAFLOW,OECD.SDD.TPS:DSD_PRICES@DF_PRICES_ALL(1.0),,I,G20,,Q,,N,,CPI,,PA,,_T,,N,,GY,,2021-Q1,,2.560183,,A,,,,,,,,2,
DATAFLOW,OECD.SDD.TPS:DSD_PRICES@DF_PRICES_ALL(1.0),,I,G20,,Q,,N,,CPI,,PA,,_T,,N,,GY,,2021-Q2,,4.152358,,A,,,,,,,,2,
DATAFLOW,OECD.SDD.TPS:DSD_PRICES@DF_PRICES_ALL(1.0),,I,G20,,Q,,N,,CPI,,PA,,_T,,N,,GY,,2021-Q3,,4.512354,,A,,,,,,,,2,
DATAFLOW,OECD.SDD.TPS:DSD_PRICES@DF_PRICES_ALL(1.0),,I,G20,,Q,,N,,CPI,,PA,,_T,,N,,GY,,2021-Q4,,5.727736,,A,,,,,,,,2,
DATAFLOW,OECD.SDD.TPS:DSD_PRICES@DF_PRICES_ALL(1.0),,I,G20,,Q,,N,,CPI,,PA,,_T,,N,,GY,,2022-Q1,,7.036212,,A,,,,,,,,2,
DATAFLOW,OECD.SDD.TPS:DSD_PRICES@DF_PRICES_ALL(1.0),,I,G20,,Q,,N,,CPI,,PA,,_T,,N,,GY,,2022-Q2,,8.862287,,A,,,,,,,,2,
DATAFLOW,OECD.SDD.TPS:DSD_PRICES@DF_PRICES_ALL(1.0),,I,G20,,Q,,N,,CPI,,PA,,_T,,N,,GY,,2022-Q3,,9.284484,,A,,,,,,,,2,
DATAFLOW,OECD.SDD.TPS:DSD_PRICES@DF_PRICES_ALL(1.0),,I,G20,,Q,,N,,CPI,,PA,,_T,,N,,GY,,2022-Q4,,8.954155,,A,,,,,,,,2,
DATAFLOW,OECD.SDD.TPS:DSD_PRICES@DF_PRICES_ALL(1.0),,I,G20,,Q,,N,,CPI,,PA,,_T,,N,,GY,,2023-Q1,,7.795667,,A,,,,,,,,2,
DATAFLOW,OECD.SDD.TPS:DSD_PRICES@DF_PRICES_ALL(1.0),,I,G20,,Q,,N,,CPI,,PA,,_T,,N,,GY,,2023-Q2,,5.995414,,A,,,,,,,,2,
DATAFLOW,OECD.SDD.TPS:DSD_PRICES@DF_PRICES_ALL(1.0),,I,G20,,Q,,N,,CPI,,PA,,_T,,N,,GY,,2023-Q3,,6.226866,,A,,,,,,,,2,
DATAFLOW,OECD.SDD.TPS:DSD_PRICES@DF_PRICES_ALL(1.0),,I,G20,,Q,,N,,CPI,,PA,,_T,,N,,GY,,2023-Q4,,6.261957,,A,,,,,,,,2,
DATAFLOW,OECD.SDD.TPS:DSD_PRICES@DF_PRICES_ALL(1.0),,I,G20,,Q,,N,,CPI,,PA,,_T,,N,,GY,,2024-Q1,,6.944884,,A,,,,,,,,2,
DATAFLOW,OECD.SDD.TPS:DSD_PRICES@DF_PRICES_ALL(1.0),,I,G20,,Q,,N,,CPI,,PA,,_T,,N,,GY,,2024-Q2,,6.994583,,A,,,,,,,,2,
DATAFLOW,OECD.SDD.TPS:DSD_PRICES@DF_PRICES_ALL(1.0),,I,G20,,Q,,N,,CPI,,PA,,_T,,N,,GY,,2024-Q3,,6.200504,,A,,,,,,,,2,
DATAFLOW,OECD.SDD.TPS:DSD_PRICES@DF_PRICES_ALL(1.0),,I,G20,,Q,,N,,CPI,,PA,,_T,,N,,GY,,2024-Q4,,5.423998,,A,,,,,,,,2,
DATAFLOW,OECD.SDD.TPS:DSD_PRICES@DF_PRICES_ALL(1.0),,I,G20,,Q,,N,,CPI,,PA,,_T,,N,,GY,,2025-Q1,,4.349267,,A,,,,,,,,2,
DATAFLOW,OECD.SDD.TPS:DSD_PRICES@DF_PRICES_ALL(1.0),,I,G20,,Q,,N,,CPI,,PA,,_T,,N,,GY,,2025-Q2,,3.884852,,A,,,,,,,,2,
DATAFLOW,OECD.SDD.TPS:DSD_PRICES@DF_PRICES_ALL(1.0),,I,G20,,Q,,N,,CPI,,PA,,_T,,N,,GY,,2025-Q3,,3.687166,,A,,,,,,,,2,
DATAFLOW,OECD.SDD.TPS:DSD_PRICES@DF_PRICES_ALL(1.0),,I,G20,,Q,,N,,CPI,,PA,,_T,,N,,GY,,2026-Q1,,3.581081,,A,,,,,,,,2,
DATAFLOW,OECD.SDD.TPS:DSD_PRICES@DF_PRICES_ALL(1.0),,I,G20,,Q,,N,,CPI,,PA,,_T,,N,,GY,,2026-Q2,,4.16681,,A,,,,,,,,2,
DATAFLOW,OECD.SDD.TPS:DSD_PRICES@DF_PRICES_ALL(1.0),,I,OECD,,Q,,N,,CPI,,PA,,_T,,N,,GY,,2014-Q1,,1.567871,,A,,,,,,,,2,
DATAFLOW,OECD.SDD.TPS:DSD_PRICES@DF_PRICES_ALL(1.0),,I,OECD,,Q,,N,,CPI,,PA,,_T,,N,,GY,,2014-Q2,,2.062503,,A,,,,,,,,2,
DATAFLOW,OECD.SDD.TPS:DSD_PRICES@DF_PRICES_ALL(1.0),,I,OECD,,Q,,N,,CPI,,PA,,_T,,N,,GY,,2014-Q3,,1.854547,,A,,,,,,,,2,
DATAFLOW,OECD.SDD.TPS:DSD_PRICES@DF_PRICES_ALL(1.0),,I,OECD,,Q,,N,,CPI,,PA,,_T,,N,,GY,,2014-Q4,,1.478604,,A,,,,,,,,2,
DATAFLOW,OECD.SDD.TPS:DSD_PRICES@DF_PRICES_ALL(1.0),,I,OECD,,Q,,N,,CPI,,PA,,_T,,N,,GY,,2015-Q1,,0.6415548,,A,,,,,,,,2,
DATAFLOW,OECD.SDD.TPS:DSD_PRICES@DF_PRICES_ALL(1.0),,I,OECD,,Q,,N,,CPI,,PA,,_T,,N,,GY,,2015-Q2,,0.6501477,,A,,,,,,,,2,
DATAFLOW,OECD.SDD.TPS:DSD_PRICES@DF_PRICES_ALL(1.0),,I,OECD,,Q,,N,,CPI,,PA,,_T,,N,,GY,,2015-Q3,,0.627372,,A,,,,,,,,2,
DATAFLOW,OECD.SDD.TPS:DSD_PRICES@DF_PRICES_ALL(1.0),,I,OECD,,Q,,N,,CPI,,PA,,_T,,N,,GY,,2015-Q4,,0.8147812,,A,,,,,,,,2,
DATAFLOW,OECD.SDD.TPS:DSD_PRICES@DF_PRICES_ALL(1.0),,I,OECD,,Q,,N,,CPI,,PA,,_T,,N,,GY,,2016-Q1,,1.0905,,A,,,,,,,,2,
DATAFLOW,OECD.SDD.TPS:DSD_PRICES@DF_PRICES_ALL(1.0),,I,OECD,,Q,,N,,CPI,,PA,,_T,,N,,GY,,2016-Q2,,0.9558522,,A,,,,,,,,2,
DATAFLOW,OECD.SDD.TPS:DSD_PRICES@DF_PRICES_ALL(1.0),,I,OECD,,Q,,N,,CPI,,PA,,_T,,N,,GY,,2016-Q3,,1.110371,,A,,,,,,,,2,
DATAFLOW,OECD.SDD.TPS:DSD_PRICES@DF_PRICES_ALL(1.0),,I,OECD,,Q,,N,,CPI,,PA,,_T,,N,,GY,,2016-Q4,,1.621509,,A,,,,,,,,2,
DATAFLOW,OECD.SDD.TPS:DSD_PRICES@DF_PRICES_ALL(1.0),,I,OECD,,Q,,N,,CPI,,PA,,_T,,N,,GY,,2017-Q1,,2.420845,,A,,,,,,,,2,
DATAFLOW,OECD.SDD.TPS:DSD_PRICES@DF_PRICES_ALL(1.0),,I,OECD,,Q,,N,,CPI,,PA,,_T,,N,,GY,,2017-Q2,,2.175798,,A,,,,,,,,2,
DATAFLOW,OECD.SDD.TPS:DSD_PRICES@DF_PRICES_ALL(1.0),,I,OECD,,Q,,N,,CPI,,PA,,_T,,N,,GY,,2017-Q3,,2.204972,,A,,,,,,,,2,
DATAFLOW,OECD.SDD.TPS:DSD_PRICES@DF_PRICES_ALL(1.0),,I,OECD,,Q,,N,,CPI,,PA,,_T,,N,,GY,,2017-Q4,,2.325788,,A,,,,,,,,2,
DATAFLOW,OECD.SDD.TPS:DSD_PRICES@DF_PRICES_ALL(1.0),,I,OECD,,Q,,N,,CPI,,PA,,_T,,N,,GY,,2018-Q1,,2.227308,,A,,,,,,,,2,
DATAFLOW,OECD.SDD.TPS:DSD_PRICES@DF_PRICES_ALL(1.0),,I,OECD,,Q,,N,,CPI,,PA,,_T,,N,,GY,,2018-Q2,,2.55006,,A,,,,,,,,2,
DATAFLOW,OECD.SDD.TPS:DSD_PRICES@DF_PRICES_ALL(1.0),,I,OECD,,Q,,N,,CPI,,PA,,_T,,N,,GY,,2018-Q3,,2.882565,,A,,,,,,,,2,
DATAFLOW,OECD.SDD.TPS:DSD_PRICES@DF_PRICES_ALL(1.0),,I,OECD,,Q,,N,,CPI,,PA,,_T,,N,,GY,,2018-Q4,,2.713402,,A,,,,,,,,2,
DATAFLOW,OECD.SDD.TPS:DSD_PRICES@DF_PRICES_ALL(1.0),,I,OECD,,Q,,N,,CPI,,PA,,_T,,N,,GY,,2019-Q1,,2.140162,,A,,,,,,,,2,
DATAFLOW,OECD.SDD.TPS:DSD_PRICES@DF_PRICES_ALL(1.0),,I,OECD,,Q,,N,,CPI,,PA,,_T,,N,,GY,,2019-Q2,,2.257516,,A,,,,,,,,2,
DATAFLOW,OECD.SDD.TPS:DSD_PRICES@DF_PRICES_ALL(1.0),,I,OECD,,Q,,N,,CPI,,PA,,_T,,N,,GY,,2019-Q3,,1.917382,,A,,,,,,,,2,
DATAFLOW,OECD.SDD.TPS:DSD_PRICES@DF_PRICES_ALL(1.0),,I,OECD,,Q,,N,,CPI,,PA,,_T,,N,,GY,,2019-Q4,,1.893252,,A,,,,,,,,2,
DATAFLOW,OECD.SDD.TPS:DSD_PRICES@DF_PRICES_ALL(1.0),,I,OECD,,Q,,N,,CPI,,PA,,_T,,N,,GY,,2020-Q1,,2.119609,,A,,,,,,,,2,
DATAFLOW,OECD.SDD.TPS:DSD_PRICES@DF_PRICES_ALL(1.0),,I,OECD,,Q,,N,,CPI,,PA,,_T,,N,,GY,,2020-Q2,,0.8589368,,A,,,,,,,,2,
DATAFLOW,OECD.SDD.TPS:DSD_PRICES@DF_PRICES_ALL(1.0),,I,OECD,,Q,,N,,CPI,,PA,,_T,,N,,GY,,2020-Q3,,1.197393,,A,,,,,,,,2,
DATAFLOW,OECD.SDD.TPS:DSD_PRICES@DF_PRICES_ALL(1.0),,I,OECD,,Q,,N,,CPI,,PA,,_T,,N,,GY,,2020-Q4,,1.172856,,A,,,,,,,,2,
DATAFLOW,OECD.SDD.TPS:DSD_PRICES@DF_PRICES_ALL(1.0),,I,OECD,,Q,,N,,CPI,,PA,,_T,,N,,GY,,2021-Q1,,1.900663,,A,,,,,,,,2,
DATAFLOW,OECD.SDD.TPS:DSD_PRICES@DF_PRICES_ALL(1.0),,I,OECD,,Q,,N,,CPI,,PA,,_T,,N,,GY,,2021-Q2,,3.712294,,A,,,,,,,,2,
DATAFLOW,OECD.SDD.TPS:DSD_PRICES@DF_PRICES_ALL(1.0),,I,OECD,,Q,,N,,CPI,,PA,,_T,,N,,GY,,2021-Q3,,4.369891,,A,,,,,,,,2,
DATAFLOW,OECD.SDD.TPS:DSD_PRICES@DF_PRICES_ALL(1.0),,I,OECD,,Q,,N,,CPI,,PA,,_T,,N,,GY,,2021-Q4,,5.831049,,A,,,,,,,,2,
DATAFLOW,OECD.SDD.TPS:DSD_PRICES@DF_PRICES_ALL(1.0),,I,OECD,,Q,,N,,CPI,,PA,,_T,,N,,GY,,2022-Q1,,7.801326,,A,,,,,,,,2,
DATAFLOW,OECD.SDD.TPS:DSD_PRICES@DF_PRICES_ALL(1.0),,I,OECD,,Q,,N,,CPI,,PA,,_T,,N,,GY,,2022-Q2,,9.620309,,A,,,,,,,,2,
DATAFLOW,OECD.SDD.TPS:DSD_PRICES@DF_PRICES_ALL(1.0),,I,OECD,,Q,,N,,CPI,,PA,,_T,,N,,GY,,2022-Q3,,10.27065,,A,,,,,,,,2,
DATAFLOW,OECD.SDD.TPS:DSD_PRICES@DF_PRICES_ALL(1.0),,I,OECD,,Q,,N,,CPI,,PA,,_T,,N,,GY,,2022-Q4,,10.01148,,A,,,,,,,,2,
DATAFLOW,OECD.SDD.TPS:DSD_PRICES@DF_PRICES_ALL(1.0),,I,OECD,,Q,,N,,CPI,,PA,,_T,,N,,GY,,2023-Q1,,8.521876,,A,,,,,,,,2,
DATAFLOW,OECD.SDD.TPS:DSD_PRICES@DF_PRICES_ALL(1.0),,I,OECD,,Q,,N,,CPI,,PA,,_T,,N,,GY,,2023-Q2,,6.514875,,A,,,,,,,,2,
DATAFLOW,OECD.SDD.TPS:DSD_PRICES@DF_PRICES_ALL(1.0),,I,OECD,,Q,,N,,CPI,,PA,,_T,,N,,GY,,2023-Q3,,6.272041,,A,,,,,,,,2,
DATAFLOW,OECD.SDD.TPS:DSD_PRICES@DF_PRICES_ALL(1.0),,I,OECD,,Q,,N,,CPI,,PA,,_T,,N,,GY,,2023-Q4,,5.718164,,A,,,,,,,,2,
DATAFLOW,OECD.SDD.TPS:DSD_PRICES@DF_PRICES_ALL(1.0),,I,OECD,,Q,,N,,CPI,,PA,,_T,,N,,GY,,2024-Q1,,5.545269,,A,,,,,,,,2,
DATAFLOW,OECD.SDD.TPS:DSD_PRICES@DF_PRICES_ALL(1.0),,I,OECD,,Q,,N,,CPI,,PA,,_T,,N,,GY,,2024-Q2,,5.574173,,A,,,,,,,,2,
DATAFLOW,OECD.SDD.TPS:DSD_PRICES@DF_PRICES_ALL(1.0),,I,OECD,,Q,,N,,CPI,,PA,,_T,,N,,GY,,2024-Q3,,4.701234,,A,,,,,,,,2,
DATAFLOW,OECD.SDD.TPS:DSD_PRICES@DF_PRICES_ALL(1.0),,I,OECD,,Q,,N,,CPI,,PA,,_T,,N,,GY,,2024-Q4,,4.44785,,A,,,,,,,,2,
DATAFLOW,OECD.SDD.TPS:DSD_PRICES@DF_PRICES_ALL(1.0),,I,OECD,,Q,,N,,CPI,,PA,,_T,,N,,GY,,2025-Q1,,4.310152,,A,,,,,,,,2,
DATAFLOW,OECD.SDD.TPS:DSD_PRICES@DF_PRICES_ALL(1.0),,I,OECD,,Q,,N,,CPI,,PA,,_T,,N,,GY,,2025-Q2,,3.953498,,A,,,,,,,,2,
DATAFLOW,OECD.SDD.TPS:DSD_PRICES@DF_PRICES_ALL(1.0),,I,OECD,,Q,,N,,CPI,,PA,,_T,,N,,GY,,2025-Q3,,3.97678,,A,,,,,,,,2,
DATAFLOW,OECD.SDD.TPS:DSD_PRICES@DF_PRICES_ALL(1.0),,I,OECD,,Q,,N,,CPI,,PA,,_T,,N,,GY,,2026-Q1,,3.581905,,A,,,,,,,,2,
DATAFLOW,OECD.SDD.TPS:DSD_PRICES@DF_PRICES_ALL(1.0),,I,OECD,,Q,,N,,CPI,,PA,,_T,,N,,GY,,2026-Q2,,4.386681,,A,,,,,,,,2,
DATAFLOW,OECD.SDD.TPS:DSD_PRICES@DF_PRICES_ALL(1.0),,I,OECDE,,Q,,N,,CPI,,PA,,_T,,N,,GY,,2013-Q4,,1.43661,,A,,,,,,,,2,
DATAFLOW,OECD.SDD.TPS:DSD_PRICES@DF_PRICES_ALL(1.0),,I,OECDE,,Q,,N,,CPI,,PA,,_T,,N,,GY,,2014-Q1,,1.359703,,A,,,,,,,,2,
DATAFLOW,OECD.SDD.TPS:DSD_PRICES@DF_PRICES_ALL(1.0),,I,OECDE,,Q,,N,,CPI,,PA,,_T,,N,,GY,,2014-Q2,,1.399625,,A,,,,,,,,2,
DATAFLOW,OECD.SDD.TPS:DSD_PRICES@DF_PRICES_ALL(1.0),,I,OECDE,,Q,,N,,CPI,,PA,,_T,,N,,GY,,2014-Q3,,1.175974,,A,,,,,,,,2,
DATAFLOW,OECD.SDD.TPS:DSD_PRICES@DF_PRICES_ALL(1.0),,I,OECDE,,Q,,N,,CPI,,PA,,_T,,N,,GY,,2014-Q4,,0.9510504,,A,,,,,,,,2,
DATAFLOW,OECD.SDD.TPS:DSD_PRICES@DF_PRICES_ALL(1.0),,I,OECDE,,Q,,N,,CPI,,PA,,_T,,N,,GY,,2015-Q1,,0.3936118,,A,,,,,,,,2,
DATAFLOW,OECD.SDD.TPS:DSD_PRICES@DF_PRICES_ALL(1.0),,I,OECDE,,Q,,N,,CPI,,PA,,_T,,N,,GY,,2015-Q2,,0.8677638,,A,,,,,,,,2,
DATAFLOW,OECD.SDD.TPS:DSD_PRICES@DF_PRICES_ALL(1.0),,I,OECDE,,Q,,N,,CPI,,PA,,_T,,N,,GY,,2015-Q3,,0.7598875,,A,,,,,,,,2,
DATAFLOW,OECD.SDD.TPS:DSD_PRICES@DF_PRICES_ALL(1.0),,I,OECDE,,Q,,N,,CPI,,PA,,_T,,N,,GY,,2015-Q4,,0.8208287,,A,,,,,,,,2,
DATAFLOW,OECD.SDD.TPS:DSD_PRICES@DF_PRICES_ALL(1.0),,I,OECDE,,Q,,N,,CPI,,PA,,_T,,N,,GY,,2016-Q1,,0.8506827,,A,,,,,,,,2,
DATAFLOW,OECD.SDD.TPS:DSD_PRICES@DF_PRICES_ALL(1.0),,I,OECDE,,Q,,N,,CPI,,PA,,_T,,N,,GY,,2016-Q2,,0.6405779,,A,,,,,,,,2,
DATAFLOW,OECD.SDD.TPS:DSD_PRICES@DF_PRICES_ALL(1.0),,I,OECDE,,Q,,N,,CPI,,PA,,_T,,N,,GY,,2016-Q3,,1.011954,,A,,,,,,,,2,
DATAFLOW,OECD.SDD.TPS:DSD_PRICES@DF_PRICES_ALL(1.0),,I,OECDE,,Q,,N,,CPI,,PA,,_T,,N,,GY,,2016-Q4,,1.42445,,A,,,,,,,,2,
DATAFLOW,OECD.SDD.TPS:DSD_PRICES@DF_PRICES_ALL(1.0),,I,OECDE,,Q,,N,,CPI,,PA,,_T,,N,,GY,,2017-Q1,,2.459327,,A,,,,,,,,2,
DATAFLOW,OECD.SDD.TPS:DSD_PRICES@DF_PRICES_ALL(1.0),,I,OECDE,,Q,,N,,CPI,,PA,,_T,,N,,GY,,2017-Q2,,2.446489,,A,,,,,,,,2,
DATAFLOW,OECD.SDD.TPS:DSD_PRICES@DF_PRICES_ALL(1.0),,I,OECDE,,Q,,N,,CPI,,PA,,_T,,N,,GY,,2017-Q3,,2.367989,,A,,,,,,,,2,
DATAFLOW,OECD.SDD.TPS:DSD_PRICES@DF_PRICES_ALL(1.0),,I,OECDE,,Q,,N,,CPI,,PA,,_T,,N,,GY,,2017-Q4,,2.512033,,A,,,,,,,,2,
DATAFLOW,OECD.SDD.TPS:DSD_PRICES@DF_PRICES_ALL(1.0),,I,OECDE,,Q,,N,,CPI,,PA,,_T,,N,,GY,,2018-Q1,,2.162537,,A,,,,,,,,2,
DATAFLOW,OECD.SDD.TPS:DSD_PRICES@DF_PRICES_ALL(1.0),,I,OECDE,,Q,,N,,CPI,,PA,,_T,,N,,GY,,2018-Q2,,2.652091,,A,,,,,,,,2,
DATAFLOW,OECD.SDD.TPS:DSD_PRICES@DF_PRICES_ALL(1.0),,I,OECDE,,Q,,N,,CPI,,PA,,_T,,N,,GY,,2018-Q3,,3.456165,,A,,,,,,,,2,
DATAFLOW,OECD.SDD.TPS:DSD_PRICES@DF_PRICES_ALL(1.0),,I,OECDE,,Q,,N,,CPI,,PA,,_T,,N,,GY,,2018-Q4,,3.587976,,A,,,,,,,,2,
DATAFLOW,OECD.SDD.TPS:DSD_PRICES@DF_PRICES_ALL(1.0),,I,OECDE,,Q,,N,,CPI,,PA,,_T,,N,,GY,,2019-Q1,,3.022938,,A,,,,,,,,2,
DATAFLOW,OECD.SDD.TPS:DSD_PRICES@DF_PRICES_ALL(1.0),,I,OECDE,,Q,,N,,CPI,,PA,,_T,,N,,GY,,2019-Q2,,2.963336,,A,,,,,,,,2,
DATAFLOW,OECD.SDD.TPS:DSD_PRICES@DF_PRICES_ALL(1.0),,I,OECDE,,Q,,N,,CPI,,PA,,_T,,N,,GY,,2019-Q3,,2.344146,,A,,,,,,,,2,
DATAFLOW,OECD.SDD.TPS:DSD_PRICES@DF_PRICES_ALL(1.0),,I,OECDE,,Q,,N,,CPI,,PA,,_T,,N,,GY,,2019-Q4,,1.945373,,A,,,,,,,,2,
DATAFLOW,OECD.SDD.TPS:DSD_PRICES@DF_PRICES_ALL(1.0),,I,OECDE,,Q,,N,,CPI,,PA,,_T,,N,,GY,,2020-Q1,,2.318288,,A,,,,,,,,2,
DATAFLOW,OECD.SDD.TPS:DSD_PRICES@DF_PRICES_ALL(1.0),,I,OECDE,,Q,,N,,CPI,,PA,,_T,,N,,GY,,2020-Q2,,1.409445,,A,,,,,,,,2,
DATAFLOW,OECD.SDD.TPS:DSD_PRICES@DF_PRICES_ALL(1.0),,I,OECDE,,Q,,N,,CPI,,PA,,_T,,N,,GY,,2020-Q3,,1.190657,,A,,,,,,,,2,
DATAFLOW,OECD.SDD.TPS:DSD_PRICES@DF_PRICES_ALL(1.0),,I,OECDE,,Q,,N,,CPI,,PA,,_T,,N,,GY,,2020-Q4,,1.316807,,A,,,,,,,,2,
DATAFLOW,OECD.SDD.TPS:DSD_PRICES@DF_PRICES_ALL(1.0),,I,OECDE,,Q,,N,,CPI,,PA,,_T,,N,,GY,,2021-Q1,,2.281452,,A,,,,,,,,2,
DATAFLOW,OECD.SDD.TPS:DSD_PRICES@DF_PRICES_ALL(1.0),,I,OECDE,,Q,,N,,CPI,,PA,,_T,,N,,GY,,2021-Q2,,3.300235,,A,,,,,,,,2,
DATAFLOW,OECD.SDD.TPS:DSD_PRICES@DF_PRICES_ALL(1.0),,I,OECDE,,Q,,N,,CPI,,PA,,_T,,N,,GY,,2021-Q3,,4.299536,,A,,,,,,,,2,
DATAFLOW,OECD.SDD.TPS:DSD_PRICES@DF_PRICES_ALL(1.0),,I,OECDE,,Q,,N,,CPI,,PA,,_T,,N,,GY,,2021-Q4,,6.282954,,A,,,,,,,,2,
DATAFLOW,OECD.SDD.TPS:DSD_PRICES@DF_PRICES_ALL(1.0),,I,OECDE,,Q,,N,,CPI,,PA,,_T,,N,,GY,,2022-Q1,,9.796884,,A,,,,,,,,2,
DATAFLOW,OECD.SDD.TPS:DSD_PRICES@DF_PRICES_ALL(1.0),,I,OECDE,,Q,,N,,CPI,,PA,,_T,,N,,GY,,2022-Q2,,13.21919,,A,,,,,,,,2,
DATAFLOW,OECD.SDD.TPS:DSD_PRICES@DF_PRICES_ALL(1.0),,I,OECDE,,Q,,N,,CPI,,PA,,_T,,N,,GY,,2022-Q3,,15.01643,,A,,,,,,,,2,
DATAFLOW,OECD.SDD.TPS:DSD_PRICES@DF_PRICES_ALL(1.0),,I,OECDE,,Q,,N,,CPI,,PA,,_T,,N,,GY,,2022-Q4,,15.55397,,A,,,,,,,,2,
DATAFLOW,OECD.SDD.TPS:DSD_PRICES@DF_PRICES_ALL(1.0),,I,OECDE,,Q,,N,,CPI,,PA,,_T,,N,,GY,,2023-Q1,,13.16394,,A,,,,,,,,2,
DATAFLOW,OECD.SDD.TPS:DSD_PRICES@DF_PRICES_ALL(1.0),,I,OECDE,,Q,,N,,CPI,,PA,,_T,,N,,GY,,2023-Q2,,10.34094,,A,,,,,,,,2,
DATAFLOW,OECD.SDD.TPS:DSD_PRICES@DF_PRICES_ALL(1.0),,I,OECDE,,Q,,N,,CPI,,PA,,_T,,N,,GY,,2023-Q3,,10.47128,,A,,,,,,,,2,
DATAFLOW,OECD.SDD.TPS:DSD_PRICES@DF_PRICES_ALL(1.0),,I,OECDE,,Q,,N,,CPI,,PA,,_T,,N,,GY,,2023-Q4,,9.414955,,A,,,,,,,,2,
DATAFLOW,OECD.SDD.TPS:DSD_PRICES@DF_PRICES_ALL(1.0),,I,OECDE,,Q,,N,,CPI,,PA,,_T,,N,,GY,,2024-Q1,,9.16771,,A,,,,,,,,2,
DATAFLOW,OECD.SDD.TPS:DSD_PRICES@DF_PRICES_ALL(1.0),,I,OECDE,,Q,,N,,CPI,,PA,,_T,,N,,GY,,2024-Q2,,9.268178,,A,,,,,,,,2,
DATAFLOW,OECD.SDD.TPS:DSD_PRICES@DF_PRICES_ALL(1.0),,I,OECDE,,Q,,N,,CPI,,PA,,_T,,N,,GY,,2024-Q3,,7.675182,,A,,,,,,,,2,
DATAFLOW,OECD.SDD.TPS:DSD_PRICES@DF_PRICES_ALL(1.0),,I,OECDE,,Q,,N,,CPI,,PA,,_T,,N,,GY,,2024-Q4,,7.000234,,A,,,,,,,,2,
DATAFLOW,OECD.SDD.TPS:DSD_PRICES@DF_PRICES_ALL(1.0),,I,OECDE,,Q,,N,,CPI,,PA,,_T,,N,,GY,,2025-Q1,,6.491542,,A,,,,,,,,2,
DATAFLOW,OECD.SDD.TPS:DSD_PRICES@DF_PRICES_ALL(1.0),,I,OECDE,,Q,,N,,CPI,,PA,,_T,,N,,GY,,2025-Q2,,5.953271,,A,,,,,,,,2,
DATAFLOW,OECD.SDD.TPS:DSD_PRICES@DF_PRICES_ALL(1.0),,I,OECDE,,Q,,N,,CPI,,PA,,_T,,N,,GY,,2025-Q3,,5.673155,,A,,,,,,,,2,
DATAFLOW,OECD.SDD.TPS:DSD_PRICES@DF_PRICES_ALL(1.0),,I,OECDE,,Q,,N,,CPI,,PA,,_T,,N,,GY,,2025-Q4,,5.237987,,A,,,,,,,,2,
DATAFLOW,OECD.SDD.TPS:DSD_PRICES@DF_PRICES_ALL(1.0),,I,OECDE,,Q,,N,,CPI,,PA,,_T,,N,,GY,,2026-Q1,,5.037666,,A,,,,,,,,2,
DATAFLOW,OECD.SDD.TPS:DSD_PRICES@DF_PRICES_ALL(1.0),,I,OECDE,,Q,,N,,CPI,,PA,,_T,,N,,GY,,2026-Q2,,5.741504,,A,,,,,,,,2,
DATAFLOW,OECD.SDD.TPS:DSD_PRICES@DF_PRICES_ALL(1.0),,I,PRT,,Q,,N,,CPI,,PA,,_T,,N,,GY,,1996-Q3,,3.471183,,A,,,,,,,,2,
DATAFLOW,OECD.SDD.TPS:DSD_PRICES@DF_PRICES_ALL(1.0),,I,PRT,,Q,,N,,CPI,,PA,,_T,,N,,GY,,1996-Q4,,3.04869,,A,,,,,,,,2,
DATAFLOW,OECD.SDD.TPS:DSD_PRICES@DF_PRICES_ALL(1.0),,I,PRT,,Q,,N,,CPI,,PA,,_T,,N,,GY,,1997-Q1,,2.971862,,A,,,,,,,,2,
DATAFLOW,OECD.SDD.TPS:DSD_PRICES@DF_PRICES_ALL(1.0),,I,PRT,,Q,,N,,CPI,,PA,,_T,,N,,GY,,1997-Q2,,2.105636,,A,,,,,,,,2,
DATAFLOW,OECD.SDD.TPS:DSD_PRICES@DF_PRICES_ALL(1.0),,I,PRT,,Q,,N,,CPI,,PA,,_T,,N,,GY,,1997-Q3,,2.021984,,A,,,,,,,,2,
DATAFLOW,OECD.SDD.TPS:DSD_PRICES@DF_PRICES_ALL(1.0),,I,PRT,,Q,,N,,CPI,,PA,,_T,,N,,GY,,1997-Q4,,2.259052,,A,,,,,,,,2,
DATAFLOW,OECD.SDD.TPS:DSD_PRICES@DF_PRICES_ALL(1.0),,I,PRT,,Q,,N,,CPI,,PA,,_T,,N,,GY,,1998-Q1,,1.879795,,A,,,,,,,,2,
DATAFLOW,OECD.SDD.TPS:DSD_PRICES@DF_PRICES_ALL(1.0),,I,PRT,,Q,,N,,CPI,,PA,,_T,,N,,GY,,1998-Q2,,2.608683,,A,,,,,,,,2,
DATAFLOW,OECD.SDD.TPS:DSD_PRICES@DF_PRICES_ALL(1.0),,I,PRT,,Q,,N,,CPI,,PA,,_T,,N,,GY,,1998-Q3,,2.731519,,A,,,,,,,,2,
DATAFLOW,OECD.SDD.TPS:DSD_PRICES@DF_PRICES_ALL(1.0),,I,PRT,,Q,,N,,CPI,,PA,,_T,,N,,GY,,1998-Q4,,3.062437,,A,,,,,,,,2,
DATAFLOW,OECD.SDD.TPS:DSD_PRICES@DF_PRICES_ALL(1.0),,I,PRT,,Q,,N,,CPI,,PA,,_T,,N,,GY,,1999-Q1,,2.803874,,A,,,,,,,,2,
DATAFLOW,OECD.SDD.TPS:DSD_PRICES@DF_PRICES_ALL(1.0),,I,PRT,,Q,,N,,CPI,,PA,,_T,,N,,GY,,1999-Q2,,2.522353,,A,,,,,,,,2,
DATAFLOW,OECD.SDD.TPS:DSD_PRICES@DF_PRICES_ALL(1.0),,I,PRT,,Q,,N,,CPI,,PA,,_T,,N,,GY,,1999-Q3,,2.048218,,A,,,,,,,,2,
DATAFLOW,OECD.SDD.TPS:DSD_PRICES@DF_PRICES_ALL(1.0),,I,PRT,,Q,,N,,CPI,,PA,,_T,,N,,GY,,1999-Q4,,1.99759,,A,,,,,,,,2,
DATAFLOW,OECD.SDD.TPS:DSD_PRICES@DF_PRICES_ALL(1.0),,I,PRT,,Q,,N,,CPI,,PA,,_T,,N,,GY,,2000-Q1,,1.822963,,A,,,,,,,,2,
DATAFLOW,OECD.SDD.TPS:DSD_PRICES@DF_PRICES_ALL(1.0),,I,PRT,,Q,,N,,CPI,,PA,,_T,,N,,GY,,2000-Q2,,2.503508,,A,,,,,,,,2,
DATAFLOW,OECD.SDD.TPS:DSD_PRICES@DF_PRICES_ALL(1.0),,I,PRT,,Q,,N,,CPI,,PA,,_T,,N,,GY,,2000-Q3,,3.363301,,A,,,,,,,,2,
DATAFLOW,OECD.SDD.TPS:DSD_PRICES@DF_PRICES_ALL(1.0),,I,PRT,,Q,,N,,CPI,,PA,,_T,,N,,GY,,2000-Q4,,3.705584,,A,,,,,,,,2,
DATAFLOW,OECD.SDD.TPS:DSD_PRICES@DF_PRICES_ALL(1.0),,I,PRT,,Q,,N,,CPI,,PA,,_T,,N,,GY,,2001-Q1,,4.793112,,A,,,,,,,,2,
DATAFLOW,OECD.SDD.TPS:DSD_PRICES@DF_PRICES_ALL(1.0),,I,PRT,,Q,,N,,CPI,,PA,,_T,,N,,GY,,2001-Q2,,4.597336,,A,,,,,,,,2,
DATAFLOW,OECD.SDD.TPS:DSD_PRICES@DF_PRICES_ALL(1.0),,I,PRT,,Q,,N,,CPI,,PA,,_T,,N,,GY,,2001-Q3,,4.158239,,A,,,,,,,,2,
DATAFLOW,OECD.SDD.TPS:DSD_PRICES@DF_PRICES_ALL(1.0),,I,PRT,,Q,,N,,CPI,,PA,,_T,,N,,GY,,2001-Q4,,3.947849,,A,,,,,,,,2,
DATAFLOW,OECD.SDD.TPS:DSD_PRICES@DF_PRICES_ALL(1.0),,I,PRT,,Q,,N,,CPI,,PA,,_T,,N,,GY,,2002-Q1,,3.362306,,A,,,,,,,,2,
DATAFLOW,OECD.SDD.TPS:DSD_PRICES@DF_PRICES_ALL(1.0),,I,PRT,,Q,,N,,CPI,,PA,,_T,,N,,GY,,2002-Q2,,3.40978,,A,,,,,,,,2,
DATAFLOW,OECD.SDD.TPS:DSD_PRICES@DF_PRICES_ALL(1.0),,I,PRT,,Q,,N,,CPI,,PA,,_T,,N,,GY,,2002-Q3,,3.62887,,A,,,,,,,,2,
DATAFLOW,OECD.SDD.TPS:DSD_PRICES@DF_PRICES_ALL(1.0),,I,PRT,,Q,,N,,CPI,,PA,,_T,,N,,GY,,2002-Q4,,3.991832,,A,,,,,,,,2,
DATAFLOW,OECD.SDD.TPS:DSD_PRICES@DF_PRICES_ALL(1.0),,I,PRT,,Q,,N,,CPI,,PA,,_T,,N,,GY,,2003-Q1,,3.943116,,A,,,,,,,,2,
DATAFLOW,OECD.SDD.TPS:DSD_PRICES@DF_PRICES_ALL(1.0),,I,PRT,,Q,,N,,CPI,,PA,,_T,,N,,GY,,2003-Q2,,3.524072,,A,,,,,,,,2,
DATAFLOW,OECD.SDD.TPS:DSD_PRICES@DF_PRICES_ALL(1.0),,I,PRT,,Q,,N,,CPI,,PA,,_T,,N,,GY,,2003-Q3,,2.854656,,A,,,,,,,,2,
DATAFLOW,OECD.SDD.TPS:DSD_PRICES@DF_PRICES_ALL(1.0),,I,PRT,,Q,,N,,CPI,,PA,,_T,,N,,GY,,2003-Q4,,2.579376,,A,,,,,,,,2,
DATAFLOW,OECD.SDD.TPS:DSD_PRICES@DF_PRICES_ALL(1.0),,I,PRT,,Q,,N,,CPI,,PA,,_T,,N,,GY,,2004-Q1,,2.190672,,A,,,,,,,,2,
DATAFLOW,OECD.SDD.TPS:DSD_PRICES@DF_PRICES_ALL(1.0),,I,PRT,,Q,,N,,CPI,,PA,,_T,,N,,GY,,2004-Q2,,2.477077,,A,,,,,,,,2,
DATAFLOW,OECD.SDD.TPS:DSD_PRICES@DF_PRICES_ALL(1.0),,I,PRT,,Q,,N,,CPI,,PA,,_T,,N,,GY,,2004-Q3,,2.408609,,A,,,,,,,,2,
DATAFLOW,OECD.SDD.TPS:DSD_PRICES@DF_PRICES_ALL(1.0),,I,PRT,,Q,,N,,CPI,,PA,,_T,,N,,GY,,2004-Q4,,2.382892,,A,,,,,,,,2,
DATAFLOW,OECD.SDD.TPS:DSD_PRICES@DF_PRICES_ALL(1.0),,I,PRT,,Q,,N,,CPI,,PA,,_T,,N,,GY,,2005-Q1,,2.128078,,A,,,,,,,,2,
DATAFLOW,OECD.SDD.TPS:DSD_PRICES@DF_PRICES_ALL(1.0),,I,PRT,,Q,,N,,CPI,,PA,,_T,,N,,GY,,2005-Q2,,1.838874,,A,,,,,,,,2,
DATAFLOW,OECD.SDD.TPS:DSD_PRICES@DF_PRICES_ALL(1.0),,I,PRT,,Q,,N,,CPI,,PA,,_T,,N,,GY,,2005-Q3,,2.527497,,A,,,,,,,,2,
DATAFLOW,OECD.SDD.TPS:DSD_PRICES@DF_PRICES_ALL(1.0),,I,PRT,,Q,,N,,CPI,,PA,,_T,,N,,GY,,2005-Q4,,2.60964,,A,,,,,,,,2,
DATAFLOW,OECD.SDD.TPS:DSD_PRICES@DF_PRICES_ALL(1.0),,I,PRT,,Q,,N,,CPI,,PA,,_T,,N,,GY,,2006-Q1,,3.187418,,A,,,,,,,,2,
DATAFLOW,OECD.SDD.TPS:DSD_PRICES@DF_PRICES_ALL(1.0),,I,PRT,,Q,,N,,CPI,,PA,,_T,,N,,GY,,2006-Q2,,3.716461,,A,,,,,,,,2,
DATAFLOW,OECD.SDD.TPS:DSD_PRICES@DF_PRICES_ALL(1.0),,I,PRT,,Q,,N,,CPI,,PA,,_T,,N,,GY,,2006-Q3,,3.016608,,A,,,,,,,,2,
DATAFLOW,OECD.SDD.TPS:DSD_PRICES@DF_PRICES_ALL(1.0),,I,PRT,,Q,,N,,CPI,,PA,,_T,,N,,GY,,2006-Q4,,2.520732,,A,,,,,,,,2,
DATAFLOW,OECD.SDD.TPS:DSD_PRICES@DF_PRICES_ALL(1.0),,I,PRT,,Q,,N,,CPI,,PA,,_T,,N,,GY,,2007-Q1,,2.416091,,A,,,,,,,,2,
DATAFLOW,OECD.SDD.TPS:DSD_PRICES@DF_PRICES_ALL(1.0),,I,PRT,,Q,,N,,CPI,,PA,,_T,,N,,GY,,2007-Q2,,2.540579,,A,,,,,,,,2,
DATAFLOW,OECD.SDD.TPS:DSD_PRICES@DF_PRICES_ALL(1.0),,I,PRT,,Q,,N,,CPI,,PA,,_T,,N,,GY,,2007-Q3,,2.174776,,A,,,,,,,,2,
DATAFLOW,OECD.SDD.TPS:DSD_PRICES@DF_PRICES_ALL(1.0),,I,PRT,,Q,,N,,CPI,,PA,,_T,,N,,GY,,2007-Q4,,2.682683,,A,,,,,,,,2,
DATAFLOW,OECD.SDD.TPS:DSD_PRICES@DF_PRICES_ALL(1.0),,I,PRT,,Q,,N,,CPI,,PA,,_T,,N,,GY,,2008-Q1,,2.929925,,A,,,,,,,,2,
DATAFLOW,OECD.SDD.TPS:DSD_PRICES@DF_PRICES_ALL(1.0),,I,PRT,,Q,,N,,CPI,,PA,,_T,,N,,GY,,2008-Q2,,2.87045,,A,,,,,,,,2,
DATAFLOW,OECD.SDD.TPS:DSD_PRICES@DF_PRICES_ALL(1.0),,I,PRT,,Q,,N,,CPI,,PA,,_T,,N,,GY,,2008-Q3,,3.055714,,A,,,,,,,,2,
DATAFLOW,OECD.SDD.TPS:DSD_PRICES@DF_PRICES_ALL(1.0),,I,PRT,,Q,,N,,CPI,,PA,,_T,,N,,GY,,2008-Q4,,1.511677,,A,,,,,,,,2,
DATAFLOW,OECD.SDD.TPS:DSD_PRICES@DF_PRICES_ALL(1.0),,I,PRT,,Q,,N,,CPI,,PA,,_T,,N,,GY,,2009-Q1,,-0.01118548,,A,,,,,,,,2,
DATAFLOW,OECD.SDD.TPS:DSD_PRICES@DF_PRICES_ALL(1.0),,I,PRT,,Q,,N,,CPI,,PA,,_T,,N,,GY,,2009-Q2,,-1.103378,,A,,,,,,,,2,
DATAFLOW,OECD.SDD.TPS:DSD_PRICES@DF_PRICES_ALL(1.0),,I,PRT,,Q,,N,,CPI,,PA,,_T,,N,,GY,,2009-Q3,,-1.512949,,A,,,,,,,,2,
DATAFLOW,OECD.SDD.TPS:DSD_PRICES@DF_PRICES_ALL(1.0),,I,PRT,,Q,,N,,CPI,,PA,,_T,,N,,GY,,2009-Q4,,-0.700973,,A,,,,,,,,2,
DATAFLOW,OECD.SDD.TPS:DSD_PRICES@DF_PRICES_ALL(1.0),,I,PRT,,Q,,N,,CPI,,PA,,_T,,N,,GY,,2010-Q1,,0.2959071,,A,,,,,,,,2,
DATAFLOW,OECD.SDD.TPS:DSD_PRICES@DF_PRICES_ALL(1.0),,I,PRT,,Q,,N,,CPI,,PA,,_T,,N,,GY,,2010-Q2,,0.9855484,,A,,,,,,,,2,
DATAFLOW,OECD.SDD.TPS:DSD_PRICES@DF_PRICES_ALL(1.0),,I,PRT,,Q,,N,,CPI,,PA,,_T,,N,,GY,,2010-Q3,,1.946226,,A,,,,,,,,2,
DATAFLOW,OECD.SDD.TPS:DSD_PRICES@DF_PRICES_ALL(1.0),,I,PRT,,Q,,N,,CPI,,PA,,_T,,N,,GY,,2010-Q4,,2.38307,,A,,,,,,,,2,
DATAFLOW,OECD.SDD.TPS:DSD_PRICES@DF_PRICES_ALL(1.0),,I,PRT,,Q,,N,,CPI,,PA,,_T,,N,,GY,,2011-Q1,,3.731102,,A,,,,,,,,2,
DATAFLOW,OECD.SDD.TPS:DSD_PRICES@DF_PRICES_ALL(1.0),,I,PRT,,Q,,N,,CPI,,PA,,_T,,N,,GY,,2011-Q2,,3.761715,,A,,,,,,,,2,
DATAFLOW,OECD.SDD.TPS:DSD_PRICES@DF_PRICES_ALL(1.0),,I,PRT,,Q,,N,,CPI,,PA,,_T,,N,,GY,,2011-Q3,,3.204563,,A,,,,,,,,2,
DATAFLOW,OECD.SDD.TPS:DSD_PRICES@DF_PRICES_ALL(1.0),,I,PRT,,Q,,N,,CPI,,PA,,_T,,N,,GY,,2011-Q4,,3.914378,,A,,,,,,,,2,
DATAFLOW,OECD.SDD.TPS:DSD_PRICES@DF_PRICES_ALL(1.0),,I,PRT,,Q,,N,,CPI,,PA,,_T,,N,,GY,,2012-Q1,,3.418267,,A,,,,,,,,2,
DATAFLOW,OECD.SDD.TPS:DSD_PRICES@DF_PRICES_ALL(1.0),,I,PRT,,Q,,N,,CPI,,PA,,_T,,N,,GY,,2012-Q2,,2.804199,,A,,,,,,,,2,
DATAFLOW,OECD.SDD.TPS:DSD_PRICES@DF_PRICES_ALL(1.0),,I,PRT,,Q,,N,,CPI,,PA,,_T,,N,,GY,,2012-Q3,,2.909171,,A,,,,,,,,2,
DATAFLOW,OECD.SDD.TPS:DSD_PRICES@DF_PRICES_ALL(1.0),,I,PRT,,Q,,N,,CPI,,PA,,_T,,N,,GY,,2012-Q4,,1.979726,,A,,,,,,,,2,
DATAFLOW,OECD.SDD.TPS:DSD_PRICES@DF_PRICES_ALL(1.0),,I,PRT,,Q,,N,,CPI,,PA,,_T,,N,,GY,,2013-Q1,,0.2019057,,A,,,,,,,,2,
DATAFLOW,OECD.SDD.TPS:DSD_PRICES@DF_PRICES_ALL(1.0),,I,PRT,,Q,,N,,CPI,,PA,,_T,,N,,GY,,2013-Q2,,0.622687,,A,,,,,,,,2,
DATAFLOW,OECD.SDD.TPS:DSD_PRICES@DF_PRICES_ALL(1.0),,I,PRT,,Q,,N,,CPI,,PA,,_T,,N,,GY,,2013-Q3,,0.3420319,,A,,,,,,,,2,
DATAFLOW,OECD.SDD.TPS:DSD_PRICES@DF_PRICES_ALL(1.0),,I,PRT,,Q,,N,,CPI,,PA,,_T,,N,,GY,,2013-Q4,,-0.06834839,,A,,,,,,,,2,
DATAFLOW,OECD.SDD.TPS:DSD_PRICES@DF_PRICES_ALL(1.0),,I,PRT,,Q,,N,,CPI,,PA,,_T,,N,,GY,,2014-Q1,,-0.1312086,,A,,,,,,,,2,
DATAFLOW,OECD.SDD.TPS:DSD_PRICES@DF_PRICES_ALL(1.0),,I,PRT,,Q,,N,,CPI,,PA,,_T,,N,,GY,,2014-Q2,,-0.3330654,,A,,,,,,,,2,
DATAFLOW,OECD.SDD.TPS:DSD_PRICES@DF_PRICES_ALL(1.0),,I,PRT,,Q,,N,,CPI,,PA,,_T,,N,,GY,,2014-Q3,,-0.5355517,,A,,,,,,,,2,
DATAFLOW,OECD.SDD.TPS:DSD_PRICES@DF_PRICES_ALL(1.0),,I,PRT,,Q,,N,,CPI,,PA,,_T,,N,,GY,,2014-Q4,,-0.1115571,,A,,,,,,,,2,
DATAFLOW,OECD.SDD.TPS:DSD_PRICES@DF_PRICES_ALL(1.0),,I,PRT,,Q,,N,,CPI,,PA,,_T,,N,,GY,,2015-Q1,,-0.09518415,,A,,,,,,,,2,
DATAFLOW,OECD.SDD.TPS:DSD_PRICES@DF_PRICES_ALL(1.0),,I,PRT,,Q,,N,,CPI,,PA,,_T,,N,,GY,,2015-Q2,,0.7181352,,A,,,,,,,,2,
DATAFLOW,OECD.SDD.TPS:DSD_PRICES@DF_PRICES_ALL(1.0),,I,PRT,,Q,,N,,CPI,,PA,,_T,,N,,GY,,2015-Q3,,0.7669029,,A,,,,,,,,2,
DATAFLOW,OECD.SDD.TPS:DSD_PRICES@DF_PRICES_ALL(1.0),,I,PRT,,Q,,N,,CPI,,PA,,_T,,N,,GY,,2015-Q4,,0.5580761,,A,,,,,,,,2,
DATAFLOW,OECD.SDD.TPS:DSD_PRICES@DF_PRICES_ALL(1.0),,I,PRT,,Q,,N,,CPI,,PA,,_T,,N,,GY,,2016-Q1,,0.5441401,,A,,,,,,,,2,
DATAFLOW,OECD.SDD.TPS:DSD_PRICES@DF_PRICES_ALL(1.0),,I,PRT,,Q,,N,,CPI,,PA,,_T,,N,,GY,,2016-Q2,,0.4514003,,A,,,,,,,,2,
DATAFLOW,OECD.SDD.TPS:DSD_PRICES@DF_PRICES_ALL(1.0),,I,PRT,,Q,,N,,CPI,,PA,,_T,,N,,GY,,2016-Q3,,0.6546628,,A,,,,,,,,2,
DATAFLOW,OECD.SDD.TPS:DSD_PRICES@DF_PRICES_ALL(1.0),,I,PRT,,Q,,N,,CPI,,PA,,_T,,N,,GY,,2016-Q4,,0.779086,,A,,,,,,,,2,
DATAFLOW,OECD.SDD.TPS:DSD_PRICES@DF_PRICES_ALL(1.0),,I,PRT,,Q,,N,,CPI,,PA,,_T,,N,,GY,,2017-Q1,,1.417384,,A,,,,,,,,2,
DATAFLOW,OECD.SDD.TPS:DSD_PRICES@DF_PRICES_ALL(1.0),,I,PRT,,Q,,N,,CPI,,PA,,_T,,N,,GY,,2017-Q2,,1.445206,,A,,,,,,,,2,
DATAFLOW,OECD.SDD.TPS:DSD_PRICES@DF_PRICES_ALL(1.0),,I,PRT,,Q,,N,,CPI,,PA,,_T,,N,,GY,,2017-Q3,,1.142737,,A,,,,,,,,2,
DATAFLOW,OECD.SDD.TPS:DSD_PRICES@DF_PRICES_ALL(1.0),,I,PRT,,Q,,N,,CPI,,PA,,_T,,N,,GY,,2017-Q4,,1.46905,,A,,,,,,,,2,
DATAFLOW,OECD.SDD.TPS:DSD_PRICES@DF_PRICES_ALL(1.0),,I,PRT,,Q,,N,,CPI,,PA,,_T,,N,,GY,,2018-Q1,,0.7655739,,A,,,,,,,,2,
DATAFLOW,OECD.SDD.TPS:DSD_PRICES@DF_PRICES_ALL(1.0),,I,PRT,,Q,,N,,CPI,,PA,,_T,,N,,GY,,2018-Q2,,0.9842342,,A,,,,,,,,2,
DATAFLOW,OECD.SDD.TPS:DSD_PRICES@DF_PRICES_ALL(1.0),,I,PRT,,Q,,N,,CPI,,PA,,_T,,N,,GY,,2018-Q3,,1.396816,,A,,,,,,,,2,
DATAFLOW,OECD.SDD.TPS:DSD_PRICES@DF_PRICES_ALL(1.0),,I,PRT,,Q,,N,,CPI,,PA,,_T,,N,,GY,,2018-Q4,,0.8271649,,A,,,,,,,,2,
DATAFLOW,OECD.SDD.TPS:DSD_PRICES@DF_PRICES_ALL(1.0),,I,PRT,,Q,,N,,CPI,,PA,,_T,,N,,GY,,2019-Q1,,0.7538804,,A,,,,,,,,2,
DATAFLOW,OECD.SDD.TPS:DSD_PRICES@DF_PRICES_ALL(1.0),,I,PRT,,Q,,N,,CPI,,PA,,_T,,N,,GY,,2019-Q2,,0.526063,,A,,,,,,,,2,
DATAFLOW,OECD.SDD.TPS:DSD_PRICES@DF_PRICES_ALL(1.0),,I,PRT,,Q,,N,,CPI,,PA,,_T,,N,,GY,,2019-Q3,,-0.170832,,A,,,,,,,,2,
DATAFLOW,OECD.SDD.TPS:DSD_PRICES@DF_PRICES_ALL(1.0),,I,PRT,,Q,,N,,CPI,,PA,,_T,,N,,GY,,2019-Q4,,0.2500569,,A,,,,,,,,2,
DATAFLOW,OECD.SDD.TPS:DSD_PRICES@DF_PRICES_ALL(1.0),,I,PRT,,Q,,N,,CPI,,PA,,_T,,N,,GY,,2020-Q1,,0.4070112,,A,,,,,,,,2,
DATAFLOW,OECD.SDD.TPS:DSD_PRICES@DF_PRICES_ALL(1.0),,I,PRT,,Q,,N,,CPI,,PA,,_T,,N,,GY,,2020-Q2,,-0.2726436,,A,,,,,,,,2,
DATAFLOW,OECD.SDD.TPS:DSD_PRICES@DF_PRICES_ALL(1.0),,I,PRT,,Q,,N,,CPI,,PA,,_T,,N,,GY,,2020-Q3,,-0.003538286,,A,,,,,,,,2,
DATAFLOW,OECD.SDD.TPS:DSD_PRICES@DF_PRICES_ALL(1.0),,I,PRT,,Q,,N,,CPI,,PA,,_T,,N,,GY,,2020-Q4,,-0.1739637,,A,,,,,,,,2,
DATAFLOW,OECD.SDD.TPS:DSD_PRICES@DF_PRICES_ALL(1.0),,I,PRT,,Q,,N,,CPI,,PA,,_T,,N,,GY,,2021-Q1,,0.4124616,,A,,,,,,,,2,
DATAFLOW,OECD.SDD.TPS:DSD_PRICES@DF_PRICES_ALL(1.0),,I,PRT,,Q,,N,,CPI,,PA,,_T,,N,,GY,,2021-Q2,,0.7671499,,A,,,,,,,,2,
DATAFLOW,OECD.SDD.TPS:DSD_PRICES@DF_PRICES_ALL(1.0),,I,PRT,,Q,,N,,CPI,,PA,,_T,,N,,GY,,2021-Q3,,1.493531,,A,,,,,,,,2,
DATAFLOW,OECD.SDD.TPS:DSD_PRICES@DF_PRICES_ALL(1.0),,I,PRT,,Q,,N,,CPI,,PA,,_T,,N,,GY,,2021-Q4,,2.385597,,A,,,,,,,,2,
DATAFLOW,OECD.SDD.TPS:DSD_PRICES@DF_PRICES_ALL(1.0),,I,PRT,,Q,,N,,CPI,,PA,,_T,,N,,GY,,2022-Q1,,4.291844,,A,,,,,,,,2,
DATAFLOW,OECD.SDD.TPS:DSD_PRICES@DF_PRICES_ALL(1.0),,I,PRT,,Q,,N,,CPI,,PA,,_T,,N,,GY,,2022-Q2,,7.977902,,A,,,,,,,,2,
DATAFLOW,OECD.SDD.TPS:DSD_PRICES@DF_PRICES_ALL(1.0),,I,PRT,,Q,,N,,CPI,,PA,,_T,,N,,GY,,2022-Q3,,9.095865,,A,,,,,,,,2,
DATAFLOW,OECD.SDD.TPS:DSD_PRICES@DF_PRICES_ALL(1.0),,I,PRT,,Q,,N,,CPI,,PA,,_T,,N,,GY,,2022-Q4,,9.889178,,A,,,,,,,,2,
DATAFLOW,OECD.SDD.TPS:DSD_PRICES@DF_PRICES_ALL(1.0),,I,PRT,,Q,,N,,CPI,,PA,,_T,,N,,GY,,2023-Q1,,8.008555,,A,,,,,,,,2,
DATAFLOW,OECD.SDD.TPS:DSD_PRICES@DF_PRICES_ALL(1.0),,I,PRT,,Q,,N,,CPI,,PA,,_T,,N,,GY,,2023-Q2,,4.3557,,A,,,,,,,,2,
DATAFLOW,OECD.SDD.TPS:DSD_PRICES@DF_PRICES_ALL(1.0),,I,PRT,,Q,,N,,CPI,,PA,,_T,,N,,GY,,2023-Q3,,3.453355,,A,,,,,,,,2,
DATAFLOW,OECD.SDD.TPS:DSD_PRICES@DF_PRICES_ALL(1.0),,I,PRT,,Q,,N,,CPI,,PA,,_T,,N,,GY,,2023-Q4,,1.693246,,A,,,,,,,,2,
DATAFLOW,OECD.SDD.TPS:DSD_PRICES@DF_PRICES_ALL(1.0),,I,PRT,,Q,,N,,CPI,,PA,,_T,,N,,GY,,2024-Q1,,2.219914,,A,,,,,,,,2,
DATAFLOW,OECD.SDD.TPS:DSD_PRICES@DF_PRICES_ALL(1.0),,I,PRT,,Q,,N,,CPI,,PA,,_T,,N,,GY,,2024-Q2,,2.687339,,A,,,,,,,,2,
DATAFLOW,OECD.SDD.TPS:DSD_PRICES@DF_PRICES_ALL(1.0),,I,PRT,,Q,,N,,CPI,,PA,,_T,,N,,GY,,2024-Q3,,2.152748,,A,,,,,,,,2,
DATAFLOW,OECD.SDD.TPS:DSD_PRICES@DF_PRICES_ALL(1.0),,I,PRT,,Q,,N,,CPI,,PA,,_T,,N,,GY,,2024-Q4,,2.601311,,A,,,,,,,,2,
DATAFLOW,OECD.SDD.TPS:DSD_PRICES@DF_PRICES_ALL(1.0),,I,PRT,,Q,,N,,CPI,,PA,,_T,,N,,GY,,2025-Q1,,2.256562,,A,,,,,,,,2,
DATAFLOW,OECD.SDD.TPS:DSD_PRICES@DF_PRICES_ALL(1.0),,I,PRT,,Q,,N,,CPI,,PA,,_T,,N,,GY,,2025-Q2,,2.242565,,A,,,,,,,,2,
DATAFLOW,OECD.SDD.TPS:DSD_PRICES@DF_PRICES_ALL(1.0),,I,PRT,,Q,,N,,CPI,,PA,,_T,,N,,GY,,2025-Q3,,2.600276,,A,,,,,,,,2,
DATAFLOW,OECD.SDD.TPS:DSD_PRICES@DF_PRICES_ALL(1.0),,I,PRT,,Q,,N,,CPI,,PA,,_T,,N,,GY,,2025-Q4,,2.244465,,A,,,,,,,,2,
DATAFLOW,OECD.SDD.TPS:DSD_PRICES@DF_PRICES_ALL(1.0),,I,KOR,,Q,,N,,CPI,,PA,,_T,,N,,GY,,1996-Q3,,5.064879,,A,,,,,,,,2,
DATAFLOW,OECD.SDD.TPS:DSD_PRICES@DF_PRICES_ALL(1.0),,I,KOR,,Q,,N,,CPI,,PA,,_T,,N,,GY,,1996-Q4,,5.077147,,A,,,,,,,,2,
DATAFLOW,OECD.SDD.TPS:DSD_PRICES@DF_PRICES_ALL(1.0),,I,KOR,,Q,,N,,CPI,,PA,,_T,,N,,GY,,1997-Q1,,4.692188,,A,,,,,,,,2,
DATAFLOW,OECD.SDD.TPS:DSD_PRICES@DF_PRICES_ALL(1.0),,I,KOR,,Q,,N,,CPI,,PA,,_T,,N,,GY,,1997-Q2,,4.042204,,A,,,,,,,,2,
DATAFLOW,OECD.SDD.TPS:DSD_PRICES@DF_PRICES_ALL(1.0),,I,KOR,,Q,,N,,CPI,,PA,,_T,,N,,GY,,1997-Q3,,3.969288,,A,,,,,,,,2,
DATAFLOW,OECD.SDD.TPS:DSD_PRICES@DF_PRICES_ALL(1.0),,I,KOR,,Q,,N,,CPI,,PA,,_T,,N,,GY,,1997-Q4,,5.052114,,A,,,,,,,,2,
DATAFLOW,OECD.SDD.TPS:DSD_PRICES@DF_PRICES_ALL(1.0),,I,KOR,,Q,,N,,CPI,,PA,,_T,,N,,GY,,1998-Q1,,8.934645,,A,,,,,,,,2,
DATAFLOW,OECD.SDD.TPS:DSD_PRICES@DF_PRICES_ALL(1.0),,I,KOR,,Q,,N,,CPI,,PA,,_T,,N,,GY,,1998-Q2,,8.171721,,A,,,,,,,,2,
DATAFLOW,OECD.SDD.TPS:DSD_PRICES@DF_PRICES_ALL(1.0),,I,KOR,,Q,,N,,CPI,,PA,,_T,,N,,GY,,1998-Q3,,7.031073,,A,,,,,,,,2,
DATAFLOW,OECD.SDD.TPS:DSD_PRICES@DF_PRICES_ALL(1.0),,I,KOR,,Q,,N,,CPI,,PA,,_T,,N,,GY,,1998-Q4,,5.973665,,A,,,,,,,,2,
DATAFLOW,OECD.SDD.TPS:DSD_PRICES@DF_PRICES_ALL(1.0),,I,KOR,,Q,,N,,CPI,,PA,,_T,,N,,GY,,1999-Q1,,0.7090031,,A,,,,,,,,2,
DATAFLOW,OECD.SDD.TPS:DSD_PRICES@DF_PRICES_ALL(1.0),,I,KOR,,Q,,N,,CPI,,PA,,_T,,N,,GY,,1999-Q2,,0.5930778,,A,,,,,,,,2,
DATAFLOW,OECD.SDD.TPS:DSD_PRICES@DF_PRICES_ALL(1.0),,I,KOR,,Q,,N,,CPI,,PA,,_T,,N,,GY,,1999-Q3,,0.6513097,,A,,,,,,,,2,
DATAFLOW,OECD.SDD.TPS:DSD_PRICES@DF_PRICES_ALL(1.0),,I,KOR,,Q,,N,,CPI,,PA,,_T,,N,,GY,,1999-Q4,,1.296202,,A,,,,,,,,2,
DATAFLOW,OECD.SDD.TPS:DSD_PRICES@DF_PRICES_ALL(1.0),,I,KOR,,Q,,N,,CPI,,PA,,_T,,N,,GY,,2000-Q1,,1.924515,,A,,,,,,,,2,
DATAFLOW,OECD.SDD.TPS:DSD_PRICES@DF_PRICES_ALL(1.0),,I,KOR,,Q,,N,,CPI,,PA,,_T,,N,,GY,,2000-Q2,,1.587001,,A,,,,,,,,2,
DATAFLOW,OECD.SDD.TPS:DSD_PRICES@DF_PRICES_ALL(1.0),,I,KOR,,Q,,N,,CPI,,PA,,_T,,N,,GY,,2000-Q3,,2.981723,,A,,,,,,,,2,
DATAFLOW,OECD.SDD.TPS:DSD_PRICES@DF_PRICES_ALL(1.0),,I,KOR,,Q,,N,,CPI,,PA,,_T,,N,,GY,,2000-Q4,,2.539965,,A,,,,,,,,2,
DATAFLOW,OECD.SDD.TPS:DSD_PRICES@DF_PRICES_ALL(1.0),,I,KOR,,Q,,N,,CPI,,PA,,_T,,N,,GY,,2001-Q1,,3.693404,,A,,,,,,,,2,
DATAFLOW,OECD.SDD.TPS:DSD_PRICES@DF_PRICES_ALL(1.0),,I,KOR,,Q,,N,,CPI,,PA,,_T,,N,,GY,,2001-Q2,,5.043368,,A,,,,,,,,2,
DATAFLOW,OECD.SDD.TPS:DSD_PRICES@DF_PRICES_ALL(1.0),,I,KOR,,Q,,N,,CPI,,PA,,_T,,N,,GY,,2001-Q3,,4.246153,,A,,,,,,,,2,
DATAFLOW,OECD.SDD.TPS:DSD_PRICES@DF_PRICES_ALL(1.0),,I,KOR,,Q,,N,,CPI,,PA,,_T,,N,,GY,,2001-Q4,,3.29699,,A,,,,,,,,2,
DATAFLOW,OECD.SDD.TPS:DSD_PRICES@DF_PRICES_ALL(1.0),,I,KOR,,Q,,N,,CPI,,PA,,_T,,N,,GY,,2002-Q1,,2.524986,,A,,,,,,,,2,
DATAFLOW,OECD.SDD.TPS:DSD_PRICES@DF_PRICES_ALL(1.0),,I,KOR,,Q,,N,,CPI,,PA,,_T,,N,,GY,,2002-Q2,,2.688524,,A,,,,,,,,2,
DATAFLOW,OECD.SDD.TPS:DSD_PRICES@DF_PRICES_ALL(1.0),,I,KOR,,Q,,N,,CPI,,PA,,_T,,N,,GY,,2002-Q3,,2.515384,,A,,,,,,,,2,
DATAFLOW,OECD.SDD.TPS:DSD_PRICES@DF_PRICES_ALL(1.0),,I,KOR,,Q,,N,,CPI,,PA,,_T,,N,,GY,,2002-Q4,,3.317064,,A,,,,,,,,2,
DATAFLOW,OECD.SDD.TPS:DSD_PRICES@DF_PRICES_ALL(1.0),,I,KOR,,Q,,N,,CPI,,PA,,_T,,N,,GY,,2003-Q1,,4.074824,,A,,,,,,,,2,
DATAFLOW,OECD.SDD.TPS:DSD_PRICES@DF_PRICES_ALL(1.0),,I,KOR,,Q,,N,,CPI,,PA,,_T,,N,,GY,,2003-Q2,,3.304753,,A,,,,,,,,2,
DATAFLOW,OECD.SDD.TPS:DSD_PRICES@DF_PRICES_ALL(1.0),,I,KOR,,Q,,N,,CPI,,PA,,_T,,N,,GY,,2003-Q3,,3.167003,,A,,,,,,,,2,
DATAFLOW,OECD.SDD.TPS:DSD_PRICES@DF_PRICES_ALL(1.0),,I,KOR,,Q,,N,,CPI,,PA,,_T,,N,,GY,,2003-Q4,,3.521599,,A,,,,,,,,2,
DATAFLOW,OECD.SDD.TPS:DSD_PRICES@DF_PRICES_ALL(1.0),,I,KOR,,Q,,N,,CPI,,PA,,_T,,N,,GY,,2004-Q1,,3.247758,,A,,,,,,,,2,
DATAFLOW,OECD.SDD.TPS:DSD_PRICES@DF_PRICES_ALL(1.0),,I,KOR,,Q,,N,,CPI,,PA,,_T,,N,,GY,,2004-Q2,,3.410231,,A,,,,,,,,2,
DATAFLOW,OECD.SDD.TPS:DSD_PRICES@DF_PRICES_ALL(1.0),,I,KOR,,Q,,N,,CPI,,PA,,_T,,N,,GY,,2004-Q3,,4.332101,,A,,,,,,,,2,
DATAFLOW,OECD.SDD.TPS:DSD_PRICES@DF_PRICES_ALL(1.0),,I,KOR,,Q,,N,,CPI,,PA,,_T,,N,,GY,,2004-Q4,,3.371094,,A,,,,,,,,2,
DATAFLOW,OECD.SDD.TPS:DSD_PRICES@DF_PRICES_ALL(1.0),,I,KOR,,Q,,N,,CPI,,PA,,_T,,N,,GY,,2005-Q1,,3.250791,,A,,,,,,,,2,
DATAFLOW,OECD.SDD.TPS:DSD_PRICES@DF_PRICES_ALL(1.0),,I,KOR,,Q,,N,,CPI,,PA,,_T,,N,,GY,,2005-Q2,,2.978482,,A,,,,,,,,2,
DATAFLOW,OECD.SDD.TPS:DSD_PRICES@DF_PRICES_ALL(1.0),,I,KOR,,Q,,N,,CPI,,PA,,_T,,N,,GY,,2005-Q3,,2.335768,,A,,,,,,,,2,
DATAFLOW,OECD.SDD.TPS:DSD_PRICES@DF_PRICES_ALL(1.0),,I,KOR,,Q,,N,,CPI,,PA,,_T,,N,,GY,,2005-Q4,,2.461863,,A,,,,,,,,2,
DATAFLOW,OECD.SDD.TPS:DSD_PRICES@DF_PRICES_ALL(1.0),,I,KOR,,Q,,N,,CPI,,PA,,_T,,N,,GY,,2006-Q1,,2.080478,,A,,,,,,,,2,
DATAFLOW,OECD.SDD.TPS:DSD_PRICES@DF_PRICES_ALL(1.0),,I,KOR,,Q,,N,,CPI,,PA,,_T,,N,,GY,,2006-Q2,,2.238575,,A,,,,,,,,2,
DATAFLOW,OECD.SDD.TPS:DSD_PRICES@DF_PRICES_ALL(1.0),,I,KOR,,Q,,N,,CPI,,PA,,_T,,N,,GY,,2006-Q3,,2.523911,,A,,,,,,,,2,
DATAFLOW,OECD.SDD.TPS:DSD_PRICES@DF_PRICES_ALL(1.0),,I,KOR,,Q,,N,,CPI,,PA,,_T,,N,,GY,,2006-Q4,,2.124841,,A,,,,,,,,2,
DATAFLOW,OECD.SDD.TPS:DSD_PRICES@DF_PRICES_ALL(1.0),,I,KOR,,Q,,N,,CPI,,PA,,_T,,N,,GY,,2007-Q1,,2.004072,,A,,,,,,,,2,
DATAFLOW,OECD.SDD.TPS:DSD_PRICES@DF_PRICES_ALL(1.0),,I,KOR,,Q,,N,,CPI,,PA,,_T,,N,,GY,,2007-Q2,,2.448498,,A,,,,,,,,2,
DATAFLOW,OECD.SDD.TPS:DSD_PRICES@DF_PRICES_ALL(1.0),,I,KOR,,Q,,N,,CPI,,PA,,_T,,N,,GY,,2007-Q3,,2.300707,,A,,,,,,,,2,
DATAFLOW,OECD.SDD.TPS:DSD_PRICES@DF_PRICES_ALL(1.0),,I,KOR,,Q,,N,,CPI,,PA,,_T,,N,,GY,,2007-Q4,,3.379497,,A,,,,,,,,2,
DATAFLOW,OECD.SDD.TPS:DSD_PRICES@DF_PRICES_ALL(1.0),,I,KOR,,Q,,N,,CPI,,PA,,_T,,N,,GY,,2008-Q1,,3.801677,,A,,,,,,,,2,
DATAFLOW,OECD.SDD.TPS:DSD_PRICES@DF_PRICES_ALL(1.0),,I,KOR,,Q,,N,,CPI,,PA,,_T,,N,,GY,,2008-Q2,,4.845073,,A,,,,,,,,2,
DATAFLOW,OECD.SDD.TPS:DSD_PRICES@DF_PRICES_ALL(1.0),,I,KOR,,Q,,N,,CPI,,PA,,_T,,N,,GY,,2008-Q3,,5.540922,,A,,,,,,,,2,
DATAFLOW,OECD.SDD.TPS:DSD_PRICES@DF_PRICES_ALL(1.0),,I,KOR,,Q,,N,,CPI,,PA,,_T,,N,,GY,,2008-Q4,,4.495431,,A,,,,,,,,2,
DATAFLOW,OECD.SDD.TPS:DSD_PRICES@DF_PRICES_ALL(1.0),,I,KOR,,Q,,N,,CPI,,PA,,_T,,N,,GY,,2009-Q1,,3.911027,,A,,,,,,,,2,
DATAFLOW,OECD.SDD.TPS:DSD_PRICES@DF_PRICES_ALL(1.0),,I,KOR,,Q,,N,,CPI,,PA,,_T,,N,,GY,,2009-Q2,,2.765758,,A,,,,,,,,2,
DATAFLOW,OECD.SDD.TPS:DSD_PRICES@DF_PRICES_ALL(1.0),,I,KOR,,Q,,N,,CPI,,PA,,_T,,N,,GY,,2009-Q3,,1.980098,,A,,,,,,,,2,
DATAFLOW,OECD.SDD.TPS:DSD_PRICES@DF_PRICES_ALL(1.0),,I,KOR,,Q,,N,,CPI,,PA,,_T,,N,,GY,,2009-Q4,,2.406731,,A,,,,,,,,2,
DATAFLOW,OECD.SDD.TPS:DSD_PRICES@DF_PRICES_ALL(1.0),,I,KOR,,Q,,N,,CPI,,PA,,_T,,N,,GY,,2010-Q1,,2.984326,,A,,,,,,,,2,
DATAFLOW,OECD.SDD.TPS:DSD_PRICES@DF_PRICES_ALL(1.0),,I,KOR,,Q,,N,,CPI,,PA,,_T,,N,,GY,,2010-Q2,,2.663094,,A,,,,,,,,2,
DATAFLOW,OECD.SDD.TPS:DSD_PRICES@DF_PRICES_ALL(1.0),,I,KOR,,Q,,N,,CPI,,PA,,_T,,N,,GY,,2010-Q3,,2.873929,,A,,,,,,,,2,
DATAFLOW,OECD.SDD.TPS:DSD_PRICES@DF_PRICES_ALL(1.0),,I,KOR,,Q,,N,,CPI,,PA,,_T,,N,,GY,,2010-Q4,,3.234492,,A,,,,,,,,2,
DATAFLOW,OECD.SDD.TPS:DSD_PRICES@DF_PRICES_ALL(1.0),,I,KOR,,Q,,N,,CPI,,PA,,_T,,N,,GY,,2011-Q1,,3.838329,,A,,,,,,,,2,
DATAFLOW,OECD.SDD.TPS:DSD_PRICES@DF_PRICES_ALL(1.0),,I,KOR,,Q,,N,,CPI,,PA,,_T,,N,,GY,,2011-Q2,,3.98203,,A,,,,,,,,2,
DATAFLOW,OECD.SDD.TPS:DSD_PRICES@DF_PRICES_ALL(1.0),,I,KOR,,Q,,N,,CPI,,PA,,_T,,N,,GY,,2011-Q3,,4.316329,,A,,,,,,,,2,
DATAFLOW,OECD.SDD.TPS:DSD_PRICES@DF_PRICES_ALL(1.0),,I,KOR,,Q,,N,,CPI,,PA,,_T,,N,,GY,,2011-Q4,,3.964527,,A,,,,,,,,2,
DATAFLOW,OECD.SDD.TPS:DSD_PRICES@DF_PRICES_ALL(1.0),,I,KOR,,Q,,N,,CPI,,PA,,_T,,N,,GY,,2012-Q1,,3.012559,,A,,,,,,,,2,
DATAFLOW,OECD.SDD.TPS:DSD_PRICES@DF_PRICES_ALL(1.0),,I,KOR,,Q,,N,,CPI,,PA,,_T,,N,,GY,,2012-Q2,,2.42875,,A,,,,,,,,2,
DATAFLOW,OECD.SDD.TPS:DSD_PRICES@DF_PRICES_ALL(1.0),,I,KOR,,Q,,N,,CPI,,PA,,_T,,N,,GY,,2012-Q3,,1.609998,,A,,,,,,,,2,
DATAFLOW,OECD.SDD.TPS:DSD_PRICES@DF_PRICES_ALL(1.0),,I,KOR,,Q,,N,,CPI,,PA,,_T,,N,,GY,,2012-Q4,,1.715583,,A,,,,,,,,2,
DATAFLOW,OECD.SDD.TPS:DSD_PRICES@DF_PRICES_ALL(1.0),,I,KOR,,Q,,N,,CPI,,PA,,_T,,N,,GY,,2013-Q1,,1.55733,,A,,,,,,,,2,
DATAFLOW,OECD.SDD.TPS:DSD_PRICES@DF_PRICES_ALL(1.0),,I,KOR,,Q,,N,,CPI,,PA,,_T,,N,,GY,,2013-Q2,,1.215579,,A,,,,,,,,2,
DATAFLOW,OECD.SDD.TPS:DSD_PRICES@DF_PRICES_ALL(1.0),,I,KOR,,Q,,N,,CPI,,PA,,_T,,N,,GY,,2013-Q3,,1.36585,,A,,,,,,,,2,
DATAFLOW,OECD.SDD.TPS:DSD_PRICES@DF_PRICES_ALL(1.0),,I,KOR,,Q,,N,,CPI,,PA,,_T,,N,,GY,,2013-Q4,,1.068258,,A,,,,,,,,2,
DATAFLOW,OECD.SDD.TPS:DSD_PRICES@DF_PRICES_ALL(1.0),,I,KOR,,Q,,N,,CPI,,PA,,_T,,N,,GY,,2014-Q1,,1.128381,,A,,,,,,,,2,
DATAFLOW,OECD.SDD.TPS:DSD_PRICES@DF_PRICES_ALL(1.0),,I,KOR,,Q,,N,,CPI,,PA,,_T,,N,,GY,,2014-Q2,,1.607653,,A,,,,,,,,2,
DATAFLOW,OECD.SDD.TPS:DSD_PRICES@DF_PRICES_ALL(1.0),,I,KOR,,Q,,N,,CPI,,PA,,_T,,N,,GY,,2014-Q3,,1.381069,,A,,,,,,,,2,
DATAFLOW,OECD.SDD.TPS:DSD_PRICES@DF_PRICES_ALL(1.0),,I,KOR,,Q,,N,,CPI,,PA,,_T,,N,,GY,,2014-Q4,,0.9829003,,A,,,,,,,,2,
DATAFLOW,OECD.SDD.TPS:DSD_PRICES@DF_PRICES_ALL(1.0),,I,KOR,,Q,,N,,CPI,,PA,,_T,,N,,GY,,2015-Q1,,0.6964377,,A,,,,,,,,2,
DATAFLOW,OECD.SDD.TPS:DSD_PRICES@DF_PRICES_ALL(1.0),,I,KOR,,Q,,N,,CPI,,PA,,_T,,N,,GY,,2015-Q2,,0.5632339,,A,,,,,,,,2,
DATAFLOW,OECD.SDD.TPS:DSD_PRICES@DF_PRICES_ALL(1.0),,I,KOR,,Q,,N,,CPI,,PA,,_T,,N,,GY,,2015-Q3,,0.6463745,,A,,,,,,,,2,
DATAFLOW,OECD.SDD.TPS:DSD_PRICES@DF_PRICES_ALL(1.0),,I,KOR,,Q,,N,,CPI,,PA,,_T,,N,,GY,,2015-Q4,,0.9198302,,A,,,,,,,,2,
DATAFLOW,OECD.SDD.TPS:DSD_PRICES@DF_PRICES_ALL(1.0),,I,KOR,,Q,,N,,CPI,,PA,,_T,,N,,GY,,2016-Q1,,0.8593293,,A,,,,,,,,2,
DATAFLOW,OECD.SDD.TPS:DSD_PRICES@DF_PRICES_ALL(1.0),,I,KOR,,Q,,N,,CPI,,PA,,_T,,N,,GY,,2016-Q2,,0.8402948,,A,,,,,,,,2,
DATAFLOW,OECD.SDD.TPS:DSD_PRICES@DF_PRICES_ALL(1.0),,I,KOR,,Q,,N,,CPI,,PA,,_T,,N,,GY,,2016-Q3,,0.7347708,,A,,,,,,,,2,
DATAFLOW,OECD.SDD.TPS:DSD_PRICES@DF_PRICES_ALL(1.0),,I,KOR,,Q,,N,,CPI,,PA,,_T,,N,,GY,,2016-Q4,,1.452135,,A,,,,,,,,2,
DATAFLOW,OECD.SDD.TPS:DSD_PRICES@DF_PRICES_ALL(1.0),,I,KOR,,Q,,N,,CPI,,PA,,_T,,N,,GY,,2017-Q1,,2.200059,,A,,,,,,,,2,
DATAFLOW,OECD.SDD.TPS:DSD_PRICES@DF_PRICES_ALL(1.0),,I,KOR,,Q,,N,,CPI,,PA,,_T,,N,,GY,,2017-Q2,,1.921803,,A,,,,,,,,2,
DATAFLOW,OECD.SDD.TPS:DSD_PRICES@DF_PRICES_ALL(1.0),,I,KOR,,Q,,N,,CPI,,PA,,_T,,N,,GY,,2017-Q3,,2.218162,,A,,,,,,,,2,
DATAFLOW,OECD.SDD.TPS:DSD_PRICES@DF_PRICES_ALL(1.0),,I,KOR,,Q,,N,,CPI,,PA,,_T,,N,,GY,,2017-Q4,,1.44104,,A,,,,,,,,2,
DATAFLOW,OECD.SDD.TPS:DSD_PRICES@DF_PRICES_ALL(1.0),,I,KOR,,Q,,N,,CPI,,PA,,_T,,N,,GY,,2018-Q1,,1.076349,,A,,,,,,,,2,
DATAFLOW,OECD.SDD.TPS:DSD_PRICES@DF_PRICES_ALL(1.0),,I,KOR,,Q,,N,,CPI,,PA,,_T,,N,,GY,,2018-Q2,,1.492512,,A,,,,,,,,2,
DATAFLOW,OECD.SDD.TPS:DSD_PRICES@DF_PRICES_ALL(1.0),,I,KOR,,Q,,N,,CPI,,PA,,_T,,N,,GY,,2018-Q3,,1.547004,,A,,,,,,,,2,
DATAFLOW,OECD.SDD.TPS:DSD_PRICES@DF_PRICES_ALL(1.0),,I,KOR,,Q,,N,,CPI,,PA,,_T,,N,,GY,,2018-Q4,,1.786628,,A,,,,,,,,2,
DATAFLOW,OECD.SDD.TPS:DSD_PRICES@DF_PRICES_ALL(1.0),,I,KOR,,Q,,N,,CPI,,PA,,_T,,N,,GY,,2019-Q1,,0.5424197,,A,,,,,,,,2,
DATAFLOW,OECD.SDD.TPS:DSD_PRICES@DF_PRICES_ALL(1.0),,I,KOR,,Q,,N,,CPI,,PA,,_T,,N,,GY,,2019-Q2,,0.6521981,,A,,,,,,,,2,
DATAFLOW,OECD.SDD.TPS:DSD_PRICES@DF_PRICES_ALL(1.0),,I,KOR,,Q,,N,,CPI,,PA,,_T,,N,,GY,,2019-Q3,,0.04459002,,A,,,,,,,,2,
DATAFLOW,OECD.SDD.TPS:DSD_PRICES@DF_PRICES_ALL(1.0),,I,KOR,,Q,,N,,CPI,,PA,,_T,,N,,GY,,2019-Q4,,0.295617,,A,,,,,,,,2,
DATAFLOW,OECD.SDD.TPS:DSD_PRICES@DF_PRICES_ALL(1.0),,I,KOR,,Q,,N,,CPI,,PA,,_T,,N,,GY,,2020-Q1,,0.9666483,,A,,,,,,,,2,
DATAFLOW,OECD.SDD.TPS:DSD_PRICES@DF_PRICES_ALL(1.0),,I,KOR,,Q,,N,,CPI,,PA,,_T,,N,,GY,,2020-Q2,,0.008706601,,A,,,,,,,,2,
DATAFLOW,OECD.SDD.TPS:DSD_PRICES@DF_PRICES_ALL(1.0),,I,KOR,,Q,,N,,CPI,,PA,,_T,,N,,GY,,2020-Q3,,0.7218354,,A,,,,,,,,2,
DATAFLOW,OECD.SDD.TPS:DSD_PRICES@DF_PRICES_ALL(1.0),,I,KOR,,Q,,N,,CPI,,PA,,_T,,N,,GY,,2020-Q4,,0.454149,,A,,,,,,,,2,
DATAFLOW,OECD.SDD.TPS:DSD_PRICES@DF_PRICES_ALL(1.0),,I,KOR,,Q,,N,,CPI,,PA,,_T,,N,,GY,,2021-Q1,,1.422432,,A,,,,,,,,2,
DATAFLOW,OECD.SDD.TPS:DSD_PRICES@DF_PRICES_ALL(1.0),,I,KOR,,Q,,N,,CPI,,PA,,_T,,N,,GY,,2021-Q2,,2.487862,,A,,,,,,,,2,
DATAFLOW,OECD.SDD.TPS:DSD_PRICES@DF_PRICES_ALL(1.0),,I,KOR,,Q,,N,,CPI,,PA,,_T,,N,,GY,,2021-Q3,,2.535268,,A,,,,,,,,2,
DATAFLOW,OECD.SDD.TPS:DSD_PRICES@DF_PRICES_ALL(1.0),,I,KOR,,Q,,N,,CPI,,PA,,_T,,N,,GY,,2021-Q4,,3.546241,,A,,,,,,,,2,
DATAFLOW,OECD.SDD.TPS:DSD_PRICES@DF_PRICES_ALL(1.0),,I,KOR,,Q,,N,,CPI,,PA,,_T,,N,,GY,,2022-Q1,,3.911844,,A,,,,,,,,2,
DATAFLOW,OECD.SDD.TPS:DSD_PRICES@DF_PRICES_ALL(1.0),,I,KOR,,Q,,N,,CPI,,PA,,_T,,N,,GY,,2022-Q2,,5.377679,,A,,,,,,,,2,
DATAFLOW,OECD.SDD.TPS:DSD_PRICES@DF_PRICES_ALL(1.0),,I,KOR,,Q,,N,,CPI,,PA,,_T,,N,,GY,,2022-Q3,,5.840743,,A,,,,,,,,2,
DATAFLOW,OECD.SDD.TPS:DSD_PRICES@DF_PRICES_ALL(1.0),,I,KOR,,Q,,N,,CPI,,PA,,_T,,N,,GY,,2022-Q4,,5.21429,,A,,,,,,,,2,
DATAFLOW,OECD.SDD.TPS:DSD_PRICES@DF_PRICES_ALL(1.0),,I,KOR,,Q,,N,,CPI,,PA,,_T,,N,,GY,,2023-Q1,,4.599045,,A,,,,,,,,2,
DATAFLOW,OECD.SDD.TPS:DSD_PRICES@DF_PRICES_ALL(1.0),,I,KOR,,Q,,N,,CPI,,PA,,_T,,N,,GY,,2023-Q2,,3.261611,,A,,,,,,,,2,
DATAFLOW,OECD.SDD.TPS:DSD_PRICES@DF_PRICES_ALL(1.0),,I,KOR,,Q,,N,,CPI,,PA,,_T,,N,,GY,,2023-Q3,,3.139371,,A,,,,,,,,2,
DATAFLOW,OECD.SDD.TPS:DSD_PRICES@DF_PRICES_ALL(1.0),,I,KOR,,Q,,N,,CPI,,PA,,_T,,N,,GY,,2023-Q4,,3.416898,,A,,,,,,,,2,
DATAFLOW,OECD.SDD.TPS:DSD_PRICES@DF_PRICES_ALL(1.0),,I,KOR,,Q,,N,,CPI,,PA,,_T,,N,,GY,,2024-Q1,,3.015835,,A,,,,,,,,2,
DATAFLOW,OECD.SDD.TPS:DSD_PRICES@DF_PRICES_ALL(1.0),,I,KOR,,Q,,N,,CPI,,PA,,_T,,N,,GY,,2024-Q2,,2.669189,,A,,,,,,,,2,
DATAFLOW,OECD.SDD.TPS:DSD_PRICES@DF_PRICES_ALL(1.0),,I,KOR,,Q,,N,,CPI,,PA,,_T,,N,,GY,,2024-Q3,,2.051008,,A,,,,,,,,2,
DATAFLOW,OECD.SDD.TPS:DSD_PRICES@DF_PRICES_ALL(1.0),,I,KOR,,Q,,N,,CPI,,PA,,_T,,N,,GY,,2024-Q4,,1.570804,,A,,,,,,,,2,
DATAFLOW,OECD.SDD.TPS:DSD_PRICES@DF_PRICES_ALL(1.0),,I,KOR,,Q,,N,,CPI,,PA,,_T,,N,,GY,,2025-Q1,,2.106189,,A,,,,,,,,2,
DATAFLOW,OECD.SDD.TPS:DSD_PRICES@DF_PRICES_ALL(1.0),,I,KOR,,Q,,N,,CPI,,PA,,_T,,N,,GY,,2025-Q2,,2.050007,,A,,,,,,,,2,
DATAFLOW,OECD.SDD.TPS:DSD_PRICES@DF_PRICES_ALL(1.0),,I,KOR,,Q,,N,,CPI,,PA,,_T,,N,,GY,,2025-Q3,,1.954445,,A,,,,,,,,2,
DATAFLOW,OECD.SDD.TPS:DSD_PRICES@DF_PRICES_ALL(1.0),,I,KOR,,Q,,N,,CPI,,PA,,_T,,N,,GY,,2025-Q4,,2.380814,,A,,,,,,,,2,
DATAFLOW,OECD.SDD.TPS:DSD_PRICES@DF_PRICES_ALL(1.0),,I,KOR,,Q,,N,,CPI,,PA,,_T,,N,,GY,,2026-Q1,,2.054126,,A,,,,,,,,2,
DATAFLOW,OECD.SDD.TPS:DSD_PRICES@DF_PRICES_ALL(1.0),,I,SVK,,Q,,N,,CPI,,PA,,_T,,N,,GY,,1996-Q3,,5.419223,,A,,,,,,,,2,
DATAFLOW,OECD.SDD.TPS:DSD_PRICES@DF_PRICES_ALL(1.0),,I,SVK,,Q,,N,,CPI,,PA,,_T,,N,,GY,,1996-Q4,,5.351171,,A,,,,,,,,2,
DATAFLOW,OECD.SDD.TPS:DSD_PRICES@DF_PRICES_ALL(1.0),,I,SVK,,Q,,N,,CPI,,PA,,_T,,N,,GY,,1997-Q1,,6.012554,,A,,,,,,,,2,
DATAFLOW,OECD.SDD.TPS:DSD_PRICES@DF_PRICES_ALL(1.0),,I,SVK,,Q,,N,,CPI,,PA,,_T,,N,,GY,,1997-Q2,,6.317513,,A,,,,,,,,2,
DATAFLOW,OECD.SDD.TPS:DSD_PRICES@DF_PRICES_ALL(1.0),,I,SVK,,Q,,N,,CPI,,PA,,_T,,N,,GY,,1997-Q3,,6.078241,,A,,,,,,,,2,
DATAFLOW,OECD.SDD.TPS:DSD_PRICES@DF_PRICES_ALL(1.0),,I,SVK,,Q,,N,,CPI,,PA,,_T,,N,,GY,,1997-Q4,,6.15873,,A,,,,,,,,2,
DATAFLOW,OECD.SDD.TPS:DSD_PRICES@DF_PRICES_ALL(1.0),,I,SVK,,Q,,N,,CPI,,PA,,_T,,N,,GY,,1998-Q1,,7.354316,,A,,,,,,,,2,
DATAFLOW,OECD.SDD.TPS:DSD_PRICES@DF_PRICES_ALL(1.0),,I,SVK,,Q,,N,,CPI,,PA,,_T,,N,,GY,,1998-Q2,,7.327586,,A,,,,,,,,2,
DATAFLOW,OECD.SDD.TPS:DSD_PRICES@DF_PRICES_ALL(1.0),,I,SVK,,Q,,N,,CPI,,PA,,_T,,N,,GY,,1998-Q3,,6.126181,,A,,,,,,,,2,
DATAFLOW,OECD.SDD.TPS:DSD_PRICES@DF_PRICES_ALL(1.0),,I,SVK,,Q,,N,,CPI,,PA,,_T,,N,,GY,,1998-Q4,,5.891148,,A,,,,,,,,2,
DATAFLOW,OECD.SDD.TPS:DSD_PRICES@DF_PRICES_ALL(1.0),,I,SVK,,Q,,N,,CPI,,PA,,_T,,N,,GY,,1999-Q1,,6.879536,,A,,,,,,,,2,
DATAFLOW,OECD.SDD.TPS:DSD_PRICES@DF_PRICES_ALL(1.0),,I,SVK,,Q,,N,,CPI,,PA,,_T,,N,,GY,,1999-Q2,,6.97074,,A,,,,,,,,2,
DATAFLOW,OECD.SDD.TPS:DSD_PRICES@DF_PRICES_ALL(1.0),,I,SVK,,Q,,N,,CPI,,PA,,_T,,N,,GY,,1999-Q3,,14.27341,,A,,,,,,,,2,
DATAFLOW,OECD.SDD.TPS:DSD_PRICES@DF_PRICES_ALL(1.0),,I,SVK,,Q,,N,,CPI,,PA,,_T,,N,,GY,,1999-Q4,,14.06382,,A,,,,,,,,2,
DATAFLOW,OECD.SDD.TPS:DSD_PRICES@DF_PRICES_ALL(1.0),,I,SVK,,Q,,N,,CPI,,PA,,_T,,N,,GY,,2000-Q1,,15.53504,,A,,,,,,,,2,
DATAFLOW,OECD.SDD.TPS:DSD_PRICES@DF_PRICES_ALL(1.0),,I,SVK,,Q,,N,,CPI,,PA,,_T,,N,,GY,,2000-Q2,,15.79512,,A,,,,,,,,2,
DATAFLOW,OECD.SDD.TPS:DSD_PRICES@DF_PRICES_ALL(1.0),,I,SVK,,Q,,N,,CPI,,PA,,_T,,N,,GY,,2000-Q3,,8.846444,,A,,,,,,,,2,
DATAFLOW,OECD.SDD.TPS:DSD_PRICES@DF_PRICES_ALL(1.0),,I,SVK,,Q,,N,,CPI,,PA,,_T,,N,,GY,,2000-Q4,,8.516959,,A,,,,,,,,2,
DATAFLOW,OECD.SDD.TPS:DSD_PRICES@DF_PRICES_ALL(1.0),,I,SVK,,Q,,N,,CPI,,PA,,_T,,N,,GY,,2001-Q1,,7.146215,,A,,,,,,,,2,
DATAFLOW,OECD.SDD.TPS:DSD_PRICES@DF_PRICES_ALL(1.0),,I,SVK,,Q,,N,,CPI,,PA,,_T,,N,,GY,,2001-Q2,,7.735063,,A,,,,,,,,2,
DATAFLOW,OECD.SDD.TPS:DSD_PRICES@DF_PRICES_ALL(1.0),,I,SVK,,Q,,N,,CPI,,PA,,_T,,N,,GY,,2001-Q3,,7.758024,,A,,,,,,,,2,
DATAFLOW,OECD.SDD.TPS:DSD_PRICES@DF_PRICES_ALL(1.0),,I,SVK,,Q,,N,,CPI,,PA,,_T,,N,,GY,,2001-Q4,,6.684919,,A,,,,,,,,2,
DATAFLOW,OECD.SDD.TPS:DSD_PRICES@DF_PRICES_ALL(1.0),,I,SVK,,Q,,N,,CPI,,PA,,_T,,N,,GY,,2002-Q1,,4.348118,,A,,,,,,,,2,
DATAFLOW,OECD.SDD.TPS:DSD_PRICES@DF_PRICES_ALL(1.0),,I,SVK,,Q,,N,,CPI,,PA,,_T,,N,,GY,,2002-Q2,,2.80657,,A,,,,,,,,2,
DATAFLOW,OECD.SDD.TPS:DSD_PRICES@DF_PRICES_ALL(1.0),,I,SVK,,Q,,N,,CPI,,PA,,_T,,N,,GY,,2002-Q3,,2.476144,,A,,,,,,,,2,
DATAFLOW,OECD.SDD.TPS:DSD_PRICES@DF_PRICES_ALL(1.0),,I,SVK,,Q,,N,,CPI,,PA,,_T,,N,,GY,,2002-Q4,,2.905615,,A,,,,,,,,2,
DATAFLOW,OECD.SDD.TPS:DSD_PRICES@DF_PRICES_ALL(1.0),,I,SVK,,Q,,N,,CPI,,PA,,_T,,N,,GY,,2003-Q1,,7.609365,,A,,,,,,,,2,
DATAFLOW,OECD.SDD.TPS:DSD_PRICES@DF_PRICES_ALL(1.0),,I,SVK,,Q,,N,,CPI,,PA,,_T,,N,,GY,,2003-Q2,,7.935049,,A,,,,,,,,2,
DATAFLOW,OECD.SDD.TPS:DSD_PRICES@DF_PRICES_ALL(1.0),,I,SVK,,Q,,N,,CPI,,PA,,_T,,N,,GY,,2003-Q3,,9.129902,,A,,,,,,,,2,
DATAFLOW,OECD.SDD.TPS:DSD_PRICES@DF_PRICES_ALL(1.0),,I,SVK,,Q,,N,,CPI,,PA,,_T,,N,,GY,,2003-Q4,,9.531059,,A,,,,,,,,2,
DATAFLOW,OECD.SDD.TPS:DSD_PRICES@DF_PRICES_ALL(1.0),,I,SVK,,Q,,N,,CPI,,PA,,_T,,N,,GY,,2004-Q1,,8.330948,,A,,,,,,,,2,
DATAFLOW,OECD.SDD.TPS:DSD_PRICES@DF_PRICES_ALL(1.0),,I,SVK,,Q,,N,,CPI,,PA,,_T,,N,,GY,,2004-Q2,,8.146466,,A,,,,,,,,2,
DATAFLOW,OECD.SDD.TPS:DSD_PRICES@DF_PRICES_ALL(1.0),,I,SVK,,Q,,N,,CPI,,PA,,_T,,N,,GY,,2004-Q3,,7.439641,,A,,,,,,,,2,
DATAFLOW,OECD.SDD.TPS:DSD_PRICES@DF_PRICES_ALL(1.0),,I,SVK,,Q,,N,,CPI,,PA,,_T,,N,,GY,,2004-Q4,,6.310814,,A,,,,,,,,2,
DATAFLOW,OECD.SDD.TPS:DSD_PRICES@DF_PRICES_ALL(1.0),,I,SVK,,Q,,N,,CPI,,PA,,_T,,N,,GY,,2005-Q1,,2.774842,,A,,,,,,,,2,
DATAFLOW,OECD.SDD.TPS:DSD_PRICES@DF_PRICES_ALL(1.0),,I,SVK,,Q,,N,,CPI,,PA,,_T,,N,,GY,,2005-Q2,,2.519685,,A,,,,,,,,2,
DATAFLOW,OECD.SDD.TPS:DSD_PRICES@DF_PRICES_ALL(1.0),,I,SVK,,Q,,N,,CPI,,PA,,_T,,N,,GY,,2005-Q3,,2.09041,,A,,,,,,,,2,
DATAFLOW,OECD.SDD.TPS:DSD_PRICES@DF_PRICES_ALL(1.0),,I,SVK,,Q,,N,,CPI,,PA,,_T,,N,,GY,,2005-Q4,,3.451883,,A,,,,,,,,2,
DATAFLOW,OECD.SDD.TPS:DSD_PRICES@DF_PRICES_ALL(1.0),,I,SVK,,Q,,N,,CPI,,PA,,_T,,N,,GY,,2006-Q1,,4.319877,,A,,,,,,,,2,
DATAFLOW,OECD.SDD.TPS:DSD_PRICES@DF_PRICES_ALL(1.0),,I,SVK,,Q,,N,,CPI,,PA,,_T,,N,,GY,,2006-Q2,,4.633896,,A,,,,,,,,2,
DATAFLOW,OECD.SDD.TPS:DSD_PRICES@DF_PRICES_ALL(1.0),,I,SVK,,Q,,N,,CPI,,PA,,_T,,N,,GY,,2006-Q3,,4.914257,,A,,,,,,,,2,
DATAFLOW,OECD.SDD.TPS:DSD_PRICES@DF_PRICES_ALL(1.0),,I,SVK,,Q,,N,,CPI,,PA,,_T,,N,,GY,,2006-Q4,,4.069767,,A,,,,,,,,2,
DATAFLOW,OECD.SDD.TPS:DSD_PRICES@DF_PRICES_ALL(1.0),,I,SVK,,Q,,N,,CPI,,PA,,_T,,N,,GY,,2007-Q1,,2.809958,,A,,,,,,,,2,
DATAFLOW,OECD.SDD.TPS:DSD_PRICES@DF_PRICES_ALL(1.0),,I,SVK,,Q,,N,,CPI,,PA,,_T,,N,,GY,,2007-Q2,,2.495718,,A,,,,,,,,2,
DATAFLOW,OECD.SDD.TPS:DSD_PRICES@DF_PRICES_ALL(1.0),,I,SVK,,Q,,N,,CPI,,PA,,_T,,N,,GY,,2007-Q3,,2.464016,,A,,,,,,,,2,
DATAFLOW,OECD.SDD.TPS:DSD_PRICES@DF_PRICES_ALL(1.0),,I,SVK,,Q,,N,,CPI,,PA,,_T,,N,,GY,,2007-Q4,,3.254797,,A,,,,,,,,2,
DATAFLOW,OECD.SDD.TPS:DSD_PRICES@DF_PRICES_ALL(1.0),,I,SVK,,Q,,N,,CPI,,PA,,_T,,N,,GY,,2008-Q1,,4.027811,,A,,,,,,,,2,
DATAFLOW,OECD.SDD.TPS:DSD_PRICES@DF_PRICES_ALL(1.0),,I,SVK,,Q,,N,,CPI,,PA,,_T,,N,,GY,,2008-Q2,,4.487945,,A,,,,,,,,2,
DATAFLOW,OECD.SDD.TPS:DSD_PRICES@DF_PRICES_ALL(1.0),,I,SVK,,Q,,N,,CPI,,PA,,_T,,N,,GY,,2008-Q3,,5.071429,,A,,,,,,,,2,
DATAFLOW,OECD.SDD.TPS:DSD_PRICES@DF_PRICES_ALL(1.0),,I,SVK,,Q,,N,,CPI,,PA,,_T,,N,,GY,,2008-Q4,,4.798871,,A,,,,,,,,2,
DATAFLOW,OECD.SDD.TPS:DSD_PRICES@DF_PRICES_ALL(1.0),,I,SVK,,Q,,N,,CPI,,PA,,_T,,N,,GY,,2009-Q1,,2.926942,,A,,,,,,,,2,
DATAFLOW,OECD.SDD.TPS:DSD_PRICES@DF_PRICES_ALL(1.0),,I,SVK,,Q,,N,,CPI,,PA,,_T,,N,,GY,,2009-Q2,,1.919123,,A,,,,,,,,2,
DATAFLOW,OECD.SDD.TPS:DSD_PRICES@DF_PRICES_ALL(1.0),,I,SVK,,Q,,N,,CPI,,PA,,_T,,N,,GY,,2009-Q3,,1.200997,,A,,,,,,,,2,
DATAFLOW,OECD.SDD.TPS:DSD_PRICES@DF_PRICES_ALL(1.0),,I,SVK,,Q,,N,,CPI,,PA,,_T,,N,,GY,,2009-Q4,,0.4489338,,A,,,,,,,,2,
DATAFLOW,OECD.SDD.TPS:DSD_PRICES@DF_PRICES_ALL(1.0),,I,SVK,,Q,,N,,CPI,,PA,,_T,,N,,GY,,2010-Q1,,0.5373936,,A,,,,,,,,2,
DATAFLOW,OECD.SDD.TPS:DSD_PRICES@DF_PRICES_ALL(1.0),,I,SVK,,Q,,N,,CPI,,PA,,_T,,N,,GY,,2010-Q2,,1.120825,,A,,,,,,,,2,
DATAFLOW,OECD.SDD.TPS:DSD_PRICES@DF_PRICES_ALL(1.0),,I,SVK,,Q,,N,,CPI,,PA,,_T,,N,,GY,,2010-Q3,,1.074787,,A,,,,,,,,2,
DATAFLOW,OECD.SDD.TPS:DSD_PRICES@DF_PRICES_ALL(1.0),,I,SVK,,Q,,N,,CPI,,PA,,_T,,N,,GY,,2010-Q4,,1.094972,,A,,,,,,,,2,
DATAFLOW,OECD.SDD.TPS:DSD_PRICES@DF_PRICES_ALL(1.0),,I,SVK,,Q,,N,,CPI,,PA,,_T,,N,,GY,,2011-Q1,,3.318485,,A,,,,,,,,2,
DATAFLOW,OECD.SDD.TPS:DSD_PRICES@DF_PRICES_ALL(1.0),,I,SVK,,Q,,N,,CPI,,PA,,_T,,N,,GY,,2011-Q2,,3.879406,,A,,,,,,,,2,
DATAFLOW,OECD.SDD.TPS:DSD_PRICES@DF_PRICES_ALL(1.0),,I,SVK,,Q,,N,,CPI,,PA,,_T,,N,,GY,,2011-Q3,,3.965441,,A,,,,,,,,2,
DATAFLOW,OECD.SDD.TPS:DSD_PRICES@DF_PRICES_ALL(1.0),,I,SVK,,Q,,N,,CPI,,PA,,_T,,N,,GY,,2011-Q4,,4.509284,,A,,,,,,,,2,
DATAFLOW,OECD.SDD.TPS:DSD_PRICES@DF_PRICES_ALL(1.0),,I,SVK,,Q,,N,,CPI,,PA,,_T,,N,,GY,,2012-Q1,,3.815477,,A,,,,,,,,2,
DATAFLOW,OECD.SDD.TPS:DSD_PRICES@DF_PRICES_ALL(1.0),,I,SVK,,Q,,N,,CPI,,PA,,_T,,N,,GY,,2012-Q2,,3.499787,,A,,,,,,,,2,
DATAFLOW,OECD.SDD.TPS:DSD_PRICES@DF_PRICES_ALL(1.0),,I,SVK,,Q,,N,,CPI,,PA,,_T,,N,,GY,,2012-Q3,,3.643725,,A,,,,,,,,2,
DATAFLOW,OECD.SDD.TPS:DSD_PRICES@DF_PRICES_ALL(1.0),,I,SVK,,Q,,N,,CPI,,PA,,_T,,N,,GY,,2012-Q4,,3.468697,,A,,,,,,,,2,
DATAFLOW,OECD.SDD.TPS:DSD_PRICES@DF_PRICES_ALL(1.0),,I,SVK,,Q,,N,,CPI,,PA,,_T,,N,,GY,,2013-Q1,,2.180233,,A,,,,,,,,2,
DATAFLOW,OECD.SDD.TPS:DSD_PRICES@DF_PRICES_ALL(1.0),,I,SVK,,Q,,N,,CPI,,PA,,_T,,N,,GY,,2013-Q2,,1.628866,,A,,,,,,,,2,
DATAFLOW,OECD.SDD.TPS:DSD_PRICES@DF_PRICES_ALL(1.0),,I,SVK,,Q,,N,,CPI,,PA,,_T,,N,,GY,,2013-Q3,,1.29523,,A,,,,,,,,2,
DATAFLOW,OECD.SDD.TPS:DSD_PRICES@DF_PRICES_ALL(1.0),,I,SVK,,Q,,N,,CPI,,PA,,_T,,N,,GY,,2013-Q4,,0.5110384,,A,,,,,,,,2,
DATAFLOW,OECD.SDD.TPS:DSD_PRICES@DF_PRICES_ALL(1.0),,I,SVK,,Q,,N,,CPI,,PA,,_T,,N,,GY,,2014-Q1,,-0.08128429,,A,,,,,,,,2,
DATAFLOW,OECD.SDD.TPS:DSD_PRICES@DF_PRICES_ALL(1.0),,I,SVK,,Q,,N,,CPI,,PA,,_T,,N,,GY,,2014-Q2,,-0.06086427,,A,,,,,,,,2,
DATAFLOW,OECD.SDD.TPS:DSD_PRICES@DF_PRICES_ALL(1.0),,I,SVK,,Q,,N,,CPI,,PA,,_T,,N,,GY,,2014-Q3,,-0.121778,,A,,,,,,,,2,
DATAFLOW,OECD.SDD.TPS:DSD_PRICES@DF_PRICES_ALL(1.0),,I,SVK,,Q,,N,,CPI,,PA,,_T,,N,,GY,,2014-Q4,,-0.04067521,,A,,,,,,,,2,
DATAFLOW,OECD.SDD.TPS:DSD_PRICES@DF_PRICES_ALL(1.0),,I,SVK,,Q,,N,,CPI,,PA,,_T,,N,,GY,,2015-Q1,,-0.4067521,,A,,,,,,,,2,
DATAFLOW,OECD.SDD.TPS:DSD_PRICES@DF_PRICES_ALL(1.0),,I,SVK,,Q,,N,,CPI,,PA,,_T,,N,,GY,,2015-Q2,,-0.1015022,,A,,,,,,,,2,
DATAFLOW,OECD.SDD.TPS:DSD_PRICES@DF_PRICES_ALL(1.0),,I,SVK,,Q,,N,,CPI,,PA,,_T,,N,,GY,,2015-Q3,,-0.3048161,,A,,,,,,,,2,
DATAFLOW,OECD.SDD.TPS:DSD_PRICES@DF_PRICES_ALL(1.0),,I,SVK,,Q,,N,,CPI,,PA,,_T,,N,,GY,,2015-Q4,,-0.4883011,,A,,,,,,,,2,
DATAFLOW,OECD.SDD.TPS:DSD_PRICES@DF_PRICES_ALL(1.0),,I,SVK,,Q,,N,,CPI,,PA,,_T,,N,,GY,,2016-Q1,,-0.5309373,,A,,,,,,,,2,
DATAFLOW,OECD.SDD.TPS:DSD_PRICES@DF_PRICES_ALL(1.0),,I,SVK,,Q,,N,,CPI,,PA,,_T,,N,,GY,,2016-Q2,,-0.6909165,,A,,,,,,,,2,
DATAFLOW,OECD.SDD.TPS:DSD_PRICES@DF_PRICES_ALL(1.0),,I,SVK,,Q,,N,,CPI,,PA,,_T,,N,,GY,,2016-Q3,,-0.7541786,,A,,,,,,,,2,
DATAFLOW,OECD.SDD.TPS:DSD_PRICES@DF_PRICES_ALL(1.0),,I,SVK,,Q,,N,,CPI,,PA,,_T,,N,,GY,,2016-Q4,,-0.1022286,,A,,,,,,,,2,
DATAFLOW,OECD.SDD.TPS:DSD_PRICES@DF_PRICES_ALL(1.0),,I,SVK,,Q,,N,,CPI,,PA,,_T,,N,,GY,,2017-Q1,,0.9238349,,A,,,,,,,,2,
DATAFLOW,OECD.SDD.TPS:DSD_PRICES@DF_PRICES_ALL(1.0),,I,SVK,,Q,,N,,CPI,,PA,,_T,,N,,GY,,2017-Q2,,0.9617352,,A,,,,,,,,2,
DATAFLOW,OECD.SDD.TPS:DSD_PRICES@DF_PRICES_ALL(1.0),,I,SVK,,Q,,N,,CPI,,PA,,_T,,N,,GY,,2017-Q3,,1.540357,,A,,,,,,,,2,
DATAFLOW,OECD.SDD.TPS:DSD_PRICES@DF_PRICES_ALL(1.0),,I,SVK,,Q,,N,,CPI,,PA,,_T,,N,,GY,,2017-Q4,,1.821531,,A,,,,,,,,2,
DATAFLOW,OECD.SDD.TPS:DSD_PRICES@DF_PRICES_ALL(1.0),,I,SVK,,Q,,N,,CPI,,PA,,_T,,N,,GY,,2018-Q1,,2.3393,,A,,,,,,,,2,
DATAFLOW,OECD.SDD.TPS:DSD_PRICES@DF_PRICES_ALL(1.0),,I,SVK,,Q,,N,,CPI,,PA,,_T,,N,,GY,,2018-Q2,,2.796919,,A,,,,,,,,2,
DATAFLOW,OECD.SDD.TPS:DSD_PRICES@DF_PRICES_ALL(1.0),,I,SVK,,Q,,N,,CPI,,PA,,_T,,N,,GY,,2018-Q3,,2.730582,,A,,,,,,,,2,
DATAFLOW,OECD.SDD.TPS:DSD_PRICES@DF_PRICES_ALL(1.0),,I,SVK,,Q,,N,,CPI,,PA,,_T,,N,,GY,,2018-Q4,,2.190955,,A,,,,,,,,2,
DATAFLOW,OECD.SDD.TPS:DSD_PRICES@DF_PRICES_ALL(1.0),,I,SVK,,Q,,N,,CPI,,PA,,_T,,N,,GY,,2019-Q1,,2.385212,,A,,,,,,,,2,
DATAFLOW,OECD.SDD.TPS:DSD_PRICES@DF_PRICES_ALL(1.0),,I,SVK,,Q,,N,,CPI,,PA,,_T,,N,,GY,,2019-Q2,,2.523659,,A,,,,,,,,2,
DATAFLOW,OECD.SDD.TPS:DSD_PRICES@DF_PRICES_ALL(1.0),,I,SVK,,Q,,N,,CPI,,PA,,_T,,N,,GY,,2019-Q3,,2.854893,,A,,,,,,,,2,
DATAFLOW,OECD.SDD.TPS:DSD_PRICES@DF_PRICES_ALL(1.0),,I,SVK,,Q,,N,,CPI,,PA,,_T,,N,,GY,,2019-Q4,,2.891424,,A,,,,,,,,2,
DATAFLOW,OECD.SDD.TPS:DSD_PRICES@DF_PRICES_ALL(1.0),,I,SVK,,Q,,N,,CPI,,PA,,_T,,N,,GY,,2020-Q1,,2.756746,,A,,,,,,,,2,
DATAFLOW,OECD.SDD.TPS:DSD_PRICES@DF_PRICES_ALL(1.0),,I,SVK,,Q,,N,,CPI,,PA,,_T,,N,,GY,,2020-Q2,,1.942308,,A,,,,,,,,2,
DATAFLOW,OECD.SDD.TPS:DSD_PRICES@DF_PRICES_ALL(1.0),,I,SVK,,Q,,N,,CPI,,PA,,_T,,N,,GY,,2020-Q3,,1.531394,,A,,,,,,,,2,
DATAFLOW,OECD.SDD.TPS:DSD_PRICES@DF_PRICES_ALL(1.0),,I,SVK,,Q,,N,,CPI,,PA,,_T,,N,,GY,,2020-Q4,,1.529344,,A,,,,,,,,2,
DATAFLOW,OECD.SDD.TPS:DSD_PRICES@DF_PRICES_ALL(1.0),,I,SVK,,Q,,N,,CPI,,PA,,_T,,N,,GY,,2021-Q1,,0.9824296,,A,,,,,,,,2,
DATAFLOW,OECD.SDD.TPS:DSD_PRICES@DF_PRICES_ALL(1.0),,I,SVK,,Q,,N,,CPI,,PA,,_T,,N,,GY,,2021-Q2,,2.225995,,A,,,,,,,,2,
DATAFLOW,OECD.SDD.TPS:DSD_PRICES@DF_PRICES_ALL(1.0),,I,SVK,,Q,,N,,CPI,,PA,,_T,,N,,GY,,2021-Q3,,3.883861,,A,,,,,,,,2,
DATAFLOW,OECD.SDD.TPS:DSD_PRICES@DF_PRICES_ALL(1.0),,I,SVK,,Q,,N,,CPI,,PA,,_T,,N,,GY,,2021-Q4,,5.498023,,A,,,,,,,,2,
DATAFLOW,OECD.SDD.TPS:DSD_PRICES@DF_PRICES_ALL(1.0),,I,SVK,,Q,,N,,CPI,,PA,,_T,,N,,GY,,2022-Q1,,9.272217,,A,,,,,,,,2,
DATAFLOW,OECD.SDD.TPS:DSD_PRICES@DF_PRICES_ALL(1.0),,I,SVK,,Q,,N,,CPI,,PA,,_T,,N,,GY,,2022-Q2,,12.51153,,A,,,,,,,,2,
DATAFLOW,OECD.SDD.TPS:DSD_PRICES@DF_PRICES_ALL(1.0),,I,SVK,,Q,,N,,CPI,,PA,,_T,,N,,GY,,2022-Q3,,13.95644,,A,,,,,,,,2,
DATAFLOW,OECD.SDD.TPS:DSD_PRICES@DF_PRICES_ALL(1.0),,I,SVK,,Q,,N,,CPI,,PA,,_T,,N,,GY,,2022-Q4,,15.20614,,A,,,,,,,,2,
DATAFLOW,OECD.SDD.TPS:DSD_PRICES@DF_PRICES_ALL(1.0),,I,SVK,,Q,,N,,CPI,,PA,,_T,,N,,GY,,2023-Q1,,15.10804,,A,,,,,,,,2,
DATAFLOW,OECD.SDD.TPS:DSD_PRICES@DF_PRICES_ALL(1.0),,I,SVK,,Q,,N,,CPI,,PA,,_T,,N,,GY,,2023-Q2,,12.18632,,A,,,,,,,,2,
DATAFLOW,OECD.SDD.TPS:DSD_PRICES@DF_PRICES_ALL(1.0),,I,SVK,,Q,,N,,CPI,,PA,,_T,,N,,GY,,2023-Q3,,8.902692,,A,,,,,,,,2,
DATAFLOW,OECD.SDD.TPS:DSD_PRICES@DF_PRICES_ALL(1.0),,I,SVK,,Q,,N,,CPI,,PA,,_T,,N,,GY,,2023-Q4,,6.413633,,A,,,,,,,,2,
DATAFLOW,OECD.SDD.TPS:DSD_PRICES@DF_PRICES_ALL(1.0),,I,SVK,,Q,,N,,CPI,,PA,,_T,,N,,GY,,2024-Q1,,3.212852,,A,,,,,,,,2,
DATAFLOW,OECD.SDD.TPS:DSD_PRICES@DF_PRICES_ALL(1.0),,I,SVK,,Q,,N,,CPI,,PA,,_T,,N,,GY,,2024-Q2,,2.105263,,A,,,,,,,,2,
DATAFLOW,OECD.SDD.TPS:DSD_PRICES@DF_PRICES_ALL(1.0),,I,SVK,,Q,,N,,CPI,,PA,,_T,,N,,GY,,2024-Q3,,2.676221,,A,,,,,,,,2,
DATAFLOW,OECD.SDD.TPS:DSD_PRICES@DF_PRICES_ALL(1.0),,I,SVK,,Q,,N,,CPI,,PA,,_T,,N,,GY,,2024-Q4,,3.042655,,A,,,,,,,,2,
DATAFLOW,OECD.SDD.TPS:DSD_PRICES@DF_PRICES_ALL(1.0),,I,SVK,,Q,,N,,CPI,,PA,,_T,,N,,GY,,2025-Q1,,3.891051,,A,,,,,,,,2,
DATAFLOW,OECD.SDD.TPS:DSD_PRICES@DF_PRICES_ALL(1.0),,I,SVK,,Q,,N,,CPI,,PA,,_T,,N,,GY,,2025-Q2,,4.066438,,A,,,,,,,,2,
DATAFLOW,OECD.SDD.TPS:DSD_PRICES@DF_PRICES_ALL(1.0),,I,SVK,,Q,,N,,CPI,,PA,,_T,,N,,GY,,2025-Q3,,4.287138,,A,,,,,,,,2,
DATAFLOW,OECD.SDD.TPS:DSD_PRICES@DF_PRICES_ALL(1.0),,I,SVK,,Q,,N,,CPI,,PA,,_T,,N,,GY,,2025-Q4,,3.758124,,A,,,,,,,,2,
DATAFLOW,OECD.SDD.TPS:DSD_PRICES@DF_PRICES_ALL(1.0),,I,CHN,,Q,,N,,CPI,,PA,,_T,,N,,GY,,1996-Q3,,7.9266,,A,,,,,,,,2,
DATAFLOW,OECD.SDD.TPS:DSD_PRICES@DF_PRICES_ALL(1.0),,I,CHN,,Q,,N,,CPI,,PA,,_T,,N,,GY,,1996-Q4,,6.966722,,A,,,,,,,,2,
DATAFLOW,OECD.SDD.TPS:DSD_PRICES@DF_PRICES_ALL(1.0),,I,CHN,,Q,,N,,CPI,,PA,,_T,,N,,GY,,1997-Q1,,5.160919,,A,,,,,,,,2,
DATAFLOW,OECD.SDD.TPS:DSD_PRICES@DF_PRICES_ALL(1.0),,I,CHN,,Q,,N,,CPI,,PA,,_T,,N,,GY,,1997-Q2,,2.933743,,A,,,,,,,,2,
DATAFLOW,OECD.SDD.TPS:DSD_PRICES@DF_PRICES_ALL(1.0),,I,CHN,,Q,,N,,CPI,,PA,,_T,,N,,GY,,1997-Q3,,2.128351,,A,,,,,,,,2,
DATAFLOW,OECD.SDD.TPS:DSD_PRICES@DF_PRICES_ALL(1.0),,I,CHN,,Q,,N,,CPI,,PA,,_T,,N,,GY,,1997-Q4,,0.9993294,,A,,,,,,,,2,
DATAFLOW,OECD.SDD.TPS:DSD_PRICES@DF_PRICES_ALL(1.0),,I,CHN,,Q,,N,,CPI,,PA,,_T,,N,,GY,,1998-Q1,,0.2989442,,A,,,,,,,,2,
DATAFLOW,OECD.SDD.TPS:DSD_PRICES@DF_PRICES_ALL(1.0),,I,CHN,,Q,,N,,CPI,,PA,,_T,,N,,GY,,1998-Q2,,-0.8645086,,A,,,,,,,,2,
DATAFLOW,OECD.SDD.TPS:DSD_PRICES@DF_PRICES_ALL(1.0),,I,CHN,,Q,,N,,CPI,,PA,,_T,,N,,GY,,1998-Q3,,-1.433831,,A,,,,,,,,2,
DATAFLOW,OECD.SDD.TPS:DSD_PRICES@DF_PRICES_ALL(1.0),,I,CHN,,Q,,N,,CPI,,PA,,_T,,N,,GY,,1998-Q4,,-1.100066,,A,,,,,,,,2,
DATAFLOW,OECD.SDD.TPS:DSD_PRICES@DF_PRICES_ALL(1.0),,I,CHN,,Q,,N,,CPI,,PA,,_T,,N,,GY,,1999-Q1,,-1.433728,,A,,,,,,,,2,
DATAFLOW,OECD.SDD.TPS:DSD_PRICES@DF_PRICES_ALL(1.0),,I,CHN,,Q,,N,,CPI,,PA,,_T,,N,,GY,,1999-Q2,,-2.16709,,A,,,,,,,,2,
DATAFLOW,OECD.SDD.TPS:DSD_PRICES@DF_PRICES_ALL(1.0),,I,CHN,,Q,,N,,CPI,,PA,,_T,,N,,GY,,1999-Q3,,-1.163939,,A,,,,,,,,2,
DATAFLOW,OECD.SDD.TPS:DSD_PRICES@DF_PRICES_ALL(1.0),,I,CHN,,Q,,N,,CPI,,PA,,_T,,N,,GY,,1999-Q4,,-0.8327988,,A,,,,,,,,2,
DATAFLOW,OECD.SDD.TPS:DSD_PRICES@DF_PRICES_ALL(1.0),,I,CHN,,Q,,N,,CPI,,PA,,_T,,N,,GY,,2000-Q1,,0.1008965,,A,,,,,,,,2,
DATAFLOW,OECD.SDD.TPS:DSD_PRICES@DF_PRICES_ALL(1.0),,I,CHN,,Q,,N,,CPI,,PA,,_T,,N,,GY,,2000-Q2,,0.09692045,,A,,,,,,,,2,
DATAFLOW,OECD.SDD.TPS:DSD_PRICES@DF_PRICES_ALL(1.0),,I,CHN,,Q,,N,,CPI,,PA,,_T,,N,,GY,,2000-Q3,,0.2640063,,A,,,,,,,,2,
DATAFLOW,OECD.SDD.TPS:DSD_PRICES@DF_PRICES_ALL(1.0),,I,CHN,,Q,,N,,CPI,,PA,,_T,,N,,GY,,2000-Q4,,0.9300591,,A,,,,,,,,2,
DATAFLOW,OECD.SDD.TPS:DSD_PRICES@DF_PRICES_ALL(1.0),,I,CHN,,Q,,N,,CPI,,PA,,_T,,N,,GY,,2001-Q1,,0.66374,,A,,,,,,,,2,
DATAFLOW,OECD.SDD.TPS:DSD_PRICES@DF_PRICES_ALL(1.0),,I,CHN,,Q,,N,,CPI,,PA,,_T,,N,,GY,,2001-Q2,,1.567239,,A,,,,,,,,2,
DATAFLOW,OECD.SDD.TPS:DSD_PRICES@DF_PRICES_ALL(1.0),,I,CHN,,Q,,N,,CPI,,PA,,_T,,N,,GY,,2001-Q3,,0.7926206,,A,,,,,,,,2,
DATAFLOW,OECD.SDD.TPS:DSD_PRICES@DF_PRICES_ALL(1.0),,I,CHN,,Q,,N,,CPI,,PA,,_T,,N,,GY,,2001-Q4,,-0.1337218,,A,,,,,,,,2,
DATAFLOW,OECD.SDD.TPS:DSD_PRICES@DF_PRICES_ALL(1.0),,I,CHN,,Q,,N,,CPI,,PA,,_T,,N,,GY,,2002-Q1,,-0.5868979,,A,,,,,,,,2,
DATAFLOW,OECD.SDD.TPS:DSD_PRICES@DF_PRICES_ALL(1.0),,I,CHN,,Q,,N,,CPI,,PA,,_T,,N,,GY,,2002-Q2,,-0.9913543,,A,,,,,,,,2,
DATAFLOW,OECD.SDD.TPS:DSD_PRICES@DF_PRICES_ALL(1.0),,I,CHN,,Q,,N,,CPI,,PA,,_T,,N,,GY,,2002-Q3,,-0.7576911,,A,,,,,,,,2,
DATAFLOW,OECD.SDD.TPS:DSD_PRICES@DF_PRICES_ALL(1.0),,I,CHN,,Q,,N,,CPI,,PA,,_T,,N,,GY,,2002-Q4,,-0.5931718,,A,,,,,,,,2,
DATAFLOW,OECD.SDD.TPS:DSD_PRICES@DF_PRICES_ALL(1.0),,I,CHN,,Q,,N,,CPI,,PA,,_T,,N,,GY,,2003-Q1,,0.4696215,,A,,,,,,,,2,
DATAFLOW,OECD.SDD.TPS:DSD_PRICES@DF_PRICES_ALL(1.0),,I,CHN,,Q,,N,,CPI,,PA,,_T,,N,,GY,,2003-Q2,,0.6094389,,A,,,,,,,,2,
DATAFLOW,OECD.SDD.TPS:DSD_PRICES@DF_PRICES_ALL(1.0),,I,CHN,,Q,,N,,CPI,,PA,,_T,,N,,GY,,2003-Q3,,0.8069077,,A,,,,,,,,2,
DATAFLOW,OECD.SDD.TPS:DSD_PRICES@DF_PRICES_ALL(1.0),,I,CHN,,Q,,N,,CPI,,PA,,_T,,N,,GY,,2003-Q4,,2.62852,,A,,,,,,,,2,
DATAFLOW,OECD.SDD.TPS:DSD_PRICES@DF_PRICES_ALL(1.0),,I,CHN,,Q,,N,,CPI,,PA,,_T,,N,,GY,,2004-Q1,,2.763158,,A,,,,,,,,2,
DATAFLOW,OECD.SDD.TPS:DSD_PRICES@DF_PRICES_ALL(1.0),,I,CHN,,Q,,N,,CPI,,PA,,_T,,N,,GY,,2004-Q2,,4.31882,,A,,,,,,,,2,
DATAFLOW,OECD.SDD.TPS:DSD_PRICES@DF_PRICES_ALL(1.0),,I,CHN,,Q,,N,,CPI,,PA,,_T,,N,,GY,,2004-Q3,,5.164686,,A,,,,,,,,2,
DATAFLOW,OECD.SDD.TPS:DSD_PRICES@DF_PRICES_ALL(1.0),,I,CHN,,Q,,N,,CPI,,PA,,_T,,N,,GY,,2004-Q4,,3.089114,,A,,,,,,,,2,
DATAFLOW,OECD.SDD.TPS:DSD_PRICES@DF_PRICES_ALL(1.0),,I,CHN,,Q,,N,,CPI,,PA,,_T,,N,,GY,,2005-Q1,,2.745838,,A,,,,,,,,2,
DATAFLOW,OECD.SDD.TPS:DSD_PRICES@DF_PRICES_ALL(1.0),,I,CHN,,Q,,N,,CPI,,PA,,_T,,N,,GY,,2005-Q2,,1.679921,,A,,,,,,,,2,
DATAFLOW,OECD.SDD.TPS:DSD_PRICES@DF_PRICES_ALL(1.0),,I,CHN,,Q,,N,,CPI,,PA,,_T,,N,,GY,,2005-Q3,,1.307824,,A,,,,,,,,2,
DATAFLOW,OECD.SDD.TPS:DSD_PRICES@DF_PRICES_ALL(1.0),,I,CHN,,Q,,N,,CPI,,PA,,_T,,N,,GY,,2005-Q4,,1.379565,,A,,,,,,,,2,
DATAFLOW,OECD.SDD.TPS:DSD_PRICES@DF_PRICES_ALL(1.0),,I,CHN,,Q,,N,,CPI,,PA,,_T,,N,,GY,,2006-Q1,,1.414098,,A,,,,,,,,2,
DATAFLOW,OECD.SDD.TPS:DSD_PRICES@DF_PRICES_ALL(1.0),,I,CHN,,Q,,N,,CPI,,PA,,_T,,N,,GY,,2006-Q2,,1.658429,,A,,,,,,,,2,
DATAFLOW,OECD.SDD.TPS:DSD_PRICES@DF_PRICES_ALL(1.0),,I,CHN,,Q,,N,,CPI,,PA,,_T,,N,,GY,,2006-Q3,,1.592239,,A,,,,,,,,2,
DATAFLOW,OECD.SDD.TPS:DSD_PRICES@DF_PRICES_ALL(1.0),,I,CHN,,Q,,N,,CPI,,PA,,_T,,N,,GY,,2006-Q4,,1.932727,,A,,,,,,,,2,
DATAFLOW,OECD.SDD.TPS:DSD_PRICES@DF_PRICES_ALL(1.0),,I,CHN,,Q,,N,,CPI,,PA,,_T,,N,,GY,,2007-Q1,,2.747699,,A,,,,,,,,2,
DATAFLOW,OECD.SDD.TPS:DSD_PRICES@DF_PRICES_ALL(1.0),,I,CHN,,Q,,N,,CPI,,PA,,_T,,N,,GY,,2007-Q2,,3.608638,,A,,,,,,,,2,
DATAFLOW,OECD.SDD.TPS:DSD_PRICES@DF_PRICES_ALL(1.0),,I,CHN,,Q,,N,,CPI,,PA,,_T,,N,,GY,,2007-Q3,,6.189586,,A,,,,,,,,2,
DATAFLOW,OECD.SDD.TPS:DSD_PRICES@DF_PRICES_ALL(1.0),,I,CHN,,Q,,N,,CPI,,PA,,_T,,N,,GY,,2007-Q4,,6.717938,,A,,,,,,,,2,
DATAFLOW,OECD.SDD.TPS:DSD_PRICES@DF_PRICES_ALL(1.0),,I,CHN,,Q,,N,,CPI,,PA,,_T,,N,,GY,,2008-Q1,,8.09657,,A,,,,,,,,2,
DATAFLOW,OECD.SDD.TPS:DSD_PRICES@DF_PRICES_ALL(1.0),,I,CHN,,Q,,N,,CPI,,PA,,_T,,N,,GY,,2008-Q2,,7.863462,,A,,,,,,,,2,
DATAFLOW,OECD.SDD.TPS:DSD_PRICES@DF_PRICES_ALL(1.0),,I,CHN,,Q,,N,,CPI,,PA,,_T,,N,,GY,,2008-Q3,,5.313106,,A,,,,,,,,2,
DATAFLOW,OECD.SDD.TPS:DSD_PRICES@DF_PRICES_ALL(1.0),,I,CHN,,Q,,N,,CPI,,PA,,_T,,N,,GY,,2008-Q4,,2.580492,,A,,,,,,,,2,
DATAFLOW,OECD.SDD.TPS:DSD_PRICES@DF_PRICES_ALL(1.0),,I,CHN,,Q,,N,,CPI,,PA,,_T,,N,,GY,,2009-Q1,,-0.625702,,A,,,,,,,,2,
DATAFLOW,OECD.SDD.TPS:DSD_PRICES@DF_PRICES_ALL(1.0),,I,CHN,,Q,,N,,CPI,,PA,,_T,,N,,GY,,2009-Q2,,-1.531023,,A,,,,,,,,2,
DATAFLOW,OECD.SDD.TPS:DSD_PRICES@DF_PRICES_ALL(1.0),,I,CHN,,Q,,N,,CPI,,PA,,_T,,N,,GY,,2009-Q3,,-1.269247,,A,,,,,,,,2,
DATAFLOW,OECD.SDD.TPS:DSD_PRICES@DF_PRICES_ALL(1.0),,I,CHN,,Q,,N,,CPI,,PA,,_T,,N,,GY,,2009-Q4,,0.5267693,,A,,,,,,,,2,
DATAFLOW,OECD.SDD.TPS:DSD_PRICES@DF_PRICES_ALL(1.0),,I,CHN,,Q,,N,,CPI,,PA,,_T,,N,,GY,,2010-Q1,,2.071556,,A,,,,,,,,2,
DATAFLOW,OECD.SDD.TPS:DSD_PRICES@DF_PRICES_ALL(1.0),,I,CHN,,Q,,N,,CPI,,PA,,_T,,N,,GY,,2010-Q2,,2.718078,,A,,,,,,,,2,
DATAFLOW,OECD.SDD.TPS:DSD_PRICES@DF_PRICES_ALL(1.0),,I,CHN,,Q,,N,,CPI,,PA,,_T,,N,,GY,,2010-Q3,,3.264564,,A,,,,,,,,2,
DATAFLOW,OECD.SDD.TPS:DSD_PRICES@DF_PRICES_ALL(1.0),,I,CHN,,Q,,N,,CPI,,PA,,_T,,N,,GY,,2010-Q4,,4.642333,,A,,,,,,,,2,
DATAFLOW,OECD.SDD.TPS:DSD_PRICES@DF_PRICES_ALL(1.0),,I,CHN,,Q,,N,,CPI,,PA,,_T,,N,,GY,,2011-Q1,,5.223647,,A,,,,,,,,2,
DATAFLOW,OECD.SDD.TPS:DSD_PRICES@DF_PRICES_ALL(1.0),,I,CHN,,Q,,N,,CPI,,PA,,_T,,N,,GY,,2011-Q2,,5.954095,,A,,,,,,,,2,
DATAFLOW,OECD.SDD.TPS:DSD_PRICES@DF_PRICES_ALL(1.0),,I,CHN,,Q,,N,,CPI,,PA,,_T,,N,,GY,,2011-Q3,,6.438447,,A,,,,,,,,2,
DATAFLOW,OECD.SDD.TPS:DSD_PRICES@DF_PRICES_ALL(1.0),,I,CHN,,Q,,N,,CPI,,PA,,_T,,N,,GY,,2011-Q4,,4.620924,,A,,,,,,,,2,
DATAFLOW,OECD.SDD.TPS:DSD_PRICES@DF_PRICES_ALL(1.0),,I,CHN,,Q,,N,,CPI,,PA,,_T,,N,,GY,,2012-Q1,,3.727297,,A,,,,,,,,2,
DATAFLOW,OECD.SDD.TPS:DSD_PRICES@DF_PRICES_ALL(1.0),,I,CHN,,Q,,N,,CPI,,PA,,_T,,N,,GY,,2012-Q2,,2.771089,,A,,,,,,,,2,
DATAFLOW,OECD.SDD.TPS:DSD_PRICES@DF_PRICES_ALL(1.0),,I,CHN,,Q,,N,,CPI,,PA,,_T,,N,,GY,,2012-Q3,,1.89781,,A,,,,,,,,2,
DATAFLOW,OECD.SDD.TPS:DSD_PRICES@DF_PRICES_ALL(1.0),,I,CHN,,Q,,N,,CPI,,PA,,_T,,N,,GY,,2012-Q4,,2.103176,,A,,,,,,,,2,
DATAFLOW,OECD.SDD.TPS:DSD_PRICES@DF_PRICES_ALL(1.0),,I,CHN,,Q,,N,,CPI,,PA,,_T,,N,,GY,,2013-Q1,,2.463619,,A,,,,,,,,2,
DATAFLOW,OECD.SDD.TPS:DSD_PRICES@DF_PRICES_ALL(1.0),,I,CHN,,Q,,N,,CPI,,PA,,_T,,N,,GY,,2013-Q2,,2.390944,,A,,,,,,,,2,
DATAFLOW,OECD.SDD.TPS:DSD_PRICES@DF_PRICES_ALL(1.0),,I,CHN,,Q,,N,,CPI,,PA,,_T,,N,,GY,,2013-Q3,,2.733513,,A,,,,,,,,2,
DATAFLOW,OECD.SDD.TPS:DSD_PRICES@DF_PRICES_ALL(1.0),,I,CHN,,Q,,N,,CPI,,PA,,_T,,N,,GY,,2013-Q4,,2.894226,,A,,,,,,,,2,
DATAFLOW,OECD.SDD.TPS:DSD_PRICES@DF_PRICES_ALL(1.0),,I,CHN,,Q,,N,,CPI,,PA,,_T,,N,,GY,,2014-Q1,,2.24056,,A,,,,,,,,2,
DATAFLOW,OECD.SDD.TPS:DSD_PRICES@DF_PRICES_ALL(1.0),,I,CHN,,Q,,N,,CPI,,PA,,_T,,N,,GY,,2014-Q2,,2.138235,,A,,,,,,,,2,
DATAFLOW,OECD.SDD.TPS:DSD_PRICES@DF_PRICES_ALL(1.0),,I,CHN,,Q,,N,,CPI,,PA,,_T,,N,,GY,,2014-Q3,,1.905997,,A,,,,,,,,2,
DATAFLOW,OECD.SDD.TPS:DSD_PRICES@DF_PRICES_ALL(1.0),,I,CHN,,Q,,N,,CPI,,PA,,_T,,N,,GY,,2014-Q4,,1.40732,,A,,,,,,,,2,
DATAFLOW,OECD.SDD.TPS:DSD_PRICES@DF_PRICES_ALL(1.0),,I,CHN,,Q,,N,,CPI,,PA,,_T,,N,,GY,,2015-Q1,,1.147486,,A,,,,,,,,2,
DATAFLOW,OECD.SDD.TPS:DSD_PRICES@DF_PRICES_ALL(1.0),,I,CHN,,Q,,N,,CPI,,PA,,_T,,N,,GY,,2015-Q2,,1.357313,,A,,,,,,,,2,
DATAFLOW,OECD.SDD.TPS:DSD_PRICES@DF_PRICES_ALL(1.0),,I,CHN,,Q,,N,,CPI,,PA,,_T,,N,,GY,,2015-Q3,,1.79357,,A,,,,,,,,2,
DATAFLOW,OECD.SDD.TPS:DSD_PRICES@DF_PRICES_ALL(1.0),,I,CHN,,Q,,N,,CPI,,PA,,_T,,N,,GY,,2015-Q4,,1.450253,,A,,,,,,,,2,
DATAFLOW,OECD.SDD.TPS:DSD_PRICES@DF_PRICES_ALL(1.0),,I,CHN,,Q,,N,,CPI,,PA,,_T,,N,,GY,,2016-Q1,,2.102102,,A,,,,,,,,2,
DATAFLOW,OECD.SDD.TPS:DSD_PRICES@DF_PRICES_ALL(1.0),,I,CHN,,Q,,N,,CPI,,PA,,_T,,N,,GY,,2016-Q2,,2.10914,,A,,,,,,,,2,
DATAFLOW,OECD.SDD.TPS:DSD_PRICES@DF_PRICES_ALL(1.0),,I,CHN,,Q,,N,,CPI,,PA,,_T,,N,,GY,,2016-Q3,,1.628989,,A,,,,,,,,2,
DATAFLOW,OECD.SDD.TPS:DSD_PRICES@DF_PRICES_ALL(1.0),,I,CHN,,Q,,N,,CPI,,PA,,_T,,N,,GY,,2016-Q4,,2.160904,,A,,,,,,,,2,
DATAFLOW,OECD.SDD.TPS:DSD_PRICES@DF_PRICES_ALL(1.0),,I,CHN,,Q,,N,,CPI,,PA,,_T,,N,,GY,,2017-Q1,,1.437909,,A,,,,,,,,2,
DATAFLOW,OECD.SDD.TPS:DSD_PRICES@DF_PRICES_ALL(1.0),,I,CHN,,Q,,N,,CPI,,PA,,_T,,N,,GY,,2017-Q2,,1.508197,,A,,,,,,,,2,
DATAFLOW,OECD.SDD.TPS:DSD_PRICES@DF_PRICES_ALL(1.0),,I,CHN,,Q,,N,,CPI,,PA,,_T,,N,,GY,,2017-Q3,,1.602879,,A,,,,,,,,2,
DATAFLOW,OECD.SDD.TPS:DSD_PRICES@DF_PRICES_ALL(1.0),,I,CHN,,Q,,N,,CPI,,PA,,_T,,N,,GY,,2017-Q4,,1.822323,,A,,,,,,,,2,
DATAFLOW,OECD.SDD.TPS:DSD_PRICES@DF_PRICES_ALL(1.0),,I,CHN,,Q,,N,,CPI,,PA,,_T,,N,,GY,,2018-Q1,,2.126289,,A,,,,,,,,2,
DATAFLOW,OECD.SDD.TPS:DSD_PRICES@DF_PRICES_ALL(1.0),,I,CHN,,Q,,N,,CPI,,PA,,_T,,N,,GY,,2018-Q2,,1.711886,,A,,,,,,,,2,
DATAFLOW,OECD.SDD.TPS:DSD_PRICES@DF_PRICES_ALL(1.0),,I,CHN,,Q,,N,,CPI,,PA,,_T,,N,,GY,,2018-Q3,,2.285898,,A,,,,,,,,2,
DATAFLOW,OECD.SDD.TPS:DSD_PRICES@DF_PRICES_ALL(1.0),,I,CHN,,Q,,N,,CPI,,PA,,_T,,N,,GY,,2018-Q4,,2.173218,,A,,,,,,,,2,
DATAFLOW,OECD.SDD.TPS:DSD_PRICES@DF_PRICES_ALL(1.0),,I,CHN,,Q,,N,,CPI,,PA,,_T,,N,,GY,,2019-Q1,,1.829653,,A,,,,,,,,2,
DATAFLOW,OECD.SDD.TPS:DSD_PRICES@DF_PRICES_ALL(1.0),,I,CHN,,Q,,N,,CPI,,PA,,_T,,N,,GY,,2019-Q2,,2.667514,,A,,,,,,,,2,
DATAFLOW,OECD.SDD.TPS:DSD_PRICES@DF_PRICES_ALL(1.0),,I,CHN,,Q,,N,,CPI,,PA,,_T,,N,,GY,,2019-Q3,,2.864337,,A,,,,,,,,2,
DATAFLOW,OECD.SDD.TPS:DSD_PRICES@DF_PRICES_ALL(1.0),,I,CHN,,Q,,N,,CPI,,PA,,_T,,N,,GY,,2019-Q4,,4.222709,,A,,,,,,,,2,
DATAFLOW,OECD.SDD.TPS:DSD_PRICES@DF_PRICES_ALL(1.0),,I,CHN,,Q,,N,,CPI,,PA,,_T,,N,,GY,,2020-Q1,,4.956629,,A,,,,,,,,2,
DATAFLOW,OECD.SDD.TPS:DSD_PRICES@DF_PRICES_ALL(1.0),,I,CHN,,Q,,N,,CPI,,PA,,_T,,N,,GY,,2020-Q2,,2.72193,,A,,,,,,,,2,
DATAFLOW,OECD.SDD.TPS:DSD_PRICES@DF_PRICES_ALL(1.0),,I,CHN,,Q,,N,,CPI,,PA,,_T,,N,,GY,,2020-Q3,,1.958384,,A,,,,,,,,2,
DATAFLOW,OECD.SDD.TPS:DSD_PRICES@DF_PRICES_ALL(1.0),,I,CHN,,Q,,N,,CPI,,PA,,_T,,N,,GY,,2020-Q4,,0.120048,,A,,,,,,,,2,
DATAFLOW,OECD.SDD.TPS:DSD_PRICES@DF_PRICES_ALL(1.0),,I,CHN,,Q,,N,,CPI,,PA,,_T,,N,,GY,,2021-Q1,,-0.1089662,,A,,,,,,,,2,
DATAFLOW,OECD.SDD.TPS:DSD_PRICES@DF_PRICES_ALL(1.0),,I,CHN,,Q,,N,,CPI,,PA,,_T,,N,,GY,,2021-Q2,,1.268126,,A,,,,,,,,2,
DATAFLOW,OECD.SDD.TPS:DSD_PRICES@DF_PRICES_ALL(1.0),,I,CHN,,Q,,N,,CPI,,PA,,_T,,N,,GY,,2021-Q3,,1.000762,,A,,,,,,,,2,
DATAFLOW,OECD.SDD.TPS:DSD_PRICES@DF_PRICES_ALL(1.0),,I,CHN,,Q,,N,,CPI,,PA,,_T,,N,,GY,,2021-Q4,,1.782459,,A,,,,,,,,2,
DATAFLOW,OECD.SDD.TPS:DSD_PRICES@DF_PRICES_ALL(1.0),,I,CHN,,Q,,N,,CPI,,PA,,_T,,N,,GY,,2022-Q1,,1.153593,,A,,,,,,,,2,
DATAFLOW,OECD.SDD.TPS:DSD_PRICES@DF_PRICES_ALL(1.0),,I,CHN,,Q,,N,,CPI,,PA,,_T,,N,,GY,,2022-Q2,,2.25539,,A,,,,,,,,2,
DATAFLOW,OECD.SDD.TPS:DSD_PRICES@DF_PRICES_ALL(1.0),,I,CHN,,Q,,N,,CPI,,PA,,_T,,N,,GY,,2022-Q3,,2.651641,,A,,,,,,,,2,
DATAFLOW,OECD.SDD.TPS:DSD_PRICES@DF_PRICES_ALL(1.0),,I,CHN,,Q,,N,,CPI,,PA,,_T,,N,,GY,,2022-Q4,,1.839685,,A,,,,,,,,2,
DATAFLOW,OECD.SDD.TPS:DSD_PRICES@DF_PRICES_ALL(1.0),,I,CHN,,Q,,N,,CPI,,PA,,_T,,N,,GY,,2023-Q1,,1.238188,,A,,,,,,,,2,
DATAFLOW,OECD.SDD.TPS:DSD_PRICES@DF_PRICES_ALL(1.0),,I,CHN,,Q,,N,,CPI,,PA,,_T,,N,,GY,,2023-Q2,,0.09730782,,A,,,,,,,,2,
DATAFLOW,OECD.SDD.TPS:DSD_PRICES@DF_PRICES_ALL(1.0),,I,CHN,,Q,,N,,CPI,,PA,,_T,,N,,GY,,2023-Q3,,-0.06457862,,A,,,,,,,,2,
DATAFLOW,OECD.SDD.TPS:DSD_PRICES@DF_PRICES_ALL(1.0),,I,CHN,,Q,,N,,CPI,,PA,,_T,,N,,GY,,2023-Q4,,-0.3225806,,A,,,,,,,,2,
DATAFLOW,OECD.SDD.TPS:DSD_PRICES@DF_PRICES_ALL(1.0),,I,CHN,,Q,,N,,CPI,,PA,,_T,,N,,GY,,2024-Q1,,-0.03218539,,A,,,,,,,,2,
DATAFLOW,OECD.SDD.TPS:DSD_PRICES@DF_PRICES_ALL(1.0),,I,CHN,,Q,,N,,CPI,,PA,,_T,,N,,GY,,2024-Q2,,0.2268309,,A,,,,,,,,2,
DATAFLOW,OECD.SDD.TPS:DSD_PRICES@DF_PRICES_ALL(1.0),,I,CHN,,Q,,N,,CPI,,PA,,_T,,N,,GY,,2024-Q3,,0.4846527,,A,,,,,,,,2,
DATAFLOW,OECD.SDD.TPS:DSD_PRICES@DF_PRICES_ALL(1.0),,I,CHN,,Q,,N,,CPI,,PA,,_T,,N,,GY,,2024-Q4,,0.1941748,,A,,,,,,,,2,
DATAFLOW,OECD.SDD.TPS:DSD_PRICES@DF_PRICES_ALL(1.0),,I,CHN,,Q,,N,,CPI,,PA,,_T,,N,,GY,,2025-Q1,,-0.128783,,A,,,,,,,,2,
DATAFLOW,OECD.SDD.TPS:DSD_PRICES@DF_PRICES_ALL(1.0),,I,CHN,,Q,,N,,CPI,,PA,,_T,,N,,GY,,2025-Q2,,-0.01296059,,A,,,,,,,,2,
DATAFLOW,OECD.SDD.TPS:DSD_PRICES@DF_PRICES_ALL(1.0),,I,CHN,,Q,,N,,CPI,,PA,,_T,,N,,GY,,2025-Q3,,-0.2059711,,A,,,,,,,,2,
DATAFLOW,OECD.SDD.TPS:DSD_PRICES@DF_PRICES_ALL(1.0),,I,CHN,,Q,,N,,CPI,,PA,,_T,,N,,GY,,2025-Q4,,0.5876805,,A,,,,,,,,2,
DATAFLOW,OECD.SDD.TPS:DSD_PRICES@DF_PRICES_ALL(1.0),,I,CHN,,Q,,N,,CPI,,PA,,_T,,N,,GY,,2026-Q1,,0.8637495,,A,,,,,,,,2,
DATAFLOW,OECD.SDD.TPS:DSD_PRICES@DF_PRICES_ALL(1.0),,I,BGR,,Q,,N,,CPI,,PA,,_T,,N,,GY,,1996-Q3,,138.6444,,A,,,,,,,,2,
DATAFLOW,OECD.SDD.TPS:DSD_PRICES@DF_PRICES_ALL(1.0),,I,BGR,,Q,,N,,CPI,,PA,,_T,,N,,GY,,1996-Q4,,250.7824,,A,,,,,,,,2,
DATAFLOW,OECD.SDD.TPS:DSD_PRICES@DF_PRICES_ALL(1.0),,I,BGR,,Q,,N,,CPI,,PA,,_T,,N,,GY,,1997-Q1,,1475.689,,A,,,,,,,,2,
DATAFLOW,OECD.SDD.TPS:DSD_PRICES@DF_PRICES_ALL(1.0),,I,BGR,,Q,,N,,CPI,,PA,,_T,,N,,GY,,1997-Q2,,1715.653,,A,,,,,,,,2,
DATAFLOW,OECD.SDD.TPS:DSD_PRICES@DF_PRICES_ALL(1.0),,I,BGR,,Q,,N,,CPI,,PA,,_T,,N,,GY,,1997-Q3,,1074.523,,A,,,,,,,,2,
DATAFLOW,OECD.SDD.TPS:DSD_PRICES@DF_PRICES_ALL(1.0),,I,BGR,,Q,,N,,CPI,,PA,,_T,,N,,GY,,1997-Q4,,676.8339,,A,,,,,,,,2,
DATAFLOW,OECD.SDD.TPS:DSD_PRICES@DF_PRICES_ALL(1.0),,I,BGR,,Q,,N,,CPI,,PA,,_T,,N,,GY,,1998-Q1,,65.67863,,A,,,,,,,,2,
DATAFLOW,OECD.SDD.TPS:DSD_PRICES@DF_PRICES_ALL(1.0),,I,BGR,,Q,,N,,CPI,,PA,,_T,,N,,GY,,1998-Q2,,18.25519,,A,,,,,,,,2,
DATAFLOW,OECD.SDD.TPS:DSD_PRICES@DF_PRICES_ALL(1.0),,I,BGR,,Q,,N,,CPI,,PA,,_T,,N,,GY,,1998-Q3,,5.586702,,A,,,,,,,,2,
DATAFLOW,OECD.SDD.TPS:DSD_PRICES@DF_PRICES_ALL(1.0),,I,BGR,,Q,,N,,CPI,,PA,,_T,,N,,GY,,1998-Q4,,2.016917,,A,,,,,,,,2,
DATAFLOW,OECD.SDD.TPS:DSD_PRICES@DF_PRICES_ALL(1.0),,I,BGR,,Q,,N,,CPI,,PA,,_T,,N,,GY,,1999-Q1,,0.1954168,,A,,,,,,,,2,
DATAFLOW,OECD.SDD.TPS:DSD_PRICES@DF_PRICES_ALL(1.0),,I,BGR,,Q,,N,,CPI,,PA,,_T,,N,,GY,,1999-Q2,,-0.8642102,,A,,,,,,,,2,
DATAFLOW,OECD.SDD.TPS:DSD_PRICES@DF_PRICES_ALL(1.0),,I,BGR,,Q,,N,,CPI,,PA,,_T,,N,,GY,,1999-Q3,,5.095058,,A,,,,,,,,2,
DATAFLOW,OECD.SDD.TPS:DSD_PRICES@DF_PRICES_ALL(1.0),,I,BGR,,Q,,N,,CPI,,PA,,_T,,N,,GY,,1999-Q4,,5.962569,,A,,,,,,,,2,
DATAFLOW,OECD.SDD.TPS:DSD_PRICES@DF_PRICES_ALL(1.0),,I,BGR,,Q,,N,,CPI,,PA,,_T,,N,,GY,,2000-Q1,,8.515882,,A,,,,,,,,2,
DATAFLOW,OECD.SDD.TPS:DSD_PRICES@DF_PRICES_ALL(1.0),,I,BGR,,Q,,N,,CPI,,PA,,_T,,N,,GY,,2000-Q2,,10.36632,,A,,,,,,,,2,
DATAFLOW,OECD.SDD.TPS:DSD_PRICES@DF_PRICES_ALL(1.0),,I,BGR,,Q,,N,,CPI,,PA,,_T,,N,,GY,,2000-Q3,,10.50921,,A,,,,,,,,2,
DATAFLOW,OECD.SDD.TPS:DSD_PRICES@DF_PRICES_ALL(1.0),,I,BGR,,Q,,N,,CPI,,PA,,_T,,N,,GY,,2000-Q4,,11.80984,,A,,,,,,,,2,
DATAFLOW,OECD.SDD.TPS:DSD_PRICES@DF_PRICES_ALL(1.0),,I,BGR,,Q,,N,,CPI,,PA,,_T,,N,,GY,,2001-Q1,,8.89083,,A,,,,,,,,2,
DATAFLOW,OECD.SDD.TPS:DSD_PRICES@DF_PRICES_ALL(1.0),,I,BGR,,Q,,N,,CPI,,PA,,_T,,N,,GY,,2001-Q2,,9.641816,,A,,,,,,,,2,
DATAFLOW,OECD.SDD.TPS:DSD_PRICES@DF_PRICES_ALL(1.0),,I,BGR,,Q,,N,,CPI,,PA,,_T,,N,,GY,,2001-Q3,,6.257065,,A,,,,,,,,2,
DATAFLOW,OECD.SDD.TPS:DSD_PRICES@DF_PRICES_ALL(1.0),,I,BGR,,Q,,N,,CPI,,PA,,_T,,N,,GY,,2001-Q4,,4.884749,,A,,,,,,,,2,
DATAFLOW,OECD.SDD.TPS:DSD_PRICES@DF_PRICES_ALL(1.0),,I,BGR,,Q,,N,,CPI,,PA,,_T,,N,,GY,,2002-Q1,,8.171877,,A,,,,,,,,2,
DATAFLOW,OECD.SDD.TPS:DSD_PRICES@DF_PRICES_ALL(1.0),,I,BGR,,Q,,N,,CPI,,PA,,_T,,N,,GY,,2002-Q2,,7.105132,,A,,,,,,,,2,
DATAFLOW,OECD.SDD.TPS:DSD_PRICES@DF_PRICES_ALL(1.0),,I,BGR,,Q,,N,,CPI,,PA,,_T,,N,,GY,,2002-Q3,,4.643458,,A,,,,,,,,2,
DATAFLOW,OECD.SDD.TPS:DSD_PRICES@DF_PRICES_ALL(1.0),,I,BGR,,Q,,N,,CPI,,PA,,_T,,N,,GY,,2002-Q4,,3.407373,,A,,,,,,,,2,
DATAFLOW,OECD.SDD.TPS:DSD_PRICES@DF_PRICES_ALL(1.0),,I,BGR,,Q,,N,,CPI,,PA,,_T,,N,,GY,,2003-Q1,,0.6047105,,A,,,,,,,,2,
DATAFLOW,OECD.SDD.TPS:DSD_PRICES@DF_PRICES_ALL(1.0),,I,BGR,,Q,,N,,CPI,,PA,,_T,,N,,GY,,2003-Q2,,1.074336,,A,,,,,,,,2,
DATAFLOW,OECD.SDD.TPS:DSD_PRICES@DF_PRICES_ALL(1.0),,I,BGR,,Q,,N,,CPI,,PA,,_T,,N,,GY,,2003-Q3,,3.05768,,A,,,,,,,,2,
DATAFLOW,OECD.SDD.TPS:DSD_PRICES@DF_PRICES_ALL(1.0),,I,BGR,,Q,,N,,CPI,,PA,,_T,,N,,GY,,2003-Q4,,4.691774,,A,,,,,,,,2,
DATAFLOW,OECD.SDD.TPS:DSD_PRICES@DF_PRICES_ALL(1.0),,I,BGR,,Q,,N,,CPI,,PA,,_T,,N,,GY,,2004-Q1,,6.392286,,A,,,,,,,,2,
DATAFLOW,OECD.SDD.TPS:DSD_PRICES@DF_PRICES_ALL(1.0),,I,BGR,,Q,,N,,CPI,,PA,,_T,,N,,GY,,2004-Q2,,6.741752,,A,,,,,,,,2,
DATAFLOW,OECD.SDD.TPS:DSD_PRICES@DF_PRICES_ALL(1.0),,I,BGR,,Q,,N,,CPI,,PA,,_T,,N,,GY,,2004-Q3,,6.758684,,A,,,,,,,,2,
DATAFLOW,OECD.SDD.TPS:DSD_PRICES@DF_PRICES_ALL(1.0),,I,BGR,,Q,,N,,CPI,,PA,,_T,,N,,GY,,2004-Q4,,4.742916,,A,,,,,,,,2,
DATAFLOW,OECD.SDD.TPS:DSD_PRICES@DF_PRICES_ALL(1.0),,I,BGR,,Q,,N,,CPI,,PA,,_T,,N,,GY,,2005-Q1,,3.823849,,A,,,,,,,,2,
DATAFLOW,OECD.SDD.TPS:DSD_PRICES@DF_PRICES_ALL(1.0),,I,BGR,,Q,,N,,CPI,,PA,,_T,,N,,GY,,2005-Q2,,4.910137,,A,,,,,,,,2,
DATAFLOW,OECD.SDD.TPS:DSD_PRICES@DF_PRICES_ALL(1.0),,I,BGR,,Q,,N,,CPI,,PA,,_T,,N,,GY,,2005-Q3,,4.773957,,A,,,,,,,,2,
DATAFLOW,OECD.SDD.TPS:DSD_PRICES@DF_PRICES_ALL(1.0),,I,BGR,,Q,,N,,CPI,,PA,,_T,,N,,GY,,2005-Q4,,6.626022,,A,,,,,,,,2,
DATAFLOW,OECD.SDD.TPS:DSD_PRICES@DF_PRICES_ALL(1.0),,I,BGR,,Q,,N,,CPI,,PA,,_T,,N,,GY,,2006-Q1,,8.019056,,A,,,,,,,,2,
DATAFLOW,OECD.SDD.TPS:DSD_PRICES@DF_PRICES_ALL(1.0),,I,BGR,,Q,,N,,CPI,,PA,,_T,,N,,GY,,2006-Q2,,8.278601,,A,,,,,,,,2,
DATAFLOW,OECD.SDD.TPS:DSD_PRICES@DF_PRICES_ALL(1.0),,I,BGR,,Q,,N,,CPI,,PA,,_T,,N,,GY,,2006-Q3,,6.676513,,A,,,,,,,,2,
DATAFLOW,OECD.SDD.TPS:DSD_PRICES@DF_PRICES_ALL(1.0),,I,BGR,,Q,,N,,CPI,,PA,,_T,,N,,GY,,2006-Q4,,6.114396,,A,,,,,,,,2,
DATAFLOW,OECD.SDD.TPS:DSD_PRICES@DF_PRICES_ALL(1.0),,I,BGR,,Q,,N,,CPI,,PA,,_T,,N,,GY,,2007-Q1,,5.232089,,A,,,,,,,,2,
DATAFLOW,OECD.SDD.TPS:DSD_PRICES@DF_PRICES_ALL(1.0),,I,BGR,,Q,,N,,CPI,,PA,,_T,,N,,GY,,2007-Q2,,4.680552,,A,,,,,,,,2,
DATAFLOW,OECD.SDD.TPS:DSD_PRICES@DF_PRICES_ALL(1.0),,I,BGR,,Q,,N,,CPI,,PA,,_T,,N,,GY,,2007-Q3,,11.18689,,A,,,,,,,,2,
DATAFLOW,OECD.SDD.TPS:DSD_PRICES@DF_PRICES_ALL(1.0),,I,BGR,,Q,,N,,CPI,,PA,,_T,,N,,GY,,2007-Q4,,12.47517,,A,,,,,,,,2,
DATAFLOW,OECD.SDD.TPS:DSD_PRICES@DF_PRICES_ALL(1.0),,I,BGR,,Q,,N,,CPI,,PA,,_T,,N,,GY,,2008-Q1,,13.28197,,A,,,,,,,,2,
DATAFLOW,OECD.SDD.TPS:DSD_PRICES@DF_PRICES_ALL(1.0),,I,BGR,,Q,,N,,CPI,,PA,,_T,,N,,GY,,2008-Q2,,14.96808,,A,,,,,,,,2,
DATAFLOW,OECD.SDD.TPS:DSD_PRICES@DF_PRICES_ALL(1.0),,I,BGR,,Q,,N,,CPI,,PA,,_T,,N,,GY,,2008-Q3,,12.1703,,A,,,,,,,,2,
DATAFLOW,OECD.SDD.TPS:DSD_PRICES@DF_PRICES_ALL(1.0),,I,BGR,,Q,,N,,CPI,,PA,,_T,,N,,GY,,2008-Q4,,9.255264,,A,,,,,,,,2,
DATAFLOW,OECD.SDD.TPS:DSD_PRICES@DF_PRICES_ALL(1.0),,I,BGR,,Q,,N,,CPI,,PA,,_T,,N,,GY,,2009-Q1,,5.986474,,A,,,,,,,,2,
DATAFLOW,OECD.SDD.TPS:DSD_PRICES@DF_PRICES_ALL(1.0),,I,BGR,,Q,,N,,CPI,,PA,,_T,,N,,GY,,2009-Q2,,4.135548,,A,,,,,,,,2,
DATAFLOW,OECD.SDD.TPS:DSD_PRICES@DF_PRICES_ALL(1.0),,I,BGR,,Q,,N,,CPI,,PA,,_T,,N,,GY,,2009-Q3,,1.009943,,A,,,,,,,,2,
DATAFLOW,OECD.SDD.TPS:DSD_PRICES@DF_PRICES_ALL(1.0),,I,BGR,,Q,,N,,CPI,,PA,,_T,,N,,GY,,2009-Q4,,0.067532,,A,,,,,,,,2,
DATAFLOW,OECD.SDD.TPS:DSD_PRICES@DF_PRICES_ALL(1.0),,I,BGR,,Q,,N,,CPI,,PA,,_T,,N,,GY,,2010-Q1,,0.9045123,,A,,,,,,,,2,
DATAFLOW,OECD.SDD.TPS:DSD_PRICES@DF_PRICES_ALL(1.0),,I,BGR,,Q,,N,,CPI,,PA,,_T,,N,,GY,,2010-Q2,,1.691659,,A,,,,,,,,2,
DATAFLOW,OECD.SDD.TPS:DSD_PRICES@DF_PRICES_ALL(1.0),,I,BGR,,Q,,N,,CPI,,PA,,_T,,N,,GY,,2010-Q3,,2.82959,,A,,,,,,,,2,
DATAFLOW,OECD.SDD.TPS:DSD_PRICES@DF_PRICES_ALL(1.0),,I,BGR,,Q,,N,,CPI,,PA,,_T,,N,,GY,,2010-Q4,,4.34539,,A,,,,,,,,2,
DATAFLOW,OECD.SDD.TPS:DSD_PRICES@DF_PRICES_ALL(1.0),,I,BGR,,Q,,N,,CPI,,PA,,_T,,N,,GY,,2011-Q1,,5.107188,,A,,,,,,,,2,
DATAFLOW,OECD.SDD.TPS:DSD_PRICES@DF_PRICES_ALL(1.0),,I,BGR,,Q,,N,,CPI,,PA,,_T,,N,,GY,,2011-Q2,,4.75248,,A,,,,,,,,2,
DATAFLOW,OECD.SDD.TPS:DSD_PRICES@DF_PRICES_ALL(1.0),,I,BGR,,Q,,N,,CPI,,PA,,_T,,N,,GY,,2011-Q3,,3.933283,,A,,,,,,,,2,
DATAFLOW,OECD.SDD.TPS:DSD_PRICES@DF_PRICES_ALL(1.0),,I,BGR,,Q,,N,,CPI,,PA,,_T,,N,,GY,,2011-Q4,,3.115836,,A,,,,,,,,2,
DATAFLOW,OECD.SDD.TPS:DSD_PRICES@DF_PRICES_ALL(1.0),,I,BGR,,Q,,N,,CPI,,PA,,_T,,N,,GY,,2012-Q1,,2.016603,,A,,,,,,,,2,
DATAFLOW,OECD.SDD.TPS:DSD_PRICES@DF_PRICES_ALL(1.0),,I,BGR,,Q,,N,,CPI,,PA,,_T,,N,,GY,,2012-Q2,,1.64,,A,,,,,,,,2,
DATAFLOW,OECD.SDD.TPS:DSD_PRICES@DF_PRICES_ALL(1.0),,I,BGR,,Q,,N,,CPI,,PA,,_T,,N,,GY,,2012-Q3,,3.961763,,A,,,,,,,,2,
DATAFLOW,OECD.SDD.TPS:DSD_PRICES@DF_PRICES_ALL(1.0),,I,BGR,,Q,,N,,CPI,,PA,,_T,,N,,GY,,2012-Q4,,4.198131,,A,,,,,,,,2,
DATAFLOW,OECD.SDD.TPS:DSD_PRICES@DF_PRICES_ALL(1.0),,I,BGR,,Q,,N,,CPI,,PA,,_T,,N,,GY,,2013-Q1,,3.566,,A,,,,,,,,2,
DATAFLOW,OECD.SDD.TPS:DSD_PRICES@DF_PRICES_ALL(1.0),,I,BGR,,Q,,N,,CPI,,PA,,_T,,N,,GY,,2013-Q2,,2.193515,,A,,,,,,,,2,
DATAFLOW,OECD.SDD.TPS:DSD_PRICES@DF_PRICES_ALL(1.0),,I,BGR,,Q,,N,,CPI,,PA,,_T,,N,,GY,,2013-Q3,,-0.6092912,,A,,,,,,,,2,
DATAFLOW,OECD.SDD.TPS:DSD_PRICES@DF_PRICES_ALL(1.0),,I,BGR,,Q,,N,,CPI,,PA,,_T,,N,,GY,,2013-Q4,,-1.493013,,A,,,,,,,,2,
DATAFLOW,OECD.SDD.TPS:DSD_PRICES@DF_PRICES_ALL(1.0),,I,BGR,,Q,,N,,CPI,,PA,,_T,,N,,GY,,2014-Q1,,-2.380347,,A,,,,,,,,2,
DATAFLOW,OECD.SDD.TPS:DSD_PRICES@DF_PRICES_ALL(1.0),,I,BGR,,Q,,N,,CPI,,PA,,_T,,N,,GY,,2014-Q2,,-1.82775,,A,,,,,,,,2,
DATAFLOW,OECD.SDD.TPS:DSD_PRICES@DF_PRICES_ALL(1.0),,I,BGR,,Q,,N,,CPI,,PA,,_T,,N,,GY,,2014-Q3,,-0.80175,,A,,,,,,,,2,
DATAFLOW,OECD.SDD.TPS:DSD_PRICES@DF_PRICES_ALL(1.0),,I,BGR,,Q,,N,,CPI,,PA,,_T,,N,,GY,,2014-Q4,,-0.6378283,,A,,,,,,,,2,
DATAFLOW,OECD.SDD.TPS:DSD_PRICES@DF_PRICES_ALL(1.0),,I,BGR,,Q,,N,,CPI,,PA,,_T,,N,,GY,,2015-Q1,,-0.4761361,,A,,,,,,,,2,
DATAFLOW,OECD.SDD.TPS:DSD_PRICES@DF_PRICES_ALL(1.0),,I,BGR,,Q,,N,,CPI,,PA,,_T,,N,,GY,,2015-Q2,,0.5646006,,A,,,,,,,,2,
DATAFLOW,OECD.SDD.TPS:DSD_PRICES@DF_PRICES_ALL(1.0),,I,BGR,,Q,,N,,CPI,,PA,,_T,,N,,GY,,2015-Q3,,-0.04368286,,A,,,,,,,,2,
DATAFLOW,OECD.SDD.TPS:DSD_PRICES@DF_PRICES_ALL(1.0),,I,BGR,,Q,,N,,CPI,,PA,,_T,,N,,GY,,2015-Q4,,-0.4606636,,A,,,,,,,,2,
DATAFLOW,OECD.SDD.TPS:DSD_PRICES@DF_PRICES_ALL(1.0),,I,BGR,,Q,,N,,CPI,,PA,,_T,,N,,GY,,2016-Q1,,-0.6729743,,A,,,,,,,,2,
DATAFLOW,OECD.SDD.TPS:DSD_PRICES@DF_PRICES_ALL(1.0),,I,BGR,,Q,,N,,CPI,,PA,,_T,,N,,GY,,2016-Q2,,-1.85032,,A,,,,,,,,2,
DATAFLOW,OECD.SDD.TPS:DSD_PRICES@DF_PRICES_ALL(1.0),,I,BGR,,Q,,N,,CPI,,PA,,_T,,N,,GY,,2016-Q3,,-0.3472199,,A,,,,,,,,2,
DATAFLOW,OECD.SDD.TPS:DSD_PRICES@DF_PRICES_ALL(1.0),,I,BGR,,Q,,N,,CPI,,PA,,_T,,N,,GY,,2016-Q4,,-0.3158605,,A,,,,,,,,2,
DATAFLOW,OECD.SDD.TPS:DSD_PRICES@DF_PRICES_ALL(1.0),,I,BGR,,Q,,N,,CPI,,PA,,_T,,N,,GY,,2017-Q1,,1.652661,,A,,,,,,,,2,
DATAFLOW,OECD.SDD.TPS:DSD_PRICES@DF_PRICES_ALL(1.0),,I,BGR,,Q,,N,,CPI,,PA,,_T,,N,,GY,,2017-Q2,,2.268464,,A,,,,,,,,2,
DATAFLOW,OECD.SDD.TPS:DSD_PRICES@DF_PRICES_ALL(1.0),,I,BGR,,Q,,N,,CPI,,PA,,_T,,N,,GY,,2017-Q3,,1.5832,,A,,,,,,,,2,
DATAFLOW,OECD.SDD.TPS:DSD_PRICES@DF_PRICES_ALL(1.0),,I,BGR,,Q,,N,,CPI,,PA,,_T,,N,,GY,,2017-Q4,,2.742667,,A,,,,,,,,2,
DATAFLOW,OECD.SDD.TPS:DSD_PRICES@DF_PRICES_ALL(1.0),,I,BGR,,Q,,N,,CPI,,PA,,_T,,N,,GY,,2018-Q1,,2.008465,,A,,,,,,,,2,
DATAFLOW,OECD.SDD.TPS:DSD_PRICES@DF_PRICES_ALL(1.0),,I,BGR,,Q,,N,,CPI,,PA,,_T,,N,,GY,,2018-Q2,,2.582052,,A,,,,,,,,2,
DATAFLOW,OECD.SDD.TPS:DSD_PRICES@DF_PRICES_ALL(1.0),,I,BGR,,Q,,N,,CPI,,PA,,_T,,N,,GY,,2018-Q3,,3.520057,,A,,,,,,,,2,
DATAFLOW,OECD.SDD.TPS:DSD_PRICES@DF_PRICES_ALL(1.0),,I,BGR,,Q,,N,,CPI,,PA,,_T,,N,,GY,,2018-Q4,,3.14341,,A,,,,,,,,2,
DATAFLOW,OECD.SDD.TPS:DSD_PRICES@DF_PRICES_ALL(1.0),,I,BGR,,Q,,N,,CPI,,PA,,_T,,N,,GY,,2019-Q1,,3.284549,,A,,,,,,,,2,
DATAFLOW,OECD.SDD.TPS:DSD_PRICES@DF_PRICES_ALL(1.0),,I,BGR,,Q,,N,,CPI,,PA,,_T,,N,,GY,,2019-Q2,,3.341158,,A,,,,,,,,2,
DATAFLOW,OECD.SDD.TPS:DSD_PRICES@DF_PRICES_ALL(1.0),,I,BGR,,Q,,N,,CPI,,PA,,_T,,N,,GY,,2019-Q3,,2.719317,,A,,,,,,,,2,
DATAFLOW,OECD.SDD.TPS:DSD_PRICES@DF_PRICES_ALL(1.0),,I,BGR,,Q,,N,,CPI,,PA,,_T,,N,,GY,,2019-Q4,,3.075024,,A,,,,,,,,2,
DATAFLOW,OECD.SDD.TPS:DSD_PRICES@DF_PRICES_ALL(1.0),,I,BGR,,Q,,N,,CPI,,PA,,_T,,N,,GY,,2020-Q1,,3.60842,,A,,,,,,,,2,
DATAFLOW,OECD.SDD.TPS:DSD_PRICES@DF_PRICES_ALL(1.0),,I,BGR,,Q,,N,,CPI,,PA,,_T,,N,,GY,,2020-Q2,,1.558693,,A,,,,,,,,2,
DATAFLOW,OECD.SDD.TPS:DSD_PRICES@DF_PRICES_ALL(1.0),,I,BGR,,Q,,N,,CPI,,PA,,_T,,N,,GY,,2020-Q3,,1.132812,,A,,,,,,,,2,
DATAFLOW,OECD.SDD.TPS:DSD_PRICES@DF_PRICES_ALL(1.0),,I,BGR,,Q,,N,,CPI,,PA,,_T,,N,,GY,,2020-Q4,,0.4225351,,A,,,,,,,,2,
DATAFLOW,OECD.SDD.TPS:DSD_PRICES@DF_PRICES_ALL(1.0),,I,BGR,,Q,,N,,CPI,,PA,,_T,,N,,GY,,2021-Q1,,-0.003620844,,A,,,,,,,,2,
DATAFLOW,OECD.SDD.TPS:DSD_PRICES@DF_PRICES_ALL(1.0),,I,BGR,,Q,,N,,CPI,,PA,,_T,,N,,GY,,2021-Q2,,2.366038,,A,,,,,,,,2,
DATAFLOW,OECD.SDD.TPS:DSD_PRICES@DF_PRICES_ALL(1.0),,I,BGR,,Q,,N,,CPI,,PA,,_T,,N,,GY,,2021-Q3,,3.820538,,A,,,,,,,,2,
DATAFLOW,OECD.SDD.TPS:DSD_PRICES@DF_PRICES_ALL(1.0),,I,BGR,,Q,,N,,CPI,,PA,,_T,,N,,GY,,2021-Q4,,7.037762,,A,,,,,,,,2,
DATAFLOW,OECD.SDD.TPS:DSD_PRICES@DF_PRICES_ALL(1.0),,I,BGR,,Q,,N,,CPI,,PA,,_T,,N,,GY,,2022-Q1,,10.54669,,A,,,,,,,,2,
DATAFLOW,OECD.SDD.TPS:DSD_PRICES@DF_PRICES_ALL(1.0),,I,BGR,,Q,,N,,CPI,,PA,,_T,,N,,GY,,2022-Q2,,15.60964,,A,,,,,,,,2,
DATAFLOW,OECD.SDD.TPS:DSD_PRICES@DF_PRICES_ALL(1.0),,I,BGR,,Q,,N,,CPI,,PA,,_T,,N,,GY,,2022-Q3,,17.89475,,A,,,,,,,,2,
DATAFLOW,OECD.SDD.TPS:DSD_PRICES@DF_PRICES_ALL(1.0),,I,BGR,,Q,,N,,CPI,,PA,,_T,,N,,GY,,2022-Q4,,17.11415,,A,,,,,,,,2,
DATAFLOW,OECD.SDD.TPS:DSD_PRICES@DF_PRICES_ALL(1.0),,I,BGR,,Q,,N,,CPI,,PA,,_T,,N,,GY,,2023-Q1,,15.55198,,A,,,,,,,,2,
DATAFLOW,OECD.SDD.TPS:DSD_PRICES@DF_PRICES_ALL(1.0),,I,BGR,,Q,,N,,CPI,,PA,,_T,,N,,GY,,2023-Q2,,10.15795,,A,,,,,,,,2,
DATAFLOW,OECD.SDD.TPS:DSD_PRICES@DF_PRICES_ALL(1.0),,I,BGR,,Q,,N,,CPI,,PA,,_T,,N,,GY,,2023-Q3,,7.497421,,A,,,,,,,,2,
DATAFLOW,OECD.SDD.TPS:DSD_PRICES@DF_PRICES_ALL(1.0),,I,BGR,,Q,,N,,CPI,,PA,,_T,,N,,GY,,2023-Q4,,5.281504,,A,,,,,,,,2,
DATAFLOW,OECD.SDD.TPS:DSD_PRICES@DF_PRICES_ALL(1.0),,I,BGR,,Q,,N,,CPI,,PA,,_T,,N,,GY,,2024-Q1,,3.394024,,A,,,,,,,,2,
DATAFLOW,OECD.SDD.TPS:DSD_PRICES@DF_PRICES_ALL(1.0),,I,BGR,,Q,,N,,CPI,,PA,,_T,,N,,GY,,2024-Q2,,2.388181,,A,,,,,,,,2,
DATAFLOW,OECD.SDD.TPS:DSD_PRICES@DF_PRICES_ALL(1.0),,I,BGR,,Q,,N,,CPI,,PA,,_T,,N,,GY,,2024-Q3,,1.887186,,A,,,,,,,,2,
DATAFLOW,OECD.SDD.TPS:DSD_PRICES@DF_PRICES_ALL(1.0),,I,BGR,,Q,,N,,CPI,,PA,,_T,,N,,GY,,2024-Q4,,2.046214,,A,,,,,,,,2,
DATAFLOW,OECD.SDD.TPS:DSD_PRICES@DF_PRICES_ALL(1.0),,I,BGR,,Q,,N,,CPI,,PA,,_T,,N,,GY,,2025-Q1,,3.93154,,A,,,,,,,,2,
DATAFLOW,OECD.SDD.TPS:DSD_PRICES@DF_PRICES_ALL(1.0),,I,BGR,,Q,,N,,CPI,,PA,,_T,,N,,GY,,2025-Q2,,3.853277,,A,,,,,,,,2,
DATAFLOW,OECD.SDD.TPS:DSD_PRICES@DF_PRICES_ALL(1.0),,I,BGR,,Q,,N,,CPI,,PA,,_T,,N,,GY,,2025-Q3,,5.366316,,A,,,,,,,,2,
DATAFLOW,OECD.SDD.TPS:DSD_PRICES@DF_PRICES_ALL(1.0),,I,BGR,,Q,,N,,CPI,,PA,,_T,,N,,GY,,2025-Q4,,5.164115,,A,,,,,,,,2,
DATAFLOW,OECD.SDD.TPS:DSD_PRICES@DF_PRICES_ALL(1.0),,I,EU27_2020,,Q,,N,,CPI,,PA,,_T,,N,,GY,,2000-Q1,,3.570151,,A,,,,,,,,2,
DATAFLOW,OECD.SDD.TPS:DSD_PRICES@DF_PRICES_ALL(1.0),,I,EU27_2020,,Q,,N,,CPI,,PA,,_T,,N,,GY,,2000-Q2,,3.336669,,A,,,,,,,,2,
DATAFLOW,OECD.SDD.TPS:DSD_PRICES@DF_PRICES_ALL(1.0),,I,EU27_2020,,Q,,N,,CPI,,PA,,_T,,N,,GY,,2000-Q3,,3.730743,,A,,,,,,,,2,
DATAFLOW,OECD.SDD.TPS:DSD_PRICES@DF_PRICES_ALL(1.0),,I,EU27_2020,,Q,,N,,CPI,,PA,,_T,,N,,GY,,2000-Q4,,3.898776,,A,,,,,,,,2,
DATAFLOW,OECD.SDD.TPS:DSD_PRICES@DF_PRICES_ALL(1.0),,I,EU27_2020,,Q,,N,,CPI,,PA,,_T,,N,,GY,,2001-Q1,,3.508691,,A,,,,,,,,2,
DATAFLOW,OECD.SDD.TPS:DSD_PRICES@DF_PRICES_ALL(1.0),,I,EU27_2020,,Q,,N,,CPI,,PA,,_T,,N,,GY,,2001-Q2,,4.180212,,A,,,,,,,,2,
DATAFLOW,OECD.SDD.TPS:DSD_PRICES@DF_PRICES_ALL(1.0),,I,EU27_2020,,Q,,N,,CPI,,PA,,_T,,N,,GY,,2001-Q3,,3.480984,,A,,,,,,,,2,
DATAFLOW,OECD.SDD.TPS:DSD_PRICES@DF_PRICES_ALL(1.0),,I,EU27_2020,,Q,,N,,CPI,,PA,,_T,,N,,GY,,2001-Q4,,3.065444,,A,,,,,,,,2,
DATAFLOW,OECD.SDD.TPS:DSD_PRICES@DF_PRICES_ALL(1.0),,I,EU27_2020,,Q,,N,,CPI,,PA,,_T,,N,,GY,,2002-Q1,,3.309365,,A,,,,,,,,2,
DATAFLOW,OECD.SDD.TPS:DSD_PRICES@DF_PRICES_ALL(1.0),,I,EU27_2020,,Q,,N,,CPI,,PA,,_T,,N,,GY,,2002-Q2,,2.680847,,A,,,,,,,,2,
DATAFLOW,OECD.SDD.TPS:DSD_PRICES@DF_PRICES_ALL(1.0),,I,EU27_2020,,Q,,N,,CPI,,PA,,_T,,N,,GY,,2002-Q3,,2.491119,,A,,,,,,,,2,
DATAFLOW,OECD.SDD.TPS:DSD_PRICES@DF_PRICES_ALL(1.0),,I,EU27_2020,,Q,,N,,CPI,,PA,,_T,,N,,GY,,2002-Q4,,2.529437,,A,,,,,,,,2,
DATAFLOW,OECD.SDD.TPS:DSD_PRICES@DF_PRICES_ALL(1.0),,I,EU27_2020,,Q,,N,,CPI,,PA,,_T,,N,,GY,,2003-Q1,,2.459796,,A,,,,,,,,2,
DATAFLOW,OECD.SDD.TPS:DSD_PRICES@DF_PRICES_ALL(1.0),,I,EU27_2020,,Q,,N,,CPI,,PA,,_T,,N,,GY,,2003-Q2,,2.131484,,A,,,,,,,,2,
DATAFLOW,OECD.SDD.TPS:DSD_PRICES@DF_PRICES_ALL(1.0),,I,EU27_2020,,Q,,N,,CPI,,PA,,_T,,N,,GY,,2003-Q3,,2.233728,,A,,,,,,,,2,
DATAFLOW,OECD.SDD.TPS:DSD_PRICES@DF_PRICES_ALL(1.0),,I,EU27_2020,,Q,,N,,CPI,,PA,,_T,,N,,GY,,2003-Q4,,2.296895,,A,,,,,,,,2,
DATAFLOW,OECD.SDD.TPS:DSD_PRICES@DF_PRICES_ALL(1.0),,I,EU27_2020,,Q,,N,,CPI,,PA,,_T,,N,,GY,,2004-Q1,,2.012573,,A,,,,,,,,2,
DATAFLOW,OECD.SDD.TPS:DSD_PRICES@DF_PRICES_ALL(1.0),,I,EU27_2020,,Q,,N,,CPI,,PA,,_T,,N,,GY,,2004-Q2,,2.602464,,A,,,,,,,,2,
DATAFLOW,OECD.SDD.TPS:DSD_PRICES@DF_PRICES_ALL(1.0),,I,EU27_2020,,Q,,N,,CPI,,PA,,_T,,N,,GY,,2004-Q3,,2.641162,,A,,,,,,,,2,
DATAFLOW,OECD.SDD.TPS:DSD_PRICES@DF_PRICES_ALL(1.0),,I,EU27_2020,,Q,,N,,CPI,,PA,,_T,,N,,GY,,2004-Q4,,2.611227,,A,,,,,,,,2,
DATAFLOW,OECD.SDD.TPS:DSD_PRICES@DF_PRICES_ALL(1.0),,I,EU27_2020,,Q,,N,,CPI,,PA,,_T,,N,,GY,,2005-Q1,,2.245843,,A,,,,,,,,2,
DATAFLOW,OECD.SDD.TPS:DSD_PRICES@DF_PRICES_ALL(1.0),,I,EU27_2020,,Q,,N,,CPI,,PA,,_T,,N,,GY,,2005-Q2,,2.193359,,A,,,,,,,,2,
DATAFLOW,OECD.SDD.TPS:DSD_PRICES@DF_PRICES_ALL(1.0),,I,EU27_2020,,Q,,N,,CPI,,PA,,_T,,N,,GY,,2005-Q3,,2.418237,,A,,,,,,,,2,
DATAFLOW,OECD.SDD.TPS:DSD_PRICES@DF_PRICES_ALL(1.0),,I,EU27_2020,,Q,,N,,CPI,,PA,,_T,,N,,GY,,2005-Q4,,2.455628,,A,,,,,,,,2,
DATAFLOW,OECD.SDD.TPS:DSD_PRICES@DF_PRICES_ALL(1.0),,I,EU27_2020,,Q,,N,,CPI,,PA,,_T,,N,,GY,,2006-Q1,,2.439222,,A,,,,,,,,2,
DATAFLOW,OECD.SDD.TPS:DSD_PRICES@DF_PRICES_ALL(1.0),,I,EU27_2020,,Q,,N,,CPI,,PA,,_T,,N,,GY,,2006-Q2,,2.569944,,A,,,,,,,,2,
DATAFLOW,OECD.SDD.TPS:DSD_PRICES@DF_PRICES_ALL(1.0),,I,EU27_2020,,Q,,N,,CPI,,PA,,_T,,N,,GY,,2006-Q3,,2.309377,,A,,,,,,,,2,
DATAFLOW,OECD.SDD.TPS:DSD_PRICES@DF_PRICES_ALL(1.0),,I,EU27_2020,,Q,,N,,CPI,,PA,,_T,,N,,GY,,2006-Q4,,1.922164,,A,,,,,,,,2,
DATAFLOW,OECD.SDD.TPS:DSD_PRICES@DF_PRICES_ALL(1.0),,I,EU27_2020,,Q,,N,,CPI,,PA,,_T,,N,,GY,,2007-Q1,,2.069183,,A,,,,,,,,2,
DATAFLOW,OECD.SDD.TPS:DSD_PRICES@DF_PRICES_ALL(1.0),,I,EU27_2020,,Q,,N,,CPI,,PA,,_T,,N,,GY,,2007-Q2,,2.096403,,A,,,,,,,,2,
DATAFLOW,OECD.SDD.TPS:DSD_PRICES@DF_PRICES_ALL(1.0),,I,EU27_2020,,Q,,N,,CPI,,PA,,_T,,N,,GY,,2007-Q3,,2.136602,,A,,,,,,,,2,
DATAFLOW,OECD.SDD.TPS:DSD_PRICES@DF_PRICES_ALL(1.0),,I,EU27_2020,,Q,,N,,CPI,,PA,,_T,,N,,GY,,2007-Q4,,3.213038,,A,,,,,,,,2,
DATAFLOW,OECD.SDD.TPS:DSD_PRICES@DF_PRICES_ALL(1.0),,I,EU27_2020,,Q,,N,,CPI,,PA,,_T,,N,,GY,,2008-Q1,,3.795265,,A,,,,,,,,2,
DATAFLOW,OECD.SDD.TPS:DSD_PRICES@DF_PRICES_ALL(1.0),,I,EU27_2020,,Q,,N,,CPI,,PA,,_T,,N,,GY,,2008-Q2,,4.06473,,A,,,,,,,,2,
DATAFLOW,OECD.SDD.TPS:DSD_PRICES@DF_PRICES_ALL(1.0),,I,EU27_2020,,Q,,N,,CPI,,PA,,_T,,N,,GY,,2008-Q3,,4.24478,,A,,,,,,,,2,
DATAFLOW,OECD.SDD.TPS:DSD_PRICES@DF_PRICES_ALL(1.0),,I,EU27_2020,,Q,,N,,CPI,,PA,,_T,,N,,GY,,2008-Q4,,2.703211,,A,,,,,,,,2,
DATAFLOW,OECD.SDD.TPS:DSD_PRICES@DF_PRICES_ALL(1.0),,I,EU27_2020,,Q,,N,,CPI,,PA,,_T,,N,,GY,,2009-Q1,,1.431287,,A,,,,,,,,2,
DATAFLOW,OECD.SDD.TPS:DSD_PRICES@DF_PRICES_ALL(1.0),,I,EU27_2020,,Q,,N,,CPI,,PA,,_T,,N,,GY,,2009-Q2,,0.7151764,,A,,,,,,,,2,
DATAFLOW,OECD.SDD.TPS:DSD_PRICES@DF_PRICES_ALL(1.0),,I,EU27_2020,,Q,,N,,CPI,,PA,,_T,,N,,GY,,2009-Q3,,0.1717962,,A,,,,,,,,2,
DATAFLOW,OECD.SDD.TPS:DSD_PRICES@DF_PRICES_ALL(1.0),,I,EU27_2020,,Q,,N,,CPI,,PA,,_T,,N,,GY,,2009-Q4,,0.8126807,,A,,,,,,,,2,
DATAFLOW,OECD.SDD.TPS:DSD_PRICES@DF_PRICES_ALL(1.0),,I,EU27_2020,,Q,,N,,CPI,,PA,,_T,,N,,GY,,2010-Q1,,1.414765,,A,,,,,,,,2,
DATAFLOW,OECD.SDD.TPS:DSD_PRICES@DF_PRICES_ALL(1.0),,I,EU27_2020,,Q,,N,,CPI,,PA,,_T,,N,,GY,,2010-Q2,,1.758858,,A,,,,,,,,2,
DATAFLOW,OECD.SDD.TPS:DSD_PRICES@DF_PRICES_ALL(1.0),,I,EU27_2020,,Q,,N,,CPI,,PA,,_T,,N,,GY,,2010-Q3,,1.930305,,A,,,,,,,,2,
DATAFLOW,OECD.SDD.TPS:DSD_PRICES@DF_PRICES_ALL(1.0),,I,EU27_2020,,Q,,N,,CPI,,PA,,_T,,N,,GY,,2010-Q4,,2.27314,,A,,,,,,,,2,
DATAFLOW,OECD.SDD.TPS:DSD_PRICES@DF_PRICES_ALL(1.0),,I,EU27_2020,,Q,,N,,CPI,,PA,,_T,,N,,GY,,2011-Q1,,2.681354,,A,,,,,,,,2,
DATAFLOW,OECD.SDD.TPS:DSD_PRICES@DF_PRICES_ALL(1.0),,I,EU27_2020,,Q,,N,,CPI,,PA,,_T,,N,,GY,,2011-Q2,,2.95949,,A,,,,,,,,2,
DATAFLOW,OECD.SDD.TPS:DSD_PRICES@DF_PRICES_ALL(1.0),,I,EU27_2020,,Q,,N,,CPI,,PA,,_T,,N,,GY,,2011-Q3,,2.777977,,A,,,,,,,,2,
DATAFLOW,OECD.SDD.TPS:DSD_PRICES@DF_PRICES_ALL(1.0),,I,EU27_2020,,Q,,N,,CPI,,PA,,_T,,N,,GY,,2011-Q4,,2.989526,,A,,,,,,,,2,
DATAFLOW,OECD.SDD.TPS:DSD_PRICES@DF_PRICES_ALL(1.0),,I,EU27_2020,,Q,,N,,CPI,,PA,,_T,,N,,GY,,2012-Q1,,2.787776,,A,,,,,,,,2,
DATAFLOW,OECD.SDD.TPS:DSD_PRICES@DF_PRICES_ALL(1.0),,I,EU27_2020,,Q,,N,,CPI,,PA,,_T,,N,,GY,,2012-Q2,,2.572034,,A,,,,,,,,2,
DATAFLOW,OECD.SDD.TPS:DSD_PRICES@DF_PRICES_ALL(1.0),,I,EU27_2020,,Q,,N,,CPI,,PA,,_T,,N,,GY,,2012-Q3,,2.692442,,A,,,,,,,,2,
DATAFLOW,OECD.SDD.TPS:DSD_PRICES@DF_PRICES_ALL(1.0),,I,EU27_2020,,Q,,N,,CPI,,PA,,_T,,N,,GY,,2012-Q4,,2.420105,,A,,,,,,,,2,
DATAFLOW,OECD.SDD.TPS:DSD_PRICES@DF_PRICES_ALL(1.0),,I,EU27_2020,,Q,,N,,CPI,,PA,,_T,,N,,GY,,2013-Q1,,1.867619,,A,,,,,,,,2,
DATAFLOW,OECD.SDD.TPS:DSD_PRICES@DF_PRICES_ALL(1.0),,I,EU27_2020,,Q,,N,,CPI,,PA,,_T,,N,,GY,,2013-Q2,,1.375758,,A,,,,,,,,2,
DATAFLOW,OECD.SDD.TPS:DSD_PRICES@DF_PRICES_ALL(1.0),,I,EU27_2020,,Q,,N,,CPI,,PA,,_T,,N,,GY,,2013-Q3,,1.295662,,A,,,,,,,,2,
DATAFLOW,OECD.SDD.TPS:DSD_PRICES@DF_PRICES_ALL(1.0),,I,EU27_2020,,Q,,N,,CPI,,PA,,_T,,N,,GY,,2013-Q4,,0.7708102,,A,,,,,,,,2,
DATAFLOW,OECD.SDD.TPS:DSD_PRICES@DF_PRICES_ALL(1.0),,I,EU27_2020,,Q,,N,,CPI,,PA,,_T,,N,,GY,,2014-Q1,,0.6066325,,A,,,,,,,,2,
DATAFLOW,OECD.SDD.TPS:DSD_PRICES@DF_PRICES_ALL(1.0),,I,EU27_2020,,Q,,N,,CPI,,PA,,_T,,N,,GY,,2014-Q2,,0.5214427,,A,,,,,,,,2,
DATAFLOW,OECD.SDD.TPS:DSD_PRICES@DF_PRICES_ALL(1.0),,I,EU27_2020,,Q,,N,,CPI,,PA,,_T,,N,,GY,,2014-Q3,,0.3281433,,A,,,,,,,,2,
DATAFLOW,OECD.SDD.TPS:DSD_PRICES@DF_PRICES_ALL(1.0),,I,EU27_2020,,Q,,N,,CPI,,PA,,_T,,N,,GY,,2014-Q4,,0.1336095,,A,,,,,,,,2,
DATAFLOW,OECD.SDD.TPS:DSD_PRICES@DF_PRICES_ALL(1.0),,I,EU27_2020,,Q,,N,,CPI,,PA,,_T,,N,,GY,,2015-Q1,,-0.3517352,,A,,,,,,,,2,
DATAFLOW,OECD.SDD.TPS:DSD_PRICES@DF_PRICES_ALL(1.0),,I,EU27_2020,,Q,,N,,CPI,,PA,,_T,,N,,GY,,2015-Q2,,0.3491504,,A,,,,,,,,2,
DATAFLOW,OECD.SDD.TPS:DSD_PRICES@DF_PRICES_ALL(1.0),,I,EU27_2020,,Q,,N,,CPI,,PA,,_T,,N,,GY,,2015-Q3,,0.2770083,,A,,,,,,,,2,
DATAFLOW,OECD.SDD.TPS:DSD_PRICES@DF_PRICES_ALL(1.0),,I,EU27_2020,,Q,,N,,CPI,,PA,,_T,,N,,GY,,2015-Q4,,0.1701248,,A,,,,,,,,2,
DATAFLOW,OECD.SDD.TPS:DSD_PRICES@DF_PRICES_ALL(1.0),,I,EU27_2020,,Q,,N,,CPI,,PA,,_T,,N,,GY,,2016-Q1,,-0.006723367,,A,,,,,,,,2,
DATAFLOW,OECD.SDD.TPS:DSD_PRICES@DF_PRICES_ALL(1.0),,I,EU27_2020,,Q,,N,,CPI,,PA,,_T,,N,,GY,,2016-Q2,,-0.1689973,,A,,,,,,,,2,
DATAFLOW,OECD.SDD.TPS:DSD_PRICES@DF_PRICES_ALL(1.0),,I,EU27_2020,,Q,,N,,CPI,,PA,,_T,,N,,GY,,2016-Q3,,0.1963656,,A,,,,,,,,2,
DATAFLOW,OECD.SDD.TPS:DSD_PRICES@DF_PRICES_ALL(1.0),,I,EU27_2020,,Q,,N,,CPI,,PA,,_T,,N,,GY,,2016-Q4,,0.699324,,A,,,,,,,,2,
DATAFLOW,OECD.SDD.TPS:DSD_PRICES@DF_PRICES_ALL(1.0),,I,EU27_2020,,Q,,N,,CPI,,PA,,_T,,N,,GY,,2017-Q1,,1.70785,,A,,,,,,,,2,
DATAFLOW,OECD.SDD.TPS:DSD_PRICES@DF_PRICES_ALL(1.0),,I,EU27_2020,,Q,,N,,CPI,,PA,,_T,,N,,GY,,2017-Q2,,1.516912,,A,,,,,,,,2,
DATAFLOW,OECD.SDD.TPS:DSD_PRICES@DF_PRICES_ALL(1.0),,I,EU27_2020,,Q,,N,,CPI,,PA,,_T,,N,,GY,,2017-Q3,,1.508055,,A,,,,,,,,2,
DATAFLOW,OECD.SDD.TPS:DSD_PRICES@DF_PRICES_ALL(1.0),,I,EU27_2020,,Q,,N,,CPI,,PA,,_T,,N,,GY,,2017-Q4,,1.507986,,A,,,,,,,,2,
DATAFLOW,OECD.SDD.TPS:DSD_PRICES@DF_PRICES_ALL(1.0),,I,EU27_2020,,Q,,N,,CPI,,PA,,_T,,N,,GY,,2018-Q1,,1.335405,,A,,,,,,,,2,
DATAFLOW,OECD.SDD.TPS:DSD_PRICES@DF_PRICES_ALL(1.0),,I,EU27_2020,,Q,,N,,CPI,,PA,,_T,,N,,GY,,2018-Q2,,1.768899,,A,,,,,,,,2,
DATAFLOW,OECD.SDD.TPS:DSD_PRICES@DF_PRICES_ALL(1.0),,I,EU27_2020,,Q,,N,,CPI,,PA,,_T,,N,,GY,,2018-Q3,,2.156484,,A,,,,,,,,2,
DATAFLOW,OECD.SDD.TPS:DSD_PRICES@DF_PRICES_ALL(1.0),,I,EU27_2020,,Q,,N,,CPI,,PA,,_T,,N,,GY,,2018-Q4,,1.909106,,A,,,,,,,,2,
DATAFLOW,OECD.SDD.TPS:DSD_PRICES@DF_PRICES_ALL(1.0),,I,EU27_2020,,Q,,N,,CPI,,PA,,_T,,N,,GY,,2019-Q1,,1.539616,,A,,,,,,,,2,
DATAFLOW,OECD.SDD.TPS:DSD_PRICES@DF_PRICES_ALL(1.0),,I,EU27_2020,,Q,,N,,CPI,,PA,,_T,,N,,GY,,2019-Q2,,1.612851,,A,,,,,,,,2,
DATAFLOW,OECD.SDD.TPS:DSD_PRICES@DF_PRICES_ALL(1.0),,I,EU27_2020,,Q,,N,,CPI,,PA,,_T,,N,,GY,,2019-Q3,,1.23006,,A,,,,,,,,2,
DATAFLOW,OECD.SDD.TPS:DSD_PRICES@DF_PRICES_ALL(1.0),,I,EU27_2020,,Q,,N,,CPI,,PA,,_T,,N,,GY,,2019-Q4,,1.291519,,A,,,,,,,,2,
DATAFLOW,OECD.SDD.TPS:DSD_PRICES@DF_PRICES_ALL(1.0),,I,EU27_2020,,Q,,N,,CPI,,PA,,_T,,N,,GY,,2020-Q1,,1.487359,,A,,,,,,,,2,
DATAFLOW,OECD.SDD.TPS:DSD_PRICES@DF_PRICES_ALL(1.0),,I,EU27_2020,,Q,,N,,CPI,,PA,,_T,,N,,GY,,2020-Q2,,0.6039144,,A,,,,,,,,2,
DATAFLOW,OECD.SDD.TPS:DSD_PRICES@DF_PRICES_ALL(1.0),,I,EU27_2020,,Q,,N,,CPI,,PA,,_T,,N,,GY,,2020-Q3,,0.4619961,,A,,,,,,,,2,
DATAFLOW,OECD.SDD.TPS:DSD_PRICES@DF_PRICES_ALL(1.0),,I,EU27_2020,,Q,,N,,CPI,,PA,,_T,,N,,GY,,2020-Q4,,0.2114565,,A,,,,,,,,2,
DATAFLOW,OECD.SDD.TPS:DSD_PRICES@DF_PRICES_ALL(1.0),,I,EU27_2020,,Q,,N,,CPI,,PA,,_T,,N,,GY,,2021-Q1,,1.380096,,A,,,,,,,,2,
DATAFLOW,OECD.SDD.TPS:DSD_PRICES@DF_PRICES_ALL(1.0),,I,EU27_2020,,Q,,N,,CPI,,PA,,_T,,N,,GY,,2021-Q2,,2.178012,,A,,,,,,,,2,
DATAFLOW,OECD.SDD.TPS:DSD_PRICES@DF_PRICES_ALL(1.0),,I,EU27_2020,,Q,,N,,CPI,,PA,,_T,,N,,GY,,2021-Q3,,3.089958,,A,,,,,,,,2,
DATAFLOW,OECD.SDD.TPS:DSD_PRICES@DF_PRICES_ALL(1.0),,I,EU27_2020,,Q,,N,,CPI,,PA,,_T,,N,,GY,,2021-Q4,,4.938272,,A,,,,,,,,2,
DATAFLOW,OECD.SDD.TPS:DSD_PRICES@DF_PRICES_ALL(1.0),,I,EU27_2020,,Q,,N,,CPI,,PA,,_T,,N,,GY,,2022-Q1,,6.547396,,A,,,,,,,,2,
DATAFLOW,OECD.SDD.TPS:DSD_PRICES@DF_PRICES_ALL(1.0),,I,EU27_2020,,Q,,N,,CPI,,PA,,_T,,N,,GY,,2022-Q2,,8.827782,,A,,,,,,,,2,
DATAFLOW,OECD.SDD.TPS:DSD_PRICES@DF_PRICES_ALL(1.0),,I,EU27_2020,,Q,,N,,CPI,,PA,,_T,,N,,GY,,2022-Q3,,10.29057,,A,,,,,,,,2,
DATAFLOW,OECD.SDD.TPS:DSD_PRICES@DF_PRICES_ALL(1.0),,I,EU27_2020,,Q,,N,,CPI,,PA,,_T,,N,,GY,,2022-Q4,,10.9964,,A,,,,,,,,2,
DATAFLOW,OECD.SDD.TPS:DSD_PRICES@DF_PRICES_ALL(1.0),,I,EU27_2020,,Q,,N,,CPI,,PA,,_T,,N,,GY,,2023-Q1,,9.403663,,A,,,,,,,,2,
DATAFLOW,OECD.SDD.TPS:DSD_PRICES@DF_PRICES_ALL(1.0),,I,EU27_2020,,Q,,N,,CPI,,PA,,_T,,N,,GY,,2023-Q2,,7.215737,,A,,,,,,,,2,
DATAFLOW,OECD.SDD.TPS:DSD_PRICES@DF_PRICES_ALL(1.0),,I,EU27_2020,,Q,,N,,CPI,,PA,,_T,,N,,GY,,2023-Q3,,5.673602,,A,,,,,,,,2,
DATAFLOW,OECD.SDD.TPS:DSD_PRICES@DF_PRICES_ALL(1.0),,I,EU27_2020,,Q,,N,,CPI,,PA,,_T,,N,,GY,,2023-Q4,,3.390656,,A,,,,,,,,2,
DATAFLOW,OECD.SDD.TPS:DSD_PRICES@DF_PRICES_ALL(1.0),,I,EU27_2020,,Q,,N,,CPI,,PA,,_T,,N,,GY,,2024-Q1,,2.841913,,A,,,,,,,,2,
DATAFLOW,OECD.SDD.TPS:DSD_PRICES@DF_PRICES_ALL(1.0),,I,EU27_2020,,Q,,N,,CPI,,PA,,_T,,N,,GY,,2024-Q2,,2.64143,,A,,,,,,,,2,
DATAFLOW,OECD.SDD.TPS:DSD_PRICES@DF_PRICES_ALL(1.0),,I,EU27_2020,,Q,,N,,CPI,,PA,,_T,,N,,GY,,2024-Q3,,2.438065,,A,,,,,,,,2,
DATAFLOW,OECD.SDD.TPS:DSD_PRICES@DF_PRICES_ALL(1.0),,I,EU27_2020,,Q,,N,,CPI,,PA,,_T,,N,,GY,,2024-Q4,,2.510592,,A,,,,,,,,2,
DATAFLOW,OECD.SDD.TPS:DSD_PRICES@DF_PRICES_ALL(1.0),,I,EU27_2020,,Q,,N,,CPI,,PA,,_T,,N,,GY,,2025-Q1,,2.667014,,A,,,,,,,,2,
DATAFLOW,OECD.SDD.TPS:DSD_PRICES@DF_PRICES_ALL(1.0),,I,EU27_2020,,Q,,N,,CPI,,PA,,_T,,N,,GY,,2025-Q2,,2.324327,,A,,,,,,,,2,
DATAFLOW,OECD.SDD.TPS:DSD_PRICES@DF_PRICES_ALL(1.0),,I,EU27_2020,,Q,,N,,CPI,,PA,,_T,,N,,GY,,2025-Q3,,2.456814,,A,,,,,,,,2,
DATAFLOW,OECD.SDD.TPS:DSD_PRICES@DF_PRICES_ALL(1.0),,I,EU27_2020,,Q,,N,,CPI,,PA,,_T,,N,,GY,,2025-Q4,,2.39553,,A,,,,,,,,2,
DATAFLOW,OECD.SDD.TPS:DSD_PRICES@DF_PRICES_ALL(1.0),,I,SVN,,Q,,N,,CPI,,PA,,_T,,N,,GY,,1996-Q3,,10.31413,,A,,,,,,,,2,
DATAFLOW,OECD.SDD.TPS:DSD_PRICES@DF_PRICES_ALL(1.0),,I,SVN,,Q,,N,,CPI,,PA,,_T,,N,,GY,,1996-Q4,,9.463205,,A,,,,,,,,2,
DATAFLOW,OECD.SDD.TPS:DSD_PRICES@DF_PRICES_ALL(1.0),,I,SVN,,Q,,N,,CPI,,PA,,_T,,N,,GY,,1997-Q1,,8.176139,,A,,,,,,,,2,
DATAFLOW,OECD.SDD.TPS:DSD_PRICES@DF_PRICES_ALL(1.0),,I,SVN,,Q,,N,,CPI,,PA,,_T,,N,,GY,,1997-Q2,,7.610609,,A,,,,,,,,2,
DATAFLOW,OECD.SDD.TPS:DSD_PRICES@DF_PRICES_ALL(1.0),,I,SVN,,Q,,N,,CPI,,PA,,_T,,N,,GY,,1997-Q3,,8.782598,,A,,,,,,,,2,
DATAFLOW,OECD.SDD.TPS:DSD_PRICES@DF_PRICES_ALL(1.0),,I,SVN,,Q,,N,,CPI,,PA,,_T,,N,,GY,,1997-Q4,,8.852308,,A,,,,,,,,2,
DATAFLOW,OECD.SDD.TPS:DSD_PRICES@DF_PRICES_ALL(1.0),,I,SVN,,Q,,N,,CPI,,PA,,_T,,N,,GY,,1998-Q1,,9.128119,,A,,,,,,,,2,
DATAFLOW,OECD.SDD.TPS:DSD_PRICES@DF_PRICES_ALL(1.0),,I,SVN,,Q,,N,,CPI,,PA,,_T,,N,,GY,,1998-Q2,,8.555537,,A,,,,,,,,2,
DATAFLOW,OECD.SDD.TPS:DSD_PRICES@DF_PRICES_ALL(1.0),,I,SVN,,Q,,N,,CPI,,PA,,_T,,N,,GY,,1998-Q3,,7.401634,,A,,,,,,,,2,
DATAFLOW,OECD.SDD.TPS:DSD_PRICES@DF_PRICES_ALL(1.0),,I,SVN,,Q,,N,,CPI,,PA,,_T,,N,,GY,,1998-Q4,,6.561971,,A,,,,,,,,2,
DATAFLOW,OECD.SDD.TPS:DSD_PRICES@DF_PRICES_ALL(1.0),,I,SVN,,Q,,N,,CPI,,PA,,_T,,N,,GY,,1999-Q1,,5.564404,,A,,,,,,,,2,
DATAFLOW,OECD.SDD.TPS:DSD_PRICES@DF_PRICES_ALL(1.0),,I,SVN,,Q,,N,,CPI,,PA,,_T,,N,,GY,,1999-Q2,,4.370102,,A,,,,,,,,2,
DATAFLOW,OECD.SDD.TPS:DSD_PRICES@DF_PRICES_ALL(1.0),,I,SVN,,Q,,N,,CPI,,PA,,_T,,N,,GY,,1999-Q3,,6.791452,,A,,,,,,,,2,
DATAFLOW,OECD.SDD.TPS:DSD_PRICES@DF_PRICES_ALL(1.0),,I,SVN,,Q,,N,,CPI,,PA,,_T,,N,,GY,,1999-Q4,,7.859872,,A,,,,,,,,2,
DATAFLOW,OECD.SDD.TPS:DSD_PRICES@DF_PRICES_ALL(1.0),,I,SVN,,Q,,N,,CPI,,PA,,_T,,N,,GY,,2000-Q1,,8.414263,,A,,,,,,,,2,
DATAFLOW,OECD.SDD.TPS:DSD_PRICES@DF_PRICES_ALL(1.0),,I,SVN,,Q,,N,,CPI,,PA,,_T,,N,,GY,,2000-Q2,,9.340542,,A,,,,,,,,2,
DATAFLOW,OECD.SDD.TPS:DSD_PRICES@DF_PRICES_ALL(1.0),,I,SVN,,Q,,N,,CPI,,PA,,_T,,N,,GY,,2000-Q3,,8.666022,,A,,,,,,,,2,
DATAFLOW,OECD.SDD.TPS:DSD_PRICES@DF_PRICES_ALL(1.0),,I,SVN,,Q,,N,,CPI,,PA,,_T,,N,,GY,,2000-Q4,,9.213303,,A,,,,,,,,2,
DATAFLOW,OECD.SDD.TPS:DSD_PRICES@DF_PRICES_ALL(1.0),,I,SVN,,Q,,N,,CPI,,PA,,_T,,N,,GY,,2001-Q1,,8.613514,,A,,,,,,,,2,
DATAFLOW,OECD.SDD.TPS:DSD_PRICES@DF_PRICES_ALL(1.0),,I,SVN,,Q,,N,,CPI,,PA,,_T,,N,,GY,,2001-Q2,,9.347149,,A,,,,,,,,2,
DATAFLOW,OECD.SDD.TPS:DSD_PRICES@DF_PRICES_ALL(1.0),,I,SVN,,Q,,N,,CPI,,PA,,_T,,N,,GY,,2001-Q3,,8.353498,,A,,,,,,,,2,
DATAFLOW,OECD.SDD.TPS:DSD_PRICES@DF_PRICES_ALL(1.0),,I,AUT,,Q,,N,,CPI,,PA,,_T,,N,,GY,,2005-Q4,,1.60558,,A,,,,,,,,2,
DATAFLOW,OECD.SDD.TPS:DSD_PRICES@DF_PRICES_ALL(1.0),,I,AUT,,Q,,N,,CPI,,PA,,_T,,N,,GY,,2006-Q1,,1.138266,,A,,,,,,,,2,
DATAFLOW,OECD.SDD.TPS:DSD_PRICES@DF_PRICES_ALL(1.0),,I,AUT,,Q,,N,,CPI,,PA,,_T,,N,,GY,,2006-Q2,,1.633878,,A,,,,,,,,2,
DATAFLOW,OECD.SDD.TPS:DSD_PRICES@DF_PRICES_ALL(1.0),,I,AUT,,Q,,N,,CPI,,PA,,_T,,N,,GY,,2006-Q3,,1.56406,,A,,,,,,,,2,
DATAFLOW,OECD.SDD.TPS:DSD_PRICES@DF_PRICES_ALL(1.0),,I,AUT,,Q,,N,,CPI,,PA,,_T,,N,,GY,,2006-Q4,,1.428571,,A,,,,,,,,2,
DATAFLOW,OECD.SDD.TPS:DSD_PRICES@DF_PRICES_ALL(1.0),,I,AUT,,Q,,N,,CPI,,PA,,_T,,N,,GY,,2007-Q1,,1.655081,,A,,,,,,,,2,
DATAFLOW,OECD.SDD.TPS:DSD_PRICES@DF_PRICES_ALL(1.0),,I,AUT,,Q,,N,,CPI,,PA,,_T,,N,,GY,,2007-Q2,,1.902887,,A,,,,,,,,2,
DATAFLOW,OECD.SDD.TPS:DSD_PRICES@DF_PRICES_ALL(1.0),,I,AUT,,Q,,N,,CPI,,PA,,_T,,N,,GY,,2007-Q3,,1.933159,,A,,,,,,,,2,
DATAFLOW,OECD.SDD.TPS:DSD_PRICES@DF_PRICES_ALL(1.0),,I,AUT,,Q,,N,,CPI,,PA,,_T,,N,,GY,,2007-Q4,,3.177203,,A,,,,,,,,2,
DATAFLOW,OECD.SDD.TPS:DSD_PRICES@DF_PRICES_ALL(1.0),,I,AUT,,Q,,N,,CPI,,PA,,_T,,N,,GY,,2008-Q1,,3.321394,,A,,,,,,,,2,
DATAFLOW,OECD.SDD.TPS:DSD_PRICES@DF_PRICES_ALL(1.0),,I,AUT,,Q,,N,,CPI,,PA,,_T,,N,,GY,,2008-Q2,,3.605924,,A,,,,,,,,2,
DATAFLOW,OECD.SDD.TPS:DSD_PRICES@DF_PRICES_ALL(1.0),,I,AUT,,Q,,N,,CPI,,PA,,_T,,N,,GY,,2008-Q3,,3.728705,,A,,,,,,,,2,
DATAFLOW,OECD.SDD.TPS:DSD_PRICES@DF_PRICES_ALL(1.0),,I,AUT,,Q,,N,,CPI,,PA,,_T,,N,,GY,,2008-Q4,,2.222222,,A,,,,,,,,2,
DATAFLOW,OECD.SDD.TPS:DSD_PRICES@DF_PRICES_ALL(1.0),,I,AUT,,Q,,N,,CPI,,PA,,_T,,N,,GY,,2009-Q1,,1.103057,,A,,,,,,,,2,
DATAFLOW,OECD.SDD.TPS:DSD_PRICES@DF_PRICES_ALL(1.0),,I,AUT,,Q,,N,,CPI,,PA,,_T,,N,,GY,,2009-Q2,,0.2796768,,A,,,,,,,,2,
DATAFLOW,OECD.SDD.TPS:DSD_PRICES@DF_PRICES_ALL(1.0),,I,AUT,,Q,,N,,CPI,,PA,,_T,,N,,GY,,2009-Q3,,0.03098853,,A,,,,,,,,2,
DATAFLOW,OECD.SDD.TPS:DSD_PRICES@DF_PRICES_ALL(1.0),,I,AUT,,Q,,N,,CPI,,PA,,_T,,N,,GY,,2009-Q4,,0.621118,,A,,,,,,,,2,
DATAFLOW,OECD.SDD.TPS:DSD_PRICES@DF_PRICES_ALL(1.0),,I,AUT,,Q,,N,,CPI,,PA,,_T,,N,,GY,,2010-Q1,,1.402743,,A,,,,,,,,2,
DATAFLOW,OECD.SDD.TPS:DSD_PRICES@DF_PRICES_ALL(1.0),,I,AUT,,Q,,N,,CPI,,PA,,_T,,N,,GY,,2010-Q2,,1.952278,,A,,,,,,,,2,
DATAFLOW,OECD.SDD.TPS:DSD_PRICES@DF_PRICES_ALL(1.0),,I,AUT,,Q,,N,,CPI,,PA,,_T,,N,,GY,,2010-Q3,,1.796778,,A,,,,,,,,2,
DATAFLOW,OECD.SDD.TPS:DSD_PRICES@DF_PRICES_ALL(1.0),,I,AUT,,Q,,N,,CPI,,PA,,_T,,N,,GY,,2010-Q4,,2.098765,,A,,,,,,,,2,
DATAFLOW,OECD.SDD.TPS:DSD_PRICES@DF_PRICES_ALL(1.0),,I,AUT,,Q,,N,,CPI,,PA,,_T,,N,,GY,,2011-Q1,,2.873387,,A,,,,,,,,2,
DATAFLOW,OECD.SDD.TPS:DSD_PRICES@DF_PRICES_ALL(1.0),,I,AUT,,Q,,N,,CPI,,PA,,_T,,N,,GY,,2011-Q2,,3.314093,,A,,,,,,,,2,
DATAFLOW,OECD.SDD.TPS:DSD_PRICES@DF_PRICES_ALL(1.0),,I,AUT,,Q,,N,,CPI,,PA,,_T,,N,,GY,,2011-Q3,,3.53983,,A,,,,,,,,2,
DATAFLOW,OECD.SDD.TPS:DSD_PRICES@DF_PRICES_ALL(1.0),,I,AUT,,Q,,N,,CPI,,PA,,_T,,N,,GY,,2011-Q4,,3.413986,,A,,,,,,,,2,
DATAFLOW,OECD.SDD.TPS:DSD_PRICES@DF_PRICES_ALL(1.0),,I,AUT,,Q,,N,,CPI,,PA,,_T,,N,,GY,,2012-Q1,,2.585078,,A,,,,,,,,2,
DATAFLOW,OECD.SDD.TPS:DSD_PRICES@DF_PRICES_ALL(1.0),,I,AUT,,Q,,N,,CPI,,PA,,_T,,N,,GY,,2012-Q2,,2.222938,,A,,,,,,,,2,
DATAFLOW,OECD.SDD.TPS:DSD_PRICES@DF_PRICES_ALL(1.0),,I,AUT,,Q,,N,,CPI,,PA,,_T,,N,,GY,,2012-Q3,,2.349533,,A,,,,,,,,2,
DATAFLOW,OECD.SDD.TPS:DSD_PRICES@DF_PRICES_ALL(1.0),,I,AUT,,Q,,N,,CPI,,PA,,_T,,N,,GY,,2012-Q4,,2.784891,,A,,,,,,,,2,
DATAFLOW,OECD.SDD.TPS:DSD_PRICES@DF_PRICES_ALL(1.0),,I,AUT,,Q,,N,,CPI,,PA,,_T,,N,,GY,,2013-Q1,,2.488038,,A,,,,,,,,2,
DATAFLOW,OECD.SDD.TPS:DSD_PRICES@DF_PRICES_ALL(1.0),,I,AUT,,Q,,N,,CPI,,PA,,_T,,N,,GY,,2013-Q2,,2.143082,,A,,,,,,,,2,
DATAFLOW,OECD.SDD.TPS:DSD_PRICES@DF_PRICES_ALL(1.0),,I,AUT,,Q,,N,,CPI,,PA,,_T,,N,,GY,,2013-Q3,,1.823899,,A,,,,,,,,2,
DATAFLOW,OECD.SDD.TPS:DSD_PRICES@DF_PRICES_ALL(1.0),,I,AUT,,Q,,N,,CPI,,PA,,_T,,N,,GY,,2013-Q4,,1.557147,,A,,,,,,,,2,
DATAFLOW,OECD.SDD.TPS:DSD_PRICES@DF_PRICES_ALL(1.0),,I,AUT,,Q,,N,,CPI,,PA,,_T,,N,,GY,,2014-Q1,,1.587302,,A,,,,,,,,2,
DATAFLOW,OECD.SDD.TPS:DSD_PRICES@DF_PRICES_ALL(1.0),,I,AUT,,Q,,N,,CPI,,PA,,_T,,N,,GY,,2014-Q2,,1.758716,,A,,,,,,,,2,
DATAFLOW,OECD.SDD.TPS:DSD_PRICES@DF_PRICES_ALL(1.0),,I,AUT,,Q,,N,,CPI,,PA,,_T,,N,,GY,,2014-Q3,,1.667696,,A,,,,,,,,2,
DATAFLOW,OECD.SDD.TPS:DSD_PRICES@DF_PRICES_ALL(1.0),,I,AUT,,Q,,N,,CPI,,PA,,_T,,N,,GY,,2014-Q4,,1.41061,,A,,,,,,,,2,
DATAFLOW,OECD.SDD.TPS:DSD_PRICES@DF_PRICES_ALL(1.0),,I,ITA,,Q,,N,,CPI,,PA,,_T,,N,,GY,,2018-Q1,,0.7270324,,A,,,,,,,,2,
DATAFLOW,OECD.SDD.TPS:DSD_PRICES@DF_PRICES_ALL(1.0),,I,ITA,,Q,,N,,CPI,,PA,,_T,,N,,GY,,2018-Q2,,0.9219624,,A,,,,,,,,2,
DATAFLOW,OECD.SDD.TPS:DSD_PRICES@DF_PRICES_ALL(1.0),,I,ITA,,Q,,N,,CPI,,PA,,_T,,N,,GY,,2018-Q3,,1.48075,,A,,,,,,,,2,
DATAFLOW,OECD.SDD.TPS:DSD_PRICES@DF_PRICES_ALL(1.0),,I,ITA,,Q,,N,,CPI,,PA,,_T,,N,,GY,,2018-Q4,,1.419142,,A,,,,,,,,2,
DATAFLOW,OECD.SDD.TPS:DSD_PRICES@DF_PRICES_ALL(1.0),,I,ITA,,Q,,N,,CPI,,PA,,_T,,N,,GY,,2019-Q1,,0.9514436,,A,,,,,,,,2,
DATAFLOW,OECD.SDD.TPS:DSD_PRICES@DF_PRICES_ALL(1.0),,I,ITA,,Q,,N,,CPI,,PA,,_T,,N,,GY,,2019-Q2,,0.8482871,,A,,,,,,,,2,
DATAFLOW,OECD.SDD.TPS:DSD_PRICES@DF_PRICES_ALL(1.0),,I,ITA,,Q,,N,,CPI,,PA,,_T,,N,,GY,,2019-Q3,,0.3566796,,A,,,,,,,,2,
DATAFLOW,OECD.SDD.TPS:DSD_PRICES@DF_PRICES_ALL(1.0),,I,ITA,,Q,,N,,CPI,,PA,,_T,,N,,GY,,2019-Q4,,0.2928734,,A,,,,,,,,2,
DATAFLOW,OECD.SDD.TPS:DSD_PRICES@DF_PRICES_ALL(1.0),,I,ITA,,Q,,N,,CPI,,PA,,_T,,N,,GY,,2020-Q1,,0.2924927,,A,,,,,,,,2,
DATAFLOW,OECD.SDD.TPS:DSD_PRICES@DF_PRICES_ALL(1.0),,I,ITA,,Q,,N,,CPI,,PA,,_T,,N,,GY,,2020-Q2,,-0.129408,,A,,,,,,,,2,
DATAFLOW,OECD.SDD.TPS:DSD_PRICES@DF_PRICES_ALL(1.0),,I,ITA,,Q,,N,,CPI,,PA,,_T,,N,,GY,,2020-Q3,,-0.4846527,,A,,,,,,,,2,
DATAFLOW,OECD.SDD.TPS:DSD_PRICES@DF_PRICES_ALL(1.0),,I,ITA,,Q,,N,,CPI,,PA,,_T,,N,,GY,,2020-Q4,,-0.2271252,,A,,,,,,,,2,
DATAFLOW,OECD.SDD.TPS:DSD_PRICES@DF_PRICES_ALL(1.0),,I,ITA,,Q,,N,,CPI,,PA,,_T,,N,,GY,,2021-Q1,,0.5832793,,A,,,,,,,,2,
DATAFLOW,OECD.SDD.TPS:DSD_PRICES@DF_PRICES_ALL(1.0),,I,ITA,,Q,,N,,CPI,,PA,,_T,,N,,GY,,2021-Q2,,1.198575,,A,,,,,,,,2,
DATAFLOW,OECD.SDD.TPS:DSD_PRICES@DF_PRICES_ALL(1.0),,I,ITA,,Q,,N,,CPI,,PA,,_T,,N,,GY,,2021-Q3,,2.175325,,A,,,,,,,,2,
DATAFLOW,OECD.SDD.TPS:DSD_PRICES@DF_PRICES_ALL(1.0),,I,ITA,,Q,,N,,CPI,,PA,,_T,,N,,GY,,2021-Q4,,3.544715,,A,,,,,,,,2,
DATAFLOW,OECD.SDD.TPS:DSD_PRICES@DF_PRICES_ALL(1.0),,I,ITA,,Q,,N,,CPI,,PA,,_T,,N,,GY,,2022-Q1,,5.670103,,A,,,,,,,,2,
DATAFLOW,OECD.SDD.TPS:DSD_PRICES@DF_PRICES_ALL(1.0),,I,ITA,,Q,,N,,CPI,,PA,,_T,,N,,GY,,2022-Q2,,6.914213,,A,,,,,,,,2,
DATAFLOW,OECD.SDD.TPS:DSD_PRICES@DF_PRICES_ALL(1.0),,I,ITA,,Q,,N,,CPI,,PA,,_T,,N,,GY,,2022-Q3,,8.388942,,A,,,,,,,,2,
DATAFLOW,OECD.SDD.TPS:DSD_PRICES@DF_PRICES_ALL(1.0),,I,ITA,,Q,,N,,CPI,,PA,,_T,,N,,GY,,2022-Q4,,11.74623,,A,,,,,,,,2,
DATAFLOW,OECD.SDD.TPS:DSD_PRICES@DF_PRICES_ALL(1.0),,I,ITA,,Q,,N,,CPI,,PA,,_T,,N,,GY,,2023-Q1,,8.902439,,A,,,,,,,,2,
DATAFLOW,OECD.SDD.TPS:DSD_PRICES@DF_PRICES_ALL(1.0),,I,ITA,,Q,,N,,CPI,,PA,,_T,,N,,GY,,2023-Q2,,7.39521,,A,,,,,,,,2,
DATAFLOW,OECD.SDD.TPS:DSD_PRICES@DF_PRICES_ALL(1.0),,I,ITA,,Q,,N,,CPI,,PA,,_T,,N,,GY,,2023-Q3,,5.570214,,A,,,,,,,,2,
DATAFLOW,OECD.SDD.TPS:DSD_PRICES@DF_PRICES_ALL(1.0),,I,ITA,,Q,,N,,CPI,,PA,,_T,,N,,GY,,2023-Q4,,0.9836987,,A,,,,,,,,2,
DATAFLOW,OECD.SDD.TPS:DSD_PRICES@DF_PRICES_ALL(1.0),,I,ITA,,Q,,N,,CPI,,PA,,_T,,N,,GY,,2024-Q1,,0.9238522,,A,,,,,,,,2,
DATAFLOW,OECD.SDD.TPS:DSD_PRICES@DF_PRICES_ALL(1.0),,I,ITA,,Q,,N,,CPI,,PA,,_T,,N,,GY,,2024-Q2,,0.8084751,,A,,,,,,,,2,
DATAFLOW,OECD.SDD.TPS:DSD_PRICES@DF_PRICES_ALL(1.0),,I,ITA,,Q,,N,,CPI,,PA,,_T,,N,,GY,,2024-Q3,,1.027492,,A,,,,,,,,2,
DATAFLOW,OECD.SDD.TPS:DSD_PRICES@DF_PRICES_ALL(1.0),,I,ITA,,Q,,N,,CPI,,PA,,_T,,N,,GY,,2024-Q4,,1.16894,,A,,,,,,,,2,
DATAFLOW,OECD.SDD.TPS:DSD_PRICES@DF_PRICES_ALL(1.0),,I,ITA,,Q,,N,,CPI,,PA,,_T,,N,,GY,,2025-Q1,,1.664355,,A,,,,,,,,2,
DATAFLOW,OECD.SDD.TPS:DSD_PRICES@DF_PRICES_ALL(1.0),,I,ITA,,Q,,N,,CPI,,PA,,_T,,N,,GY,,2025-Q2,,1.714602,,A,,,,,,,,2,
DATAFLOW,OECD.SDD.TPS:DSD_PRICES@DF_PRICES_ALL(1.0),,I,ITA,,Q,,N,,CPI,,PA,,_T,,N,,GY,,2025-Q3,,1.594283,,A,,,,,,,,2,
DATAFLOW,OECD.SDD.TPS:DSD_PRICES@DF_PRICES_ALL(1.0),,I,ITA,,Q,,N,,CPI,,PA,,_T,,N,,GY,,2025-Q4,,1.155433,,A,,,,,,,,2,
DATAFLOW,OECD.SDD.TPS:DSD_PRICES@DF_PRICES_ALL(1.0),,I,LVA,,Q,,N,,CPI,,PA,,_T,,N,,GY,,1996-Q3,,17.10455,,A,,,,,,,,2,
DATAFLOW,OECD.SDD.TPS:DSD_PRICES@DF_PRICES_ALL(1.0),,I,LVA,,Q,,N,,CPI,,PA,,_T,,N,,GY,,1996-Q4,,14.38259,,A,,,,,,,,2,
DATAFLOW,OECD.SDD.TPS:DSD_PRICES@DF_PRICES_ALL(1.0),,I,LVA,,Q,,N,,CPI,,PA,,_T,,N,,GY,,1997-Q1,,9.941561,,A,,,,,,,,2,
DATAFLOW,OECD.SDD.TPS:DSD_PRICES@DF_PRICES_ALL(1.0),,I,LVA,,Q,,N,,CPI,,PA,,_T,,N,,GY,,1997-Q2,,8.465644,,A,,,,,,,,2,
DATAFLOW,OECD.SDD.TPS:DSD_PRICES@DF_PRICES_ALL(1.0),,I,LVA,,Q,,N,,CPI,,PA,,_T,,N,,GY,,1997-Q3,,8.12862,,A,,,,,,,,2,
DATAFLOW,OECD.SDD.TPS:DSD_PRICES@DF_PRICES_ALL(1.0),,I,LVA,,Q,,N,,CPI,,PA,,_T,,N,,GY,,1997-Q4,,7.342498,,A,,,,,,,,2,
DATAFLOW,OECD.SDD.TPS:DSD_PRICES@DF_PRICES_ALL(1.0),,I,LVA,,Q,,N,,CPI,,PA,,_T,,N,,GY,,1998-Q1,,6.157059,,A,,,,,,,,2,
DATAFLOW,OECD.SDD.TPS:DSD_PRICES@DF_PRICES_ALL(1.0),,I,LVA,,Q,,N,,CPI,,PA,,_T,,N,,GY,,1998-Q2,,5.774262,,A,,,,,,,,2,
DATAFLOW,OECD.SDD.TPS:DSD_PRICES@DF_PRICES_ALL(1.0),,I,LVA,,Q,,N,,CPI,,PA,,_T,,N,,GY,,1998-Q3,,3.909617,,A,,,,,,,,2,
DATAFLOW,OECD.SDD.TPS:DSD_PRICES@DF_PRICES_ALL(1.0),,I,LVA,,Q,,N,,CPI,,PA,,_T,,N,,GY,,1998-Q4,,2.816217,,A,,,,,,,,2,
DATAFLOW,OECD.SDD.TPS:DSD_PRICES@DF_PRICES_ALL(1.0),,I,LVA,,Q,,N,,CPI,,PA,,_T,,N,,GY,,1999-Q1,,2.545303,,A,,,,,,,,2,
DATAFLOW,OECD.SDD.TPS:DSD_PRICES@DF_PRICES_ALL(1.0),,I,LVA,,Q,,N,,CPI,,PA,,_T,,N,,GY,,1999-Q2,,1.754902,,A,,,,,,,,2,
DATAFLOW,OECD.SDD.TPS:DSD_PRICES@DF_PRICES_ALL(1.0),,I,LVA,,Q,,N,,CPI,,PA,,_T,,N,,GY,,1999-Q3,,2.061978,,A,,,,,,,,2,
DATAFLOW,OECD.SDD.TPS:DSD_PRICES@DF_PRICES_ALL(1.0),,I,LVA,,Q,,N,,CPI,,PA,,_T,,N,,GY,,1999-Q4,,3.099174,,A,,,,,,,,2,
DATAFLOW,OECD.SDD.TPS:DSD_PRICES@DF_PRICES_ALL(1.0),,I,LVA,,Q,,N,,CPI,,PA,,_T,,N,,GY,,2000-Q1,,3.266872,,A,,,,,,,,2,
DATAFLOW,OECD.SDD.TPS:DSD_PRICES@DF_PRICES_ALL(1.0),,I,LVA,,Q,,N,,CPI,,PA,,_T,,N,,GY,,2000-Q2,,3.078882,,A,,,,,,,,2,
DATAFLOW,OECD.SDD.TPS:DSD_PRICES@DF_PRICES_ALL(1.0),,I,LVA,,Q,,N,,CPI,,PA,,_T,,N,,GY,,2000-Q3,,2.496372,,A,,,,,,,,2,
DATAFLOW,OECD.SDD.TPS:DSD_PRICES@DF_PRICES_ALL(1.0),,I,LVA,,Q,,N,,CPI,,PA,,_T,,N,,GY,,2000-Q4,,1.78643,,A,,,,,,,,2,
DATAFLOW,OECD.SDD.TPS:DSD_PRICES@DF_PRICES_ALL(1.0),,I,LVA,,Q,,N,,CPI,,PA,,_T,,N,,GY,,2001-Q1,,1.114551,,A,,,,,,,,2,
DATAFLOW,OECD.SDD.TPS:DSD_PRICES@DF_PRICES_ALL(1.0),,I,LVA,,Q,,N,,CPI,,PA,,_T,,N,,GY,,2001-Q2,,2.346864,,A,,,,,,,,2,
DATAFLOW,OECD.SDD.TPS:DSD_PRICES@DF_PRICES_ALL(1.0),,I,LVA,,Q,,N,,CPI,,PA,,_T,,N,,GY,,2001-Q3,,3.27386,,A,,,,,,,,2,
DATAFLOW,OECD.SDD.TPS:DSD_PRICES@DF_PRICES_ALL(1.0),,I,LVA,,Q,,N,,CPI,,PA,,_T,,N,,GY,,2001-Q4,,3.217641,,A,,,,,,,,2,
DATAFLOW,OECD.SDD.TPS:DSD_PRICES@DF_PRICES_ALL(1.0),,I,LVA,,Q,,N,,CPI,,PA,,_T,,N,,GY,,2002-Q1,,3.306797,,A,,,,,,,,2,
DATAFLOW,OECD.SDD.TPS:DSD_PRICES@DF_PRICES_ALL(1.0),,I,LVA,,Q,,N,,CPI,,PA,,_T,,N,,GY,,2002-Q2,,1.969389,,A,,,,,,,,2,
DATAFLOW,OECD.SDD.TPS:DSD_PRICES@DF_PRICES_ALL(1.0),,I,LVA,,Q,,N,,CPI,,PA,,_T,,N,,GY,,2002-Q3,,0.9652827,,A,,,,,,,,2,
DATAFLOW,OECD.SDD.TPS:DSD_PRICES@DF_PRICES_ALL(1.0),,I,LVA,,Q,,N,,CPI,,PA,,_T,,N,,GY,,2002-Q4,,1.536868,,A,,,,,,,,2,
DATAFLOW,OECD.SDD.TPS:DSD_PRICES@DF_PRICES_ALL(1.0),,I,LVA,,Q,,N,,CPI,,PA,,_T,,N,,GY,,2003-Q1,,1.907636,,A,,,,,,,,2,
DATAFLOW,OECD.SDD.TPS:DSD_PRICES@DF_PRICES_ALL(1.0),,I,LVA,,Q,,N,,CPI,,PA,,_T,,N,,GY,,2003-Q2,,2.888961,,A,,,,,,,,2,
DATAFLOW,OECD.SDD.TPS:DSD_PRICES@DF_PRICES_ALL(1.0),,I,LVA,,Q,,N,,CPI,,PA,,_T,,N,,GY,,2003-Q3,,3.47656,,A,,,,,,,,2,
DATAFLOW,OECD.SDD.TPS:DSD_PRICES@DF_PRICES_ALL(1.0),,I,LVA,,Q,,N,,CPI,,PA,,_T,,N,,GY,,2003-Q4,,3.499544,,A,,,,,,,,2,
DATAFLOW,OECD.SDD.TPS:DSD_PRICES@DF_PRICES_ALL(1.0),,I,LVA,,Q,,N,,CPI,,PA,,_T,,N,,GY,,2004-Q1,,4.330813,,A,,,,,,,,2,
DATAFLOW,OECD.SDD.TPS:DSD_PRICES@DF_PRICES_ALL(1.0),,I,LVA,,Q,,N,,CPI,,PA,,_T,,N,,GY,,2004-Q2,,5.793464,,A,,,,,,,,2,
DATAFLOW,OECD.SDD.TPS:DSD_PRICES@DF_PRICES_ALL(1.0),,I,G7,,Q,,N,,CPI,,PA,,_T,,N,,GY,,2011-Q4,,2.714456,,A,,,,,,,,2,
DATAFLOW,OECD.SDD.TPS:DSD_PRICES@DF_PRICES_ALL(1.0),,I,G7,,Q,,N,,CPI,,PA,,_T,,N,,GY,,2012-Q1,,2.438017,,A,,,,,,,,2,
DATAFLOW,OECD.SDD.TPS:DSD_PRICES@DF_PRICES_ALL(1.0),,I,G7,,Q,,N,,CPI,,PA,,_T,,N,,GY,,2012-Q2,,1.801173,,A,,,,,,,,2,
DATAFLOW,OECD.SDD.TPS:DSD_PRICES@DF_PRICES_ALL(1.0),,I,G7,,Q,,N,,CPI,,PA,,_T,,N,,GY,,2012-Q3,,1.591491,,A,,,,,,,,2,
DATAFLOW,OECD.SDD.TPS:DSD_PRICES@DF_PRICES_ALL(1.0),,I,G7,,Q,,N,,CPI,,PA,,_T,,N,,GY,,2012-Q4,,1.648133,,A,,,,,,,,2,
DATAFLOW,OECD.SDD.TPS:DSD_PRICES@DF_PRICES_ALL(1.0),,I,G7,,Q,,N,,CPI,,PA,,_T,,N,,GY,,2013-Q1,,1.375069,,A,,,,,,,,2,
DATAFLOW,OECD.SDD.TPS:DSD_PRICES@DF_PRICES_ALL(1.0),,I,G7,,Q,,N,,CPI,,PA,,_T,,N,,GY,,2013-Q2,,1.188173,,A,,,,,,,,2,
DATAFLOW,OECD.SDD.TPS:DSD_PRICES@DF_PRICES_ALL(1.0),,I,G7,,Q,,N,,CPI,,PA,,_T,,N,,GY,,2013-Q3,,1.455858,,A,,,,,,,,2,
DATAFLOW,OECD.SDD.TPS:DSD_PRICES@DF_PRICES_ALL(1.0),,I,G7,,Q,,N,,CPI,,PA,,_T,,N,,GY,,2013-Q4,,1.236076,,A,,,,,,,,2,
DATAFLOW,OECD.SDD.TPS:DSD_PRICES@DF_PRICES_ALL(1.0),,I,G7,,Q,,N,,CPI,,PA,,_T,,N,,GY,,2014-Q1,,1.317036,,A,,,,,,,,2,
DATAFLOW,OECD.SDD.TPS:DSD_PRICES@DF_PRICES_ALL(1.0),,I,G7,,Q,,N,,CPI,,PA,,_T,,N,,GY,,2014-Q2,,1.949687,,A,,,,,,,,2,
DATAFLOW,OECD.SDD.TPS:DSD_PRICES@DF_PRICES_ALL(1.0),,I,G7,,Q,,N,,CPI,,PA,,_T,,N,,GY,,2014-Q3,,1.69916,,A,,,,,,,,2,
DATAFLOW,OECD.SDD.TPS:DSD_PRICES@DF_PRICES_ALL(1.0),,I,G7,,Q,,N,,CPI,,PA,,_T,,N,,GY,,2014-Q4,,1.239983,,A,,,,,,,,2,
DATAFLOW,OECD.SDD.TPS:DSD_PRICES@DF_PRICES_ALL(1.0),,I,G7,,Q,,N,,CPI,,PA,,_T,,N,,GY,,2015-Q1,,0.3069017,,A,,,,,,,,2,
DATAFLOW,OECD.SDD.TPS:DSD_PRICES@DF_PRICES_ALL(1.0),,I,G7,,Q,,N,,CPI,,PA,,_T,,N,,GY,,2015-Q2,,0.2266195,,A,,,,,,,,2,
DATAFLOW,OECD.SDD.TPS:DSD_PRICES@DF_PRICES_ALL(1.0),,I,G7,,Q,,N,,CPI,,PA,,_T,,N,,GY,,2015-Q3,,0.2329156,,A,,,,,,,,2,
DATAFLOW,OECD.SDD.TPS:DSD_PRICES@DF_PRICES_ALL(1.0),,I,G7,,Q,,N,,CPI,,PA,,_T,,N,,GY,,2015-Q4,,0.4223316,,A,,,,,,,,2,
DATAFLOW,OECD.SDD.TPS:DSD_PRICES@DF_PRICES_ALL(1.0),,I,G7,,Q,,N,,CPI,,PA,,_T,,N,,GY,,2016-Q1,,0.734892,,A,,,,,,,,2,
DATAFLOW,OECD.SDD.TPS:DSD_PRICES@DF_PRICES_ALL(1.0),,I,G7,,Q,,N,,CPI,,PA,,_T,,N,,GY,,2016-Q2,,0.6422221,,A,,,,,,,,2,
DATAFLOW,OECD.SDD.TPS:DSD_PRICES@DF_PRICES_ALL(1.0),,I,G7,,Q,,N,,CPI,,PA,,_T,,N,,GY,,2016-Q3,,0.7483534,,A,,,,,,,,2,
DATAFLOW,OECD.SDD.TPS:DSD_PRICES@DF_PRICES_ALL(1.0),,I,G7,,Q,,N,,CPI,,PA,,_T,,N,,GY,,2016-Q4,,1.337261,,A,,,,,,,,2,
DATAFLOW,OECD.SDD.TPS:DSD_PRICES@DF_PRICES_ALL(1.0),,I,G7,,Q,,N,,CPI,,PA,,_T,,N,,GY,,2017-Q1,,1.990251,,A,,,,,,,,2,
DATAFLOW,OECD.SDD.TPS:DSD_PRICES@DF_PRICES_ALL(1.0),,I,G7,,Q,,N,,CPI,,PA,,_T,,N,,GY,,2017-Q2,,1.619963,,A,,,,,,,,2,
DATAFLOW,OECD.SDD.TPS:DSD_PRICES@DF_PRICES_ALL(1.0),,I,G7,,Q,,N,,CPI,,PA,,_T,,N,,GY,,2017-Q3,,1.685618,,A,,,,,,,,2,
DATAFLOW,OECD.SDD.TPS:DSD_PRICES@DF_PRICES_ALL(1.0),,I,G7,,Q,,N,,CPI,,PA,,_T,,N,,GY,,2017-Q4,,1.77722,,A,,,,,,,,2,
DATAFLOW,OECD.SDD.TPS:DSD_PRICES@DF_PRICES_ALL(1.0),,I,G7,,Q,,N,,CPI,,PA,,_T,,N,,GY,,2018-Q1,,1.902792,,A,,,,,,,,2,
DATAFLOW,OECD.SDD.TPS:DSD_PRICES@DF_PRICES_ALL(1.0),,I,G7,,Q,,N,,CPI,,PA,,_T,,N,,GY,,2018-Q2,,2.195692,,A,,,,,,,,2,
DATAFLOW,OECD.SDD.TPS:DSD_PRICES@DF_PRICES_ALL(1.0),,I,G7,,Q,,N,,CPI,,PA,,_T,,N,,GY,,2018-Q3,,2.291043,,A,,,,,,,,2,
DATAFLOW,OECD.SDD.TPS:DSD_PRICES@DF_PRICES_ALL(1.0),,I,G7,,Q,,N,,CPI,,PA,,_T,,N,,GY,,2018-Q4,,1.958924,,A,,,,,,,,2,
DATAFLOW,OECD.SDD.TPS:DSD_PRICES@DF_PRICES_ALL(1.0),,I,G7,,Q,,N,,CPI,,PA,,_T,,N,,GY,,2019-Q1,,1.415674,,A,,,,,,,,2,
DATAFLOW,OECD.SDD.TPS:DSD_PRICES@DF_PRICES_ALL(1.0),,I,G7,,Q,,N,,CPI,,PA,,_T,,N,,GY,,2019-Q2,,1.609463,,A,,,,,,,,2,
DATAFLOW,OECD.SDD.TPS:DSD_PRICES@DF_PRICES_ALL(1.0),,I,G7,,Q,,N,,CPI,,PA,,_T,,N,,GY,,2019-Q3,,1.459885,,A,,,,,,,,2,
DATAFLOW,OECD.SDD.TPS:DSD_PRICES@DF_PRICES_ALL(1.0),,I,G7,,Q,,N,,CPI,,PA,,_T,,N,,GY,,2019-Q4,,1.593978,,A,,,,,,,,2,
DATAFLOW,OECD.SDD.TPS:DSD_PRICES@DF_PRICES_ALL(1.0),,I,G7,,Q,,N,,CPI,,PA,,_T,,N,,GY,,2020-Q1,,1.705798,,A,,,,,,,,2,
DATAFLOW,OECD.SDD.TPS:DSD_PRICES@DF_PRICES_ALL(1.0),,I,G7,,Q,,N,,CPI,,PA,,_T,,N,,GY,,2020-Q2,,0.3314021,,A,,,,,,,,2,
DATAFLOW,OECD.SDD.TPS:DSD_PRICES@DF_PRICES_ALL(1.0),,I,G7,,Q,,N,,CPI,,PA,,_T,,N,,GY,,2020-Q3,,0.6696936,,A,,,,,,,,2,
DATAFLOW,OECD.SDD.TPS:DSD_PRICES@DF_PRICES_ALL(1.0),,I,G7,,Q,,N,,CPI,,PA,,_T,,N,,GY,,2020-Q4,,0.6334235,,A,,,,,,,,2,
DATAFLOW,OECD.SDD.TPS:DSD_PRICES@DF_PRICES_ALL(1.0),,I,G7,,Q,,N,,CPI,,PA,,_T,,N,,GY,,2021-Q1,,1.372963,,A,,,,,,,,2,
DATAFLOW,OECD.SDD.TPS:DSD_PRICES@DF_PRICES_ALL(1.0),,I,G7,,Q,,N,,CPI,,PA,,_T,,N,,GY,,2021-Q2,,3.328997,,A,,,,,,,,2,
DATAFLOW,OECD.SDD.TPS:DSD_PRICES@DF_PRICES_ALL(1.0),,I,G7,,Q,,N,,CPI,,PA,,_T,,N,,GY,,2021-Q3,,3.98596,,A,,,,,,,,2,
DATAFLOW,OECD.SDD.TPS:DSD_PRICES@DF_PRICES_ALL(1.0),,I,G7,,Q,,N,,CPI,,PA,,_T,,N,,GY,,2021-Q4,,5.199845,,A,,,,,,,,2,
DATAFLOW,OECD.SDD.TPS:DSD_PRICES@DF_PRICES_ALL(1.0),,I,G7,,Q,,N,,CPI,,PA,,_T,,N,,GY,,2022-Q1,,6.27696,,A,,,,,,,,2,
DATAFLOW,OECD.SDD.TPS:DSD_PRICES@DF_PRICES_ALL(1.0),,I,G7,,Q,,N,,CPI,,PA,,_T,,N,,GY,,2022-Q2,,7.41816,,A,,,,,,,,2,
DATAFLOW,OECD.SDD.TPS:DSD_PRICES@DF_PRICES_ALL(1.0),,I,G7,,Q,,N,,CPI,,PA,,_T,,N,,GY,,2022-Q3,,7.519104,,A,,,,,,,,2,
DATAFLOW,OECD.SDD.TPS:DSD_PRICES@DF_PRICES_ALL(1.0),,I,G7,,Q,,N,,CPI,,PA,,_T,,N,,GY,,2022-Q4,,7.234812,,A,,,,,,,,2,
DATAFLOW,OECD.SDD.TPS:DSD_PRICES@DF_PRICES_ALL(1.0),,I,G7,,Q,,N,,CPI,,PA,,_T,,N,,GY,,2023-Q1,,6.17033,,A,,,,,,,,2,
DATAFLOW,OECD.SDD.TPS:DSD_PRICES@DF_PRICES_ALL(1.0),,I,G7,,Q,,N,,CPI,,PA,,_T,,N,,GY,,2023-Q2,,4.639494,,A,,,,,,,,2,
DATAFLOW,OECD.SDD.TPS:DSD_PRICES@DF_PRICES_ALL(1.0),,I,G7,,Q,,N,,CPI,,PA,,_T,,N,,GY,,2023-Q3,,4.047239,,A,,,,,,,,2,
DATAFLOW,OECD.SDD.TPS:DSD_PRICES@DF_PRICES_ALL(1.0),,I,G7,,Q,,N,,CPI,,PA,,_T,,N,,GY,,2023-Q4,,3.217944,,A,,,,,,,,2,
DATAFLOW,OECD.SDD.TPS:DSD_PRICES@DF_PRICES_ALL(1.0),,I,G7,,Q,,N,,CPI,,PA,,_T,,N,,GY,,2024-Q1,,2.97118,,A,,,,,,,,2,
DATAFLOW,OECD.SDD.TPS:DSD_PRICES@DF_PRICES_ALL(1.0),,I,G7,,Q,,N,,CPI,,PA,,_T,,N,,GY,,2024-Q2,,2.817831,,A,,,,,,,,2,
DATAFLOW,OECD.SDD.TPS:DSD_PRICES@DF_PRICES_ALL(1.0),,I,G7,,Q,,N,,CPI,,PA,,_T,,N,,GY,,2024-Q3,,2.416881,,A,,,,,,,,2,
DATAFLOW,OECD.SDD.TPS:DSD_PRICES@DF_PRICES_ALL(1.0),,I,G7,,Q,,N,,CPI,,PA,,_T,,N,,GY,,2024-Q4,,2.54925,,A,,,,,,,,2,
DATAFLOW,OECD.SDD.TPS:DSD_PRICES@DF_PRICES_ALL(1.0),,I,ARG,,Q,,N,,CPI,,PA,,_T,,N,,GY,,2018-Q1,,25.28272,,A,,,,,,,,2,
DATAFLOW,OECD.SDD.TPS:DSD_PRICES@DF_PRICES_ALL(1.0),,I,ARG,,Q,,N,,CPI,,PA,,_T,,N,,GY,,2018-Q2,,27.10209,,A,,,,,,,,2,
DATAFLOW,OECD.SDD.TPS:DSD_PRICES@DF_PRICES_ALL(1.0),,I,ARG,,Q,,N,,CPI,,PA,,_T,,N,,GY,,2018-Q3,,35.44432,,A,,,,,,,,2,
DATAFLOW,OECD.SDD.TPS:DSD_PRICES@DF_PRICES_ALL(1.0),,I,ARG,,Q,,N,,CPI,,PA,,_T,,N,,GY,,2018-Q4,,47.35109,,A,,,,,,,,2,
DATAFLOW,OECD.SDD.TPS:DSD_PRICES@DF_PRICES_ALL(1.0),,I,ARG,,Q,,N,,CPI,,PA,,_T,,N,,GY,,2019-Q1,,51.81601,,A,,,,,,,,2,
DATAFLOW,OECD.SDD.TPS:DSD_PRICES@DF_PRICES_ALL(1.0),,I,ARG,,Q,,N,,CPI,,PA,,_T,,N,,GY,,2019-Q2,,56.2779,,A,,,,,,,,2,
DATAFLOW,OECD.SDD.TPS:DSD_PRICES@DF_PRICES_ALL(1.0),,I,ARG,,Q,,N,,CPI,,PA,,_T,,N,,GY,,2019-Q3,,54.12114,,A,,,,,,,,2,
DATAFLOW,OECD.SDD.TPS:DSD_PRICES@DF_PRICES_ALL(1.0),,I,ARG,,Q,,N,,CPI,,PA,,_T,,N,,GY,,2019-Q4,,52.16789,,A,,,,,,,,2,
DATAFLOW,OECD.SDD.TPS:DSD_PRICES@DF_PRICES_ALL(1.0),,I,ARG,,Q,,N,,CPI,,PA,,_T,,N,,GY,,2020-Q1,,50.43414,,A,,,,,,,,2,
DATAFLOW,OECD.SDD.TPS:DSD_PRICES@DF_PRICES_ALL(1.0),,I,ARG,,Q,,N,,CPI,,PA,,_T,,N,,GY,,2020-Q2,,43.8875,,A,,,,,,,,2,
DATAFLOW,OECD.SDD.TPS:DSD_PRICES@DF_PRICES_ALL(1.0),,I,ARG,,Q,,N,,CPI,,PA,,_T,,N,,GY,,2020-Q3,,39.79948,,A,,,,,,,,2,
DATAFLOW,OECD.SDD.TPS:DSD_PRICES@DF_PRICES_ALL(1.0),,I,ARG,,Q,,N,,CPI,,PA,,_T,,N,,GY,,2020-Q4,,36.37781,,A,,,,,,,,2,
DATAFLOW,OECD.SDD.TPS:DSD_PRICES@DF_PRICES_ALL(1.0),,I,ARG,,Q,,N,,CPI,,PA,,_T,,N,,GY,,2021-Q1,,40.6471,,A,,,,,,,,2,
DATAFLOW,OECD.SDD.TPS:DSD_PRICES@DF_PRICES_ALL(1.0),,I,ARG,,Q,,N,,CPI,,PA,,_T,,N,,GY,,2021-Q2,,48.46569,,A,,,,,,,,2,
DATAFLOW,OECD.SDD.TPS:DSD_PRICES@DF_PRICES_ALL(1.0),,I,ARG,,Q,,N,,CPI,,PA,,_T,,N,,GY,,2021-Q3,,51.89367,,A,,,,,,,,2,
DATAFLOW,OECD.SDD.TPS:DSD_PRICES@DF_PRICES_ALL(1.0),,I,ARG,,Q,,N,,CPI,,PA,,_T,,N,,GY,,2021-Q4,,51.39849,,A,,,,,,,,2,
DATAFLOW,OECD.SDD.TPS:DSD_PRICES@DF_PRICES_ALL(1.0),,I,ARG,,Q,,N,,CPI,,PA,,_T,,N,,GY,,2022-Q1,,52.76676,,A,,,,,,,,2,
DATAFLOW,OECD.SDD.TPS:DSD_PRICES@DF_PRICES_ALL(1.0),,I,ARG,,Q,,N,,CPI,,PA,,_T,,N,,GY,,2022-Q2,,60.96348,,A,,,,,,,,2,
DATAFLOW,OECD.SDD.TPS:DSD_PRICES@DF_PRICES_ALL(1.0),,I,ARG,,Q,,N,,CPI,,PA,,_T,,N,,GY,,2022-Q3,,77.63295,,A,,,,,,,,2,
DATAFLOW,OECD.SDD.TPS:DSD_PRICES@DF_PRICES_ALL(1.0),,I,ARG,,Q,,N,,CPI,,PA,,_T,,N,,GY,,2022-Q4,,91.81641,,A,,,,,,,,2,
DATAFLOW,OECD.SDD.TPS:DSD_PRICES@DF_PRICES_ALL(1.0),,I,ARG,,Q,,N,,CPI,,PA,,_T,,N,,GY,,2023-Q1,,101.9746,,A,,,,,,,,2,
DATAFLOW,OECD.SDD.TPS:DSD_PRICES@DF_PRICES_ALL(1.0),,I,ARG,,Q,,N,,CPI,,PA,,_T,,N,,GY,,2023-Q2,,112.9992,,A,,,,,,,,2,
DATAFLOW,OECD.SDD.TPS:DSD_PRICES@DF_PRICES_ALL(1.0),,I,ARG,,Q,,N,,CPI,,PA,,_T,,N,,GY,,2023-Q3,,125.8915,,A,,,,,,,,2,
DATAFLOW,OECD.SDD.TPS:DSD_PRICES@DF_PRICES_ALL(1.0),,I,ARG,,Q,,N,,CPI,,PA,,_T,,N,,GY,,2023-Q4,,172.7935,,A,,,,,,,,2,
DATAFLOW,OECD.SDD.TPS:DSD_PRICES@DF_PRICES_ALL(1.0),,I,ARG,,Q,,N,,CPI,,PA,,_T,,N,,GY,,2024-Q1,,273.5449,,A,,,,,,,,2,
DATAFLOW,OECD.SDD.TPS:DSD_PRICES@DF_PRICES_ALL(1.0),,I,ARG,,Q,,N,,CPI,,PA,,_T,,N,,GY,,2024-Q2,,278.7154,,A,,,,,,,,2,
DATAFLOW,OECD.SDD.TPS:DSD_PRICES@DF_PRICES_ALL(1.0),,I,ARG,,Q,,N,,CPI,,PA,,_T,,N,,GY,,2024-Q3,,234.238,,A,,,,,,,,2,
DATAFLOW,OECD.SDD.TPS:DSD_PRICES@DF_PRICES_ALL(1.0),,I,ARG,,Q,,N,,CPI,,PA,,_T,,N,,GY,,2024-Q4,,154.359,,A,,,,,,,,2,
DATAFLOW,OECD.SDD.TPS:DSD_PRICES@DF_PRICES_ALL(1.0),,I,ARG,,Q,,N,,CPI,,PA,,_T,,N,,GY,,2025-Q1,,68.02644,,A,,,,,,,,2,
DATAFLOW,OECD.SDD.TPS:DSD_PRICES@DF_PRICES_ALL(1.0),,I,ARG,,Q,,N,,CPI,,PA,,_T,,N,,GY,,2025-Q2,,43.27428,,A,,,,,,,,2,
DATAFLOW,OECD.SDD.TPS:DSD_PRICES@DF_PRICES_ALL(1.0),,I,ARG,,Q,,N,,CPI,,PA,,_T,,N,,GY,,2025-Q3,,33.89964,,A,,,,,,,,2,
DATAFLOW,OECD.SDD.TPS:DSD_PRICES@DF_PRICES_ALL(1.0),,I,ARG,,Q,,N,,CPI,,PA,,_T,,N,,GY,,2025-Q4,,31.41062,,A,,,,,,,,2,
DATAFLOW,OECD.SDD.TPS:DSD_PRICES@DF_PRICES_ALL(1.0),,I,ARG,,Q,,N,,CPI,,PA,,_T,,N,,GY,,2026-Q1,,32.69115,,A,,,,,,,,2,
DATAFLOW,OECD.SDD.TPS:DSD_PRICES@DF_PRICES_ALL(1.0),,I,HRV,,Q,,N,,CPI,,PA,,_T,,N,,GY,,1999-Q1,,4,,A,,,,,,,,2,
DATAFLOW,OECD.SDD.TPS:DSD_PRICES@DF_PRICES_ALL(1.0),,I,HRV,,Q,,N,,CPI,,PA,,_T,,N,,GY,,1999-Q2,,3.666667,,A,,,,,,,,2,
DATAFLOW,OECD.SDD.TPS:DSD_PRICES@DF_PRICES_ALL(1.0),,I,HRV,,Q,,N,,CPI,,PA,,_T,,N,,GY,,1999-Q3,,4.4,,A,,,,,,,,2,
DATAFLOW,OECD.SDD.TPS:DSD_PRICES@DF_PRICES_ALL(1.0),,I,HRV,,Q,,N,,CPI,,PA,,_T,,N,,GY,,1999-Q4,,3.966667,,A,,,,,,,,2,
DATAFLOW,OECD.SDD.TPS:DSD_PRICES@DF_PRICES_ALL(1.0),,I,HRV,,Q,,N,,CPI,,PA,,_T,,N,,GY,,2000-Q1,,3.833333,,A,,,,,,,,2,
DATAFLOW,OECD.SDD.TPS:DSD_PRICES@DF_PRICES_ALL(1.0),,I,HRV,,Q,,N,,CPI,,PA,,_T,,N,,GY,,2000-Q2,,4.166667,,A,,,,,,,,2,
DATAFLOW,OECD.SDD.TPS:DSD_PRICES@DF_PRICES_ALL(1.0),,I,HRV,,Q,,N,,CPI,,PA,,_T,,N,,GY,,2000-Q3,,4.966667,,A,,,,,,,,2,
DATAFLOW,OECD.SDD.TPS:DSD_PRICES@DF_PRICES_ALL(1.0),,I,HRV,,Q,,N,,CPI,,PA,,_T,,N,,GY,,2000-Q4,,5.5,,A,,,,,,,,2,
DATAFLOW,OECD.SDD.TPS:DSD_PRICES@DF_PRICES_ALL(1.0),,I,EA20,,Q,,N,,CPI,,PA,,_T,,N,,GY,,1996-Q3,,2.196336,,A,,,,,,,,2,
DATAFLOW,OECD.SDD.TPS:DSD_PRICES@DF_PRICES_ALL(1.0),,I,EA20,,Q,,N,,CPI,,PA,,_T,,N,,GY,,1996-Q4,,2.177206,,A,,,,,,,,2,
DATAFLOW,OECD.SDD.TPS:DSD_PRICES@DF_PRICES_ALL(1.0),,I,EA20,,Q,,N,,CPI,,PA,,_T,,N,,GY,,1997-Q1,,1.951725,,A,,,,,,,,2,
DATAFLOW,OECD.SDD.TPS:DSD_PRICES@DF_PRICES_ALL(1.0),,I,EA20,,Q,,N,,CPI,,PA,,_T,,N,,GY,,1997-Q2,,1.487441,,A,,,,,,,,2,
DATAFLOW,OECD.SDD.TPS:DSD_PRICES@DF_PRICES_ALL(1.0),,I,EA20,,Q,,N,,CPI,,PA,,_T,,N,,GY,,1997-Q3,,1.714793,,A,,,,,,,,2,
DATAFLOW,OECD.SDD.TPS:DSD_PRICES@DF_PRICES_ALL(1.0),,I,EA20,,Q,,N,,CPI,,PA,,_T,,N,,GY,,1997-Q4,,1.666822,,A,,,,,,,,2,
DATAFLOW,OECD.SDD.TPS:DSD_PRICES@DF_PRICES_ALL(1.0),,I,EA20,,Q,,N,,CPI,,PA,,_T,,N,,GY,,1998-Q1,,1.230001,,A,,,,,,,,2,
DATAFLOW,OECD.SDD.TPS:DSD_PRICES@DF_PRICES_ALL(1.0),,I,EA20,,Q,,N,,CPI,,PA,,_T,,N,,GY,,1998-Q2,,1.479467,,A,,,,,,,,2,
DATAFLOW,OECD.SDD.TPS:DSD_PRICES@DF_PRICES_ALL(1.0),,I,EA20,,Q,,N,,CPI,,PA,,_T,,N,,GY,,1998-Q3,,1.258671,,A,,,,,,,,2,
DATAFLOW,OECD.SDD.TPS:DSD_PRICES@DF_PRICES_ALL(1.0),,I,EA20,,Q,,N,,CPI,,PA,,_T,,N,,GY,,1998-Q4,,0.9296575,,A,,,,,,,,2,
DATAFLOW,OECD.SDD.TPS:DSD_PRICES@DF_PRICES_ALL(1.0),,I,EA20,,Q,,N,,CPI,,PA,,_T,,N,,GY,,1999-Q1,,0.90444,,A,,,,,,,,2,
DATAFLOW,OECD.SDD.TPS:DSD_PRICES@DF_PRICES_ALL(1.0),,I,EA20,,Q,,N,,CPI,,PA,,_T,,N,,GY,,1999-Q2,,1.021891,,A,,,,,,,,2,
DATAFLOW,OECD.SDD.TPS:DSD_PRICES@DF_PRICES_ALL(1.0),,I,EA20,,Q,,N,,CPI,,PA,,_T,,N,,GY,,1999-Q3,,1.184049,,A,,,,,,,,2,
DATAFLOW,OECD.SDD.TPS:DSD_PRICES@DF_PRICES_ALL(1.0),,I,EA20,,Q,,N,,CPI,,PA,,_T,,N,,GY,,2000-Q1,,2.005636,,A,,,,,,,,2,
DATAFLOW,OECD.SDD.TPS:DSD_PRICES@DF_PRICES_ALL(1.0),,I,EA20,,Q,,N,,CPI,,PA,,_T,,N,,GY,,2000-Q2,,1.96072,,A,,,,,,,,2,
DATAFLOW,OECD.SDD.TPS:DSD_PRICES@DF_PRICES_ALL(1.0),,I,EA20,,Q,,N,,CPI,,PA,,_T,,N,,GY,,2000-Q3,,2.265031,,A,,,,,,,,2,
DATAFLOW,OECD.SDD.TPS:DSD_PRICES@DF_PRICES_ALL(1.0),,I,EA20,,Q,,N,,CPI,,PA,,_T,,N,,GY,,2000-Q4,,2.529457,,A,,,,,,,,2,
DATAFLOW,OECD.SDD.TPS:DSD_PRICES@DF_PRICES_ALL(1.0),,I,EA20,,Q,,N,,CPI,,PA,,_T,,N,,GY,,2001-Q1,,2.157986,,A,,,,,,,,2,
DATAFLOW,OECD.SDD.TPS:DSD_PRICES@DF_PRICES_ALL(1.0),,I,EA20,,Q,,N,,CPI,,PA,,_T,,N,,GY,,2001-Q2,,2.955839,,A,,,,,,,,2,
DATAFLOW,OECD.SDD.TPS:DSD_PRICES@DF_PRICES_ALL(1.0),,I,EA20,,Q,,N,,CPI,,PA,,_T,,N,,GY,,2001-Q3,,2.434531,,A,,,,,,,,2,
DATAFLOW,OECD.SDD.TPS:DSD_PRICES@DF_PRICES_ALL(1.0),,I,EA20,,Q,,N,,CPI,,PA,,_T,,N,,GY,,2001-Q4,,2.144632,,A,,,,,,,,2,
DATAFLOW,OECD.SDD.TPS:DSD_PRICES@DF_PRICES_ALL(1.0),,I,EA20,,Q,,N,,CPI,,PA,,_T,,N,,GY,,2002-Q1,,2.56009,,A,,,,,,,,2,
DATAFLOW,OECD.SDD.TPS:DSD_PRICES@DF_PRICES_ALL(1.0),,I,EA20,,Q,,N,,CPI,,PA,,_T,,N,,GY,,2002-Q2,,2.112525,,A,,,,,,,,2,
DATAFLOW,OECD.SDD.TPS:DSD_PRICES@DF_PRICES_ALL(1.0),,I,EA20,,Q,,N,,CPI,,PA,,_T,,N,,GY,,2002-Q3,,2.106886,,A,,,,,,,,2,
DATAFLOW,OECD.SDD.TPS:DSD_PRICES@DF_PRICES_ALL(1.0),,I,EA20,,Q,,N,,CPI,,PA,,_T,,N,,GY,,2002-Q4,,2.300175,,A,,,,,,,,2,
DATAFLOW,OECD.SDD.TPS:DSD_PRICES@DF_PRICES_ALL(1.0),,I,EA20,,Q,,N,,CPI,,PA,,_T,,N,,GY,,2003-Q1,,2.31819,,A,,,,,,,,2,
DATAFLOW,OECD.SDD.TPS:DSD_PRICES@DF_PRICES_ALL(1.0),,I,EA20,,Q,,N,,CPI,,PA,,_T,,N,,GY,,2003-Q2,,1.997482,,A,,,,,,,,2,
DATAFLOW,OECD.SDD.TPS:DSD_PRICES@DF_PRICES_ALL(1.0),,I,EA20,,Q,,N,,CPI,,PA,,_T,,N,,GY,,2003-Q3,,2.0718,,A,,,,,,,,2,
DATAFLOW,OECD.SDD.TPS:DSD_PRICES@DF_PRICES_ALL(1.0),,I,EA20,,Q,,N,,CPI,,PA,,_T,,N,,GY,,2003-Q4,,2.098281,,A,,,,,,,,2,
DATAFLOW,OECD.SDD.TPS:DSD_PRICES@DF_PRICES_ALL(1.0),,I,EA20,,Q,,N,,CPI,,PA,,_T,,N,,GY,,2004-Q1,,1.743777,,A,,,,,,,,2,
DATAFLOW,OECD.SDD.TPS:DSD_PRICES@DF_PRICES_ALL(1.0),,I,EA20,,Q,,N,,CPI,,PA,,_T,,N,,GY,,2004-Q2,,2.324529,,A,,,,,,,,2,
DATAFLOW,OECD.SDD.TPS:DSD_PRICES@DF_PRICES_ALL(1.0),,I,EA20,,Q,,N,,CPI,,PA,,_T,,N,,GY,,2004-Q3,,2.29682,,A,,,,,,,,2,
DATAFLOW,OECD.SDD.TPS:DSD_PRICES@DF_PRICES_ALL(1.0),,I,EA20,,Q,,N,,CPI,,PA,,_T,,N,,GY,,2004-Q4,,2.341164,,A,,,,,,,,2,
DATAFLOW,OECD.SDD.TPS:DSD_PRICES@DF_PRICES_ALL(1.0),,I,EA20,,Q,,N,,CPI,,PA,,_T,,N,,GY,,2005-Q1,,2.072138,,A,,,,,,,,2,
DATAFLOW,OECD.SDD.TPS:DSD_PRICES@DF_PRICES_ALL(1.0),,I,EA20,,Q,,N,,CPI,,PA,,_T,,N,,GY,,2005-Q2,,2.04656,,A,,,,,,,,2,
DATAFLOW,OECD.SDD.TPS:DSD_PRICES@DF_PRICES_ALL(1.0),,I,EA20,,Q,,N,,CPI,,PA,,_T,,N,,GY,,2005-Q3,,2.313532,,A,,,,,,,,2,
DATAFLOW,OECD.SDD.TPS:DSD_PRICES@DF_PRICES_ALL(1.0),,I,EA20,,Q,,N,,CPI,,PA,,_T,,N,,GY,,2005-Q4,,2.35947,,A,,,,,,,,2,
DATAFLOW,OECD.SDD.TPS:DSD_PRICES@DF_PRICES_ALL(1.0),,I,EA20,,Q,,N,,CPI,,PA,,_T,,N,,GY,,2006-Q1,,2.353129,,A,,,,,,,,2,
DATAFLOW,OECD.SDD.TPS:DSD_PRICES@DF_PRICES_ALL(1.0),,I,EA20,,Q,,N,,CPI,,PA,,_T,,N,,GY,,2006-Q2,,2.49015,,A,,,,,,,,2,
DATAFLOW,OECD.SDD.TPS:DSD_PRICES@DF_PRICES_ALL(1.0),,I,EA20,,Q,,N,,CPI,,PA,,_T,,N,,GY,,2006-Q3,,2.198406,,A,,,,,,,,2,
DATAFLOW,OECD.SDD.TPS:DSD_PRICES@DF_PRICES_ALL(1.0),,I,EA20,,Q,,N,,CPI,,PA,,_T,,N,,GY,,2006-Q4,,1.805843,,A,,,,,,,,2,
DATAFLOW,OECD.SDD.TPS:DSD_PRICES@DF_PRICES_ALL(1.0),,I,EA20,,Q,,N,,CPI,,PA,,_T,,N,,GY,,2007-Q1,,1.90157,,A,,,,,,,,2,
DATAFLOW,OECD.SDD.TPS:DSD_PRICES@DF_PRICES_ALL(1.0),,I,EA20,,Q,,N,,CPI,,PA,,_T,,N,,GY,,2007-Q2,,1.914501,,A,,,,,,,,2,
DATAFLOW,OECD.SDD.TPS:DSD_PRICES@DF_PRICES_ALL(1.0),,I,EA20,,Q,,N,,CPI,,PA,,_T,,N,,GY,,2007-Q3,,1.916798,,A,,,,,,,,2,
DATAFLOW,OECD.SDD.TPS:DSD_PRICES@DF_PRICES_ALL(1.0),,I,EA20,,Q,,N,,CPI,,PA,,_T,,N,,GY,,2007-Q4,,2.946134,,A,,,,,,,,2,
DATAFLOW,OECD.SDD.TPS:DSD_PRICES@DF_PRICES_ALL(1.0),,I,EA20,,Q,,N,,CPI,,PA,,_T,,N,,GY,,2008-Q1,,3.426255,,A,,,,,,,,2,
DATAFLOW,OECD.SDD.TPS:DSD_PRICES@DF_PRICES_ALL(1.0),,I,EA20,,Q,,N,,CPI,,PA,,_T,,N,,GY,,2008-Q2,,3.719351,,A,,,,,,,,2,
DATAFLOW,OECD.SDD.TPS:DSD_PRICES@DF_PRICES_ALL(1.0),,I,EA20,,Q,,N,,CPI,,PA,,_T,,N,,GY,,2008-Q3,,3.934871,,A,,,,,,,,2,
DATAFLOW,OECD.SDD.TPS:DSD_PRICES@DF_PRICES_ALL(1.0),,I,EA20,,Q,,N,,CPI,,PA,,_T,,N,,GY,,2008-Q4,,2.363142,,A,,,,,,,,2,
DATAFLOW,OECD.SDD.TPS:DSD_PRICES@DF_PRICES_ALL(1.0),,I,EA20,,Q,,N,,CPI,,PA,,_T,,N,,GY,,2009-Q1,,1.035235,,A,,,,,,,,2,
DATAFLOW,OECD.SDD.TPS:DSD_PRICES@DF_PRICES_ALL(1.0),,I,EA20,,Q,,N,,CPI,,PA,,_T,,N,,GY,,2009-Q2,,0.2182136,,A,,,,,,,,2,
DATAFLOW,OECD.SDD.TPS:DSD_PRICES@DF_PRICES_ALL(1.0),,I,EA20,,Q,,N,,CPI,,PA,,_T,,N,,GY,,2009-Q3,,-0.3517551,,A,,,,,,,,2,
DATAFLOW,OECD.SDD.TPS:DSD_PRICES@DF_PRICES_ALL(1.0),,I,EA20,,Q,,N,,CPI,,PA,,_T,,N,,GY,,2009-Q4,,0.4289973,,A,,,,,,,,2,
DATAFLOW,OECD.SDD.TPS:DSD_PRICES@DF_PRICES_ALL(1.0),,I,EA20,,Q,,N,,CPI,,PA,,_T,,N,,GY,,2010-Q1,,1.101475,,A,,,,,,,,2,
DATAFLOW,OECD.SDD.TPS:DSD_PRICES@DF_PRICES_ALL(1.0),,I,EA20,,Q,,N,,CPI,,PA,,_T,,N,,GY,,2010-Q2,,1.589491,,A,,,,,,,,2,
DATAFLOW,OECD.SDD.TPS:DSD_PRICES@DF_PRICES_ALL(1.0),,I,EA20,,Q,,N,,CPI,,PA,,_T,,N,,GY,,2010-Q3,,1.717675,,A,,,,,,,,2,
DATAFLOW,OECD.SDD.TPS:DSD_PRICES@DF_PRICES_ALL(1.0),,I,EA20,,Q,,N,,CPI,,PA,,_T,,N,,GY,,2010-Q4,,2.027223,,A,,,,,,,,2,
DATAFLOW,OECD.SDD.TPS:DSD_PRICES@DF_PRICES_ALL(1.0),,I,EA20,,Q,,N,,CPI,,PA,,_T,,N,,GY,,2011-Q1,,2.475749,,A,,,,,,,,2,
DATAFLOW,OECD.SDD.TPS:DSD_PRICES@DF_PRICES_ALL(1.0),,I,EA20,,Q,,N,,CPI,,PA,,_T,,N,,GY,,2011-Q2,,2.754162,,A,,,,,,,,2,
DATAFLOW,OECD.SDD.TPS:DSD_PRICES@DF_PRICES_ALL(1.0),,I,EA20,,Q,,N,,CPI,,PA,,_T,,N,,GY,,2011-Q3,,2.704733,,A,,,,,,,,2,
DATAFLOW,OECD.SDD.TPS:DSD_PRICES@DF_PRICES_ALL(1.0),,I,EA20,,Q,,N,,CPI,,PA,,_T,,N,,GY,,2011-Q4,,2.937837,,A,,,,,,,,2,
DATAFLOW,OECD.SDD.TPS:DSD_PRICES@DF_PRICES_ALL(1.0),,I,EA20,,Q,,N,,CPI,,PA,,_T,,N,,GY,,2012-Q1,,2.684374,,A,,,,,,,,2,
DATAFLOW,OECD.SDD.TPS:DSD_PRICES@DF_PRICES_ALL(1.0),,I,EA20,,Q,,N,,CPI,,PA,,_T,,N,,GY,,2012-Q2,,2.468277,,A,,,,,,,,2,
DATAFLOW,OECD.SDD.TPS:DSD_PRICES@DF_PRICES_ALL(1.0),,I,EA20,,Q,,N,,CPI,,PA,,_T,,N,,GY,,2012-Q3,,2.549901,,A,,,,,,,,2,
DATAFLOW,OECD.SDD.TPS:DSD_PRICES@DF_PRICES_ALL(1.0),,I,EA20,,Q,,N,,CPI,,PA,,_T,,N,,GY,,2012-Q4,,2.312836,,A,,,,,,,,2,
DATAFLOW,OECD.SDD.TPS:DSD_PRICES@DF_PRICES_ALL(1.0),,I,EA20,,Q,,N,,CPI,,PA,,_T,,N,,GY,,2013-Q1,,1.867777,,A,,,,,,,,2,
DATAFLOW,OECD.SDD.TPS:DSD_PRICES@DF_PRICES_ALL(1.0),,I,EA20,,Q,,N,,CPI,,PA,,_T,,N,,GY,,2013-Q2,,1.40458,,A,,,,,,,,2,
DATAFLOW,OECD.SDD.TPS:DSD_PRICES@DF_PRICES_ALL(1.0),,I,EA20,,Q,,N,,CPI,,PA,,_T,,N,,GY,,2013-Q3,,1.345154,,A,,,,,,,,2,
DATAFLOW,OECD.SDD.TPS:DSD_PRICES@DF_PRICES_ALL(1.0),,I,EA20,,Q,,N,,CPI,,PA,,_T,,N,,GY,,2013-Q4,,0.8119125,,A,,,,,,,,2,
DATAFLOW,OECD.SDD.TPS:DSD_PRICES@DF_PRICES_ALL(1.0),,I,EA20,,Q,,N,,CPI,,PA,,_T,,N,,GY,,2014-Q1,,0.6415668,,A,,,,,,,,2,
DATAFLOW,OECD.SDD.TPS:DSD_PRICES@DF_PRICES_ALL(1.0),,I,EA20,,Q,,N,,CPI,,PA,,_T,,N,,GY,,2014-Q2,,0.5620797,,A,,,,,,,,2,
DATAFLOW,OECD.SDD.TPS:DSD_PRICES@DF_PRICES_ALL(1.0),,I,EA20,,Q,,N,,CPI,,PA,,_T,,N,,GY,,2014-Q3,,0.3519357,,A,,,,,,,,2,
DATAFLOW,OECD.SDD.TPS:DSD_PRICES@DF_PRICES_ALL(1.0),,I,EA20,,Q,,N,,CPI,,PA,,_T,,N,,GY,,2014-Q4,,0.1604064,,A,,,,,,,,2,
DATAFLOW,OECD.SDD.TPS:DSD_PRICES@DF_PRICES_ALL(1.0),,I,EA20,,Q,,N,,CPI,,PA,,_T,,N,,GY,,2015-Q1,,-0.3220936,,A,,,,,,,,2,
DATAFLOW,OECD.SDD.TPS:DSD_PRICES@DF_PRICES_ALL(1.0),,I,EA20,,Q,,N,,CPI,,PA,,_T,,N,,GY,,2015-Q2,,0.4291846,,A,,,,,,,,2,
DATAFLOW,OECD.SDD.TPS:DSD_PRICES@DF_PRICES_ALL(1.0),,I,EA20,,Q,,N,,CPI,,PA,,_T,,N,,GY,,2015-Q3,,0.3874415,,A,,,,,,,,2,
DATAFLOW,OECD.SDD.TPS:DSD_PRICES@DF_PRICES_ALL(1.0),,I,EA20,,Q,,N,,CPI,,PA,,_T,,N,,GY,,2015-Q4,,0.2569064,,A,,,,,,,,2,
DATAFLOW,OECD.SDD.TPS:DSD_PRICES@DF_PRICES_ALL(1.0),,I,EA20,,Q,,N,,CPI,,PA,,_T,,N,,GY,,2016-Q1,,0.04712377,,A,,,,,,,,2,
DATAFLOW,OECD.SDD.TPS:DSD_PRICES@DF_PRICES_ALL(1.0),,I,EA20,,Q,,N,,CPI,,PA,,_T,,N,,GY,,2016-Q2,,-0.1159478,,A,,,,,,,,2,
DATAFLOW,OECD.SDD.TPS:DSD_PRICES@DF_PRICES_ALL(1.0),,I,EA20,,Q,,N,,CPI,,PA,,_T,,N,,GY,,2016-Q3,,0.2561885,,A,,,,,,,,2,
DATAFLOW,OECD.SDD.TPS:DSD_PRICES@DF_PRICES_ALL(1.0),,I,EA20,,Q,,N,,CPI,,PA,,_T,,N,,GY,,2016-Q4,,0.7221538,,A,,,,,,,,2,
DATAFLOW,OECD.SDD.TPS:DSD_PRICES@DF_PRICES_ALL(1.0),,I,EA20,,Q,,N,,CPI,,PA,,_T,,N,,GY,,2017-Q1,,1.736029,,A,,,,,,,,2,
DATAFLOW,OECD.SDD.TPS:DSD_PRICES@DF_PRICES_ALL(1.0),,I,EA20,,Q,,N,,CPI,,PA,,_T,,N,,GY,,2017-Q2,,1.522338,,A,,,,,,,,2,
DATAFLOW,OECD.SDD.TPS:DSD_PRICES@DF_PRICES_ALL(1.0),,I,EA20,,Q,,N,,CPI,,PA,,_T,,N,,GY,,2017-Q3,,1.480105,,A,,,,,,,,2,
DATAFLOW,OECD.SDD.TPS:DSD_PRICES@DF_PRICES_ALL(1.0),,I,EA20,,Q,,N,,CPI,,PA,,_T,,N,,GY,,2017-Q4,,1.417432,,A,,,,,,,,2,
DATAFLOW,OECD.SDD.TPS:DSD_PRICES@DF_PRICES_ALL(1.0),,I,EA20,,Q,,N,,CPI,,PA,,_T,,N,,GY,,2018-Q1,,1.266576,,A,,,,,,,,2,
DATAFLOW,OECD.SDD.TPS:DSD_PRICES@DF_PRICES_ALL(1.0),,I,EA20,,Q,,N,,CPI,,PA,,_T,,N,,GY,,2018-Q2,,1.718393,,A,,,,,,,,2,
DATAFLOW,OECD.SDD.TPS:DSD_PRICES@DF_PRICES_ALL(1.0),,I,EA20,,Q,,N,,CPI,,PA,,_T,,N,,GY,,2018-Q3,,2.115831,,A,,,,,,,,2,
DATAFLOW,OECD.SDD.TPS:DSD_PRICES@DF_PRICES_ALL(1.0),,I,EA20,,Q,,N,,CPI,,PA,,_T,,N,,GY,,2018-Q4,,1.905848,,A,,,,,,,,2,
DATAFLOW,OECD.SDD.TPS:DSD_PRICES@DF_PRICES_ALL(1.0),,I,EA20,,Q,,N,,CPI,,PA,,_T,,N,,GY,,2019-Q1,,1.423813,,A,,,,,,,,2,
DATAFLOW,OECD.SDD.TPS:DSD_PRICES@DF_PRICES_ALL(1.0),,I,EA20,,Q,,N,,CPI,,PA,,_T,,N,,GY,,2019-Q2,,1.400308,,A,,,,,,,,2,
DATAFLOW,OECD.SDD.TPS:DSD_PRICES@DF_PRICES_ALL(1.0),,I,EA20,,Q,,N,,CPI,,PA,,_T,,N,,GY,,2019-Q3,,0.9543329,,A,,,,,,,,2,
DATAFLOW,OECD.SDD.TPS:DSD_PRICES@DF_PRICES_ALL(1.0),,I,EA20,,Q,,N,,CPI,,PA,,_T,,N,,GY,,2019-Q4,,1.003836,,A,,,,,,,,2,
DATAFLOW,OECD.SDD.TPS:DSD_PRICES@DF_PRICES_ALL(1.0),,I,EA20,,Q,,N,,CPI,,PA,,_T,,N,,GY,,2020-Q1,,1.114045,,A,,,,,,,,2,
DATAFLOW,OECD.SDD.TPS:DSD_PRICES@DF_PRICES_ALL(1.0),,I,EA20,,Q,,N,,CPI,,PA,,_T,,N,,GY,,2020-Q2,,0.2217155,,A,,,,,,,,2,
DATAFLOW,OECD.SDD.TPS:DSD_PRICES@DF_PRICES_ALL(1.0),,I,EA20,,Q,,N,,CPI,,PA,,_T,,N,,GY,,2020-Q3,,-0.03489405,,A,,,,,,,,2,
DATAFLOW,OECD.SDD.TPS:DSD_PRICES@DF_PRICES_ALL(1.0),,I,EA20,,Q,,N,,CPI,,PA,,_T,,N,,GY,,2020-Q4,,-0.2785339,,A,,,,,,,,2,
DATAFLOW,OECD.SDD.TPS:DSD_PRICES@DF_PRICES_ALL(1.0),,I,EA20,,Q,,N,,CPI,,PA,,_T,,N,,GY,,2021-Q1,,1.05719,,A,,,,,,,,2,
DATAFLOW,OECD.SDD.TPS:DSD_PRICES@DF_PRICES_ALL(1.0),,I,EA20,,Q,,N,,CPI,,PA,,_T,,N,,GY,,2021-Q2,,1.829846,,A,,,,,,,,2,
DATAFLOW,OECD.SDD.TPS:DSD_PRICES@DF_PRICES_ALL(1.0),,I,EA20,,Q,,N,,CPI,,PA,,_T,,N,,GY,,2021-Q3,,2.830578,,A,,,,,,,,2,
DATAFLOW,OECD.SDD.TPS:DSD_PRICES@DF_PRICES_ALL(1.0),,I,EA20,,Q,,N,,CPI,,PA,,_T,,N,,GY,,2021-Q4,,4.630864,,A,,,,,,,,2,
DATAFLOW,OECD.SDD.TPS:DSD_PRICES@DF_PRICES_ALL(1.0),,I,EA20,,Q,,N,,CPI,,PA,,_T,,N,,GY,,2022-Q1,,6.147593,,A,,,,,,,,2,
DATAFLOW,OECD.SDD.TPS:DSD_PRICES@DF_PRICES_ALL(1.0),,I,EA20,,Q,,N,,CPI,,PA,,_T,,N,,GY,,2022-Q2,,8.066168,,A,,,,,,,,2,
DATAFLOW,OECD.SDD.TPS:DSD_PRICES@DF_PRICES_ALL(1.0),,I,EA20,,Q,,N,,CPI,,PA,,_T,,N,,GY,,2022-Q3,,9.334979,,A,,,,,,,,2,
DATAFLOW,OECD.SDD.TPS:DSD_PRICES@DF_PRICES_ALL(1.0),,I,EA20,,Q,,N,,CPI,,PA,,_T,,N,,GY,,2022-Q4,,9.974216,,A,,,,,,,,2,
DATAFLOW,OECD.SDD.TPS:DSD_PRICES@DF_PRICES_ALL(1.0),,I,EA20,,Q,,N,,CPI,,PA,,_T,,N,,GY,,2023-Q1,,8.01793,,A,,,,,,,,2,
DATAFLOW,OECD.SDD.TPS:DSD_PRICES@DF_PRICES_ALL(1.0),,I,EA20,,Q,,N,,CPI,,PA,,_T,,N,,GY,,2023-Q2,,6.197587,,A,,,,,,,,2,
DATAFLOW,OECD.SDD.TPS:DSD_PRICES@DF_PRICES_ALL(1.0),,I,EA20,,Q,,N,,CPI,,PA,,_T,,N,,GY,,2023-Q3,,4.953429,,A,,,,,,,,2,
DATAFLOW,OECD.SDD.TPS:DSD_PRICES@DF_PRICES_ALL(1.0),,I,EA20,,Q,,N,,CPI,,PA,,_T,,N,,GY,,2023-Q4,,2.741842,,A,,,,,,,,2,
DATAFLOW,OECD.SDD.TPS:DSD_PRICES@DF_PRICES_ALL(1.0),,I,EA20,,Q,,N,,CPI,,PA,,_T,,N,,GY,,2024-Q1,,2.594262,,A,,,,,,,,2,
DATAFLOW,OECD.SDD.TPS:DSD_PRICES@DF_PRICES_ALL(1.0),,I,EA20,,Q,,N,,CPI,,PA,,_T,,N,,GY,,2024-Q2,,2.482557,,A,,,,,,,,2,
DATAFLOW,OECD.SDD.TPS:DSD_PRICES@DF_PRICES_ALL(1.0),,I,EA20,,Q,,N,,CPI,,PA,,_T,,N,,GY,,2024-Q3,,2.164851,,A,,,,,,,,2,
DATAFLOW,OECD.SDD.TPS:DSD_PRICES@DF_PRICES_ALL(1.0),,I,EA20,,Q,,N,,CPI,,PA,,_T,,N,,GY,,2024-Q4,,2.225682,,A,,,,,,,,2,
DATAFLOW,OECD.SDD.TPS:DSD_PRICES@DF_PRICES_ALL(1.0),,I,EA20,,Q,,N,,CPI,,PA,,_T,,N,,GY,,2025-Q1,,2.341155,,A,,,,,,,,2,
DATAFLOW,OECD.SDD.TPS:DSD_PRICES@DF_PRICES_ALL(1.0),,I,EA20,,Q,,N,,CPI,,PA,,_T,,N,,GY,,2025-Q2,,2.018683,,A,,,,,,,,2,
DATAFLOW,OECD.SDD.TPS:DSD_PRICES@DF_PRICES_ALL(1.0),,I,EA20,,Q,,N,,CPI,,PA,,_T,,N,,GY,,2025-Q3,,2.103185,,A,,,,,,,,2,
DATAFLOW,OECD.SDD.TPS:DSD_PRICES@DF_PRICES_ALL(1.0),,I,EA20,,Q,,N,,CPI,,PA,,_T,,N,,GY,,2025-Q4,,2.05904,,A,,,,,,,,2,
DATAFLOW,OECD.SDD.TPS:DSD_PRICES@DF_PRICES_ALL(1.0),,I,OECDE,,Q,,N,,CPI,,PA,,_T,,N,,GY,,1996-Q3,,7.083114,,A,,,,,,,,2,
DATAFLOW,OECD.SDD.TPS:DSD_PRICES@DF_PRICES_ALL(1.0),,I,OECDE,,Q,,N,,CPI,,PA,,_T,,N,,GY,,1996-Q4,,6.961973,,A,,,,,,,,2,
DATAFLOW,OECD.SDD.TPS:DSD_PRICES@DF_PRICES_ALL(1.0),,I,OECDE,,Q,,N,,CPI,,PA,,_T,,N,,GY,,1997-Q1,,6.602033,,A,,,,,,,,2,
DATAFLOW,OECD.SDD.TPS:DSD_PRICES@DF_PRICES_ALL(1.0),,I,OECDE,,Q,,N,,CPI,,PA,,_T,,N,,GY,,1997-Q2,,6.223639,,A,,,,,,,,2,
DATAFLOW,OECD.SDD.TPS:DSD_PRICES@DF_PRICES_ALL(1.0),,I,OECDE,,Q,,N,,CPI,,PA,,_T,,N,,GY,,1997-Q3,,7.00389,,A,,,,,,,,2,
DATAFLOW,OECD.SDD.TPS:DSD_PRICES@DF_PRICES_ALL(1.0),,I,OECDE,,Q,,N,,CPI,,PA,,_T,,N,,GY,,1997-Q4,,7.506666,,A,,,,,,,,2,
DATAFLOW,OECD.SDD.TPS:DSD_PRICES@DF_PRICES_ALL(1.0),,I,OECDE,,Q,,N,,CPI,,PA,,_T,,N,,GY,,1998-Q1,,7.469923,,A,,,,,,,,2,
DATAFLOW,OECD.SDD.TPS:DSD_PRICES@DF_PRICES_ALL(1.0),,I,OECDE,,Q,,N,,CPI,,PA,,_T,,N,,GY,,1998-Q2,,7.348104,,A,,,,,,,,2,
DATAFLOW,OECD.SDD.TPS:DSD_PRICES@DF_PRICES_ALL(1.0),,I,OECDE,,Q,,N,,CPI,,PA,,_T,,N,,GY,,1998-Q3,,6.492344,,A,,,,,,,,2,
DATAFLOW,OECD.SDD.TPS:DSD_PRICES@DF_PRICES_ALL(1.0),,I,OECDE,,Q,,N,,CPI,,PA,,_T,,N,,GY,,1998-Q4,,5.652174,,A,,,,,,,,2,
DATAFLOW,OECD.SDD.TPS:DSD_PRICES@DF_PRICES_ALL(1.0),,I,OECDE,,Q,,N,,CPI,,PA,,_T,,N,,GY,,1999-Q1,,5.036377,,A,,,,,,,,2,
DATAFLOW,OECD.SDD.TPS:DSD_PRICES@DF_PRICES_ALL(1.0),,I,OECDE,,Q,,N,,CPI,,PA,,_T,,N,,GY,,1999-Q2,,5.035473,,A,,,,,,,,2,
DATAFLOW,OECD.SDD.TPS:DSD_PRICES@DF_PRICES_ALL(1.0),,I,OECDE,,Q,,N,,CPI,,PA,,_T,,N,,GY,,1999-Q3,,5.175364,,A,,,,,,,,2,
DATAFLOW,OECD.SDD.TPS:DSD_PRICES@DF_PRICES_ALL(1.0),,I,OECDE,,Q,,N,,CPI,,PA,,_T,,N,,GY,,1999-Q4,,5.476883,,A,,,,,,,,2,
DATAFLOW,OECD.SDD.TPS:DSD_PRICES@DF_PRICES_ALL(1.0),,I,OECDE,,Q,,N,,CPI,,PA,,_T,,N,,GY,,2000-Q1,,5.872012,,A,,,,,,,,2,
DATAFLOW,OECD.SDD.TPS:DSD_PRICES@DF_PRICES_ALL(1.0),,I,OECDE,,Q,,N,,CPI,,PA,,_T,,N,,GY,,2000-Q2,,5.554414,,A,,,,,,,,2,
DATAFLOW,OECD.SDD.TPS:DSD_PRICES@DF_PRICES_ALL(1.0),,I,OECDE,,Q,,N,,CPI,,PA,,_T,,N,,GY,,2000-Q3,,5.38402,,A,,,,,,,,2,
DATAFLOW,OECD.SDD.TPS:DSD_PRICES@DF_PRICES_ALL(1.0),,I,OECDE,,Q,,N,,CPI,,PA,,_T,,N,,GY,,2000-Q4,,4.862068,,A,,,,,,,,2,
DATAFLOW,OECD.SDD.TPS:DSD_PRICES@DF_PRICES_ALL(1.0),,I,OECDE,,Q,,N,,CPI,,PA,,_T,,N,,GY,,2001-Q1,,4.311275,,A,,,,,,,,2,
DATAFLOW,OECD.SDD.TPS:DSD_PRICES@DF_PRICES_ALL(1.0),,I,OECDE,,Q,,N,,CPI,,PA,,_T,,N,,GY,,2001-Q2,,5.567889,,A,,,,,,,,2,
DATAFLOW,OECD.SDD.TPS:DSD_PRICES@DF_PRICES_ALL(1.0),,I,OECDE,,Q,,N,,CPI,,PA,,_T,,N,,GY,,2001-Q3,,5.555316,,A,,,,,,,,2,
DATAFLOW,OECD.SDD.TPS:DSD_PRICES@DF_PRICES_ALL(1.0),,I,OECDE,,Q,,N,,CPI,,PA,,_T,,N,,GY,,2001-Q4,,5.634681,,A,,,,,,,,2,
DATAFLOW,OECD.SDD.TPS:DSD_PRICES@DF_PRICES_ALL(1.0),,I,OECDE,,Q,,N,,CPI,,PA,,_T,,N,,GY,,2002-Q1,,5.95773,,A,,,,,,,,2,
DATAFLOW,OECD.SDD.TPS:DSD_PRICES@DF_PRICES_ALL(1.0),,I,OECDE,,Q,,N,,CPI,,PA,,_T,,N,,GY,,2002-Q2,,4.586261,,A,,,,,,,,2,
DATAFLOW,OECD.SDD.TPS:DSD_PRICES@DF_PRICES_ALL(1.0),,I,OECDE,,Q,,N,,CPI,,PA,,_T,,N,,GY,,2002-Q3,,4.007479,,A,,,,,,,,2,
DATAFLOW,OECD.SDD.TPS:DSD_PRICES@DF_PRICES_ALL(1.0),,I,OECDE,,Q,,N,,CPI,,PA,,_T,,N,,GY,,2002-Q4,,3.654517,,A,,,,,,,,2,
DATAFLOW,OECD.SDD.TPS:DSD_PRICES@DF_PRICES_ALL(1.0),,I,OECDE,,Q,,N,,CPI,,PA,,_T,,N,,GY,,2003-Q1,,3.35997,,A,,,,,,,,2,
DATAFLOW,OECD.SDD.TPS:DSD_PRICES@DF_PRICES_ALL(1.0),,I,OECDE,,Q,,N,,CPI,,PA,,_T,,N,,GY,,2003-Q2,,2.988973,,A,,,,,,,,2,
DATAFLOW,OECD.SDD.TPS:DSD_PRICES@DF_PRICES_ALL(1.0),,I,OECDE,,Q,,N,,CPI,,PA,,_T,,N,,GY,,2003-Q3,,2.822399,,A,,,,,,,,2,
DATAFLOW,OECD.SDD.TPS:DSD_PRICES@DF_PRICES_ALL(1.0),,I,OECDE,,Q,,N,,CPI,,PA,,_T,,N,,GY,,2003-Q4,,2.480924,,A,,,,,,,,2,
DATAFLOW,OECD.SDD.TPS:DSD_PRICES@DF_PRICES_ALL(1.0),,I,OECDE,,Q,,N,,CPI,,PA,,_T,,N,,GY,,2004-Q1,,2.000399,,A,,,,,,,,2,
DATAFLOW,OECD.SDD.TPS:DSD_PRICES@DF_PRICES_ALL(1.0),,I,OECDE,,Q,,N,,CPI,,PA,,_T,,N,,GY,,2004-Q2,,2.417038,,A,,,,,,,,2,
DATAFLOW,OECD.SDD.TPS:DSD_PRICES@DF_PRICES_ALL(1.0),,I,OECDE,,Q,,N,,CPI,,PA,,_T,,N,,GY,,2004-Q3,,2.481262,,A,,,,,,,,2,
DATAFLOW,OECD.SDD.TPS:DSD_PRICES@DF_PRICES_ALL(1.0),,I,OECDE,,Q,,N,,CPI,,PA,,_T,,N,,GY,,2004-Q4,,2.577801,,A,,,,,,,,2,
DATAFLOW,OECD.SDD.TPS:DSD_PRICES@DF_PRICES_ALL(1.0),,I,OECDE,,Q,,N,,CPI,,PA,,_T,,N,,GY,,2005-Q1,,2.355789,,A,,,,,,,,2,
DATAFLOW,OECD.SDD.TPS:DSD_PRICES@DF_PRICES_ALL(1.0),,I,OECDE,,Q,,N,,CPI,,PA,,_T,,N,,GY,,2005-Q2,,2.230677,,A,,,,,,,,2,
DATAFLOW,OECD.SDD.TPS:DSD_PRICES@DF_PRICES_ALL(1.0),,I,OECDE,,Q,,N,,CPI,,PA,,_T,,N,,GY,,2005-Q3,,2.431772,,A,,,,,,,,2,
DATAFLOW,OECD.SDD.TPS:DSD_PRICES@DF_PRICES_ALL(1.0),,I,OECDE,,Q,,N,,CPI,,PA,,_T,,N,,GY,,2005-Q4,,2.395289,,A,,,,,,,,2,
DATAFLOW,OECD.SDD.TPS:DSD_PRICES@DF_PRICES_ALL(1.0),,I,OECDE,,Q,,N,,CPI,,PA,,_T,,N,,GY,,2006-Q1,,2.425108,,A,,,,,,,,2,
DATAFLOW,OECD.SDD.TPS:DSD_PRICES@DF_PRICES_ALL(1.0),,I,OECDE,,Q,,N,,CPI,,PA,,_T,,N,,GY,,2006-Q2,,2.673182,,A,,,,,,,,2,
DATAFLOW,OECD.SDD.TPS:DSD_PRICES@DF_PRICES_ALL(1.0),,I,OECDE,,Q,,N,,CPI,,PA,,_T,,N,,GY,,2006-Q3,,2.627944,,A,,,,,,,,2,
DATAFLOW,OECD.SDD.TPS:DSD_PRICES@DF_PRICES_ALL(1.0),,I,OECDE,,Q,,N,,CPI,,PA,,_T,,N,,GY,,2006-Q4,,2.338556,,A,,,,,,,,2,
DATAFLOW,OECD.SDD.TPS:DSD_PRICES@DF_PRICES_ALL(1.0),,I,OECDE,,Q,,N,,CPI,,PA,,_T,,N,,GY,,2007-Q1,,2.499466,,A,,,,,,,,2,
DATAFLOW,OECD.SDD.TPS:DSD_PRICES@DF_PRICES_ALL(1.0),,I,OECDE,,Q,,N,,CPI,,PA,,_T,,N,,GY,,2007-Q2,,2.494867,,A,,,,,,,,2,
DATAFLOW,OECD.SDD.TPS:DSD_PRICES@DF_PRICES_ALL(1.0),,I,OECDE,,Q,,N,,CPI,,PA,,_T,,N,,GY,,2007-Q3,,2.285253,,A,,,,,,,,2,
DATAFLOW,OECD.SDD.TPS:DSD_PRICES@DF_PRICES_ALL(1.0),,I,OECDE,,Q,,N,,CPI,,PA,,_T,,N,,GY,,2007-Q4,,3.18434,,A,,,,,,,,2,
DATAFLOW,OECD.SDD.TPS:DSD_PRICES@DF_PRICES_ALL(1.0),,I,OECDE,,Q,,N,,CPI,,PA,,_T,,N,,GY,,2008-Q1,,3.652283,,A,,,,,,,,2,
DATAFLOW,OECD.SDD.TPS:DSD_PRICES@DF_PRICES_ALL(1.0),,I,OECDE,,Q,,N,,CPI,,PA,,_T,,N,,GY,,2008-Q2,,4.052355,,A,,,,,,,,2,
DATAFLOW,OECD.SDD.TPS:DSD_PRICES@DF_PRICES_ALL(1.0),,I,OECDE,,Q,,N,,CPI,,PA,,_T,,N,,GY,,2008-Q3,,4.489701,,A,,,,,,,,2,
DATAFLOW,OECD.SDD.TPS:DSD_PRICES@DF_PRICES_ALL(1.0),,I,OECDE,,Q,,N,,CPI,,PA,,_T,,N,,GY,,2008-Q4,,3.127377,,A,,,,,,,,2,
DATAFLOW,OECD.SDD.TPS:DSD_PRICES@DF_PRICES_ALL(1.0),,I,OECDE,,Q,,N,,CPI,,PA,,_T,,N,,GY,,2009-Q1,,1.895452,,A,,,,,,,,2,
DATAFLOW,OECD.SDD.TPS:DSD_PRICES@DF_PRICES_ALL(1.0),,I,OECDE,,Q,,N,,CPI,,PA,,_T,,N,,GY,,2009-Q2,,1.020121,,A,,,,,,,,2,
DATAFLOW,OECD.SDD.TPS:DSD_PRICES@DF_PRICES_ALL(1.0),,I,OECDE,,Q,,N,,CPI,,PA,,_T,,N,,GY,,2009-Q3,,0.4769982,,A,,,,,,,,2,
DATAFLOW,OECD.SDD.TPS:DSD_PRICES@DF_PRICES_ALL(1.0),,I,OECDE,,Q,,N,,CPI,,PA,,_T,,N,,GY,,2009-Q4,,1.036641,,A,,,,,,,,2,
DATAFLOW,OECD.SDD.TPS:DSD_PRICES@DF_PRICES_ALL(1.0),,I,OECDE,,Q,,N,,CPI,,PA,,_T,,N,,GY,,2010-Q1,,1.892648,,A,,,,,,,,2,
DATAFLOW,OECD.SDD.TPS:DSD_PRICES@DF_PRICES_ALL(1.0),,I,OECDE,,Q,,N,,CPI,,PA,,_T,,N,,GY,,2010-Q2,,2.155362,,A,,,,,,,,2,
DATAFLOW,OECD.SDD.TPS:DSD_PRICES@DF_PRICES_ALL(1.0),,I,OECDE,,Q,,N,,CPI,,PA,,_T,,N,,GY,,2010-Q3,,2.169931,,A,,,,,,,,2,
DATAFLOW,OECD.SDD.TPS:DSD_PRICES@DF_PRICES_ALL(1.0),,I,OECDE,,Q,,N,,CPI,,PA,,_T,,N,,GY,,2010-Q4,,2.413918,,A,,,,,,,,2,
DATAFLOW,OECD.SDD.TPS:DSD_PRICES@DF_PRICES_ALL(1.0),,I,OECDE,,Q,,N,,CPI,,PA,,_T,,N,,GY,,2011-Q1,,2.742805,,A,,,,,,,,2,
DATAFLOW,OECD.SDD.TPS:DSD_PRICES@DF_PRICES_ALL(1.0),,I,OECDE,,Q,,N,,CPI,,PA,,_T,,N,,GY,,2011-Q2,,3.010452,,A,,,,,,,,2,
DATAFLOW,OECD.SDD.TPS:DSD_PRICES@DF_PRICES_ALL(1.0),,I,OECDE,,Q,,N,,CPI,,PA,,_T,,N,,GY,,2011-Q3,,3.092094,,A,,,,,,,,2,
DATAFLOW,OECD.SDD.TPS:DSD_PRICES@DF_PRICES_ALL(1.0),,I,OECDE,,Q,,N,,CPI,,PA,,_T,,N,,GY,,2011-Q4,,3.356622,,A,,,,,,,,2,
DATAFLOW,OECD.SDD.TPS:DSD_PRICES@DF_PRICES_ALL(1.0),,I,OECDE,,Q,,N,,CPI,,PA,,_T,,N,,GY,,2012-Q1,,3.15757,,A,,,,,,,,2,
DATAFLOW,OECD.SDD.TPS:DSD_PRICES@DF_PRICES_ALL(1.0),,I,OECDE,,Q,,N,,CPI,,PA,,_T,,N,,GY,,2012-Q2,,2.81635,,A,,,,,,,,2,
DATAFLOW,OECD.SDD.TPS:DSD_PRICES@DF_PRICES_ALL(1.0),,I,OECDE,,Q,,N,,CPI,,PA,,_T,,N,,GY,,2012-Q3,,2.828932,,A,,,,,,,,2,
DATAFLOW,OECD.SDD.TPS:DSD_PRICES@DF_PRICES_ALL(1.0),,I,OECDE,,Q,,N,,CPI,,PA,,_T,,N,,GY,,2012-Q4,,2.532517,,A,,,,,,,,2,
DATAFLOW,OECD.SDD.TPS:DSD_PRICES@DF_PRICES_ALL(1.0),,I,OECDE,,Q,,N,,CPI,,PA,,_T,,N,,GY,,2013-Q1,,2.101775,,A,,,,,,,,2,
DATAFLOW,OECD.SDD.TPS:DSD_PRICES@DF_PRICES_ALL(1.0),,I,OECDE,,Q,,N,,CPI,,PA,,_T,,N,,GY,,2013-Q2,,1.787412,,A,,,,,,,,2,
DATAFLOW,OECD.SDD.TPS:DSD_PRICES@DF_PRICES_ALL(1.0),,I,OECDE,,Q,,N,,CPI,,PA,,_T,,N,,GY,,2013-Q3,,1.904291,,A,,,,,,,,2,
DATAFLOW,OECD.SDD.TPS:DSD_PRICES@DF_PRICES_ALL(1.0),,I,OECD,,Q,,N,,CPI,,PA,,_T,,N,,GY,,1996-Q3,,5.636078,,A,,,,,,,,2,
DATAFLOW,OECD.SDD.TPS:DSD_PRICES@DF_PRICES_ALL(1.0),,I,OECD,,Q,,N,,CPI,,PA,,_T,,N,,GY,,1996-Q4,,5.560402,,A,,,,,,,,2,
DATAFLOW,OECD.SDD.TPS:DSD_PRICES@DF_PRICES_ALL(1.0),,I,OECD,,Q,,N,,CPI,,PA,,_T,,N,,GY,,1997-Q1,,5.176867,,A,,,,,,,,2,
DATAFLOW,OECD.SDD.TPS:DSD_PRICES@DF_PRICES_ALL(1.0),,I,OECD,,Q,,N,,CPI,,PA,,_T,,N,,GY,,1997-Q2,,4.729698,,A,,,,,,,,2,
DATAFLOW,OECD.SDD.TPS:DSD_PRICES@DF_PRICES_ALL(1.0),,I,OECD,,Q,,N,,CPI,,PA,,_T,,N,,GY,,1997-Q3,,4.892086,,A,,,,,,,,2,
DATAFLOW,OECD.SDD.TPS:DSD_PRICES@DF_PRICES_ALL(1.0),,I,OECD,,Q,,N,,CPI,,PA,,_T,,N,,GY,,1997-Q4,,4.883591,,A,,,,,,,,2,
DATAFLOW,OECD.SDD.TPS:DSD_PRICES@DF_PRICES_ALL(1.0),,I,OECD,,Q,,N,,CPI,,PA,,_T,,N,,GY,,1998-Q1,,4.72891,,A,,,,,,,,2,
DATAFLOW,OECD.SDD.TPS:DSD_PRICES@DF_PRICES_ALL(1.0),,I,OECD,,Q,,N,,CPI,,PA,,_T,,N,,GY,,1998-Q2,,4.575581,,A,,,,,,,,2,
DATAFLOW,OECD.SDD.TPS:DSD_PRICES@DF_PRICES_ALL(1.0),,I,OECD,,Q,,N,,CPI,,PA,,_T,,N,,GY,,1998-Q3,,4.171694,,A,,,,,,,,2,
DATAFLOW,OECD.SDD.TPS:DSD_PRICES@DF_PRICES_ALL(1.0),,I,OECD,,Q,,N,,CPI,,PA,,_T,,N,,GY,,1998-Q4,,3.955365,,A,,,,,,,,2,
DATAFLOW,OECD.SDD.TPS:DSD_PRICES@DF_PRICES_ALL(1.0),,I,OECD,,Q,,N,,CPI,,PA,,_T,,N,,GY,,1999-Q1,,3.570482,,A,,,,,,,,2,
DATAFLOW,OECD.SDD.TPS:DSD_PRICES@DF_PRICES_ALL(1.0),,I,OECD,,Q,,N,,CPI,,PA,,_T,,N,,GY,,1999-Q2,,3.663556,,A,,,,,,,,2,
DATAFLOW,OECD.SDD.TPS:DSD_PRICES@DF_PRICES_ALL(1.0),,I,OECD,,Q,,N,,CPI,,PA,,_T,,N,,GY,,1999-Q3,,3.807026,,A,,,,,,,,2,
DATAFLOW,OECD.SDD.TPS:DSD_PRICES@DF_PRICES_ALL(1.0),,I,OECD,,Q,,N,,CPI,,PA,,_T,,N,,GY,,1999-Q4,,3.82675,,A,,,,,,,,2,
DATAFLOW,OECD.SDD.TPS:DSD_PRICES@DF_PRICES_ALL(1.0),,I,OECD,,Q,,N,,CPI,,PA,,_T,,N,,GY,,2000-Q1,,4.17773,,A,,,,,,,,2,
DATAFLOW,OECD.SDD.TPS:DSD_PRICES@DF_PRICES_ALL(1.0),,I,OECD,,Q,,N,,CPI,,PA,,_T,,N,,GY,,2000-Q2,,4.04429,,A,,,,,,,,2,
DATAFLOW,OECD.SDD.TPS:DSD_PRICES@DF_PRICES_ALL(1.0),,I,OECD,,Q,,N,,CPI,,PA,,_T,,N,,GY,,2000-Q3,,4.125465,,A,,,,,,,,2,
DATAFLOW,OECD.SDD.TPS:DSD_PRICES@DF_PRICES_ALL(1.0),,I,OECD,,Q,,N,,CPI,,PA,,_T,,N,,GY,,2000-Q4,,3.862748,,A,,,,,,,,2,
DATAFLOW,OECD.SDD.TPS:DSD_PRICES@DF_PRICES_ALL(1.0),,I,OECD,,Q,,N,,CPI,,PA,,_T,,N,,GY,,2001-Q1,,3.628967,,A,,,,,,,,2,
DATAFLOW,OECD.SDD.TPS:DSD_PRICES@DF_PRICES_ALL(1.0),,I,OECD,,Q,,N,,CPI,,PA,,_T,,N,,GY,,2001-Q2,,4.104145,,A,,,,,,,,2,
DATAFLOW,OECD.SDD.TPS:DSD_PRICES@DF_PRICES_ALL(1.0),,I,OECD,,Q,,N,,CPI,,PA,,_T,,N,,GY,,2001-Q3,,3.68893,,A,,,,,,,,2,
DATAFLOW,OECD.SDD.TPS:DSD_PRICES@DF_PRICES_ALL(1.0),,I,OECD,,Q,,N,,CPI,,PA,,_T,,N,,GY,,2001-Q4,,3.274441,,A,,,,,,,,2,
DATAFLOW,OECD.SDD.TPS:DSD_PRICES@DF_PRICES_ALL(1.0),,I,OECD,,Q,,N,,CPI,,PA,,_T,,N,,GY,,2002-Q1,,3.081459,,A,,,,,,,,2,
DATAFLOW,OECD.SDD.TPS:DSD_PRICES@DF_PRICES_ALL(1.0),,I,OECD,,Q,,N,,CPI,,PA,,_T,,N,,GY,,2002-Q2,,2.633874,,A,,,,,,,,2,
DATAFLOW,OECD.SDD.TPS:DSD_PRICES@DF_PRICES_ALL(1.0),,I,OECD,,Q,,N,,CPI,,PA,,_T,,N,,GY,,2002-Q3,,2.595812,,A,,,,,,,,2,
DATAFLOW,OECD.SDD.TPS:DSD_PRICES@DF_PRICES_ALL(1.0),,I,OECD,,Q,,N,,CPI,,PA,,_T,,N,,GY,,2002-Q4,,2.789077,,A,,,,,,,,2,
DATAFLOW,OECD.SDD.TPS:DSD_PRICES@DF_PRICES_ALL(1.0),,I,OECD,,Q,,N,,CPI,,PA,,_T,,N,,GY,,2003-Q1,,3.017727,,A,,,,,,,,2,
DATAFLOW,OECD.SDD.TPS:DSD_PRICES@DF_PRICES_ALL(1.0),,I,OECD,,Q,,N,,CPI,,PA,,_T,,N,,GY,,2003-Q2,,2.46573,,A,,,,,,,,2,
DATAFLOW,OECD.SDD.TPS:DSD_PRICES@DF_PRICES_ALL(1.0),,I,OECD,,Q,,N,,CPI,,PA,,_T,,N,,GY,,2003-Q3,,2.354387,,A,,,,,,,,2,
DATAFLOW,OECD.SDD.TPS:DSD_PRICES@DF_PRICES_ALL(1.0),,I,OECD,,Q,,N,,CPI,,PA,,_T,,N,,GY,,2003-Q4,,2.076311,,A,,,,,,,,2,
DATAFLOW,OECD.SDD.TPS:DSD_PRICES@DF_PRICES_ALL(1.0),,I,OECD,,Q,,N,,CPI,,PA,,_T,,N,,GY,,2004-Q1,,1.841683,,A,,,,,,,,2,
DATAFLOW,OECD.SDD.TPS:DSD_PRICES@DF_PRICES_ALL(1.0),,I,OECD,,Q,,N,,CPI,,PA,,_T,,N,,GY,,2004-Q2,,2.463308,,A,,,,,,,,2,
DATAFLOW,OECD.SDD.TPS:DSD_PRICES@DF_PRICES_ALL(1.0),,I,OECD,,Q,,N,,CPI,,PA,,_T,,N,,GY,,2004-Q3,,2.505248,,A,,,,,,,,2,
DATAFLOW,OECD.SDD.TPS:DSD_PRICES@DF_PRICES_ALL(1.0),,I,OECD,,Q,,N,,CPI,,PA,,_T,,N,,GY,,2004-Q4,,2.846679,,A,,,,,,,,2,
DATAFLOW,OECD.SDD.TPS:DSD_PRICES@DF_PRICES_ALL(1.0),,I,OECD,,Q,,N,,CPI,,PA,,_T,,N,,GY,,2005-Q1,,2.55271,,A,,,,,,,,2,
DATAFLOW,OECD.SDD.TPS:DSD_PRICES@DF_PRICES_ALL(1.0),,I,OECD,,Q,,N,,CPI,,PA,,_T,,N,,GY,,2005-Q2,,2.448662,,A,,,,,,,,2,
DATAFLOW,OECD.SDD.TPS:DSD_PRICES@DF_PRICES_ALL(1.0),,I,OECD,,Q,,N,,CPI,,PA,,_T,,N,,GY,,2005-Q3,,2.858,,A,,,,,,,,2,
DATAFLOW,OECD.SDD.TPS:DSD_PRICES@DF_PRICES_ALL(1.0),,I,OECD,,Q,,N,,CPI,,PA,,_T,,N,,GY,,2005-Q4,,2.724101,,A,,,,,,,,2,
DATAFLOW,OECD.SDD.TPS:DSD_PRICES@DF_PRICES_ALL(1.0),,I,OECD,,Q,,N,,CPI,,PA,,_T,,N,,GY,,2006-Q1,,2.774126,,A,,,,,,,,2,
DATAFLOW,OECD.SDD.TPS:DSD_PRICES@DF_PRICES_ALL(1.0),,I,OECD,,Q,,N,,CPI,,PA,,_T,,N,,GY,,2006-Q2,,3.042263,,A,,,,,,,,2,
DATAFLOW,OECD.SDD.TPS:DSD_PRICES@DF_PRICES_ALL(1.0),,I,OECD,,Q,,N,,CPI,,PA,,_T,,N,,GY,,2006-Q3,,2.796225,,A,,,,,,,,2,
DATAFLOW,OECD.SDD.TPS:DSD_PRICES@DF_PRICES_ALL(1.0),,I,OECD,,Q,,N,,CPI,,PA,,_T,,N,,GY,,2006-Q4,,2.070743,,A,,,,,,,,2,
DATAFLOW,OECD.SDD.TPS:DSD_PRICES@DF_PRICES_ALL(1.0),,I,OECD,,Q,,N,,CPI,,PA,,_T,,N,,GY,,2007-Q1,,2.287065,,A,,,,,,,,2,
DATAFLOW,OECD.SDD.TPS:DSD_PRICES@DF_PRICES_ALL(1.0),,I,OECD,,Q,,N,,CPI,,PA,,_T,,N,,GY,,2007-Q2,,2.398588,,A,,,,,,,,2,
DATAFLOW,OECD.SDD.TPS:DSD_PRICES@DF_PRICES_ALL(1.0),,I,OECD,,Q,,N,,CPI,,PA,,_T,,N,,GY,,2007-Q3,,2.200206,,A,,,,,,,,2,
DATAFLOW,OECD.SDD.TPS:DSD_PRICES@DF_PRICES_ALL(1.0),,I,OECD,,Q,,N,,CPI,,PA,,_T,,N,,GY,,2007-Q4,,3.313768,,A,,,,,,,,2,
DATAFLOW,OECD.SDD.TPS:DSD_PRICES@DF_PRICES_ALL(1.0),,I,OECD,,Q,,N,,CPI,,PA,,_T,,N,,GY,,2008-Q1,,3.618521,,A,,,,,,,,2,
DATAFLOW,OECD.SDD.TPS:DSD_PRICES@DF_PRICES_ALL(1.0),,I,OECD,,Q,,N,,CPI,,PA,,_T,,N,,GY,,2008-Q2,,4.022781,,A,,,,,,,,2,
DATAFLOW,OECD.SDD.TPS:DSD_PRICES@DF_PRICES_ALL(1.0),,I,OECD,,Q,,N,,CPI,,PA,,_T,,N,,GY,,2008-Q3,,4.739788,,A,,,,,,,,2,
DATAFLOW,OECD.SDD.TPS:DSD_PRICES@DF_PRICES_ALL(1.0),,I,OECD,,Q,,N,,CPI,,PA,,_T,,N,,GY,,2008-Q4,,2.57985,,A,,,,,,,,2,
DATAFLOW,OECD.SDD.TPS:DSD_PRICES@DF_PRICES_ALL(1.0),,I,OECD,,Q,,N,,CPI,,PA,,_T,,N,,GY,,2009-Q1,,1.267868,,A,,,,,,,,2,
DATAFLOW,OECD.SDD.TPS:DSD_PRICES@DF_PRICES_ALL(1.0),,I,OECD,,Q,,N,,CPI,,PA,,_T,,N,,GY,,2009-Q2,,0.286263,,A,,,,,,,,2,
DATAFLOW,OECD.SDD.TPS:DSD_PRICES@DF_PRICES_ALL(1.0),,I,OECD,,Q,,N,,CPI,,PA,,_T,,N,,GY,,2009-Q3,,-0.3545428,,A,,,,,,,,2,
DATAFLOW,OECD.SDD.TPS:DSD_PRICES@DF_PRICES_ALL(1.0),,I,OECD,,Q,,N,,CPI,,PA,,_T,,N,,GY,,2009-Q4,,1.115829,,A,,,,,,,,2,
DATAFLOW,OECD.SDD.TPS:DSD_PRICES@DF_PRICES_ALL(1.0),,I,OECD,,Q,,N,,CPI,,PA,,_T,,N,,GY,,2010-Q1,,1.998715,,A,,,,,,,,2,
DATAFLOW,OECD.SDD.TPS:DSD_PRICES@DF_PRICES_ALL(1.0),,I,OECD,,Q,,N,,CPI,,PA,,_T,,N,,GY,,2010-Q2,,1.825883,,A,,,,,,,,2,
DATAFLOW,OECD.SDD.TPS:DSD_PRICES@DF_PRICES_ALL(1.0),,I,OECD,,Q,,N,,CPI,,PA,,_T,,N,,GY,,2010-Q3,,1.577505,,A,,,,,,,,2,
DATAFLOW,OECD.SDD.TPS:DSD_PRICES@DF_PRICES_ALL(1.0),,I,OECD,,Q,,N,,CPI,,PA,,_T,,N,,GY,,2010-Q4,,1.82944,,A,,,,,,,,2,
DATAFLOW,OECD.SDD.TPS:DSD_PRICES@DF_PRICES_ALL(1.0),,I,OECD,,Q,,N,,CPI,,PA,,_T,,N,,GY,,2011-Q1,,2.295776,,A,,,,,,,,2,
DATAFLOW,OECD.SDD.TPS:DSD_PRICES@DF_PRICES_ALL(1.0),,I,OECD,,Q,,N,,CPI,,PA,,_T,,N,,GY,,2011-Q2,,2.944327,,A,,,,,,,,2,
DATAFLOW,OECD.SDD.TPS:DSD_PRICES@DF_PRICES_ALL(1.0),,I,OECD,,Q,,N,,CPI,,PA,,_T,,N,,GY,,2011-Q3,,3.152437,,A,,,,,,,,2,
DATAFLOW,OECD.SDD.TPS:DSD_PRICES@DF_PRICES_ALL(1.0),,I,OECD,,Q,,N,,CPI,,PA,,_T,,N,,GY,,2011-Q4,,3.003466,,A,,,,,,,,2,
DATAFLOW,OECD.SDD.TPS:DSD_PRICES@DF_PRICES_ALL(1.0),,I,OECD,,Q,,N,,CPI,,PA,,_T,,N,,GY,,2012-Q1,,2.740606,,A,,,,,,,,2,
DATAFLOW,OECD.SDD.TPS:DSD_PRICES@DF_PRICES_ALL(1.0),,I,OECD,,Q,,N,,CPI,,PA,,_T,,N,,GY,,2012-Q2,,2.176571,,A,,,,,,,,2,
DATAFLOW,OECD.SDD.TPS:DSD_PRICES@DF_PRICES_ALL(1.0),,I,OECD,,Q,,N,,CPI,,PA,,_T,,N,,GY,,2012-Q3,,2.055765,,A,,,,,,,,2,
DATAFLOW,OECD.SDD.TPS:DSD_PRICES@DF_PRICES_ALL(1.0),,I,OECD,,Q,,N,,CPI,,PA,,_T,,N,,GY,,2012-Q4,,2.017571,,A,,,,,,,,2,
DATAFLOW,OECD.SDD.TPS:DSD_PRICES@DF_PRICES_ALL(1.0),,I,OECD,,Q,,N,,CPI,,PA,,_T,,N,,GY,,2013-Q1,,1.711734,,A,,,,,,,,2,
DATAFLOW,OECD.SDD.TPS:DSD_PRICES@DF_PRICES_ALL(1.0),,I,OECD,,Q,,N,,CPI,,PA,,_T,,N,,GY,,2013-Q2,,1.531344,,A,,,,,,,,2,
DATAFLOW,OECD.SDD.TPS:DSD_PRICES@DF_PRICES_ALL(1.0),,I,OECD,,Q,,N,,CPI,,PA,,_T,,N,,GY,,2013-Q3,,1.724099,,A,,,,,,,,2,
DATAFLOW,OECD.SDD.TPS:DSD_PRICES@DF_PRICES_ALL(1.0),,I,OECD,,Q,,N,,CPI,,PA,,_T,,N,,GY,,2013-Q4,,1.470744,,A,,,,,,,,2,
DATAFLOW,OECD.SDD.TPS:DSD_PRICES@DF_PRICES_ALL(1.0),,I,BRA,,Q,,N,,CPI,,PA,,_T,,N,,GY,,1996-Q3,,14.09903,,A,,,,,,,,2,
DATAFLOW,OECD.SDD.TPS:DSD_PRICES@DF_PRICES_ALL(1.0),,I,BRA,,Q,,N,,CPI,,PA,,_T,,N,,GY,,1996-Q4,,10.76802,,A,,,,,,,,2,
DATAFLOW,OECD.SDD.TPS:DSD_PRICES@DF_PRICES_ALL(1.0),,I,BRA,,Q,,N,,CPI,,PA,,_T,,N,,GY,,1997-Q1,,9.066544,,A,,,,,,,,2,
DATAFLOW,OECD.SDD.TPS:DSD_PRICES@DF_PRICES_ALL(1.0),,I,BRA,,Q,,N,,CPI,,PA,,_T,,N,,GY,,1997-Q2,,7.766598,,A,,,,,,,,2,
DATAFLOW,OECD.SDD.TPS:DSD_PRICES@DF_PRICES_ALL(1.0),,I,BRA,,Q,,N,,CPI,,PA,,_T,,N,,GY,,1997-Q3,,5.723454,,A,,,,,,,,2,
DATAFLOW,OECD.SDD.TPS:DSD_PRICES@DF_PRICES_ALL(1.0),,I,BRA,,Q,,N,,CPI,,PA,,_T,,N,,GY,,1997-Q4,,5.304926,,A,,,,,,,,2,
DATAFLOW,OECD.SDD.TPS:DSD_PRICES@DF_PRICES_ALL(1.0),,I,BRA,,Q,,N,,CPI,,PA,,_T,,N,,GY,,1998-Q1,,4.647668,,A,,,,,,,,2,
DATAFLOW,OECD.SDD.TPS:DSD_PRICES@DF_PRICES_ALL(1.0),,I,BRA,,Q,,N,,CPI,,PA,,_T,,N,,GY,,1998-Q2,,3.734814,,A,,,,,,,,2,
DATAFLOW,OECD.SDD.TPS:DSD_PRICES@DF_PRICES_ALL(1.0),,I,BRA,,Q,,N,,CPI,,PA,,_T,,N,,GY,,1998-Q3,,2.625121,,A,,,,,,,,2,
DATAFLOW,OECD.SDD.TPS:DSD_PRICES@DF_PRICES_ALL(1.0),,I,BRA,,Q,,N,,CPI,,PA,,_T,,N,,GY,,1998-Q4,,1.820374,,A,,,,,,,,2,
DATAFLOW,OECD.SDD.TPS:DSD_PRICES@DF_PRICES_ALL(1.0),,I,BRA,,Q,,N,,CPI,,PA,,_T,,N,,GY,,1999-Q1,,2.303229,,A,,,,,,,,2,
DATAFLOW,OECD.SDD.TPS:DSD_PRICES@DF_PRICES_ALL(1.0),,I,BRA,,Q,,N,,CPI,,PA,,_T,,N,,GY,,1999-Q2,,3.267168,,A,,,,,,,,2,
DATAFLOW,OECD.SDD.TPS:DSD_PRICES@DF_PRICES_ALL(1.0),,I,BRA,,Q,,N,,CPI,,PA,,_T,,N,,GY,,1999-Q3,,5.501465,,A,,,,,,,,2,
DATAFLOW,OECD.SDD.TPS:DSD_PRICES@DF_PRICES_ALL(1.0),,I,BRA,,Q,,N,,CPI,,PA,,_T,,N,,GY,,1999-Q4,,8.361596,,A,,,,,,,,2,
DATAFLOW,OECD.SDD.TPS:DSD_PRICES@DF_PRICES_ALL(1.0),,I,BRA,,Q,,N,,CPI,,PA,,_T,,N,,GY,,2000-Q1,,7.872626,,A,,,,,,,,2,
DATAFLOW,OECD.SDD.TPS:DSD_PRICES@DF_PRICES_ALL(1.0),,I,BRA,,Q,,N,,CPI,,PA,,_T,,N,,GY,,2000-Q2,,6.582804,,A,,,,,,,,2,
DATAFLOW,OECD.SDD.TPS:DSD_PRICES@DF_PRICES_ALL(1.0),,I,BRA,,Q,,N,,CPI,,PA,,_T,,N,,GY,,2000-Q3,,7.561886,,A,,,,,,,,2,
DATAFLOW,OECD.SDD.TPS:DSD_PRICES@DF_PRICES_ALL(1.0),,I,BRA,,Q,,N,,CPI,,PA,,_T,,N,,GY,,2000-Q4,,6.201552,,A,,,,,,,,2,
DATAFLOW,OECD.SDD.TPS:DSD_PRICES@DF_PRICES_ALL(1.0),,I,BRA,,Q,,N,,CPI,,PA,,_T,,N,,GY,,2001-Q1,,6.211651,,A,,,,,,,,2,
DATAFLOW,OECD.SDD.TPS:DSD_PRICES@DF_PRICES_ALL(1.0),,I,BRA,,Q,,N,,CPI,,PA,,_T,,N,,GY,,2001-Q2,,6.997734,,A,,,,,,,,2,
DATAFLOW,OECD.SDD.TPS:DSD_PRICES@DF_PRICES_ALL(1.0),,I,BRA,,Q,,N,,CPI,,PA,,_T,,N,,GY,,2001-Q3,,6.635793,,A,,,,,,,,2,
DATAFLOW,OECD.SDD.TPS:DSD_PRICES@DF_PRICES_ALL(1.0),,I,BRA,,Q,,N,,CPI,,PA,,_T,,N,,GY,,2001-Q4,,7.492045,,A,,,,,,,,2,
DATAFLOW,OECD.SDD.TPS:DSD_PRICES@DF_PRICES_ALL(1.0),,I,BRA,,Q,,N,,CPI,,PA,,_T,,N,,GY,,2002-Q1,,7.62715,,A,,,,,,,,2,
DATAFLOW,OECD.SDD.TPS:DSD_PRICES@DF_PRICES_ALL(1.0),,I,BRA,,Q,,N,,CPI,,PA,,_T,,N,,GY,,2002-Q2,,7.804495,,A,,,,,,,,2,
DATAFLOW,OECD.SDD.TPS:DSD_PRICES@DF_PRICES_ALL(1.0),,I,BRA,,Q,,N,,CPI,,PA,,_T,,N,,GY,,2002-Q3,,7.635179,,A,,,,,,,,2,
DATAFLOW,OECD.SDD.TPS:DSD_PRICES@DF_PRICES_ALL(1.0),,I,BRA,,Q,,N,,CPI,,PA,,_T,,N,,GY,,2002-Q4,,10.64528,,A,,,,,,,,2,
DATAFLOW,OECD.SDD.TPS:DSD_PRICES@DF_PRICES_ALL(1.0),,I,BRA,,Q,,N,,CPI,,PA,,_T,,N,,GY,,2003-Q1,,15.63239,,A,,,,,,,,2,
DATAFLOW,OECD.SDD.TPS:DSD_PRICES@DF_PRICES_ALL(1.0),,I,BRA,,Q,,N,,CPI,,PA,,_T,,N,,GY,,2003-Q2,,16.85826,,A,,,,,,,,2,
DATAFLOW,OECD.SDD.TPS:DSD_PRICES@DF_PRICES_ALL(1.0),,I,BRA,,Q,,N,,CPI,,PA,,_T,,N,,GY,,2003-Q3,,15.21521,,A,,,,,,,,2,
DATAFLOW,OECD.SDD.TPS:DSD_PRICES@DF_PRICES_ALL(1.0),,I,BRA,,Q,,N,,CPI,,PA,,_T,,N,,GY,,2003-Q4,,11.39426,,A,,,,,,,,2,
DATAFLOW,OECD.SDD.TPS:DSD_PRICES@DF_PRICES_ALL(1.0),,I,BRA,,Q,,N,,CPI,,PA,,_T,,N,,GY,,2004-Q1,,6.752827,,A,,,,,,,,2,
DATAFLOW,OECD.SDD.TPS:DSD_PRICES@DF_PRICES_ALL(1.0),,I,BRA,,Q,,N,,CPI,,PA,,_T,,N,,GY,,2004-Q2,,5.490549,,A,,,,,,,,2,
DATAFLOW,OECD.SDD.TPS:DSD_PRICES@DF_PRICES_ALL(1.0),,I,BRA,,Q,,N,,CPI,,PA,,_T,,N,,GY,,2004-Q3,,6.898892,,A,,,,,,,,2,
DATAFLOW,OECD.SDD.TPS:DSD_PRICES@DF_PRICES_ALL(1.0),,I,BRA,,Q,,N,,CPI,,PA,,_T,,N,,GY,,2004-Q4,,7.234574,,A,,,,,,,,2,
DATAFLOW,OECD.SDD.TPS:DSD_PRICES@DF_PRICES_ALL(1.0),,I,BRA,,Q,,N,,CPI,,PA,,_T,,N,,GY,,2005-Q1,,7.443366,,A,,,,,,,,2,
DATAFLOW,OECD.SDD.TPS:DSD_PRICES@DF_PRICES_ALL(1.0),,I,BRA,,Q,,N,,CPI,,PA,,_T,,N,,GY,,2005-Q2,,7.794444,,A,,,,,,,,2,
DATAFLOW,OECD.SDD.TPS:DSD_PRICES@DF_PRICES_ALL(1.0),,I,BRA,,Q,,N,,CPI,,PA,,_T,,N,,GY,,2005-Q3,,6.20494,,A,,,,,,,,2,
DATAFLOW,OECD.SDD.TPS:DSD_PRICES@DF_PRICES_ALL(1.0),,I,BRA,,Q,,N,,CPI,,PA,,_T,,N,,GY,,2005-Q4,,6.08777,,A,,,,,,,,2,
DATAFLOW,OECD.SDD.TPS:DSD_PRICES@DF_PRICES_ALL(1.0),,I,BRA,,Q,,N,,CPI,,PA,,_T,,N,,GY,,2006-Q1,,5.510199,,A,,,,,,,,2,
DATAFLOW,OECD.SDD.TPS:DSD_PRICES@DF_PRICES_ALL(1.0),,I,BRA,,Q,,N,,CPI,,PA,,_T,,N,,GY,,2006-Q2,,4.295984,,A,,,,,,,,2,
DATAFLOW,OECD.SDD.TPS:DSD_PRICES@DF_PRICES_ALL(1.0),,I,BRA,,Q,,N,,CPI,,PA,,_T,,N,,GY,,2006-Q3,,3.835115,,A,,,,,,,,2,
DATAFLOW,OECD.SDD.TPS:DSD_PRICES@DF_PRICES_ALL(1.0),,I,BRA,,Q,,N,,CPI,,PA,,_T,,N,,GY,,2006-Q4,,3.141322,,A,,,,,,,,2,
DATAFLOW,OECD.SDD.TPS:DSD_PRICES@DF_PRICES_ALL(1.0),,I,BRA,,Q,,N,,CPI,,PA,,_T,,N,,GY,,2007-Q1,,2.987761,,A,,,,,,,,2,
DATAFLOW,OECD.SDD.TPS:DSD_PRICES@DF_PRICES_ALL(1.0),,I,BRA,,Q,,N,,CPI,,PA,,_T,,N,,GY,,2007-Q2,,3.290206,,A,,,,,,,,2,
DATAFLOW,OECD.SDD.TPS:DSD_PRICES@DF_PRICES_ALL(1.0),,I,BRA,,Q,,N,,CPI,,PA,,_T,,N,,GY,,2007-Q3,,4.021901,,A,,,,,,,,2,
DATAFLOW,OECD.SDD.TPS:DSD_PRICES@DF_PRICES_ALL(1.0),,I,BRA,,Q,,N,,CPI,,PA,,_T,,N,,GY,,2007-Q4,,4.254025,,A,,,,,,,,2,
DATAFLOW,OECD.SDD.TPS:DSD_PRICES@DF_PRICES_ALL(1.0),,I,BRA,,Q,,N,,CPI,,PA,,_T,,N,,GY,,2008-Q1,,4.634657,,A,,,,,,,,2,
DATAFLOW,OECD.SDD.TPS:DSD_PRICES@DF_PRICES_ALL(1.0),,I,BRA,,Q,,N,,CPI,,PA,,_T,,N,,GY,,2008-Q2,,5.560363,,A,,,,,,,,2,
DATAFLOW,OECD.SDD.TPS:DSD_PRICES@DF_PRICES_ALL(1.0),,I,BRA,,Q,,N,,CPI,,PA,,_T,,N,,GY,,2008-Q3,,6.260976,,A,,,,,,,,2,
DATAFLOW,OECD.SDD.TPS:DSD_PRICES@DF_PRICES_ALL(1.0),,I,BRA,,Q,,N,,CPI,,PA,,_T,,N,,GY,,2008-Q4,,6.23258,,A,,,,,,,,2,
DATAFLOW,OECD.SDD.TPS:DSD_PRICES@DF_PRICES_ALL(1.0),,I,BRA,,Q,,N,,CPI,,PA,,_T,,N,,GY,,2009-Q1,,5.782629,,A,,,,,,,,2,
DATAFLOW,OECD.SDD.TPS:DSD_PRICES@DF_PRICES_ALL(1.0),,I,BRA,,Q,,N,,CPI,,PA,,_T,,N,,GY,,2009-Q2,,5.17613,,A,,,,,,,,2,
DATAFLOW,OECD.SDD.TPS:DSD_PRICES@DF_PRICES_ALL(1.0),,I,BRA,,Q,,N,,CPI,,PA,,_T,,N,,GY,,2009-Q3,,4.401974,,A,,,,,,,,2,
DATAFLOW,OECD.SDD.TPS:DSD_PRICES@DF_PRICES_ALL(1.0),,I,BRA,,Q,,N,,CPI,,PA,,_T,,N,,GY,,2009-Q4,,4.232282,,A,,,,,,,,2,
DATAFLOW,OECD.SDD.TPS:DSD_PRICES@DF_PRICES_ALL(1.0),,I,BRA,,Q,,N,,CPI,,PA,,_T,,N,,GY,,2010-Q1,,4.86376,,A,,,,,,,,2,
DATAFLOW,OECD.SDD.TPS:DSD_PRICES@DF_PRICES_ALL(1.0),,I,BRA,,Q,,N,,CPI,,PA,,_T,,N,,GY,,2010-Q2,,5.106026,,A,,,,,,,,2,
DATAFLOW,OECD.SDD.TPS:DSD_PRICES@DF_PRICES_ALL(1.0),,I,BRA,,Q,,N,,CPI,,PA,,_T,,N,,GY,,2010-Q3,,4.59685,,A,,,,,,,,2,
DATAFLOW,OECD.SDD.TPS:DSD_PRICES@DF_PRICES_ALL(1.0),,I,BRA,,Q,,N,,CPI,,PA,,_T,,N,,GY,,2010-Q4,,5.580462,,A,,,,,,,,2,
DATAFLOW,OECD.SDD.TPS:DSD_PRICES@DF_PRICES_ALL(1.0),,I,BRA,,Q,,N,,CPI,,PA,,_T,,N,,GY,,2011-Q1,,6.102672,,A,,,,,,,,2,
DATAFLOW,OECD.SDD.TPS:DSD_PRICES@DF_PRICES_ALL(1.0),,I,BRA,,Q,,N,,CPI,,PA,,_T,,N,,GY,,2011-Q2,,6.59198,,A,,,,,,,,2,
DATAFLOW,OECD.SDD.TPS:DSD_PRICES@DF_PRICES_ALL(1.0),,I,BRA,,Q,,N,,CPI,,PA,,_T,,N,,GY,,2011-Q3,,7.136539,,A,,,,,,,,2,
DATAFLOW,OECD.SDD.TPS:DSD_PRICES@DF_PRICES_ALL(1.0),,I,BRA,,Q,,N,,CPI,,PA,,_T,,N,,GY,,2011-Q4,,6.703769,,A,,,,,,,,2,
DATAFLOW,OECD.SDD.TPS:DSD_PRICES@DF_PRICES_ALL(1.0),,I,BRA,,Q,,N,,CPI,,PA,,_T,,N,,GY,,2012-Q1,,5.766444,,A,,,,,,,,2,
DATAFLOW,OECD.SDD.TPS:DSD_PRICES@DF_PRICES_ALL(1.0),,I,BRA,,Q,,N,,CPI,,PA,,_T,,N,,GY,,2012-Q2,,5.002617,,A,,,,,,,,2,
DATAFLOW,OECD.SDD.TPS:DSD_PRICES@DF_PRICES_ALL(1.0),,I,BRA,,Q,,N,,CPI,,PA,,_T,,N,,GY,,2012-Q3,,5.240459,,A,,,,,,,,2,
DATAFLOW,OECD.SDD.TPS:DSD_PRICES@DF_PRICES_ALL(1.0),,I,BRA,,Q,,N,,CPI,,PA,,_T,,N,,GY,,2012-Q4,,5.608078,,A,,,,,,,,2,
DATAFLOW,OECD.SDD.TPS:DSD_PRICES@DF_PRICES_ALL(1.0),,I,BRA,,Q,,N,,CPI,,PA,,_T,,N,,GY,,2013-Q1,,6.352467,,A,,,,,,,,2,
DATAFLOW,OECD.SDD.TPS:DSD_PRICES@DF_PRICES_ALL(1.0),,I,BRA,,Q,,N,,CPI,,PA,,_T,,N,,GY,,2013-Q2,,6.564641,,A,,,,,,,,2,
DATAFLOW,OECD.SDD.TPS:DSD_PRICES@DF_PRICES_ALL(1.0),,I,BRA,,Q,,N,,CPI,,PA,,_T,,N,,GY,,2013-Q3,,6.072682,,A,,,,,,,,2,
DATAFLOW,OECD.SDD.TPS:DSD_PRICES@DF_PRICES_ALL(1.0),,I,BRA,,Q,,N,,CPI,,PA,,_T,,N,,GY,,2013-Q4,,5.841049,,A,,,,,,,,2,
DATAFLOW,OECD.SDD.TPS:DSD_PRICES@DF_PRICES_ALL(1.0),,I,BRA,,Q,,N,,CPI,,PA,,_T,,N,,GY,,2014-Q1,,5.806808,,A,,,,,,,,2,
DATAFLOW,OECD.SDD.TPS:DSD_PRICES@DF_PRICES_ALL(1.0),,I,BRA,,Q,,N,,CPI,,PA,,_T,,N,,GY,,2014-Q2,,6.392816,,A,,,,,,,,2,
DATAFLOW,OECD.SDD.TPS:DSD_PRICES@DF_PRICES_ALL(1.0),,I,BRA,,Q,,N,,CPI,,PA,,_T,,N,,GY,,2014-Q3,,6.58748,,A,,,,,,,,2,
DATAFLOW,OECD.SDD.TPS:DSD_PRICES@DF_PRICES_ALL(1.0),,I,BRA,,Q,,N,,CPI,,PA,,_T,,N,,GY,,2014-Q4,,6.516207,,A,,,,,,,,2,
DATAFLOW,OECD.SDD.TPS:DSD_PRICES@DF_PRICES_ALL(1.0),,I,BRA,,Q,,N,,CPI,,PA,,_T,,N,,GY,,2015-Q1,,7.658574,,A,,,,,,,,2,
DATAFLOW,OECD.SDD.TPS:DSD_PRICES@DF_PRICES_ALL(1.0),,I,BRA,,Q,,N,,CPI,,PA,,_T,,N,,GY,,2015-Q2,,8.513983,,A,,,,,,,,2,
DATAFLOW,OECD.SDD.TPS:DSD_PRICES@DF_PRICES_ALL(1.0),,I,BRA,,Q,,N,,CPI,,PA,,_T,,N,,GY,,2015-Q3,,9.525464,,A,,,,,,,,2,
DATAFLOW,OECD.SDD.TPS:DSD_PRICES@DF_PRICES_ALL(1.0),,I,BRA,,Q,,N,,CPI,,PA,,_T,,N,,GY,,2015-Q4,,10.36077,,A,,,,,,,,2,
DATAFLOW,OECD.SDD.TPS:DSD_PRICES@DF_PRICES_ALL(1.0),,I,BRA,,Q,,N,,CPI,,PA,,_T,,N,,GY,,2016-Q1,,10.14376,,A,,,,,,,,2,
DATAFLOW,OECD.SDD.TPS:DSD_PRICES@DF_PRICES_ALL(1.0),,I,BRA,,Q,,N,,CPI,,PA,,_T,,N,,GY,,2016-Q2,,9.146459,,A,,,,,,,,2,
DATAFLOW,OECD.SDD.TPS:DSD_PRICES@DF_PRICES_ALL(1.0),,I,BRA,,Q,,N,,CPI,,PA,,_T,,N,,GY,,2016-Q3,,8.728286,,A,,,,,,,,2,
DATAFLOW,OECD.SDD.TPS:DSD_PRICES@DF_PRICES_ALL(1.0),,I,BRA,,Q,,N,,CPI,,PA,,_T,,N,,GY,,2016-Q4,,7.044497,,A,,,,,,,,2,
DATAFLOW,OECD.SDD.TPS:DSD_PRICES@DF_PRICES_ALL(1.0),,I,BRA,,Q,,N,,CPI,,PA,,_T,,N,,GY,,2017-Q1,,4.892844,,A,,,,,,,,2,
DATAFLOW,OECD.SDD.TPS:DSD_PRICES@DF_PRICES_ALL(1.0),,I,BRA,,Q,,N,,CPI,,PA,,_T,,N,,GY,,2017-Q2,,3.557437,,A,,,,,,,,2,
DATAFLOW,OECD.SDD.TPS:DSD_PRICES@DF_PRICES_ALL(1.0),,I,BRA,,Q,,N,,CPI,,PA,,_T,,N,,GY,,2017-Q3,,2.568191,,A,,,,,,,,2,
DATAFLOW,OECD.SDD.TPS:DSD_PRICES@DF_PRICES_ALL(1.0),,I,BRA,,Q,,N,,CPI,,PA,,_T,,N,,GY,,2017-Q4,,2.817709,,A,,,,,,,,2,
DATAFLOW,OECD.SDD.TPS:DSD_PRICES@DF_PRICES_ALL(1.0),,I,BRA,,Q,,N,,CPI,,PA,,_T,,N,,GY,,2018-Q1,,2.793443,,A,,,,,,,,2,
DATAFLOW,OECD.SDD.TPS:DSD_PRICES@DF_PRICES_ALL(1.0),,I,BRA,,Q,,N,,CPI,,PA,,_T,,N,,GY,,2018-Q2,,3.336087,,A,,,,,,,,2,
DATAFLOW,OECD.SDD.TPS:DSD_PRICES@DF_PRICES_ALL(1.0),,I,BRA,,Q,,N,,CPI,,PA,,_T,,N,,GY,,2018-Q3,,4.401292,,A,,,,,,,,2,
DATAFLOW,OECD.SDD.TPS:DSD_PRICES@DF_PRICES_ALL(1.0),,I,BRA,,Q,,N,,CPI,,PA,,_T,,N,,GY,,2018-Q4,,4.115261,,A,,,,,,,,2,
DATAFLOW,OECD.SDD.TPS:DSD_PRICES@DF_PRICES_ALL(1.0),,I,BRA,,Q,,N,,CPI,,PA,,_T,,N,,GY,,2019-Q1,,4.081151,,A,,,,,,,,2,
DATAFLOW,OECD.SDD.TPS:DSD_PRICES@DF_PRICES_ALL(1.0),,I,BRA,,Q,,N,,CPI,,PA,,_T,,N,,GY,,2019-Q2,,4.316856,,A,,,,,,,,2,
DATAFLOW,OECD.SDD.TPS:DSD_PRICES@DF_PRICES_ALL(1.0),,I,BRA,,Q,,N,,CPI,,PA,,_T,,N,,GY,,2019-Q3,,3.180906,,A,,,,,,,,2,
DATAFLOW,OECD.SDD.TPS:DSD_PRICES@DF_PRICES_ALL(1.0),,I,BRA,,Q,,N,,CPI,,PA,,_T,,N,,GY,,2019-Q4,,3.371909,,A,,,,,,,,2,
DATAFLOW,OECD.SDD.TPS:DSD_PRICES@DF_PRICES_ALL(1.0),,I,BRA,,Q,,N,,CPI,,PA,,_T,,N,,GY,,2020-Q1,,3.831513,,A,,,,,,,,2,
DATAFLOW,OECD.SDD.TPS:DSD_PRICES@DF_PRICES_ALL(1.0),,I,BRA,,Q,,N,,CPI,,PA,,_T,,N,,GY,,2020-Q2,,2.136361,,A,,,,,,,,2,
DATAFLOW,OECD.SDD.TPS:DSD_PRICES@DF_PRICES_ALL(1.0),,I,BRA,,Q,,N,,CPI,,PA,,_T,,N,,GY,,2020-Q3,,2.626523,,A,,,,,,,,2,
DATAFLOW,OECD.SDD.TPS:DSD_PRICES@DF_PRICES_ALL(1.0),,I,BRA,,Q,,N,,CPI,,PA,,_T,,N,,GY,,2020-Q4,,4.250595,,A,,,,,,,,2,
DATAFLOW,OECD.SDD.TPS:DSD_PRICES@DF_PRICES_ALL(1.0),,I,BRA,,Q,,N,,CPI,,PA,,_T,,N,,GY,,2021-Q1,,5.285479,,A,,,,,,,,2,
DATAFLOW,OECD.SDD.TPS:DSD_PRICES@DF_PRICES_ALL(1.0),,I,BRA,,Q,,N,,CPI,,PA,,_T,,N,,GY,,2021-Q2,,7.720136,,A,,,,,,,,2,
DATAFLOW,OECD.SDD.TPS:DSD_PRICES@DF_PRICES_ALL(1.0),,I,BRA,,Q,,N,,CPI,,PA,,_T,,N,,GY,,2021-Q3,,9.642137,,A,,,,,,,,2,
DATAFLOW,OECD.SDD.TPS:DSD_PRICES@DF_PRICES_ALL(1.0),,I,BRA,,Q,,N,,CPI,,PA,,_T,,N,,GY,,2021-Q4,,10.48824,,A,,,,,,,,2,
DATAFLOW,OECD.SDD.TPS:DSD_PRICES@DF_PRICES_ALL(1.0),,I,BRA,,Q,,N,,CPI,,PA,,_T,,N,,GY,,2022-Q1,,10.74359,,A,,,,,,,,2,
DATAFLOW,OECD.SDD.TPS:DSD_PRICES@DF_PRICES_ALL(1.0),,I,BRA,,Q,,N,,CPI,,PA,,_T,,N,,GY,,2022-Q2,,11.91593,,A,,,,,,,,2,
DATAFLOW,OECD.SDD.TPS:DSD_PRICES@DF_PRICES_ALL(1.0),,I,BRA,,Q,,N,,CPI,,PA,,_T,,N,,GY,,2022-Q3,,8.64537,,A,,,,,,,,2,
DATAFLOW,OECD.SDD.TPS:DSD_PRICES@DF_PRICES_ALL(1.0),,I,BRA,,Q,,N,,CPI,,PA,,_T,,N,,GY,,2022-Q4,,6.050101,,A,,,,,,,,2,
DATAFLOW,OECD.SDD.TPS:DSD_PRICES@DF_PRICES_ALL(1.0),,I,BRA,,Q,,N,,CPI,,PA,,_T,,N,,GY,,2023-Q1,,5.3354,,A,,,,,,,,2,
DATAFLOW,OECD.SDD.TPS:DSD_PRICES@DF_PRICES_ALL(1.0),,I,BRA,,Q,,N,,CPI,,PA,,_T,,N,,GY,,2023-Q2,,3.758699,,A,,,,,,,,2,
DATAFLOW,OECD.SDD.TPS:DSD_PRICES@DF_PRICES_ALL(1.0),,I,BRA,,Q,,N,,CPI,,PA,,_T,,N,,GY,,2023-Q3,,4.593984,,A,,,,,,,,2,
DATAFLOW,OECD.SDD.TPS:DSD_PRICES@DF_PRICES_ALL(1.0),,I,BRA,,Q,,N,,CPI,,PA,,_T,,N,,GY,,2023-Q4,,4.70765,,A,,,,,,,,2,
DATAFLOW,OECD.SDD.TPS:DSD_PRICES@DF_PRICES_ALL(1.0),,I,BRA,,Q,,N,,CPI,,PA,,_T,,N,,GY,,2024-Q1,,4.308135,,A,,,,,,,,2,
DATAFLOW,OECD.SDD.TPS:DSD_PRICES@DF_PRICES_ALL(1.0),,I,BRA,,Q,,N,,CPI,,PA,,_T,,N,,GY,,2024-Q2,,3.947341,,A,,,,,,,,2,
DATAFLOW,OECD.SDD.TPS:DSD_PRICES@DF_PRICES_ALL(1.0),,I,BRA,,Q,,N,,CPI,,PA,,_T,,N,,GY,,2024-Q3,,4.38692,,A,,,,,,,,2,
DATAFLOW,OECD.SDD.TPS:DSD_PRICES@DF_PRICES_ALL(1.0),,I,BRA,,Q,,N,,CPI,,PA,,_T,,N,,GY,,2024-Q4,,4.820831,,A,,,,,,,,2,
DATAFLOW,OECD.SDD.TPS:DSD_PRICES@DF_PRICES_ALL(1.0),,I,BRA,,Q,,N,,CPI,,PA,,_T,,N,,GY,,2025-Q1,,5.033068,,A,,,,,,,,2,
DATAFLOW,OECD.SDD.TPS:DSD_PRICES@DF_PRICES_ALL(1.0),,I,BRA,,Q,,N,,CPI,,PA,,_T,,N,,GY,,2025-Q2,,5.400095,,A,,,,,,,,2,
DATAFLOW,OECD.SDD.TPS:DSD_PRICES@DF_PRICES_ALL(1.0),,I,BRA,,Q,,N,,CPI,,PA,,_T,,N,,GY,,2025-Q3,,5.175969,,A,,,,,,,,2,
DATAFLOW,OECD.SDD.TPS:DSD_PRICES@DF_PRICES_ALL(1.0),,I,BRA,,Q,,N,,CPI,,PA,,_T,,N,,GY,,2025-Q4,,4.468317,,A,,,,,,,,2,
DATAFLOW,OECD.SDD.TPS:DSD_PRICES@DF_PRICES_ALL(1.0),,I,BRA,,Q,,N,,CPI,,PA,,_T,,N,,GY,,2026-Q1,,4.13078,,A,,,,,,,,2,
DATAFLOW,OECD.SDD.TPS:DSD_PRICES@DF_PRICES_ALL(1.0),,I,JPN,,Q,,N,,CPI,,PA,,_T,,N,,GY,,1996-Q3,,0.2086231,,A,,,,,,,,2,
DATAFLOW,OECD.SDD.TPS:DSD_PRICES@DF_PRICES_ALL(1.0),,I,JPN,,Q,,N,,CPI,,PA,,_T,,N,,GY,,1996-Q4,,0.5567154,,A,,,,,,,,2,
DATAFLOW,OECD.SDD.TPS:DSD_PRICES@DF_PRICES_ALL(1.0),,I,JPN,,Q,,N,,CPI,,PA,,_T,,N,,GY,,1997-Q1,,0.5931612,,A,,,,,,,,2,
DATAFLOW,OECD.SDD.TPS:DSD_PRICES@DF_PRICES_ALL(1.0),,I,JPN,,Q,,N,,CPI,,PA,,_T,,N,,GY,,1997-Q2,,1.974368,,A,,,,,,,,2,
DATAFLOW,OECD.SDD.TPS:DSD_PRICES@DF_PRICES_ALL(1.0),,I,JPN,,Q,,N,,CPI,,PA,,_T,,N,,GY,,1997-Q3,,2.116586,,A,,,,,,,,2,
DATAFLOW,OECD.SDD.TPS:DSD_PRICES@DF_PRICES_ALL(1.0),,I,JPN,,Q,,N,,CPI,,PA,,_T,,N,,GY,,1997-Q4,,2.110727,,A,,,,,,,,2,
DATAFLOW,OECD.SDD.TPS:DSD_PRICES@DF_PRICES_ALL(1.0),,I,JPN,,Q,,N,,CPI,,PA,,_T,,N,,GY,,1998-Q1,,1.942421,,A,,,,,,,,2,
DATAFLOW,OECD.SDD.TPS:DSD_PRICES@DF_PRICES_ALL(1.0),,I,JPN,,Q,,N,,CPI,,PA,,_T,,N,,GY,,1998-Q2,,0.3396739,,A,,,,,,,,2,
DATAFLOW,OECD.SDD.TPS:DSD_PRICES@DF_PRICES_ALL(1.0),,I,JPN,,Q,,N,,CPI,,PA,,_T,,N,,GY,,1998-Q3,,-0.2038736,,A,,,,,,,,2,
DATAFLOW,OECD.SDD.TPS:DSD_PRICES@DF_PRICES_ALL(1.0),,I,JPN,,Q,,N,,CPI,,PA,,_T,,N,,GY,,1998-Q4,,0.5421891,,A,,,,,,,,2,
DATAFLOW,OECD.SDD.TPS:DSD_PRICES@DF_PRICES_ALL(1.0),,I,JPN,,Q,,N,,CPI,,PA,,_T,,N,,GY,,1999-Q1,,-0.1020755,,A,,,,,,,,2,
DATAFLOW,OECD.SDD.TPS:DSD_PRICES@DF_PRICES_ALL(1.0),,I,JPN,,Q,,N,,CPI,,PA,,_T,,N,,GY,,1999-Q2,,-0.2708192,,A,,,,,,,,2,
DATAFLOW,OECD.SDD.TPS:DSD_PRICES@DF_PRICES_ALL(1.0),,I,JPN,,Q,,N,,CPI,,PA,,_T,,N,,GY,,1999-Q3,,0,,A,,,,,,,,2,
DATAFLOW,OECD.SDD.TPS:DSD_PRICES@DF_PRICES_ALL(1.0),,I,JPN,,Q,,N,,CPI,,PA,,_T,,N,,GY,,1999-Q4,,-1.011122,,A,,,,,,,,2,
DATAFLOW,OECD.SDD.TPS:DSD_PRICES@DF_PRICES_ALL(1.0),,I,JPN,,Q,,N,,CPI,,PA,,_T,,N,,GY,,2000-Q1,,-0.613079,,A,,,,,,,,2,
DATAFLOW,OECD.SDD.TPS:DSD_PRICES@DF_PRICES_ALL(1.0),,I,JPN,,Q,,N,,CPI,,PA,,_T,,N,,GY,,2000-Q2,,-0.712831,,A,,,,,,,,2,
DATAFLOW,OECD.SDD.TPS:DSD_PRICES@DF_PRICES_ALL(1.0),,I,JPN,,Q,,N,,CPI,,PA,,_T,,N,,GY,,2000-Q3,,-0.6469186,,A,,,,,,,,2,
DATAFLOW,OECD.SDD.TPS:DSD_PRICES@DF_PRICES_ALL(1.0),,I,JPN,,Q,,N,,CPI,,PA,,_T,,N,,GY,,2000-Q4,,-0.783112,,A,,,,,,,,2,
DATAFLOW,OECD.SDD.TPS:DSD_PRICES@DF_PRICES_ALL(1.0),,I,JPN,,Q,,N,,CPI,,PA,,_T,,N,,GY,,2001-Q1,,-0.4112406,,A,,,,,,,,2,
DATAFLOW,OECD.SDD.TPS:DSD_PRICES@DF_PRICES_ALL(1.0),,I,JPN,,Q,,N,,CPI,,PA,,_T,,N,,GY,,2001-Q2,,-0.7179487,,A,,,,,,,,2,
DATAFLOW,OECD.SDD.TPS:DSD_PRICES@DF_PRICES_ALL(1.0),,I,JPN,,Q,,N,,CPI,,PA,,_T,,N,,GY,,2001-Q3,,-0.719671,,A,,,,,,,,2,
DATAFLOW,OECD.SDD.TPS:DSD_PRICES@DF_PRICES_ALL(1.0),,I,JPN,,Q,,N,,CPI,,PA,,_T,,N,,GY,,2001-Q4,,-0.9265614,,A,,,,,,,,2,
DATAFLOW,OECD.SDD.TPS:DSD_PRICES@DF_PRICES_ALL(1.0),,I,JPN,,Q,,N,,CPI,,PA,,_T,,N,,GY,,2002-Q1,,-1.376462,,A,,,,,,,,2,
DATAFLOW,OECD.SDD.TPS:DSD_PRICES@DF_PRICES_ALL(1.0),,I,JPN,,Q,,N,,CPI,,PA,,_T,,N,,GY,,2002-Q2,,-0.8608816,,A,,,,,,,,2,
DATAFLOW,OECD.SDD.TPS:DSD_PRICES@DF_PRICES_ALL(1.0),,I,JPN,,Q,,N,,CPI,,PA,,_T,,N,,GY,,2002-Q3,,-0.7939247,,A,,,,,,,,2,
DATAFLOW,OECD.SDD.TPS:DSD_PRICES@DF_PRICES_ALL(1.0),,I,JPN,,Q,,N,,CPI,,PA,,_T,,N,,GY,,2002-Q4,,-0.5542085,,A,,,,,,,,2,
DATAFLOW,OECD.SDD.TPS:DSD_PRICES@DF_PRICES_ALL(1.0),,I,JPN,,Q,,N,,CPI,,PA,,_T,,N,,GY,,2003-Q1,,-0.2442428,,A,,,,,,,,2,
DATAFLOW,OECD.SDD.TPS:DSD_PRICES@DF_PRICES_ALL(1.0),,I,JPN,,Q,,N,,CPI,,PA,,_T,,N,,GY,,2003-Q2,,-0.24314,,A,,,,,,,,2,
DATAFLOW,OECD.SDD.TPS:DSD_PRICES@DF_PRICES_ALL(1.0),,I,JPN,,Q,,N,,CPI,,PA,,_T,,N,,GY,,2003-Q3,,-0.243563,,A,,,,,,,,2,
DATAFLOW,OECD.SDD.TPS:DSD_PRICES@DF_PRICES_ALL(1.0),,I,JPN,,Q,,N,,CPI,,PA,,_T,,N,,GY,,2003-Q4,,-0.3134796,,A,,,,,,,,2,
DATAFLOW,OECD.SDD.TPS:DSD_PRICES@DF_PRICES_ALL(1.0),,I,JPN,,Q,,N,,CPI,,PA,,_T,,N,,GY,,2004-Q1,,-0.1399091,,A,,,,,,,,2,
DATAFLOW,OECD.SDD.TPS:DSD_PRICES@DF_PRICES_ALL(1.0),,I,JPN,,Q,,N,,CPI,,PA,,_T,,N,,GY,,2004-Q2,,-0.3133705,,A,,,,,,,,2,
DATAFLOW,OECD.SDD.TPS:DSD_PRICES@DF_PRICES_ALL(1.0),,I,JPN,,Q,,N,,CPI,,PA,,_T,,N,,GY,,2004-Q3,,-0.104639,,A,,,,,,,,2,
DATAFLOW,OECD.SDD.TPS:DSD_PRICES@DF_PRICES_ALL(1.0),,I,JPN,,Q,,N,,CPI,,PA,,_T,,N,,GY,,2004-Q4,,0.524109,,A,,,,,,,,2,
DATAFLOW,OECD.SDD.TPS:DSD_PRICES@DF_PRICES_ALL(1.0),,I,JPN,,Q,,N,,CPI,,PA,,_T,,N,,GY,,2005-Q1,,0.03502627,,A,,,,,,,,2,
DATAFLOW,OECD.SDD.TPS:DSD_PRICES@DF_PRICES_ALL(1.0),,I,JPN,,Q,,N,,CPI,,PA,,_T,,N,,GY,,2005-Q2,,-0.1047852,,A,,,,,,,,2,
DATAFLOW,OECD.SDD.TPS:DSD_PRICES@DF_PRICES_ALL(1.0),,I,JPN,,Q,,N,,CPI,,PA,,_T,,N,,GY,,2005-Q3,,-0.3142458,,A,,,,,,,,2,
DATAFLOW,OECD.SDD.TPS:DSD_PRICES@DF_PRICES_ALL(1.0),,I,JPN,,Q,,N,,CPI,,PA,,_T,,N,,GY,,2005-Q4,,-0.7646855,,A,,,,,,,,2,
DATAFLOW,OECD.SDD.TPS:DSD_PRICES@DF_PRICES_ALL(1.0),,I,JPN,,Q,,N,,CPI,,PA,,_T,,N,,GY,,2006-Q1,,-0.140056,,A,,,,,,,,2,
DATAFLOW,OECD.SDD.TPS:DSD_PRICES@DF_PRICES_ALL(1.0),,I,JPN,,Q,,N,,CPI,,PA,,_T,,N,,GY,,2006-Q2,,0.1748252,,A,,,,,,,,2,
DATAFLOW,OECD.SDD.TPS:DSD_PRICES@DF_PRICES_ALL(1.0),,I,JPN,,Q,,N,,CPI,,PA,,_T,,N,,GY,,2006-Q3,,0.6304728,,A,,,,,,,,2,
DATAFLOW,OECD.SDD.TPS:DSD_PRICES@DF_PRICES_ALL(1.0),,I,JPN,,Q,,N,,CPI,,PA,,_T,,N,,GY,,2006-Q4,,0.3502627,,A,,,,,,,,2,
DATAFLOW,OECD.SDD.TPS:DSD_PRICES@DF_PRICES_ALL(1.0),,I,JPN,,Q,,N,,CPI,,PA,,_T,,N,,GY,,2007-Q1,,-0.1051893,,A,,,,,,,,2,
DATAFLOW,OECD.SDD.TPS:DSD_PRICES@DF_PRICES_ALL(1.0),,I,JPN,,Q,,N,,CPI,,PA,,_T,,N,,GY,,2007-Q2,,-0.06980803,,A,,,,,,,,2,
DATAFLOW,OECD.SDD.TPS:DSD_PRICES@DF_PRICES_ALL(1.0),,I,JPN,,Q,,N,,CPI,,PA,,_T,,N,,GY,,2007-Q3,,-0.1392273,,A,,,,,,,,2,
DATAFLOW,OECD.SDD.TPS:DSD_PRICES@DF_PRICES_ALL(1.0),,I,JPN,,Q,,N,,CPI,,PA,,_T,,N,,GY,,2007-Q4,,0.4886562,,A,,,,,,,,2,
DATAFLOW,OECD.SDD.TPS:DSD_PRICES@DF_PRICES_ALL(1.0),,I,JPN,,Q,,N,,CPI,,PA,,_T,,N,,GY,,2008-Q1,,0.982801,,A,,,,,,,,2,
DATAFLOW,OECD.SDD.TPS:DSD_PRICES@DF_PRICES_ALL(1.0),,I,JPN,,Q,,N,,CPI,,PA,,_T,,N,,GY,,2008-Q2,,1.327279,,A,,,,,,,,2,
DATAFLOW,OECD.SDD.TPS:DSD_PRICES@DF_PRICES_ALL(1.0),,I,JPN,,Q,,N,,CPI,,PA,,_T,,N,,GY,,2008-Q3,,2.161032,,A,,,,,,,,2,
DATAFLOW,OECD.SDD.TPS:DSD_PRICES@DF_PRICES_ALL(1.0),,I,JPN,,Q,,N,,CPI,,PA,,_T,,N,,GY,,2008-Q4,,1.042028,,A,,,,,,,,2,
DATAFLOW,OECD.SDD.TPS:DSD_PRICES@DF_PRICES_ALL(1.0),,I,JPN,,Q,,N,,CPI,,PA,,_T,,N,,GY,,2009-Q1,,-0.1042753,,A,,,,,,,,2,
DATAFLOW,OECD.SDD.TPS:DSD_PRICES@DF_PRICES_ALL(1.0),,I,JPN,,Q,,N,,CPI,,PA,,_T,,N,,GY,,2009-Q2,,-0.9307135,,A,,,,,,,,2,
DATAFLOW,OECD.SDD.TPS:DSD_PRICES@DF_PRICES_ALL(1.0),,I,JPN,,Q,,N,,CPI,,PA,,_T,,N,,GY,,2009-Q3,,-2.251791,,A,,,,,,,,2,
DATAFLOW,OECD.SDD.TPS:DSD_PRICES@DF_PRICES_ALL(1.0),,I,JPN,,Q,,N,,CPI,,PA,,_T,,N,,GY,,2009-Q4,,-2.028188,,A,,,,,,,,2,
DATAFLOW,OECD.SDD.TPS:DSD_PRICES@DF_PRICES_ALL(1.0),,I,JPN,,Q,,N,,CPI,,PA,,_T,,N,,GY,,2010-Q1,,-0.8698678,,A,,,,,,,,2,
DATAFLOW,OECD.SDD.TPS:DSD_PRICES@DF_PRICES_ALL(1.0),,I,JPN,,Q,,N,,CPI,,PA,,_T,,N,,GY,,2010-Q2,,-0.8002784,,A,,,,,,,,2,
DATAFLOW,OECD.SDD.TPS:DSD_PRICES@DF_PRICES_ALL(1.0),,I,JPN,,Q,,N,,CPI,,PA,,_T,,N,,GY,,2010-Q3,,-1.012216,,A,,,,,,,,2,
DATAFLOW,OECD.SDD.TPS:DSD_PRICES@DF_PRICES_ALL(1.0),,I,JPN,,Q,,N,,CPI,,PA,,_T,,N,,GY,,2010-Q4,,-0.2807018,,A,,,,,,,,2,
DATAFLOW,OECD.SDD.TPS:DSD_PRICES@DF_PRICES_ALL(1.0),,I,JPN,,Q,,N,,CPI,,PA,,_T,,N,,GY,,2011-Q1,,-0.5265005,,A,,,,,,,,2,
DATAFLOW,OECD.SDD.TPS:DSD_PRICES@DF_PRICES_ALL(1.0),,I,JPN,,Q,,N,,CPI,,PA,,_T,,N,,GY,,2011-Q2,,-0.3858295,,A,,,,,,,,2,
DATAFLOW,OECD.SDD.TPS:DSD_PRICES@DF_PRICES_ALL(1.0),,I,JPN,,Q,,N,,CPI,,PA,,_T,,N,,GY,,2011-Q3,,0.1410437,,A,,,,,,,,2,
DATAFLOW,OECD.SDD.TPS:DSD_PRICES@DF_PRICES_ALL(1.0),,I,JPN,,Q,,N,,CPI,,PA,,_T,,N,,GY,,2011-Q4,,-0.3166784,,A,,,,,,,,2,
DATAFLOW,OECD.SDD.TPS:DSD_PRICES@DF_PRICES_ALL(1.0),,I,JPN,,Q,,N,,CPI,,PA,,_T,,N,,GY,,2012-Q1,,0.3175723,,A,,,,,,,,2,
DATAFLOW,OECD.SDD.TPS:DSD_PRICES@DF_PRICES_ALL(1.0),,I,JPN,,Q,,N,,CPI,,PA,,_T,,N,,GY,,2012-Q2,,0.1760563,,A,,,,,,,,2,
DATAFLOW,OECD.SDD.TPS:DSD_PRICES@DF_PRICES_ALL(1.0),,I,JPN,,Q,,N,,CPI,,PA,,_T,,N,,GY,,2012-Q3,,-0.4225352,,A,,,,,,,,2,
DATAFLOW,OECD.SDD.TPS:DSD_PRICES@DF_PRICES_ALL(1.0),,I,JPN,,Q,,N,,CPI,,PA,,_T,,N,,GY,,2012-Q4,,-0.2470879,,A,,,,,,,,2,
DATAFLOW,OECD.SDD.TPS:DSD_PRICES@DF_PRICES_ALL(1.0),,I,JPN,,Q,,N,,CPI,,PA,,_T,,N,,GY,,2013-Q1,,-0.6683081,,A,,,,,,,,2,
DATAFLOW,OECD.SDD.TPS:DSD_PRICES@DF_PRICES_ALL(1.0),,I,JPN,,Q,,N,,CPI,,PA,,_T,,N,,GY,,2013-Q2,,-0.2811951,,A,,,,,,,,2,
DATAFLOW,OECD.SDD.TPS:DSD_PRICES@DF_PRICES_ALL(1.0),,I,JPN,,Q,,N,,CPI,,PA,,_T,,N,,GY,,2013-Q3,,0.884017,,A,,,,,,,,2,
DATAFLOW,OECD.SDD.TPS:DSD_PRICES@DF_PRICES_ALL(1.0),,I,JPN,,Q,,N,,CPI,,PA,,_T,,N,,GY,,2013-Q4,,1.415428,,A,,,,,,,,2,
DATAFLOW,OECD.SDD.TPS:DSD_PRICES@DF_PRICES_ALL(1.0),,I,JPN,,Q,,N,,CPI,,PA,,_T,,N,,GY,,2014-Q1,,1.522663,,A,,,,,,,,2,
DATAFLOW,OECD.SDD.TPS:DSD_PRICES@DF_PRICES_ALL(1.0),,I,JPN,,Q,,N,,CPI,,PA,,_T,,N,,GY,,2014-Q2,,3.560099,,A,,,,,,,,2,
DATAFLOW,OECD.SDD.TPS:DSD_PRICES@DF_PRICES_ALL(1.0),,I,JPN,,Q,,N,,CPI,,PA,,_T,,N,,GY,,2014-Q3,,3.364879,,A,,,,,,,,2,
DATAFLOW,OECD.SDD.TPS:DSD_PRICES@DF_PRICES_ALL(1.0),,I,JPN,,Q,,N,,CPI,,PA,,_T,,N,,GY,,2014-Q4,,2.581996,,A,,,,,,,,2,
DATAFLOW,OECD.SDD.TPS:DSD_PRICES@DF_PRICES_ALL(1.0),,I,JPN,,Q,,N,,CPI,,PA,,_T,,N,,GY,,2015-Q1,,2.302058,,A,,,,,,,,2,
DATAFLOW,OECD.SDD.TPS:DSD_PRICES@DF_PRICES_ALL(1.0),,I,JPN,,Q,,N,,CPI,,PA,,_T,,N,,GY,,2015-Q2,,0.5786249,,A,,,,,,,,2,
DATAFLOW,OECD.SDD.TPS:DSD_PRICES@DF_PRICES_ALL(1.0),,I,JPN,,Q,,N,,CPI,,PA,,_T,,N,,GY,,2015-Q3,,0.1017294,,A,,,,,,,,2,
DATAFLOW,OECD.SDD.TPS:DSD_PRICES@DF_PRICES_ALL(1.0),,I,JPN,,Q,,N,,CPI,,PA,,_T,,N,,GY,,2015-Q4,,0.2380952,,A,,,,,,,,2,
DATAFLOW,OECD.SDD.TPS:DSD_PRICES@DF_PRICES_ALL(1.0),,I,JPN,,Q,,N,,CPI,,PA,,_T,,N,,GY,,2016-Q1,,0.03409478,,A,,,,,,,,2,
DATAFLOW,OECD.SDD.TPS:DSD_PRICES@DF_PRICES_ALL(1.0),,I,JPN,,Q,,N,,CPI,,PA,,_T,,N,,GY,,2016-Q2,,-0.3722504,,A,,,,,,,,2,
DATAFLOW,OECD.SDD.TPS:DSD_PRICES@DF_PRICES_ALL(1.0),,I,JPN,,Q,,N,,CPI,,PA,,_T,,N,,GY,,2016-Q3,,-0.4742548,,A,,,,,,,,2,
DATAFLOW,OECD.SDD.TPS:DSD_PRICES@DF_PRICES_ALL(1.0),,I,JPN,,Q,,N,,CPI,,PA,,_T,,N,,GY,,2016-Q4,,0.3053953,,A,,,,,,,,2,
DATAFLOW,OECD.SDD.TPS:DSD_PRICES@DF_PRICES_ALL(1.0),,I,JPN,,Q,,N,,CPI,,PA,,_T,,N,,GY,,2017-Q1,,0.3408316,,A,,,,,,,,2,
DATAFLOW,OECD.SDD.TPS:DSD_PRICES@DF_PRICES_ALL(1.0),,I,JPN,,Q,,N,,CPI,,PA,,_T,,N,,GY,,2017-Q2,,0.4076087,,A,,,,,,,,2,
DATAFLOW,OECD.SDD.TPS:DSD_PRICES@DF_PRICES_ALL(1.0),,I,JPN,,Q,,N,,CPI,,PA,,_T,,N,,GY,,2017-Q3,,0.6126617,,A,,,,,,,,2,
DATAFLOW,OECD.SDD.TPS:DSD_PRICES@DF_PRICES_ALL(1.0),,I,JPN,,Q,,N,,CPI,,PA,,_T,,N,,GY,,2017-Q4,,0.5751015,,A,,,,,,,,2,
DATAFLOW,OECD.SDD.TPS:DSD_PRICES@DF_PRICES_ALL(1.0),,I,JPN,,Q,,N,,CPI,,PA,,_T,,N,,GY,,2018-Q1,,1.290761,,A,,,,,,,,2,
DATAFLOW,OECD.SDD.TPS:DSD_PRICES@DF_PRICES_ALL(1.0),,I,JPN,,Q,,N,,CPI,,PA,,_T,,N,,GY,,2018-Q2,,0.67659,,A,,,,,,,,2,
DATAFLOW,OECD.SDD.TPS:DSD_PRICES@DF_PRICES_ALL(1.0),,I,JPN,,Q,,N,,CPI,,PA,,_T,,N,,GY,,2018-Q3,,1.116373,,A,,,,,,,,2,
DATAFLOW,OECD.SDD.TPS:DSD_PRICES@DF_PRICES_ALL(1.0),,I,JPN,,Q,,N,,CPI,,PA,,_T,,N,,GY,,2018-Q4,,0.8745375,,A,,,,,,,,2,
DATAFLOW,OECD.SDD.TPS:DSD_PRICES@DF_PRICES_ALL(1.0),,I,JPN,,Q,,N,,CPI,,PA,,_T,,N,,GY,,2019-Q1,,0.3018109,,A,,,,,,,,2,
DATAFLOW,OECD.SDD.TPS:DSD_PRICES@DF_PRICES_ALL(1.0),,I,JPN,,Q,,N,,CPI,,PA,,_T,,N,,GY,,2019-Q2,,0.7392473,,A,,,,,,,,2,
DATAFLOW,OECD.SDD.TPS:DSD_PRICES@DF_PRICES_ALL(1.0),,I,JPN,,Q,,N,,CPI,,PA,,_T,,N,,GY,,2019-Q3,,0.3345601,,A,,,,,,,,2,
DATAFLOW,OECD.SDD.TPS:DSD_PRICES@DF_PRICES_ALL(1.0),,I,JPN,,Q,,N,,CPI,,PA,,_T,,N,,GY,,2019-Q4,,0.5001667,,A,,,,,,,,2,
DATAFLOW,OECD.SDD.TPS:DSD_PRICES@DF_PRICES_ALL(1.0),,I,JPN,,Q,,N,,CPI,,PA,,_T,,N,,GY,,2020-Q1,,0.6686727,,A,,,,,,,,2,
DATAFLOW,OECD.SDD.TPS:DSD_PRICES@DF_PRICES_ALL(1.0),,I,JPN,,Q,,N,,CPI,,PA,,_T,,N,,GY,,2020-Q2,,0.1334223,,A,,,,,,,,2,
DATAFLOW,OECD.SDD.TPS:DSD_PRICES@DF_PRICES_ALL(1.0),,I,JPN,,Q,,N,,CPI,,PA,,_T,,N,,GY,,2020-Q3,,0.03334445,,A,,,,,,,,2,
DATAFLOW,OECD.SDD.TPS:DSD_PRICES@DF_PRICES_ALL(1.0),,I,JPN,,Q,,N,,CPI,,PA,,_T,,N,,GY,,2020-Q4,,-0.928998,,A,,,,,,,,2,
DATAFLOW,OECD.SDD.TPS:DSD_PRICES@DF_PRICES_ALL(1.0),,I,JPN,,Q,,N,,CPI,,PA,,_T,,N,,GY,,2021-Q1,,-0.5313849,,A,,,,,,,,2,
DATAFLOW,OECD.SDD.TPS:DSD_PRICES@DF_PRICES_ALL(1.0),,I,JPN,,Q,,N,,CPI,,PA,,_T,,N,,GY,,2021-Q2,,-0.7328448,,A,,,,,,,,2,
DATAFLOW,OECD.SDD.TPS:DSD_PRICES@DF_PRICES_ALL(1.0),,I,EA20,,Q,,N,,CPI,,PA,,_T,,N,,GY,,1999-Q4,,1.579019,,B,,,,,,,,2,
DATAFLOW,OECD.SDD.TPS:DSD_PRICES@DF_PRICES_ALL(1.0),,I,CAN,,Q,,N,,CPI,,PA,,_T,,N,,GY,,1996-Q3,,1.404708,,A,,,,,,,,2,
DATAFLOW,OECD.SDD.TPS:DSD_PRICES@DF_PRICES_ALL(1.0),,I,CAN,,Q,,N,,CPI,,PA,,_T,,N,,GY,,1996-Q4,,1.973435,,A,,,,,,,,2,
DATAFLOW,OECD.SDD.TPS:DSD_PRICES@DF_PRICES_ALL(1.0),,I,CAN,,Q,,N,,CPI,,PA,,_T,,N,,GY,,1997-Q1,,2.116402,,A,,,,,,,,2,
DATAFLOW,OECD.SDD.TPS:DSD_PRICES@DF_PRICES_ALL(1.0),,I,CAN,,Q,,N,,CPI,,PA,,_T,,N,,GY,,1997-Q2,,1.612298,,A,,,,,,,,2,
DATAFLOW,OECD.SDD.TPS:DSD_PRICES@DF_PRICES_ALL(1.0),,I,CAN,,Q,,N,,CPI,,PA,,_T,,N,,GY,,1997-Q3,,1.722201,,A,,,,,,,,2,
DATAFLOW,OECD.SDD.TPS:DSD_PRICES@DF_PRICES_ALL(1.0),,I,CAN,,Q,,N,,CPI,,PA,,_T,,N,,GY,,1997-Q4,,1.042054,,A,,,,,,,,2,
DATAFLOW,OECD.SDD.TPS:DSD_PRICES@DF_PRICES_ALL(1.0),,I,CAN,,Q,,N,,CPI,,PA,,_T,,N,,GY,,1998-Q1,,1.036269,,A,,,,,,,,2,
DATAFLOW,OECD.SDD.TPS:DSD_PRICES@DF_PRICES_ALL(1.0),,I,CAN,,Q,,N,,CPI,,PA,,_T,,N,,GY,,1998-Q2,,0.9963099,,A,,,,,,,,2,
DATAFLOW,OECD.SDD.TPS:DSD_PRICES@DF_PRICES_ALL(1.0),,I,CAN,,Q,,N,,CPI,,PA,,_T,,N,,GY,,1998-Q3,,0.8465219,,A,,,,,,,,2,
DATAFLOW,OECD.SDD.TPS:DSD_PRICES@DF_PRICES_ALL(1.0),,I,CAN,,Q,,N,,CPI,,PA,,_T,,N,,GY,,1998-Q4,,1.104972,,A,,,,,,,,2,
DATAFLOW,OECD.SDD.TPS:DSD_PRICES@DF_PRICES_ALL(1.0),,I,CAN,,Q,,N,,CPI,,PA,,_T,,N,,GY,,1999-Q1,,0.7692308,,A,,,,,,,,2,
DATAFLOW,OECD.SDD.TPS:DSD_PRICES@DF_PRICES_ALL(1.0),,I,CAN,,Q,,N,,CPI,,PA,,_T,,N,,GY,,1999-Q2,,1.6076,,A,,,,,,,,2,
DATAFLOW,OECD.SDD.TPS:DSD_PRICES@DF_PRICES_ALL(1.0),,I,CAN,,Q,,N,,CPI,,PA,,_T,,N,,GY,,1999-Q3,,2.189781,,A,,,,,,,,2,
DATAFLOW,OECD.SDD.TPS:DSD_PRICES@DF_PRICES_ALL(1.0),,I,CAN,,Q,,N,,CPI,,PA,,_T,,N,,GY,,1999-Q4,,2.367942,,A,,,,,,,,2,
DATAFLOW,OECD.SDD.TPS:DSD_PRICES@DF_PRICES_ALL(1.0),,I,CAN,,Q,,N,,CPI,,PA,,_T,,N,,GY,,2000-Q1,,2.65358,,A,,,,,,,,2,
DATAFLOW,OECD.SDD.TPS:DSD_PRICES@DF_PRICES_ALL(1.0),,I,CAN,,Q,,N,,CPI,,PA,,_T,,N,,GY,,2000-Q2,,2.445164,,A,,,,,,,,2,
DATAFLOW,OECD.SDD.TPS:DSD_PRICES@DF_PRICES_ALL(1.0),,I,CAN,,Q,,N,,CPI,,PA,,_T,,N,,GY,,2000-Q3,,2.714286,,A,,,,,,,,2,
DATAFLOW,OECD.SDD.TPS:DSD_PRICES@DF_PRICES_ALL(1.0),,I,CAN,,Q,,N,,CPI,,PA,,_T,,N,,GY,,2000-Q4,,3.060498,,A,,,,,,,,2,
DATAFLOW,OECD.SDD.TPS:DSD_PRICES@DF_PRICES_ALL(1.0),,I,CAN,,Q,,N,,CPI,,PA,,_T,,N,,GY,,2001-Q1,,2.76204,,A,,,,,,,,2,
DATAFLOW,OECD.SDD.TPS:DSD_PRICES@DF_PRICES_ALL(1.0),,I,CAN,,Q,,N,,CPI,,PA,,_T,,N,,GY,,2001-Q2,,3.580204,,A,,,,,,,,2,
DATAFLOW,OECD.SDD.TPS:DSD_PRICES@DF_PRICES_ALL(1.0),,I,CAN,,Q,,N,,CPI,,PA,,_T,,N,,GY,,2001-Q3,,2.7121,,A,,,,,,,,2,
DATAFLOW,OECD.SDD.TPS:DSD_PRICES@DF_PRICES_ALL(1.0),,I,CAN,,Q,,N,,CPI,,PA,,_T,,N,,GY,,2001-Q4,,1.070442,,A,,,,,,,,2,
DATAFLOW,OECD.SDD.TPS:DSD_PRICES@DF_PRICES_ALL(1.0),,I,CAN,,Q,,N,,CPI,,PA,,_T,,N,,GY,,2002-Q1,,1.550655,,A,,,,,,,,2,
DATAFLOW,OECD.SDD.TPS:DSD_PRICES@DF_PRICES_ALL(1.0),,I,CAN,,Q,,N,,CPI,,PA,,_T,,N,,GY,,2002-Q2,,1.355473,,A,,,,,,,,2,
DATAFLOW,OECD.SDD.TPS:DSD_PRICES@DF_PRICES_ALL(1.0),,I,CAN,,Q,,N,,CPI,,PA,,_T,,N,,GY,,2002-Q3,,2.335816,,A,,,,,,,,2,
DATAFLOW,OECD.SDD.TPS:DSD_PRICES@DF_PRICES_ALL(1.0),,I,CAN,,Q,,N,,CPI,,PA,,_T,,N,,GY,,2002-Q4,,3.792279,,A,,,,,,,,2,
DATAFLOW,OECD.SDD.TPS:DSD_PRICES@DF_PRICES_ALL(1.0),,I,CAN,,Q,,N,,CPI,,PA,,_T,,N,,GY,,2003-Q1,,4.479131,,A,,,,,,,,2,
DATAFLOW,OECD.SDD.TPS:DSD_PRICES@DF_PRICES_ALL(1.0),,I,CAN,,Q,,N,,CPI,,PA,,_T,,N,,GY,,2003-Q2,,2.774992,,A,,,,,,,,2,
DATAFLOW,OECD.SDD.TPS:DSD_PRICES@DF_PRICES_ALL(1.0),,I,CAN,,Q,,N,,CPI,,PA,,_T,,N,,GY,,2003-Q3,,2.084023,,A,,,,,,,,2,
DATAFLOW,OECD.SDD.TPS:DSD_PRICES@DF_PRICES_ALL(1.0),,I,CAN,,Q,,N,,CPI,,PA,,_T,,N,,GY,,2003-Q4,,1.744569,,A,,,,,,,,2,
DATAFLOW,OECD.SDD.TPS:DSD_PRICES@DF_PRICES_ALL(1.0),,I,CAN,,Q,,N,,CPI,,PA,,_T,,N,,GY,,2004-Q1,,0.9093862,,A,,,,,,,,2,
DATAFLOW,OECD.SDD.TPS:DSD_PRICES@DF_PRICES_ALL(1.0),,I,CAN,,Q,,N,,CPI,,PA,,_T,,N,,GY,,2004-Q2,,2.212101,,A,,,,,,,,2,
DATAFLOW,OECD.SDD.TPS:DSD_PRICES@DF_PRICES_ALL(1.0),,I,CAN,,Q,,N,,CPI,,PA,,_T,,N,,GY,,2004-Q3,,2.009073,,A,,,,,,,,2,
DATAFLOW,OECD.SDD.TPS:DSD_PRICES@DF_PRICES_ALL(1.0),,I,CAN,,Q,,N,,CPI,,PA,,_T,,N,,GY,,2004-Q4,,2.296991,,A,,,,,,,,2,
DATAFLOW,OECD.SDD.TPS:DSD_PRICES@DF_PRICES_ALL(1.0),,I,CAN,,Q,,N,,CPI,,PA,,_T,,N,,GY,,2005-Q1,,2.124236,,A,,,,,,,,2,
DATAFLOW,OECD.SDD.TPS:DSD_PRICES@DF_PRICES_ALL(1.0),,I,CAN,,Q,,N,,CPI,,PA,,_T,,N,,GY,,2005-Q2,,1.909612,,A,,,,,,,,2,
DATAFLOW,OECD.SDD.TPS:DSD_PRICES@DF_PRICES_ALL(1.0),,I,CAN,,Q,,N,,CPI,,PA,,_T,,N,,GY,,2005-Q3,,2.604828,,A,,,,,,,,2,
DATAFLOW,OECD.SDD.TPS:DSD_PRICES@DF_PRICES_ALL(1.0),,I,CAN,,Q,,N,,CPI,,PA,,_T,,N,,GY,,2005-Q4,,2.213789,,A,,,,,,,,2,
DATAFLOW,OECD.SDD.TPS:DSD_PRICES@DF_PRICES_ALL(1.0),,I,CAN,,Q,,N,,CPI,,PA,,_T,,N,,GY,,2006-Q1,,2.363694,,A,,,,,,,,2,
DATAFLOW,OECD.SDD.TPS:DSD_PRICES@DF_PRICES_ALL(1.0),,I,CAN,,Q,,N,,CPI,,PA,,_T,,N,,GY,,2006-Q2,,2.560899,,A,,,,,,,,2,
DATAFLOW,OECD.SDD.TPS:DSD_PRICES@DF_PRICES_ALL(1.0),,I,CAN,,Q,,N,,CPI,,PA,,_T,,N,,GY,,2006-Q3,,1.733746,,A,,,,,,,,2,
DATAFLOW,OECD.SDD.TPS:DSD_PRICES@DF_PRICES_ALL(1.0),,I,CAN,,Q,,N,,CPI,,PA,,_T,,N,,GY,,2006-Q4,,1.361386,,A,,,,,,,,2,
DATAFLOW,OECD.SDD.TPS:DSD_PRICES@DF_PRICES_ALL(1.0),,I,CAN,,Q,,N,,CPI,,PA,,_T,,N,,GY,,2007-Q1,,1.816502,,A,,,,,,,,2,
DATAFLOW,OECD.SDD.TPS:DSD_PRICES@DF_PRICES_ALL(1.0),,I,CAN,,Q,,N,,CPI,,PA,,_T,,N,,GY,,2007-Q2,,2.192448,,A,,,,,,,,2,
DATAFLOW,OECD.SDD.TPS:DSD_PRICES@DF_PRICES_ALL(1.0),,I,CAN,,Q,,N,,CPI,,PA,,_T,,N,,GY,,2007-Q3,,2.13025,,A,,,,,,,,2,
DATAFLOW,OECD.SDD.TPS:DSD_PRICES@DF_PRICES_ALL(1.0),,I,CAN,,Q,,N,,CPI,,PA,,_T,,N,,GY,,2007-Q4,,2.411477,,A,,,,,,,,2,
DATAFLOW,OECD.SDD.TPS:DSD_PRICES@DF_PRICES_ALL(1.0),,I,CAN,,Q,,N,,CPI,,PA,,_T,,N,,GY,,2008-Q1,,1.784094,,A,,,,,,,,2,
DATAFLOW,OECD.SDD.TPS:DSD_PRICES@DF_PRICES_ALL(1.0),,I,CAN,,Q,,N,,CPI,,PA,,_T,,N,,GY,,2008-Q2,,2.353993,,A,,,,,,,,2,
DATAFLOW,OECD.SDD.TPS:DSD_PRICES@DF_PRICES_ALL(1.0),,I,CAN,,Q,,N,,CPI,,PA,,_T,,N,,GY,,2008-Q3,,3.426698,,A,,,,,,,,2,
DATAFLOW,OECD.SDD.TPS:DSD_PRICES@DF_PRICES_ALL(1.0),,I,CAN,,Q,,N,,CPI,,PA,,_T,,N,,GY,,2008-Q4,,1.907601,,A,,,,,,,,2,
DATAFLOW,OECD.SDD.TPS:DSD_PRICES@DF_PRICES_ALL(1.0),,I,CAN,,Q,,N,,CPI,,PA,,_T,,N,,GY,,2009-Q1,,1.247772,,A,,,,,,,,2,
DATAFLOW,OECD.SDD.TPS:DSD_PRICES@DF_PRICES_ALL(1.0),,I,CAN,,Q,,N,,CPI,,PA,,_T,,N,,GY,,2009-Q2,,0.05822416,,A,,,,,,,,2,
DATAFLOW,OECD.SDD.TPS:DSD_PRICES@DF_PRICES_ALL(1.0),,I,CAN,,Q,,N,,CPI,,PA,,_T,,N,,GY,,2009-Q3,,-0.8643042,,A,,,,,,,,2,
DATAFLOW,OECD.SDD.TPS:DSD_PRICES@DF_PRICES_ALL(1.0),,I,CAN,,Q,,N,,CPI,,PA,,_T,,N,,GY,,2009-Q4,,0.7897046,,A,,,,,,,,2,
DATAFLOW,OECD.SDD.TPS:DSD_PRICES@DF_PRICES_ALL(1.0),,I,CAN,,Q,,N,,CPI,,PA,,_T,,N,,GY,,2010-Q1,,1.61385,,A,,,,,,,,2,
DATAFLOW,OECD.SDD.TPS:DSD_PRICES@DF_PRICES_ALL(1.0),,I,CAN,,Q,,N,,CPI,,PA,,_T,,N,,GY,,2010-Q2,,1.396567,,A,,,,,,,,2,
DATAFLOW,OECD.SDD.TPS:DSD_PRICES@DF_PRICES_ALL(1.0),,I,CAN,,Q,,N,,CPI,,PA,,_T,,N,,GY,,2010-Q3,,1.830863,,A,,,,,,,,2,
DATAFLOW,OECD.SDD.TPS:DSD_PRICES@DF_PRICES_ALL(1.0),,I,CAN,,Q,,N,,CPI,,PA,,_T,,N,,GY,,2010-Q4,,2.263494,,A,,,,,,,,2,
DATAFLOW,OECD.SDD.TPS:DSD_PRICES@DF_PRICES_ALL(1.0),,I,CAN,,Q,,N,,CPI,,PA,,_T,,N,,GY,,2011-Q1,,2.598903,,A,,,,,,,,2,
DATAFLOW,OECD.SDD.TPS:DSD_PRICES@DF_PRICES_ALL(1.0),,I,CAN,,Q,,N,,CPI,,PA,,_T,,N,,GY,,2011-Q2,,3.357245,,A,,,,,,,,2,
DATAFLOW,OECD.SDD.TPS:DSD_PRICES@DF_PRICES_ALL(1.0),,I,CAN,,Q,,N,,CPI,,PA,,_T,,N,,GY,,2011-Q3,,2.996575,,A,,,,,,,,2,
DATAFLOW,OECD.SDD.TPS:DSD_PRICES@DF_PRICES_ALL(1.0),,I,CAN,,Q,,N,,CPI,,PA,,_T,,N,,GY,,2011-Q4,,2.6958,,A,,,,,,,,2,
DATAFLOW,OECD.SDD.TPS:DSD_PRICES@DF_PRICES_ALL(1.0),,I,CAN,,Q,,N,,CPI,,PA,,_T,,N,,GY,,2012-Q1,,2.336054,,A,,,,,,,,2,
DATAFLOW,OECD.SDD.TPS:DSD_PRICES@DF_PRICES_ALL(1.0),,I,CAN,,Q,,N,,CPI,,PA,,_T,,N,,GY,,2012-Q2,,1.582454,,A,,,,,,,,2,
DATAFLOW,OECD.SDD.TPS:DSD_PRICES@DF_PRICES_ALL(1.0),,I,CAN,,Q,,N,,CPI,,PA,,_T,,N,,GY,,2012-Q3,,1.219174,,A,,,,,,,,2,
DATAFLOW,OECD.SDD.TPS:DSD_PRICES@DF_PRICES_ALL(1.0),,I,CAN,,Q,,N,,CPI,,PA,,_T,,N,,GY,,2012-Q4,,0.939486,,A,,,,,,,,2,
DATAFLOW,OECD.SDD.TPS:DSD_PRICES@DF_PRICES_ALL(1.0),,I,CAN,,Q,,N,,CPI,,PA,,_T,,N,,GY,,2013-Q1,,0.9075907,,A,,,,,,,,2,
DATAFLOW,OECD.SDD.TPS:DSD_PRICES@DF_PRICES_ALL(1.0),,I,CAN,,Q,,N,,CPI,,PA,,_T,,N,,GY,,2013-Q2,,0.7652364,,A,,,,,,,,2,
DATAFLOW,OECD.SDD.TPS:DSD_PRICES@DF_PRICES_ALL(1.0),,I,CAN,,Q,,N,,CPI,,PA,,_T,,N,,GY,,2013-Q3,,1.14974,,A,,,,,,,,2,
DATAFLOW,OECD.SDD.TPS:DSD_PRICES@DF_PRICES_ALL(1.0),,I,CAN,,Q,,N,,CPI,,PA,,_T,,N,,GY,,2013-Q4,,0.9307418,,A,,,,,,,,2,
DATAFLOW,OECD.SDD.TPS:DSD_PRICES@DF_PRICES_ALL(1.0),,I,CAN,,Q,,N,,CPI,,PA,,_T,,N,,GY,,2014-Q1,,1.390025,,A,,,,,,,,2,
DATAFLOW,OECD.SDD.TPS:DSD_PRICES@DF_PRICES_ALL(1.0),,I,CAN,,Q,,N,,CPI,,PA,,_T,,N,,GY,,2014-Q2,,2.22403,,A,,,,,,,,2,
DATAFLOW,OECD.SDD.TPS:DSD_PRICES@DF_PRICES_ALL(1.0),,I,CAN,,Q,,N,,CPI,,PA,,_T,,N,,GY,,2014-Q3,,2.083897,,A,,,,,,,,2,
DATAFLOW,OECD.SDD.TPS:DSD_PRICES@DF_PRICES_ALL(1.0),,I,CAN,,Q,,N,,CPI,,PA,,_T,,N,,GY,,2014-Q4,,1.925685,,A,,,,,,,,2,
DATAFLOW,OECD.SDD.TPS:DSD_PRICES@DF_PRICES_ALL(1.0),,I,CAN,,Q,,N,,CPI,,PA,,_T,,N,,GY,,2015-Q1,,1.075269,,A,,,,,,,,2,
DATAFLOW,OECD.SDD.TPS:DSD_PRICES@DF_PRICES_ALL(1.0),,I,CAN,,Q,,N,,CPI,,PA,,_T,,N,,GY,,2015-Q2,,0.902096,,A,,,,,,,,2,
DATAFLOW,OECD.SDD.TPS:DSD_PRICES@DF_PRICES_ALL(1.0),,I,CAN,,Q,,N,,CPI,,PA,,_T,,N,,GY,,2015-Q3,,1.193001,,A,,,,,,,,2,
DATAFLOW,OECD.SDD.TPS:DSD_PRICES@DF_PRICES_ALL(1.0),,I,CAN,,Q,,N,,CPI,,PA,,_T,,N,,GY,,2015-Q4,,1.330495,,A,,,,,,,,2,
DATAFLOW,OECD.SDD.TPS:DSD_PRICES@DF_PRICES_ALL(1.0),,I,CAN,,Q,,N,,CPI,,PA,,_T,,N,,GY,,2016-Q1,,1.542553,,A,,,,,,,,2,
DATAFLOW,OECD.SDD.TPS:DSD_PRICES@DF_PRICES_ALL(1.0),,I,CAN,,Q,,N,,CPI,,PA,,_T,,N,,GY,,2016-Q2,,1.551407,,A,,,,,,,,2,
DATAFLOW,OECD.SDD.TPS:DSD_PRICES@DF_PRICES_ALL(1.0),,I,CAN,,Q,,N,,CPI,,PA,,_T,,N,,GY,,2016-Q3,,1.231333,,A,,,,,,,,2,
DATAFLOW,OECD.SDD.TPS:DSD_PRICES@DF_PRICES_ALL(1.0),,I,CAN,,Q,,N,,CPI,,PA,,_T,,N,,GY,,2016-Q4,,1.391807,,A,,,,,,,,2,
DATAFLOW,OECD.SDD.TPS:DSD_PRICES@DF_PRICES_ALL(1.0),,I,CAN,,Q,,N,,CPI,,PA,,_T,,N,,GY,,2017-Q1,,1.911996,,A,,,,,,,,2,
DATAFLOW,OECD.SDD.TPS:DSD_PRICES@DF_PRICES_ALL(1.0),,I,CAN,,Q,,N,,CPI,,PA,,_T,,N,,GY,,2017-Q2,,1.320559,,A,,,,,,,,2,
DATAFLOW,OECD.SDD.TPS:DSD_PRICES@DF_PRICES_ALL(1.0),,I,CAN,,Q,,N,,CPI,,PA,,_T,,N,,GY,,2017-Q3,,1.371636,,A,,,,,,,,2,
DATAFLOW,OECD.SDD.TPS:DSD_PRICES@DF_PRICES_ALL(1.0),,I,CAN,,Q,,N,,CPI,,PA,,_T,,N,,GY,,2017-Q4,,1.787102,,A,,,,,,,,2,
DATAFLOW,OECD.SDD.TPS:DSD_PRICES@DF_PRICES_ALL(1.0),,I,CAN,,Q,,N,,CPI,,PA,,_T,,N,,GY,,2018-Q1,,2.056027,,A,,,,,,,,2,
DATAFLOW,OECD.SDD.TPS:DSD_PRICES@DF_PRICES_ALL(1.0),,I,CAN,,Q,,N,,CPI,,PA,,_T,,N,,GY,,2018-Q2,,2.300025,,A,,,,,,,,2,
DATAFLOW,OECD.SDD.TPS:DSD_PRICES@DF_PRICES_ALL(1.0),,I,CAN,,Q,,N,,CPI,,PA,,_T,,N,,GY,,2018-Q3,,2.680623,,A,,,,,,,,2,
DATAFLOW,OECD.SDD.TPS:DSD_PRICES@DF_PRICES_ALL(1.0),,I,CAN,,Q,,N,,CPI,,PA,,_T,,N,,GY,,2018-Q4,,2.035623,,A,,,,,,,,2,
DATAFLOW,OECD.SDD.TPS:DSD_PRICES@DF_PRICES_ALL(1.0),,I,CAN,,Q,,N,,CPI,,PA,,_T,,N,,GY,,2019-Q1,,1.611685,,A,,,,,,,,2,
DATAFLOW,OECD.SDD.TPS:DSD_PRICES@DF_PRICES_ALL(1.0),,I,CAN,,Q,,N,,CPI,,PA,,_T,,N,,GY,,2019-Q2,,2.148389,,A,,,,,,,,2,
DATAFLOW,OECD.SDD.TPS:DSD_PRICES@DF_PRICES_ALL(1.0),,I,CAN,,Q,,N,,CPI,,PA,,_T,,N,,GY,,2019-Q3,,1.939334,,A,,,,,,,,2,
DATAFLOW,OECD.SDD.TPS:DSD_PRICES@DF_PRICES_ALL(1.0),,I,CAN,,Q,,N,,CPI,,PA,,_T,,N,,GY,,2019-Q4,,2.094763,,A,,,,,,,,2,
DATAFLOW,OECD.SDD.TPS:DSD_PRICES@DF_PRICES_ALL(1.0),,I,CAN,,Q,,N,,CPI,,PA,,_T,,N,,GY,,2020-Q1,,1.80917,,A,,,,,,,,2,
DATAFLOW,OECD.SDD.TPS:DSD_PRICES@DF_PRICES_ALL(1.0),,I,CAN,,Q,,N,,CPI,,PA,,_T,,N,,GY,,2020-Q2,,0.02445586,,A,,,,,,,,2,
DATAFLOW,OECD.SDD.TPS:DSD_PRICES@DF_PRICES_ALL(1.0),,I,CAN,,Q,,N,,CPI,,PA,,_T,,N,,GY,,2020-Q3,,0.2682927,,A,,,,,,,,2,
DATAFLOW,OECD.SDD.TPS:DSD_PRICES@DF_PRICES_ALL(1.0),,I,CAN,,Q,,N,,CPI,,PA,,_T,,N,,GY,,2020-Q4,,0.7816316,,A,,,,,,,,2,
DATAFLOW,OECD.SDD.TPS:DSD_PRICES@DF_PRICES_ALL(1.0),,I,CAN,,Q,,N,,CPI,,PA,,_T,,N,,GY,,2021-Q1,,1.436222,,A,,,,,,,,2,
DATAFLOW,OECD.SDD.TPS:DSD_PRICES@DF_PRICES_ALL(1.0),,I,CAN,,Q,,N,,CPI,,PA,,_T,,N,,GY,,2021-Q2,,3.349633,,A,,,,,,,,2,
DATAFLOW,OECD.SDD.TPS:DSD_PRICES@DF_PRICES_ALL(1.0),,I,CAN,,Q,,N,,CPI,,PA,,_T,,N,,GY,,2021-Q3,,4.062272,,A,,,,,,,,2,
DATAFLOW,OECD.SDD.TPS:DSD_PRICES@DF_PRICES_ALL(1.0),,I,CAN,,Q,,N,,CPI,,PA,,_T,,N,,GY,,2021-Q4,,4.726127,,A,,,,,,,,2,
DATAFLOW,OECD.SDD.TPS:DSD_PRICES@DF_PRICES_ALL(1.0),,I,CAN,,Q,,N,,CPI,,PA,,_T,,N,,GY,,2022-Q1,,5.831533,,A,,,,,,,,2,
DATAFLOW,OECD.SDD.TPS:DSD_PRICES@DF_PRICES_ALL(1.0),,I,CAN,,Q,,N,,CPI,,PA,,_T,,N,,GY,,2022-Q2,,7.546723,,A,,,,,,,,2,
DATAFLOW,OECD.SDD.TPS:DSD_PRICES@DF_PRICES_ALL(1.0),,I,CAN,,Q,,N,,CPI,,PA,,_T,,N,,GY,,2022-Q3,,7.152875,,A,,,,,,,,2,
DATAFLOW,OECD.SDD.TPS:DSD_PRICES@DF_PRICES_ALL(1.0),,I,CAN,,Q,,N,,CPI,,PA,,_T,,N,,GY,,2022-Q4,,6.665124,,A,,,,,,,,2,
DATAFLOW,OECD.SDD.TPS:DSD_PRICES@DF_PRICES_ALL(1.0),,I,CAN,,Q,,N,,CPI,,PA,,_T,,N,,GY,,2023-Q1,,5.147392,,A,,,,,,,,2,
DATAFLOW,OECD.SDD.TPS:DSD_PRICES@DF_PRICES_ALL(1.0),,I,CAN,,Q,,N,,CPI,,PA,,_T,,N,,GY,,2023-Q2,,3.519578,,A,,,,,,,,2,
DATAFLOW,OECD.SDD.TPS:DSD_PRICES@DF_PRICES_ALL(1.0),,I,CAN,,Q,,N,,CPI,,PA,,_T,,N,,GY,,2023-Q3,,3.686737,,A,,,,,,,,2,
DATAFLOW,OECD.SDD.TPS:DSD_PRICES@DF_PRICES_ALL(1.0),,I,CAN,,Q,,N,,CPI,,PA,,_T,,N,,GY,,2023-Q4,,3.211109,,A,,,,,,,,2,
DATAFLOW,OECD.SDD.TPS:DSD_PRICES@DF_PRICES_ALL(1.0),,I,CAN,,Q,,N,,CPI,,PA,,_T,,N,,GY,,2024-Q1,,2.846668,,A,,,,,,,,2,
DATAFLOW,OECD.SDD.TPS:DSD_PRICES@DF_PRICES_ALL(1.0),,I,CAN,,Q,,N,,CPI,,PA,,_T,,N,,GY,,2024-Q2,,2.741181,,A,,,,,,,,2,
DATAFLOW,OECD.SDD.TPS:DSD_PRICES@DF_PRICES_ALL(1.0),,I,CAN,,Q,,N,,CPI,,PA,,_T,,N,,GY,,2024-Q3,,2.040816,,A,,,,,,,,2,
DATAFLOW,OECD.SDD.TPS:DSD_PRICES@DF_PRICES_ALL(1.0),,I,CAN,,Q,,N,,CPI,,PA,,_T,,N,,GY,,2024-Q4,,1.91297,,A,,,,,,,,2,
DATAFLOW,OECD.SDD.TPS:DSD_PRICES@DF_PRICES_ALL(1.0),,I,CAN,,Q,,N,,CPI,,PA,,_T,,N,,GY,,2025-Q1,,2.285594,,A,,,,,,,,2,
DATAFLOW,OECD.SDD.TPS:DSD_PRICES@DF_PRICES_ALL(1.0),,I,CAN,,Q,,N,,CPI,,PA,,_T,,N,,GY,,2025-Q2,,1.778697,,A,,,,,,,,2,
DATAFLOW,OECD.SDD.TPS:DSD_PRICES@DF_PRICES_ALL(1.0),,I,CAN,,Q,,N,,CPI,,PA,,_T,,N,,GY,,2025-Q3,,1.979381,,A,,,,,,,,2,
DATAFLOW,OECD.SDD.TPS:DSD_PRICES@DF_PRICES_ALL(1.0),,I,CAN,,Q,,N,,CPI,,PA,,_T,,N,,GY,,2025-Q4,,2.24835,,A,,,,,,,,2,
DATAFLOW,OECD.SDD.TPS:DSD_PRICES@DF_PRICES_ALL(1.0),,I,CAN,,Q,,N,,CPI,,PA,,_T,,N,,GY,,2026-Q1,,2.152522,,A,,,,,,,,2,
DATAFLOW,OECD.SDD.TPS:DSD_PRICES@DF_PRICES_ALL(1.0),,I,AUS,,Q,,N,,CPI,,PA,,_T,,N,,GY,,1996-Q3,,2.137405,,A,,,,,,,,2,
DATAFLOW,OECD.SDD.TPS:DSD_PRICES@DF_PRICES_ALL(1.0),,I,AUS,,Q,,N,,CPI,,PA,,_T,,N,,GY,,1996-Q4,,1.515152,,A,,,,,,,,2,
DATAFLOW,OECD.SDD.TPS:DSD_PRICES@DF_PRICES_ALL(1.0),,I,AUS,,Q,,N,,CPI,,PA,,_T,,N,,GY,,1997-Q1,,1.359517,,A,,,,,,,,2,
DATAFLOW,OECD.SDD.TPS:DSD_PRICES@DF_PRICES_ALL(1.0),,I,AUS,,Q,,N,,CPI,,PA,,_T,,N,,GY,,1997-Q2,,0.2998501,,A,,,,,,,,2,
DATAFLOW,OECD.SDD.TPS:DSD_PRICES@DF_PRICES_ALL(1.0),,I,AUS,,Q,,N,,CPI,,PA,,_T,,N,,GY,,1997-Q3,,-0.4484305,,A,,,,,,,,2,
DATAFLOW,OECD.SDD.TPS:DSD_PRICES@DF_PRICES_ALL(1.0),,I,AUS,,Q,,N,,CPI,,PA,,_T,,N,,GY,,1997-Q4,,-0.2985075,,A,,,,,,,,2,
DATAFLOW,OECD.SDD.TPS:DSD_PRICES@DF_PRICES_ALL(1.0),,I,AUS,,Q,,N,,CPI,,PA,,_T,,N,,GY,,1998-Q1,,-0.1490313,,A,,,,,,,,2,
DATAFLOW,OECD.SDD.TPS:DSD_PRICES@DF_PRICES_ALL(1.0),,I,AUS,,Q,,N,,CPI,,PA,,_T,,N,,GY,,1998-Q2,,0.7473841,,A,,,,,,,,2,
DATAFLOW,OECD.SDD.TPS:DSD_PRICES@DF_PRICES_ALL(1.0),,I,AUS,,Q,,N,,CPI,,PA,,_T,,N,,GY,,1998-Q3,,1.351351,,A,,,,,,,,2,
DATAFLOW,OECD.SDD.TPS:DSD_PRICES@DF_PRICES_ALL(1.0),,I,AUS,,Q,,N,,CPI,,PA,,_T,,N,,GY,,1998-Q4,,1.497006,,A,,,,,,,,2,
DATAFLOW,OECD.SDD.TPS:DSD_PRICES@DF_PRICES_ALL(1.0),,I,AUS,,Q,,N,,CPI,,PA,,_T,,N,,GY,,1999-Q1,,1.19403,,A,,,,,,,,2,
DATAFLOW,OECD.SDD.TPS:DSD_PRICES@DF_PRICES_ALL(1.0),,I,AUS,,Q,,N,,CPI,,PA,,_T,,N,,GY,,1999-Q2,,1.038576,,A,,,,,,,,2,
DATAFLOW,OECD.SDD.TPS:DSD_PRICES@DF_PRICES_ALL(1.0),,I,AUS,,Q,,N,,CPI,,PA,,_T,,N,,GY,,1999-Q3,,1.777778,,A,,,,,,,,2,
DATAFLOW,OECD.SDD.TPS:DSD_PRICES@DF_PRICES_ALL(1.0),,I,AUS,,Q,,N,,CPI,,PA,,_T,,N,,GY,,1999-Q4,,1.917404,,A,,,,,,,,2,
DATAFLOW,OECD.SDD.TPS:DSD_PRICES@DF_PRICES_ALL(1.0),,I,AUS,,Q,,N,,CPI,,PA,,_T,,N,,GY,,2000-Q1,,2.80236,,A,,,,,,,,2,
DATAFLOW,OECD.SDD.TPS:DSD_PRICES@DF_PRICES_ALL(1.0),,I,AUS,,Q,,N,,CPI,,PA,,_T,,N,,GY,,2000-Q2,,3.0837,,A,,,,,,,,2,
DATAFLOW,OECD.SDD.TPS:DSD_PRICES@DF_PRICES_ALL(1.0),,I,AUS,,Q,,N,,CPI,,PA,,_T,,N,,GY,,2000-Q3,,6.113537,,A,,,,,,,,2,
DATAFLOW,OECD.SDD.TPS:DSD_PRICES@DF_PRICES_ALL(1.0),,I,AUS,,Q,,N,,CPI,,PA,,_T,,N,,GY,,2000-Q4,,5.788712,,A,,,,,,,,2,
DATAFLOW,OECD.SDD.TPS:DSD_PRICES@DF_PRICES_ALL(1.0),,I,AUS,,Q,,N,,CPI,,PA,,_T,,N,,GY,,2001-Q1,,6.025825,,A,,,,,,,,2,
DATAFLOW,OECD.SDD.TPS:DSD_PRICES@DF_PRICES_ALL(1.0),,I,AUS,,Q,,N,,CPI,,PA,,_T,,N,,GY,,2001-Q2,,6.125356,,A,,,,,,,,2,
DATAFLOW,OECD.SDD.TPS:DSD_PRICES@DF_PRICES_ALL(1.0),,I,AUS,,Q,,N,,CPI,,PA,,_T,,N,,GY,,2001-Q3,,2.469136,,A,,,,,,,,2,
DATAFLOW,OECD.SDD.TPS:DSD_PRICES@DF_PRICES_ALL(1.0),,I,AUS,,Q,,N,,CPI,,PA,,_T,,N,,GY,,2001-Q4,,3.146375,,A,,,,,,,,2,
DATAFLOW,OECD.SDD.TPS:DSD_PRICES@DF_PRICES_ALL(1.0),,I,AUS,,Q,,N,,CPI,,PA,,_T,,N,,GY,,2002-Q1,,2.976996,,A,,,,,,,,2,
DATAFLOW,OECD.SDD.TPS:DSD_PRICES@DF_PRICES_ALL(1.0),,I,AUS,,Q,,N,,CPI,,PA,,_T,,N,,GY,,2002-Q2,,2.818792,,A,,,,,,,,2,
DATAFLOW,OECD.SDD.TPS:DSD_PRICES@DF_PRICES_ALL(1.0),,I,AUS,,Q,,N,,CPI,,PA,,_T,,N,,GY,,2002-Q3,,3.212852,,A,,,,,,,,2,
DATAFLOW,OECD.SDD.TPS:DSD_PRICES@DF_PRICES_ALL(1.0),,I,AUS,,Q,,N,,CPI,,PA,,_T,,N,,GY,,2002-Q4,,2.917772,,A,,,,,,,,2,
DATAFLOW,OECD.SDD.TPS:DSD_PRICES@DF_PRICES_ALL(1.0),,I,AUS,,Q,,N,,CPI,,PA,,_T,,N,,GY,,2003-Q1,,3.285151,,A,,,,,,,,2,
DATAFLOW,OECD.SDD.TPS:DSD_PRICES@DF_PRICES_ALL(1.0),,I,AUS,,Q,,N,,CPI,,PA,,_T,,N,,GY,,2003-Q2,,2.610966,,A,,,,,,,,2,
DATAFLOW,OECD.SDD.TPS:DSD_PRICES@DF_PRICES_ALL(1.0),,I,AUS,,Q,,N,,CPI,,PA,,_T,,N,,GY,,2003-Q3,,2.594034,,A,,,,,,,,2,
DATAFLOW,OECD.SDD.TPS:DSD_PRICES@DF_PRICES_ALL(1.0),,I,AUS,,Q,,N,,CPI,,PA,,_T,,N,,GY,,2003-Q4,,2.448454,,A,,,,,,,,2,
DATAFLOW,OECD.SDD.TPS:DSD_PRICES@DF_PRICES_ALL(1.0),,I,AUS,,Q,,N,,CPI,,PA,,_T,,N,,GY,,2004-Q1,,2.035623,,A,,,,,,,,2,
DATAFLOW,OECD.SDD.TPS:DSD_PRICES@DF_PRICES_ALL(1.0),,I,AUS,,Q,,N,,CPI,,PA,,_T,,N,,GY,,2004-Q2,,2.544529,,A,,,,,,,,2,
DATAFLOW,OECD.SDD.TPS:DSD_PRICES@DF_PRICES_ALL(1.0),,I,AUS,,Q,,N,,CPI,,PA,,_T,,N,,GY,,2004-Q3,,2.2756,,A,,,,,,,,2,
DATAFLOW,OECD.SDD.TPS:DSD_PRICES@DF_PRICES_ALL(1.0),,I,AUS,,Q,,N,,CPI,,PA,,_T,,N,,GY,,2004-Q4,,2.515723,,A,,,,,,,,2,
DATAFLOW,OECD.SDD.TPS:DSD_PRICES@DF_PRICES_ALL(1.0),,I,AUS,,Q,,N,,CPI,,PA,,_T,,N,,GY,,2005-Q1,,2.369077,,A,,,,,,,,2,
DATAFLOW,OECD.SDD.TPS:DSD_PRICES@DF_PRICES_ALL(1.0),,I,AUS,,Q,,N,,CPI,,PA,,_T,,N,,GY,,2005-Q2,,2.48139,,A,,,,,,,,2,
DATAFLOW,OECD.SDD.TPS:DSD_PRICES@DF_PRICES_ALL(1.0),,I,AUS,,Q,,N,,CPI,,PA,,_T,,N,,GY,,2005-Q3,,3.090235,,A,,,,,,,,2,
DATAFLOW,OECD.SDD.TPS:DSD_PRICES@DF_PRICES_ALL(1.0),,I,AUS,,Q,,N,,CPI,,PA,,_T,,N,,GY,,2005-Q4,,2.822086,,A,,,,,,,,2,
DATAFLOW,OECD.SDD.TPS:DSD_PRICES@DF_PRICES_ALL(1.0),,I,AUS,,Q,,N,,CPI,,PA,,_T,,N,,GY,,2006-Q1,,2.923264,,A,,,,,,,,2,
DATAFLOW,OECD.SDD.TPS:DSD_PRICES@DF_PRICES_ALL(1.0),,I,AUS,,Q,,N,,CPI,,PA,,_T,,N,,GY,,2006-Q2,,3.995157,,A,,,,,,,,2,
DATAFLOW,OECD.SDD.TPS:DSD_PRICES@DF_PRICES_ALL(1.0),,I,AUS,,Q,,N,,CPI,,PA,,_T,,N,,GY,,2006-Q3,,3.956835,,A,,,,,,,,2,
DATAFLOW,OECD.SDD.TPS:DSD_PRICES@DF_PRICES_ALL(1.0),,I,AUS,,Q,,N,,CPI,,PA,,_T,,N,,GY,,2006-Q4,,3.341289,,A,,,,,,,,2,
DATAFLOW,OECD.SDD.TPS:DSD_PRICES@DF_PRICES_ALL(1.0),,I,AUS,,Q,,N,,CPI,,PA,,_T,,N,,GY,,2007-Q1,,2.485207,,A,,,,,,,,2,
DATAFLOW,OECD.SDD.TPS:DSD_PRICES@DF_PRICES_ALL(1.0),,I,AUS,,Q,,N,,CPI,,PA,,_T,,N,,GY,,2007-Q2,,2.09546,,A,,,,,,,,2,
DATAFLOW,OECD.SDD.TPS:DSD_PRICES@DF_PRICES_ALL(1.0),,I,AUS,,Q,,N,,CPI,,PA,,_T,,N,,GY,,2007-Q3,,1.845444,,A,,,,,,,,2,
DATAFLOW,OECD.SDD.TPS:DSD_PRICES@DF_PRICES_ALL(1.0),,I,AUS,,Q,,N,,CPI,,PA,,_T,,N,,GY,,2007-Q4,,2.886836,,A,,,,,,,,2,
DATAFLOW,OECD.SDD.TPS:DSD_PRICES@DF_PRICES_ALL(1.0),,I,AUS,,Q,,N,,CPI,,PA,,_T,,N,,GY,,2008-Q1,,4.272517,,A,,,,,,,,2,
DATAFLOW,OECD.SDD.TPS:DSD_PRICES@DF_PRICES_ALL(1.0),,I,AUS,,Q,,N,,CPI,,PA,,_T,,N,,GY,,2008-Q2,,4.446979,,A,,,,,,,,2,
DATAFLOW,OECD.SDD.TPS:DSD_PRICES@DF_PRICES_ALL(1.0),,I,AUS,,Q,,N,,CPI,,PA,,_T,,N,,GY,,2008-Q3,,4.983013,,A,,,,,,,,2,
DATAFLOW,OECD.SDD.TPS:DSD_PRICES@DF_PRICES_ALL(1.0),,I,AUS,,Q,,N,,CPI,,PA,,_T,,N,,GY,,2008-Q4,,3.703704,,A,,,,,,,,2,
DATAFLOW,OECD.SDD.TPS:DSD_PRICES@DF_PRICES_ALL(1.0),,I,AUS,,Q,,N,,CPI,,PA,,_T,,N,,GY,,2009-Q1,,2.436323,,A,,,,,,,,2,
DATAFLOW,OECD.SDD.TPS:DSD_PRICES@DF_PRICES_ALL(1.0),,I,AUS,,Q,,N,,CPI,,PA,,_T,,N,,GY,,2009-Q2,,1.419214,,A,,,,,,,,2,
DATAFLOW,OECD.SDD.TPS:DSD_PRICES@DF_PRICES_ALL(1.0),,I,AUS,,Q,,N,,CPI,,PA,,_T,,N,,GY,,2009-Q3,,1.186624,,A,,,,,,,,2,
DATAFLOW,OECD.SDD.TPS:DSD_PRICES@DF_PRICES_ALL(1.0),,I,AUS,,Q,,N,,CPI,,PA,,_T,,N,,GY,,2009-Q4,,2.056277,,A,,,,,,,,2,
DATAFLOW,OECD.SDD.TPS:DSD_PRICES@DF_PRICES_ALL(1.0),,I,AUS,,Q,,N,,CPI,,PA,,_T,,N,,GY,,2010-Q1,,2.918919,,A,,,,,,,,2,
DATAFLOW,OECD.SDD.TPS:DSD_PRICES@DF_PRICES_ALL(1.0),,I,AUS,,Q,,N,,CPI,,PA,,_T,,N,,GY,,2010-Q2,,3.121636,,A,,,,,,,,2,
DATAFLOW,OECD.SDD.TPS:DSD_PRICES@DF_PRICES_ALL(1.0),,I,AUS,,Q,,N,,CPI,,PA,,_T,,N,,GY,,2010-Q3,,2.878465,,A,,,,,,,,2,
DATAFLOW,OECD.SDD.TPS:DSD_PRICES@DF_PRICES_ALL(1.0),,I,AUS,,Q,,N,,CPI,,PA,,_T,,N,,GY,,2010-Q4,,2.757158,,A,,,,,,,,2,
DATAFLOW,OECD.SDD.TPS:DSD_PRICES@DF_PRICES_ALL(1.0),,I,AUS,,Q,,N,,CPI,,PA,,_T,,N,,GY,,2011-Q1,,3.256303,,A,,,,,,,,2,
DATAFLOW,OECD.SDD.TPS:DSD_PRICES@DF_PRICES_ALL(1.0),,I,AUS,,Q,,N,,CPI,,PA,,_T,,N,,GY,,2011-Q2,,3.549061,,A,,,,,,,,2,
DATAFLOW,OECD.SDD.TPS:DSD_PRICES@DF_PRICES_ALL(1.0),,I,AUS,,Q,,N,,CPI,,PA,,_T,,N,,GY,,2011-Q3,,3.419689,,A,,,,,,,,2,
DATAFLOW,OECD.SDD.TPS:DSD_PRICES@DF_PRICES_ALL(1.0),,I,AUS,,Q,,N,,CPI,,PA,,_T,,N,,GY,,2011-Q4,,2.992776,,A,,,,,,,,2,
DATAFLOW,OECD.SDD.TPS:DSD_PRICES@DF_PRICES_ALL(1.0),,I,AUS,,Q,,N,,CPI,,PA,,_T,,N,,GY,,2012-Q1,,1.62767,,A,,,,,,,,2,
DATAFLOW,OECD.SDD.TPS:DSD_PRICES@DF_PRICES_ALL(1.0),,I,AUS,,Q,,N,,CPI,,PA,,_T,,N,,GY,,2012-Q2,,1.209677,,A,,,,,,,,2,
DATAFLOW,OECD.SDD.TPS:DSD_PRICES@DF_PRICES_ALL(1.0),,I,AUS,,Q,,N,,CPI,,PA,,_T,,N,,GY,,2012-Q3,,2.004008,,A,,,,,,,,2,
DATAFLOW,OECD.SDD.TPS:DSD_PRICES@DF_PRICES_ALL(1.0),,I,AUS,,Q,,N,,CPI,,PA,,_T,,N,,GY,,2012-Q4,,2.204409,,A,,,,,,,,2,
DATAFLOW,OECD.SDD.TPS:DSD_PRICES@DF_PRICES_ALL(1.0),,I,AUS,,Q,,N,,CPI,,PA,,_T,,N,,GY,,2013-Q1,,2.502502,,A,,,,,,,,2,
DATAFLOW,OECD.SDD.TPS:DSD_PRICES@DF_PRICES_ALL(1.0),,I,AUS,,Q,,N,,CPI,,PA,,_T,,N,,GY,,2013-Q2,,2.390438,,A,,,,,,,,2,
DATAFLOW,OECD.SDD.TPS:DSD_PRICES@DF_PRICES_ALL(1.0),,I,AUS,,Q,,N,,CPI,,PA,,_T,,N,,GY,,2013-Q3,,2.1611,,A,,,,,,,,2,
DATAFLOW,OECD.SDD.TPS:DSD_PRICES@DF_PRICES_ALL(1.0),,I,AUS,,Q,,N,,CPI,,PA,,_T,,N,,GY,,2013-Q4,,2.745098,,A,,,,,,,,2,
DATAFLOW,OECD.SDD.TPS:DSD_PRICES@DF_PRICES_ALL(1.0),,I,AUS,,Q,,N,,CPI,,PA,,_T,,N,,GY,,2014-Q1,,2.929688,,A,,,,,,,,2,
DATAFLOW,OECD.SDD.TPS:DSD_PRICES@DF_PRICES_ALL(1.0),,I,AUS,,Q,,N,,CPI,,PA,,_T,,N,,GY,,2014-Q2,,3.015564,,A,,,,,,,,2,
DATAFLOW,OECD.SDD.TPS:DSD_PRICES@DF_PRICES_ALL(1.0),,I,AUS,,Q,,N,,CPI,,PA,,_T,,N,,GY,,2014-Q3,,2.307692,,A,,,,,,,,2,
DATAFLOW,OECD.SDD.TPS:DSD_PRICES@DF_PRICES_ALL(1.0),,I,AUS,,Q,,N,,CPI,,PA,,_T,,N,,GY,,2014-Q4,,1.717557,,A,,,,,,,,2,
DATAFLOW,OECD.SDD.TPS:DSD_PRICES@DF_PRICES_ALL(1.0),,I,AUS,,Q,,N,,CPI,,PA,,_T,,N,,GY,,2015-Q1,,1.328273,,A,,,,,,,,2,
DATAFLOW,OECD.SDD.TPS:DSD_PRICES@DF_PRICES_ALL(1.0),,I,AUS,,Q,,N,,CPI,,PA,,_T,,N,,GY,,2015-Q2,,1.510859,,A,,,,,,,,2,
DATAFLOW,OECD.SDD.TPS:DSD_PRICES@DF_PRICES_ALL(1.0),,I,AUS,,Q,,N,,CPI,,PA,,_T,,N,,GY,,2015-Q3,,1.503759,,A,,,,,,,,2,
DATAFLOW,OECD.SDD.TPS:DSD_PRICES@DF_PRICES_ALL(1.0),,I,AUS,,Q,,N,,CPI,,PA,,_T,,N,,GY,,2015-Q4,,1.688555,,A,,,,,,,,2,
DATAFLOW,OECD.SDD.TPS:DSD_PRICES@DF_PRICES_ALL(1.0),,I,AUS,,Q,,N,,CPI,,PA,,_T,,N,,GY,,2016-Q1,,1.310861,,A,,,,,,,,2,
DATAFLOW,OECD.SDD.TPS:DSD_PRICES@DF_PRICES_ALL(1.0),,I,AUS,,Q,,N,,CPI,,PA,,_T,,N,,GY,,2016-Q2,,1.023256,,A,,,,,,,,2,
DATAFLOW,OECD.SDD.TPS:DSD_PRICES@DF_PRICES_ALL(1.0),,I,AUS,,Q,,N,,CPI,,PA,,_T,,N,,GY,,2016-Q3,,1.296296,,A,,,,,,,,2,
DATAFLOW,OECD.SDD.TPS:DSD_PRICES@DF_PRICES_ALL(1.0),,I,AUS,,Q,,N,,CPI,,PA,,_T,,N,,GY,,2016-Q4,,1.476015,,A,,,,,,,,2,
DATAFLOW,OECD.SDD.TPS:DSD_PRICES@DF_PRICES_ALL(1.0),,I,AUS,,Q,,N,,CPI,,PA,,_T,,N,,GY,,2017-Q1,,2.125693,,A,,,,,,,,2,
DATAFLOW,OECD.SDD.TPS:DSD_PRICES@DF_PRICES_ALL(1.0),,I,AUS,,Q,,N,,CPI,,PA,,_T,,N,,GY,,2017-Q2,,1.933702,,A,,,,,,,,2,
DATAFLOW,OECD.SDD.TPS:DSD_PRICES@DF_PRICES_ALL(1.0),,I,AUS,,Q,,N,,CPI,,PA,,_T,,N,,GY,,2017-Q3,,1.828154,,A,,,,,,,,2,
DATAFLOW,OECD.SDD.TPS:DSD_PRICES@DF_PRICES_ALL(1.0),,I,AUS,,Q,,N,,CPI,,PA,,_T,,N,,GY,,2017-Q4,,1.909091,,A,,,,,,,,2,
DATAFLOW,OECD.SDD.TPS:DSD_PRICES@DF_PRICES_ALL(1.0),,I,AUS,,Q,,N,,CPI,,PA,,_T,,N,,GY,,2018-Q1,,1.900452,,A,,,,,,,,2,
DATAFLOW,OECD.SDD.TPS:DSD_PRICES@DF_PRICES_ALL(1.0),,I,AUS,,Q,,N,,CPI,,PA,,_T,,N,,GY,,2018-Q2,,2.077688,,A,,,,,,,,2,
DATAFLOW,OECD.SDD.TPS:DSD_PRICES@DF_PRICES_ALL(1.0),,I,AUS,,Q,,N,,CPI,,PA,,_T,,N,,GY,,2018-Q3,,1.885099,,A,,,,,,,,2,
DATAFLOW,OECD.SDD.TPS:DSD_PRICES@DF_PRICES_ALL(1.0),,I,AUS,,Q,,N,,CPI,,PA,,_T,,N,,GY,,2018-Q4,,1.784121,,A,,,,,,,,2,
DATAFLOW,OECD.SDD.TPS:DSD_PRICES@DF_PRICES_ALL(1.0),,I,AUS,,Q,,N,,CPI,,PA,,_T,,N,,GY,,2019-Q1,,1.332149,,A,,,,,,,,2,
DATAFLOW,OECD.SDD.TPS:DSD_PRICES@DF_PRICES_ALL(1.0),,I,AUS,,Q,,N,,CPI,,PA,,_T,,N,,GY,,2019-Q2,,1.59292,,A,,,,,,,,2,
DATAFLOW,OECD.SDD.TPS:DSD_PRICES@DF_PRICES_ALL(1.0),,I,AUS,,Q,,N,,CPI,,PA,,_T,,N,,GY,,2019-Q3,,1.674009,,A,,,,,,,,2,
DATAFLOW,OECD.SDD.TPS:DSD_PRICES@DF_PRICES_ALL(1.0),,I,AUS,,Q,,N,,CPI,,PA,,_T,,N,,GY,,2019-Q4,,1.840491,,A,,,,,,,,2,
DATAFLOW,OECD.SDD.TPS:DSD_PRICES@DF_PRICES_ALL(1.0),,I,AUS,,Q,,N,,CPI,,PA,,_T,,N,,GY,,2020-Q1,,2.191061,,A,,,,,,,,2,
DATAFLOW,OECD.SDD.TPS:DSD_PRICES@DF_PRICES_ALL(1.0),,I,AUS,,Q,,N,,CPI,,PA,,_T,,N,,GY,,2020-Q2,,-0.3484321,,A,,,,,,,,2,
DATAFLOW,OECD.SDD.TPS:DSD_PRICES@DF_PRICES_ALL(1.0),,I,AUS,,Q,,N,,CPI,,PA,,_T,,N,,GY,,2020-Q3,,0.6932409,,A,,,,,,,,2,
DATAFLOW,OECD.SDD.TPS:DSD_PRICES@DF_PRICES_ALL(1.0),,I,AUS,,Q,,N,,CPI,,PA,,_T,,N,,GY,,2020-Q4,,0.8605852,,A,,,,,,,,2,
DATAFLOW,OECD.SDD.TPS:DSD_PRICES@DF_PRICES_ALL(1.0),,I,AUS,,Q,,N,,CPI,,PA,,_T,,N,,GY,,2021-Q1,,1.114923,,A,,,,,,,,2,
DATAFLOW,OECD.SDD.TPS:DSD_PRICES@DF_PRICES_ALL(1.0),,I,AUS,,Q,,N,,CPI,,PA,,_T,,N,,GY,,2021-Q2,,3.846154,,A,,,,,,,,2,
DATAFLOW,OECD.SDD.TPS:DSD_PRICES@DF_PRICES_ALL(1.0),,I,AUS,,Q,,N,,CPI,,PA,,_T,,N,,GY,,2021-Q3,,3.012048,,A,,,,,,,,2,
DATAFLOW,OECD.SDD.TPS:DSD_PRICES@DF_PRICES_ALL(1.0),,I,AUS,,Q,,N,,CPI,,PA,,_T,,N,,GY,,2021-Q4,,3.498293,,A,,,,,,,,2,
DATAFLOW,OECD.SDD.TPS:DSD_PRICES@DF_PRICES_ALL(1.0),,I,AUS,,Q,,N,,CPI,,PA,,_T,,N,,GY,,2022-Q1,,5.089058,,A,,,,,,,,2,
DATAFLOW,OECD.SDD.TPS:DSD_PRICES@DF_PRICES_ALL(1.0),,I,AUS,,Q,,N,,CPI,,PA,,_T,,N,,GY,,2022-Q2,,6.144781,,A,,,,,,,,2,
DATAFLOW,OECD.SDD.TPS:DSD_PRICES@DF_PRICES_ALL(1.0),,I,AUS,,Q,,N,,CPI,,PA,,_T,,N,,GY,,2022-Q3,,7.26817,,A,,,,,,,,2,
DATAFLOW,OECD.SDD.TPS:DSD_PRICES@DF_PRICES_ALL(1.0),,I,AUS,,Q,,N,,CPI,,PA,,_T,,N,,GY,,2022-Q4,,7.831822,,A,,,,,,,,2,
DATAFLOW,OECD.SDD.TPS:DSD_PRICES@DF_PRICES_ALL(1.0),,I,AUS,,Q,,N,,CPI,,PA,,_T,,N,,GY,,2023-Q1,,7.021792,,A,,,,,,,,2,
DATAFLOW,OECD.SDD.TPS:DSD_PRICES@DF_PRICES_ALL(1.0),,I,AUS,,Q,,N,,CPI,,PA,,_T,,N,,GY,,2023-Q2,,6.026963,,A,,,,,,,,2,
DATAFLOW,OECD.SDD.TPS:DSD_PRICES@DF_PRICES_ALL(1.0),,I,AUS,,Q,,N,,CPI,,PA,,_T,,N,,GY,,2023-Q3,,5.373832,,A,,,,,,,,2,
DATAFLOW,OECD.SDD.TPS:DSD_PRICES@DF_PRICES_ALL(1.0),,I,AUS,,Q,,N,,CPI,,PA,,_T,,N,,GY,,2023-Q4,,4.051988,,A,,,,,,,,2,
DATAFLOW,OECD.SDD.TPS:DSD_PRICES@DF_PRICES_ALL(1.0),,I,AUS,,Q,,N,,CPI,,PA,,_T,,N,,GY,,2024-Q1,,3.61991,,A,,,,,,,,2,
DATAFLOW,OECD.SDD.TPS:DSD_PRICES@DF_PRICES_ALL(1.0),,I,AUS,,Q,,N,,CPI,,PA,,_T,,N,,GY,,2024-Q2,,3.81451,,A,,,,,,,,2,
DATAFLOW,OECD.SDD.TPS:DSD_PRICES@DF_PRICES_ALL(1.0),,I,AUS,,Q,,N,,CPI,,PA,,_T,,N,,GY,,2024-Q3,,2.838796,,A,,,,,,,,2,
DATAFLOW,OECD.SDD.TPS:DSD_PRICES@DF_PRICES_ALL(1.0),,I,AUS,,Q,,N,,CPI,,PA,,_T,,N,,GY,,2024-Q4,,2.414221,,A,,,,,,,,2,
DATAFLOW,OECD.SDD.TPS:DSD_PRICES@DF_PRICES_ALL(1.0),,I,AUS,,Q,,N,,CPI,,PA,,_T,,N,,GY,,2025-Q1,,2.458606,,A,,,,,,,,2,
DATAFLOW,OECD.SDD.TPS:DSD_PRICES@DF_PRICES_ALL(1.0),,I,AUS,,Q,,N,,CPI,,PA,,_T,,N,,GY,,2025-Q2,,2.120447,,A,,,,,,,,2,
DATAFLOW,OECD.SDD.TPS:DSD_PRICES@DF_PRICES_ALL(1.0),,I,AUS,,Q,,N,,CPI,,PA,,_T,,N,,GY,,2025-Q3,,3.236715,,A,,,,,,,,2,
DATAFLOW,OECD.SDD.TPS:DSD_PRICES@DF_PRICES_ALL(1.0),,I,AUS,,Q,,N,,CPI,,PA,,_T,,N,,GY,,2025-Q4,,3.671937,,A,,,,,,,,2,
DATAFLOW,OECD.SDD.TPS:DSD_PRICES@DF_PRICES_ALL(1.0),,I,AUS,,Q,,N,,CPI,,PA,,_T,,N,,GY,,2026-Q1,,4.048293,,A,,,,,,,,2,
DATAFLOW,OECD.SDD.TPS:DSD_PRICES@DF_PRICES_ALL(1.0),,I,DEU,,Q,,N,,CPI,,PA,,_T,,N,,GY,,1996-Q3,,1.363073,,A,,,,,,,,2,
DATAFLOW,OECD.SDD.TPS:DSD_PRICES@DF_PRICES_ALL(1.0),,I,DEU,,Q,,N,,CPI,,PA,,_T,,N,,GY,,1996-Q4,,1.53019,,A,,,,,,,,2,
DATAFLOW,OECD.SDD.TPS:DSD_PRICES@DF_PRICES_ALL(1.0),,I,DEU,,Q,,N,,CPI,,PA,,_T,,N,,GY,,1997-Q1,,1.762295,,A,,,,,,,,2,
DATAFLOW,OECD.SDD.TPS:DSD_PRICES@DF_PRICES_ALL(1.0),,I,DEU,,Q,,N,,CPI,,PA,,_T,,N,,GY,,1997-Q2,,1.552288,,A,,,,,,,,2,
DATAFLOW,OECD.SDD.TPS:DSD_PRICES@DF_PRICES_ALL(1.0),,I,DEU,,Q,,N,,CPI,,PA,,_T,,N,,GY,,1997-Q3,,2.322738,,A,,,,,,,,2,
DATAFLOW,OECD.SDD.TPS:DSD_PRICES@DF_PRICES_ALL(1.0),,I,DEU,,Q,,N,,CPI,,PA,,_T,,N,,GY,,1997-Q4,,2.118126,,A,,,,,,,,2,
DATAFLOW,OECD.SDD.TPS:DSD_PRICES@DF_PRICES_ALL(1.0),,I,DEU,,Q,,N,,CPI,,PA,,_T,,N,,GY,,1998-Q1,,1.24849,,A,,,,,,,,2,
DATAFLOW,OECD.SDD.TPS:DSD_PRICES@DF_PRICES_ALL(1.0),,I,DEU,,Q,,N,,CPI,,PA,,_T,,N,,GY,,1998-Q2,,1.367659,,A,,,,,,,,2,
DATAFLOW,OECD.SDD.TPS:DSD_PRICES@DF_PRICES_ALL(1.0),,I,DEU,,Q,,N,,CPI,,PA,,_T,,N,,GY,,1998-Q3,,0.5973716,,A,,,,,,,,2,
DATAFLOW,OECD.SDD.TPS:DSD_PRICES@DF_PRICES_ALL(1.0),,I,DEU,,Q,,N,,CPI,,PA,,_T,,N,,GY,,1998-Q4,,0.4387714,,A,,,,,,,,2,
DATAFLOW,OECD.SDD.TPS:DSD_PRICES@DF_PRICES_ALL(1.0),,I,DEU,,Q,,N,,CPI,,PA,,_T,,N,,GY,,1999-Q1,,0.1988862,,A,,,,,,,,2,
DATAFLOW,OECD.SDD.TPS:DSD_PRICES@DF_PRICES_ALL(1.0),,I,DEU,,Q,,N,,CPI,,PA,,_T,,N,,GY,,1999-Q2,,0.515873,,A,,,,,,,,2,
DATAFLOW,OECD.SDD.TPS:DSD_PRICES@DF_PRICES_ALL(1.0),,I,DEU,,Q,,N,,CPI,,PA,,_T,,N,,GY,,1999-Q3,,0.6730008,,A,,,,,,,,2,
DATAFLOW,OECD.SDD.TPS:DSD_PRICES@DF_PRICES_ALL(1.0),,I,DEU,,Q,,N,,CPI,,PA,,_T,,N,,GY,,1999-Q4,,0.9531374,,A,,,,,,,,2,
DATAFLOW,OECD.SDD.TPS:DSD_PRICES@DF_PRICES_ALL(1.0),,I,DEU,,Q,,N,,CPI,,PA,,_T,,N,,GY,,2000-Q1,,1.548233,,A,,,,,,,,2,
DATAFLOW,OECD.SDD.TPS:DSD_PRICES@DF_PRICES_ALL(1.0),,I,DEU,,Q,,N,,CPI,,PA,,_T,,N,,GY,,2000-Q2,,1.105409,,A,,,,,,,,2,
DATAFLOW,OECD.SDD.TPS:DSD_PRICES@DF_PRICES_ALL(1.0),,I,DEU,,Q,,N,,CPI,,PA,,_T,,N,,GY,,2000-Q3,,1.376327,,A,,,,,,,,2,
DATAFLOW,OECD.SDD.TPS:DSD_PRICES@DF_PRICES_ALL(1.0),,I,DEU,,Q,,N,,CPI,,PA,,_T,,N,,GY,,2000-Q4,,1.730921,,A,,,,,,,,2,
DATAFLOW,OECD.SDD.TPS:DSD_PRICES@DF_PRICES_ALL(1.0),,I,DEU,,Q,,N,,CPI,,PA,,_T,,N,,GY,,2001-Q1,,1.720094,,A,,,,,,,,2,
DATAFLOW,OECD.SDD.TPS:DSD_PRICES@DF_PRICES_ALL(1.0),,I,DEU,,Q,,N,,CPI,,PA,,_T,,N,,GY,,2001-Q2,,2.538071,,A,,,,,,,,2,
DATAFLOW,OECD.SDD.TPS:DSD_PRICES@DF_PRICES_ALL(1.0),,I,DEU,,Q,,N,,CPI,,PA,,_T,,N,,GY,,2001-Q3,,2.017067,,A,,,,,,,,2,
DATAFLOW,OECD.SDD.TPS:DSD_PRICES@DF_PRICES_ALL(1.0),,I,DEU,,Q,,N,,CPI,,PA,,_T,,N,,GY,,2001-Q4,,1.6628,,A,,,,,,,,2,
DATAFLOW,OECD.SDD.TPS:DSD_PRICES@DF_PRICES_ALL(1.0),,I,DEU,,Q,,N,,CPI,,PA,,_T,,N,,GY,,2002-Q1,,1.998463,,A,,,,,,,,2,
DATAFLOW,OECD.SDD.TPS:DSD_PRICES@DF_PRICES_ALL(1.0),,I,DEU,,Q,,N,,CPI,,PA,,_T,,N,,GY,,2002-Q2,,1.294745,,A,,,,,,,,2,
DATAFLOW,OECD.SDD.TPS:DSD_PRICES@DF_PRICES_ALL(1.0),,I,DEU,,Q,,N,,CPI,,PA,,_T,,N,,GY,,2002-Q3,,1.21673,,A,,,,,,,,2,
DATAFLOW,OECD.SDD.TPS:DSD_PRICES@DF_PRICES_ALL(1.0),,I,DEU,,Q,,N,,CPI,,PA,,_T,,N,,GY,,2002-Q4,,1.179156,,A,,,,,,,,2,
DATAFLOW,OECD.SDD.TPS:DSD_PRICES@DF_PRICES_ALL(1.0),,I,DEU,,Q,,N,,CPI,,PA,,_T,,N,,GY,,2003-Q1,,1.130369,,A,,,,,,,,2,
DATAFLOW,OECD.SDD.TPS:DSD_PRICES@DF_PRICES_ALL(1.0),,I,DEU,,Q,,N,,CPI,,PA,,_T,,N,,GY,,2003-Q2,,0.7894737,,A,,,,,,,,2,
DATAFLOW,OECD.SDD.TPS:DSD_PRICES@DF_PRICES_ALL(1.0),,I,DEU,,Q,,N,,CPI,,PA,,_T,,N,,GY,,2003-Q3,,1.051841,,A,,,,,,,,2,
DATAFLOW,OECD.SDD.TPS:DSD_PRICES@DF_PRICES_ALL(1.0),,I,DEU,,Q,,N,,CPI,,PA,,_T,,N,,GY,,2003-Q4,,1.165413,,A,,,,,,,,2,
DATAFLOW,OECD.SDD.TPS:DSD_PRICES@DF_PRICES_ALL(1.0),,I,DEU,,Q,,N,,CPI,,PA,,_T,,N,,GY,,2004-Q1,,0.9687034,,A,,,,,,,,2,
DATAFLOW,OECD.SDD.TPS:DSD_PRICES@DF_PRICES_ALL(1.0),,I,DEU,,Q,,N,,CPI,,PA,,_T,,N,,GY,,2004-Q2,,1.864976,,A,,,,,,,,2,
DATAFLOW,OECD.SDD.TPS:DSD_PRICES@DF_PRICES_ALL(1.0),,I,DEU,,Q,,N,,CPI,,PA,,_T,,N,,GY,,2004-Q3,,1.821561,,A,,,,,,,,2,
DATAFLOW,OECD.SDD.TPS:DSD_PRICES@DF_PRICES_ALL(1.0),,I,DEU,,Q,,N,,CPI,,PA,,_T,,N,,GY,,2004-Q4,,2.006689,,A,,,,,,,,2,
DATAFLOW,OECD.SDD.TPS:DSD_PRICES@DF_PRICES_ALL(1.0),,I,DEU,,Q,,N,,CPI,,PA,,_T,,N,,GY,,2005-Q1,,1.623616,,A,,,,,,,,2,
DATAFLOW,OECD.SDD.TPS:DSD_PRICES@DF_PRICES_ALL(1.0),,I,DEU,,Q,,N,,CPI,,PA,,_T,,N,,GY,,2005-Q2,,1.244965,,A,,,,,,,,2,
DATAFLOW,OECD.SDD.TPS:DSD_PRICES@DF_PRICES_ALL(1.0),,I,DEU,,Q,,N,,CPI,,PA,,_T,,N,,GY,,2005-Q3,,1.642935,,A,,,,,,,,2,
DATAFLOW,OECD.SDD.TPS:DSD_PRICES@DF_PRICES_ALL(1.0),,I,DEU,,Q,,N,,CPI,,PA,,_T,,N,,GY,,2005-Q4,,1.675774,,A,,,,,,,,2,
DATAFLOW,OECD.SDD.TPS:DSD_PRICES@DF_PRICES_ALL(1.0),,I,DEU,,Q,,N,,CPI,,PA,,_T,,N,,GY,,2006-Q1,,1.706609,,A,,,,,,,,2,
DATAFLOW,OECD.SDD.TPS:DSD_PRICES@DF_PRICES_ALL(1.0),,I,DEU,,Q,,N,,CPI,,PA,,_T,,N,,GY,,2006-Q2,,1.844485,,A,,,,,,,,2,
DATAFLOW,OECD.SDD.TPS:DSD_PRICES@DF_PRICES_ALL(1.0),,I,DEU,,Q,,N,,CPI,,PA,,_T,,N,,GY,,2006-Q3,,1.472701,,A,,,,,,,,2,
DATAFLOW,OECD.SDD.TPS:DSD_PRICES@DF_PRICES_ALL(1.0),,I,DEU,,Q,,N,,CPI,,PA,,_T,,N,,GY,,2006-Q4,,1.28986,,A,,,,,,,,2,
DATAFLOW,OECD.SDD.TPS:DSD_PRICES@DF_PRICES_ALL(1.0),,I,DEU,,Q,,N,,CPI,,PA,,_T,,N,,GY,,2007-Q1,,1.785077,,A,,,,,,,,2,
DATAFLOW,OECD.SDD.TPS:DSD_PRICES@DF_PRICES_ALL(1.0),,I,DEU,,Q,,N,,CPI,,PA,,_T,,N,,GY,,2007-Q2,,2.059659,,A,,,,,,,,2,
DATAFLOW,OECD.SDD.TPS:DSD_PRICES@DF_PRICES_ALL(1.0),,I,DEU,,Q,,N,,CPI,,PA,,_T,,N,,GY,,2007-Q3,,2.265487,,A,,,,,,,,2,
DATAFLOW,OECD.SDD.TPS:DSD_PRICES@DF_PRICES_ALL(1.0),,I,DEU,,Q,,N,,CPI,,PA,,_T,,N,,GY,,2007-Q4,,3.077467,,A,,,,,,,,2,
DATAFLOW,OECD.SDD.TPS:DSD_PRICES@DF_PRICES_ALL(1.0),,I,DEU,,Q,,N,,CPI,,PA,,_T,,N,,GY,,2008-Q1,,2.946335,,A,,,,,,,,2,
DATAFLOW,OECD.SDD.TPS:DSD_PRICES@DF_PRICES_ALL(1.0),,I,DEU,,Q,,N,,CPI,,PA,,_T,,N,,GY,,2008-Q2,,2.887961,,A,,,,,,,,2,
DATAFLOW,OECD.SDD.TPS:DSD_PRICES@DF_PRICES_ALL(1.0),,I,DEU,,Q,,N,,CPI,,PA,,_T,,N,,GY,,2008-Q3,,3.080651,,A,,,,,,,,2,
DATAFLOW,OECD.SDD.TPS:DSD_PRICES@DF_PRICES_ALL(1.0),,I,DEU,,Q,,N,,CPI,,PA,,_T,,N,,GY,,2008-Q4,,1.612903,,A,,,,,,,,2,
DATAFLOW,OECD.SDD.TPS:DSD_PRICES@DF_PRICES_ALL(1.0),,I,DEU,,Q,,N,,CPI,,PA,,_T,,N,,GY,,2009-Q1,,0.8177172,,A,,,,,,,,2,
DATAFLOW,OECD.SDD.TPS:DSD_PRICES@DF_PRICES_ALL(1.0),,I,DEU,,Q,,N,,CPI,,PA,,_T,,N,,GY,,2009-Q2,,0.2705445,,A,,,,,,,,2,
DATAFLOW,OECD.SDD.TPS:DSD_PRICES@DF_PRICES_ALL(1.0),,I,DEU,,Q,,N,,CPI,,PA,,_T,,N,,GY,,2009-Q3,,-0.2350571,,A,,,,,,,,2,
DATAFLOW,OECD.SDD.TPS:DSD_PRICES@DF_PRICES_ALL(1.0),,I,DEU,,Q,,N,,CPI,,PA,,_T,,N,,GY,,2009-Q4,,0.4052685,,A,,,,,,,,2,
DATAFLOW,OECD.SDD.TPS:DSD_PRICES@DF_PRICES_ALL(1.0),,I,DEU,,Q,,N,,CPI,,PA,,_T,,N,,GY,,2010-Q1,,0.8110848,,A,,,,,,,,2,
DATAFLOW,OECD.SDD.TPS:DSD_PRICES@DF_PRICES_ALL(1.0),,I,DEU,,Q,,N,,CPI,,PA,,_T,,N,,GY,,2010-Q2,,1.112985,,A,,,,,,,,2,
DATAFLOW,OECD.SDD.TPS:DSD_PRICES@DF_PRICES_ALL(1.0),,I,DEU,,Q,,N,,CPI,,PA,,_T,,N,,GY,,2010-Q3,,1.110737,,A,,,,,,,,2,
DATAFLOW,OECD.SDD.TPS:DSD_PRICES@DF_PRICES_ALL(1.0),,I,DEU,,Q,,N,,CPI,,PA,,_T,,N,,GY,,2010-Q4,,1.379078,,A,,,,,,,,2,
DATAFLOW,OECD.SDD.TPS:DSD_PRICES@DF_PRICES_ALL(1.0),,I,DEU,,Q,,N,,CPI,,PA,,_T,,N,,GY,,2011-Q1,,1.877305,,A,,,,,,,,2,
DATAFLOW,OECD.SDD.TPS:DSD_PRICES@DF_PRICES_ALL(1.0),,I,DEU,,Q,,N,,CPI,,PA,,_T,,N,,GY,,2011-Q2,,2.001334,,A,,,,,,,,2,
DATAFLOW,OECD.SDD.TPS:DSD_PRICES@DF_PRICES_ALL(1.0),,I,DEU,,Q,,N,,CPI,,PA,,_T,,N,,GY,,2011-Q3,,2.197071,,A,,,,,,,,2,
DATAFLOW,OECD.SDD.TPS:DSD_PRICES@DF_PRICES_ALL(1.0),,I,DEU,,Q,,N,,CPI,,PA,,_T,,N,,GY,,2011-Q4,,2.22296,,A,,,,,,,,2,
DATAFLOW,OECD.SDD.TPS:DSD_PRICES@DF_PRICES_ALL(1.0),,I,DEU,,Q,,N,,CPI,,PA,,_T,,N,,GY,,2012-Q1,,2.138861,,A,,,,,,,,2,
DATAFLOW,OECD.SDD.TPS:DSD_PRICES@DF_PRICES_ALL(1.0),,I,DEU,,Q,,N,,CPI,,PA,,_T,,N,,GY,,2012-Q2,,1.863963,,A,,,,,,,,2,
DATAFLOW,OECD.SDD.TPS:DSD_PRICES@DF_PRICES_ALL(1.0),,I,DEU,,Q,,N,,CPI,,PA,,_T,,N,,GY,,2012-Q3,,2.019544,,A,,,,,,,,2,
DATAFLOW,OECD.SDD.TPS:DSD_PRICES@DF_PRICES_ALL(1.0),,I,DEU,,Q,,N,,CPI,,PA,,_T,,N,,GY,,2012-Q4,,2.012334,,A,,,,,,,,2,
DATAFLOW,OECD.SDD.TPS:DSD_PRICES@DF_PRICES_ALL(1.0),,I,DEU,,Q,,N,,CPI,,PA,,_T,,N,,GY,,2013-Q1,,1.546392,,A,,,,,,,,2,
DATAFLOW,OECD.SDD.TPS:DSD_PRICES@DF_PRICES_ALL(1.0),,I,DEU,,Q,,N,,CPI,,PA,,_T,,N,,GY,,2013-Q2,,1.508828,,A,,,,,,,,2,
DATAFLOW,OECD.SDD.TPS:DSD_PRICES@DF_PRICES_ALL(1.0),,I,DEU,,Q,,N,,CPI,,PA,,_T,,N,,GY,,2013-Q3,,1.628353,,A,,,,,,,,2,
DATAFLOW,OECD.SDD.TPS:DSD_PRICES@DF_PRICES_ALL(1.0),,I,DEU,,Q,,N,,CPI,,PA,,_T,,N,,GY,,2013-Q4,,1.336303,,A,,,,,,,,2,
DATAFLOW,OECD.SDD.TPS:DSD_PRICES@DF_PRICES_ALL(1.0),,I,DEU,,Q,,N,,CPI,,PA,,_T,,N,,GY,,2014-Q1,,1.205584,,A,,,,,,,,2,
DATAFLOW,OECD.SDD.TPS:DSD_PRICES@DF_PRICES_ALL(1.0),,I,DEU,,Q,,N,,CPI,,PA,,_T,,N,,GY,,2014-Q2,,1.075269,,A,,,,,,,,2,
DATAFLOW,OECD.SDD.TPS:DSD_PRICES@DF_PRICES_ALL(1.0),,I,DEU,,Q,,N,,CPI,,PA,,_T,,N,,GY,,2014-Q3,,0.8482563,,A,,,,,,,,2,
DATAFLOW,OECD.SDD.TPS:DSD_PRICES@DF_PRICES_ALL(1.0),,I,DEU,,Q,,N,,CPI,,PA,,_T,,N,,GY,,2014-Q4,,0.5023548,,A,,,,,,,,2,
DATAFLOW,OECD.SDD.TPS:DSD_PRICES@DF_PRICES_ALL(1.0),,I,DEU,,Q,,N,,CPI,,PA,,_T,,N,,GY,,2015-Q1,,-0.0511115,,A,,,,,,,,2,
DATAFLOW,OECD.SDD.TPS:DSD_PRICES@DF_PRICES_ALL(1.0),,I,DEU,,Q,,N,,CPI,,PA,,_T,,N,,GY,,2015-Q2,,0.9688507,,A,,,,,,,,2,
DATAFLOW,OECD.SDD.TPS:DSD_PRICES@DF_PRICES_ALL(1.0),,I,DEU,,Q,,N,,CPI,,PA,,_T,,N,,GY,,2015-Q3,,0.7288771,,A,,,,,,,,2,
DATAFLOW,OECD.SDD.TPS:DSD_PRICES@DF_PRICES_ALL(1.0),,I,DEU,,Q,,N,,CPI,,PA,,_T,,N,,GY,,2015-Q4,,0.4092312,,A,,,,,,,,2,
DATAFLOW,OECD.SDD.TPS:DSD_PRICES@DF_PRICES_ALL(1.0),,I,DEU,,Q,,N,,CPI,,PA,,_T,,N,,GY,,2016-Q1,,0.3026227,,A,,,,,,,,2,
DATAFLOW,OECD.SDD.TPS:DSD_PRICES@DF_PRICES_ALL(1.0),,I,DEU,,Q,,N,,CPI,,PA,,_T,,N,,GY,,2016-Q2,,0.1328904,,A,,,,,,,,2,
DATAFLOW,OECD.SDD.TPS:DSD_PRICES@DF_PRICES_ALL(1.0),,I,DEU,,Q,,N,,CPI,,PA,,_T,,N,,GY,,2016-Q3,,0.4973475,,A,,,,,,,,2,
DATAFLOW,OECD.SDD.TPS:DSD_PRICES@DF_PRICES_ALL(1.0),,I,DEU,,Q,,N,,CPI,,PA,,_T,,N,,GY,,2016-Q4,,1.034023,,A,,,,,,,,2,
DATAFLOW,OECD.SDD.TPS:DSD_PRICES@DF_PRICES_ALL(1.0),,I,DEU,,Q,,N,,CPI,,PA,,_T,,N,,GY,,2017-Q1,,1.642642,,A,,,,,,,,2,
DATAFLOW,OECD.SDD.TPS:DSD_PRICES@DF_PRICES_ALL(1.0),,I,DEU,,Q,,N,,CPI,,PA,,_T,,N,,GY,,2017-Q2,,1.426676,,A,,,,,,,,2,
DATAFLOW,OECD.SDD.TPS:DSD_PRICES@DF_PRICES_ALL(1.0),,I,DEU,,Q,,N,,CPI,,PA,,_T,,N,,GY,,2017-Q3,,1.550643,,A,,,,,,,,2,
DATAFLOW,OECD.SDD.TPS:DSD_PRICES@DF_PRICES_ALL(1.0),,I,DEU,,Q,,N,,CPI,,PA,,_T,,N,,GY,,2017-Q4,,1.41961,,A,,,,,,,,2,
DATAFLOW,OECD.SDD.TPS:DSD_PRICES@DF_PRICES_ALL(1.0),,I,DEU,,Q,,N,,CPI,,PA,,_T,,N,,GY,,2018-Q1,,1.319261,,A,,,,,,,,2,
DATAFLOW,OECD.SDD.TPS:DSD_PRICES@DF_PRICES_ALL(1.0),,I,DEU,,Q,,N,,CPI,,PA,,_T,,N,,GY,,2018-Q2,,1.733726,,A,,,,,,,,2,
DATAFLOW,OECD.SDD.TPS:DSD_PRICES@DF_PRICES_ALL(1.0),,I,DEU,,Q,,N,,CPI,,PA,,_T,,N,,GY,,2018-Q3,,1.884341,,A,,,,,,,,2,
DATAFLOW,OECD.SDD.TPS:DSD_PRICES@DF_PRICES_ALL(1.0),,I,DEU,,Q,,N,,CPI,,PA,,_T,,N,,GY,,2018-Q4,,1.985677,,A,,,,,,,,2,
DATAFLOW,OECD.SDD.TPS:DSD_PRICES@DF_PRICES_ALL(1.0),,I,DEU,,Q,,N,,CPI,,PA,,_T,,N,,GY,,2019-Q1,,1.367188,,A,,,,,,,,2,
DATAFLOW,OECD.SDD.TPS:DSD_PRICES@DF_PRICES_ALL(1.0),,I,DEU,,Q,,N,,CPI,,PA,,_T,,N,,GY,,2019-Q2,,1.70418,,A,,,,,,,,2,
DATAFLOW,OECD.SDD.TPS:DSD_PRICES@DF_PRICES_ALL(1.0),,I,DEU,,Q,,N,,CPI,,PA,,_T,,N,,GY,,2019-Q3,,1.466837,,A,,,,,,,,2,
DATAFLOW,OECD.SDD.TPS:DSD_PRICES@DF_PRICES_ALL(1.0),,I,DEU,,Q,,N,,CPI,,PA,,_T,,N,,GY,,2019-Q4,,1.244813,,A,,,,,,,,2,
DATAFLOW,OECD.SDD.TPS:DSD_PRICES@DF_PRICES_ALL(1.0),,I,DEU,,Q,,N,,CPI,,PA,,_T,,N,,GY,,2020-Q1,,1.619552,,A,,,,,,,,2,
DATAFLOW,OECD.SDD.TPS:DSD_PRICES@DF_PRICES_ALL(1.0),,I,DEU,,Q,,N,,CPI,,PA,,_T,,N,,GY,,2020-Q2,,0.4118892,,A,,,,,,,,2,
DATAFLOW,OECD.SDD.TPS:DSD_PRICES@DF_PRICES_ALL(1.0),,I,DEU,,Q,,N,,CPI,,PA,,_T,,N,,GY,,2020-Q3,,-0.9164779,,A,,,,,,,,2,
DATAFLOW,OECD.SDD.TPS:DSD_PRICES@DF_PRICES_ALL(1.0),,I,DEU,,Q,,N,,CPI,,PA,,_T,,N,,GY,,2020-Q4,,-0.5044136,,A,,,,,,,,2,
DATAFLOW,OECD.SDD.TPS:DSD_PRICES@DF_PRICES_ALL(1.0),,I,DEU,,Q,,N,,CPI,,PA,,_T,,N,,GY,,2021-Q1,,1.499001,,A,,,,,,,,2,
DATAFLOW,OECD.SDD.TPS:DSD_PRICES@DF_PRICES_ALL(1.0),,I,DEU,,Q,,N,,CPI,,PA,,_T,,N,,GY,,2021-Q2,,2.190508,,A,,,,,,,,2,
DATAFLOW,OECD.SDD.TPS:DSD_PRICES@DF_PRICES_ALL(1.0),,I,DEU,,Q,,N,,CPI,,PA,,_T,,N,,GY,,2021-Q3,,3.878302,,A,,,,,,,,2,
DATAFLOW,OECD.SDD.TPS:DSD_PRICES@DF_PRICES_ALL(1.0),,I,DEU,,Q,,N,,CPI,,PA,,_T,,N,,GY,,2021-Q4,,4.709419,,A,,,,,,,,2,
DATAFLOW,OECD.SDD.TPS:DSD_PRICES@DF_PRICES_ALL(1.0),,I,DEU,,Q,,N,,CPI,,PA,,_T,,N,,GY,,2022-Q1,,4.791598,,A,,,,,,,,2,
DATAFLOW,OECD.SDD.TPS:DSD_PRICES@DF_PRICES_ALL(1.0),,I,DEU,,Q,,N,,CPI,,PA,,_T,,N,,GY,,2022-Q2,,6.658006,,A,,,,,,,,2,
DATAFLOW,OECD.SDD.TPS:DSD_PRICES@DF_PRICES_ALL(1.0),,I,DEU,,Q,,N,,CPI,,PA,,_T,,N,,GY,,2022-Q3,,7.402639,,A,,,,,,,,2,
DATAFLOW,OECD.SDD.TPS:DSD_PRICES@DF_PRICES_ALL(1.0),,I,DEU,,Q,,N,,CPI,,PA,,_T,,N,,GY,,2022-Q4,,8.580543,,A,,,,,,,,2,
DATAFLOW,OECD.SDD.TPS:DSD_PRICES@DF_PRICES_ALL(1.0),,I,DEU,,Q,,N,,CPI,,PA,,_T,,N,,GY,,2023-Q1,,8.236768,,A,,,,,,,,2,
DATAFLOW,OECD.SDD.TPS:DSD_PRICES@DF_PRICES_ALL(1.0),,I,DEU,,Q,,N,,CPI,,PA,,_T,,N,,GY,,2023-Q2,,6.546894,,A,,,,,,,,2,
DATAFLOW,OECD.SDD.TPS:DSD_PRICES@DF_PRICES_ALL(1.0),,I,DEU,,Q,,N,,CPI,,PA,,_T,,N,,GY,,2023-Q3,,5.603836,,A,,,,,,,,2,
DATAFLOW,OECD.SDD.TPS:DSD_PRICES@DF_PRICES_ALL(1.0),,I,DEU,,Q,,N,,CPI,,PA,,_T,,N,,GY,,2023-Q4,,3.554641,,A,,,,,,,,2,
DATAFLOW,OECD.SDD.TPS:DSD_PRICES@DF_PRICES_ALL(1.0),,I,DEU,,Q,,N,,CPI,,PA,,_T,,N,,GY,,2024-Q1,,2.517361,,A,,,,,,,,2,
DATAFLOW,OECD.SDD.TPS:DSD_PRICES@DF_PRICES_ALL(1.0),,I,DEU,,Q,,N,,CPI,,PA,,_T,,N,,GY,,2024-Q2,,2.286367,,A,,,,,,,,2,
DATAFLOW,OECD.SDD.TPS:DSD_PRICES@DF_PRICES_ALL(1.0),,I,DEU,,Q,,N,,CPI,,PA,,_T,,N,,GY,,2024-Q3,,1.929625,,A,,,,,,,,2,
DATAFLOW,OECD.SDD.TPS:DSD_PRICES@DF_PRICES_ALL(1.0),,I,DEU,,Q,,N,,CPI,,PA,,_T,,N,,GY,,2024-Q4,,2.297872,,A,,,,,,,,2,
DATAFLOW,OECD.SDD.TPS:DSD_PRICES@DF_PRICES_ALL(1.0),,I,DEU,,Q,,N,,CPI,,PA,,_T,,N,,GY,,2025-Q1,,2.257973,,A,,,,,,,,2,
DATAFLOW,OECD.SDD.TPS:DSD_PRICES@DF_PRICES_ALL(1.0),,I,DEU,,Q,,N,,CPI,,PA,,_T,,N,,GY,,2025-Q2,,2.067617,,A,,,,,,,,2,
DATAFLOW,OECD.SDD.TPS:DSD_PRICES@DF_PRICES_ALL(1.0),,I,DEU,,Q,,N,,CPI,,PA,,_T,,N,,GY,,2025-Q3,,2.199332,,A,,,,,,,,2,
DATAFLOW,OECD.SDD.TPS:DSD_PRICES@DF_PRICES_ALL(1.0),,I,DEU,,Q,,N,,CPI,,PA,,_T,,N,,GY,,2025-Q4,,2.163062,,A,,,,,,,,2,
DATAFLOW,OECD.SDD.TPS:DSD_PRICES@DF_PRICES_ALL(1.0),,I,DEU,,Q,,N,,CPI,,PA,,_T,,N,,GY,,2026-Q1,,2.235716,,A,,,,,,,,2,
DATAFLOW,OECD.SDD.TPS:DSD_PRICES@DF_PRICES_ALL(1.0),,I,BEL,,Q,,N,,CPI,,PA,,_T,,N,,GY,,1996-Q3,,1.951808,,A,,,,,,,,2,
DATAFLOW,OECD.SDD.TPS:DSD_PRICES@DF_PRICES_ALL(1.0),,I,BEL,,Q,,N,,CPI,,PA,,_T,,N,,GY,,1996-Q4,,2.465859,,A,,,,,,,,2,
DATAFLOW,OECD.SDD.TPS:DSD_PRICES@DF_PRICES_ALL(1.0),,I,BEL,,Q,,N,,CPI,,PA,,_T,,N,,GY,,1997-Q1,,1.924165,,A,,,,,,,,2,
DATAFLOW,OECD.SDD.TPS:DSD_PRICES@DF_PRICES_ALL(1.0),,I,BEL,,Q,,N,,CPI,,PA,,_T,,N,,GY,,1997-Q2,,1.525352,,A,,,,,,,,2,
DATAFLOW,OECD.SDD.TPS:DSD_PRICES@DF_PRICES_ALL(1.0),,I,BEL,,Q,,N,,CPI,,PA,,_T,,N,,GY,,1997-Q3,,1.781206,,A,,,,,,,,2,
DATAFLOW,OECD.SDD.TPS:DSD_PRICES@DF_PRICES_ALL(1.0),,I,BEL,,Q,,N,,CPI,,PA,,_T,,N,,GY,,1997-Q4,,1.285156,,A,,,,,,,,2,
DATAFLOW,OECD.SDD.TPS:DSD_PRICES@DF_PRICES_ALL(1.0),,I,BEL,,Q,,N,,CPI,,PA,,_T,,N,,GY,,1998-Q1,,0.7218212,,A,,,,,,,,2,
DATAFLOW,OECD.SDD.TPS:DSD_PRICES@DF_PRICES_ALL(1.0),,I,BEL,,Q,,N,,CPI,,PA,,_T,,N,,GY,,1998-Q2,,1.646186,,A,,,,,,,,2,
DATAFLOW,OECD.SDD.TPS:DSD_PRICES@DF_PRICES_ALL(1.0),,I,BEL,,Q,,N,,CPI,,PA,,_T,,N,,GY,,1998-Q3,,0.7624822,,A,,,,,,,,2,
DATAFLOW,OECD.SDD.TPS:DSD_PRICES@DF_PRICES_ALL(1.0),,I,BEL,,Q,,N,,CPI,,PA,,_T,,N,,GY,,1998-Q4,,0.6712027,,A,,,,,,,,2,
DATAFLOW,OECD.SDD.TPS:DSD_PRICES@DF_PRICES_ALL(1.0),,I,BEL,,Q,,N,,CPI,,PA,,_T,,N,,GY,,1999-Q1,,1.056597,,A,,,,,,,,2,
DATAFLOW,OECD.SDD.TPS:DSD_PRICES@DF_PRICES_ALL(1.0),,I,BEL,,Q,,N,,CPI,,PA,,_T,,N,,GY,,1999-Q2,,0.9215329,,A,,,,,,,,2,
DATAFLOW,OECD.SDD.TPS:DSD_PRICES@DF_PRICES_ALL(1.0),,I,BEL,,Q,,N,,CPI,,PA,,_T,,N,,GY,,1999-Q3,,0.9162602,,A,,,,,,,,2,
DATAFLOW,OECD.SDD.TPS:DSD_PRICES@DF_PRICES_ALL(1.0),,I,BEL,,Q,,N,,CPI,,PA,,_T,,N,,GY,,1999-Q4,,1.589186,,A,,,,,,,,2,
DATAFLOW,OECD.SDD.TPS:DSD_PRICES@DF_PRICES_ALL(1.0),,I,BEL,,Q,,N,,CPI,,PA,,_T,,N,,GY,,2000-Q1,,1.986544,,A,,,,,,,,2,
DATAFLOW,OECD.SDD.TPS:DSD_PRICES@DF_PRICES_ALL(1.0),,I,BEL,,Q,,N,,CPI,,PA,,_T,,N,,GY,,2000-Q2,,2.318959,,A,,,,,,,,2,
DATAFLOW,OECD.SDD.TPS:DSD_PRICES@DF_PRICES_ALL(1.0),,I,BEL,,Q,,N,,CPI,,PA,,_T,,N,,GY,,2000-Q3,,3.012919,,A,,,,,,,,2,
DATAFLOW,OECD.SDD.TPS:DSD_PRICES@DF_PRICES_ALL(1.0),,I,BEL,,Q,,N,,CPI,,PA,,_T,,N,,GY,,2000-Q4,,2.854446,,A,,,,,,,,2,
DATAFLOW,OECD.SDD.TPS:DSD_PRICES@DF_PRICES_ALL(1.0),,I,BEL,,Q,,N,,CPI,,PA,,_T,,N,,GY,,2001-Q1,,2.184087,,A,,,,,,,,2,
DATAFLOW,OECD.SDD.TPS:DSD_PRICES@DF_PRICES_ALL(1.0),,I,BEL,,Q,,N,,CPI,,PA,,_T,,N,,GY,,2001-Q2,,2.946764,,A,,,,,,,,2,
DATAFLOW,OECD.SDD.TPS:DSD_PRICES@DF_PRICES_ALL(1.0),,I,BEL,,Q,,N,,CPI,,PA,,_T,,N,,GY,,2001-Q3,,2.525762,,A,,,,,,,,2,
DATAFLOW,OECD.SDD.TPS:DSD_PRICES@DF_PRICES_ALL(1.0),,I,BEL,,Q,,N,,CPI,,PA,,_T,,N,,GY,,2001-Q4,,2.220183,,A,,,,,,,,2,
DATAFLOW,OECD.SDD.TPS:DSD_PRICES@DF_PRICES_ALL(1.0),,I,BEL,,Q,,N,,CPI,,PA,,_T,,N,,GY,,2002-Q1,,2.735005,,A,,,,,,,,2,
DATAFLOW,OECD.SDD.TPS:DSD_PRICES@DF_PRICES_ALL(1.0),,I,BEL,,Q,,N,,CPI,,PA,,_T,,N,,GY,,2002-Q2,,1.343232,,A,,,,,,,,2,
DATAFLOW,OECD.SDD.TPS:DSD_PRICES@DF_PRICES_ALL(1.0),,I,BEL,,Q,,N,,CPI,,PA,,_T,,N,,GY,,2002-Q3,,1.265985,,A,,,,,,,,2,
DATAFLOW,OECD.SDD.TPS:DSD_PRICES@DF_PRICES_ALL(1.0),,I,BEL,,Q,,N,,CPI,,PA,,_T,,N,,GY,,2002-Q4,,1.257001,,A,,,,,,,,2,
DATAFLOW,OECD.SDD.TPS:DSD_PRICES@DF_PRICES_ALL(1.0),,I,BEL,,Q,,N,,CPI,,PA,,_T,,N,,GY,,2003-Q1,,1.570992,,A,,,,,,,,2,
DATAFLOW,OECD.SDD.TPS:DSD_PRICES@DF_PRICES_ALL(1.0),,I,BEL,,Q,,N,,CPI,,PA,,_T,,N,,GY,,2003-Q2,,1.376244,,A,,,,,,,,2,
DATAFLOW,OECD.SDD.TPS:DSD_PRICES@DF_PRICES_ALL(1.0),,I,BEL,,Q,,N,,CPI,,PA,,_T,,N,,GY,,2003-Q3,,1.68518,,A,,,,,,,,2,
DATAFLOW,OECD.SDD.TPS:DSD_PRICES@DF_PRICES_ALL(1.0),,I,BEL,,Q,,N,,CPI,,PA,,_T,,N,,GY,,2003-Q4,,1.722755,,A,,,,,,,,2,
DATAFLOW,OECD.SDD.TPS:DSD_PRICES@DF_PRICES_ALL(1.0),,I,BEL,,Q,,N,,CPI,,PA,,_T,,N,,GY,,2004-Q1,,1.32514,,A,,,,,,,,2,
DATAFLOW,OECD.SDD.TPS:DSD_PRICES@DF_PRICES_ALL(1.0),,I,BEL,,Q,,N,,CPI,,PA,,_T,,N,,GY,,2004-Q2,,2.259816,,A,,,,,,,,2,
DATAFLOW,OECD.SDD.TPS:DSD_PRICES@DF_PRICES_ALL(1.0),,I,BEL,,Q,,N,,CPI,,PA,,_T,,N,,GY,,2004-Q3,,2.234591,,A,,,,,,,,2,
DATAFLOW,OECD.SDD.TPS:DSD_PRICES@DF_PRICES_ALL(1.0),,I,BEL,,Q,,N,,CPI,,PA,,_T,,N,,GY,,2004-Q4,,2.565273,,A,,,,,,,,2,
DATAFLOW,OECD.SDD.TPS:DSD_PRICES@DF_PRICES_ALL(1.0),,I,BEL,,Q,,N,,CPI,,PA,,_T,,N,,GY,,2005-Q1,,2.632122,,A,,,,,,,,2,
DATAFLOW,OECD.SDD.TPS:DSD_PRICES@DF_PRICES_ALL(1.0),,I,BEL,,Q,,N,,CPI,,PA,,_T,,N,,GY,,2005-Q2,,2.716392,,A,,,,,,,,2,
DATAFLOW,OECD.SDD.TPS:DSD_PRICES@DF_PRICES_ALL(1.0),,I,BEL,,Q,,N,,CPI,,PA,,_T,,N,,GY,,2005-Q3,,3.136426,,A,,,,,,,,2,
DATAFLOW,OECD.SDD.TPS:DSD_PRICES@DF_PRICES_ALL(1.0),,I,BEL,,Q,,N,,CPI,,PA,,_T,,N,,GY,,2005-Q4,,2.638715,,A,,,,,,,,2,
DATAFLOW,OECD.SDD.TPS:DSD_PRICES@DF_PRICES_ALL(1.0),,I,BEL,,Q,,N,,CPI,,PA,,_T,,N,,GY,,2006-Q1,,2.234996,,A,,,,,,,,2,
DATAFLOW,OECD.SDD.TPS:DSD_PRICES@DF_PRICES_ALL(1.0),,I,BEL,,Q,,N,,CPI,,PA,,_T,,N,,GY,,2006-Q2,,2.004295,,A,,,,,,,,2,
DATAFLOW,OECD.SDD.TPS:DSD_PRICES@DF_PRICES_ALL(1.0),,I,BEL,,Q,,N,,CPI,,PA,,_T,,N,,GY,,2006-Q3,,1.48901,,A,,,,,,,,2,
DATAFLOW,OECD.SDD.TPS:DSD_PRICES@DF_PRICES_ALL(1.0),,I,BEL,,Q,,N,,CPI,,PA,,_T,,N,,GY,,2006-Q4,,1.447104,,A,,,,,,,,2,
DATAFLOW,OECD.SDD.TPS:DSD_PRICES@DF_PRICES_ALL(1.0),,I,BEL,,Q,,N,,CPI,,PA,,_T,,N,,GY,,2007-Q1,,1.749695,,A,,,,,,,,2,
DATAFLOW,OECD.SDD.TPS:DSD_PRICES@DF_PRICES_ALL(1.0),,I,BEL,,Q,,N,,CPI,,PA,,_T,,N,,GY,,2007-Q2,,1.450292,,A,,,,,,,,2,
DATAFLOW,OECD.SDD.TPS:DSD_PRICES@DF_PRICES_ALL(1.0),,I,BEL,,Q,,N,,CPI,,PA,,_T,,N,,GY,,2007-Q3,,1.331315,,A,,,,,,,,2,
DATAFLOW,OECD.SDD.TPS:DSD_PRICES@DF_PRICES_ALL(1.0),,I,BEL,,Q,,N,,CPI,,PA,,_T,,N,,GY,,2007-Q4,,2.759639,,A,,,,,,,,2,
DATAFLOW,OECD.SDD.TPS:DSD_PRICES@DF_PRICES_ALL(1.0),,I,BEL,,Q,,N,,CPI,,PA,,_T,,N,,GY,,2008-Q1,,3.829508,,A,,,,,,,,2,
DATAFLOW,OECD.SDD.TPS:DSD_PRICES@DF_PRICES_ALL(1.0),,I,BEL,,Q,,N,,CPI,,PA,,_T,,N,,GY,,2008-Q2,,5.057259,,A,,,,,,,,2,
DATAFLOW,OECD.SDD.TPS:DSD_PRICES@DF_PRICES_ALL(1.0),,I,BEL,,Q,,N,,CPI,,PA,,_T,,N,,GY,,2008-Q3,,5.58854,,A,,,,,,,,2,
DATAFLOW,OECD.SDD.TPS:DSD_PRICES@DF_PRICES_ALL(1.0),,I,BEL,,Q,,N,,CPI,,PA,,_T,,N,,GY,,2008-Q4,,3.491187,,A,,,,,,,,2,
DATAFLOW,OECD.SDD.TPS:DSD_PRICES@DF_PRICES_ALL(1.0),,I,BEL,,Q,,N,,CPI,,PA,,_T,,N,,GY,,2009-Q1,,1.618966,,A,,,,,,,,2,
DATAFLOW,OECD.SDD.TPS:DSD_PRICES@DF_PRICES_ALL(1.0),,I,BEL,,Q,,N,,CPI,,PA,,_T,,N,,GY,,2009-Q2,,-0.2962909,,A,,,,,,,,2,
DATAFLOW,OECD.SDD.TPS:DSD_PRICES@DF_PRICES_ALL(1.0),,I,BEL,,Q,,N,,CPI,,PA,,_T,,N,,GY,,2009-Q3,,-1.218893,,A,,,,,,,,2,
DATAFLOW,OECD.SDD.TPS:DSD_PRICES@DF_PRICES_ALL(1.0),,I,BEL,,Q,,N,,CPI,,PA,,_T,,N,,GY,,2009-Q4,,-0.2777676,,A,,,,,,,,2,
DATAFLOW,OECD.SDD.TPS:DSD_PRICES@DF_PRICES_ALL(1.0),,I,BEL,,Q,,N,,CPI,,PA,,_T,,N,,GY,,2010-Q1,,0.9888661,,A,,,,,,,,2,
DATAFLOW,OECD.SDD.TPS:DSD_PRICES@DF_PRICES_ALL(1.0),,I,BEL,,Q,,N,,CPI,,PA,,_T,,N,,GY,,2010-Q2,,2.175588,,A,,,,,,,,2,
DATAFLOW,OECD.SDD.TPS:DSD_PRICES@DF_PRICES_ALL(1.0),,I,BEL,,Q,,N,,CPI,,PA,,_T,,N,,GY,,2010-Q3,,2.600073,,A,,,,,,,,2,
DATAFLOW,OECD.SDD.TPS:DSD_PRICES@DF_PRICES_ALL(1.0),,I,BEL,,Q,,N,,CPI,,PA,,_T,,N,,GY,,2010-Q4,,2.994319,,A,,,,,,,,2,
DATAFLOW,OECD.SDD.TPS:DSD_PRICES@DF_PRICES_ALL(1.0),,I,BEL,,Q,,N,,CPI,,PA,,_T,,N,,GY,,2011-Q1,,3.376369,,A,,,,,,,,2,
DATAFLOW,OECD.SDD.TPS:DSD_PRICES@DF_PRICES_ALL(1.0),,I,BEL,,Q,,N,,CPI,,PA,,_T,,N,,GY,,2011-Q2,,3.479354,,A,,,,,,,,2,
DATAFLOW,OECD.SDD.TPS:DSD_PRICES@DF_PRICES_ALL(1.0),,I,BEL,,Q,,N,,CPI,,PA,,_T,,N,,GY,,2011-Q3,,3.636624,,A,,,,,,,,2,
DATAFLOW,OECD.SDD.TPS:DSD_PRICES@DF_PRICES_ALL(1.0),,I,BEL,,Q,,N,,CPI,,PA,,_T,,N,,GY,,2011-Q4,,3.633193,,A,,,,,,,,2,
DATAFLOW,OECD.SDD.TPS:DSD_PRICES@DF_PRICES_ALL(1.0),,I,BEL,,Q,,N,,CPI,,PA,,_T,,N,,GY,,2012-Q1,,3.557271,,A,,,,,,,,2,
DATAFLOW,OECD.SDD.TPS:DSD_PRICES@DF_PRICES_ALL(1.0),,I,BEL,,Q,,N,,CPI,,PA,,_T,,N,,GY,,2012-Q2,,2.748187,,A,,,,,,,,2,
DATAFLOW,OECD.SDD.TPS:DSD_PRICES@DF_PRICES_ALL(1.0),,I,BEL,,Q,,N,,CPI,,PA,,_T,,N,,GY,,2012-Q3,,2.642122,,A,,,,,,,,2,
DATAFLOW,OECD.SDD.TPS:DSD_PRICES@DF_PRICES_ALL(1.0),,I,BEL,,Q,,N,,CPI,,PA,,_T,,N,,GY,,2012-Q4,,2.424201,,A,,,,,,,,2,
DATAFLOW,OECD.SDD.TPS:DSD_PRICES@DF_PRICES_ALL(1.0),,I,BEL,,Q,,N,,CPI,,PA,,_T,,N,,GY,,2013-Q1,,1.25343,,A,,,,,,,,2,
DATAFLOW,OECD.SDD.TPS:DSD_PRICES@DF_PRICES_ALL(1.0),,I,BEL,,Q,,N,,CPI,,PA,,_T,,N,,GY,,2013-Q2,,1.259667,,A,,,,,,,,2,
DATAFLOW,OECD.SDD.TPS:DSD_PRICES@DF_PRICES_ALL(1.0),,I,BEL,,Q,,N,,CPI,,PA,,_T,,N,,GY,,2013-Q3,,1.13732,,A,,,,,,,,2,
DATAFLOW,OECD.SDD.TPS:DSD_PRICES@DF_PRICES_ALL(1.0),,I,BEL,,Q,,N,,CPI,,PA,,_T,,N,,GY,,2013-Q4,,0.8045861,,A,,,,,,,,2,
DATAFLOW,OECD.SDD.TPS:DSD_PRICES@DF_PRICES_ALL(1.0),,I,BEL,,Q,,N,,CPI,,PA,,_T,,N,,GY,,2014-Q1,,1.000368,,A,,,,,,,,2,
DATAFLOW,OECD.SDD.TPS:DSD_PRICES@DF_PRICES_ALL(1.0),,I,BEL,,Q,,N,,CPI,,PA,,_T,,N,,GY,,2014-Q2,,0.416889,,A,,,,,,,,2,
DATAFLOW,OECD.SDD.TPS:DSD_PRICES@DF_PRICES_ALL(1.0),,I,BEL,,Q,,N,,CPI,,PA,,_T,,N,,GY,,2014-Q3,,0.07984829,,A,,,,,,,,2,
DATAFLOW,OECD.SDD.TPS:DSD_PRICES@DF_PRICES_ALL(1.0),,I,BEL,,Q,,N,,CPI,,PA,,_T,,N,,GY,,2014-Q4,,-0.1330274,,A,,,,,,,,2,
DATAFLOW,OECD.SDD.TPS:DSD_PRICES@DF_PRICES_ALL(1.0),,I,BEL,,Q,,N,,CPI,,PA,,_T,,N,,GY,,2015-Q1,,-0.4803233,,A,,,,,,,,2,
DATAFLOW,OECD.SDD.TPS:DSD_PRICES@DF_PRICES_ALL(1.0),,I,BEL,,Q,,N,,CPI,,PA,,_T,,N,,GY,,2015-Q2,,0.4915474,,A,,,,,,,,2,
DATAFLOW,OECD.SDD.TPS:DSD_PRICES@DF_PRICES_ALL(1.0),,I,BEL,,Q,,N,,CPI,,PA,,_T,,N,,GY,,2015-Q3,,0.8078189,,A,,,,,,,,2,
DATAFLOW,OECD.SDD.TPS:DSD_PRICES@DF_PRICES_ALL(1.0),,I,BEL,,Q,,N,,CPI,,PA,,_T,,N,,GY,,2015-Q4,,1.431949,,A,,,,,,,,2,
DATAFLOW,OECD.SDD.TPS:DSD_PRICES@DF_PRICES_ALL(1.0),,I,BEL,,Q,,N,,CPI,,PA,,_T,,N,,GY,,2016-Q1,,1.790767,,A,,,,,,,,2,
DATAFLOW,OECD.SDD.TPS:DSD_PRICES@DF_PRICES_ALL(1.0),,I,BEL,,Q,,N,,CPI,,PA,,_T,,N,,GY,,2016-Q2,,2.131738,,A,,,,,,,,2,
DATAFLOW,OECD.SDD.TPS:DSD_PRICES@DF_PRICES_ALL(1.0),,I,BEL,,Q,,N,,CPI,,PA,,_T,,N,,GY,,2016-Q3,,2.100646,,A,,,,,,,,2,
DATAFLOW,OECD.SDD.TPS:DSD_PRICES@DF_PRICES_ALL(1.0),,I,BEL,,Q,,N,,CPI,,PA,,_T,,N,,GY,,2016-Q4,,1.871368,,A,,,,,,,,2,
DATAFLOW,OECD.SDD.TPS:DSD_PRICES@DF_PRICES_ALL(1.0),,I,BEL,,Q,,N,,CPI,,PA,,_T,,N,,GY,,2017-Q1,,2.632353,,A,,,,,,,,2,
DATAFLOW,OECD.SDD.TPS:DSD_PRICES@DF_PRICES_ALL(1.0),,I,BEL,,Q,,N,,CPI,,PA,,_T,,N,,GY,,2017-Q2,,1.912498,,A,,,,,,,,2,
DATAFLOW,OECD.SDD.TPS:DSD_PRICES@DF_PRICES_ALL(1.0),,I,BEL,,Q,,N,,CPI,,PA,,_T,,N,,GY,,2017-Q3,,1.895934,,A,,,,,,,,2,
DATAFLOW,OECD.SDD.TPS:DSD_PRICES@DF_PRICES_ALL(1.0),,I,BEL,,Q,,N,,CPI,,PA,,_T,,N,,GY,,2017-Q4,,2.069032,,A,,,,,,,,2,
DATAFLOW,OECD.SDD.TPS:DSD_PRICES@DF_PRICES_ALL(1.0),,I,BEL,,Q,,N,,CPI,,PA,,_T,,N,,GY,,2018-Q1,,1.526158,,A,,,,,,,,2,
DATAFLOW,OECD.SDD.TPS:DSD_PRICES@DF_PRICES_ALL(1.0),,I,BEL,,Q,,N,,CPI,,PA,,_T,,N,,GY,,2018-Q2,,1.806751,,A,,,,,,,,2,
DATAFLOW,OECD.SDD.TPS:DSD_PRICES@DF_PRICES_ALL(1.0),,I,BEL,,Q,,N,,CPI,,PA,,_T,,N,,GY,,2018-Q3,,2.253709,,A,,,,,,,,2,
DATAFLOW,OECD.SDD.TPS:DSD_PRICES@DF_PRICES_ALL(1.0),,I,BEL,,Q,,N,,CPI,,PA,,_T,,N,,GY,,2018-Q4,,2.620694,,A,,,,,,,,2,
DATAFLOW,OECD.SDD.TPS:DSD_PRICES@DF_PRICES_ALL(1.0),,I,BEL,,Q,,N,,CPI,,PA,,_T,,N,,GY,,2019-Q1,,2.162247,,A,,,,,,,,2,
DATAFLOW,OECD.SDD.TPS:DSD_PRICES@DF_PRICES_ALL(1.0),,I,BEL,,Q,,N,,CPI,,PA,,_T,,N,,GY,,2019-Q2,,1.899445,,A,,,,,,,,2,
DATAFLOW,OECD.SDD.TPS:DSD_PRICES@DF_PRICES_ALL(1.0),,I,BEL,,Q,,N,,CPI,,PA,,_T,,N,,GY,,2019-Q3,,1.162466,,A,,,,,,,,2,
DATAFLOW,OECD.SDD.TPS:DSD_PRICES@DF_PRICES_ALL(1.0),,I,BEL,,Q,,N,,CPI,,PA,,_T,,N,,GY,,2019-Q4,,0.5415218,,A,,,,,,,,2,
DATAFLOW,OECD.SDD.TPS:DSD_PRICES@DF_PRICES_ALL(1.0),,I,BEL,,Q,,N,,CPI,,PA,,_T,,N,,GY,,2020-Q1,,1.041347,,A,,,,,,,,2,
DATAFLOW,OECD.SDD.TPS:DSD_PRICES@DF_PRICES_ALL(1.0),,I,BEL,,Q,,N,,CPI,,PA,,_T,,N,,GY,,2020-Q2,,0.5478865,,A,,,,,,,,2,
DATAFLOW,OECD.SDD.TPS:DSD_PRICES@DF_PRICES_ALL(1.0),,I,BEL,,Q,,N,,CPI,,PA,,_T,,N,,GY,,2020-Q3,,0.8181651,,A,,,,,,,,2,
DATAFLOW,OECD.SDD.TPS:DSD_PRICES@DF_PRICES_ALL(1.0),,I,BEL,,Q,,N,,CPI,,PA,,_T,,N,,GY,,2020-Q4,,0.5569667,,A,,,,,,,,2,
DATAFLOW,OECD.SDD.TPS:DSD_PRICES@DF_PRICES_ALL(1.0),,I,BEL,,Q,,N,,CPI,,PA,,_T,,N,,GY,,2021-Q1,,0.5350683,,A,,,,,,,,2,
DATAFLOW,OECD.SDD.TPS:DSD_PRICES@DF_PRICES_ALL(1.0),,I,BEL,,Q,,N,,CPI,,PA,,_T,,N,,GY,,2021-Q2,,1.439878,,A,,,,,,,,2,
DATAFLOW,OECD.SDD.TPS:DSD_PRICES@DF_PRICES_ALL(1.0),,I,BEL,,Q,,N,,CPI,,PA,,_T,,N,,GY,,2021-Q3,,2.619981,,A,,,,,,,,2,
DATAFLOW,OECD.SDD.TPS:DSD_PRICES@DF_PRICES_ALL(1.0),,I,BEL,,Q,,N,,CPI,,PA,,_T,,N,,GY,,2021-Q4,,5.167534,,A,,,,,,,,2,
DATAFLOW,OECD.SDD.TPS:DSD_PRICES@DF_PRICES_ALL(1.0),,I,BEL,,Q,,N,,CPI,,PA,,_T,,N,,GY,,2022-Q1,,7.980284,,A,,,,,,,,2,
DATAFLOW,OECD.SDD.TPS:DSD_PRICES@DF_PRICES_ALL(1.0),,I,BEL,,Q,,N,,CPI,,PA,,_T,,N,,GY,,2022-Q2,,8.975782,,A,,,,,,,,2,
DATAFLOW,OECD.SDD.TPS:DSD_PRICES@DF_PRICES_ALL(1.0),,I,BEL,,Q,,N,,CPI,,PA,,_T,,N,,GY,,2022-Q3,,10.28048,,A,,,,,,,,2,
DATAFLOW,OECD.SDD.TPS:DSD_PRICES@DF_PRICES_ALL(1.0),,I,BEL,,Q,,N,,CPI,,PA,,_T,,N,,GY,,2022-Q4,,11.07735,,A,,,,,,,,2,
DATAFLOW,OECD.SDD.TPS:DSD_PRICES@DF_PRICES_ALL(1.0),,I,BEL,,Q,,N,,CPI,,PA,,_T,,N,,GY,,2023-Q1,,7.107651,,A,,,,,,,,2,
DATAFLOW,OECD.SDD.TPS:DSD_PRICES@DF_PRICES_ALL(1.0),,I,BEL,,Q,,N,,CPI,,PA,,_T,,N,,GY,,2023-Q2,,4.98155,,A,,,,,,,,2,
DATAFLOW,OECD.SDD.TPS:DSD_PRICES@DF_PRICES_ALL(1.0),,I,BEL,,Q,,N,,CPI,,PA,,_T,,N,,GY,,2023-Q3,,3.531718,,A,,,,,,,,2,
DATAFLOW,OECD.SDD.TPS:DSD_PRICES@DF_PRICES_ALL(1.0),,I,BEL,,Q,,N,,CPI,,PA,,_T,,N,,GY,,2023-Q4,,0.8232383,,A,,,,,,,,2,
DATAFLOW,OECD.SDD.TPS:DSD_PRICES@DF_PRICES_ALL(1.0),,I,BEL,,Q,,N,,CPI,,PA,,_T,,N,,GY,,2024-Q1,,2.70878,,A,,,,,,,,2,
DATAFLOW,OECD.SDD.TPS:DSD_PRICES@DF_PRICES_ALL(1.0),,I,BEL,,Q,,N,,CPI,,PA,,_T,,N,,GY,,2024-Q2,,3.493954,,A,,,,,,,,2,
DATAFLOW,OECD.SDD.TPS:DSD_PRICES@DF_PRICES_ALL(1.0),,I,BEL,,Q,,N,,CPI,,PA,,_T,,N,,GY,,2024-Q3,,3.185556,,A,,,,,,,,2,
DATAFLOW,OECD.SDD.TPS:DSD_PRICES@DF_PRICES_ALL(1.0),,I,BEL,,Q,,N,,CPI,,PA,,_T,,N,,GY,,2024-Q4,,3.185964,,A,,,,,,,,2,
DATAFLOW,OECD.SDD.TPS:DSD_PRICES@DF_PRICES_ALL(1.0),,I,BEL,,Q,,N,,CPI,,PA,,_T,,N,,GY,,2025-Q1,,3.510514,,A,,,,,,,,2,
DATAFLOW,OECD.SDD.TPS:DSD_PRICES@DF_PRICES_ALL(1.0),,I,BEL,,Q,,N,,CPI,,PA,,_T,,N,,GY,,2025-Q2,,2.235458,,A,,,,,,,,2,
DATAFLOW,OECD.SDD.TPS:DSD_PRICES@DF_PRICES_ALL(1.0),,I,BEL,,Q,,N,,CPI,,PA,,_T,,N,,GY,,2025-Q3,,1.983558,,A,,,,,,,,2,
DATAFLOW,OECD.SDD.TPS:DSD_PRICES@DF_PRICES_ALL(1.0),,I,BEL,,Q,,N,,CPI,,PA,,_T,,N,,GY,,2025-Q4,,2.151049,,A,,,,,,,,2,
DATAFLOW,OECD.SDD.TPS:DSD_PRICES@DF_PRICES_ALL(1.0),,I,FIN,,Q,,N,,CPI,,PA,,_T,,N,,GY,,1996-Q3,,0.5355955,,A,,,,,,,,2,
DATAFLOW,OECD.SDD.TPS:DSD_PRICES@DF_PRICES_ALL(1.0),,I,FIN,,Q,,N,,CPI,,PA,,_T,,N,,GY,,1996-Q4,,0.8648035,,A,,,,,,,,2,
DATAFLOW,OECD.SDD.TPS:DSD_PRICES@DF_PRICES_ALL(1.0),,I,FIN,,Q,,N,,CPI,,PA,,_T,,N,,GY,,1997-Q1,,0.5050841,,A,,,,,,,,2,
DATAFLOW,OECD.SDD.TPS:DSD_PRICES@DF_PRICES_ALL(1.0),,I,FIN,,Q,,N,,CPI,,PA,,_T,,N,,GY,,1997-Q2,,0.9825978,,A,,,,,,,,2,
DATAFLOW,OECD.SDD.TPS:DSD_PRICES@DF_PRICES_ALL(1.0),,I,FIN,,Q,,N,,CPI,,PA,,_T,,N,,GY,,1997-Q3,,1.449323,,A,,,,,,,,2,
DATAFLOW,OECD.SDD.TPS:DSD_PRICES@DF_PRICES_ALL(1.0),,I,FIN,,Q,,N,,CPI,,PA,,_T,,N,,GY,,1997-Q4,,1.830641,,A,,,,,,,,2,
DATAFLOW,OECD.SDD.TPS:DSD_PRICES@DF_PRICES_ALL(1.0),,I,FIN,,Q,,N,,CPI,,PA,,_T,,N,,GY,,1998-Q1,,1.874628,,A,,,,,,,,2,
DATAFLOW,OECD.SDD.TPS:DSD_PRICES@DF_PRICES_ALL(1.0),,I,FIN,,Q,,N,,CPI,,PA,,_T,,N,,GY,,1998-Q2,,1.585689,,A,,,,,,,,2,
DATAFLOW,OECD.SDD.TPS:DSD_PRICES@DF_PRICES_ALL(1.0),,I,FIN,,Q,,N,,CPI,,PA,,_T,,N,,GY,,1998-Q3,,1.2003,,A,,,,,,,,2,
DATAFLOW,OECD.SDD.TPS:DSD_PRICES@DF_PRICES_ALL(1.0),,I,FIN,,Q,,N,,CPI,,PA,,_T,,N,,GY,,1998-Q4,,0.9460031,,A,,,,,,,,2,
DATAFLOW,OECD.SDD.TPS:DSD_PRICES@DF_PRICES_ALL(1.0),,I,FIN,,Q,,N,,CPI,,PA,,_T,,N,,GY,,1999-Q1,,0.6815305,,A,,,,,,,,2,
DATAFLOW,OECD.SDD.TPS:DSD_PRICES@DF_PRICES_ALL(1.0),,I,FIN,,Q,,N,,CPI,,PA,,_T,,N,,GY,,1999-Q2,,1.177154,,A,,,,,,,,2,
DATAFLOW,OECD.SDD.TPS:DSD_PRICES@DF_PRICES_ALL(1.0),,I,FIN,,Q,,N,,CPI,,PA,,_T,,N,,GY,,1999-Q3,,1.140942,,A,,,,,,,,2,
DATAFLOW,OECD.SDD.TPS:DSD_PRICES@DF_PRICES_ALL(1.0),,I,FIN,,Q,,N,,CPI,,PA,,_T,,N,,GY,,1999-Q4,,1.645627,,A,,,,,,,,2,
DATAFLOW,OECD.SDD.TPS:DSD_PRICES@DF_PRICES_ALL(1.0),,I,FIN,,Q,,N,,CPI,,PA,,_T,,N,,GY,,2000-Q1,,2.732307,,A,,,,,,,,2,
DATAFLOW,OECD.SDD.TPS:DSD_PRICES@DF_PRICES_ALL(1.0),,I,FIN,,Q,,N,,CPI,,PA,,_T,,N,,GY,,2000-Q2,,2.779943,,A,,,,,,,,2,
DATAFLOW,OECD.SDD.TPS:DSD_PRICES@DF_PRICES_ALL(1.0),,I,FIN,,Q,,N,,CPI,,PA,,_T,,N,,GY,,2000-Q3,,3.254649,,A,,,,,,,,2,
DATAFLOW,OECD.SDD.TPS:DSD_PRICES@DF_PRICES_ALL(1.0),,I,FIN,,Q,,N,,CPI,,PA,,_T,,N,,GY,,2000-Q4,,3.395826,,A,,,,,,,,2,
DATAFLOW,OECD.SDD.TPS:DSD_PRICES@DF_PRICES_ALL(1.0),,I,FIN,,Q,,N,,CPI,,PA,,_T,,N,,GY,,2001-Q1,,2.819898,,A,,,,,,,,2,
DATAFLOW,OECD.SDD.TPS:DSD_PRICES@DF_PRICES_ALL(1.0),,I,FIN,,Q,,N,,CPI,,PA,,_T,,N,,GY,,2001-Q2,,3.124374,,A,,,,,,,,2,
DATAFLOW,OECD.SDD.TPS:DSD_PRICES@DF_PRICES_ALL(1.0),,I,FIN,,Q,,N,,CPI,,PA,,_T,,N,,GY,,2001-Q3,,2.531141,,A,,,,,,,,2,
DATAFLOW,OECD.SDD.TPS:DSD_PRICES@DF_PRICES_ALL(1.0),,I,FIN,,Q,,N,,CPI,,PA,,_T,,N,,GY,,2001-Q4,,1.850203,,A,,,,,,,,2,
DATAFLOW,OECD.SDD.TPS:DSD_PRICES@DF_PRICES_ALL(1.0),,I,FIN,,Q,,N,,CPI,,PA,,_T,,N,,GY,,2002-Q1,,1.964133,,A,,,,,,,,2,
DATAFLOW,OECD.SDD.TPS:DSD_PRICES@DF_PRICES_ALL(1.0),,I,FIN,,Q,,N,,CPI,,PA,,_T,,N,,GY,,2002-Q2,,1.388619,,A,,,,,,,,2,
DATAFLOW,OECD.SDD.TPS:DSD_PRICES@DF_PRICES_ALL(1.0),,I,FIN,,Q,,N,,CPI,,PA,,_T,,N,,GY,,2002-Q3,,1.347718,,A,,,,,,,,2,
DATAFLOW,OECD.SDD.TPS:DSD_PRICES@DF_PRICES_ALL(1.0),,I,FIN,,Q,,N,,CPI,,PA,,_T,,N,,GY,,2002-Q4,,1.589923,,A,,,,,,,,2,
DATAFLOW,OECD.SDD.TPS:DSD_PRICES@DF_PRICES_ALL(1.0),,I,FIN,,Q,,N,,CPI,,PA,,_T,,N,,GY,,2003-Q1,,1.610617,,A,,,,,,,,2,
DATAFLOW,OECD.SDD.TPS:DSD_PRICES@DF_PRICES_ALL(1.0),,I,FIN,,Q,,N,,CPI,,PA,,_T,,N,,GY,,2003-Q2,,0.8651789,,A,,,,,,,,2,
DATAFLOW,OECD.SDD.TPS:DSD_PRICES@DF_PRICES_ALL(1.0),,I,FIN,,Q,,N,,CPI,,PA,,_T,,N,,GY,,2003-Q3,,0.5753924,,A,,,,,,,,2,
DATAFLOW,OECD.SDD.TPS:DSD_PRICES@DF_PRICES_ALL(1.0),,I,FIN,,Q,,N,,CPI,,PA,,_T,,N,,GY,,2003-Q4,,0.4653683,,A,,,,,,,,2,
DATAFLOW,OECD.SDD.TPS:DSD_PRICES@DF_PRICES_ALL(1.0),,I,FIN,,Q,,N,,CPI,,PA,,_T,,N,,GY,,2004-Q1,,-0.06974385,,A,,,,,,,,2,
DATAFLOW,OECD.SDD.TPS:DSD_PRICES@DF_PRICES_ALL(1.0),,I,FIN,,Q,,N,,CPI,,PA,,_T,,N,,GY,,2004-Q2,,-0.1772489,,A,,,,,,,,2,
DATAFLOW,OECD.SDD.TPS:DSD_PRICES@DF_PRICES_ALL(1.0),,I,FIN,,Q,,N,,CPI,,PA,,_T,,N,,GY,,2004-Q3,,0.4004704,,A,,,,,,,,2,
DATAFLOW,OECD.SDD.TPS:DSD_PRICES@DF_PRICES_ALL(1.0),,I,FIN,,Q,,N,,CPI,,PA,,_T,,N,,GY,,2004-Q4,,0.5964656,,A,,,,,,,,2,
DATAFLOW,OECD.SDD.TPS:DSD_PRICES@DF_PRICES_ALL(1.0),,I,FIN,,Q,,N,,CPI,,PA,,_T,,N,,GY,,2005-Q1,,0.5016214,,A,,,,,,,,2,
DATAFLOW,OECD.SDD.TPS:DSD_PRICES@DF_PRICES_ALL(1.0),,I,FIN,,Q,,N,,CPI,,PA,,_T,,N,,GY,,2005-Q2,,0.8201852,,A,,,,,,,,2,
DATAFLOW,OECD.SDD.TPS:DSD_PRICES@DF_PRICES_ALL(1.0),,I,FIN,,Q,,N,,CPI,,PA,,_T,,N,,GY,,2005-Q3,,0.6574125,,A,,,,,,,,2,
DATAFLOW,OECD.SDD.TPS:DSD_PRICES@DF_PRICES_ALL(1.0),,I,FIN,,Q,,N,,CPI,,PA,,_T,,N,,GY,,2005-Q4,,0.5167236,,A,,,,,,,,2,
DATAFLOW,OECD.SDD.TPS:DSD_PRICES@DF_PRICES_ALL(1.0),,I,FIN,,Q,,N,,CPI,,PA,,_T,,N,,GY,,2006-Q1,,0.8695652,,A,,,,,,,,2,
DATAFLOW,OECD.SDD.TPS:DSD_PRICES@DF_PRICES_ALL(1.0),,I,FIN,,Q,,N,,CPI,,PA,,_T,,N,,GY,,2006-Q2,,1.566145,,A,,,,,,,,2,
DATAFLOW,OECD.SDD.TPS:DSD_PRICES@DF_PRICES_ALL(1.0),,I,FIN,,Q,,N,,CPI,,PA,,_T,,N,,GY,,2006-Q3,,1.766078,,A,,,,,,,,2,
DATAFLOW,OECD.SDD.TPS:DSD_PRICES@DF_PRICES_ALL(1.0),,I,FIN,,Q,,N,,CPI,,PA,,_T,,N,,GY,,2006-Q4,,2.06117,,A,,,,,,,,2,
DATAFLOW,OECD.SDD.TPS:DSD_PRICES@DF_PRICES_ALL(1.0),,I,FIN,,Q,,N,,CPI,,PA,,_T,,N,,GY,,2007-Q1,,2.354111,,A,,,,,,,,2,
DATAFLOW,OECD.SDD.TPS:DSD_PRICES@DF_PRICES_ALL(1.0),,I,FIN,,Q,,N,,CPI,,PA,,_T,,N,,GY,,2007-Q2,,2.46063,,A,,,,,,,,2,
DATAFLOW,OECD.SDD.TPS:DSD_PRICES@DF_PRICES_ALL(1.0),,I,FIN,,Q,,N,,CPI,,PA,,_T,,N,,GY,,2007-Q3,,2.48854,,A,,,,,,,,2,
DATAFLOW,OECD.SDD.TPS:DSD_PRICES@DF_PRICES_ALL(1.0),,I,FIN,,Q,,N,,CPI,,PA,,_T,,N,,GY,,2007-Q4,,2.736156,,A,,,,,,,,2,
DATAFLOW,OECD.SDD.TPS:DSD_PRICES@DF_PRICES_ALL(1.0),,I,FIN,,Q,,N,,CPI,,PA,,_T,,N,,GY,,2008-Q1,,3.822481,,A,,,,,,,,2,
DATAFLOW,OECD.SDD.TPS:DSD_PRICES@DF_PRICES_ALL(1.0),,I,FIN,,Q,,N,,CPI,,PA,,_T,,N,,GY,,2008-Q2,,4.066603,,A,,,,,,,,2,
DATAFLOW,OECD.SDD.TPS:DSD_PRICES@DF_PRICES_ALL(1.0),,I,FIN,,Q,,N,,CPI,,PA,,_T,,N,,GY,,2008-Q3,,4.56869,,A,,,,,,,,2,
DATAFLOW,OECD.SDD.TPS:DSD_PRICES@DF_PRICES_ALL(1.0),,I,FIN,,Q,,N,,CPI,,PA,,_T,,N,,GY,,2008-Q4,,3.804693,,A,,,,,,,,2,
DATAFLOW,OECD.SDD.TPS:DSD_PRICES@DF_PRICES_ALL(1.0),,I,FIN,,Q,,N,,CPI,,PA,,_T,,N,,GY,,2009-Q1,,1.622465,,A,,,,,,,,2,
DATAFLOW,OECD.SDD.TPS:DSD_PRICES@DF_PRICES_ALL(1.0),,I,FIN,,Q,,N,,CPI,,PA,,_T,,N,,GY,,2009-Q2,,0.2153846,,A,,,,,,,,2,
DATAFLOW,OECD.SDD.TPS:DSD_PRICES@DF_PRICES_ALL(1.0),,I,FIN,,Q,,N,,CPI,,PA,,_T,,N,,GY,,2009-Q3,,-0.7638252,,A,,,,,,,,2,
DATAFLOW,OECD.SDD.TPS:DSD_PRICES@DF_PRICES_ALL(1.0),,I,FIN,,Q,,N,,CPI,,PA,,_T,,N,,GY,,2009-Q4,,-1.038485,,A,,,,,,,,2,
DATAFLOW,OECD.SDD.TPS:DSD_PRICES@DF_PRICES_ALL(1.0),,I,FIN,,Q,,N,,CPI,,PA,,_T,,N,,GY,,2010-Q1,,0.161687,,A,,,,,,,,2,
DATAFLOW,OECD.SDD.TPS:DSD_PRICES@DF_PRICES_ALL(1.0),,I,FIN,,Q,,N,,CPI,,PA,,_T,,N,,GY,,2010-Q2,,0.93255,,A,,,,,,,,2,
DATAFLOW,OECD.SDD.TPS:DSD_PRICES@DF_PRICES_ALL(1.0),,I,FIN,,Q,,N,,CPI,,PA,,_T,,N,,GY,,2010-Q3,,1.070455,,A,,,,,,,,2,
DATAFLOW,OECD.SDD.TPS:DSD_PRICES@DF_PRICES_ALL(1.0),,I,FIN,,Q,,N,,CPI,,PA,,_T,,N,,GY,,2010-Q4,,2.578813,,A,,,,,,,,2,
DATAFLOW,OECD.SDD.TPS:DSD_PRICES@DF_PRICES_ALL(1.0),,I,FIN,,Q,,N,,CPI,,PA,,_T,,N,,GY,,2011-Q1,,3.222988,,A,,,,,,,,2,
DATAFLOW,OECD.SDD.TPS:DSD_PRICES@DF_PRICES_ALL(1.0),,I,FIN,,Q,,N,,CPI,,PA,,_T,,N,,GY,,2011-Q2,,3.348453,,A,,,,,,,,2,
DATAFLOW,OECD.SDD.TPS:DSD_PRICES@DF_PRICES_ALL(1.0),,I,FIN,,Q,,N,,CPI,,PA,,_T,,N,,GY,,2011-Q3,,3.830739,,A,,,,,,,,2,
DATAFLOW,OECD.SDD.TPS:DSD_PRICES@DF_PRICES_ALL(1.0),,I,FIN,,Q,,N,,CPI,,PA,,_T,,N,,GY,,2011-Q4,,3.265818,,A,,,,,,,,2,
DATAFLOW,OECD.SDD.TPS:DSD_PRICES@DF_PRICES_ALL(1.0),,I,FIN,,Q,,N,,CPI,,PA,,_T,,N,,GY,,2012-Q1,,3.076773,,A,,,,,,,,2,
DATAFLOW,OECD.SDD.TPS:DSD_PRICES@DF_PRICES_ALL(1.0),,I,FIN,,Q,,N,,CPI,,PA,,_T,,N,,GY,,2012-Q2,,2.997935,,A,,,,,,,,2,
DATAFLOW,OECD.SDD.TPS:DSD_PRICES@DF_PRICES_ALL(1.0),,I,FIN,,Q,,N,,CPI,,PA,,_T,,N,,GY,,2012-Q3,,2.782335,,A,,,,,,,,2,
DATAFLOW,OECD.SDD.TPS:DSD_PRICES@DF_PRICES_ALL(1.0),,I,FIN,,Q,,N,,CPI,,PA,,_T,,N,,GY,,2012-Q4,,2.383082,,A,,,,,,,,2,
DATAFLOW,OECD.SDD.TPS:DSD_PRICES@DF_PRICES_ALL(1.0),,I,FIN,,Q,,N,,CPI,,PA,,_T,,N,,GY,,2013-Q1,,1.680407,,A,,,,,,,,2,
DATAFLOW,OECD.SDD.TPS:DSD_PRICES@DF_PRICES_ALL(1.0),,I,FIN,,Q,,N,,CPI,,PA,,_T,,N,,GY,,2013-Q2,,1.503901,,A,,,,,,,,2,
DATAFLOW,OECD.SDD.TPS:DSD_PRICES@DF_PRICES_ALL(1.0),,I,FIN,,Q,,N,,CPI,,PA,,_T,,N,,GY,,2013-Q3,,1.342555,,A,,,,,,,,2,
DATAFLOW,OECD.SDD.TPS:DSD_PRICES@DF_PRICES_ALL(1.0),,I,FIN,,Q,,N,,CPI,,PA,,_T,,N,,GY,,2013-Q4,,1.388456,,A,,,,,,,,2,
DATAFLOW,OECD.SDD.TPS:DSD_PRICES@DF_PRICES_ALL(1.0),,I,FIN,,Q,,N,,CPI,,PA,,_T,,N,,GY,,2014-Q1,,1.323351,,A,,,,,,,,2,
DATAFLOW,OECD.SDD.TPS:DSD_PRICES@DF_PRICES_ALL(1.0),,I,FIN,,Q,,N,,CPI,,PA,,_T,,N,,GY,,2014-Q2,,0.9229249,,A,,,,,,,,2,
DATAFLOW,OECD.SDD.TPS:DSD_PRICES@DF_PRICES_ALL(1.0),,I,FIN,,Q,,N,,CPI,,PA,,_T,,N,,GY,,2014-Q3,,1.10243,,A,,,,,,,,2,
DATAFLOW,OECD.SDD.TPS:DSD_PRICES@DF_PRICES_ALL(1.0),,I,FIN,,Q,,N,,CPI,,PA,,_T,,N,,GY,,2014-Q4,,0.8185875,,A,,,,,,,,2,
DATAFLOW,OECD.SDD.TPS:DSD_PRICES@DF_PRICES_ALL(1.0),,I,FIN,,Q,,N,,CPI,,PA,,_T,,N,,GY,,2015-Q1,,-0.1217277,,A,,,,,,,,2,
DATAFLOW,OECD.SDD.TPS:DSD_PRICES@DF_PRICES_ALL(1.0),,I,FIN,,Q,,N,,CPI,,PA,,_T,,N,,GY,,2015-Q2,,-0.1234855,,A,,,,,,,,2,
DATAFLOW,OECD.SDD.TPS:DSD_PRICES@DF_PRICES_ALL(1.0),,I,FIN,,Q,,N,,CPI,,PA,,_T,,N,,GY,,2015-Q3,,-0.3374604,,A,,,,,,,,2,
DATAFLOW,OECD.SDD.TPS:DSD_PRICES@DF_PRICES_ALL(1.0),,I,FIN,,Q,,N,,CPI,,PA,,_T,,N,,GY,,2015-Q4,,-0.2485911,,A,,,,,,,,2,
DATAFLOW,OECD.SDD.TPS:DSD_PRICES@DF_PRICES_ALL(1.0),,I,FIN,,Q,,N,,CPI,,PA,,_T,,N,,GY,,2016-Q1,,-0.03339456,,A,,,,,,,,2,
DATAFLOW,OECD.SDD.TPS:DSD_PRICES@DF_PRICES_ALL(1.0),,I,FIN,,Q,,N,,CPI,,PA,,_T,,N,,GY,,2016-Q2,,0.3098244,,A,,,,,,,,2,
DATAFLOW,OECD.SDD.TPS:DSD_PRICES@DF_PRICES_ALL(1.0),,I,FIN,,Q,,N,,CPI,,PA,,_T,,N,,GY,,2016-Q3,,0.4334345,,A,,,,,,,,2,
DATAFLOW,OECD.SDD.TPS:DSD_PRICES@DF_PRICES_ALL(1.0),,I,FIN,,Q,,N,,CPI,,PA,,_T,,N,,GY,,2016-Q4,,0.7157362,,A,,,,,,,,2,
DATAFLOW,OECD.SDD.TPS:DSD_PRICES@DF_PRICES_ALL(1.0),,I,FIN,,Q,,N,,CPI,,PA,,_T,,N,,GY,,2017-Q1,,0.9654251,,A,,,,,,,,2,
DATAFLOW,OECD.SDD.TPS:DSD_PRICES@DF_PRICES_ALL(1.0),,I,FIN,,Q,,N,,CPI,,PA,,_T,,N,,GY,,2017-Q2,,0.7705081,,A,,,,,,,,2,
DATAFLOW,OECD.SDD.TPS:DSD_PRICES@DF_PRICES_ALL(1.0),,I,FIN,,Q,,N,,CPI,,PA,,_T,,N,,GY,,2017-Q3,,0.6805431,,A,,,,,,,,2,
DATAFLOW,OECD.SDD.TPS:DSD_PRICES@DF_PRICES_ALL(1.0),,I,FIN,,Q,,N,,CPI,,PA,,_T,,N,,GY,,2017-Q4,,0.6015733,,A,,,,,,,,2,
DATAFLOW,OECD.SDD.TPS:DSD_PRICES@DF_PRICES_ALL(1.0),,I,FIN,,Q,,N,,CPI,,PA,,_T,,N,,GY,,2018-Q1,,0.7345156,,A,,,,,,,,2,
DATAFLOW,OECD.SDD.TPS:DSD_PRICES@DF_PRICES_ALL(1.0),,I,FIN,,Q,,N,,CPI,,PA,,_T,,N,,GY,,2018-Q2,,0.9788412,,A,,,,,,,,2,
DATAFLOW,OECD.SDD.TPS:DSD_PRICES@DF_PRICES_ALL(1.0),,I,FIN,,Q,,N,,CPI,,PA,,_T,,N,,GY,,2018-Q3,,1.295832,,A,,,,,,,,2,
DATAFLOW,OECD.SDD.TPS:DSD_PRICES@DF_PRICES_ALL(1.0),,I,FIN,,Q,,N,,CPI,,PA,,_T,,N,,GY,,2018-Q4,,1.32409,,A,,,,,,,,2,
DATAFLOW,OECD.SDD.TPS:DSD_PRICES@DF_PRICES_ALL(1.0),,I,FIN,,Q,,N,,CPI,,PA,,_T,,N,,GY,,2019-Q1,,1.156145,,A,,,,,,,,2,
DATAFLOW,OECD.SDD.TPS:DSD_PRICES@DF_PRICES_ALL(1.0),,I,FIN,,Q,,N,,CPI,,PA,,_T,,N,,GY,,2019-Q2,,1.217403,,A,,,,,,,,2,
DATAFLOW,OECD.SDD.TPS:DSD_PRICES@DF_PRICES_ALL(1.0),,I,FIN,,Q,,N,,CPI,,PA,,_T,,N,,GY,,2019-Q3,,0.9472348,,A,,,,,,,,2,
DATAFLOW,OECD.SDD.TPS:DSD_PRICES@DF_PRICES_ALL(1.0),,I,FIN,,Q,,N,,CPI,,PA,,_T,,N,,GY,,2019-Q4,,0.7782354,,A,,,,,,,,2,
DATAFLOW,OECD.SDD.TPS:DSD_PRICES@DF_PRICES_ALL(1.0),,I,FIN,,Q,,N,,CPI,,PA,,_T,,N,,GY,,2020-Q1,,0.811741,,A,,,,,,,,2,
DATAFLOW,OECD.SDD.TPS:DSD_PRICES@DF_PRICES_ALL(1.0),,I,FIN,,Q,,N,,CPI,,PA,,_T,,N,,GY,,2020-Q2,,-0.1741261,,A,,,,,,,,2,
DATAFLOW,OECD.SDD.TPS:DSD_PRICES@DF_PRICES_ALL(1.0),,I,FIN,,Q,,N,,CPI,,PA,,_T,,N,,GY,,2020-Q3,,0.3192313,,A,,,,,,,,2,
DATAFLOW,OECD.SDD.TPS:DSD_PRICES@DF_PRICES_ALL(1.0),,I,FIN,,Q,,N,,CPI,,PA,,_T,,N,,GY,,2020-Q4,,0.2091444,,A,,,,,,,,2,
DATAFLOW,OECD.SDD.TPS:DSD_PRICES@DF_PRICES_ALL(1.0),,I,FIN,,Q,,N,,CPI,,PA,,_T,,N,,GY,,2021-Q1,,1.046766,,A,,,,,,,,2,
DATAFLOW,OECD.SDD.TPS:DSD_PRICES@DF_PRICES_ALL(1.0),,I,FIN,,Q,,N,,CPI,,PA,,_T,,N,,GY,,2021-Q2,,2.086698,,A,,,,,,,,2,
DATAFLOW,OECD.SDD.TPS:DSD_PRICES@DF_PRICES_ALL(1.0),,I,FIN,,Q,,N,,CPI,,PA,,_T,,N,,GY,,2021-Q3,,2.201794,,A,,,,,,,,2,
DATAFLOW,OECD.SDD.TPS:DSD_PRICES@DF_PRICES_ALL(1.0),,I,FIN,,Q,,N,,CPI,,PA,,_T,,N,,GY,,2021-Q4,,3.438865,,A,,,,,,,,2,
DATAFLOW,OECD.SDD.TPS:DSD_PRICES@DF_PRICES_ALL(1.0),,I,FIN,,Q,,N,,CPI,,PA,,_T,,N,,GY,,2022-Q1,,4.902305,,A,,,,,,,,2,
DATAFLOW,OECD.SDD.TPS:DSD_PRICES@DF_PRICES_ALL(1.0),,I,FIN,,Q,,N,,CPI,,PA,,_T,,N,,GY,,2022-Q2,,6.831414,,A,,,,,,,,2,
DATAFLOW,OECD.SDD.TPS:DSD_PRICES@DF_PRICES_ALL(1.0),,I,FIN,,Q,,N,,CPI,,PA,,_T,,N,,GY,,2022-Q3,,7.840609,,A,,,,,,,,2,
DATAFLOW,OECD.SDD.TPS:DSD_PRICES@DF_PRICES_ALL(1.0),,I,FIN,,Q,,N,,CPI,,PA,,_T,,N,,GY,,2022-Q4,,8.865436,,A,,,,,,,,2,
DATAFLOW,OECD.SDD.TPS:DSD_PRICES@DF_PRICES_ALL(1.0),,I,FIN,,Q,,N,,CPI,,PA,,_T,,N,,GY,,2023-Q1,,8.389293,,A,,,,,,,,2,
DATAFLOW,OECD.SDD.TPS:DSD_PRICES@DF_PRICES_ALL(1.0),,I,FIN,,Q,,N,,CPI,,PA,,_T,,N,,GY,,2023-Q2,,6.998785,,A,,,,,,,,2,
DATAFLOW,OECD.SDD.TPS:DSD_PRICES@DF_PRICES_ALL(1.0),,I,FIN,,Q,,N,,CPI,,PA,,_T,,N,,GY,,2023-Q3,,5.867771,,A,,,,,,,,2,
DATAFLOW,OECD.SDD.TPS:DSD_PRICES@DF_PRICES_ALL(1.0),,I,FIN,,Q,,N,,CPI,,PA,,_T,,N,,GY,,2023-Q4,,3.897807,,A,,,,,,,,2,
DATAFLOW,OECD.SDD.TPS:DSD_PRICES@DF_PRICES_ALL(1.0),,I,FIN,,Q,,N,,CPI,,PA,,_T,,N,,GY,,2024-Q1,,2.800516,,A,,,,,,,,2,
DATAFLOW,OECD.SDD.TPS:DSD_PRICES@DF_PRICES_ALL(1.0),,I,FIN,,Q,,N,,CPI,,PA,,_T,,N,,GY,,2024-Q2,,1.552898,,A,,,,,,,,2,
DATAFLOW,OECD.SDD.TPS:DSD_PRICES@DF_PRICES_ALL(1.0),,I,FIN,,Q,,N,,CPI,,PA,,_T,,N,,GY,,2024-Q3,,0.9999725,,A,,,,,,,,2,
DATAFLOW,OECD.SDD.TPS:DSD_PRICES@DF_PRICES_ALL(1.0),,I,FIN,,Q,,N,,CPI,,PA,,_T,,N,,GY,,2024-Q4,,0.9330918,,A,,,,,,,,2,
DATAFLOW,OECD.SDD.TPS:DSD_PRICES@DF_PRICES_ALL(1.0),,I,FIN,,Q,,N,,CPI,,PA,,_T,,N,,GY,,2025-Q1,,0.5590249,,A,,,,,,,,2,
DATAFLOW,OECD.SDD.TPS:DSD_PRICES@DF_PRICES_ALL(1.0),,I,FIN,,Q,,N,,CPI,,PA,,_T,,N,,GY,,2025-Q2,,0.3979611,,A,,,,,,,,2,
DATAFLOW,OECD.SDD.TPS:DSD_PRICES@DF_PRICES_ALL(1.0),,I,FIN,,Q,,N,,CPI,,PA,,_T,,N,,GY,,2025-Q3,,0.4009382,,A,,,,,,,,2,
DATAFLOW,OECD.SDD.TPS:DSD_PRICES@DF_PRICES_ALL(1.0),,I,FIN,,Q,,N,,CPI,,PA,,_T,,N,,GY,,2025-Q4,,-0.005438033,,A,,,,,,,,2,
DATAFLOW,OECD.SDD.TPS:DSD_PRICES@DF_PRICES_ALL(1.0),,I,FRA,,Q,,N,,CPI,,PA,,_T,,N,,GY,,1996-Q3,,1.826545,,A,,,,,,,,2,
DATAFLOW,OECD.SDD.TPS:DSD_PRICES@DF_PRICES_ALL(1.0),,I,FRA,,Q,,N,,CPI,,PA,,_T,,N,,GY,,1996-Q4,,1.639993,,A,,,,,,,,2,
DATAFLOW,OECD.SDD.TPS:DSD_PRICES@DF_PRICES_ALL(1.0),,I,FRA,,Q,,N,,CPI,,PA,,_T,,N,,GY,,1997-Q1,,1.454275,,A,,,,,,,,2,
DATAFLOW,OECD.SDD.TPS:DSD_PRICES@DF_PRICES_ALL(1.0),,I,FRA,,Q,,N,,CPI,,PA,,_T,,N,,GY,,1997-Q2,,0.9230769,,A,,,,,,,,2,
DATAFLOW,OECD.SDD.TPS:DSD_PRICES@DF_PRICES_ALL(1.0),,I,FRA,,Q,,N,,CPI,,PA,,_T,,N,,GY,,1997-Q3,,1.281272,,A,,,,,,,,2,
DATAFLOW,OECD.SDD.TPS:DSD_PRICES@DF_PRICES_ALL(1.0),,I,FRA,,Q,,N,,CPI,,PA,,_T,,N,,GY,,1997-Q4,,1.15932,,A,,,,,,,,2,
DATAFLOW,OECD.SDD.TPS:DSD_PRICES@DF_PRICES_ALL(1.0),,I,FRA,,Q,,N,,CPI,,PA,,_T,,N,,GY,,1998-Q1,,0.7489992,,A,,,,,,,,2,
DATAFLOW,OECD.SDD.TPS:DSD_PRICES@DF_PRICES_ALL(1.0),,I,FRA,,Q,,N,,CPI,,PA,,_T,,N,,GY,,1998-Q2,,0.9876331,,A,,,,,,,,2,
DATAFLOW,OECD.SDD.TPS:DSD_PRICES@DF_PRICES_ALL(1.0),,I,FRA,,Q,,N,,CPI,,PA,,_T,,N,,GY,,1998-Q3,,0.6089455,,A,,,,,,,,2,
DATAFLOW,OECD.SDD.TPS:DSD_PRICES@DF_PRICES_ALL(1.0),,I,FRA,,Q,,N,,CPI,,PA,,_T,,N,,GY,,1998-Q4,,0.260851,,A,,,,,,,,2,
DATAFLOW,OECD.SDD.TPS:DSD_PRICES@DF_PRICES_ALL(1.0),,I,FRA,,Q,,N,,CPI,,PA,,_T,,N,,GY,,1999-Q1,,0.2563555,,A,,,,,,,,2,
DATAFLOW,OECD.SDD.TPS:DSD_PRICES@DF_PRICES_ALL(1.0),,I,FRA,,Q,,N,,CPI,,PA,,_T,,N,,GY,,1999-Q2,,0.3826856,,A,,,,,,,,2,
DATAFLOW,OECD.SDD.TPS:DSD_PRICES@DF_PRICES_ALL(1.0),,I,FRA,,Q,,N,,CPI,,PA,,_T,,N,,GY,,1999-Q3,,0.520012,,A,,,,,,,,2,
DATAFLOW,OECD.SDD.TPS:DSD_PRICES@DF_PRICES_ALL(1.0),,I,FRA,,Q,,N,,CPI,,PA,,_T,,N,,GY,,1999-Q4,,0.9895078,,A,,,,,,,,2,
DATAFLOW,OECD.SDD.TPS:DSD_PRICES@DF_PRICES_ALL(1.0),,I,FRA,,Q,,N,,CPI,,PA,,_T,,N,,GY,,2000-Q1,,1.461752,,A,,,,,,,,2,
DATAFLOW,OECD.SDD.TPS:DSD_PRICES@DF_PRICES_ALL(1.0),,I,FRA,,Q,,N,,CPI,,PA,,_T,,N,,GY,,2000-Q2,,1.423246,,A,,,,,,,,2,
DATAFLOW,OECD.SDD.TPS:DSD_PRICES@DF_PRICES_ALL(1.0),,I,FRA,,Q,,N,,CPI,,PA,,_T,,N,,GY,,2000-Q3,,1.903914,,A,,,,,,,,2,
DATAFLOW,OECD.SDD.TPS:DSD_PRICES@DF_PRICES_ALL(1.0),,I,FRA,,Q,,N,,CPI,,PA,,_T,,N,,GY,,2000-Q4,,1.913168,,A,,,,,,,,2,
DATAFLOW,OECD.SDD.TPS:DSD_PRICES@DF_PRICES_ALL(1.0),,I,FRA,,Q,,N,,CPI,,PA,,_T,,N,,GY,,2001-Q1,,1.306284,,A,,,,,,,,2,
DATAFLOW,OECD.SDD.TPS:DSD_PRICES@DF_PRICES_ALL(1.0),,I,FRA,,Q,,N,,CPI,,PA,,_T,,N,,GY,,2001-Q2,,2.050618,,A,,,,,,,,2,
DATAFLOW,OECD.SDD.TPS:DSD_PRICES@DF_PRICES_ALL(1.0),,I,FRA,,Q,,N,,CPI,,PA,,_T,,N,,GY,,2001-Q3,,1.776798,,A,,,,,,,,2,
DATAFLOW,OECD.SDD.TPS:DSD_PRICES@DF_PRICES_ALL(1.0),,I,FRA,,Q,,N,,CPI,,PA,,_T,,N,,GY,,2001-Q4,,1.404832,,A,,,,,,,,2,
DATAFLOW,OECD.SDD.TPS:DSD_PRICES@DF_PRICES_ALL(1.0),,I,FRA,,Q,,N,,CPI,,PA,,_T,,N,,GY,,2002-Q1,,2.15183,,A,,,,,,,,2,
DATAFLOW,OECD.SDD.TPS:DSD_PRICES@DF_PRICES_ALL(1.0),,I,FRA,,Q,,N,,CPI,,PA,,_T,,N,,GY,,2002-Q2,,1.624719,,A,,,,,,,,2,
DATAFLOW,OECD.SDD.TPS:DSD_PRICES@DF_PRICES_ALL(1.0),,I,FRA,,Q,,N,,CPI,,PA,,_T,,N,,GY,,2002-Q3,,1.774398,,A,,,,,,,,2,
DATAFLOW,OECD.SDD.TPS:DSD_PRICES@DF_PRICES_ALL(1.0),,I,FRA,,Q,,N,,CPI,,PA,,_T,,N,,GY,,2002-Q4,,2.145484,,A,,,,,,,,2,
DATAFLOW,OECD.SDD.TPS:DSD_PRICES@DF_PRICES_ALL(1.0),,I,FRA,,Q,,N,,CPI,,PA,,_T,,N,,GY,,2003-Q1,,2.366263,,A,,,,,,,,2,
DATAFLOW,OECD.SDD.TPS:DSD_PRICES@DF_PRICES_ALL(1.0),,I,FRA,,Q,,N,,CPI,,PA,,_T,,N,,GY,,2003-Q2,,1.912854,,A,,,,,,,,2,
DATAFLOW,OECD.SDD.TPS:DSD_PRICES@DF_PRICES_ALL(1.0),,I,FRA,,Q,,N,,CPI,,PA,,_T,,N,,GY,,2003-Q3,,1.93227,,A,,,,,,,,2,
DATAFLOW,OECD.SDD.TPS:DSD_PRICES@DF_PRICES_ALL(1.0),,I,FRA,,Q,,N,,CPI,,PA,,_T,,N,,GY,,2003-Q4,,2.184437,,A,,,,,,,,2,
DATAFLOW,OECD.SDD.TPS:DSD_PRICES@DF_PRICES_ALL(1.0),,I,FRA,,Q,,N,,CPI,,PA,,_T,,N,,GY,,2004-Q1,,1.800087,,A,,,,,,,,2,
DATAFLOW,OECD.SDD.TPS:DSD_PRICES@DF_PRICES_ALL(1.0),,I,FRA,,Q,,N,,CPI,,PA,,_T,,N,,GY,,2004-Q2,,2.390643,,A,,,,,,,,2,
DATAFLOW,OECD.SDD.TPS:DSD_PRICES@DF_PRICES_ALL(1.0),,I,FRA,,Q,,N,,CPI,,PA,,_T,,N,,GY,,2004-Q3,,2.285804,,A,,,,,,,,2,
DATAFLOW,OECD.SDD.TPS:DSD_PRICES@DF_PRICES_ALL(1.0),,I,FRA,,Q,,N,,CPI,,PA,,_T,,N,,GY,,2004-Q4,,2.090756,,A,,,,,,,,2,
DATAFLOW,OECD.SDD.TPS:DSD_PRICES@DF_PRICES_ALL(1.0),,I,FRA,,Q,,N,,CPI,,PA,,_T,,N,,GY,,2005-Q1,,1.721519,,A,,,,,,,,2,
DATAFLOW,OECD.SDD.TPS:DSD_PRICES@DF_PRICES_ALL(1.0),,I,FRA,,Q,,N,,CPI,,PA,,_T,,N,,GY,,2005-Q2,,1.701914,,A,,,,,,,,2,
DATAFLOW,OECD.SDD.TPS:DSD_PRICES@DF_PRICES_ALL(1.0),,I,FRA,,Q,,N,,CPI,,PA,,_T,,N,,GY,,2005-Q3,,1.88025,,A,,,,,,,,2,
DATAFLOW,OECD.SDD.TPS:DSD_PRICES@DF_PRICES_ALL(1.0),,I,FRA,,Q,,N,,CPI,,PA,,_T,,N,,GY,,2005-Q4,,1.67977,,A,,,,,,,,2,
DATAFLOW,OECD.SDD.TPS:DSD_PRICES@DF_PRICES_ALL(1.0),,I,FRA,,Q,,N,,CPI,,PA,,_T,,N,,GY,,2006-Q1,,1.784278,,A,,,,,,,,2,
DATAFLOW,OECD.SDD.TPS:DSD_PRICES@DF_PRICES_ALL(1.0),,I,FRA,,Q,,N,,CPI,,PA,,_T,,N,,GY,,2006-Q2,,1.912496,,A,,,,,,,,2,
DATAFLOW,OECD.SDD.TPS:DSD_PRICES@DF_PRICES_ALL(1.0),,I,FRA,,Q,,N,,CPI,,PA,,_T,,N,,GY,,2006-Q3,,1.694274,,A,,,,,,,,2,
DATAFLOW,OECD.SDD.TPS:DSD_PRICES@DF_PRICES_ALL(1.0),,I,FRA,,Q,,N,,CPI,,PA,,_T,,N,,GY,,2006-Q4,,1.312564,,A,,,,,,,,2,
DATAFLOW,OECD.SDD.TPS:DSD_PRICES@DF_PRICES_ALL(1.0),,I,FRA,,Q,,N,,CPI,,PA,,_T,,N,,GY,,2007-Q1,,1.162397,,A,,,,,,,,2,
DATAFLOW,OECD.SDD.TPS:DSD_PRICES@DF_PRICES_ALL(1.0),,I,FRA,,Q,,N,,CPI,,PA,,_T,,N,,GY,,2007-Q2,,1.172879,,A,,,,,,,,2,
DATAFLOW,OECD.SDD.TPS:DSD_PRICES@DF_PRICES_ALL(1.0),,I,FRA,,Q,,N,,CPI,,PA,,_T,,N,,GY,,2007-Q3,,1.268129,,A,,,,,,,,2,
DATAFLOW,OECD.SDD.TPS:DSD_PRICES@DF_PRICES_ALL(1.0),,I,FRA,,Q,,N,,CPI,,PA,,_T,,N,,GY,,2007-Q4,,2.345408,,A,,,,,,,,2,
DATAFLOW,OECD.SDD.TPS:DSD_PRICES@DF_PRICES_ALL(1.0),,I,FRA,,Q,,N,,CPI,,PA,,_T,,N,,GY,,2008-Q1,,2.948832,,A,,,,,,,,2,
DATAFLOW,OECD.SDD.TPS:DSD_PRICES@DF_PRICES_ALL(1.0),,I,FRA,,Q,,N,,CPI,,PA,,_T,,N,,GY,,2008-Q2,,3.304873,,A,,,,,,,,2,
DATAFLOW,OECD.SDD.TPS:DSD_PRICES@DF_PRICES_ALL(1.0),,I,FRA,,Q,,N,,CPI,,PA,,_T,,N,,GY,,2008-Q3,,3.249972,,A,,,,,,,,2,
DATAFLOW,OECD.SDD.TPS:DSD_PRICES@DF_PRICES_ALL(1.0),,I,FRA,,Q,,N,,CPI,,PA,,_T,,N,,GY,,2008-Q4,,1.760576,,A,,,,,,,,2,
DATAFLOW,OECD.SDD.TPS:DSD_PRICES@DF_PRICES_ALL(1.0),,I,FRA,,Q,,N,,CPI,,PA,,_T,,N,,GY,,2009-Q1,,0.6248871,,A,,,,,,,,2,
DATAFLOW,OECD.SDD.TPS:DSD_PRICES@DF_PRICES_ALL(1.0),,I,FRA,,Q,,N,,CPI,,PA,,_T,,N,,GY,,2009-Q2,,-0.2066263,,A,,,,,,,,2,
DATAFLOW,OECD.SDD.TPS:DSD_PRICES@DF_PRICES_ALL(1.0),,I,FRA,,Q,,N,,CPI,,PA,,_T,,N,,GY,,2009-Q3,,-0.4232466,,A,,,,,,,,2,
DATAFLOW,OECD.SDD.TPS:DSD_PRICES@DF_PRICES_ALL(1.0),,I,FRA,,Q,,N,,CPI,,PA,,_T,,N,,GY,,2009-Q4,,0.3646113,,A,,,,,,,,2,
DATAFLOW,OECD.SDD.TPS:DSD_PRICES@DF_PRICES_ALL(1.0),,I,FRA,,Q,,N,,CPI,,PA,,_T,,N,,GY,,2010-Q1,,1.324575,,A,,,,,,,,2,
DATAFLOW,OECD.SDD.TPS:DSD_PRICES@DF_PRICES_ALL(1.0),,I,FRA,,Q,,N,,CPI,,PA,,_T,,N,,GY,,2010-Q2,,1.613594,,A,,,,,,,,2,
DATAFLOW,OECD.SDD.TPS:DSD_PRICES@DF_PRICES_ALL(1.0),,I,FRA,,Q,,N,,CPI,,PA,,_T,,N,,GY,,2010-Q3,,1.543023,,A,,,,,,,,2,
DATAFLOW,OECD.SDD.TPS:DSD_PRICES@DF_PRICES_ALL(1.0),,I,FRA,,Q,,N,,CPI,,PA,,_T,,N,,GY,,2010-Q4,,1.641913,,A,,,,,,,,2,
DATAFLOW,OECD.SDD.TPS:DSD_PRICES@DF_PRICES_ALL(1.0),,I,FRA,,Q,,N,,CPI,,PA,,_T,,N,,GY,,2011-Q1,,1.796153,,A,,,,,,,,2,
DATAFLOW,OECD.SDD.TPS:DSD_PRICES@DF_PRICES_ALL(1.0),,I,FRA,,Q,,N,,CPI,,PA,,_T,,N,,GY,,2011-Q2,,2.065767,,A,,,,,,,,2,
DATAFLOW,OECD.SDD.TPS:DSD_PRICES@DF_PRICES_ALL(1.0),,I,FRA,,Q,,N,,CPI,,PA,,_T,,N,,GY,,2011-Q3,,2.138661,,A,,,,,,,,2,
DATAFLOW,OECD.SDD.TPS:DSD_PRICES@DF_PRICES_ALL(1.0),,I,FRA,,Q,,N,,CPI,,PA,,_T,,N,,GY,,2011-Q4,,2.442358,,A,,,,,,,,2,
DATAFLOW,OECD.SDD.TPS:DSD_PRICES@DF_PRICES_ALL(1.0),,I,FRA,,Q,,N,,CPI,,PA,,_T,,N,,GY,,2012-Q1,,2.314332,,A,,,,,,,,2,
DATAFLOW,OECD.SDD.TPS:DSD_PRICES@DF_PRICES_ALL(1.0),,I,FRA,,Q,,N,,CPI,,PA,,_T,,N,,GY,,2012-Q2,,1.999862,,A,,,,,,,,2,
DATAFLOW,OECD.SDD.TPS:DSD_PRICES@DF_PRICES_ALL(1.0),,I,FRA,,Q,,N,,CPI,,PA,,_T,,N,,GY,,2012-Q3,,1.976788,,A,,,,,,,,2,
DATAFLOW,OECD.SDD.TPS:DSD_PRICES@DF_PRICES_ALL(1.0),,I,FRA,,Q,,N,,CPI,,PA,,_T,,N,,GY,,2012-Q4,,1.53241,,A,,,,,,,,2,
DATAFLOW,OECD.SDD.TPS:DSD_PRICES@DF_PRICES_ALL(1.0),,I,FRA,,Q,,N,,CPI,,PA,,_T,,N,,GY,,2013-Q1,,1.061261,,A,,,,,,,,2,
DATAFLOW,OECD.SDD.TPS:DSD_PRICES@DF_PRICES_ALL(1.0),,I,FRA,,Q,,N,,CPI,,PA,,_T,,N,,GY,,2013-Q2,,0.8065333,,A,,,,,,,,2,
DATAFLOW,OECD.SDD.TPS:DSD_PRICES@DF_PRICES_ALL(1.0),,I,FRA,,Q,,N,,CPI,,PA,,_T,,N,,GY,,2013-Q3,,0.9388403,,A,,,,,,,,2,
DATAFLOW,OECD.SDD.TPS:DSD_PRICES@DF_PRICES_ALL(1.0),,I,FRA,,Q,,N,,CPI,,PA,,_T,,N,,GY,,2013-Q4,,0.6502038,,A,,,,,,,,2,
DATAFLOW,OECD.SDD.TPS:DSD_PRICES@DF_PRICES_ALL(1.0),,I,FRA,,Q,,N,,CPI,,PA,,_T,,N,,GY,,2014-Q1,,0.7270035,,A,,,,,,,,2,
DATAFLOW,OECD.SDD.TPS:DSD_PRICES@DF_PRICES_ALL(1.0),,I,FRA,,Q,,N,,CPI,,PA,,_T,,N,,GY,,2014-Q2,,0.6293519,,A,,,,,,,,2,
DATAFLOW,OECD.SDD.TPS:DSD_PRICES@DF_PRICES_ALL(1.0),,I,FRA,,Q,,N,,CPI,,PA,,_T,,N,,GY,,2014-Q3,,0.3981398,,A,,,,,,,,2,
DATAFLOW,OECD.SDD.TPS:DSD_PRICES@DF_PRICES_ALL(1.0),,I,FRA,,Q,,N,,CPI,,PA,,_T,,N,,GY,,2014-Q4,,0.277815,,A,,,,,,,,2,
DATAFLOW,OECD.SDD.TPS:DSD_PRICES@DF_PRICES_ALL(1.0),,I,FRA,,Q,,N,,CPI,,PA,,_T,,N,,GY,,2015-Q1,,-0.2405854,,A,,,,,,,,2,
DATAFLOW,OECD.SDD.TPS:DSD_PRICES@DF_PRICES_ALL(1.0),,I,FRA,,Q,,N,,CPI,,PA,,_T,,N,,GY,,2015-Q2,,0.2129075,,A,,,,,,,,2,
DATAFLOW,OECD.SDD.TPS:DSD_PRICES@DF_PRICES_ALL(1.0),,I,FRA,,Q,,N,,CPI,,PA,,_T,,N,,GY,,2015-Q3,,0.08331112,,A,,,,,,,,2,
DATAFLOW,OECD.SDD.TPS:DSD_PRICES@DF_PRICES_ALL(1.0),,I,FRA,,Q,,N,,CPI,,PA,,_T,,N,,GY,,2015-Q4,,0.09346107,,A,,,,,,,,2,
DATAFLOW,OECD.SDD.TPS:DSD_PRICES@DF_PRICES_ALL(1.0),,I,FRA,,Q,,N,,CPI,,PA,,_T,,N,,GY,,2016-Q1,,-0.04019427,,A,,,,,,,,2,
DATAFLOW,OECD.SDD.TPS:DSD_PRICES@DF_PRICES_ALL(1.0),,I,FRA,,Q,,N,,CPI,,PA,,_T,,N,,GY,,2016-Q2,,-0.006639224,,A,,,,,,,,2,
DATAFLOW,OECD.SDD.TPS:DSD_PRICES@DF_PRICES_ALL(1.0),,I,FRA,,Q,,N,,CPI,,PA,,_T,,N,,GY,,2016-Q3,,0.2796924,,A,,,,,,,,2,
DATAFLOW,OECD.SDD.TPS:DSD_PRICES@DF_PRICES_ALL(1.0),,I,FRA,,Q,,N,,CPI,,PA,,_T,,N,,GY,,2016-Q4,,0.5002168,,A,,,,,,,,2,
DATAFLOW,OECD.SDD.TPS:DSD_PRICES@DF_PRICES_ALL(1.0),,I,FRA,,Q,,N,,CPI,,PA,,_T,,N,,GY,,2017-Q1,,1.23312,,A,,,,,,,,2,
DATAFLOW,OECD.SDD.TPS:DSD_PRICES@DF_PRICES_ALL(1.0),,I,FRA,,Q,,N,,CPI,,PA,,_T,,N,,GY,,2017-Q2,,0.8863953,,A,,,,,,,,2,
DATAFLOW,OECD.SDD.TPS:DSD_PRICES@DF_PRICES_ALL(1.0),,I,FRA,,Q,,N,,CPI,,PA,,_T,,N,,GY,,2017-Q3,,0.8699406,,A,,,,,,,,2,
DATAFLOW,OECD.SDD.TPS:DSD_PRICES@DF_PRICES_ALL(1.0),,I,FRA,,Q,,N,,CPI,,PA,,_T,,N,,GY,,2017-Q4,,1.141454,,A,,,,,,,,2,
DATAFLOW,OECD.SDD.TPS:DSD_PRICES@DF_PRICES_ALL(1.0),,I,FRA,,Q,,N,,CPI,,PA,,_T,,N,,GY,,2018-Q1,,1.360432,,A,,,,,,,,2,
DATAFLOW,OECD.SDD.TPS:DSD_PRICES@DF_PRICES_ALL(1.0),,I,FRA,,Q,,N,,CPI,,PA,,_T,,N,,GY,,2018-Q2,,1.895423,,A,,,,,,,,2,
DATAFLOW,OECD.SDD.TPS:DSD_PRICES@DF_PRICES_ALL(1.0),,I,FRA,,Q,,N,,CPI,,PA,,_T,,N,,GY,,2018-Q3,,2.248264,,A,,,,,,,,2,
DATAFLOW,OECD.SDD.TPS:DSD_PRICES@DF_PRICES_ALL(1.0),,I,FRA,,Q,,N,,CPI,,PA,,_T,,N,,GY,,2018-Q4,,1.896263,,A,,,,,,,,2,
DATAFLOW,OECD.SDD.TPS:DSD_PRICES@DF_PRICES_ALL(1.0),,I,FRA,,Q,,N,,CPI,,PA,,_T,,N,,GY,,2019-Q1,,1.221344,,A,,,,,,,,2,
DATAFLOW,OECD.SDD.TPS:DSD_PRICES@DF_PRICES_ALL(1.0),,I,FRA,,Q,,N,,CPI,,PA,,_T,,N,,GY,,2019-Q2,,1.12385,,A,,,,,,,,2,
DATAFLOW,OECD.SDD.TPS:DSD_PRICES@DF_PRICES_ALL(1.0),,I,FRA,,Q,,N,,CPI,,PA,,_T,,N,,GY,,2019-Q3,,1.004443,,A,,,,,,,,2,
DATAFLOW,OECD.SDD.TPS:DSD_PRICES@DF_PRICES_ALL(1.0),,I,FRA,,Q,,N,,CPI,,PA,,_T,,N,,GY,,2019-Q4,,1.085032,,A,,,,,,,,2,
DATAFLOW,OECD.SDD.TPS:DSD_PRICES@DF_PRICES_ALL(1.0),,I,FRA,,Q,,N,,CPI,,PA,,_T,,N,,GY,,2020-Q1,,1.193702,,A,,,,,,,,2,
DATAFLOW,OECD.SDD.TPS:DSD_PRICES@DF_PRICES_ALL(1.0),,I,FRA,,Q,,N,,CPI,,PA,,_T,,N,,GY,,2020-Q2,,0.2970012,,A,,,,,,,,2,
DATAFLOW,OECD.SDD.TPS:DSD_PRICES@DF_PRICES_ALL(1.0),,I,FRA,,Q,,N,,CPI,,PA,,_T,,N,,GY,,2020-Q3,,0.3474214,,A,,,,,,,,2,
DATAFLOW,OECD.SDD.TPS:DSD_PRICES@DF_PRICES_ALL(1.0),,I,FRA,,Q,,N,,CPI,,PA,,_T,,N,,GY,,2020-Q4,,0.07644286,,A,,,,,,,,2,
DATAFLOW,OECD.SDD.TPS:DSD_PRICES@DF_PRICES_ALL(1.0),,I,FRA,,Q,,N,,CPI,,PA,,_T,,N,,GY,,2021-Q1,,0.7428426,,A,,,,,,,,2,
DATAFLOW,OECD.SDD.TPS:DSD_PRICES@DF_PRICES_ALL(1.0),,I,FRA,,Q,,N,,CPI,,PA,,_T,,N,,GY,,2021-Q2,,1.381902,,A,,,,,,,,2,
DATAFLOW,OECD.SDD.TPS:DSD_PRICES@DF_PRICES_ALL(1.0),,I,FRA,,Q,,N,,CPI,,PA,,_T,,N,,GY,,2021-Q3,,1.72474,,A,,,,,,,,2,
DATAFLOW,OECD.SDD.TPS:DSD_PRICES@DF_PRICES_ALL(1.0),,I,FRA,,Q,,N,,CPI,,PA,,_T,,N,,GY,,2021-Q4,,2.718014,,A,,,,,,,,2,
DATAFLOW,OECD.SDD.TPS:DSD_PRICES@DF_PRICES_ALL(1.0),,I,FRA,,Q,,N,,CPI,,PA,,_T,,N,,GY,,2022-Q1,,3.658344,,A,,,,,,,,2,
DATAFLOW,OECD.SDD.TPS:DSD_PRICES@DF_PRICES_ALL(1.0),,I,FRA,,Q,,N,,CPI,,PA,,_T,,N,,GY,,2022-Q2,,5.288945,,A,,,,,,,,2,
DATAFLOW,OECD.SDD.TPS:DSD_PRICES@DF_PRICES_ALL(1.0),,I,FRA,,Q,,N,,CPI,,PA,,_T,,N,,GY,,2022-Q3,,5.848373,,A,,,,,,,,2,
DATAFLOW,OECD.SDD.TPS:DSD_PRICES@DF_PRICES_ALL(1.0),,I,FRA,,Q,,N,,CPI,,PA,,_T,,N,,GY,,2022-Q4,,6.066803,,A,,,,,,,,2,
DATAFLOW,OECD.SDD.TPS:DSD_PRICES@DF_PRICES_ALL(1.0),,I,FRA,,Q,,N,,CPI,,PA,,_T,,N,,GY,,2023-Q1,,5.989925,,A,,,,,,,,2,
DATAFLOW,OECD.SDD.TPS:DSD_PRICES@DF_PRICES_ALL(1.0),,I,FRA,,Q,,N,,CPI,,PA,,_T,,N,,GY,,2023-Q2,,5.175397,,A,,,,,,,,2,
DATAFLOW,OECD.SDD.TPS:DSD_PRICES@DF_PRICES_ALL(1.0),,I,FRA,,Q,,N,,CPI,,PA,,_T,,N,,GY,,2023-Q3,,4.681554,,A,,,,,,,,2,
DATAFLOW,OECD.SDD.TPS:DSD_PRICES@DF_PRICES_ALL(1.0),,I,FRA,,Q,,N,,CPI,,PA,,_T,,N,,GY,,2023-Q4,,3.718743,,A,,,,,,,,2,
DATAFLOW,OECD.SDD.TPS:DSD_PRICES@DF_PRICES_ALL(1.0),,I,FRA,,Q,,N,,CPI,,PA,,_T,,N,,GY,,2024-Q1,,2.79402,,A,,,,,,,,2,
DATAFLOW,OECD.SDD.TPS:DSD_PRICES@DF_PRICES_ALL(1.0),,I,FRA,,Q,,N,,CPI,,PA,,_T,,N,,GY,,2024-Q2,,2.209365,,A,,,,,,,,2,
DATAFLOW,OECD.SDD.TPS:DSD_PRICES@DF_PRICES_ALL(1.0),,I,FRA,,Q,,N,,CPI,,PA,,_T,,N,,GY,,2024-Q3,,1.741532,,A,,,,,,,,2,
DATAFLOW,OECD.SDD.TPS:DSD_PRICES@DF_PRICES_ALL(1.0),,I,FRA,,Q,,N,,CPI,,PA,,_T,,N,,GY,,2024-Q4,,1.270244,,A,,,,,,,,2,
DATAFLOW,OECD.SDD.TPS:DSD_PRICES@DF_PRICES_ALL(1.0),,I,FRA,,Q,,N,,CPI,,PA,,_T,,N,,GY,,2025-Q1,,1.067616,,A,,,,,,,,2,
DATAFLOW,OECD.SDD.TPS:DSD_PRICES@DF_PRICES_ALL(1.0),,I,FRA,,Q,,N,,CPI,,PA,,_T,,N,,GY,,2025-Q2,,0.8158056,,A,,,,,,,,2,
DATAFLOW,OECD.SDD.TPS:DSD_PRICES@DF_PRICES_ALL(1.0),,I,FRA,,Q,,N,,CPI,,PA,,_T,,N,,GY,,2025-Q3,,1.013738,,A,,,,,,,,2,
DATAFLOW,OECD.SDD.TPS:DSD_PRICES@DF_PRICES_ALL(1.0),,I,FRA,,Q,,N,,CPI,,PA,,_T,,N,,GY,,2025-Q4,,0.878852,,A,,,,,,,,2,
DATAFLOW,OECD.SDD.TPS:DSD_PRICES@DF_PRICES_ALL(1.0),,I,GRC,,Q,,N,,CPI,,PA,,_T,,N,,GY,,1996-Q3,,8.040337,,A,,,,,,,,2,
DATAFLOW,OECD.SDD.TPS:DSD_PRICES@DF_PRICES_ALL(1.0),,I,GRC,,Q,,N,,CPI,,PA,,_T,,N,,GY,,1996-Q4,,7.589921,,A,,,,,,,,2,
DATAFLOW,OECD.SDD.TPS:DSD_PRICES@DF_PRICES_ALL(1.0),,I,GRC,,Q,,N,,CPI,,PA,,_T,,N,,GY,,1997-Q1,,6.434453,,A,,,,,,,,2,
DATAFLOW,OECD.SDD.TPS:DSD_PRICES@DF_PRICES_ALL(1.0),,I,GRC,,Q,,N,,CPI,,PA,,_T,,N,,GY,,1997-Q2,,5.602999,,A,,,,,,,,2,
DATAFLOW,OECD.SDD.TPS:DSD_PRICES@DF_PRICES_ALL(1.0),,I,GRC,,Q,,N,,CPI,,PA,,_T,,N,,GY,,1997-Q3,,5.300292,,A,,,,,,,,2,
DATAFLOW,OECD.SDD.TPS:DSD_PRICES@DF_PRICES_ALL(1.0),,I,GRC,,Q,,N,,CPI,,PA,,_T,,N,,GY,,1997-Q4,,4.849408,,A,,,,,,,,2,
DATAFLOW,OECD.SDD.TPS:DSD_PRICES@DF_PRICES_ALL(1.0),,I,GRC,,Q,,N,,CPI,,PA,,_T,,N,,GY,,1998-Q1,,4.414279,,A,,,,,,,,2,
DATAFLOW,OECD.SDD.TPS:DSD_PRICES@DF_PRICES_ALL(1.0),,I,GRC,,Q,,N,,CPI,,PA,,_T,,N,,GY,,1998-Q2,,5.275689,,A,,,,,,,,2,
DATAFLOW,OECD.SDD.TPS:DSD_PRICES@DF_PRICES_ALL(1.0),,I,GRC,,Q,,N,,CPI,,PA,,_T,,N,,GY,,1998-Q3,,5.119689,,A,,,,,,,,2,
DATAFLOW,OECD.SDD.TPS:DSD_PRICES@DF_PRICES_ALL(1.0),,I,GRC,,Q,,N,,CPI,,PA,,_T,,N,,GY,,1998-Q4,,4.256265,,A,,,,,,,,2,
DATAFLOW,OECD.SDD.TPS:DSD_PRICES@DF_PRICES_ALL(1.0),,I,GRC,,Q,,N,,CPI,,PA,,_T,,N,,GY,,1999-Q1,,3.593683,,A,,,,,,,,2,
DATAFLOW,OECD.SDD.TPS:DSD_PRICES@DF_PRICES_ALL(1.0),,I,GRC,,Q,,N,,CPI,,PA,,_T,,N,,GY,,1999-Q2,,2.420763,,A,,,,,,,,2,
DATAFLOW,OECD.SDD.TPS:DSD_PRICES@DF_PRICES_ALL(1.0),,I,GRC,,Q,,N,,CPI,,PA,,_T,,N,,GY,,1999-Q3,,2.029601,,A,,,,,,,,2,
DATAFLOW,OECD.SDD.TPS:DSD_PRICES@DF_PRICES_ALL(1.0),,I,GRC,,Q,,N,,CPI,,PA,,_T,,N,,GY,,1999-Q4,,2.529119,,A,,,,,,,,2,
DATAFLOW,OECD.SDD.TPS:DSD_PRICES@DF_PRICES_ALL(1.0),,I,GRC,,Q,,N,,CPI,,PA,,_T,,N,,GY,,2000-Q1,,2.89622,,A,,,,,,,,2,
DATAFLOW,OECD.SDD.TPS:DSD_PRICES@DF_PRICES_ALL(1.0),,I,GRC,,Q,,N,,CPI,,PA,,_T,,N,,GY,,2000-Q2,,2.676672,,A,,,,,,,,2,
DATAFLOW,OECD.SDD.TPS:DSD_PRICES@DF_PRICES_ALL(1.0),,I,GRC,,Q,,N,,CPI,,PA,,_T,,N,,GY,,2000-Q3,,2.95886,,A,,,,,,,,2,
DATAFLOW,OECD.SDD.TPS:DSD_PRICES@DF_PRICES_ALL(1.0),,I,GRC,,Q,,N,,CPI,,PA,,_T,,N,,GY,,2000-Q4,,4.0599,,A,,,,,,,,2,
DATAFLOW,OECD.SDD.TPS:DSD_PRICES@DF_PRICES_ALL(1.0),,I,GRC,,Q,,N,,CPI,,PA,,_T,,N,,GY,,2001-Q1,,3.316133,,A,,,,,,,,2,
DATAFLOW,OECD.SDD.TPS:DSD_PRICES@DF_PRICES_ALL(1.0),,I,GRC,,Q,,N,,CPI,,PA,,_T,,N,,GY,,2001-Q2,,3.685659,,A,,,,,,,,2,
DATAFLOW,OECD.SDD.TPS:DSD_PRICES@DF_PRICES_ALL(1.0),,I,GRC,,Q,,N,,CPI,,PA,,_T,,N,,GY,,2001-Q3,,3.771161,,A,,,,,,,,2,
DATAFLOW,OECD.SDD.TPS:DSD_PRICES@DF_PRICES_ALL(1.0),,I,GRC,,Q,,N,,CPI,,PA,,_T,,N,,GY,,2001-Q4,,2.73799,,A,,,,,,,,2,
DATAFLOW,OECD.SDD.TPS:DSD_PRICES@DF_PRICES_ALL(1.0),,I,GRC,,Q,,N,,CPI,,PA,,_T,,N,,GY,,2002-Q1,,3.959987,,A,,,,,,,,2,
DATAFLOW,OECD.SDD.TPS:DSD_PRICES@DF_PRICES_ALL(1.0),,I,GRC,,Q,,N,,CPI,,PA,,_T,,N,,GY,,2002-Q2,,3.509493,,A,,,,,,,,2,
DATAFLOW,OECD.SDD.TPS:DSD_PRICES@DF_PRICES_ALL(1.0),,I,GRC,,Q,,N,,CPI,,PA,,_T,,N,,GY,,2002-Q3,,3.468675,,A,,,,,,,,2,
DATAFLOW,OECD.SDD.TPS:DSD_PRICES@DF_PRICES_ALL(1.0),,I,GRC,,Q,,N,,CPI,,PA,,_T,,N,,GY,,2002-Q4,,3.586004,,A,,,,,,,,2,
DATAFLOW,OECD.SDD.TPS:DSD_PRICES@DF_PRICES_ALL(1.0),,I,GRC,,Q,,N,,CPI,,PA,,_T,,N,,GY,,2003-Q1,,3.849895,,A,,,,,,,,2,
DATAFLOW,OECD.SDD.TPS:DSD_PRICES@DF_PRICES_ALL(1.0),,I,GRC,,Q,,N,,CPI,,PA,,_T,,N,,GY,,2003-Q2,,3.669188,,A,,,,,,,,2,
DATAFLOW,OECD.SDD.TPS:DSD_PRICES@DF_PRICES_ALL(1.0),,I,GRC,,Q,,N,,CPI,,PA,,_T,,N,,GY,,2003-Q3,,3.414734,,A,,,,,,,,2,
DATAFLOW,OECD.SDD.TPS:DSD_PRICES@DF_PRICES_ALL(1.0),,I,GRC,,Q,,N,,CPI,,PA,,_T,,N,,GY,,2003-Q4,,3.197224,,A,,,,,,,,2,
DATAFLOW,OECD.SDD.TPS:DSD_PRICES@DF_PRICES_ALL(1.0),,I,GRC,,Q,,N,,CPI,,PA,,_T,,N,,GY,,2004-Q1,,2.717078,,A,,,,,,,,2,
DATAFLOW,OECD.SDD.TPS:DSD_PRICES@DF_PRICES_ALL(1.0),,I,GRC,,Q,,N,,CPI,,PA,,_T,,N,,GY,,2004-Q2,,2.888842,,A,,,,,,,,2,
DATAFLOW,OECD.SDD.TPS:DSD_PRICES@DF_PRICES_ALL(1.0),,I,GRC,,Q,,N,,CPI,,PA,,_T,,N,,GY,,2004-Q3,,2.827032,,A,,,,,,,,2,
DATAFLOW,OECD.SDD.TPS:DSD_PRICES@DF_PRICES_ALL(1.0),,I,GRC,,Q,,N,,CPI,,PA,,_T,,N,,GY,,2004-Q4,,3.156792,,A,,,,,,,,2,
DATAFLOW,OECD.SDD.TPS:DSD_PRICES@DF_PRICES_ALL(1.0),,I,GRC,,Q,,N,,CPI,,PA,,_T,,N,,GY,,2005-Q1,,3.337482,,A,,,,,,,,2,
DATAFLOW,OECD.SDD.TPS:DSD_PRICES@DF_PRICES_ALL(1.0),,I,GRC,,Q,,N,,CPI,,PA,,_T,,N,,GY,,2005-Q2,,3.312491,,A,,,,,,,,2,
DATAFLOW,OECD.SDD.TPS:DSD_PRICES@DF_PRICES_ALL(1.0),,I,GRC,,Q,,N,,CPI,,PA,,_T,,N,,GY,,2005-Q3,,3.870502,,A,,,,,,,,2,
DATAFLOW,OECD.SDD.TPS:DSD_PRICES@DF_PRICES_ALL(1.0),,I,GRC,,Q,,N,,CPI,,PA,,_T,,N,,GY,,2005-Q4,,3.659271,,A,,,,,,,,2,
DATAFLOW,OECD.SDD.TPS:DSD_PRICES@DF_PRICES_ALL(1.0),,I,GRC,,Q,,N,,CPI,,PA,,_T,,N,,GY,,2006-Q1,,3.260813,,A,,,,,,,,2,
DATAFLOW,OECD.SDD.TPS:DSD_PRICES@DF_PRICES_ALL(1.0),,I,GRC,,Q,,N,,CPI,,PA,,_T,,N,,GY,,2006-Q2,,3.213315,,A,,,,,,,,2,
DATAFLOW,OECD.SDD.TPS:DSD_PRICES@DF_PRICES_ALL(1.0),,I,GRC,,Q,,N,,CPI,,PA,,_T,,N,,GY,,2006-Q3,,3.434086,,A,,,,,,,,2,
DATAFLOW,OECD.SDD.TPS:DSD_PRICES@DF_PRICES_ALL(1.0),,I,GRC,,Q,,N,,CPI,,PA,,_T,,N,,GY,,2006-Q4,,2.882436,,A,,,,,,,,2,
DATAFLOW,OECD.SDD.TPS:DSD_PRICES@DF_PRICES_ALL(1.0),,I,GRC,,Q,,N,,CPI,,PA,,_T,,N,,GY,,2007-Q1,,2.678163,,A,,,,,,,,2,
DATAFLOW,OECD.SDD.TPS:DSD_PRICES@DF_PRICES_ALL(1.0),,I,GRC,,Q,,N,,CPI,,PA,,_T,,N,,GY,,2007-Q2,,2.594989,,A,,,,,,,,2,
DATAFLOW,OECD.SDD.TPS:DSD_PRICES@DF_PRICES_ALL(1.0),,I,GRC,,Q,,N,,CPI,,PA,,_T,,N,,GY,,2007-Q3,,2.657652,,A,,,,,,,,2,
DATAFLOW,OECD.SDD.TPS:DSD_PRICES@DF_PRICES_ALL(1.0),,I,GRC,,Q,,N,,CPI,,PA,,_T,,N,,GY,,2007-Q4,,3.637471,,A,,,,,,,,2,
DATAFLOW,OECD.SDD.TPS:DSD_PRICES@DF_PRICES_ALL(1.0),,I,GRC,,Q,,N,,CPI,,PA,,_T,,N,,GY,,2008-Q1,,4.255458,,A,,,,,,,,2,
DATAFLOW,OECD.SDD.TPS:DSD_PRICES@DF_PRICES_ALL(1.0),,I,GRC,,Q,,N,,CPI,,PA,,_T,,N,,GY,,2008-Q2,,4.751791,,A,,,,,,,,2,
DATAFLOW,OECD.SDD.TPS:DSD_PRICES@DF_PRICES_ALL(1.0),,I,GRC,,Q,,N,,CPI,,PA,,_T,,N,,GY,,2008-Q3,,4.729803,,A,,,,,,,,2,
DATAFLOW,OECD.SDD.TPS:DSD_PRICES@DF_PRICES_ALL(1.0),,I,GRC,,Q,,N,,CPI,,PA,,_T,,N,,GY,,2008-Q4,,2.902373,,A,,,,,,,,2,
DATAFLOW,OECD.SDD.TPS:DSD_PRICES@DF_PRICES_ALL(1.0),,I,GRC,,Q,,N,,CPI,,PA,,_T,,N,,GY,,2009-Q1,,1.547903,,A,,,,,,,,2,
DATAFLOW,OECD.SDD.TPS:DSD_PRICES@DF_PRICES_ALL(1.0),,I,GRC,,Q,,N,,CPI,,PA,,_T,,N,,GY,,2009-Q2,,0.6600264,,A,,,,,,,,2,
DATAFLOW,OECD.SDD.TPS:DSD_PRICES@DF_PRICES_ALL(1.0),,I,GRC,,Q,,N,,CPI,,PA,,_T,,N,,GY,,2009-Q3,,0.685633,,A,,,,,,,,2,
DATAFLOW,OECD.SDD.TPS:DSD_PRICES@DF_PRICES_ALL(1.0),,I,GRC,,Q,,N,,CPI,,PA,,_T,,N,,GY,,2009-Q4,,1.951038,,A,,,,,,,,2,
DATAFLOW,OECD.SDD.TPS:DSD_PRICES@DF_PRICES_ALL(1.0),,I,GRC,,Q,,N,,CPI,,PA,,_T,,N,,GY,,2010-Q1,,3.030641,,A,,,,,,,,2,
DATAFLOW,OECD.SDD.TPS:DSD_PRICES@DF_PRICES_ALL(1.0),,I,GRC,,Q,,N,,CPI,,PA,,_T,,N,,GY,,2010-Q2,,5.163374,,A,,,,,,,,2,
DATAFLOW,OECD.SDD.TPS:DSD_PRICES@DF_PRICES_ALL(1.0),,I,GRC,,Q,,N,,CPI,,PA,,_T,,N,,GY,,2010-Q3,,5.533818,,A,,,,,,,,2,
DATAFLOW,OECD.SDD.TPS:DSD_PRICES@DF_PRICES_ALL(1.0),,I,GRC,,Q,,N,,CPI,,PA,,_T,,N,,GY,,2010-Q4,,5.099495,,A,,,,,,,,2,
DATAFLOW,OECD.SDD.TPS:DSD_PRICES@DF_PRICES_ALL(1.0),,I,GRC,,Q,,N,,CPI,,PA,,_T,,N,,GY,,2011-Q1,,4.694943,,A,,,,,,,,2,
DATAFLOW,OECD.SDD.TPS:DSD_PRICES@DF_PRICES_ALL(1.0),,I,GRC,,Q,,N,,CPI,,PA,,_T,,N,,GY,,2011-Q2,,3.517975,,A,,,,,,,,2,
DATAFLOW,OECD.SDD.TPS:DSD_PRICES@DF_PRICES_ALL(1.0),,I,GRC,,Q,,N,,CPI,,PA,,_T,,N,,GY,,2011-Q3,,2.377854,,A,,,,,,,,2,
DATAFLOW,OECD.SDD.TPS:DSD_PRICES@DF_PRICES_ALL(1.0),,I,GRC,,Q,,N,,CPI,,PA,,_T,,N,,GY,,2011-Q4,,2.780465,,A,,,,,,,,2,
DATAFLOW,OECD.SDD.TPS:DSD_PRICES@DF_PRICES_ALL(1.0),,I,GRC,,Q,,N,,CPI,,PA,,_T,,N,,GY,,2012-Q1,,2.028525,,A,,,,,,,,2,
DATAFLOW,OECD.SDD.TPS:DSD_PRICES@DF_PRICES_ALL(1.0),,I,GRC,,Q,,N,,CPI,,PA,,_T,,N,,GY,,2012-Q2,,1.532223,,A,,,,,,,,2,
DATAFLOW,OECD.SDD.TPS:DSD_PRICES@DF_PRICES_ALL(1.0),,I,GRC,,Q,,N,,CPI,,PA,,_T,,N,,GY,,2012-Q3,,1.323688,,A,,,,,,,,2,
DATAFLOW,OECD.SDD.TPS:DSD_PRICES@DF_PRICES_ALL(1.0),,I,GRC,,Q,,N,,CPI,,PA,,_T,,N,,GY,,2012-Q4,,1.133616,,A,,,,,,,,2,
DATAFLOW,OECD.SDD.TPS:DSD_PRICES@DF_PRICES_ALL(1.0),,I,GRC,,Q,,N,,CPI,,PA,,_T,,N,,GY,,2013-Q1,,0.02131012,,A,,,,,,,,2,
DATAFLOW,OECD.SDD.TPS:DSD_PRICES@DF_PRICES_ALL(1.0),,I,GRC,,Q,,N,,CPI,,PA,,_T,,N,,GY,,2013-Q2,,-0.4754772,,A,,,,,,,,2,
DATAFLOW,OECD.SDD.TPS:DSD_PRICES@DF_PRICES_ALL(1.0),,I,GRC,,Q,,N,,CPI,,PA,,_T,,N,,GY,,2013-Q3,,-1.029056,,A,,,,,,,,2,
DATAFLOW,OECD.SDD.TPS:DSD_PRICES@DF_PRICES_ALL(1.0),,I,GRC,,Q,,N,,CPI,,PA,,_T,,N,,GY,,2013-Q4,,-2.184081,,A,,,,,,,,2,
DATAFLOW,OECD.SDD.TPS:DSD_PRICES@DF_PRICES_ALL(1.0),,I,GRC,,Q,,N,,CPI,,PA,,_T,,N,,GY,,2014-Q1,,-1.323626,,A,,,,,,,,2,
DATAFLOW,OECD.SDD.TPS:DSD_PRICES@DF_PRICES_ALL(1.0),,I,GRC,,Q,,N,,CPI,,PA,,_T,,N,,GY,,2014-Q2,,-1.466623,,A,,,,,,,,2,
DATAFLOW,OECD.SDD.TPS:DSD_PRICES@DF_PRICES_ALL(1.0),,I,GRC,,Q,,N,,CPI,,PA,,_T,,N,,GY,,2014-Q3,,-0.6079921,,A,,,,,,,,2,
DATAFLOW,OECD.SDD.TPS:DSD_PRICES@DF_PRICES_ALL(1.0),,I,GRC,,Q,,N,,CPI,,PA,,_T,,N,,GY,,2014-Q4,,-1.84468,,A,,,,,,,,2,
DATAFLOW,OECD.SDD.TPS:DSD_PRICES@DF_PRICES_ALL(1.0),,I,GRC,,Q,,N,,CPI,,PA,,_T,,N,,GY,,2015-Q1,,-2.379669,,A,,,,,,,,2,
DATAFLOW,OECD.SDD.TPS:DSD_PRICES@DF_PRICES_ALL(1.0),,I,GRC,,Q,,N,,CPI,,PA,,_T,,N,,GY,,2015-Q2,,-2.137337,,A,,,,,,,,2,
DATAFLOW,OECD.SDD.TPS:DSD_PRICES@DF_PRICES_ALL(1.0),,I,GRC,,Q,,N,,CPI,,PA,,_T,,N,,GY,,2015-Q3,,-1.803826,,A,,,,,,,,2,
DATAFLOW,OECD.SDD.TPS:DSD_PRICES@DF_PRICES_ALL(1.0),,I,GRC,,Q,,N,,CPI,,PA,,_T,,N,,GY,,2015-Q4,,-0.6095703,,A,,,,,,,,2,
DATAFLOW,OECD.SDD.TPS:DSD_PRICES@DF_PRICES_ALL(1.0),,I,GRC,,Q,,N,,CPI,,PA,,_T,,N,,GY,,2016-Q1,,-0.921155,,A,,,,,,,,2,
DATAFLOW,OECD.SDD.TPS:DSD_PRICES@DF_PRICES_ALL(1.0),,I,GRC,,Q,,N,,CPI,,PA,,_T,,N,,GY,,2016-Q2,,-0.9464353,,A,,,,,,,,2,
DATAFLOW,OECD.SDD.TPS:DSD_PRICES@DF_PRICES_ALL(1.0),,I,GRC,,Q,,N,,CPI,,PA,,_T,,N,,GY,,2016-Q3,,-0.9870059,,A,,,,,,,,2,
DATAFLOW,OECD.SDD.TPS:DSD_PRICES@DF_PRICES_ALL(1.0),,I,GRC,,Q,,N,,CPI,,PA,,_T,,N,,GY,,2016-Q4,,-0.44929,,A,,,,,,,,2,
DATAFLOW,OECD.SDD.TPS:DSD_PRICES@DF_PRICES_ALL(1.0),,I,GRC,,Q,,N,,CPI,,PA,,_T,,N,,GY,,2017-Q1,,1.403455,,A,,,,,,,,2,
DATAFLOW,OECD.SDD.TPS:DSD_PRICES@DF_PRICES_ALL(1.0),,I,GRC,,Q,,N,,CPI,,PA,,_T,,N,,GY,,2017-Q2,,1.283432,,A,,,,,,,,2,
DATAFLOW,OECD.SDD.TPS:DSD_PRICES@DF_PRICES_ALL(1.0),,I,GRC,,Q,,N,,CPI,,PA,,_T,,N,,GY,,2017-Q3,,0.9657387,,A,,,,,,,,2,
DATAFLOW,OECD.SDD.TPS:DSD_PRICES@DF_PRICES_ALL(1.0),,I,GRC,,Q,,N,,CPI,,PA,,_T,,N,,GY,,2017-Q4,,0.8353019,,A,,,,,,,,2,
DATAFLOW,OECD.SDD.TPS:DSD_PRICES@DF_PRICES_ALL(1.0),,I,GRC,,Q,,N,,CPI,,PA,,_T,,N,,GY,,2018-Q1,,-0.1172751,,A,,,,,,,,2,
DATAFLOW,OECD.SDD.TPS:DSD_PRICES@DF_PRICES_ALL(1.0),,I,GRC,,Q,,N,,CPI,,PA,,_T,,N,,GY,,2018-Q2,,0.5376068,,A,,,,,,,,2,
DATAFLOW,OECD.SDD.TPS:DSD_PRICES@DF_PRICES_ALL(1.0),,I,GRC,,Q,,N,,CPI,,PA,,_T,,N,,GY,,2018-Q3,,0.9713805,,A,,,,,,,,2,
DATAFLOW,OECD.SDD.TPS:DSD_PRICES@DF_PRICES_ALL(1.0),,I,GRC,,Q,,N,,CPI,,PA,,_T,,N,,GY,,2018-Q4,,1.10688,,A,,,,,,,,2,
DATAFLOW,OECD.SDD.TPS:DSD_PRICES@DF_PRICES_ALL(1.0),,I,GRC,,Q,,N,,CPI,,PA,,_T,,N,,GY,,2019-Q1,,0.6687329,,A,,,,,,,,2,
DATAFLOW,OECD.SDD.TPS:DSD_PRICES@DF_PRICES_ALL(1.0),,I,GRC,,Q,,N,,CPI,,PA,,_T,,N,,GY,,2019-Q2,,0.3220204,,A,,,,,,,,2,
DATAFLOW,OECD.SDD.TPS:DSD_PRICES@DF_PRICES_ALL(1.0),,I,GRC,,Q,,N,,CPI,,PA,,_T,,N,,GY,,2019-Q3,,-0.06599567,,A,,,,,,,,2,
DATAFLOW,OECD.SDD.TPS:DSD_PRICES@DF_PRICES_ALL(1.0),,I,GRC,,Q,,N,,CPI,,PA,,_T,,N,,GY,,2019-Q4,,0.09317476,,A,,,,,,,,2,
DATAFLOW,OECD.SDD.TPS:DSD_PRICES@DF_PRICES_ALL(1.0),,I,GRC,,Q,,N,,CPI,,PA,,_T,,N,,GY,,2020-Q1,,0.3604815,,A,,,,,,,,2,
DATAFLOW,OECD.SDD.TPS:DSD_PRICES@DF_PRICES_ALL(1.0),,I,GRC,,Q,,N,,CPI,,PA,,_T,,N,,GY,,2020-Q2,,-1.38277,,A,,,,,,,,2,
DATAFLOW,OECD.SDD.TPS:DSD_PRICES@DF_PRICES_ALL(1.0),,I,GRC,,Q,,N,,CPI,,PA,,_T,,N,,GY,,2020-Q3,,-1.9002,,A,,,,,,,,2,
DATAFLOW,OECD.SDD.TPS:DSD_PRICES@DF_PRICES_ALL(1.0),,I,GRC,,Q,,N,,CPI,,PA,,_T,,N,,GY,,2020-Q4,,-2.051077,,A,,,,,,,,2,
DATAFLOW,OECD.SDD.TPS:DSD_PRICES@DF_PRICES_ALL(1.0),,I,GRC,,Q,,N,,CPI,,PA,,_T,,N,,GY,,2021-Q1,,-1.623779,,A,,,,,,,,2,
DATAFLOW,OECD.SDD.TPS:DSD_PRICES@DF_PRICES_ALL(1.0),,I,GRC,,Q,,N,,CPI,,PA,,_T,,N,,GY,,2021-Q2,,0.2910405,,A,,,,,,,,2,
DATAFLOW,OECD.SDD.TPS:DSD_PRICES@DF_PRICES_ALL(1.0),,I,GRC,,Q,,N,,CPI,,PA,,_T,,N,,GY,,2021-Q3,,1.815497,,A,,,,,,,,2,
DATAFLOW,OECD.SDD.TPS:DSD_PRICES@DF_PRICES_ALL(1.0),,I,GRC,,Q,,N,,CPI,,PA,,_T,,N,,GY,,2021-Q4,,4.448262,,A,,,,,,,,2,
DATAFLOW,OECD.SDD.TPS:DSD_PRICES@DF_PRICES_ALL(1.0),,I,GRC,,Q,,N,,CPI,,PA,,_T,,N,,GY,,2022-Q1,,7.444375,,A,,,,,,,,2,
DATAFLOW,OECD.SDD.TPS:DSD_PRICES@DF_PRICES_ALL(1.0),,I,GRC,,Q,,N,,CPI,,PA,,_T,,N,,GY,,2022-Q2,,11.20007,,A,,,,,,,,2,
DATAFLOW,OECD.SDD.TPS:DSD_PRICES@DF_PRICES_ALL(1.0),,I,GRC,,Q,,N,,CPI,,PA,,_T,,N,,GY,,2022-Q3,,11.67555,,A,,,,,,,,2,
DATAFLOW,OECD.SDD.TPS:DSD_PRICES@DF_PRICES_ALL(1.0),,I,GRC,,Q,,N,,CPI,,PA,,_T,,N,,GY,,2022-Q4,,8.272516,,A,,,,,,,,2,
DATAFLOW,OECD.SDD.TPS:DSD_PRICES@DF_PRICES_ALL(1.0),,I,GRC,,Q,,N,,CPI,,PA,,_T,,N,,GY,,2023-Q1,,5.880078,,A,,,,,,,,2,
DATAFLOW,OECD.SDD.TPS:DSD_PRICES@DF_PRICES_ALL(1.0),,I,GRC,,Q,,N,,CPI,,PA,,_T,,N,,GY,,2023-Q2,,2.521816,,A,,,,,,,,2,
DATAFLOW,OECD.SDD.TPS:DSD_PRICES@DF_PRICES_ALL(1.0),,I,GRC,,Q,,N,,CPI,,PA,,_T,,N,,GY,,2023-Q3,,2.275163,,A,,,,,,,,2,
DATAFLOW,OECD.SDD.TPS:DSD_PRICES@DF_PRICES_ALL(1.0),,I,GRC,,Q,,N,,CPI,,PA,,_T,,N,,GY,,2023-Q4,,3.309463,,A,,,,,,,,2,
DATAFLOW,OECD.SDD.TPS:DSD_PRICES@DF_PRICES_ALL(1.0),,I,GRC,,Q,,N,,CPI,,PA,,_T,,N,,GY,,2024-Q1,,3.093905,,A,,,,,,,,2,
DATAFLOW,OECD.SDD.TPS:DSD_PRICES@DF_PRICES_ALL(1.0),,I,GRC,,Q,,N,,CPI,,PA,,_T,,N,,GY,,2024-Q2,,2.571956,,A,,,,,,,,2,
DATAFLOW,OECD.SDD.TPS:DSD_PRICES@DF_PRICES_ALL(1.0),,I,GRC,,Q,,N,,CPI,,PA,,_T,,N,,GY,,2024-Q3,,2.873105,,A,,,,,,,,2,
DATAFLOW,OECD.SDD.TPS:DSD_PRICES@DF_PRICES_ALL(1.0),,I,GRC,,Q,,N,,CPI,,PA,,_T,,N,,GY,,2024-Q4,,2.438586,,A,,,,,,,,2,
DATAFLOW,OECD.SDD.TPS:DSD_PRICES@DF_PRICES_ALL(1.0),,I,GRC,,Q,,N,,CPI,,PA,,_T,,N,,GY,,2025-Q1,,2.569196,,A,,,,,,,,2,
DATAFLOW,OECD.SDD.TPS:DSD_PRICES@DF_PRICES_ALL(1.0),,I,GRC,,Q,,N,,CPI,,PA,,_T,,N,,GY,,2025-Q2,,2.401836,,A,,,,,,,,2,
DATAFLOW,OECD.SDD.TPS:DSD_PRICES@DF_PRICES_ALL(1.0),,I,GRC,,Q,,N,,CPI,,PA,,_T,,N,,GY,,2025-Q3,,2.624744,,A,,,,,,,,2,
DATAFLOW,OECD.SDD.TPS:DSD_PRICES@DF_PRICES_ALL(1.0),,I,GRC,,Q,,N,,CPI,,PA,,_T,,N,,GY,,2025-Q4,,2.333622,,A,,,,,,,,2,
DATAFLOW,OECD.SDD.TPS:DSD_PRICES@DF_PRICES_ALL(1.0),,I,ISL,,Q,,N,,CPI,,PA,,_T,,N,,GY,,1996-Q3,,2.538594,,A,,,,,,,,2,
DATAFLOW,OECD.SDD.TPS:DSD_PRICES@DF_PRICES_ALL(1.0),,I,ISL,,Q,,N,,CPI,,PA,,_T,,N,,GY,,1996-Q4,,2.182066,,A,,,,,,,,2,
DATAFLOW,OECD.SDD.TPS:DSD_PRICES@DF_PRICES_ALL(1.0),,I,ISL,,Q,,N,,CPI,,PA,,_T,,N,,GY,,1997-Q1,,1.832994,,A,,,,,,,,2,
DATAFLOW,OECD.SDD.TPS:DSD_PRICES@DF_PRICES_ALL(1.0),,I,ISL,,Q,,N,,CPI,,PA,,_T,,N,,GY,,1997-Q2,,1.854349,,A,,,,,,,,2,
DATAFLOW,OECD.SDD.TPS:DSD_PRICES@DF_PRICES_ALL(1.0),,I,ISL,,Q,,N,,CPI,,PA,,_T,,N,,GY,,1997-Q3,,1.6728,,A,,,,,,,,2,
DATAFLOW,OECD.SDD.TPS:DSD_PRICES@DF_PRICES_ALL(1.0),,I,ISL,,Q,,N,,CPI,,PA,,_T,,N,,GY,,1997-Q4,,1.901902,,A,,,,,,,,2,
DATAFLOW,OECD.SDD.TPS:DSD_PRICES@DF_PRICES_ALL(1.0),,I,ISL,,Q,,N,,CPI,,PA,,_T,,N,,GY,,1998-Q1,,2.2,,A,,,,,,,,2,
DATAFLOW,OECD.SDD.TPS:DSD_PRICES@DF_PRICES_ALL(1.0),,I,ISL,,Q,,N,,CPI,,PA,,_T,,N,,GY,,1998-Q2,,2.118504,,A,,,,,,,,2,
DATAFLOW,OECD.SDD.TPS:DSD_PRICES@DF_PRICES_ALL(1.0),,I,ISL,,Q,,N,,CPI,,PA,,_T,,N,,GY,,1998-Q3,,1.1846,,A,,,,,,,,2,
DATAFLOW,OECD.SDD.TPS:DSD_PRICES@DF_PRICES_ALL(1.0),,I,ISL,,Q,,N,,CPI,,PA,,_T,,N,,GY,,1998-Q4,,1.146038,,A,,,,,,,,2,
DATAFLOW,OECD.SDD.TPS:DSD_PRICES@DF_PRICES_ALL(1.0),,I,ISL,,Q,,N,,CPI,,PA,,_T,,N,,GY,,1999-Q1,,1.369863,,A,,,,,,,,2,
DATAFLOW,OECD.SDD.TPS:DSD_PRICES@DF_PRICES_ALL(1.0),,I,ISL,,Q,,N,,CPI,,PA,,_T,,N,,GY,,1999-Q2,,2.171799,,A,,,,,,,,2,
DATAFLOW,OECD.SDD.TPS:DSD_PRICES@DF_PRICES_ALL(1.0),,I,ISL,,Q,,N,,CPI,,PA,,_T,,N,,GY,,1999-Q3,,4.097561,,A,,,,,,,,2,
DATAFLOW,OECD.SDD.TPS:DSD_PRICES@DF_PRICES_ALL(1.0),,I,ISL,,Q,,N,,CPI,,PA,,_T,,N,,GY,,1999-Q4,,5.276789,,A,,,,,,,,2,
DATAFLOW,OECD.SDD.TPS:DSD_PRICES@DF_PRICES_ALL(1.0),,I,ISL,,Q,,N,,CPI,,PA,,_T,,N,,GY,,2000-Q1,,5.759331,,A,,,,,,,,2,
DATAFLOW,OECD.SDD.TPS:DSD_PRICES@DF_PRICES_ALL(1.0),,I,ISL,,Q,,N,,CPI,,PA,,_T,,N,,GY,,2000-Q2,,5.742386,,A,,,,,,,,2,
DATAFLOW,OECD.SDD.TPS:DSD_PRICES@DF_PRICES_ALL(1.0),,I,ISL,,Q,,N,,CPI,,PA,,_T,,N,,GY,,2000-Q3,,4.748516,,A,,,,,,,,2,
DATAFLOW,OECD.SDD.TPS:DSD_PRICES@DF_PRICES_ALL(1.0),,I,ISL,,Q,,N,,CPI,,PA,,_T,,N,,GY,,2000-Q4,,4.335793,,A,,,,,,,,2,
DATAFLOW,OECD.SDD.TPS:DSD_PRICES@DF_PRICES_ALL(1.0),,I,ISL,,Q,,N,,CPI,,PA,,_T,,N,,GY,,2001-Q1,,3.80286,,A,,,,,,,,2,
DATAFLOW,OECD.SDD.TPS:DSD_PRICES@DF_PRICES_ALL(1.0),,I,ISL,,Q,,N,,CPI,,PA,,_T,,N,,GY,,2001-Q2,,5.610561,,A,,,,,,,,2,
DATAFLOW,OECD.SDD.TPS:DSD_PRICES@DF_PRICES_ALL(1.0),,I,ISL,,Q,,N,,CPI,,PA,,_T,,N,,GY,,2001-Q3,,7.857295,,A,,,,,,,,2,
DATAFLOW,OECD.SDD.TPS:DSD_PRICES@DF_PRICES_ALL(1.0),,I,ISL,,Q,,N,,CPI,,PA,,_T,,N,,GY,,2001-Q4,,8.271401,,A,,,,,,,,2,
DATAFLOW,OECD.SDD.TPS:DSD_PRICES@DF_PRICES_ALL(1.0),,I,ISL,,Q,,N,,CPI,,PA,,_T,,N,,GY,,2002-Q1,,9.095311,,A,,,,,,,,2,
DATAFLOW,OECD.SDD.TPS:DSD_PRICES@DF_PRICES_ALL(1.0),,I,ISL,,Q,,N,,CPI,,PA,,_T,,N,,GY,,2002-Q2,,6.088045,,A,,,,,,,,2,
DATAFLOW,OECD.SDD.TPS:DSD_PRICES@DF_PRICES_ALL(1.0),,I,ISL,,Q,,N,,CPI,,PA,,_T,,N,,GY,,2002-Q3,,3.454378,,A,,,,,,,,2,
DATAFLOW,OECD.SDD.TPS:DSD_PRICES@DF_PRICES_ALL(1.0),,I,ISL,,Q,,N,,CPI,,PA,,_T,,N,,GY,,2002-Q4,,2.438142,,A,,,,,,,,2,
DATAFLOW,OECD.SDD.TPS:DSD_PRICES@DF_PRICES_ALL(1.0),,I,ISL,,Q,,N,,CPI,,PA,,_T,,N,,GY,,2003-Q1,,1.704577,,A,,,,,,,,2,
DATAFLOW,OECD.SDD.TPS:DSD_PRICES@DF_PRICES_ALL(1.0),,I,ISL,,Q,,N,,CPI,,PA,,_T,,N,,GY,,2003-Q2,,2.080734,,A,,,,,,,,2,
DATAFLOW,OECD.SDD.TPS:DSD_PRICES@DF_PRICES_ALL(1.0),,I,ISL,,Q,,N,,CPI,,PA,,_T,,N,,GY,,2003-Q3,,1.940964,,A,,,,,,,,2,
DATAFLOW,OECD.SDD.TPS:DSD_PRICES@DF_PRICES_ALL(1.0),,I,ISL,,Q,,N,,CPI,,PA,,_T,,N,,GY,,2003-Q4,,2.492085,,A,,,,,,,,2,
DATAFLOW,OECD.SDD.TPS:DSD_PRICES@DF_PRICES_ALL(1.0),,I,ISL,,Q,,N,,CPI,,PA,,_T,,N,,GY,,2004-Q1,,2.145342,,A,,,,,,,,2,
DATAFLOW,OECD.SDD.TPS:DSD_PRICES@DF_PRICES_ALL(1.0),,I,ISL,,Q,,N,,CPI,,PA,,_T,,N,,GY,,2004-Q2,,3.147954,,A,,,,,,,,2,
DATAFLOW,OECD.SDD.TPS:DSD_PRICES@DF_PRICES_ALL(1.0),,I,ISL,,Q,,N,,CPI,,PA,,_T,,N,,GY,,2004-Q3,,3.56581,,A,,,,,,,,2,
DATAFLOW,OECD.SDD.TPS:DSD_PRICES@DF_PRICES_ALL(1.0),,I,ISL,,Q,,N,,CPI,,PA,,_T,,N,,GY,,2004-Q4,,3.759398,,A,,,,,,,,2,
DATAFLOW,OECD.SDD.TPS:DSD_PRICES@DF_PRICES_ALL(1.0),,I,ISL,,Q,,N,,CPI,,PA,,_T,,N,,GY,,2005-Q1,,4.370313,,A,,,,,,,,2,
DATAFLOW,OECD.SDD.TPS:DSD_PRICES@DF_PRICES_ALL(1.0),,I,ISL,,Q,,N,,CPI,,PA,,_T,,N,,GY,,2005-Q2,,3.331638,,A,,,,,,,,2,
DATAFLOW,OECD.SDD.TPS:DSD_PRICES@DF_PRICES_ALL(1.0),,I,ISL,,Q,,N,,CPI,,PA,,_T,,N,,GY,,2005-Q3,,3.924051,,A,,,,,,,,2,
DATAFLOW,OECD.SDD.TPS:DSD_PRICES@DF_PRICES_ALL(1.0),,I,ISL,,Q,,N,,CPI,,PA,,_T,,N,,GY,,2005-Q4,,4.322839,,A,,,,,,,,2,
DATAFLOW,OECD.SDD.TPS:DSD_PRICES@DF_PRICES_ALL(1.0),,I,ISL,,Q,,N,,CPI,,PA,,_T,,N,,GY,,2006-Q1,,4.311199,,A,,,,,,,,2,
DATAFLOW,OECD.SDD.TPS:DSD_PRICES@DF_PRICES_ALL(1.0),,I,ISL,,Q,,N,,CPI,,PA,,_T,,N,,GY,,2006-Q2,,7.039134,,A,,,,,,,,2,
DATAFLOW,OECD.SDD.TPS:DSD_PRICES@DF_PRICES_ALL(1.0),,I,ISL,,Q,,N,,CPI,,PA,,_T,,N,,GY,,2006-Q3,,8.191858,,A,,,,,,,,2,
DATAFLOW,OECD.SDD.TPS:DSD_PRICES@DF_PRICES_ALL(1.0),,I,ISL,,Q,,N,,CPI,,PA,,_T,,N,,GY,,2006-Q4,,7.161677,,A,,,,,,,,2,
DATAFLOW,OECD.SDD.TPS:DSD_PRICES@DF_PRICES_ALL(1.0),,I,ISL,,Q,,N,,CPI,,PA,,_T,,N,,GY,,2007-Q1,,6.698337,,A,,,,,,,,2,
DATAFLOW,OECD.SDD.TPS:DSD_PRICES@DF_PRICES_ALL(1.0),,I,ISL,,Q,,N,,CPI,,PA,,_T,,N,,GY,,2007-Q2,,4.621752,,A,,,,,,,,2,
DATAFLOW,OECD.SDD.TPS:DSD_PRICES@DF_PRICES_ALL(1.0),,I,ISL,,Q,,N,,CPI,,PA,,_T,,N,,GY,,2007-Q3,,3.799003,,A,,,,,,,,2,
DATAFLOW,OECD.SDD.TPS:DSD_PRICES@DF_PRICES_ALL(1.0),,I,ISL,,Q,,N,,CPI,,PA,,_T,,N,,GY,,2007-Q4,,5.163165,,A,,,,,,,,2,
DATAFLOW,OECD.SDD.TPS:DSD_PRICES@DF_PRICES_ALL(1.0),,I,ISL,,Q,,N,,CPI,,PA,,_T,,N,,GY,,2008-Q1,,7.146209,,A,,,,,,,,2,
DATAFLOW,OECD.SDD.TPS:DSD_PRICES@DF_PRICES_ALL(1.0),,I,ISL,,Q,,N,,CPI,,PA,,_T,,N,,GY,,2008-Q2,,12.27424,,A,,,,,,,,2,
DATAFLOW,OECD.SDD.TPS:DSD_PRICES@DF_PRICES_ALL(1.0),,I,ISL,,Q,,N,,CPI,,PA,,_T,,N,,GY,,2008-Q3,,14.04719,,A,,,,,,,,2,
DATAFLOW,OECD.SDD.TPS:DSD_PRICES@DF_PRICES_ALL(1.0),,I,ISL,,Q,,N,,CPI,,PA,,_T,,N,,GY,,2008-Q4,,17.07227,,A,,,,,,,,2,
DATAFLOW,OECD.SDD.TPS:DSD_PRICES@DF_PRICES_ALL(1.0),,I,ISL,,Q,,N,,CPI,,PA,,_T,,N,,GY,,2009-Q1,,17.0838,,A,,,,,,,,2,
DATAFLOW,OECD.SDD.TPS:DSD_PRICES@DF_PRICES_ALL(1.0),,I,ISL,,Q,,N,,CPI,,PA,,_T,,N,,GY,,2009-Q2,,11.91072,,A,,,,,,,,2,
DATAFLOW,OECD.SDD.TPS:DSD_PRICES@DF_PRICES_ALL(1.0),,I,ISL,,Q,,N,,CPI,,PA,,_T,,N,,GY,,2009-Q3,,11.00729,,A,,,,,,,,2,
DATAFLOW,OECD.SDD.TPS:DSD_PRICES@DF_PRICES_ALL(1.0),,I,ISL,,Q,,N,,CPI,,PA,,_T,,N,,GY,,2009-Q4,,8.599912,,A,,,,,,,,2,
DATAFLOW,OECD.SDD.TPS:DSD_PRICES@DF_PRICES_ALL(1.0),,I,ISL,,Q,,N,,CPI,,PA,,_T,,N,,GY,,2010-Q1,,7.445779,,A,,,,,,,,2,
DATAFLOW,OECD.SDD.TPS:DSD_PRICES@DF_PRICES_ALL(1.0),,I,ISL,,Q,,N,,CPI,,PA,,_T,,N,,GY,,2010-Q2,,7.145175,,A,,,,,,,,2,
DATAFLOW,OECD.SDD.TPS:DSD_PRICES@DF_PRICES_ALL(1.0),,I,ISL,,Q,,N,,CPI,,PA,,_T,,N,,GY,,2010-Q3,,4.354848,,A,,,,,,,,2,
DATAFLOW,OECD.SDD.TPS:DSD_PRICES@DF_PRICES_ALL(1.0),,I,ISL,,Q,,N,,CPI,,PA,,_T,,N,,GY,,2010-Q4,,2.811974,,A,,,,,,,,2,
DATAFLOW,OECD.SDD.TPS:DSD_PRICES@DF_PRICES_ALL(1.0),,I,ISL,,Q,,N,,CPI,,PA,,_T,,N,,GY,,2011-Q1,,2.006942,,A,,,,,,,,2,
DATAFLOW,OECD.SDD.TPS:DSD_PRICES@DF_PRICES_ALL(1.0),,I,ISL,,Q,,N,,CPI,,PA,,_T,,N,,GY,,2011-Q2,,3.477464,,A,,,,,,,,2,
DATAFLOW,OECD.SDD.TPS:DSD_PRICES@DF_PRICES_ALL(1.0),,I,ISL,,Q,,N,,CPI,,PA,,_T,,N,,GY,,2011-Q3,,5.256404,,A,,,,,,,,2,
DATAFLOW,OECD.SDD.TPS:DSD_PRICES@DF_PRICES_ALL(1.0),,I,ISL,,Q,,N,,CPI,,PA,,_T,,N,,GY,,2011-Q4,,5.242468,,A,,,,,,,,2,
DATAFLOW,OECD.SDD.TPS:DSD_PRICES@DF_PRICES_ALL(1.0),,I,ISL,,Q,,N,,CPI,,PA,,_T,,N,,GY,,2012-Q1,,6.431287,,A,,,,,,,,2,
DATAFLOW,OECD.SDD.TPS:DSD_PRICES@DF_PRICES_ALL(1.0),,I,ISL,,Q,,N,,CPI,,PA,,_T,,N,,GY,,2012-Q2,,5.757983,,A,,,,,,,,2,
DATAFLOW,OECD.SDD.TPS:DSD_PRICES@DF_PRICES_ALL(1.0),,I,ISL,,Q,,N,,CPI,,PA,,_T,,N,,GY,,2012-Q3,,4.310263,,A,,,,,,,,2,
DATAFLOW,OECD.SDD.TPS:DSD_PRICES@DF_PRICES_ALL(1.0),,I,ISL,,Q,,N,,CPI,,PA,,_T,,N,,GY,,2012-Q4,,4.304537,,A,,,,,,,,2,
DATAFLOW,OECD.SDD.TPS:DSD_PRICES@DF_PRICES_ALL(1.0),,I,ISL,,Q,,N,,CPI,,PA,,_T,,N,,GY,,2013-Q1,,4.325839,,A,,,,,,,,2,
DATAFLOW,OECD.SDD.TPS:DSD_PRICES@DF_PRICES_ALL(1.0),,I,ISL,,Q,,N,,CPI,,PA,,_T,,N,,GY,,2013-Q2,,3.335204,,A,,,,,,,,2,
DATAFLOW,OECD.SDD.TPS:DSD_PRICES@DF_PRICES_ALL(1.0),,I,ISL,,Q,,N,,CPI,,PA,,_T,,N,,GY,,2013-Q3,,4.025525,,A,,,,,,,,2,
DATAFLOW,OECD.SDD.TPS:DSD_PRICES@DF_PRICES_ALL(1.0),,I,ISL,,Q,,N,,CPI,,PA,,_T,,N,,GY,,2013-Q4,,3.812123,,A,,,,,,,,2,
DATAFLOW,OECD.SDD.TPS:DSD_PRICES@DF_PRICES_ALL(1.0),,I,ISL,,Q,,N,,CPI,,PA,,_T,,N,,GY,,2014-Q1,,2.476859,,A,,,,,,,,2,
DATAFLOW,OECD.SDD.TPS:DSD_PRICES@DF_PRICES_ALL(1.0),,I,ISL,,Q,,N,,CPI,,PA,,_T,,N,,GY,,2014-Q2,,2.33336,,A,,,,,,,,2,
DATAFLOW,OECD.SDD.TPS:DSD_PRICES@DF_PRICES_ALL(1.0),,I,ISL,,Q,,N,,CPI,,PA,,_T,,N,,GY,,2014-Q3,,2.126122,,A,,,,,,,,2,
DATAFLOW,OECD.SDD.TPS:DSD_PRICES@DF_PRICES_ALL(1.0),,I,ISL,,Q,,N,,CPI,,PA,,_T,,N,,GY,,2014-Q4,,1.255397,,A,,,,,,,,2,
DATAFLOW,OECD.SDD.TPS:DSD_PRICES@DF_PRICES_ALL(1.0),,I,ISL,,Q,,N,,CPI,,PA,,_T,,N,,GY,,2015-Q1,,1.07115,,A,,,,,,,,2,
DATAFLOW,OECD.SDD.TPS:DSD_PRICES@DF_PRICES_ALL(1.0),,I,ISL,,Q,,N,,CPI,,PA,,_T,,N,,GY,,2015-Q2,,1.535878,,A,,,,,,,,2,
DATAFLOW,OECD.SDD.TPS:DSD_PRICES@DF_PRICES_ALL(1.0),,I,ISL,,Q,,N,,CPI,,PA,,_T,,N,,GY,,2015-Q3,,1.979146,,A,,,,,,,,2,
DATAFLOW,OECD.SDD.TPS:DSD_PRICES@DF_PRICES_ALL(1.0),,I,ISL,,Q,,N,,CPI,,PA,,_T,,N,,GY,,2015-Q4,,1.940145,,A,,,,,,,,2,
DATAFLOW,OECD.SDD.TPS:DSD_PRICES@DF_PRICES_ALL(1.0),,I,ISL,,Q,,N,,CPI,,PA,,_T,,N,,GY,,2016-Q1,,1.940094,,A,,,,,,,,2,
DATAFLOW,OECD.SDD.TPS:DSD_PRICES@DF_PRICES_ALL(1.0),,I,ISL,,Q,,N,,CPI,,PA,,_T,,N,,GY,,2016-Q2,,1.622575,,A,,,,,,,,2,
DATAFLOW,OECD.SDD.TPS:DSD_PRICES@DF_PRICES_ALL(1.0),,I,ISL,,Q,,N,,CPI,,PA,,_T,,N,,GY,,2016-Q3,,1.30964,,A,,,,,,,,2,
DATAFLOW,OECD.SDD.TPS:DSD_PRICES@DF_PRICES_ALL(1.0),,I,ISL,,Q,,N,,CPI,,PA,,_T,,N,,GY,,2016-Q4,,1.919996,,A,,,,,,,,2,
DATAFLOW,OECD.SDD.TPS:DSD_PRICES@DF_PRICES_ALL(1.0),,I,ISL,,Q,,N,,CPI,,PA,,_T,,N,,GY,,2017-Q1,,1.833003,,A,,,,,,,,2,
DATAFLOW,OECD.SDD.TPS:DSD_PRICES@DF_PRICES_ALL(1.0),,I,ISL,,Q,,N,,CPI,,PA,,_T,,N,,GY,,2017-Q2,,1.739693,,A,,,,,,,,2,
DATAFLOW,OECD.SDD.TPS:DSD_PRICES@DF_PRICES_ALL(1.0),,I,ISL,,Q,,N,,CPI,,PA,,_T,,N,,GY,,2017-Q3,,1.647076,,A,,,,,,,,2,
DATAFLOW,OECD.SDD.TPS:DSD_PRICES@DF_PRICES_ALL(1.0),,I,ISL,,Q,,N,,CPI,,PA,,_T,,N,,GY,,2017-Q4,,1.822499,,A,,,,,,,,2,
DATAFLOW,OECD.SDD.TPS:DSD_PRICES@DF_PRICES_ALL(1.0),,I,ISL,,Q,,N,,CPI,,PA,,_T,,N,,GY,,2018-Q1,,2.455168,,A,,,,,,,,2,
DATAFLOW,OECD.SDD.TPS:DSD_PRICES@DF_PRICES_ALL(1.0),,I,ISL,,Q,,N,,CPI,,PA,,_T,,N,,GY,,2018-Q2,,2.29397,,A,,,,,,,,2,
DATAFLOW,OECD.SDD.TPS:DSD_PRICES@DF_PRICES_ALL(1.0),,I,ISL,,Q,,N,,CPI,,PA,,_T,,N,,GY,,2018-Q3,,2.691324,,A,,,,,,,,2,
DATAFLOW,OECD.SDD.TPS:DSD_PRICES@DF_PRICES_ALL(1.0),,I,ISL,,Q,,N,,CPI,,PA,,_T,,N,,GY,,2018-Q4,,3.28377,,A,,,,,,,,2,
DATAFLOW,OECD.SDD.TPS:DSD_PRICES@DF_PRICES_ALL(1.0),,I,ISL,,Q,,N,,CPI,,PA,,_T,,N,,GY,,2019-Q1,,3.10065,,A,,,,,,,,2,
DATAFLOW,OECD.SDD.TPS:DSD_PRICES@DF_PRICES_ALL(1.0),,I,ISL,,Q,,N,,CPI,,PA,,_T,,N,,GY,,2019-Q2,,3.402726,,A,,,,,,,,2,
DATAFLOW,OECD.SDD.TPS:DSD_PRICES@DF_PRICES_ALL(1.0),,I,ISL,,Q,,N,,CPI,,PA,,_T,,N,,GY,,2019-Q3,,3.073686,,A,,,,,,,,2,
DATAFLOW,OECD.SDD.TPS:DSD_PRICES@DF_PRICES_ALL(1.0),,I,ISL,,Q,,N,,CPI,,PA,,_T,,N,,GY,,2019-Q4,,2.4889,,A,,,,,,,,2,
DATAFLOW,OECD.SDD.TPS:DSD_PRICES@DF_PRICES_ALL(1.0),,I,ISL,,Q,,N,,CPI,,PA,,_T,,N,,GY,,2020-Q1,,2.089589,,A,,,,,,,,2,
DATAFLOW,OECD.SDD.TPS:DSD_PRICES@DF_PRICES_ALL(1.0),,I,ISL,,Q,,N,,CPI,,PA,,_T,,N,,GY,,2020-Q2,,2.497999,,A,,,,,,,,2,
DATAFLOW,OECD.SDD.TPS:DSD_PRICES@DF_PRICES_ALL(1.0),,I,ISL,,Q,,N,,CPI,,PA,,_T,,N,,GY,,2020-Q3,,3.242031,,A,,,,,,,,2,
DATAFLOW,OECD.SDD.TPS:DSD_PRICES@DF_PRICES_ALL(1.0),,I,ISL,,Q,,N,,CPI,,PA,,_T,,N,,GY,,2020-Q4,,3.546129,,A,,,,,,,,2,
DATAFLOW,OECD.SDD.TPS:DSD_PRICES@DF_PRICES_ALL(1.0),,I,ISL,,Q,,N,,CPI,,PA,,_T,,N,,GY,,2021-Q1,,4.229271,,A,,,,,,,,2,
DATAFLOW,OECD.SDD.TPS:DSD_PRICES@DF_PRICES_ALL(1.0),,I,ISL,,Q,,N,,CPI,,PA,,_T,,N,,GY,,2021-Q2,,4.412032,,A,,,,,,,,2,
DATAFLOW,OECD.SDD.TPS:DSD_PRICES@DF_PRICES_ALL(1.0),,I,ISL,,Q,,N,,CPI,,PA,,_T,,N,,GY,,2021-Q3,,4.295227,,A,,,,,,,,2,
DATAFLOW,OECD.SDD.TPS:DSD_PRICES@DF_PRICES_ALL(1.0),,I,ISL,,Q,,N,,CPI,,PA,,_T,,N,,GY,,2021-Q4,,4.831192,,A,,,,,,,,2,
DATAFLOW,OECD.SDD.TPS:DSD_PRICES@DF_PRICES_ALL(1.0),,I,ISL,,Q,,N,,CPI,,PA,,_T,,N,,GY,,2022-Q1,,6.18148,,A,,,,,,,,2,
DATAFLOW,OECD.SDD.TPS:DSD_PRICES@DF_PRICES_ALL(1.0),,I,ISL,,Q,,N,,CPI,,PA,,_T,,N,,GY,,2022-Q2,,7.881452,,A,,,,,,,,2,
DATAFLOW,OECD.SDD.TPS:DSD_PRICES@DF_PRICES_ALL(1.0),,I,ISL,,Q,,N,,CPI,,PA,,_T,,N,,GY,,2022-Q3,,9.666815,,A,,,,,,,,2,
DATAFLOW,OECD.SDD.TPS:DSD_PRICES@DF_PRICES_ALL(1.0),,I,ISL,,Q,,N,,CPI,,PA,,_T,,N,,GY,,2022-Q4,,9.431232,,A,,,,,,,,2,
DATAFLOW,OECD.SDD.TPS:DSD_PRICES@DF_PRICES_ALL(1.0),,I,ISL,,Q,,N,,CPI,,PA,,_T,,N,,GY,,2023-Q1,,9.981892,,A,,,,,,,,2,
DATAFLOW,OECD.SDD.TPS:DSD_PRICES@DF_PRICES_ALL(1.0),,I,ISL,,Q,,N,,CPI,,PA,,_T,,N,,GY,,2023-Q2,,9.406135,,A,,,,,,,,2,
DATAFLOW,OECD.SDD.TPS:DSD_PRICES@DF_PRICES_ALL(1.0),,I,ISL,,Q,,N,,CPI,,PA,,_T,,N,,GY,,2023-Q3,,7.768501,,A,,,,,,,,2,
DATAFLOW,OECD.SDD.TPS:DSD_PRICES@DF_PRICES_ALL(1.0),,I,ISL,,Q,,N,,CPI,,PA,,_T,,N,,GY,,2023-Q4,,7.886285,,A,,,,,,,,2,
DATAFLOW,OECD.SDD.TPS:DSD_PRICES@DF_PRICES_ALL(1.0),,I,ISL,,Q,,N,,CPI,,PA,,_T,,N,,GY,,2024-Q1,,6.687796,,A,,,,,,,,2,
DATAFLOW,OECD.SDD.TPS:DSD_PRICES@DF_PRICES_ALL(1.0),,I,ISL,,Q,,N,,CPI,,PA,,_T,,N,,GY,,2024-Q2,,6.022585,,A,,,,,,,,2,
DATAFLOW,OECD.SDD.TPS:DSD_PRICES@DF_PRICES_ALL(1.0),,I,ISL,,Q,,N,,CPI,,PA,,_T,,N,,GY,,2024-Q3,,5.899109,,A,,,,,,,,2,
DATAFLOW,OECD.SDD.TPS:DSD_PRICES@DF_PRICES_ALL(1.0),,I,ISL,,Q,,N,,CPI,,PA,,_T,,N,,GY,,2024-Q4,,4.863623,,A,,,,,,,,2,
DATAFLOW,OECD.SDD.TPS:DSD_PRICES@DF_PRICES_ALL(1.0),,I,ISL,,Q,,N,,CPI,,PA,,_T,,N,,GY,,2025-Q1,,4.213133,,A,,,,,,,,2,
DATAFLOW,OECD.SDD.TPS:DSD_PRICES@DF_PRICES_ALL(1.0),,I,ISL,,Q,,N,,CPI,,PA,,_T,,N,,GY,,2025-Q2,,4.026753,,A,,,,,,,,2,
DATAFLOW,OECD.SDD.TPS:DSD_PRICES@DF_PRICES_ALL(1.0),,I,ISL,,Q,,N,,CPI,,PA,,_T,,N,,GY,,2025-Q3,,3.960962,,A,,,,,,,,2,
DATAFLOW,OECD.SDD.TPS:DSD_PRICES@DF_PRICES_ALL(1.0),,I,ISL,,Q,,N,,CPI,,PA,,_T,,N,,GY,,2025-Q4,,4.165568,,A,,,,,,,,2,
DATAFLOW,OECD.SDD.TPS:DSD_PRICES@DF_PRICES_ALL(1.0),,I,DNK,,Q,,N,,CPI,,PA,,_T,,N,,GY,,1996-Q3,,2.31805,,A,,,,,,,,2,
DATAFLOW,OECD.SDD.TPS:DSD_PRICES@DF_PRICES_ALL(1.0),,I,DNK,,Q,,N,,CPI,,PA,,_T,,N,,GY,,1996-Q4,,2.372077,,A,,,,,,,,2,
DATAFLOW,OECD.SDD.TPS:DSD_PRICES@DF_PRICES_ALL(1.0),,I,DNK,,Q,,N,,CPI,,PA,,_T,,N,,GY,,1997-Q1,,2.175013,,A,,,,,,,,2,
DATAFLOW,OECD.SDD.TPS:DSD_PRICES@DF_PRICES_ALL(1.0),,I,DNK,,Q,,N,,CPI,,PA,,_T,,N,,GY,,1997-Q2,,2.05308,,A,,,,,,,,2,
DATAFLOW,OECD.SDD.TPS:DSD_PRICES@DF_PRICES_ALL(1.0),,I,DNK,,Q,,N,,CPI,,PA,,_T,,N,,GY,,1997-Q3,,2.365484,,A,,,,,,,,2,
DATAFLOW,OECD.SDD.TPS:DSD_PRICES@DF_PRICES_ALL(1.0),,I,DNK,,Q,,N,,CPI,,PA,,_T,,N,,GY,,1997-Q4,,2.135055,,A,,,,,,,,2,
DATAFLOW,OECD.SDD.TPS:DSD_PRICES@DF_PRICES_ALL(1.0),,I,DNK,,Q,,N,,CPI,,PA,,_T,,N,,GY,,1998-Q1,,2.046205,,A,,,,,,,,2,
DATAFLOW,OECD.SDD.TPS:DSD_PRICES@DF_PRICES_ALL(1.0),,I,DNK,,Q,,N,,CPI,,PA,,_T,,N,,GY,,1998-Q2,,1.979064,,A,,,,,,,,2,
DATAFLOW,OECD.SDD.TPS:DSD_PRICES@DF_PRICES_ALL(1.0),,I,DNK,,Q,,N,,CPI,,PA,,_T,,N,,GY,,1998-Q3,,1.67616,,A,,,,,,,,2,
DATAFLOW,OECD.SDD.TPS:DSD_PRICES@DF_PRICES_ALL(1.0),,I,DNK,,Q,,N,,CPI,,PA,,_T,,N,,GY,,1998-Q4,,1.685302,,A,,,,,,,,2,
DATAFLOW,OECD.SDD.TPS:DSD_PRICES@DF_PRICES_ALL(1.0),,I,DNK,,Q,,N,,CPI,,PA,,_T,,N,,GY,,1999-Q1,,2.021345,,A,,,,,,,,2,
DATAFLOW,OECD.SDD.TPS:DSD_PRICES@DF_PRICES_ALL(1.0),,I,DNK,,Q,,N,,CPI,,PA,,_T,,N,,GY,,1999-Q2,,2.277466,,A,,,,,,,,2,
DATAFLOW,OECD.SDD.TPS:DSD_PRICES@DF_PRICES_ALL(1.0),,I,DNK,,Q,,N,,CPI,,PA,,_T,,N,,GY,,1999-Q3,,2.640845,,A,,,,,,,,2,
DATAFLOW,OECD.SDD.TPS:DSD_PRICES@DF_PRICES_ALL(1.0),,I,DNK,,Q,,N,,CPI,,PA,,_T,,N,,GY,,1999-Q4,,3.043825,,A,,,,,,,,2,
DATAFLOW,OECD.SDD.TPS:DSD_PRICES@DF_PRICES_ALL(1.0),,I,DNK,,Q,,N,,CPI,,PA,,_T,,N,,GY,,2000-Q1,,3.132875,,A,,,,,,,,2,
DATAFLOW,OECD.SDD.TPS:DSD_PRICES@DF_PRICES_ALL(1.0),,I,DNK,,Q,,N,,CPI,,PA,,_T,,N,,GY,,2000-Q2,,3.20198,,A,,,,,,,,2,
DATAFLOW,OECD.SDD.TPS:DSD_PRICES@DF_PRICES_ALL(1.0),,I,DNK,,Q,,N,,CPI,,PA,,_T,,N,,GY,,2000-Q3,,2.725199,,A,,,,,,,,2,
DATAFLOW,OECD.SDD.TPS:DSD_PRICES@DF_PRICES_ALL(1.0),,I,DNK,,Q,,N,,CPI,,PA,,_T,,N,,GY,,2000-Q4,,2.561281,,A,,,,,,,,2,
DATAFLOW,OECD.SDD.TPS:DSD_PRICES@DF_PRICES_ALL(1.0),,I,DNK,,Q,,N,,CPI,,PA,,_T,,N,,GY,,2001-Q1,,2.3917,,A,,,,,,,,2,
DATAFLOW,OECD.SDD.TPS:DSD_PRICES@DF_PRICES_ALL(1.0),,I,DNK,,Q,,N,,CPI,,PA,,_T,,N,,GY,,2001-Q2,,2.542764,,A,,,,,,,,2,
DATAFLOW,OECD.SDD.TPS:DSD_PRICES@DF_PRICES_ALL(1.0),,I,DNK,,Q,,N,,CPI,,PA,,_T,,N,,GY,,2001-Q3,,2.396744,,A,,,,,,,,2,
DATAFLOW,OECD.SDD.TPS:DSD_PRICES@DF_PRICES_ALL(1.0),,I,DNK,,Q,,N,,CPI,,PA,,_T,,N,,GY,,2001-Q4,,2.023252,,A,,,,,,,,2,
DATAFLOW,OECD.SDD.TPS:DSD_PRICES@DF_PRICES_ALL(1.0),,I,DNK,,Q,,N,,CPI,,PA,,_T,,N,,GY,,2002-Q1,,2.503237,,A,,,,,,,,2,
DATAFLOW,OECD.SDD.TPS:DSD_PRICES@DF_PRICES_ALL(1.0),,I,DNK,,Q,,N,,CPI,,PA,,_T,,N,,GY,,2002-Q2,,2.258202,,A,,,,,,,,2,
DATAFLOW,OECD.SDD.TPS:DSD_PRICES@DF_PRICES_ALL(1.0),,I,DNK,,Q,,N,,CPI,,PA,,_T,,N,,GY,,2002-Q3,,2.30179,,A,,,,,,,,2,
DATAFLOW,OECD.SDD.TPS:DSD_PRICES@DF_PRICES_ALL(1.0),,I,DNK,,Q,,N,,CPI,,PA,,_T,,N,,GY,,2002-Q4,,2.634934,,A,,,,,,,,2,
DATAFLOW,OECD.SDD.TPS:DSD_PRICES@DF_PRICES_ALL(1.0),,I,DNK,,Q,,N,,CPI,,PA,,_T,,N,,GY,,2003-Q1,,2.736842,,A,,,,,,,,2,
DATAFLOW,OECD.SDD.TPS:DSD_PRICES@DF_PRICES_ALL(1.0),,I,DNK,,Q,,N,,CPI,,PA,,_T,,N,,GY,,2003-Q2,,2.291667,,A,,,,,,,,2,
DATAFLOW,OECD.SDD.TPS:DSD_PRICES@DF_PRICES_ALL(1.0),,I,DNK,,Q,,N,,CPI,,PA,,_T,,N,,GY,,2003-Q3,,1.833333,,A,,,,,,,,2,
DATAFLOW,OECD.SDD.TPS:DSD_PRICES@DF_PRICES_ALL(1.0),,I,DNK,,Q,,N,,CPI,,PA,,_T,,N,,GY,,2003-Q4,,1.449275,,A,,,,,,,,2,
DATAFLOW,OECD.SDD.TPS:DSD_PRICES@DF_PRICES_ALL(1.0),,I,DNK,,Q,,N,,CPI,,PA,,_T,,N,,GY,,2004-Q1,,0.942623,,A,,,,,,,,2,
DATAFLOW,OECD.SDD.TPS:DSD_PRICES@DF_PRICES_ALL(1.0),,I,DNK,,Q,,N,,CPI,,PA,,_T,,N,,GY,,2004-Q2,,1.099796,,A,,,,,,,,2,
DATAFLOW,OECD.SDD.TPS:DSD_PRICES@DF_PRICES_ALL(1.0),,I,DNK,,Q,,N,,CPI,,PA,,_T,,N,,GY,,2004-Q3,,1.186579,,A,,,,,,,,2,
DATAFLOW,OECD.SDD.TPS:DSD_PRICES@DF_PRICES_ALL(1.0),,I,DNK,,Q,,N,,CPI,,PA,,_T,,N,,GY,,2004-Q4,,1.387755,,A,,,,,,,,2,
DATAFLOW,OECD.SDD.TPS:DSD_PRICES@DF_PRICES_ALL(1.0),,I,DNK,,Q,,N,,CPI,,PA,,_T,,N,,GY,,2005-Q1,,1.218027,,A,,,,,,,,2,
DATAFLOW,OECD.SDD.TPS:DSD_PRICES@DF_PRICES_ALL(1.0),,I,DNK,,Q,,N,,CPI,,PA,,_T,,N,,GY,,2005-Q2,,1.692184,,A,,,,,,,,2,
DATAFLOW,OECD.SDD.TPS:DSD_PRICES@DF_PRICES_ALL(1.0),,I,DNK,,Q,,N,,CPI,,PA,,_T,,N,,GY,,2005-Q3,,2.264456,,A,,,,,,,,2,
DATAFLOW,OECD.SDD.TPS:DSD_PRICES@DF_PRICES_ALL(1.0),,I,DNK,,Q,,N,,CPI,,PA,,_T,,N,,GY,,2005-Q4,,2.093398,,A,,,,,,,,2,
DATAFLOW,OECD.SDD.TPS:DSD_PRICES@DF_PRICES_ALL(1.0),,I,DNK,,Q,,N,,CPI,,PA,,_T,,N,,GY,,2006-Q1,,2.08584,,A,,,,,,,,2,
DATAFLOW,OECD.SDD.TPS:DSD_PRICES@DF_PRICES_ALL(1.0),,I,DNK,,Q,,N,,CPI,,PA,,_T,,N,,GY,,2006-Q2,,2.020602,,A,,,,,,,,2,
DATAFLOW,OECD.SDD.TPS:DSD_PRICES@DF_PRICES_ALL(1.0),,I,DNK,,Q,,N,,CPI,,PA,,_T,,N,,GY,,2006-Q3,,1.897983,,A,,,,,,,,2,
DATAFLOW,OECD.SDD.TPS:DSD_PRICES@DF_PRICES_ALL(1.0),,I,DNK,,Q,,N,,CPI,,PA,,_T,,N,,GY,,2006-Q4,,1.695584,,A,,,,,,,,2,
DATAFLOW,OECD.SDD.TPS:DSD_PRICES@DF_PRICES_ALL(1.0),,I,DNK,,Q,,N,,CPI,,PA,,_T,,N,,GY,,2007-Q1,,1.886051,,A,,,,,,,,2,
DATAFLOW,OECD.SDD.TPS:DSD_PRICES@DF_PRICES_ALL(1.0),,I,DNK,,Q,,N,,CPI,,PA,,_T,,N,,GY,,2007-Q2,,1.592233,,A,,,,,,,,2,
DATAFLOW,OECD.SDD.TPS:DSD_PRICES@DF_PRICES_ALL(1.0),,I,DNK,,Q,,N,,CPI,,PA,,_T,,N,,GY,,2007-Q3,,1.12534,,A,,,,,,,,2,
DATAFLOW,OECD.SDD.TPS:DSD_PRICES@DF_PRICES_ALL(1.0),,I,DNK,,Q,,N,,CPI,,PA,,_T,,N,,GY,,2007-Q4,,2.171384,,A,,,,,,,,2,
DATAFLOW,OECD.SDD.TPS:DSD_PRICES@DF_PRICES_ALL(1.0),,I,DNK,,Q,,N,,CPI,,PA,,_T,,N,,GY,,2008-Q1,,3.046664,,A,,,,,,,,2,
DATAFLOW,OECD.SDD.TPS:DSD_PRICES@DF_PRICES_ALL(1.0),,I,DNK,,Q,,N,,CPI,,PA,,_T,,N,,GY,,2008-Q2,,3.516819,,A,,,,,,,,2,
DATAFLOW,OECD.SDD.TPS:DSD_PRICES@DF_PRICES_ALL(1.0),,I,DNK,,Q,,N,,CPI,,PA,,_T,,N,,GY,,2008-Q3,,4.182655,,A,,,,,,,,2,
DATAFLOW,OECD.SDD.TPS:DSD_PRICES@DF_PRICES_ALL(1.0),,I,DNK,,Q,,N,,CPI,,PA,,_T,,N,,GY,,2008-Q4,,2.922201,,A,,,,,,,,2,
DATAFLOW,OECD.SDD.TPS:DSD_PRICES@DF_PRICES_ALL(1.0),,I,DNK,,Q,,N,,CPI,,PA,,_T,,N,,GY,,2009-Q1,,1.758982,,A,,,,,,,,2,
DATAFLOW,OECD.SDD.TPS:DSD_PRICES@DF_PRICES_ALL(1.0),,I,DNK,,Q,,N,,CPI,,PA,,_T,,N,,GY,,2009-Q2,,1.218611,,A,,,,,,,,2,
DATAFLOW,OECD.SDD.TPS:DSD_PRICES@DF_PRICES_ALL(1.0),,I,DNK,,Q,,N,,CPI,,PA,,_T,,N,,GY,,2009-Q3,,0.9944751,,A,,,,,,,,2,
DATAFLOW,OECD.SDD.TPS:DSD_PRICES@DF_PRICES_ALL(1.0),,I,DNK,,Q,,N,,CPI,,PA,,_T,,N,,GY,,2009-Q4,,1.253687,,A,,,,,,,,2,
DATAFLOW,OECD.SDD.TPS:DSD_PRICES@DF_PRICES_ALL(1.0),,I,DNK,,Q,,N,,CPI,,PA,,_T,,N,,GY,,2010-Q1,,2.096359,,A,,,,,,,,2,
DATAFLOW,OECD.SDD.TPS:DSD_PRICES@DF_PRICES_ALL(1.0),,I,DNK,,Q,,N,,CPI,,PA,,_T,,N,,GY,,2010-Q2,,2.188982,,A,,,,,,,,2,
DATAFLOW,OECD.SDD.TPS:DSD_PRICES@DF_PRICES_ALL(1.0),,I,DNK,,Q,,N,,CPI,,PA,,_T,,N,,GY,,2010-Q3,,2.370533,,A,,,,,,,,2,
DATAFLOW,OECD.SDD.TPS:DSD_PRICES@DF_PRICES_ALL(1.0),,I,DNK,,Q,,N,,CPI,,PA,,_T,,N,,GY,,2010-Q4,,2.585579,,A,,,,,,,,2,
DATAFLOW,OECD.SDD.TPS:DSD_PRICES@DF_PRICES_ALL(1.0),,I,DNK,,Q,,N,,CPI,,PA,,_T,,N,,GY,,2011-Q1,,2.701729,,A,,,,,,,,2,
DATAFLOW,OECD.SDD.TPS:DSD_PRICES@DF_PRICES_ALL(1.0),,I,DNK,,Q,,N,,CPI,,PA,,_T,,N,,GY,,2011-Q2,,3.034631,,A,,,,,,,,2,
DATAFLOW,OECD.SDD.TPS:DSD_PRICES@DF_PRICES_ALL(1.0),,I,DNK,,Q,,N,,CPI,,PA,,_T,,N,,GY,,2011-Q3,,2.707517,,A,,,,,,,,2,
DATAFLOW,OECD.SDD.TPS:DSD_PRICES@DF_PRICES_ALL(1.0),,I,DNK,,Q,,N,,CPI,,PA,,_T,,N,,GY,,2011-Q4,,2.591409,,A,,,,,,,,2,
DATAFLOW,OECD.SDD.TPS:DSD_PRICES@DF_PRICES_ALL(1.0),,I,DNK,,Q,,N,,CPI,,PA,,_T,,N,,GY,,2012-Q1,,2.700807,,A,,,,,,,,2,
DATAFLOW,OECD.SDD.TPS:DSD_PRICES@DF_PRICES_ALL(1.0),,I,DNK,,Q,,N,,CPI,,PA,,_T,,N,,GY,,2012-Q2,,2.182952,,A,,,,,,,,2,
DATAFLOW,OECD.SDD.TPS:DSD_PRICES@DF_PRICES_ALL(1.0),,I,DNK,,Q,,N,,CPI,,PA,,_T,,N,,GY,,2012-Q3,,2.462713,,A,,,,,,,,2,
DATAFLOW,OECD.SDD.TPS:DSD_PRICES@DF_PRICES_ALL(1.0),,I,DNK,,Q,,N,,CPI,,PA,,_T,,N,,GY,,2012-Q4,,2.249135,,A,,,,,,,,2,
DATAFLOW,OECD.SDD.TPS:DSD_PRICES@DF_PRICES_ALL(1.0),,I,DNK,,Q,,N,,CPI,,PA,,_T,,N,,GY,,2013-Q1,,1.161202,,A,,,,,,,,2,
DATAFLOW,OECD.SDD.TPS:DSD_PRICES@DF_PRICES_ALL(1.0),,I,DNK,,Q,,N,,CPI,,PA,,_T,,N,,GY,,2013-Q2,,0.847745,,A,,,,,,,,2,
DATAFLOW,OECD.SDD.TPS:DSD_PRICES@DF_PRICES_ALL(1.0),,I,DNK,,Q,,N,,CPI,,PA,,_T,,N,,GY,,2013-Q3,,0.507786,,A,,,,,,,,2,
DATAFLOW,OECD.SDD.TPS:DSD_PRICES@DF_PRICES_ALL(1.0),,I,DNK,,Q,,N,,CPI,,PA,,_T,,N,,GY,,2013-Q4,,0.642978,,A,,,,,,,,2,
DATAFLOW,OECD.SDD.TPS:DSD_PRICES@DF_PRICES_ALL(1.0),,I,DNK,,Q,,N,,CPI,,PA,,_T,,N,,GY,,2014-Q1,,0.6076975,,A,,,,,,,,2,
DATAFLOW,OECD.SDD.TPS:DSD_PRICES@DF_PRICES_ALL(1.0),,I,DNK,,Q,,N,,CPI,,PA,,_T,,N,,GY,,2014-Q2,,0.6052455,,A,,,,,,,,2,
DATAFLOW,OECD.SDD.TPS:DSD_PRICES@DF_PRICES_ALL(1.0),,I,DNK,,Q,,N,,CPI,,PA,,_T,,N,,GY,,2014-Q3,,0.5725834,,A,,,,,,,,2,
DATAFLOW,OECD.SDD.TPS:DSD_PRICES@DF_PRICES_ALL(1.0),,I,DNK,,Q,,N,,CPI,,PA,,_T,,N,,GY,,2014-Q4,,0.4707465,,A,,,,,,,,2,
DATAFLOW,OECD.SDD.TPS:DSD_PRICES@DF_PRICES_ALL(1.0),,I,DNK,,Q,,N,,CPI,,PA,,_T,,N,,GY,,2015-Q1,,0.2684564,,A,,,,,,,,2,
DATAFLOW,OECD.SDD.TPS:DSD_PRICES@DF_PRICES_ALL(1.0),,I,DNK,,Q,,N,,CPI,,PA,,_T,,N,,GY,,2015-Q2,,0.6016043,,A,,,,,,,,2,
DATAFLOW,OECD.SDD.TPS:DSD_PRICES@DF_PRICES_ALL(1.0),,I,DNK,,Q,,N,,CPI,,PA,,_T,,N,,GY,,2015-Q3,,0.6028131,,A,,,,,,,,2,
DATAFLOW,OECD.SDD.TPS:DSD_PRICES@DF_PRICES_ALL(1.0),,I,DNK,,Q,,N,,CPI,,PA,,_T,,N,,GY,,2015-Q4,,0.334672,,A,,,,,,,,2,
DATAFLOW,OECD.SDD.TPS:DSD_PRICES@DF_PRICES_ALL(1.0),,I,DNK,,Q,,N,,CPI,,PA,,_T,,N,,GY,,2016-Q1,,0.3012048,,A,,,,,,,,2,
DATAFLOW,OECD.SDD.TPS:DSD_PRICES@DF_PRICES_ALL(1.0),,I,DNK,,Q,,N,,CPI,,PA,,_T,,N,,GY,,2016-Q2,,0.1328904,,A,,,,,,,,2,
DATAFLOW,OECD.SDD.TPS:DSD_PRICES@DF_PRICES_ALL(1.0),,I,DNK,,Q,,N,,CPI,,PA,,_T,,N,,GY,,2016-Q3,,0.1664447,,A,,,,,,,,2,
DATAFLOW,OECD.SDD.TPS:DSD_PRICES@DF_PRICES_ALL(1.0),,I,DNK,,Q,,N,,CPI,,PA,,_T,,N,,GY,,2016-Q4,,0.4002669,,A,,,,,,,,2,
DATAFLOW,OECD.SDD.TPS:DSD_PRICES@DF_PRICES_ALL(1.0),,I,DNK,,Q,,N,,CPI,,PA,,_T,,N,,GY,,2017-Q1,,0.9676343,,A,,,,,,,,2,
DATAFLOW,OECD.SDD.TPS:DSD_PRICES@DF_PRICES_ALL(1.0),,I,DNK,,Q,,N,,CPI,,PA,,_T,,N,,GY,,2017-Q2,,0.8294625,,A,,,,,,,,2,
DATAFLOW,OECD.SDD.TPS:DSD_PRICES@DF_PRICES_ALL(1.0),,I,DNK,,Q,,N,,CPI,,PA,,_T,,N,,GY,,2017-Q3,,1.528747,,A,,,,,,,,2,
DATAFLOW,OECD.SDD.TPS:DSD_PRICES@DF_PRICES_ALL(1.0),,I,DNK,,Q,,N,,CPI,,PA,,_T,,N,,GY,,2017-Q4,,1.262458,,A,,,,,,,,2,
DATAFLOW,OECD.SDD.TPS:DSD_PRICES@DF_PRICES_ALL(1.0),,I,DNK,,Q,,N,,CPI,,PA,,_T,,N,,GY,,2018-Q1,,0.5948447,,A,,,,,,,,2,
DATAFLOW,OECD.SDD.TPS:DSD_PRICES@DF_PRICES_ALL(1.0),,I,DNK,,Q,,N,,CPI,,PA,,_T,,N,,GY,,2018-Q2,,0.9871668,,A,,,,,,,,2,
DATAFLOW,OECD.SDD.TPS:DSD_PRICES@DF_PRICES_ALL(1.0),,I,DNK,,Q,,N,,CPI,,PA,,_T,,N,,GY,,2018-Q3,,0.883797,,A,,,,,,,,2,
DATAFLOW,OECD.SDD.TPS:DSD_PRICES@DF_PRICES_ALL(1.0),,I,DNK,,Q,,N,,CPI,,PA,,_T,,N,,GY,,2018-Q4,,0.7874016,,A,,,,,,,,2,
DATAFLOW,OECD.SDD.TPS:DSD_PRICES@DF_PRICES_ALL(1.0),,I,DNK,,Q,,N,,CPI,,PA,,_T,,N,,GY,,2019-Q1,,1.182654,,A,,,,,,,,2,
DATAFLOW,OECD.SDD.TPS:DSD_PRICES@DF_PRICES_ALL(1.0),,I,DNK,,Q,,N,,CPI,,PA,,_T,,N,,GY,,2019-Q2,,0.7494298,,A,,,,,,,,2,
DATAFLOW,OECD.SDD.TPS:DSD_PRICES@DF_PRICES_ALL(1.0),,I,DNK,,Q,,N,,CPI,,PA,,_T,,N,,GY,,2019-Q3,,0.421804,,A,,,,,,,,2,
DATAFLOW,OECD.SDD.TPS:DSD_PRICES@DF_PRICES_ALL(1.0),,I,DNK,,Q,,N,,CPI,,PA,,_T,,N,,GY,,2019-Q4,,0.6835938,,A,,,,,,,,2,
DATAFLOW,OECD.SDD.TPS:DSD_PRICES@DF_PRICES_ALL(1.0),,I,DNK,,Q,,N,,CPI,,PA,,_T,,N,,GY,,2020-Q1,,0.6168831,,A,,,,,,,,2,
DATAFLOW,OECD.SDD.TPS:DSD_PRICES@DF_PRICES_ALL(1.0),,I,DNK,,Q,,N,,CPI,,PA,,_T,,N,,GY,,2020-Q2,,0.09702458,,A,,,,,,,,2,
DATAFLOW,OECD.SDD.TPS:DSD_PRICES@DF_PRICES_ALL(1.0),,I,DNK,,Q,,N,,CPI,,PA,,_T,,N,,GY,,2020-Q3,,0.5169628,,A,,,,,,,,2,
DATAFLOW,OECD.SDD.TPS:DSD_PRICES@DF_PRICES_ALL(1.0),,I,DNK,,Q,,N,,CPI,,PA,,_T,,N,,GY,,2020-Q4,,0.452635,,A,,,,,,,,2,
DATAFLOW,OECD.SDD.TPS:DSD_PRICES@DF_PRICES_ALL(1.0),,I,DNK,,Q,,N,,CPI,,PA,,_T,,N,,GY,,2021-Q1,,0.7099064,,A,,,,,,,,2,
DATAFLOW,OECD.SDD.TPS:DSD_PRICES@DF_PRICES_ALL(1.0),,I,DNK,,Q,,N,,CPI,,PA,,_T,,N,,GY,,2021-Q2,,1.647819,,A,,,,,,,,2,
DATAFLOW,OECD.SDD.TPS:DSD_PRICES@DF_PRICES_ALL(1.0),,I,DNK,,Q,,N,,CPI,,PA,,_T,,N,,GY,,2021-Q3,,1.896496,,A,,,,,,,,2,
DATAFLOW,OECD.SDD.TPS:DSD_PRICES@DF_PRICES_ALL(1.0),,I,DNK,,Q,,N,,CPI,,PA,,_T,,N,,GY,,2021-Q4,,3.154168,,A,,,,,,,,2,
DATAFLOW,OECD.SDD.TPS:DSD_PRICES@DF_PRICES_ALL(1.0),,I,DNK,,Q,,N,,CPI,,PA,,_T,,N,,GY,,2022-Q1,,4.838193,,A,,,,,,,,2,
DATAFLOW,OECD.SDD.TPS:DSD_PRICES@DF_PRICES_ALL(1.0),,I,DNK,,Q,,N,,CPI,,PA,,_T,,N,,GY,,2022-Q2,,7.438016,,A,,,,,,,,2,
DATAFLOW,OECD.SDD.TPS:DSD_PRICES@DF_PRICES_ALL(1.0),,I,DNK,,Q,,N,,CPI,,PA,,_T,,N,,GY,,2022-Q3,,9.211356,,A,,,,,,,,2,
DATAFLOW,OECD.SDD.TPS:DSD_PRICES@DF_PRICES_ALL(1.0),,I,DNK,,Q,,N,,CPI,,PA,,_T,,N,,GY,,2022-Q4,,9.235569,,A,,,,,,,,2,
DATAFLOW,OECD.SDD.TPS:DSD_PRICES@DF_PRICES_ALL(1.0),,I,DNK,,Q,,N,,CPI,,PA,,_T,,N,,GY,,2023-Q1,,7.334963,,A,,,,,,,,2,
DATAFLOW,OECD.SDD.TPS:DSD_PRICES@DF_PRICES_ALL(1.0),,I,DNK,,Q,,N,,CPI,,PA,,_T,,N,,GY,,2023-Q2,,3.550296,,A,,,,,,,,2,
DATAFLOW,OECD.SDD.TPS:DSD_PRICES@DF_PRICES_ALL(1.0),,I,DNK,,Q,,N,,CPI,,PA,,_T,,N,,GY,,2023-Q3,,2.137493,,A,,,,,,,,2,
DATAFLOW,OECD.SDD.TPS:DSD_PRICES@DF_PRICES_ALL(1.0),,I,DNK,,Q,,N,,CPI,,PA,,_T,,N,,GY,,2023-Q4,,0.4570123,,A,,,,,,,,2,
DATAFLOW,OECD.SDD.TPS:DSD_PRICES@DF_PRICES_ALL(1.0),,I,DNK,,Q,,N,,CPI,,PA,,_T,,N,,GY,,2024-Q1,,0.9681093,,A,,,,,,,,2,
DATAFLOW,OECD.SDD.TPS:DSD_PRICES@DF_PRICES_ALL(1.0),,I,DNK,,Q,,N,,CPI,,PA,,_T,,N,,GY,,2024-Q2,,1.571429,,A,,,,,,,,2,
DATAFLOW,OECD.SDD.TPS:DSD_PRICES@DF_PRICES_ALL(1.0),,I,DNK,,Q,,N,,CPI,,PA,,_T,,N,,GY,,2024-Q3,,1.244344,,A,,,,,,,,2,
DATAFLOW,OECD.SDD.TPS:DSD_PRICES@DF_PRICES_ALL(1.0),,I,DNK,,Q,,N,,CPI,,PA,,_T,,N,,GY,,2024-Q4,,1.705999,,A,,,,,,,,2,
DATAFLOW,OECD.SDD.TPS:DSD_PRICES@DF_PRICES_ALL(1.0),,I,DNK,,Q,,N,,CPI,,PA,,_T,,N,,GY,,2025-Q1,,1.692047,,A,,,,,,,,2,
DATAFLOW,OECD.SDD.TPS:DSD_PRICES@DF_PRICES_ALL(1.0),,I,DNK,,Q,,N,,CPI,,PA,,_T,,N,,GY,,2025-Q2,,1.659634,,A,,,,,,,,2,
DATAFLOW,OECD.SDD.TPS:DSD_PRICES@DF_PRICES_ALL(1.0),,I,DNK,,Q,,N,,CPI,,PA,,_T,,N,,GY,,2025-Q3,,2.178771,,A,,,,,,,,2,
DATAFLOW,OECD.SDD.TPS:DSD_PRICES@DF_PRICES_ALL(1.0),,I,DNK,,Q,,N,,CPI,,PA,,_T,,N,,GY,,2025-Q4,,2.040816,,A,,,,,,,,2,
DATAFLOW,OECD.SDD.TPS:DSD_PRICES@DF_PRICES_ALL(1.0),,I,ISR,,Q,,N,,CPI,,PA,,_T,,N,,GY,,1996-Q3,,12.30349,,A,,,,,,,,2,
DATAFLOW,OECD.SDD.TPS:DSD_PRICES@DF_PRICES_ALL(1.0),,I,ISR,,Q,,N,,CPI,,PA,,_T,,N,,GY,,1996-Q4,,11.21433,,A,,,,,,,,2,
DATAFLOW,OECD.SDD.TPS:DSD_PRICES@DF_PRICES_ALL(1.0),,I,ISR,,Q,,N,,CPI,,PA,,_T,,N,,GY,,1997-Q1,,10.10947,,A,,,,,,,,2,
DATAFLOW,OECD.SDD.TPS:DSD_PRICES@DF_PRICES_ALL(1.0),,I,ISR,,Q,,N,,CPI,,PA,,_T,,N,,GY,,1997-Q2,,8.477723,,A,,,,,,,,2,
DATAFLOW,OECD.SDD.TPS:DSD_PRICES@DF_PRICES_ALL(1.0),,I,ISR,,Q,,N,,CPI,,PA,,_T,,N,,GY,,1997-Q3,,9.190505,,A,,,,,,,,2,
DATAFLOW,OECD.SDD.TPS:DSD_PRICES@DF_PRICES_ALL(1.0),,I,ISR,,Q,,N,,CPI,,PA,,_T,,N,,GY,,1997-Q4,,8.114558,,A,,,,,,,,2,
DATAFLOW,OECD.SDD.TPS:DSD_PRICES@DF_PRICES_ALL(1.0),,I,ISR,,Q,,N,,CPI,,PA,,_T,,N,,GY,,1998-Q1,,5.789474,,A,,,,,,,,2,
DATAFLOW,OECD.SDD.TPS:DSD_PRICES@DF_PRICES_ALL(1.0),,I,ISR,,Q,,N,,CPI,,PA,,_T,,N,,GY,,1998-Q2,,4.848831,,A,,,,,,,,2,
DATAFLOW,OECD.SDD.TPS:DSD_PRICES@DF_PRICES_ALL(1.0),,I,ISR,,Q,,N,,CPI,,PA,,_T,,N,,GY,,1998-Q3,,3.511706,,A,,,,,,,,2,
DATAFLOW,OECD.SDD.TPS:DSD_PRICES@DF_PRICES_ALL(1.0),,I,ISR,,Q,,N,,CPI,,PA,,_T,,N,,GY,,1998-Q4,,7.781457,,A,,,,,,,,2,
DATAFLOW,OECD.SDD.TPS:DSD_PRICES@DF_PRICES_ALL(1.0),,I,ISR,,Q,,N,,CPI,,PA,,_T,,N,,GY,,1999-Q1,,7.296849,,A,,,,,,,,2,
DATAFLOW,OECD.SDD.TPS:DSD_PRICES@DF_PRICES_ALL(1.0),,I,ISR,,Q,,N,,CPI,,PA,,_T,,N,,GY,,1999-Q2,,5.984766,,A,,,,,,,,2,
DATAFLOW,OECD.SDD.TPS:DSD_PRICES@DF_PRICES_ALL(1.0),,I,ISR,,Q,,N,,CPI,,PA,,_T,,N,,GY,,1999-Q3,,5.977383,,A,,,,,,,,2,
DATAFLOW,OECD.SDD.TPS:DSD_PRICES@DF_PRICES_ALL(1.0),,I,ISR,,Q,,N,,CPI,,PA,,_T,,N,,GY,,1999-Q4,,1.740911,,A,,,,,,,,2,
DATAFLOW,OECD.SDD.TPS:DSD_PRICES@DF_PRICES_ALL(1.0),,I,ISR,,Q,,N,,CPI,,PA,,_T,,N,,GY,,2000-Q1,,1.391036,,A,,,,,,,,2,
DATAFLOW,OECD.SDD.TPS:DSD_PRICES@DF_PRICES_ALL(1.0),,I,ISR,,Q,,N,,CPI,,PA,,_T,,N,,GY,,2000-Q2,,1.848049,,A,,,,,,,,2,
DATAFLOW,OECD.SDD.TPS:DSD_PRICES@DF_PRICES_ALL(1.0),,I,ISR,,Q,,N,,CPI,,PA,,_T,,N,,GY,,2000-Q3,,0.9654471,,A,,,,,,,,2,
DATAFLOW,OECD.SDD.TPS:DSD_PRICES@DF_PRICES_ALL(1.0),,I,ISR,,Q,,N,,CPI,,PA,,_T,,N,,GY,,2000-Q4,,-0.05032713,,A,,,,,,,,2,
DATAFLOW,OECD.SDD.TPS:DSD_PRICES@DF_PRICES_ALL(1.0),,I,ISR,,Q,,N,,CPI,,PA,,_T,,N,,GY,,2001-Q1,,0.203252,,A,,,,,,,,2,
DATAFLOW,OECD.SDD.TPS:DSD_PRICES@DF_PRICES_ALL(1.0),,I,ISR,,Q,,N,,CPI,,PA,,_T,,N,,GY,,2001-Q2,,0.8568549,,A,,,,,,,,2,
DATAFLOW,OECD.SDD.TPS:DSD_PRICES@DF_PRICES_ALL(1.0),,I,ISR,,Q,,N,,CPI,,PA,,_T,,N,,GY,,2001-Q3,,1.761449,,A,,,,,,,,2,
DATAFLOW,OECD.SDD.TPS:DSD_PRICES@DF_PRICES_ALL(1.0),,I,ISR,,Q,,N,,CPI,,PA,,_T,,N,,GY,,2001-Q4,,1.661631,,A,,,,,,,,2,
DATAFLOW,OECD.SDD.TPS:DSD_PRICES@DF_PRICES_ALL(1.0),,I,ISR,,Q,,N,,CPI,,PA,,_T,,N,,GY,,2002-Q1,,4.006085,,A,,,,,,,,2,
DATAFLOW,OECD.SDD.TPS:DSD_PRICES@DF_PRICES_ALL(1.0),,I,ISR,,Q,,N,,CPI,,PA,,_T,,N,,GY,,2002-Q2,,5.797101,,A,,,,,,,,2,
DATAFLOW,OECD.SDD.TPS:DSD_PRICES@DF_PRICES_ALL(1.0),,I,ISR,,Q,,N,,CPI,,PA,,_T,,N,,GY,,2002-Q3,,6.577646,,A,,,,,,,,2,
DATAFLOW,OECD.SDD.TPS:DSD_PRICES@DF_PRICES_ALL(1.0),,I,ISR,,Q,,N,,CPI,,PA,,_T,,N,,GY,,2002-Q4,,6.785537,,A,,,,,,,,2,
DATAFLOW,OECD.SDD.TPS:DSD_PRICES@DF_PRICES_ALL(1.0),,I,ISR,,Q,,N,,CPI,,PA,,_T,,N,,GY,,2003-Q1,,5.216967,,A,,,,,,,,2,
DATAFLOW,OECD.SDD.TPS:DSD_PRICES@DF_PRICES_ALL(1.0),,I,ISR,,Q,,N,,CPI,,PA,,_T,,N,,GY,,2003-Q2,,1.511573,,A,,,,,,,,2,
DATAFLOW,OECD.SDD.TPS:DSD_PRICES@DF_PRICES_ALL(1.0),,I,ISR,,Q,,N,,CPI,,PA,,_T,,N,,GY,,2003-Q3,,-1.577726,,A,,,,,,,,2,
DATAFLOW,OECD.SDD.TPS:DSD_PRICES@DF_PRICES_ALL(1.0),,I,ISR,,Q,,N,,CPI,,PA,,_T,,N,,GY,,2003-Q4,,-2.087198,,A,,,,,,,,2,
DATAFLOW,OECD.SDD.TPS:DSD_PRICES@DF_PRICES_ALL(1.0),,I,ISR,,Q,,N,,CPI,,PA,,_T,,N,,GY,,2004-Q1,,-2.502317,,A,,,,,,,,2,
DATAFLOW,OECD.SDD.TPS:DSD_PRICES@DF_PRICES_ALL(1.0),,I,ISR,,Q,,N,,CPI,,PA,,_T,,N,,GY,,2004-Q2,,-0.7445323,,A,,,,,,,,2,
DATAFLOW,OECD.SDD.TPS:DSD_PRICES@DF_PRICES_ALL(1.0),,I,ISR,,Q,,N,,CPI,,PA,,_T,,N,,GY,,2004-Q3,,0.6129184,,A,,,,,,,,2,
DATAFLOW,OECD.SDD.TPS:DSD_PRICES@DF_PRICES_ALL(1.0),,I,ISR,,Q,,N,,CPI,,PA,,_T,,N,,GY,,2004-Q4,,0.9947892,,A,,,,,,,,2,
DATAFLOW,OECD.SDD.TPS:DSD_PRICES@DF_PRICES_ALL(1.0),,I,ISR,,Q,,N,,CPI,,PA,,_T,,N,,GY,,2005-Q1,,0.8555133,,A,,,,,,,,2,
DATAFLOW,OECD.SDD.TPS:DSD_PRICES@DF_PRICES_ALL(1.0),,I,ISR,,Q,,N,,CPI,,PA,,_T,,N,,GY,,2005-Q2,,0.3281763,,A,,,,,,,,2,
DATAFLOW,OECD.SDD.TPS:DSD_PRICES@DF_PRICES_ALL(1.0),,I,ISR,,Q,,N,,CPI,,PA,,_T,,N,,GY,,2005-Q3,,1.593252,,A,,,,,,,,2,
DATAFLOW,OECD.SDD.TPS:DSD_PRICES@DF_PRICES_ALL(1.0),,I,ISR,,Q,,N,,CPI,,PA,,_T,,N,,GY,,2005-Q4,,2.579737,,A,,,,,,,,2,
DATAFLOW,OECD.SDD.TPS:DSD_PRICES@DF_PRICES_ALL(1.0),,I,ISR,,Q,,N,,CPI,,PA,,_T,,N,,GY,,2006-Q1,,3.110273,,A,,,,,,,,2,
DATAFLOW,OECD.SDD.TPS:DSD_PRICES@DF_PRICES_ALL(1.0),,I,ISR,,Q,,N,,CPI,,PA,,_T,,N,,GY,,2006-Q2,,3.364486,,A,,,,,,,,2,
DATAFLOW,OECD.SDD.TPS:DSD_PRICES@DF_PRICES_ALL(1.0),,I,ISR,,Q,,N,,CPI,,PA,,_T,,N,,GY,,2006-Q3,,1.983395,,A,,,,,,,,2,
DATAFLOW,OECD.SDD.TPS:DSD_PRICES@DF_PRICES_ALL(1.0),,I,ISR,,Q,,N,,CPI,,PA,,_T,,N,,GY,,2006-Q4,,-0.182899,,A,,,,,,,,2,
DATAFLOW,OECD.SDD.TPS:DSD_PRICES@DF_PRICES_ALL(1.0),,I,ISR,,Q,,N,,CPI,,PA,,_T,,N,,GY,,2007-Q1,,-0.6398538,,A,,,,,,,,2,
DATAFLOW,OECD.SDD.TPS:DSD_PRICES@DF_PRICES_ALL(1.0),,I,ISR,,Q,,N,,CPI,,PA,,_T,,N,,GY,,2007-Q2,,-0.9493671,,A,,,,,,,,2,
DATAFLOW,OECD.SDD.TPS:DSD_PRICES@DF_PRICES_ALL(1.0),,I,ISR,,Q,,N,,CPI,,PA,,_T,,N,,GY,,2007-Q3,,0.8593397,,A,,,,,,,,2,
DATAFLOW,OECD.SDD.TPS:DSD_PRICES@DF_PRICES_ALL(1.0),,I,ISR,,Q,,N,,CPI,,PA,,_T,,N,,GY,,2007-Q4,,2.611086,,A,,,,,,,,2,
DATAFLOW,OECD.SDD.TPS:DSD_PRICES@DF_PRICES_ALL(1.0),,I,ISR,,Q,,N,,CPI,,PA,,_T,,N,,GY,,2008-Q1,,3.449862,,A,,,,,,,,2,
DATAFLOW,OECD.SDD.TPS:DSD_PRICES@DF_PRICES_ALL(1.0),,I,ISR,,Q,,N,,CPI,,PA,,_T,,N,,GY,,2008-Q2,,4.837974,,A,,,,,,,,2,
DATAFLOW,OECD.SDD.TPS:DSD_PRICES@DF_PRICES_ALL(1.0),,I,ISR,,Q,,N,,CPI,,PA,,_T,,N,,GY,,2008-Q3,,5.15695,,A,,,,,,,,2,
DATAFLOW,OECD.SDD.TPS:DSD_PRICES@DF_PRICES_ALL(1.0),,I,ISR,,Q,,N,,CPI,,PA,,_T,,N,,GY,,2008-Q4,,4.642857,,A,,,,,,,,2,
DATAFLOW,OECD.SDD.TPS:DSD_PRICES@DF_PRICES_ALL(1.0),,I,ISR,,Q,,N,,CPI,,PA,,_T,,N,,GY,,2009-Q1,,3.512672,,A,,,,,,,,2,
DATAFLOW,OECD.SDD.TPS:DSD_PRICES@DF_PRICES_ALL(1.0),,I,ISR,,Q,,N,,CPI,,PA,,_T,,N,,GY,,2009-Q2,,3.221593,,A,,,,,,,,2,
DATAFLOW,OECD.SDD.TPS:DSD_PRICES@DF_PRICES_ALL(1.0),,I,ISR,,Q,,N,,CPI,,PA,,_T,,N,,GY,,2009-Q3,,3.15565,,A,,,,,,,,2,
DATAFLOW,OECD.SDD.TPS:DSD_PRICES@DF_PRICES_ALL(1.0),,I,ISR,,Q,,N,,CPI,,PA,,_T,,N,,GY,,2009-Q4,,3.583618,,A,,,,,,,,2,
DATAFLOW,OECD.SDD.TPS:DSD_PRICES@DF_PRICES_ALL(1.0),,I,ISR,,Q,,N,,CPI,,PA,,_T,,N,,GY,,2010-Q1,,3.479382,,A,,,,,,,,2,
DATAFLOW,OECD.SDD.TPS:DSD_PRICES@DF_PRICES_ALL(1.0),,I,ISR,,Q,,N,,CPI,,PA,,_T,,N,,GY,,2010-Q2,,2.867988,,A,,,,,,,,2,
DATAFLOW,OECD.SDD.TPS:DSD_PRICES@DF_PRICES_ALL(1.0),,I,ISR,,Q,,N,,CPI,,PA,,_T,,N,,GY,,2010-Q3,,2.02563,,A,,,,,,,,2,
DATAFLOW,OECD.SDD.TPS:DSD_PRICES@DF_PRICES_ALL(1.0),,I,ISR,,Q,,N,,CPI,,PA,,_T,,N,,GY,,2010-Q4,,2.47117,,A,,,,,,,,2,
DATAFLOW,OECD.SDD.TPS:DSD_PRICES@DF_PRICES_ALL(1.0),,I,ISR,,Q,,N,,CPI,,PA,,_T,,N,,GY,,2011-Q1,,4.068078,,A,,,,,,,,2,
DATAFLOW,OECD.SDD.TPS:DSD_PRICES@DF_PRICES_ALL(1.0),,I,ISR,,Q,,N,,CPI,,PA,,_T,,N,,GY,,2011-Q2,,4.100041,,A,,,,,,,,2,
DATAFLOW,OECD.SDD.TPS:DSD_PRICES@DF_PRICES_ALL(1.0),,I,ISR,,Q,,N,,CPI,,PA,,_T,,N,,GY,,2011-Q3,,3.28201,,A,,,,,,,,2,
DATAFLOW,OECD.SDD.TPS:DSD_PRICES@DF_PRICES_ALL(1.0),,I,ISR,,Q,,N,,CPI,,PA,,_T,,N,,GY,,2011-Q4,,2.532154,,A,,,,,,,,2,
DATAFLOW,OECD.SDD.TPS:DSD_PRICES@DF_PRICES_ALL(1.0),,I,ISR,,Q,,N,,CPI,,PA,,_T,,N,,GY,,2012-Q1,,1.834862,,A,,,,,,,,2,
DATAFLOW,OECD.SDD.TPS:DSD_PRICES@DF_PRICES_ALL(1.0),,I,ISR,,Q,,N,,CPI,,PA,,_T,,N,,GY,,2012-Q2,,1.536038,,A,,,,,,,,2,
DATAFLOW,OECD.SDD.TPS:DSD_PRICES@DF_PRICES_ALL(1.0),,I,ISR,,Q,,N,,CPI,,PA,,_T,,N,,GY,,2012-Q3,,1.765398,,A,,,,,,,,2,
DATAFLOW,OECD.SDD.TPS:DSD_PRICES@DF_PRICES_ALL(1.0),,I,ISR,,Q,,N,,CPI,,PA,,_T,,N,,GY,,2012-Q4,,1.568013,,A,,,,,,,,2,
DATAFLOW,OECD.SDD.TPS:DSD_PRICES@DF_PRICES_ALL(1.0),,I,ISR,,Q,,N,,CPI,,PA,,_T,,N,,GY,,2013-Q1,,1.370936,,A,,,,,,,,2,
DATAFLOW,OECD.SDD.TPS:DSD_PRICES@DF_PRICES_ALL(1.0),,I,ISR,,Q,,N,,CPI,,PA,,_T,,N,,GY,,2013-Q2,,1.318852,,A,,,,,,,,2,
DATAFLOW,OECD.SDD.TPS:DSD_PRICES@DF_PRICES_ALL(1.0),,I,ISR,,Q,,N,,CPI,,PA,,_T,,N,,GY,,2013-Q3,,1.696222,,A,,,,,,,,2,
DATAFLOW,OECD.SDD.TPS:DSD_PRICES@DF_PRICES_ALL(1.0),,I,ISR,,Q,,N,,CPI,,PA,,_T,,N,,GY,,2013-Q4,,1.968352,,A,,,,,,,,2,
DATAFLOW,OECD.SDD.TPS:DSD_PRICES@DF_PRICES_ALL(1.0),,I,ISR,,Q,,N,,CPI,,PA,,_T,,N,,GY,,2014-Q1,,1.313756,,A,,,,,,,,2,
DATAFLOW,OECD.SDD.TPS:DSD_PRICES@DF_PRICES_ALL(1.0),,I,ISR,,Q,,N,,CPI,,PA,,_T,,N,,GY,,2014-Q2,,0.8039816,,A,,,,,,,,2,
DATAFLOW,OECD.SDD.TPS:DSD_PRICES@DF_PRICES_ALL(1.0),,I,ISR,,Q,,N,,CPI,,PA,,_T,,N,,GY,,2014-Q3,,0,,A,,,,,,,,2,
DATAFLOW,OECD.SDD.TPS:DSD_PRICES@DF_PRICES_ALL(1.0),,I,ISR,,Q,,N,,CPI,,PA,,_T,,N,,GY,,2014-Q4,,-0.2271007,,A,,,,,,,,2,
DATAFLOW,OECD.SDD.TPS:DSD_PRICES@DF_PRICES_ALL(1.0),,I,ISR,,Q,,N,,CPI,,PA,,_T,,N,,GY,,2015-Q1,,-0.8009154,,A,,,,,,,,2,
DATAFLOW,OECD.SDD.TPS:DSD_PRICES@DF_PRICES_ALL(1.0),,I,ISR,,Q,,N,,CPI,,PA,,_T,,N,,GY,,2015-Q2,,-0.4177744,,A,,,,,,,,2,
DATAFLOW,OECD.SDD.TPS:DSD_PRICES@DF_PRICES_ALL(1.0),,I,ISR,,Q,,N,,CPI,,PA,,_T,,N,,GY,,2015-Q3,,-0.4169826,,A,,,,,,,,2,
DATAFLOW,OECD.SDD.TPS:DSD_PRICES@DF_PRICES_ALL(1.0),,I,ISR,,Q,,N,,CPI,,PA,,_T,,N,,GY,,2015-Q4,,-0.8345979,,A,,,,,,,,2,
DATAFLOW,OECD.SDD.TPS:DSD_PRICES@DF_PRICES_ALL(1.0),,I,ISR,,Q,,N,,CPI,,PA,,_T,,N,,GY,,2016-Q1,,-0.5382545,,A,,,,,,,,2,
DATAFLOW,OECD.SDD.TPS:DSD_PRICES@DF_PRICES_ALL(1.0),,I,ISR,,Q,,N,,CPI,,PA,,_T,,N,,GY,,2016-Q2,,-0.8009154,,A,,,,,,,,2,
DATAFLOW,OECD.SDD.TPS:DSD_PRICES@DF_PRICES_ALL(1.0),,I,ISR,,Q,,N,,CPI,,PA,,_T,,N,,GY,,2016-Q3,,-0.5329273,,A,,,,,,,,2,
DATAFLOW,OECD.SDD.TPS:DSD_PRICES@DF_PRICES_ALL(1.0),,I,ISR,,Q,,N,,CPI,,PA,,_T,,N,,GY,,2016-Q4,,-0.2677888,,A,,,,,,,,2,
DATAFLOW,OECD.SDD.TPS:DSD_PRICES@DF_PRICES_ALL(1.0),,I,ISR,,Q,,N,,CPI,,PA,,_T,,N,,GY,,2017-Q1,,0.5411674,,A,,,,,,,,2,
DATAFLOW,OECD.SDD.TPS:DSD_PRICES@DF_PRICES_ALL(1.0),,I,ISR,,Q,,N,,CPI,,PA,,_T,,N,,GY,,2017-Q2,,0.4229143,,A,,,,,,,,2,
DATAFLOW,OECD.SDD.TPS:DSD_PRICES@DF_PRICES_ALL(1.0),,I,ISR,,Q,,N,,CPI,,PA,,_T,,N,,GY,,2017-Q3,,-0.2296211,,A,,,,,,,,2,
DATAFLOW,OECD.SDD.TPS:DSD_PRICES@DF_PRICES_ALL(1.0),,I,ISR,,Q,,N,,CPI,,PA,,_T,,N,,GY,,2017-Q4,,0.2685079,,A,,,,,,,,2,
DATAFLOW,OECD.SDD.TPS:DSD_PRICES@DF_PRICES_ALL(1.0),,I,ISR,,Q,,N,,CPI,,PA,,_T,,N,,GY,,2018-Q1,,0.153787,,A,,,,,,,,2,
DATAFLOW,OECD.SDD.TPS:DSD_PRICES@DF_PRICES_ALL(1.0),,I,ISR,,Q,,N,,CPI,,PA,,_T,,N,,GY,,2018-Q2,,0.7274119,,A,,,,,,,,2,
DATAFLOW,OECD.SDD.TPS:DSD_PRICES@DF_PRICES_ALL(1.0),,I,ISR,,Q,,N,,CPI,,PA,,_T,,N,,GY,,2018-Q3,,1.265823,,A,,,,,,,,2,
DATAFLOW,OECD.SDD.TPS:DSD_PRICES@DF_PRICES_ALL(1.0),,I,ISR,,Q,,N,,CPI,,PA,,_T,,N,,GY,,2018-Q4,,1.071155,,A,,,,,,,,2,
DATAFLOW,OECD.SDD.TPS:DSD_PRICES@DF_PRICES_ALL(1.0),,I,ISR,,Q,,N,,CPI,,PA,,_T,,N,,GY,,2019-Q1,,1.266795,,A,,,,,,,,2,
DATAFLOW,OECD.SDD.TPS:DSD_PRICES@DF_PRICES_ALL(1.0),,I,ISR,,Q,,N,,CPI,,PA,,_T,,N,,GY,,2019-Q2,,1.178259,,A,,,,,,,,2,
DATAFLOW,OECD.SDD.TPS:DSD_PRICES@DF_PRICES_ALL(1.0),,I,ISR,,Q,,N,,CPI,,PA,,_T,,N,,GY,,2019-Q3,,0.4166667,,A,,,,,,,,2,
DATAFLOW,OECD.SDD.TPS:DSD_PRICES@DF_PRICES_ALL(1.0),,I,ISR,,Q,,N,,CPI,,PA,,_T,,N,,GY,,2019-Q4,,0.4163513,,A,,,,,,,,2,
DATAFLOW,OECD.SDD.TPS:DSD_PRICES@DF_PRICES_ALL(1.0),,I,ISR,,Q,,N,,CPI,,PA,,_T,,N,,GY,,2020-Q1,,0.15163,,A,,,,,,,,2,
DATAFLOW,OECD.SDD.TPS:DSD_PRICES@DF_PRICES_ALL(1.0),,I,ISR,,Q,,N,,CPI,,PA,,_T,,N,,GY,,2020-Q2,,-1.089406,,A,,,,,,,,2,
DATAFLOW,OECD.SDD.TPS:DSD_PRICES@DF_PRICES_ALL(1.0),,I,ISR,,Q,,N,,CPI,,PA,,_T,,N,,GY,,2020-Q3,,-0.6789891,,A,,,,,,,,2,
DATAFLOW,OECD.SDD.TPS:DSD_PRICES@DF_PRICES_ALL(1.0),,I,ISR,,Q,,N,,CPI,,PA,,_T,,N,,GY,,2020-Q4,,-0.6784772,,A,,,,,,,,2,
DATAFLOW,OECD.SDD.TPS:DSD_PRICES@DF_PRICES_ALL(1.0),,I,ISR,,Q,,N,,CPI,,PA,,_T,,N,,GY,,2021-Q1,,-0.1135503,,A,,,,,,,,2,
DATAFLOW,OECD.SDD.TPS:DSD_PRICES@DF_PRICES_ALL(1.0),,I,ISR,,Q,,N,,CPI,,PA,,_T,,N,,GY,,2021-Q2,,1.329282,,A,,,,,,,,2,
DATAFLOW,OECD.SDD.TPS:DSD_PRICES@DF_PRICES_ALL(1.0),,I,ISR,,Q,,N,,CPI,,PA,,_T,,N,,GY,,2021-Q3,,2.202811,,A,,,,,,,,2,
DATAFLOW,OECD.SDD.TPS:DSD_PRICES@DF_PRICES_ALL(1.0),,I,ISR,,Q,,N,,CPI,,PA,,_T,,N,,GY,,2021-Q4,,2.504744,,A,,,,,,,,2,
DATAFLOW,OECD.SDD.TPS:DSD_PRICES@DF_PRICES_ALL(1.0),,I,ISR,,Q,,N,,CPI,,PA,,_T,,N,,GY,,2022-Q1,,3.410383,,A,,,,,,,,2,
DATAFLOW,OECD.SDD.TPS:DSD_PRICES@DF_PRICES_ALL(1.0),,I,ISR,,Q,,N,,CPI,,PA,,_T,,N,,GY,,2022-Q2,,4.197901,,A,,,,,,,,2,
DATAFLOW,OECD.SDD.TPS:DSD_PRICES@DF_PRICES_ALL(1.0),,I,ISR,,Q,,N,,CPI,,PA,,_T,,N,,GY,,2022-Q3,,4.756596,,A,,,,,,,,2,
DATAFLOW,OECD.SDD.TPS:DSD_PRICES@DF_PRICES_ALL(1.0),,I,ISR,,Q,,N,,CPI,,PA,,_T,,N,,GY,,2022-Q4,,5.257312,,A,,,,,,,,2,
DATAFLOW,OECD.SDD.TPS:DSD_PRICES@DF_PRICES_ALL(1.0),,I,ISR,,Q,,N,,CPI,,PA,,_T,,N,,GY,,2023-Q1,,5.166728,,A,,,,,,,,2,
DATAFLOW,OECD.SDD.TPS:DSD_PRICES@DF_PRICES_ALL(1.0),,I,ISR,,Q,,N,,CPI,,PA,,_T,,N,,GY,,2023-Q2,,4.604317,,A,,,,,,,,2,
DATAFLOW,OECD.SDD.TPS:DSD_PRICES@DF_PRICES_ALL(1.0),,I,ISR,,Q,,N,,CPI,,PA,,_T,,N,,GY,,2023-Q3,,3.866619,,A,,,,,,,,2,
DATAFLOW,OECD.SDD.TPS:DSD_PRICES@DF_PRICES_ALL(1.0),,I,ISR,,Q,,N,,CPI,,PA,,_T,,N,,GY,,2023-Q4,,3.306366,,A,,,,,,,,2,
DATAFLOW,OECD.SDD.TPS:DSD_PRICES@DF_PRICES_ALL(1.0),,I,ISR,,Q,,N,,CPI,,PA,,_T,,N,,GY,,2024-Q1,,2.648084,,A,,,,,,,,2,
DATAFLOW,OECD.SDD.TPS:DSD_PRICES@DF_PRICES_ALL(1.0),,I,ISR,,Q,,N,,CPI,,PA,,_T,,N,,GY,,2024-Q2,,2.819808,,A,,,,,,,,2,
DATAFLOW,OECD.SDD.TPS:DSD_PRICES@DF_PRICES_ALL(1.0),,I,ISR,,Q,,N,,CPI,,PA,,_T,,N,,GY,,2024-Q3,,3.415301,,A,,,,,,,,2,
DATAFLOW,OECD.SDD.TPS:DSD_PRICES@DF_PRICES_ALL(1.0),,I,ISR,,Q,,N,,CPI,,PA,,_T,,N,,GY,,2024-Q4,,3.404835,,A,,,,,,,,2,
DATAFLOW,OECD.SDD.TPS:DSD_PRICES@DF_PRICES_ALL(1.0),,I,ISR,,Q,,N,,CPI,,PA,,_T,,N,,GY,,2025-Q1,,3.53021,,A,,,,,,,,2,
DATAFLOW,OECD.SDD.TPS:DSD_PRICES@DF_PRICES_ALL(1.0),,I,ISR,,Q,,N,,CPI,,PA,,_T,,N,,GY,,2025-Q2,,3.344482,,A,,,,,,,,2,
DATAFLOW,OECD.SDD.TPS:DSD_PRICES@DF_PRICES_ALL(1.0),,I,ISR,,Q,,N,,CPI,,PA,,_T,,N,,GY,,2025-Q3,,2.807133,,A,,,,,,,,2,
DATAFLOW,OECD.SDD.TPS:DSD_PRICES@DF_PRICES_ALL(1.0),,I,ISR,,Q,,N,,CPI,,PA,,_T,,N,,GY,,2025-Q4,,2.50247,,A,,,,,,,,2,
DATAFLOW,OECD.SDD.TPS:DSD_PRICES@DF_PRICES_ALL(1.0),,I,ISR,,Q,,N,,CPI,,PA,,_T,,N,,GY,,2026-Q1,,1.868852,,A,,,,,,,,2,
DATAFLOW,OECD.SDD.TPS:DSD_PRICES@DF_PRICES_ALL(1.0),,I,COL,,Q,,N,,CPI,,PA,,_T,,N,,GY,,1996-Q3,,21.09039,,A,,,,,,,,2,
DATAFLOW,OECD.SDD.TPS:DSD_PRICES@DF_PRICES_ALL(1.0),,I,COL,,Q,,N,,CPI,,PA,,_T,,N,,GY,,1996-Q4,,21.78687,,A,,,,,,,,2,
DATAFLOW,OECD.SDD.TPS:DSD_PRICES@DF_PRICES_ALL(1.0),,I,COL,,Q,,N,,CPI,,PA,,_T,,N,,GY,,1997-Q1,,19.70002,,A,,,,,,,,2,
DATAFLOW,OECD.SDD.TPS:DSD_PRICES@DF_PRICES_ALL(1.0),,I,COL,,Q,,N,,CPI,,PA,,_T,,N,,GY,,1997-Q2,,18.61259,,A,,,,,,,,2,
DATAFLOW,OECD.SDD.TPS:DSD_PRICES@DF_PRICES_ALL(1.0),,I,COL,,Q,,N,,CPI,,PA,,_T,,N,,GY,,1997-Q3,,17.94568,,A,,,,,,,,2,
DATAFLOW,OECD.SDD.TPS:DSD_PRICES@DF_PRICES_ALL(1.0),,I,COL,,Q,,N,,CPI,,PA,,_T,,N,,GY,,1997-Q4,,17.7656,,A,,,,,,,,2,
DATAFLOW,OECD.SDD.TPS:DSD_PRICES@DF_PRICES_ALL(1.0),,I,COL,,Q,,N,,CPI,,PA,,_T,,N,,GY,,1998-Q1,,18.38365,,A,,,,,,,,2,
DATAFLOW,OECD.SDD.TPS:DSD_PRICES@DF_PRICES_ALL(1.0),,I,COL,,Q,,N,,CPI,,PA,,_T,,N,,GY,,1998-Q2,,20.70949,,A,,,,,,,,2,
DATAFLOW,OECD.SDD.TPS:DSD_PRICES@DF_PRICES_ALL(1.0),,I,COL,,Q,,N,,CPI,,PA,,_T,,N,,GY,,1998-Q3,,19.00162,,A,,,,,,,,2,
DATAFLOW,OECD.SDD.TPS:DSD_PRICES@DF_PRICES_ALL(1.0),,I,COL,,Q,,N,,CPI,,PA,,_T,,N,,GY,,1998-Q4,,16.7142,,A,,,,,,,,2,
DATAFLOW,OECD.SDD.TPS:DSD_PRICES@DF_PRICES_ALL(1.0),,I,COL,,Q,,N,,CPI,,PA,,_T,,N,,GY,,1999-Q1,,15.31576,,A,,,,,,,,2,
DATAFLOW,OECD.SDD.TPS:DSD_PRICES@DF_PRICES_ALL(1.0),,I,COL,,Q,,N,,CPI,,PA,,_T,,N,,GY,,1999-Q2,,10.0278,,A,,,,,,,,2,
DATAFLOW,OECD.SDD.TPS:DSD_PRICES@DF_PRICES_ALL(1.0),,I,COL,,Q,,N,,CPI,,PA,,_T,,N,,GY,,1999-Q3,,9.12987,,A,,,,,,,,2,
DATAFLOW,OECD.SDD.TPS:DSD_PRICES@DF_PRICES_ALL(1.0),,I,COL,,Q,,N,,CPI,,PA,,_T,,N,,GY,,1999-Q4,,9.401324,,A,,,,,,,,2,
DATAFLOW,OECD.SDD.TPS:DSD_PRICES@DF_PRICES_ALL(1.0),,I,COL,,Q,,N,,CPI,,PA,,_T,,N,,GY,,2000-Q1,,8.969383,,A,,,,,,,,2,
DATAFLOW,OECD.SDD.TPS:DSD_PRICES@DF_PRICES_ALL(1.0),,I,COL,,Q,,N,,CPI,,PA,,_T,,N,,GY,,2000-Q2,,9.87788,,A,,,,,,,,2,
DATAFLOW,OECD.SDD.TPS:DSD_PRICES@DF_PRICES_ALL(1.0),,I,COL,,Q,,N,,CPI,,PA,,_T,,N,,GY,,2000-Q3,,9.199096,,A,,,,,,,,2,
DATAFLOW,OECD.SDD.TPS:DSD_PRICES@DF_PRICES_ALL(1.0),,I,COL,,Q,,N,,CPI,,PA,,_T,,N,,GY,,2000-Q4,,8.857932,,A,,,,,,,,2,
DATAFLOW,OECD.SDD.TPS:DSD_PRICES@DF_PRICES_ALL(1.0),,I,COL,,Q,,N,,CPI,,PA,,_T,,N,,GY,,2001-Q2,,7.922256,,A,,,,,,,,2,
DATAFLOW,OECD.SDD.TPS:DSD_PRICES@DF_PRICES_ALL(1.0),,I,COL,,Q,,N,,CPI,,PA,,_T,,N,,GY,,2001-Q3,,8.026373,,A,,,,,,,,2,
DATAFLOW,OECD.SDD.TPS:DSD_PRICES@DF_PRICES_ALL(1.0),,I,COL,,Q,,N,,CPI,,PA,,_T,,N,,GY,,2001-Q4,,7.807775,,A,,,,,,,,2,
DATAFLOW,OECD.SDD.TPS:DSD_PRICES@DF_PRICES_ALL(1.0),,I,COL,,Q,,N,,CPI,,PA,,_T,,N,,GY,,2002-Q1,,6.651328,,A,,,,,,,,2,
DATAFLOW,OECD.SDD.TPS:DSD_PRICES@DF_PRICES_ALL(1.0),,I,COL,,Q,,N,,CPI,,PA,,_T,,N,,GY,,2002-Q2,,5.915179,,A,,,,,,,,2,
DATAFLOW,OECD.SDD.TPS:DSD_PRICES@DF_PRICES_ALL(1.0),,I,COL,,Q,,N,,CPI,,PA,,_T,,N,,GY,,2002-Q3,,6.032787,,A,,,,,,,,2,
DATAFLOW,OECD.SDD.TPS:DSD_PRICES@DF_PRICES_ALL(1.0),,I,COL,,Q,,N,,CPI,,PA,,_T,,N,,GY,,2002-Q4,,6.81158,,A,,,,,,,,2,
DATAFLOW,OECD.SDD.TPS:DSD_PRICES@DF_PRICES_ALL(1.0),,I,COL,,Q,,N,,CPI,,PA,,_T,,N,,GY,,2003-Q1,,7.408315,,A,,,,,,,,2,
DATAFLOW,OECD.SDD.TPS:DSD_PRICES@DF_PRICES_ALL(1.0),,I,COL,,Q,,N,,CPI,,PA,,_T,,N,,GY,,2003-Q2,,7.591723,,A,,,,,,,,2,
DATAFLOW,OECD.SDD.TPS:DSD_PRICES@DF_PRICES_ALL(1.0),,I,COL,,Q,,N,,CPI,,PA,,_T,,N,,GY,,2003-Q3,,7.140479,,A,,,,,,,,2,
DATAFLOW,OECD.SDD.TPS:DSD_PRICES@DF_PRICES_ALL(1.0),,I,COL,,Q,,N,,CPI,,PA,,_T,,N,,GY,,2003-Q4,,6.400638,,A,,,,,,,,2,
DATAFLOW,OECD.SDD.TPS:DSD_PRICES@DF_PRICES_ALL(1.0),,I,COL,,Q,,N,,CPI,,PA,,_T,,N,,GY,,2004-Q1,,6.22632,,A,,,,,,,,2,
DATAFLOW,OECD.SDD.TPS:DSD_PRICES@DF_PRICES_ALL(1.0),,I,COL,,Q,,N,,CPI,,PA,,_T,,N,,GY,,2004-Q2,,5.640387,,A,,,,,,,,2,
DATAFLOW,OECD.SDD.TPS:DSD_PRICES@DF_PRICES_ALL(1.0),,I,COL,,Q,,N,,CPI,,PA,,_T,,N,,GY,,2004-Q3,,6.02078,,A,,,,,,,,2,
DATAFLOW,OECD.SDD.TPS:DSD_PRICES@DF_PRICES_ALL(1.0),,I,COL,,Q,,N,,CPI,,PA,,_T,,N,,GY,,2004-Q4,,5.737958,,A,,,,,,,,2,
DATAFLOW,OECD.SDD.TPS:DSD_PRICES@DF_PRICES_ALL(1.0),,I,COL,,Q,,N,,CPI,,PA,,_T,,N,,GY,,2005-Q1,,5.238279,,A,,,,,,,,2,
DATAFLOW,OECD.SDD.TPS:DSD_PRICES@DF_PRICES_ALL(1.0),,I,COL,,Q,,N,,CPI,,PA,,_T,,N,,GY,,2005-Q2,,4.96418,,A,,,,,,,,2,
DATAFLOW,OECD.SDD.TPS:DSD_PRICES@DF_PRICES_ALL(1.0),,I,COL,,Q,,N,,CPI,,PA,,_T,,N,,GY,,2005-Q3,,4.933412,,A,,,,,,,,2,
DATAFLOW,OECD.SDD.TPS:DSD_PRICES@DF_PRICES_ALL(1.0),,I,COL,,Q,,N,,CPI,,PA,,_T,,N,,GY,,2005-Q4,,5.072313,,A,,,,,,,,2,
DATAFLOW,OECD.SDD.TPS:DSD_PRICES@DF_PRICES_ALL(1.0),,I,COL,,Q,,N,,CPI,,PA,,_T,,N,,GY,,2006-Q1,,4.279298,,A,,,,,,,,2,
DATAFLOW,OECD.SDD.TPS:DSD_PRICES@DF_PRICES_ALL(1.0),,I,COL,,Q,,N,,CPI,,PA,,_T,,N,,GY,,2006-Q2,,4.030833,,A,,,,,,,,2,
DATAFLOW,OECD.SDD.TPS:DSD_PRICES@DF_PRICES_ALL(1.0),,I,COL,,Q,,N,,CPI,,PA,,_T,,N,,GY,,2006-Q3,,4.537835,,A,,,,,,,,2,
DATAFLOW,OECD.SDD.TPS:DSD_PRICES@DF_PRICES_ALL(1.0),,I,COL,,Q,,N,,CPI,,PA,,_T,,N,,GY,,2006-Q4,,4.323681,,A,,,,,,,,2,
DATAFLOW,OECD.SDD.TPS:DSD_PRICES@DF_PRICES_ALL(1.0),,I,COL,,Q,,N,,CPI,,PA,,_T,,N,,GY,,2007-Q1,,5.250998,,A,,,,,,,,2,
DATAFLOW,OECD.SDD.TPS:DSD_PRICES@DF_PRICES_ALL(1.0),,I,COL,,Q,,N,,CPI,,PA,,_T,,N,,GY,,2007-Q2,,6.170886,,A,,,,,,,,2,
DATAFLOW,OECD.SDD.TPS:DSD_PRICES@DF_PRICES_ALL(1.0),,I,COL,,Q,,N,,CPI,,PA,,_T,,N,,GY,,2007-Q3,,5.329668,,A,,,,,,,,2,
DATAFLOW,OECD.SDD.TPS:DSD_PRICES@DF_PRICES_ALL(1.0),,I,COL,,Q,,N,,CPI,,PA,,_T,,N,,GY,,2007-Q4,,5.425856,,A,,,,,,,,2,
DATAFLOW,OECD.SDD.TPS:DSD_PRICES@DF_PRICES_ALL(1.0),,I,COL,,Q,,N,,CPI,,PA,,_T,,N,,GY,,2008-Q1,,6.090256,,A,,,,,,,,2,
DATAFLOW,OECD.SDD.TPS:DSD_PRICES@DF_PRICES_ALL(1.0),,I,COL,,Q,,N,,CPI,,PA,,_T,,N,,GY,,2008-Q2,,6.43379,,A,,,,,,,,2,
DATAFLOW,OECD.SDD.TPS:DSD_PRICES@DF_PRICES_ALL(1.0),,I,COL,,Q,,N,,CPI,,PA,,_T,,N,,GY,,2008-Q3,,7.655225,,A,,,,,,,,2,
DATAFLOW,OECD.SDD.TPS:DSD_PRICES@DF_PRICES_ALL(1.0),,I,COL,,Q,,N,,CPI,,PA,,_T,,N,,GY,,2008-Q4,,7.779421,,A,,,,,,,,2,
DATAFLOW,OECD.SDD.TPS:DSD_PRICES@DF_PRICES_ALL(1.0),,I,COL,,Q,,N,,CPI,,PA,,_T,,N,,GY,,2009-Q1,,6.59279,,A,,,,,,,,2,
DATAFLOW,OECD.SDD.TPS:DSD_PRICES@DF_PRICES_ALL(1.0),,I,COL,,Q,,N,,CPI,,PA,,_T,,N,,GY,,2009-Q2,,4.764182,,A,,,,,,,,2,
DATAFLOW,OECD.SDD.TPS:DSD_PRICES@DF_PRICES_ALL(1.0),,I,COL,,Q,,N,,CPI,,PA,,_T,,N,,GY,,2009-Q3,,3.205279,,A,,,,,,,,2,
DATAFLOW,OECD.SDD.TPS:DSD_PRICES@DF_PRICES_ALL(1.0),,I,COL,,Q,,N,,CPI,,PA,,_T,,N,,GY,,2009-Q4,,2.362468,,A,,,,,,,,2,
DATAFLOW,OECD.SDD.TPS:DSD_PRICES@DF_PRICES_ALL(1.0),,I,COL,,Q,,N,,CPI,,PA,,_T,,N,,GY,,2010-Q1,,2.006843,,A,,,,,,,,2,
DATAFLOW,OECD.SDD.TPS:DSD_PRICES@DF_PRICES_ALL(1.0),,I,COL,,Q,,N,,CPI,,PA,,_T,,N,,GY,,2010-Q2,,2.102621,,A,,,,,,,,2,
DATAFLOW,OECD.SDD.TPS:DSD_PRICES@DF_PRICES_ALL(1.0),,I,COL,,Q,,N,,CPI,,PA,,_T,,N,,GY,,2010-Q3,,2.277102,,A,,,,,,,,2,
DATAFLOW,OECD.SDD.TPS:DSD_PRICES@DF_PRICES_ALL(1.0),,I,COL,,Q,,N,,CPI,,PA,,_T,,N,,GY,,2010-Q4,,2.700229,,A,,,,,,,,2,
DATAFLOW,OECD.SDD.TPS:DSD_PRICES@DF_PRICES_ALL(1.0),,I,COL,,Q,,N,,CPI,,PA,,_T,,N,,GY,,2011-Q1,,3.250984,,A,,,,,,,,2,
DATAFLOW,OECD.SDD.TPS:DSD_PRICES@DF_PRICES_ALL(1.0),,I,COL,,Q,,N,,CPI,,PA,,_T,,N,,GY,,2011-Q2,,3.029916,,A,,,,,,,,2,
DATAFLOW,OECD.SDD.TPS:DSD_PRICES@DF_PRICES_ALL(1.0),,I,COL,,Q,,N,,CPI,,PA,,_T,,N,,GY,,2011-Q3,,3.476763,,A,,,,,,,,2,
DATAFLOW,OECD.SDD.TPS:DSD_PRICES@DF_PRICES_ALL(1.0),,I,COL,,Q,,N,,CPI,,PA,,_T,,N,,GY,,2011-Q4,,3.899287,,A,,,,,,,,2,
DATAFLOW,OECD.SDD.TPS:DSD_PRICES@DF_PRICES_ALL(1.0),,I,COL,,Q,,N,,CPI,,PA,,_T,,N,,GY,,2012-Q1,,3.501593,,A,,,,,,,,2,
DATAFLOW,OECD.SDD.TPS:DSD_PRICES@DF_PRICES_ALL(1.0),,I,COL,,Q,,N,,CPI,,PA,,_T,,N,,GY,,2012-Q2,,3.352959,,A,,,,,,,,2,
DATAFLOW,OECD.SDD.TPS:DSD_PRICES@DF_PRICES_ALL(1.0),,I,COL,,Q,,N,,CPI,,PA,,_T,,N,,GY,,2012-Q3,,3.073272,,A,,,,,,,,2,
DATAFLOW,OECD.SDD.TPS:DSD_PRICES@DF_PRICES_ALL(1.0),,I,COL,,Q,,N,,CPI,,PA,,_T,,N,,GY,,2012-Q4,,2.757268,,A,,,,,,,,2,
DATAFLOW,OECD.SDD.TPS:DSD_PRICES@DF_PRICES_ALL(1.0),,I,COL,,Q,,N,,CPI,,PA,,_T,,N,,GY,,2013-Q1,,1.910367,,A,,,,,,,,2,
DATAFLOW,OECD.SDD.TPS:DSD_PRICES@DF_PRICES_ALL(1.0),,I,COL,,Q,,N,,CPI,,PA,,_T,,N,,GY,,2013-Q2,,2.059846,,A,,,,,,,,2,
DATAFLOW,OECD.SDD.TPS:DSD_PRICES@DF_PRICES_ALL(1.0),,I,COL,,Q,,N,,CPI,,PA,,_T,,N,,GY,,2013-Q3,,2.25492,,A,,,,,,,,2,
DATAFLOW,OECD.SDD.TPS:DSD_PRICES@DF_PRICES_ALL(1.0),,I,COL,,Q,,N,,CPI,,PA,,_T,,N,,GY,,2013-Q4,,1.842521,,A,,,,,,,,2,
DATAFLOW,OECD.SDD.TPS:DSD_PRICES@DF_PRICES_ALL(1.0),,I,COL,,Q,,N,,CPI,,PA,,_T,,N,,GY,,2014-Q1,,2.318763,,A,,,,,,,,2,
DATAFLOW,OECD.SDD.TPS:DSD_PRICES@DF_PRICES_ALL(1.0),,I,COL,,Q,,N,,CPI,,PA,,_T,,N,,GY,,2014-Q2,,2.811481,,A,,,,,,,,2,
DATAFLOW,OECD.SDD.TPS:DSD_PRICES@DF_PRICES_ALL(1.0),,I,COL,,Q,,N,,CPI,,PA,,_T,,N,,GY,,2014-Q3,,2.921736,,A,,,,,,,,2,
DATAFLOW,OECD.SDD.TPS:DSD_PRICES@DF_PRICES_ALL(1.0),,I,COL,,Q,,N,,CPI,,PA,,_T,,N,,GY,,2014-Q4,,3.536403,,A,,,,,,,,2,
DATAFLOW,OECD.SDD.TPS:DSD_PRICES@DF_PRICES_ALL(1.0),,I,COL,,Q,,N,,CPI,,PA,,_T,,N,,GY,,2015-Q1,,4.243003,,A,,,,,,,,2,
DATAFLOW,OECD.SDD.TPS:DSD_PRICES@DF_PRICES_ALL(1.0),,I,COL,,Q,,N,,CPI,,PA,,_T,,N,,GY,,2015-Q2,,4.486227,,A,,,,,,,,2,
DATAFLOW,OECD.SDD.TPS:DSD_PRICES@DF_PRICES_ALL(1.0),,I,COL,,Q,,N,,CPI,,PA,,_T,,N,,GY,,2015-Q3,,4.853514,,A,,,,,,,,2,
DATAFLOW,OECD.SDD.TPS:DSD_PRICES@DF_PRICES_ALL(1.0),,I,COL,,Q,,N,,CPI,,PA,,_T,,N,,GY,,2015-Q4,,6.35338,,A,,,,,,,,2,
DATAFLOW,OECD.SDD.TPS:DSD_PRICES@DF_PRICES_ALL(1.0),,I,COL,,Q,,N,,CPI,,PA,,_T,,N,,GY,,2016-Q1,,7.67693,,A,,,,,,,,2,
DATAFLOW,OECD.SDD.TPS:DSD_PRICES@DF_PRICES_ALL(1.0),,I,COL,,Q,,N,,CPI,,PA,,_T,,N,,GY,,2016-Q2,,8.245364,,A,,,,,,,,2,
DATAFLOW,OECD.SDD.TPS:DSD_PRICES@DF_PRICES_ALL(1.0),,I,COL,,Q,,N,,CPI,,PA,,_T,,N,,GY,,2016-Q3,,8.10591,,A,,,,,,,,2,
DATAFLOW,OECD.SDD.TPS:DSD_PRICES@DF_PRICES_ALL(1.0),,I,COL,,Q,,N,,CPI,,PA,,_T,,N,,GY,,2016-Q4,,6.064231,,A,,,,,,,,2,
DATAFLOW,OECD.SDD.TPS:DSD_PRICES@DF_PRICES_ALL(1.0),,I,COL,,Q,,N,,CPI,,PA,,_T,,N,,GY,,2017-Q1,,5.113197,,A,,,,,,,,2,
DATAFLOW,OECD.SDD.TPS:DSD_PRICES@DF_PRICES_ALL(1.0),,I,COL,,Q,,N,,CPI,,PA,,_T,,N,,GY,,2017-Q2,,4.33794,,A,,,,,,,,2,
DATAFLOW,OECD.SDD.TPS:DSD_PRICES@DF_PRICES_ALL(1.0),,I,COL,,Q,,N,,CPI,,PA,,_T,,N,,GY,,2017-Q3,,3.7453,,A,,,,,,,,2,
DATAFLOW,OECD.SDD.TPS:DSD_PRICES@DF_PRICES_ALL(1.0),,I,COL,,Q,,N,,CPI,,PA,,_T,,N,,GY,,2017-Q4,,4.083219,,A,,,,,,,,2,
DATAFLOW,OECD.SDD.TPS:DSD_PRICES@DF_PRICES_ALL(1.0),,I,COL,,Q,,N,,CPI,,PA,,_T,,N,,GY,,2018-Q1,,3.392616,,A,,,,,,,,2,
DATAFLOW,OECD.SDD.TPS:DSD_PRICES@DF_PRICES_ALL(1.0),,I,COL,,Q,,N,,CPI,,PA,,_T,,N,,GY,,2018-Q2,,3.162381,,A,,,,,,,,2,
DATAFLOW,OECD.SDD.TPS:DSD_PRICES@DF_PRICES_ALL(1.0),,I,COL,,Q,,N,,CPI,,PA,,_T,,N,,GY,,2018-Q3,,3.14856,,A,,,,,,,,2,
DATAFLOW,OECD.SDD.TPS:DSD_PRICES@DF_PRICES_ALL(1.0),,I,COL,,Q,,N,,CPI,,PA,,_T,,N,,GY,,2018-Q4,,3.260765,,A,,,,,,,,2,
DATAFLOW,OECD.SDD.TPS:DSD_PRICES@DF_PRICES_ALL(1.0),,I,COL,,Q,,N,,CPI,,PA,,_T,,N,,GY,,2019-Q1,,3.129196,,A,,,,,,,,2,
DATAFLOW,OECD.SDD.TPS:DSD_PRICES@DF_PRICES_ALL(1.0),,I,COL,,Q,,N,,CPI,,PA,,_T,,N,,GY,,2019-Q2,,3.331961,,A,,,,,,,,2,
DATAFLOW,OECD.SDD.TPS:DSD_PRICES@DF_PRICES_ALL(1.0),,I,COL,,Q,,N,,CPI,,PA,,_T,,N,,GY,,2019-Q3,,3.786708,,A,,,,,,,,2,
DATAFLOW,OECD.SDD.TPS:DSD_PRICES@DF_PRICES_ALL(1.0),,I,COL,,Q,,N,,CPI,,PA,,_T,,N,,GY,,2019-Q4,,3.837463,,A,,,,,,,,2,
DATAFLOW,OECD.SDD.TPS:DSD_PRICES@DF_PRICES_ALL(1.0),,I,COL,,Q,,N,,CPI,,PA,,_T,,N,,GY,,2020-Q1,,3.732994,,A,,,,,,,,2,
DATAFLOW,OECD.SDD.TPS:DSD_PRICES@DF_PRICES_ALL(1.0),,I,COL,,Q,,N,,CPI,,PA,,_T,,N,,GY,,2020-Q2,,2.848354,,A,,,,,,,,2,
DATAFLOW,OECD.SDD.TPS:DSD_PRICES@DF_PRICES_ALL(1.0),,I,COL,,Q,,N,,CPI,,PA,,_T,,N,,GY,,2020-Q3,,1.938496,,A,,,,,,,,2,
DATAFLOW,OECD.SDD.TPS:DSD_PRICES@DF_PRICES_ALL(1.0),,I,COL,,Q,,N,,CPI,,PA,,_T,,N,,GY,,2020-Q4,,1.615969,,A,,,,,,,,2,
DATAFLOW,OECD.SDD.TPS:DSD_PRICES@DF_PRICES_ALL(1.0),,I,COL,,Q,,N,,CPI,,PA,,_T,,N,,GY,,2021-Q1,,1.555435,,A,,,,,,,,2,
DATAFLOW,OECD.SDD.TPS:DSD_PRICES@DF_PRICES_ALL(1.0),,I,COL,,Q,,N,,CPI,,PA,,_T,,N,,GY,,2021-Q2,,2.957476,,A,,,,,,,,2,
DATAFLOW,OECD.SDD.TPS:DSD_PRICES@DF_PRICES_ALL(1.0),,I,COL,,Q,,N,,CPI,,PA,,_T,,N,,GY,,2021-Q3,,4.307304,,A,,,,,,,,2,
DATAFLOW,OECD.SDD.TPS:DSD_PRICES@DF_PRICES_ALL(1.0),,I,COL,,Q,,N,,CPI,,PA,,_T,,N,,GY,,2021-Q4,,5.155358,,A,,,,,,,,2,
DATAFLOW,OECD.SDD.TPS:DSD_PRICES@DF_PRICES_ALL(1.0),,I,COL,,Q,,N,,CPI,,PA,,_T,,N,,GY,,2022-Q2,,9.325147,,A,,,,,,,,2,
DATAFLOW,OECD.SDD.TPS:DSD_PRICES@DF_PRICES_ALL(1.0),,I,COL,,Q,,N,,CPI,,PA,,_T,,N,,GY,,2022-Q3,,10.82893,,A,,,,,,,,2,
DATAFLOW,OECD.SDD.TPS:DSD_PRICES@DF_PRICES_ALL(1.0),,I,COL,,Q,,N,,CPI,,PA,,_T,,N,,GY,,2022-Q4,,12.62709,,A,,,,,,,,2,
DATAFLOW,OECD.SDD.TPS:DSD_PRICES@DF_PRICES_ALL(1.0),,I,COL,,Q,,N,,CPI,,PA,,_T,,N,,GY,,2023-Q1,,13.29216,,A,,,,,,,,2,
DATAFLOW,OECD.SDD.TPS:DSD_PRICES@DF_PRICES_ALL(1.0),,I,COL,,Q,,N,,CPI,,PA,,_T,,N,,GY,,2023-Q2,,12.43598,,A,,,,,,,,2,
DATAFLOW,OECD.SDD.TPS:DSD_PRICES@DF_PRICES_ALL(1.0),,I,COL,,Q,,N,,CPI,,PA,,_T,,N,,GY,,2023-Q3,,11.39964,,A,,,,,,,,2,
DATAFLOW,OECD.SDD.TPS:DSD_PRICES@DF_PRICES_ALL(1.0),,I,COL,,Q,,N,,CPI,,PA,,_T,,N,,GY,,2023-Q4,,9.963579,,A,,,,,,,,2,
DATAFLOW,OECD.SDD.TPS:DSD_PRICES@DF_PRICES_ALL(1.0),,I,COL,,Q,,N,,CPI,,PA,,_T,,N,,GY,,2024-Q1,,7.811058,,A,,,,,,,,2,
DATAFLOW,OECD.SDD.TPS:DSD_PRICES@DF_PRICES_ALL(1.0),,I,COL,,Q,,N,,CPI,,PA,,_T,,N,,GY,,2024-Q2,,7.167578,,A,,,,,,,,2,
DATAFLOW,OECD.SDD.TPS:DSD_PRICES@DF_PRICES_ALL(1.0),,I,COL,,Q,,N,,CPI,,PA,,_T,,N,,GY,,2024-Q3,,6.260894,,A,,,,,,,,2,
DATAFLOW,OECD.SDD.TPS:DSD_PRICES@DF_PRICES_ALL(1.0),,I,COL,,Q,,N,,CPI,,PA,,_T,,N,,GY,,2024-Q4,,5.268537,,A,,,,,,,,2,
DATAFLOW,OECD.SDD.TPS:DSD_PRICES@DF_PRICES_ALL(1.0),,I,COL,,Q,,N,,CPI,,PA,,_T,,N,,GY,,2025-Q1,,5.196176,,A,,,,,,,,2,
DATAFLOW,OECD.SDD.TPS:DSD_PRICES@DF_PRICES_ALL(1.0),,I,COL,,Q,,N,,CPI,,PA,,_T,,N,,GY,,2025-Q2,,5.011069,,A,,,,,,,,2,
DATAFLOW,OECD.SDD.TPS:DSD_PRICES@DF_PRICES_ALL(1.0),,I,COL,,Q,,N,,CPI,,PA,,_T,,N,,GY,,2025-Q3,,5.057691,,A,,,,,,,,2,
DATAFLOW,OECD.SDD.TPS:DSD_PRICES@DF_PRICES_ALL(1.0),,I,COL,,Q,,N,,CPI,,PA,,_T,,N,,GY,,2025-Q4,,5.303894,,A,,,,,,,,2,
DATAFLOW,OECD.SDD.TPS:DSD_PRICES@DF_PRICES_ALL(1.0),,I,COL,,Q,,N,,CPI,,PA,,_T,,N,,GY,,2026-Q1,,5.401302,,A,,,,,,,,2,
DATAFLOW,OECD.SDD.TPS:DSD_PRICES@DF_PRICES_ALL(1.0),,I,CHL,,Q,,N,,CPI,,PA,,_T,,N,,GY,,1996-Q3,,6.768616,,A,,,,,,,,2,
DATAFLOW,OECD.SDD.TPS:DSD_PRICES@DF_PRICES_ALL(1.0),,I,CHL,,Q,,N,,CPI,,PA,,_T,,N,,GY,,1996-Q4,,6.464273,,A,,,,,,,,2,
DATAFLOW,OECD.SDD.TPS:DSD_PRICES@DF_PRICES_ALL(1.0),,I,CHL,,Q,,N,,CPI,,PA,,_T,,N,,GY,,1997-Q1,,6.955658,,A,,,,,,,,2,
DATAFLOW,OECD.SDD.TPS:DSD_PRICES@DF_PRICES_ALL(1.0),,I,CHL,,Q,,N,,CPI,,PA,,_T,,N,,GY,,1997-Q2,,5.58293,,A,,,,,,,,2,
DATAFLOW,OECD.SDD.TPS:DSD_PRICES@DF_PRICES_ALL(1.0),,I,CHL,,Q,,N,,CPI,,PA,,_T,,N,,GY,,1997-Q3,,5.721583,,A,,,,,,,,2,
DATAFLOW,OECD.SDD.TPS:DSD_PRICES@DF_PRICES_ALL(1.0),,I,CHL,,Q,,N,,CPI,,PA,,_T,,N,,GY,,1997-Q4,,6.294981,,A,,,,,,,,2,
DATAFLOW,OECD.SDD.TPS:DSD_PRICES@DF_PRICES_ALL(1.0),,I,CHL,,Q,,N,,CPI,,PA,,_T,,N,,GY,,1998-Q1,,5.596823,,A,,,,,,,,2,
DATAFLOW,OECD.SDD.TPS:DSD_PRICES@DF_PRICES_ALL(1.0),,I,CHL,,Q,,N,,CPI,,PA,,_T,,N,,GY,,1998-Q2,,5.385833,,A,,,,,,,,2,
DATAFLOW,OECD.SDD.TPS:DSD_PRICES@DF_PRICES_ALL(1.0),,I,CHL,,Q,,N,,CPI,,PA,,_T,,N,,GY,,1998-Q3,,5.067483,,A,,,,,,,,2,
DATAFLOW,OECD.SDD.TPS:DSD_PRICES@DF_PRICES_ALL(1.0),,I,CHL,,Q,,N,,CPI,,PA,,_T,,N,,GY,,1998-Q4,,4.421213,,A,,,,,,,,2,
DATAFLOW,OECD.SDD.TPS:DSD_PRICES@DF_PRICES_ALL(1.0),,I,CHL,,Q,,N,,CPI,,PA,,_T,,N,,GY,,1999-Q1,,3.817283,,A,,,,,,,,2,
DATAFLOW,OECD.SDD.TPS:DSD_PRICES@DF_PRICES_ALL(1.0),,I,CHL,,Q,,N,,CPI,,PA,,_T,,N,,GY,,1999-Q2,,3.919019,,A,,,,,,,,2,
DATAFLOW,OECD.SDD.TPS:DSD_PRICES@DF_PRICES_ALL(1.0),,I,CHL,,Q,,N,,CPI,,PA,,_T,,N,,GY,,1999-Q3,,3.188753,,A,,,,,,,,2,
DATAFLOW,OECD.SDD.TPS:DSD_PRICES@DF_PRICES_ALL(1.0),,I,CHL,,Q,,N,,CPI,,PA,,_T,,N,,GY,,1999-Q4,,2.451526,,A,,,,,,,,2,
DATAFLOW,OECD.SDD.TPS:DSD_PRICES@DF_PRICES_ALL(1.0),,I,CHL,,Q,,N,,CPI,,PA,,_T,,N,,GY,,2000-Q1,,3.195536,,A,,,,,,,,2,
DATAFLOW,OECD.SDD.TPS:DSD_PRICES@DF_PRICES_ALL(1.0),,I,CHL,,Q,,N,,CPI,,PA,,_T,,N,,GY,,2000-Q2,,3.628073,,A,,,,,,,,2,
DATAFLOW,OECD.SDD.TPS:DSD_PRICES@DF_PRICES_ALL(1.0),,I,CHL,,Q,,N,,CPI,,PA,,_T,,N,,GY,,2000-Q3,,3.962139,,A,,,,,,,,2,
DATAFLOW,OECD.SDD.TPS:DSD_PRICES@DF_PRICES_ALL(1.0),,I,CHL,,Q,,N,,CPI,,PA,,_T,,N,,GY,,2000-Q4,,4.572114,,A,,,,,,,,2,
DATAFLOW,OECD.SDD.TPS:DSD_PRICES@DF_PRICES_ALL(1.0),,I,CHL,,Q,,N,,CPI,,PA,,_T,,N,,GY,,2001-Q1,,4.005435,,A,,,,,,,,2,
DATAFLOW,OECD.SDD.TPS:DSD_PRICES@DF_PRICES_ALL(1.0),,I,CHL,,Q,,N,,CPI,,PA,,_T,,N,,GY,,2001-Q2,,3.603055,,A,,,,,,,,2,
DATAFLOW,OECD.SDD.TPS:DSD_PRICES@DF_PRICES_ALL(1.0),,I,CHL,,Q,,N,,CPI,,PA,,_T,,N,,GY,,2001-Q3,,3.640401,,A,,,,,,,,2,
DATAFLOW,OECD.SDD.TPS:DSD_PRICES@DF_PRICES_ALL(1.0),,I,CHL,,Q,,N,,CPI,,PA,,_T,,N,,GY,,2001-Q4,,3.043973,,A,,,,,,,,2,
DATAFLOW,OECD.SDD.TPS:DSD_PRICES@DF_PRICES_ALL(1.0),,I,CHL,,Q,,N,,CPI,,PA,,_T,,N,,GY,,2002-Q1,,2.442765,,A,,,,,,,,2,
DATAFLOW,OECD.SDD.TPS:DSD_PRICES@DF_PRICES_ALL(1.0),,I,CHL,,Q,,N,,CPI,,PA,,_T,,N,,GY,,2002-Q2,,2.204003,,A,,,,,,,,2,
DATAFLOW,OECD.SDD.TPS:DSD_PRICES@DF_PRICES_ALL(1.0),,I,CHL,,Q,,N,,CPI,,PA,,_T,,N,,GY,,2002-Q3,,2.361111,,A,,,,,,,,2,
DATAFLOW,OECD.SDD.TPS:DSD_PRICES@DF_PRICES_ALL(1.0),,I,CHL,,Q,,N,,CPI,,PA,,_T,,N,,GY,,2002-Q4,,2.943184,,A,,,,,,,,2,
DATAFLOW,OECD.SDD.TPS:DSD_PRICES@DF_PRICES_ALL(1.0),,I,CHL,,Q,,N,,CPI,,PA,,_T,,N,,GY,,2003-Q1,,3.77719,,A,,,,,,,,2,
DATAFLOW,OECD.SDD.TPS:DSD_PRICES@DF_PRICES_ALL(1.0),,I,CHL,,Q,,N,,CPI,,PA,,_T,,N,,GY,,2003-Q2,,3.718535,,A,,,,,,,,2,
DATAFLOW,OECD.SDD.TPS:DSD_PRICES@DF_PRICES_ALL(1.0),,I,CHL,,Q,,N,,CPI,,PA,,_T,,N,,GY,,2003-Q3,,2.726973,,A,,,,,,,,2,
DATAFLOW,OECD.SDD.TPS:DSD_PRICES@DF_PRICES_ALL(1.0),,I,CHL,,Q,,N,,CPI,,PA,,_T,,N,,GY,,2003-Q4,,1.06591,,A,,,,,,,,2,
DATAFLOW,OECD.SDD.TPS:DSD_PRICES@DF_PRICES_ALL(1.0),,I,CHL,,Q,,N,,CPI,,PA,,_T,,N,,GY,,2004-Q1,,0.005871178,,A,,,,,,,,2,
DATAFLOW,OECD.SDD.TPS:DSD_PRICES@DF_PRICES_ALL(1.0),,I,CHL,,Q,,N,,CPI,,PA,,_T,,N,,GY,,2004-Q2,,0.4618967,,A,,,,,,,,2,
DATAFLOW,OECD.SDD.TPS:DSD_PRICES@DF_PRICES_ALL(1.0),,I,CHL,,Q,,N,,CPI,,PA,,_T,,N,,GY,,2004-Q3,,1.475833,,A,,,,,,,,2,
DATAFLOW,OECD.SDD.TPS:DSD_PRICES@DF_PRICES_ALL(1.0),,I,CHL,,Q,,N,,CPI,,PA,,_T,,N,,GY,,2004-Q4,,2.2723,,A,,,,,,,,2,
DATAFLOW,OECD.SDD.TPS:DSD_PRICES@DF_PRICES_ALL(1.0),,I,CHL,,Q,,N,,CPI,,PA,,_T,,N,,GY,,2005-Q1,,2.294238,,A,,,,,,,,2,
DATAFLOW,OECD.SDD.TPS:DSD_PRICES@DF_PRICES_ALL(1.0),,I,CHL,,Q,,N,,CPI,,PA,,_T,,N,,GY,,2005-Q2,,2.765686,,A,,,,,,,,2,
DATAFLOW,OECD.SDD.TPS:DSD_PRICES@DF_PRICES_ALL(1.0),,I,CHL,,Q,,N,,CPI,,PA,,_T,,N,,GY,,2005-Q3,,3.320167,,A,,,,,,,,2,
DATAFLOW,OECD.SDD.TPS:DSD_PRICES@DF_PRICES_ALL(1.0),,I,CHL,,Q,,N,,CPI,,PA,,_T,,N,,GY,,2005-Q4,,3.807889,,A,,,,,,,,2,
DATAFLOW,OECD.SDD.TPS:DSD_PRICES@DF_PRICES_ALL(1.0),,I,CHL,,Q,,N,,CPI,,PA,,_T,,N,,GY,,2006-Q1,,4.064147,,A,,,,,,,,2,
DATAFLOW,OECD.SDD.TPS:DSD_PRICES@DF_PRICES_ALL(1.0),,I,CHL,,Q,,N,,CPI,,PA,,_T,,N,,GY,,2006-Q2,,3.807534,,A,,,,,,,,2,
DATAFLOW,OECD.SDD.TPS:DSD_PRICES@DF_PRICES_ALL(1.0),,I,CHL,,Q,,N,,CPI,,PA,,_T,,N,,GY,,2006-Q3,,3.487291,,A,,,,,,,,2,
DATAFLOW,OECD.SDD.TPS:DSD_PRICES@DF_PRICES_ALL(1.0),,I,CHL,,Q,,N,,CPI,,PA,,_T,,N,,GY,,2006-Q4,,2.246974,,A,,,,,,,,2,
DATAFLOW,OECD.SDD.TPS:DSD_PRICES@DF_PRICES_ALL(1.0),,I,CHL,,Q,,N,,CPI,,PA,,_T,,N,,GY,,2007-Q1,,2.688575,,A,,,,,,,,2,
DATAFLOW,OECD.SDD.TPS:DSD_PRICES@DF_PRICES_ALL(1.0),,I,CHL,,Q,,N,,CPI,,PA,,_T,,N,,GY,,2007-Q2,,2.863805,,A,,,,,,,,2,
DATAFLOW,OECD.SDD.TPS:DSD_PRICES@DF_PRICES_ALL(1.0),,I,CHL,,Q,,N,,CPI,,PA,,_T,,N,,GY,,2007-Q3,,4.787195,,A,,,,,,,,2,
DATAFLOW,OECD.SDD.TPS:DSD_PRICES@DF_PRICES_ALL(1.0),,I,CHL,,Q,,N,,CPI,,PA,,_T,,N,,GY,,2007-Q4,,7.236781,,A,,,,,,,,2,
DATAFLOW,OECD.SDD.TPS:DSD_PRICES@DF_PRICES_ALL(1.0),,I,CHL,,Q,,N,,CPI,,PA,,_T,,N,,GY,,2008-Q1,,8.01183,,A,,,,,,,,2,
DATAFLOW,OECD.SDD.TPS:DSD_PRICES@DF_PRICES_ALL(1.0),,I,CHL,,Q,,N,,CPI,,PA,,_T,,N,,GY,,2008-Q2,,8.886446,,A,,,,,,,,2,
DATAFLOW,OECD.SDD.TPS:DSD_PRICES@DF_PRICES_ALL(1.0),,I,CHL,,Q,,N,,CPI,,PA,,_T,,N,,GY,,2008-Q3,,9.337081,,A,,,,,,,,2,
DATAFLOW,OECD.SDD.TPS:DSD_PRICES@DF_PRICES_ALL(1.0),,I,CHL,,Q,,N,,CPI,,PA,,_T,,N,,GY,,2008-Q4,,8.605663,,A,,,,,,,,2,
DATAFLOW,OECD.SDD.TPS:DSD_PRICES@DF_PRICES_ALL(1.0),,I,CHL,,Q,,N,,CPI,,PA,,_T,,N,,GY,,2009-Q1,,4.834683,,A,,,,,,,,2,
DATAFLOW,OECD.SDD.TPS:DSD_PRICES@DF_PRICES_ALL(1.0),,I,CHL,,Q,,N,,CPI,,PA,,_T,,N,,GY,,2009-Q2,,1.810254,,A,,,,,,,,2,
DATAFLOW,OECD.SDD.TPS:DSD_PRICES@DF_PRICES_ALL(1.0),,I,CHL,,Q,,N,,CPI,,PA,,_T,,N,,GY,,2009-Q3,,-1.854126,,A,,,,,,,,2,
DATAFLOW,OECD.SDD.TPS:DSD_PRICES@DF_PRICES_ALL(1.0),,I,CHL,,Q,,N,,CPI,,PA,,_T,,N,,GY,,2009-Q4,,-3.029213,,A,,,,,,,,2,
DATAFLOW,OECD.SDD.TPS:DSD_PRICES@DF_PRICES_ALL(1.0),,I,CHL,,Q,,N,,CPI,,PA,,_T,,N,,GY,,2010-Q1,,-0.2583496,,A,,,,,,,,2,
DATAFLOW,OECD.SDD.TPS:DSD_PRICES@DF_PRICES_ALL(1.0),,I,CHL,,Q,,N,,CPI,,PA,,_T,,N,,GY,,2010-Q2,,1.192864,,A,,,,,,,,2,
DATAFLOW,OECD.SDD.TPS:DSD_PRICES@DF_PRICES_ALL(1.0),,I,CHL,,Q,,N,,CPI,,PA,,_T,,N,,GY,,2010-Q3,,2.246809,,A,,,,,,,,2,
DATAFLOW,OECD.SDD.TPS:DSD_PRICES@DF_PRICES_ALL(1.0),,I,CHL,,Q,,N,,CPI,,PA,,_T,,N,,GY,,2010-Q4,,2.473324,,A,,,,,,,,2,
DATAFLOW,OECD.SDD.TPS:DSD_PRICES@DF_PRICES_ALL(1.0),,I,CHL,,Q,,N,,CPI,,PA,,_T,,N,,GY,,2011-Q1,,2.919041,,A,,,,,,,,2,
DATAFLOW,OECD.SDD.TPS:DSD_PRICES@DF_PRICES_ALL(1.0),,I,CHL,,Q,,N,,CPI,,PA,,_T,,N,,GY,,2011-Q2,,3.304145,,A,,,,,,,,2,
DATAFLOW,OECD.SDD.TPS:DSD_PRICES@DF_PRICES_ALL(1.0),,I,CHL,,Q,,N,,CPI,,PA,,_T,,N,,GY,,2011-Q3,,3.118583,,A,,,,,,,,2,
DATAFLOW,OECD.SDD.TPS:DSD_PRICES@DF_PRICES_ALL(1.0),,I,CHL,,Q,,N,,CPI,,PA,,_T,,N,,GY,,2011-Q4,,4.01295,,A,,,,,,,,2,
DATAFLOW,OECD.SDD.TPS:DSD_PRICES@DF_PRICES_ALL(1.0),,I,CHL,,Q,,N,,CPI,,PA,,_T,,N,,GY,,2012-Q1,,4.146589,,A,,,,,,,,2,
DATAFLOW,OECD.SDD.TPS:DSD_PRICES@DF_PRICES_ALL(1.0),,I,CHL,,Q,,N,,CPI,,PA,,_T,,N,,GY,,2012-Q2,,3.09825,,A,,,,,,,,2,
DATAFLOW,OECD.SDD.TPS:DSD_PRICES@DF_PRICES_ALL(1.0),,I,CHL,,Q,,N,,CPI,,PA,,_T,,N,,GY,,2012-Q3,,2.638457,,A,,,,,,,,2,
DATAFLOW,OECD.SDD.TPS:DSD_PRICES@DF_PRICES_ALL(1.0),,I,CHL,,Q,,N,,CPI,,PA,,_T,,N,,GY,,2012-Q4,,2.178899,,A,,,,,,,,2,
DATAFLOW,OECD.SDD.TPS:DSD_PRICES@DF_PRICES_ALL(1.0),,I,CHL,,Q,,N,,CPI,,PA,,_T,,N,,GY,,2013-Q1,,1.469216,,A,,,,,,,,2,
DATAFLOW,OECD.SDD.TPS:DSD_PRICES@DF_PRICES_ALL(1.0),,I,CHL,,Q,,N,,CPI,,PA,,_T,,N,,GY,,2013-Q2,,1.271718,,A,,,,,,,,2,
DATAFLOW,OECD.SDD.TPS:DSD_PRICES@DF_PRICES_ALL(1.0),,I,CHL,,Q,,N,,CPI,,PA,,_T,,N,,GY,,2013-Q3,,2.105816,,A,,,,,,,,2,
DATAFLOW,OECD.SDD.TPS:DSD_PRICES@DF_PRICES_ALL(1.0),,I,CHL,,Q,,N,,CPI,,PA,,_T,,N,,GY,,2013-Q4,,2.304794,,A,,,,,,,,2,
DATAFLOW,OECD.SDD.TPS:DSD_PRICES@DF_PRICES_ALL(1.0),,I,CHL,,Q,,N,,CPI,,PA,,_T,,N,,GY,,2014-Q1,,3.423863,,A,,,,,,,,2,
DATAFLOW,OECD.SDD.TPS:DSD_PRICES@DF_PRICES_ALL(1.0),,I,CHL,,Q,,N,,CPI,,PA,,_T,,N,,GY,,2014-Q2,,5.054989,,A,,,,,,,,2,
DATAFLOW,OECD.SDD.TPS:DSD_PRICES@DF_PRICES_ALL(1.0),,I,CHL,,Q,,N,,CPI,,PA,,_T,,N,,GY,,2014-Q3,,4.900641,,A,,,,,,,,2,
DATAFLOW,OECD.SDD.TPS:DSD_PRICES@DF_PRICES_ALL(1.0),,I,CHL,,Q,,N,,CPI,,PA,,_T,,N,,GY,,2014-Q4,,5.477413,,A,,,,,,,,2,
DATAFLOW,OECD.SDD.TPS:DSD_PRICES@DF_PRICES_ALL(1.0),,I,CHL,,Q,,N,,CPI,,PA,,_T,,N,,GY,,2015-Q1,,4.374057,,A,,,,,,,,2,
DATAFLOW,OECD.SDD.TPS:DSD_PRICES@DF_PRICES_ALL(1.0),,I,CHL,,Q,,N,,CPI,,PA,,_T,,N,,GY,,2015-Q2,,4.179832,,A,,,,,,,,2,
DATAFLOW,OECD.SDD.TPS:DSD_PRICES@DF_PRICES_ALL(1.0),,I,CHL,,Q,,N,,CPI,,PA,,_T,,N,,GY,,2015-Q3,,4.74717,,A,,,,,,,,2,
DATAFLOW,OECD.SDD.TPS:DSD_PRICES@DF_PRICES_ALL(1.0),,I,CHL,,Q,,N,,CPI,,PA,,_T,,N,,GY,,2015-Q4,,4.097173,,A,,,,,,,,2,
DATAFLOW,OECD.SDD.TPS:DSD_PRICES@DF_PRICES_ALL(1.0),,I,CHL,,Q,,N,,CPI,,PA,,_T,,N,,GY,,2016-Q1,,4.650215,,A,,,,,,,,2,
DATAFLOW,OECD.SDD.TPS:DSD_PRICES@DF_PRICES_ALL(1.0),,I,CHL,,Q,,N,,CPI,,PA,,_T,,N,,GY,,2016-Q2,,4.209449,,A,,,,,,,,2,
DATAFLOW,OECD.SDD.TPS:DSD_PRICES@DF_PRICES_ALL(1.0),,I,CHL,,Q,,N,,CPI,,PA,,_T,,N,,GY,,2016-Q3,,3.494488,,A,,,,,,,,2,
DATAFLOW,OECD.SDD.TPS:DSD_PRICES@DF_PRICES_ALL(1.0),,I,CHL,,Q,,N,,CPI,,PA,,_T,,N,,GY,,2016-Q4,,2.829717,,A,,,,,,,,2,
DATAFLOW,OECD.SDD.TPS:DSD_PRICES@DF_PRICES_ALL(1.0),,I,CHL,,Q,,N,,CPI,,PA,,_T,,N,,GY,,2017-Q1,,2.754665,,A,,,,,,,,2,
DATAFLOW,OECD.SDD.TPS:DSD_PRICES@DF_PRICES_ALL(1.0),,I,CHL,,Q,,N,,CPI,,PA,,_T,,N,,GY,,2017-Q2,,2.303727,,A,,,,,,,,2,
DATAFLOW,OECD.SDD.TPS:DSD_PRICES@DF_PRICES_ALL(1.0),,I,CHL,,Q,,N,,CPI,,PA,,_T,,N,,GY,,2017-Q3,,1.663882,,A,,,,,,,,2,
DATAFLOW,OECD.SDD.TPS:DSD_PRICES@DF_PRICES_ALL(1.0),,I,CHL,,Q,,N,,CPI,,PA,,_T,,N,,GY,,2017-Q4,,2.019641,,A,,,,,,,,2,
DATAFLOW,OECD.SDD.TPS:DSD_PRICES@DF_PRICES_ALL(1.0),,I,CHL,,Q,,N,,CPI,,PA,,_T,,N,,GY,,2018-Q1,,1.998553,,A,,,,,,,,2,
DATAFLOW,OECD.SDD.TPS:DSD_PRICES@DF_PRICES_ALL(1.0),,I,CHL,,Q,,N,,CPI,,PA,,_T,,N,,GY,,2018-Q2,,2.155882,,A,,,,,,,,2,
DATAFLOW,OECD.SDD.TPS:DSD_PRICES@DF_PRICES_ALL(1.0),,I,CHL,,Q,,N,,CPI,,PA,,_T,,N,,GY,,2018-Q3,,2.81449,,A,,,,,,,,2,
DATAFLOW,OECD.SDD.TPS:DSD_PRICES@DF_PRICES_ALL(1.0),,I,CHL,,Q,,N,,CPI,,PA,,_T,,N,,GY,,2018-Q4,,2.7654,,A,,,,,,,,2,
DATAFLOW,OECD.SDD.TPS:DSD_PRICES@DF_PRICES_ALL(1.0),,I,CHL,,Q,,N,,CPI,,PA,,_T,,N,,GY,,2019-Q1,,2.29722,,A,,,,,,,,2,
DATAFLOW,OECD.SDD.TPS:DSD_PRICES@DF_PRICES_ALL(1.0),,I,CHL,,Q,,N,,CPI,,PA,,_T,,N,,GY,,2019-Q2,,2.630431,,A,,,,,,,,2,
DATAFLOW,OECD.SDD.TPS:DSD_PRICES@DF_PRICES_ALL(1.0),,I,CHL,,Q,,N,,CPI,,PA,,_T,,N,,GY,,2019-Q3,,2.464367,,A,,,,,,,,2,
DATAFLOW,OECD.SDD.TPS:DSD_PRICES@DF_PRICES_ALL(1.0),,I,CHL,,Q,,N,,CPI,,PA,,_T,,N,,GY,,2019-Q4,,2.833311,,A,,,,,,,,2,
DATAFLOW,OECD.SDD.TPS:DSD_PRICES@DF_PRICES_ALL(1.0),,I,CHL,,Q,,N,,CPI,,PA,,_T,,N,,GY,,2020-Q1,,3.698689,,A,,,,,,,,2,
DATAFLOW,OECD.SDD.TPS:DSD_PRICES@DF_PRICES_ALL(1.0),,I,CHL,,Q,,N,,CPI,,PA,,_T,,N,,GY,,2020-Q2,,2.932427,,A,,,,,,,,2,
DATAFLOW,OECD.SDD.TPS:DSD_PRICES@DF_PRICES_ALL(1.0),,I,CHL,,Q,,N,,CPI,,PA,,_T,,N,,GY,,2020-Q3,,2.678107,,A,,,,,,,,2,
DATAFLOW,OECD.SDD.TPS:DSD_PRICES@DF_PRICES_ALL(1.0),,I,CHL,,Q,,N,,CPI,,PA,,_T,,N,,GY,,2020-Q4,,2.883996,,A,,,,,,,,2,
DATAFLOW,OECD.SDD.TPS:DSD_PRICES@DF_PRICES_ALL(1.0),,I,CHL,,Q,,N,,CPI,,PA,,_T,,N,,GY,,2021-Q1,,2.948951,,A,,,,,,,,2,
DATAFLOW,OECD.SDD.TPS:DSD_PRICES@DF_PRICES_ALL(1.0),,I,CHL,,Q,,N,,CPI,,PA,,_T,,N,,GY,,2021-Q2,,3.592073,,A,,,,,,,,2,
DATAFLOW,OECD.SDD.TPS:DSD_PRICES@DF_PRICES_ALL(1.0),,I,CHL,,Q,,N,,CPI,,PA,,_T,,N,,GY,,2021-Q3,,4.887313,,A,,,,,,,,2,
DATAFLOW,OECD.SDD.TPS:DSD_PRICES@DF_PRICES_ALL(1.0),,I,CHL,,Q,,N,,CPI,,PA,,_T,,N,,GY,,2021-Q4,,6.632462,,A,,,,,,,,2,
DATAFLOW,OECD.SDD.TPS:DSD_PRICES@DF_PRICES_ALL(1.0),,I,CHL,,Q,,N,,CPI,,PA,,_T,,N,,GY,,2022-Q1,,8.308844,,A,,,,,,,,2,
DATAFLOW,OECD.SDD.TPS:DSD_PRICES@DF_PRICES_ALL(1.0),,I,CHL,,Q,,N,,CPI,,PA,,_T,,N,,GY,,2022-Q2,,11.51853,,A,,,,,,,,2,
DATAFLOW,OECD.SDD.TPS:DSD_PRICES@DF_PRICES_ALL(1.0),,I,CHL,,Q,,N,,CPI,,PA,,_T,,N,,GY,,2022-Q3,,13.64679,,A,,,,,,,,2,
DATAFLOW,OECD.SDD.TPS:DSD_PRICES@DF_PRICES_ALL(1.0),,I,CHL,,Q,,N,,CPI,,PA,,_T,,N,,GY,,2022-Q4,,12.9797,,A,,,,,,,,2,
DATAFLOW,OECD.SDD.TPS:DSD_PRICES@DF_PRICES_ALL(1.0),,I,CHL,,Q,,N,,CPI,,PA,,_T,,N,,GY,,2023-Q1,,11.78705,,A,,,,,,,,2,
DATAFLOW,OECD.SDD.TPS:DSD_PRICES@DF_PRICES_ALL(1.0),,I,CHL,,Q,,N,,CPI,,PA,,_T,,N,,GY,,2023-Q2,,8.723264,,A,,,,,,,,2,
DATAFLOW,OECD.SDD.TPS:DSD_PRICES@DF_PRICES_ALL(1.0),,I,CHL,,Q,,N,,CPI,,PA,,_T,,N,,GY,,2023-Q3,,5.632269,,A,,,,,,,,2,
DATAFLOW,OECD.SDD.TPS:DSD_PRICES@DF_PRICES_ALL(1.0),,I,CHL,,Q,,N,,CPI,,PA,,_T,,N,,GY,,2023-Q4,,4.58606,,A,,,,,,,,2,
DATAFLOW,OECD.SDD.TPS:DSD_PRICES@DF_PRICES_ALL(1.0),,I,IRL,,Q,,N,,CPI,,PA,,_T,,N,,GY,,1996-Q3,,1.485884,,A,,,,,,,,2,
DATAFLOW,OECD.SDD.TPS:DSD_PRICES@DF_PRICES_ALL(1.0),,I,IRL,,Q,,N,,CPI,,PA,,_T,,N,,GY,,1996-Q4,,1.936801,,A,,,,,,,,2,
DATAFLOW,OECD.SDD.TPS:DSD_PRICES@DF_PRICES_ALL(1.0),,I,IRL,,Q,,N,,CPI,,PA,,_T,,N,,GY,,1997-Q1,,1.501052,,A,,,,,,,,2,
DATAFLOW,OECD.SDD.TPS:DSD_PRICES@DF_PRICES_ALL(1.0),,I,IRL,,Q,,N,,CPI,,PA,,_T,,N,,GY,,1997-Q2,,1.654761,,A,,,,,,,,2,
DATAFLOW,OECD.SDD.TPS:DSD_PRICES@DF_PRICES_ALL(1.0),,I,IRL,,Q,,N,,CPI,,PA,,_T,,N,,GY,,1997-Q3,,1.387914,,A,,,,,,,,2,
DATAFLOW,OECD.SDD.TPS:DSD_PRICES@DF_PRICES_ALL(1.0),,I,IRL,,Q,,N,,CPI,,PA,,_T,,N,,GY,,1997-Q4,,1.623127,,A,,,,,,,,2,
DATAFLOW,OECD.SDD.TPS:DSD_PRICES@DF_PRICES_ALL(1.0),,I,IRL,,Q,,N,,CPI,,PA,,_T,,N,,GY,,1998-Q1,,1.845238,,A,,,,,,,,2,
DATAFLOW,OECD.SDD.TPS:DSD_PRICES@DF_PRICES_ALL(1.0),,I,IRL,,Q,,N,,CPI,,PA,,_T,,N,,GY,,1998-Q2,,2.662722,,A,,,,,,,,2,
DATAFLOW,OECD.SDD.TPS:DSD_PRICES@DF_PRICES_ALL(1.0),,I,IRL,,Q,,N,,CPI,,PA,,_T,,N,,GY,,1998-Q3,,2.953337,,A,,,,,,,,2,
DATAFLOW,OECD.SDD.TPS:DSD_PRICES@DF_PRICES_ALL(1.0),,I,IRL,,Q,,N,,CPI,,PA,,_T,,N,,GY,,1998-Q4,,2.167545,,A,,,,,,,,2,
DATAFLOW,OECD.SDD.TPS:DSD_PRICES@DF_PRICES_ALL(1.0),,I,IRL,,Q,,N,,CPI,,PA,,_T,,N,,GY,,1999-Q1,,1.461134,,A,,,,,,,,2,
DATAFLOW,OECD.SDD.TPS:DSD_PRICES@DF_PRICES_ALL(1.0),,I,IRL,,Q,,N,,CPI,,PA,,_T,,N,,GY,,1999-Q2,,1.325648,,A,,,,,,,,2,
DATAFLOW,OECD.SDD.TPS:DSD_PRICES@DF_PRICES_ALL(1.0),,I,IRL,,Q,,N,,CPI,,PA,,_T,,N,,GY,,1999-Q3,,1.376936,,A,,,,,,,,2,
DATAFLOW,OECD.SDD.TPS:DSD_PRICES@DF_PRICES_ALL(1.0),,I,IRL,,Q,,N,,CPI,,PA,,_T,,N,,GY,,1999-Q4,,2.350917,,A,,,,,,,,2,
DATAFLOW,OECD.SDD.TPS:DSD_PRICES@DF_PRICES_ALL(1.0),,I,IRL,,Q,,N,,CPI,,PA,,_T,,N,,GY,,2000-Q1,,4.320276,,A,,,,,,,,2,
DATAFLOW,OECD.SDD.TPS:DSD_PRICES@DF_PRICES_ALL(1.0),,I,IRL,,Q,,N,,CPI,,PA,,_T,,N,,GY,,2000-Q2,,5.23322,,A,,,,,,,,2,
DATAFLOW,OECD.SDD.TPS:DSD_PRICES@DF_PRICES_ALL(1.0),,I,IRL,,Q,,N,,CPI,,PA,,_T,,N,,GY,,2000-Q3,,6.168647,,A,,,,,,,,2,
DATAFLOW,OECD.SDD.TPS:DSD_PRICES@DF_PRICES_ALL(1.0),,I,IRL,,Q,,N,,CPI,,PA,,_T,,N,,GY,,2000-Q4,,6.554622,,A,,,,,,,,2,
DATAFLOW,OECD.SDD.TPS:DSD_PRICES@DF_PRICES_ALL(1.0),,I,IRL,,Q,,N,,CPI,,PA,,_T,,N,,GY,,2001-Q1,,5.300939,,A,,,,,,,,2,
DATAFLOW,OECD.SDD.TPS:DSD_PRICES@DF_PRICES_ALL(1.0),,I,IRL,,Q,,N,,CPI,,PA,,_T,,N,,GY,,2001-Q2,,5.405406,,A,,,,,,,,2,
DATAFLOW,OECD.SDD.TPS:DSD_PRICES@DF_PRICES_ALL(1.0),,I,IRL,,Q,,N,,CPI,,PA,,_T,,N,,GY,,2001-Q3,,4.637527,,A,,,,,,,,2,
DATAFLOW,OECD.SDD.TPS:DSD_PRICES@DF_PRICES_ALL(1.0),,I,IRL,,Q,,N,,CPI,,PA,,_T,,N,,GY,,2001-Q4,,4.100946,,A,,,,,,,,2,
DATAFLOW,OECD.SDD.TPS:DSD_PRICES@DF_PRICES_ALL(1.0),,I,IRL,,Q,,N,,CPI,,PA,,_T,,N,,GY,,2002-Q1,,4.719455,,A,,,,,,,,2,
DATAFLOW,OECD.SDD.TPS:DSD_PRICES@DF_PRICES_ALL(1.0),,I,IRL,,Q,,N,,CPI,,PA,,_T,,N,,GY,,2002-Q2,,4.615385,,A,,,,,,,,2,
DATAFLOW,OECD.SDD.TPS:DSD_PRICES@DF_PRICES_ALL(1.0),,I,IRL,,Q,,N,,CPI,,PA,,_T,,N,,GY,,2002-Q3,,4.38105,,A,,,,,,,,2,
DATAFLOW,OECD.SDD.TPS:DSD_PRICES@DF_PRICES_ALL(1.0),,I,IRL,,Q,,N,,CPI,,PA,,_T,,N,,GY,,2002-Q4,,4.79798,,A,,,,,,,,2,
DATAFLOW,OECD.SDD.TPS:DSD_PRICES@DF_PRICES_ALL(1.0),,I,IRL,,Q,,N,,CPI,,PA,,_T,,N,,GY,,2003-Q1,,4.957436,,A,,,,,,,,2,
DATAFLOW,OECD.SDD.TPS:DSD_PRICES@DF_PRICES_ALL(1.0),,I,IRL,,Q,,N,,CPI,,PA,,_T,,N,,GY,,2003-Q2,,3.77451,,A,,,,,,,,2,
DATAFLOW,OECD.SDD.TPS:DSD_PRICES@DF_PRICES_ALL(1.0),,I,IRL,,Q,,N,,CPI,,PA,,_T,,N,,GY,,2003-Q3,,3.074671,,A,,,,,,,,2,
DATAFLOW,OECD.SDD.TPS:DSD_PRICES@DF_PRICES_ALL(1.0),,I,IRL,,Q,,N,,CPI,,PA,,_T,,N,,GY,,2003-Q4,,2.216867,,A,,,,,,,,2,
DATAFLOW,OECD.SDD.TPS:DSD_PRICES@DF_PRICES_ALL(1.0),,I,IRL,,Q,,N,,CPI,,PA,,_T,,N,,GY,,2004-Q1,,1.622137,,A,,,,,,,,2,
DATAFLOW,OECD.SDD.TPS:DSD_PRICES@DF_PRICES_ALL(1.0),,I,IRL,,Q,,N,,CPI,,PA,,_T,,N,,GY,,2004-Q2,,1.794993,,A,,,,,,,,2,
DATAFLOW,OECD.SDD.TPS:DSD_PRICES@DF_PRICES_ALL(1.0),,I,IRL,,Q,,N,,CPI,,PA,,_T,,N,,GY,,2004-Q3,,2.604167,,A,,,,,,,,2,
DATAFLOW,OECD.SDD.TPS:DSD_PRICES@DF_PRICES_ALL(1.0),,I,IRL,,Q,,N,,CPI,,PA,,_T,,N,,GY,,2004-Q4,,2.687412,,A,,,,,,,,2,
DATAFLOW,OECD.SDD.TPS:DSD_PRICES@DF_PRICES_ALL(1.0),,I,IRL,,Q,,N,,CPI,,PA,,_T,,N,,GY,,2005-Q1,,2.206573,,A,,,,,,,,2,
DATAFLOW,OECD.SDD.TPS:DSD_PRICES@DF_PRICES_ALL(1.0),,I,IRL,,Q,,N,,CPI,,PA,,_T,,N,,GY,,2005-Q2,,2.320186,,A,,,,,,,,2,
DATAFLOW,OECD.SDD.TPS:DSD_PRICES@DF_PRICES_ALL(1.0),,I,IRL,,Q,,N,,CPI,,PA,,_T,,N,,GY,,2005-Q3,,2.584218,,A,,,,,,,,2,
DATAFLOW,OECD.SDD.TPS:DSD_PRICES@DF_PRICES_ALL(1.0),,I,IRL,,Q,,N,,CPI,,PA,,_T,,N,,GY,,2005-Q4,,2.708907,,A,,,,,,,,2,
DATAFLOW,OECD.SDD.TPS:DSD_PRICES@DF_PRICES_ALL(1.0),,I,IRL,,Q,,N,,CPI,,PA,,_T,,N,,GY,,2006-Q1,,3.215434,,A,,,,,,,,2,
DATAFLOW,OECD.SDD.TPS:DSD_PRICES@DF_PRICES_ALL(1.0),,I,IRL,,Q,,N,,CPI,,PA,,_T,,N,,GY,,2006-Q2,,3.854875,,A,,,,,,,,2,
DATAFLOW,OECD.SDD.TPS:DSD_PRICES@DF_PRICES_ALL(1.0),,I,IRL,,Q,,N,,CPI,,PA,,_T,,N,,GY,,2006-Q3,,4.22852,,A,,,,,,,,2,
DATAFLOW,OECD.SDD.TPS:DSD_PRICES@DF_PRICES_ALL(1.0),,I,IRL,,Q,,N,,CPI,,PA,,_T,,N,,GY,,2006-Q4,,4.42557,,A,,,,,,,,2,
DATAFLOW,OECD.SDD.TPS:DSD_PRICES@DF_PRICES_ALL(1.0),,I,IRL,,Q,,N,,CPI,,PA,,_T,,N,,GY,,2007-Q1,,4.984424,,A,,,,,,,,2,
DATAFLOW,OECD.SDD.TPS:DSD_PRICES@DF_PRICES_ALL(1.0),,I,IRL,,Q,,N,,CPI,,PA,,_T,,N,,GY,,2007-Q2,,5.021834,,A,,,,,,,,2,
DATAFLOW,OECD.SDD.TPS:DSD_PRICES@DF_PRICES_ALL(1.0),,I,IRL,,Q,,N,,CPI,,PA,,_T,,N,,GY,,2007-Q3,,4.747519,,A,,,,,,,,2,
DATAFLOW,OECD.SDD.TPS:DSD_PRICES@DF_PRICES_ALL(1.0),,I,IRL,,Q,,N,,CPI,,PA,,_T,,N,,GY,,2007-Q4,,4.79452,,A,,,,,,,,2,
DATAFLOW,OECD.SDD.TPS:DSD_PRICES@DF_PRICES_ALL(1.0),,I,IRL,,Q,,N,,CPI,,PA,,_T,,N,,GY,,2008-Q1,,4.705384,,A,,,,,,,,2,
DATAFLOW,OECD.SDD.TPS:DSD_PRICES@DF_PRICES_ALL(1.0),,I,IRL,,Q,,N,,CPI,,PA,,_T,,N,,GY,,2008-Q2,,4.573804,,A,,,,,,,,2,
DATAFLOW,OECD.SDD.TPS:DSD_PRICES@DF_PRICES_ALL(1.0),,I,IRL,,Q,,N,,CPI,,PA,,_T,,N,,GY,,2008-Q3,,4.367532,,A,,,,,,,,2,
DATAFLOW,OECD.SDD.TPS:DSD_PRICES@DF_PRICES_ALL(1.0),,I,IRL,,Q,,N,,CPI,,PA,,_T,,N,,GY,,2008-Q4,,2.53268,,A,,,,,,,,2,
DATAFLOW,OECD.SDD.TPS:DSD_PRICES@DF_PRICES_ALL(1.0),,I,IRL,,Q,,N,,CPI,,PA,,_T,,N,,GY,,2009-Q1,,-1.417004,,A,,,,,,,,2,
DATAFLOW,OECD.SDD.TPS:DSD_PRICES@DF_PRICES_ALL(1.0),,I,IRL,,Q,,N,,CPI,,PA,,_T,,N,,GY,,2009-Q2,,-4.493042,,A,,,,,,,,2,
DATAFLOW,OECD.SDD.TPS:DSD_PRICES@DF_PRICES_ALL(1.0),,I,IRL,,Q,,N,,CPI,,PA,,_T,,N,,GY,,2009-Q3,,-6.079747,,A,,,,,,,,2,
DATAFLOW,OECD.SDD.TPS:DSD_PRICES@DF_PRICES_ALL(1.0),,I,IRL,,Q,,N,,CPI,,PA,,_T,,N,,GY,,2009-Q4,,-5.737052,,A,,,,,,,,2,
DATAFLOW,OECD.SDD.TPS:DSD_PRICES@DF_PRICES_ALL(1.0),,I,IRL,,Q,,N,,CPI,,PA,,_T,,N,,GY,,2010-Q1,,-3.367557,,A,,,,,,,,2,
DATAFLOW,OECD.SDD.TPS:DSD_PRICES@DF_PRICES_ALL(1.0),,I,IRL,,Q,,N,,CPI,,PA,,_T,,N,,GY,,2010-Q2,,-1.332223,,A,,,,,,,,2,
DATAFLOW,OECD.SDD.TPS:DSD_PRICES@DF_PRICES_ALL(1.0),,I,IRL,,Q,,N,,CPI,,PA,,_T,,N,,GY,,2010-Q3,,0.1681379,,A,,,,,,,,2,
DATAFLOW,OECD.SDD.TPS:DSD_PRICES@DF_PRICES_ALL(1.0),,I,IRL,,Q,,N,,CPI,,PA,,_T,,N,,GY,,2010-Q4,,0.9298394,,A,,,,,,,,2,
DATAFLOW,OECD.SDD.TPS:DSD_PRICES@DF_PRICES_ALL(1.0),,I,IRL,,Q,,N,,CPI,,PA,,_T,,N,,GY,,2011-Q1,,2.252444,,A,,,,,,,,2,
DATAFLOW,OECD.SDD.TPS:DSD_PRICES@DF_PRICES_ALL(1.0),,I,IRL,,Q,,N,,CPI,,PA,,_T,,N,,GY,,2011-Q2,,2.827004,,A,,,,,,,,2,
DATAFLOW,OECD.SDD.TPS:DSD_PRICES@DF_PRICES_ALL(1.0),,I,IRL,,Q,,N,,CPI,,PA,,_T,,N,,GY,,2011-Q3,,2.433907,,A,,,,,,,,2,
DATAFLOW,OECD.SDD.TPS:DSD_PRICES@DF_PRICES_ALL(1.0),,I,IRL,,Q,,N,,CPI,,PA,,_T,,N,,GY,,2011-Q4,,2.680067,,A,,,,,,,,2,
DATAFLOW,OECD.SDD.TPS:DSD_PRICES@DF_PRICES_ALL(1.0),,I,IRL,,Q,,N,,CPI,,PA,,_T,,N,,GY,,2012-Q1,,2.161263,,A,,,,,,,,2,
DATAFLOW,OECD.SDD.TPS:DSD_PRICES@DF_PRICES_ALL(1.0),,I,IRL,,Q,,N,,CPI,,PA,,_T,,N,,GY,,2012-Q2,,1.805499,,A,,,,,,,,2,
DATAFLOW,OECD.SDD.TPS:DSD_PRICES@DF_PRICES_ALL(1.0),,I,IRL,,Q,,N,,CPI,,PA,,_T,,N,,GY,,2012-Q3,,1.761573,,A,,,,,,,,2,
DATAFLOW,OECD.SDD.TPS:DSD_PRICES@DF_PRICES_ALL(1.0),,I,IRL,,Q,,N,,CPI,,PA,,_T,,N,,GY,,2012-Q4,,1.060359,,A,,,,,,,,2,
DATAFLOW,OECD.SDD.TPS:DSD_PRICES@DF_PRICES_ALL(1.0),,I,IRL,,Q,,N,,CPI,,PA,,_T,,N,,GY,,2013-Q1,,0.9764036,,A,,,,,,,,2,
DATAFLOW,OECD.SDD.TPS:DSD_PRICES@DF_PRICES_ALL(1.0),,I,IRL,,Q,,N,,CPI,,PA,,_T,,N,,GY,,2013-Q2,,0.5239823,,A,,,,,,,,2,
DATAFLOW,OECD.SDD.TPS:DSD_PRICES@DF_PRICES_ALL(1.0),,I,IRL,,Q,,N,,CPI,,PA,,_T,,N,,GY,,2013-Q3,,0.3220612,,A,,,,,,,,2,
DATAFLOW,OECD.SDD.TPS:DSD_PRICES@DF_PRICES_ALL(1.0),,I,IRL,,Q,,N,,CPI,,PA,,_T,,N,,GY,,2013-Q4,,0.2421308,,A,,,,,,,,2,
DATAFLOW,OECD.SDD.TPS:DSD_PRICES@DF_PRICES_ALL(1.0),,I,IRL,,Q,,N,,CPI,,PA,,_T,,N,,GY,,2014-Q1,,0.08058017,,A,,,,,,,,2,
DATAFLOW,OECD.SDD.TPS:DSD_PRICES@DF_PRICES_ALL(1.0),,I,IRL,,Q,,N,,CPI,,PA,,_T,,N,,GY,,2014-Q2,,0.3608661,,A,,,,,,,,2,
DATAFLOW,OECD.SDD.TPS:DSD_PRICES@DF_PRICES_ALL(1.0),,I,IRL,,Q,,N,,CPI,,PA,,_T,,N,,GY,,2014-Q3,,0.3611557,,A,,,,,,,,2,
DATAFLOW,OECD.SDD.TPS:DSD_PRICES@DF_PRICES_ALL(1.0),,I,IRL,,Q,,N,,CPI,,PA,,_T,,N,,GY,,2014-Q4,,-0.04025765,,A,,,,,,,,2,
DATAFLOW,OECD.SDD.TPS:DSD_PRICES@DF_PRICES_ALL(1.0),,I,IRL,,Q,,N,,CPI,,PA,,_T,,N,,GY,,2015-Q1,,-0.6038647,,A,,,,,,,,2,
DATAFLOW,OECD.SDD.TPS:DSD_PRICES@DF_PRICES_ALL(1.0),,I,IRL,,Q,,N,,CPI,,PA,,_T,,N,,GY,,2015-Q2,,-0.4394726,,A,,,,,,,,2,
DATAFLOW,OECD.SDD.TPS:DSD_PRICES@DF_PRICES_ALL(1.0),,I,IRL,,Q,,N,,CPI,,PA,,_T,,N,,GY,,2015-Q3,,-0.19992,,A,,,,,,,,2,
DATAFLOW,OECD.SDD.TPS:DSD_PRICES@DF_PRICES_ALL(1.0),,I,IRL,,Q,,N,,CPI,,PA,,_T,,N,,GY,,2015-Q4,,-0.08054773,,A,,,,,,,,2,
DATAFLOW,OECD.SDD.TPS:DSD_PRICES@DF_PRICES_ALL(1.0),,I,IRL,,Q,,N,,CPI,,PA,,_T,,N,,GY,,2016-Q1,,-0.1215067,,A,,,,,,,,2,
DATAFLOW,OECD.SDD.TPS:DSD_PRICES@DF_PRICES_ALL(1.0),,I,IRL,,Q,,N,,CPI,,PA,,_T,,N,,GY,,2016-Q2,,0.1605136,,A,,,,,,,,2,
DATAFLOW,OECD.SDD.TPS:DSD_PRICES@DF_PRICES_ALL(1.0),,I,IRL,,Q,,N,,CPI,,PA,,_T,,N,,GY,,2016-Q3,,0.1201923,,A,,,,,,,,2,
DATAFLOW,OECD.SDD.TPS:DSD_PRICES@DF_PRICES_ALL(1.0),,I,IRL,,Q,,N,,CPI,,PA,,_T,,N,,GY,,2016-Q4,,-0.08061266,,A,,,,,,,,2,
DATAFLOW,OECD.SDD.TPS:DSD_PRICES@DF_PRICES_ALL(1.0),,I,IRL,,Q,,N,,CPI,,PA,,_T,,N,,GY,,2017-Q1,,0.567721,,A,,,,,,,,2,
DATAFLOW,OECD.SDD.TPS:DSD_PRICES@DF_PRICES_ALL(1.0),,I,IRL,,Q,,N,,CPI,,PA,,_T,,N,,GY,,2017-Q2,,0.2403846,,A,,,,,,,,2,
DATAFLOW,OECD.SDD.TPS:DSD_PRICES@DF_PRICES_ALL(1.0),,I,IRL,,Q,,N,,CPI,,PA,,_T,,N,,GY,,2017-Q3,,0.20008,,A,,,,,,,,2,
DATAFLOW,OECD.SDD.TPS:DSD_PRICES@DF_PRICES_ALL(1.0),,I,IRL,,Q,,N,,CPI,,PA,,_T,,N,,GY,,2017-Q4,,0.4437273,,A,,,,,,,,2,
DATAFLOW,OECD.SDD.TPS:DSD_PRICES@DF_PRICES_ALL(1.0),,I,IRL,,Q,,N,,CPI,,PA,,_T,,N,,GY,,2018-Q1,,0.2419355,,A,,,,,,,,2,
DATAFLOW,OECD.SDD.TPS:DSD_PRICES@DF_PRICES_ALL(1.0),,I,IRL,,Q,,N,,CPI,,PA,,_T,,N,,GY,,2018-Q2,,0.1598721,,A,,,,,,,,2,
DATAFLOW,OECD.SDD.TPS:DSD_PRICES@DF_PRICES_ALL(1.0),,I,IRL,,Q,,N,,CPI,,PA,,_T,,N,,GY,,2018-Q3,,0.758786,,A,,,,,,,,2,
DATAFLOW,OECD.SDD.TPS:DSD_PRICES@DF_PRICES_ALL(1.0),,I,IRL,,Q,,N,,CPI,,PA,,_T,,N,,GY,,2018-Q4,,0.7228916,,A,,,,,,,,2,
DATAFLOW,OECD.SDD.TPS:DSD_PRICES@DF_PRICES_ALL(1.0),,I,IRL,,Q,,N,,CPI,,PA,,_T,,N,,GY,,2019-Q1,,0.8447305,,A,,,,,,,,2,
DATAFLOW,OECD.SDD.TPS:DSD_PRICES@DF_PRICES_ALL(1.0),,I,IRL,,Q,,N,,CPI,,PA,,_T,,N,,GY,,2019-Q2,,1.157223,,A,,,,,,,,2,
DATAFLOW,OECD.SDD.TPS:DSD_PRICES@DF_PRICES_ALL(1.0),,I,IRL,,Q,,N,,CPI,,PA,,_T,,N,,GY,,2019-Q3,,0.7134364,,A,,,,,,,,2,
DATAFLOW,OECD.SDD.TPS:DSD_PRICES@DF_PRICES_ALL(1.0),,I,IRL,,Q,,N,,CPI,,PA,,_T,,N,,GY,,2019-Q4,,1.036683,,A,,,,,,,,2,
DATAFLOW,OECD.SDD.TPS:DSD_PRICES@DF_PRICES_ALL(1.0),,I,IRL,,Q,,N,,CPI,,PA,,_T,,N,,GY,,2020-Q1,,1.037096,,A,,,,,,,,2,
DATAFLOW,OECD.SDD.TPS:DSD_PRICES@DF_PRICES_ALL(1.0),,I,IRL,,Q,,N,,CPI,,PA,,_T,,N,,GY,,2020-Q2,,-0.2761341,,A,,,,,,,,2,
DATAFLOW,OECD.SDD.TPS:DSD_PRICES@DF_PRICES_ALL(1.0),,I,IRL,,Q,,N,,CPI,,PA,,_T,,N,,GY,,2020-Q3,,-0.9051555,,A,,,,,,,,2,
DATAFLOW,OECD.SDD.TPS:DSD_PRICES@DF_PRICES_ALL(1.0),,I,IRL,,Q,,N,,CPI,,PA,,_T,,N,,GY,,2020-Q4,,-1.144436,,A,,,,,,,,2,
DATAFLOW,OECD.SDD.TPS:DSD_PRICES@DF_PRICES_ALL(1.0),,I,IRL,,Q,,N,,CPI,,PA,,_T,,N,,GY,,2021-Q1,,-0.2368733,,A,,,,,,,,2,
DATAFLOW,OECD.SDD.TPS:DSD_PRICES@DF_PRICES_ALL(1.0),,I,IRL,,Q,,N,,CPI,,PA,,_T,,N,,GY,,2021-Q2,,1.424051,,A,,,,,,,,2,
DATAFLOW,OECD.SDD.TPS:DSD_PRICES@DF_PRICES_ALL(1.0),,I,IRL,,Q,,N,,CPI,,PA,,_T,,N,,GY,,2021-Q3,,2.93884,,A,,,,,,,,2,
DATAFLOW,OECD.SDD.TPS:DSD_PRICES@DF_PRICES_ALL(1.0),,I,IRL,,Q,,N,,CPI,,PA,,_T,,N,,GY,,2021-Q4,,5.269461,,A,,,,,,,,2,
DATAFLOW,OECD.SDD.TPS:DSD_PRICES@DF_PRICES_ALL(1.0),,I,IRL,,Q,,N,,CPI,,PA,,_T,,N,,GY,,2022-Q1,,5.777602,,A,,,,,,,,2,
DATAFLOW,OECD.SDD.TPS:DSD_PRICES@DF_PRICES_ALL(1.0),,I,IRL,,Q,,N,,CPI,,PA,,_T,,N,,GY,,2022-Q2,,7.99532,,A,,,,,,,,2,
DATAFLOW,OECD.SDD.TPS:DSD_PRICES@DF_PRICES_ALL(1.0),,I,IRL,,Q,,N,,CPI,,PA,,_T,,N,,GY,,2022-Q3,,8.680555,,A,,,,,,,,2,
DATAFLOW,OECD.SDD.TPS:DSD_PRICES@DF_PRICES_ALL(1.0),,I,IRL,,Q,,N,,CPI,,PA,,_T,,N,,GY,,2022-Q4,,8.797876,,A,,,,,,,,2,
DATAFLOW,OECD.SDD.TPS:DSD_PRICES@DF_PRICES_ALL(1.0),,I,IRL,,Q,,N,,CPI,,PA,,_T,,N,,GY,,2023-Q1,,7.968575,,A,,,,,,,,2,
DATAFLOW,OECD.SDD.TPS:DSD_PRICES@DF_PRICES_ALL(1.0),,I,IRL,,Q,,N,,CPI,,PA,,_T,,N,,GY,,2023-Q2,,6.644998,,A,,,,,,,,2,
DATAFLOW,OECD.SDD.TPS:DSD_PRICES@DF_PRICES_ALL(1.0),,I,IRL,,Q,,N,,CPI,,PA,,_T,,N,,GY,,2023-Q3,,6.212283,,A,,,,,,,,2,
DATAFLOW,OECD.SDD.TPS:DSD_PRICES@DF_PRICES_ALL(1.0),,I,IRL,,Q,,N,,CPI,,PA,,_T,,N,,GY,,2023-Q4,,4.49634,,A,,,,,,,,2,
DATAFLOW,OECD.SDD.TPS:DSD_PRICES@DF_PRICES_ALL(1.0),,I,IRL,,Q,,N,,CPI,,PA,,_T,,N,,GY,,2024-Q1,,3.465003,,A,,,,,,,,2,
DATAFLOW,OECD.SDD.TPS:DSD_PRICES@DF_PRICES_ALL(1.0),,I,IRL,,Q,,N,,CPI,,PA,,_T,,N,,GY,,2024-Q2,,2.472062,,A,,,,,,,,2,
DATAFLOW,OECD.SDD.TPS:DSD_PRICES@DF_PRICES_ALL(1.0),,I,IRL,,Q,,N,,CPI,,PA,,_T,,N,,GY,,2024-Q3,,1.537433,,A,,,,,,,,2,
DATAFLOW,OECD.SDD.TPS:DSD_PRICES@DF_PRICES_ALL(1.0),,I,IRL,,Q,,N,,CPI,,PA,,_T,,N,,GY,,2024-Q4,,1.034023,,A,,,,,,,,2,
DATAFLOW,OECD.SDD.TPS:DSD_PRICES@DF_PRICES_ALL(1.0),,I,IRL,,Q,,N,,CPI,,PA,,_T,,N,,GY,,2025-Q1,,1.908908,,A,,,,,,,,2,
DATAFLOW,OECD.SDD.TPS:DSD_PRICES@DF_PRICES_ALL(1.0),,I,IRL,,Q,,N,,CPI,,PA,,_T,,N,,GY,,2025-Q2,,1.883675,,A,,,,,,,,2,
DATAFLOW,OECD.SDD.TPS:DSD_PRICES@DF_PRICES_ALL(1.0),,I,IRL,,Q,,N,,CPI,,PA,,_T,,N,,GY,,2025-Q3,,2.106649,,A,,,,,,,,2,
DATAFLOW,OECD.SDD.TPS:DSD_PRICES@DF_PRICES_ALL(1.0),,I,IRL,,Q,,N,,CPI,,PA,,_T,,N,,GY,,2025-Q4,,2.938263,,A,,,,,,,,2,
DATAFLOW,OECD.SDD.TPS:DSD_PRICES@DF_PRICES_ALL(1.0),,I,CRI,,Q,,N,,CPI,,PA,,_T,,N,,GY,,1996-Q3,,18.19552,,A,,,,,,,,2,
DATAFLOW,OECD.SDD.TPS:DSD_PRICES@DF_PRICES_ALL(1.0),,I,CRI,,Q,,N,,CPI,,PA,,_T,,N,,GY,,1996-Q4,,14.43875,,A,,,,,,,,2,
DATAFLOW,OECD.SDD.TPS:DSD_PRICES@DF_PRICES_ALL(1.0),,I,CRI,,Q,,N,,CPI,,PA,,_T,,N,,GY,,1997-Q1,,14.6824,,A,,,,,,,,2,
DATAFLOW,OECD.SDD.TPS:DSD_PRICES@DF_PRICES_ALL(1.0),,I,CRI,,Q,,N,,CPI,,PA,,_T,,N,,GY,,1997-Q2,,14.48837,,A,,,,,,,,2,
DATAFLOW,OECD.SDD.TPS:DSD_PRICES@DF_PRICES_ALL(1.0),,I,CRI,,Q,,N,,CPI,,PA,,_T,,N,,GY,,1997-Q3,,12.8954,,A,,,,,,,,2,
DATAFLOW,OECD.SDD.TPS:DSD_PRICES@DF_PRICES_ALL(1.0),,I,CRI,,Q,,N,,CPI,,PA,,_T,,N,,GY,,1997-Q4,,11.13054,,A,,,,,,,,2,
DATAFLOW,OECD.SDD.TPS:DSD_PRICES@DF_PRICES_ALL(1.0),,I,CRI,,Q,,N,,CPI,,PA,,_T,,N,,GY,,1998-Q1,,10.95863,,A,,,,,,,,2,
DATAFLOW,OECD.SDD.TPS:DSD_PRICES@DF_PRICES_ALL(1.0),,I,CRI,,Q,,N,,CPI,,PA,,_T,,N,,GY,,1998-Q2,,10.6721,,A,,,,,,,,2,
DATAFLOW,OECD.SDD.TPS:DSD_PRICES@DF_PRICES_ALL(1.0),,I,CRI,,Q,,N,,CPI,,PA,,_T,,N,,GY,,1998-Q3,,12.37312,,A,,,,,,,,2,
DATAFLOW,OECD.SDD.TPS:DSD_PRICES@DF_PRICES_ALL(1.0),,I,CRI,,Q,,N,,CPI,,PA,,_T,,N,,GY,,1998-Q4,,12.56287,,A,,,,,,,,2,
DATAFLOW,OECD.SDD.TPS:DSD_PRICES@DF_PRICES_ALL(1.0),,I,CRI,,Q,,N,,CPI,,PA,,_T,,N,,GY,,1999-Q1,,11.83999,,A,,,,,,,,2,
DATAFLOW,OECD.SDD.TPS:DSD_PRICES@DF_PRICES_ALL(1.0),,I,CRI,,Q,,N,,CPI,,PA,,_T,,N,,GY,,1999-Q2,,10.1948,,A,,,,,,,,2,
DATAFLOW,OECD.SDD.TPS:DSD_PRICES@DF_PRICES_ALL(1.0),,I,CRI,,Q,,N,,CPI,,PA,,_T,,N,,GY,,1999-Q3,,8.418261,,A,,,,,,,,2,
DATAFLOW,OECD.SDD.TPS:DSD_PRICES@DF_PRICES_ALL(1.0),,I,CRI,,Q,,N,,CPI,,PA,,_T,,N,,GY,,1999-Q4,,9.846356,,A,,,,,,,,2,
DATAFLOW,OECD.SDD.TPS:DSD_PRICES@DF_PRICES_ALL(1.0),,I,CRI,,Q,,N,,CPI,,PA,,_T,,N,,GY,,2000-Q1,,11.00921,,A,,,,,,,,2,
DATAFLOW,OECD.SDD.TPS:DSD_PRICES@DF_PRICES_ALL(1.0),,I,CRI,,Q,,N,,CPI,,PA,,_T,,N,,GY,,2000-Q2,,10.84854,,A,,,,,,,,2,
DATAFLOW,OECD.SDD.TPS:DSD_PRICES@DF_PRICES_ALL(1.0),,I,CRI,,Q,,N,,CPI,,PA,,_T,,N,,GY,,2000-Q3,,11.61859,,A,,,,,,,,2,
DATAFLOW,OECD.SDD.TPS:DSD_PRICES@DF_PRICES_ALL(1.0),,I,CRI,,Q,,N,,CPI,,PA,,_T,,N,,GY,,2000-Q4,,10.38742,,A,,,,,,,,2,
DATAFLOW,OECD.SDD.TPS:DSD_PRICES@DF_PRICES_ALL(1.0),,I,CRI,,Q,,N,,CPI,,PA,,_T,,N,,GY,,2001-Q1,,9.988027,,A,,,,,,,,2,
DATAFLOW,OECD.SDD.TPS:DSD_PRICES@DF_PRICES_ALL(1.0),,I,CRI,,Q,,N,,CPI,,PA,,_T,,N,,GY,,2001-Q2,,12.57677,,A,,,,,,,,2,
DATAFLOW,OECD.SDD.TPS:DSD_PRICES@DF_PRICES_ALL(1.0),,I,CRI,,Q,,N,,CPI,,PA,,_T,,N,,GY,,2001-Q3,,11.46361,,A,,,,,,,,2,
DATAFLOW,OECD.SDD.TPS:DSD_PRICES@DF_PRICES_ALL(1.0),,I,CRI,,Q,,N,,CPI,,PA,,_T,,N,,GY,,2001-Q4,,10.98904,,A,,,,,,,,2,
DATAFLOW,OECD.SDD.TPS:DSD_PRICES@DF_PRICES_ALL(1.0),,I,CRI,,Q,,N,,CPI,,PA,,_T,,N,,GY,,2002-Q1,,9.803836,,A,,,,,,,,2,
DATAFLOW,OECD.SDD.TPS:DSD_PRICES@DF_PRICES_ALL(1.0),,I,CRI,,Q,,N,,CPI,,PA,,_T,,N,,GY,,2002-Q2,,7.812944,,A,,,,,,,,2,
DATAFLOW,OECD.SDD.TPS:DSD_PRICES@DF_PRICES_ALL(1.0),,I,CRI,,Q,,N,,CPI,,PA,,_T,,N,,GY,,2002-Q3,,9.176154,,A,,,,,,,,2,
DATAFLOW,OECD.SDD.TPS:DSD_PRICES@DF_PRICES_ALL(1.0),,I,CRI,,Q,,N,,CPI,,PA,,_T,,N,,GY,,2002-Q4,,9.873513,,A,,,,,,,,2,
DATAFLOW,OECD.SDD.TPS:DSD_PRICES@DF_PRICES_ALL(1.0),,I,CRI,,Q,,N,,CPI,,PA,,_T,,N,,GY,,2003-Q1,,9.388508,,A,,,,,,,,2,
DATAFLOW,OECD.SDD.TPS:DSD_PRICES@DF_PRICES_ALL(1.0),,I,CRI,,Q,,N,,CPI,,PA,,_T,,N,,GY,,2003-Q2,,10.22049,,A,,,,,,,,2,
DATAFLOW,OECD.SDD.TPS:DSD_PRICES@DF_PRICES_ALL(1.0),,I,CRI,,Q,,N,,CPI,,PA,,_T,,N,,GY,,2003-Q3,,8.830556,,A,,,,,,,,2,
DATAFLOW,OECD.SDD.TPS:DSD_PRICES@DF_PRICES_ALL(1.0),,I,CRI,,Q,,N,,CPI,,PA,,_T,,N,,GY,,2003-Q4,,9.372769,,A,,,,,,,,2,
DATAFLOW,OECD.SDD.TPS:DSD_PRICES@DF_PRICES_ALL(1.0),,I,CRI,,Q,,N,,CPI,,PA,,_T,,N,,GY,,2004-Q1,,11.30254,,A,,,,,,,,2,
DATAFLOW,OECD.SDD.TPS:DSD_PRICES@DF_PRICES_ALL(1.0),,I,CRI,,Q,,N,,CPI,,PA,,_T,,N,,GY,,2004-Q2,,11.54177,,A,,,,,,,,2,
DATAFLOW,OECD.SDD.TPS:DSD_PRICES@DF_PRICES_ALL(1.0),,I,CRI,,Q,,N,,CPI,,PA,,_T,,N,,GY,,2004-Q3,,13.09309,,A,,,,,,,,2,
DATAFLOW,OECD.SDD.TPS:DSD_PRICES@DF_PRICES_ALL(1.0),,I,CRI,,Q,,N,,CPI,,PA,,_T,,N,,GY,,2004-Q4,,13.24333,,A,,,,,,,,2,
DATAFLOW,OECD.SDD.TPS:DSD_PRICES@DF_PRICES_ALL(1.0),,I,CRI,,Q,,N,,CPI,,PA,,_T,,N,,GY,,2005-Q1,,13.40863,,A,,,,,,,,2,
DATAFLOW,OECD.SDD.TPS:DSD_PRICES@DF_PRICES_ALL(1.0),,I,CRI,,Q,,N,,CPI,,PA,,_T,,N,,GY,,2005-Q2,,13.9614,,A,,,,,,,,2,
DATAFLOW,OECD.SDD.TPS:DSD_PRICES@DF_PRICES_ALL(1.0),,I,CRI,,Q,,N,,CPI,,PA,,_T,,N,,GY,,2005-Q3,,13.73159,,A,,,,,,,,2,
DATAFLOW,OECD.SDD.TPS:DSD_PRICES@DF_PRICES_ALL(1.0),,I,CRI,,Q,,N,,CPI,,PA,,_T,,N,,GY,,2005-Q4,,14.06762,,A,,,,,,,,2,
DATAFLOW,OECD.SDD.TPS:DSD_PRICES@DF_PRICES_ALL(1.0),,I,CRI,,Q,,N,,CPI,,PA,,_T,,N,,GY,,2006-Q1,,12.78828,,A,,,,,,,,2,
DATAFLOW,OECD.SDD.TPS:DSD_PRICES@DF_PRICES_ALL(1.0),,I,CRI,,Q,,N,,CPI,,PA,,_T,,N,,GY,,2006-Q2,,11.97278,,A,,,,,,,,2,
DATAFLOW,OECD.SDD.TPS:DSD_PRICES@DF_PRICES_ALL(1.0),,I,CRI,,Q,,N,,CPI,,PA,,_T,,N,,GY,,2006-Q3,,11.62468,,A,,,,,,,,2,
DATAFLOW,OECD.SDD.TPS:DSD_PRICES@DF_PRICES_ALL(1.0),,I,CRI,,Q,,N,,CPI,,PA,,_T,,N,,GY,,2006-Q4,,9.644807,,A,,,,,,,,2,
DATAFLOW,OECD.SDD.TPS:DSD_PRICES@DF_PRICES_ALL(1.0),,I,CRI,,Q,,N,,CPI,,PA,,_T,,N,,GY,,2007-Q1,,9.009021,,A,,,,,,,,2,
DATAFLOW,OECD.SDD.TPS:DSD_PRICES@DF_PRICES_ALL(1.0),,I,CRI,,Q,,N,,CPI,,PA,,_T,,N,,GY,,2007-Q2,,9.221735,,A,,,,,,,,2,
DATAFLOW,OECD.SDD.TPS:DSD_PRICES@DF_PRICES_ALL(1.0),,I,CRI,,Q,,N,,CPI,,PA,,_T,,N,,GY,,2007-Q3,,8.916123,,A,,,,,,,,2,
DATAFLOW,OECD.SDD.TPS:DSD_PRICES@DF_PRICES_ALL(1.0),,I,CRI,,Q,,N,,CPI,,PA,,_T,,N,,GY,,2007-Q4,,10.24981,,A,,,,,,,,2,
DATAFLOW,OECD.SDD.TPS:DSD_PRICES@DF_PRICES_ALL(1.0),,I,CRI,,Q,,N,,CPI,,PA,,_T,,N,,GY,,2008-Q1,,10.99983,,A,,,,,,,,2,
DATAFLOW,OECD.SDD.TPS:DSD_PRICES@DF_PRICES_ALL(1.0),,I,CRI,,Q,,N,,CPI,,PA,,_T,,N,,GY,,2008-Q2,,11.89131,,A,,,,,,,,2,
DATAFLOW,OECD.SDD.TPS:DSD_PRICES@DF_PRICES_ALL(1.0),,I,CRI,,Q,,N,,CPI,,PA,,_T,,N,,GY,,2008-Q3,,15.11578,,A,,,,,,,,2,
DATAFLOW,OECD.SDD.TPS:DSD_PRICES@DF_PRICES_ALL(1.0),,I,CRI,,Q,,N,,CPI,,PA,,_T,,N,,GY,,2008-Q4,,15.4894,,A,,,,,,,,2,
DATAFLOW,OECD.SDD.TPS:DSD_PRICES@DF_PRICES_ALL(1.0),,I,CRI,,Q,,N,,CPI,,PA,,_T,,N,,GY,,2009-Q1,,12.85387,,A,,,,,,,,2,
DATAFLOW,OECD.SDD.TPS:DSD_PRICES@DF_PRICES_ALL(1.0),,I,CRI,,Q,,N,,CPI,,PA,,_T,,N,,GY,,2009-Q2,,9.803622,,A,,,,,,,,2,
DATAFLOW,OECD.SDD.TPS:DSD_PRICES@DF_PRICES_ALL(1.0),,I,CRI,,Q,,N,,CPI,,PA,,_T,,N,,GY,,2009-Q3,,5.807207,,A,,,,,,,,2,
DATAFLOW,OECD.SDD.TPS:DSD_PRICES@DF_PRICES_ALL(1.0),,I,CRI,,Q,,N,,CPI,,PA,,_T,,N,,GY,,2009-Q4,,3.534858,,A,,,,,,,,2,
DATAFLOW,OECD.SDD.TPS:DSD_PRICES@DF_PRICES_ALL(1.0),,I,CRI,,Q,,N,,CPI,,PA,,_T,,N,,GY,,2010-Q1,,5.595622,,A,,,,,,,,2,
DATAFLOW,OECD.SDD.TPS:DSD_PRICES@DF_PRICES_ALL(1.0),,I,CRI,,Q,,N,,CPI,,PA,,_T,,N,,GY,,2010-Q2,,6.033579,,A,,,,,,,,2,
DATAFLOW,OECD.SDD.TPS:DSD_PRICES@DF_PRICES_ALL(1.0),,I,CRI,,Q,,N,,CPI,,PA,,_T,,N,,GY,,2010-Q3,,5.295027,,A,,,,,,,,2,
DATAFLOW,OECD.SDD.TPS:DSD_PRICES@DF_PRICES_ALL(1.0),,I,CRI,,Q,,N,,CPI,,PA,,_T,,N,,GY,,2010-Q4,,5.73038,,A,,,,,,,,2,
DATAFLOW,OECD.SDD.TPS:DSD_PRICES@DF_PRICES_ALL(1.0),,I,CRI,,Q,,N,,CPI,,PA,,_T,,N,,GY,,2011-Q1,,4.66337,,A,,,,,,,,2,
DATAFLOW,OECD.SDD.TPS:DSD_PRICES@DF_PRICES_ALL(1.0),,I,CRI,,Q,,N,,CPI,,PA,,_T,,N,,GY,,2011-Q2,,4.902055,,A,,,,,,,,2,
DATAFLOW,OECD.SDD.TPS:DSD_PRICES@DF_PRICES_ALL(1.0),,I,CRI,,Q,,N,,CPI,,PA,,_T,,N,,GY,,2011-Q3,,5.206397,,A,,,,,,,,2,
DATAFLOW,OECD.SDD.TPS:DSD_PRICES@DF_PRICES_ALL(1.0),,I,CRI,,Q,,N,,CPI,,PA,,_T,,N,,GY,,2011-Q4,,4.738519,,A,,,,,,,,2,
DATAFLOW,OECD.SDD.TPS:DSD_PRICES@DF_PRICES_ALL(1.0),,I,CRI,,Q,,N,,CPI,,PA,,_T,,N,,GY,,2012-Q1,,4.158213,,A,,,,,,,,2,
DATAFLOW,OECD.SDD.TPS:DSD_PRICES@DF_PRICES_ALL(1.0),,I,CRI,,Q,,N,,CPI,,PA,,_T,,N,,GY,,2012-Q2,,4.785208,,A,,,,,,,,2,
DATAFLOW,OECD.SDD.TPS:DSD_PRICES@DF_PRICES_ALL(1.0),,I,CRI,,Q,,N,,CPI,,PA,,_T,,N,,GY,,2012-Q3,,4.215537,,A,,,,,,,,2,
DATAFLOW,OECD.SDD.TPS:DSD_PRICES@DF_PRICES_ALL(1.0),,I,CRI,,Q,,N,,CPI,,PA,,_T,,N,,GY,,2012-Q4,,4.816379,,A,,,,,,,,2,
DATAFLOW,OECD.SDD.TPS:DSD_PRICES@DF_PRICES_ALL(1.0),,I,CRI,,Q,,N,,CPI,,PA,,_T,,N,,GY,,2013-Q1,,6.153136,,A,,,,,,,,2,
DATAFLOW,OECD.SDD.TPS:DSD_PRICES@DF_PRICES_ALL(1.0),,I,CRI,,Q,,N,,CPI,,PA,,_T,,N,,GY,,2013-Q2,,5.573981,,A,,,,,,,,2,
DATAFLOW,OECD.SDD.TPS:DSD_PRICES@DF_PRICES_ALL(1.0),,I,CRI,,Q,,N,,CPI,,PA,,_T,,N,,GY,,2013-Q3,,5.497279,,A,,,,,,,,2,
DATAFLOW,OECD.SDD.TPS:DSD_PRICES@DF_PRICES_ALL(1.0),,I,CRI,,Q,,N,,CPI,,PA,,_T,,N,,GY,,2013-Q4,,3.742213,,A,,,,,,,,2,
DATAFLOW,OECD.SDD.TPS:DSD_PRICES@DF_PRICES_ALL(1.0),,I,CRI,,Q,,N,,CPI,,PA,,_T,,N,,GY,,2014-Q1,,3.034049,,A,,,,,,,,2,
DATAFLOW,OECD.SDD.TPS:DSD_PRICES@DF_PRICES_ALL(1.0),,I,CRI,,Q,,N,,CPI,,PA,,_T,,N,,GY,,2014-Q2,,4.159643,,A,,,,,,,,2,
DATAFLOW,OECD.SDD.TPS:DSD_PRICES@DF_PRICES_ALL(1.0),,I,CRI,,Q,,N,,CPI,,PA,,_T,,N,,GY,,2014-Q3,,5.291558,,A,,,,,,,,2,
DATAFLOW,OECD.SDD.TPS:DSD_PRICES@DF_PRICES_ALL(1.0),,I,CRI,,Q,,N,,CPI,,PA,,_T,,N,,GY,,2014-Q4,,5.570654,,A,,,,,,,,2,
DATAFLOW,OECD.SDD.TPS:DSD_PRICES@DF_PRICES_ALL(1.0),,I,CRI,,Q,,N,,CPI,,PA,,_T,,N,,GY,,2015-Q1,,3.650427,,A,,,,,,,,2,
DATAFLOW,OECD.SDD.TPS:DSD_PRICES@DF_PRICES_ALL(1.0),,I,CRI,,Q,,N,,CPI,,PA,,_T,,N,,GY,,2015-Q2,,1.265039,,A,,,,,,,,2,
DATAFLOW,OECD.SDD.TPS:DSD_PRICES@DF_PRICES_ALL(1.0),,I,CRI,,Q,,N,,CPI,,PA,,_T,,N,,GY,,2015-Q3,,-0.6415766,,A,,,,,,,,2,
DATAFLOW,OECD.SDD.TPS:DSD_PRICES@DF_PRICES_ALL(1.0),,I,CRI,,Q,,N,,CPI,,PA,,_T,,N,,GY,,2015-Q4,,-0.9561554,,A,,,,,,,,2,
DATAFLOW,OECD.SDD.TPS:DSD_PRICES@DF_PRICES_ALL(1.0),,I,CRI,,Q,,N,,CPI,,PA,,_T,,N,,GY,,2016-Q1,,-0.430454,,A,,,,,,,,2,
DATAFLOW,OECD.SDD.TPS:DSD_PRICES@DF_PRICES_ALL(1.0),,I,CRI,,Q,,N,,CPI,,PA,,_T,,N,,GY,,2016-Q2,,-0.7436779,,A,,,,,,,,2,
DATAFLOW,OECD.SDD.TPS:DSD_PRICES@DF_PRICES_ALL(1.0),,I,CRI,,Q,,N,,CPI,,PA,,_T,,N,,GY,,2016-Q3,,0.4856355,,A,,,,,,,,2,
DATAFLOW,OECD.SDD.TPS:DSD_PRICES@DF_PRICES_ALL(1.0),,I,CRI,,Q,,N,,CPI,,PA,,_T,,N,,GY,,2016-Q4,,0.6261671,,A,,,,,,,,2,
DATAFLOW,OECD.SDD.TPS:DSD_PRICES@DF_PRICES_ALL(1.0),,I,CRI,,Q,,N,,CPI,,PA,,_T,,N,,GY,,2017-Q1,,1.106439,,A,,,,,,,,2,
DATAFLOW,OECD.SDD.TPS:DSD_PRICES@DF_PRICES_ALL(1.0),,I,CRI,,Q,,N,,CPI,,PA,,_T,,N,,GY,,2017-Q2,,1.696619,,A,,,,,,,,2,
DATAFLOW,OECD.SDD.TPS:DSD_PRICES@DF_PRICES_ALL(1.0),,I,CRI,,Q,,N,,CPI,,PA,,_T,,N,,GY,,2017-Q3,,1.23769,,A,,,,,,,,2,
DATAFLOW,OECD.SDD.TPS:DSD_PRICES@DF_PRICES_ALL(1.0),,I,CRI,,Q,,N,,CPI,,PA,,_T,,N,,GY,,2017-Q4,,2.463647,,A,,,,,,,,2,
DATAFLOW,OECD.SDD.TPS:DSD_PRICES@DF_PRICES_ALL(1.0),,I,CRI,,Q,,N,,CPI,,PA,,_T,,N,,GY,,2018-Q1,,2.410793,,A,,,,,,,,2,
DATAFLOW,OECD.SDD.TPS:DSD_PRICES@DF_PRICES_ALL(1.0),,I,CRI,,Q,,N,,CPI,,PA,,_T,,N,,GY,,2018-Q2,,2.181559,,A,,,,,,,,2,
DATAFLOW,OECD.SDD.TPS:DSD_PRICES@DF_PRICES_ALL(1.0),,I,CRI,,Q,,N,,CPI,,PA,,_T,,N,,GY,,2018-Q3,,2.178377,,A,,,,,,,,2,
DATAFLOW,OECD.SDD.TPS:DSD_PRICES@DF_PRICES_ALL(1.0),,I,CRI,,Q,,N,,CPI,,PA,,_T,,N,,GY,,2018-Q4,,2.115616,,A,,,,,,,,2,
DATAFLOW,OECD.SDD.TPS:DSD_PRICES@DF_PRICES_ALL(1.0),,I,CRI,,Q,,N,,CPI,,PA,,_T,,N,,GY,,2019-Q1,,1.540141,,A,,,,,,,,2,
DATAFLOW,OECD.SDD.TPS:DSD_PRICES@DF_PRICES_ALL(1.0),,I,CRI,,Q,,N,,CPI,,PA,,_T,,N,,GY,,2019-Q2,,2.270868,,A,,,,,,,,2,
DATAFLOW,OECD.SDD.TPS:DSD_PRICES@DF_PRICES_ALL(1.0),,I,CRI,,Q,,N,,CPI,,PA,,_T,,N,,GY,,2019-Q3,,2.75798,,A,,,,,,,,2,
DATAFLOW,OECD.SDD.TPS:DSD_PRICES@DF_PRICES_ALL(1.0),,I,CRI,,Q,,N,,CPI,,PA,,_T,,N,,GY,,2019-Q4,,1.816364,,A,,,,,,,,2,
DATAFLOW,OECD.SDD.TPS:DSD_PRICES@DF_PRICES_ALL(1.0),,I,CRI,,Q,,N,,CPI,,PA,,_T,,N,,GY,,2020-Q1,,1.760079,,A,,,,,,,,2,
DATAFLOW,OECD.SDD.TPS:DSD_PRICES@DF_PRICES_ALL(1.0),,I,CRI,,Q,,N,,CPI,,PA,,_T,,N,,GY,,2020-Q2,,0.6033264,,A,,,,,,,,2,
DATAFLOW,OECD.SDD.TPS:DSD_PRICES@DF_PRICES_ALL(1.0),,I,CRI,,Q,,N,,CPI,,PA,,_T,,N,,GY,,2020-Q3,,0.02117056,,A,,,,,,,,2,
DATAFLOW,OECD.SDD.TPS:DSD_PRICES@DF_PRICES_ALL(1.0),,I,CRI,,Q,,N,,CPI,,PA,,_T,,N,,GY,,2020-Q4,,0.5296397,,A,,,,,,,,2,
DATAFLOW,OECD.SDD.TPS:DSD_PRICES@DF_PRICES_ALL(1.0),,I,CRI,,Q,,N,,CPI,,PA,,_T,,N,,GY,,2021-Q1,,0.6149967,,A,,,,,,,,2,
DATAFLOW,OECD.SDD.TPS:DSD_PRICES@DF_PRICES_ALL(1.0),,I,CRI,,Q,,N,,CPI,,PA,,_T,,N,,GY,,2021-Q2,,1.486468,,A,,,,,,,,2,
DATAFLOW,OECD.SDD.TPS:DSD_PRICES@DF_PRICES_ALL(1.0),,I,CRI,,Q,,N,,CPI,,PA,,_T,,N,,GY,,2021-Q3,,1.750066,,A,,,,,,,,2,
DATAFLOW,OECD.SDD.TPS:DSD_PRICES@DF_PRICES_ALL(1.0),,I,CRI,,Q,,N,,CPI,,PA,,_T,,N,,GY,,2021-Q4,,3.050039,,A,,,,,,,,2,
DATAFLOW,OECD.SDD.TPS:DSD_PRICES@DF_PRICES_ALL(1.0),,I,HUN,,Q,,N,,CPI,,PA,,_T,,N,,GY,,1996-Q3,,22.65321,,A,,,,,,,,2,
DATAFLOW,OECD.SDD.TPS:DSD_PRICES@DF_PRICES_ALL(1.0),,I,HUN,,Q,,N,,CPI,,PA,,_T,,N,,GY,,1996-Q4,,20.32155,,A,,,,,,,,2,
DATAFLOW,OECD.SDD.TPS:DSD_PRICES@DF_PRICES_ALL(1.0),,I,HUN,,Q,,N,,CPI,,PA,,_T,,N,,GY,,1997-Q1,,18.83603,,A,,,,,,,,2,
DATAFLOW,OECD.SDD.TPS:DSD_PRICES@DF_PRICES_ALL(1.0),,I,HUN,,Q,,N,,CPI,,PA,,_T,,N,,GY,,1997-Q2,,18.29578,,A,,,,,,,,2,
DATAFLOW,OECD.SDD.TPS:DSD_PRICES@DF_PRICES_ALL(1.0),,I,HUN,,Q,,N,,CPI,,PA,,_T,,N,,GY,,1997-Q3,,18.03222,,A,,,,,,,,2,
DATAFLOW,OECD.SDD.TPS:DSD_PRICES@DF_PRICES_ALL(1.0),,I,HUN,,Q,,N,,CPI,,PA,,_T,,N,,GY,,1997-Q4,,18.10109,,A,,,,,,,,2,
DATAFLOW,OECD.SDD.TPS:DSD_PRICES@DF_PRICES_ALL(1.0),,I,HUN,,Q,,N,,CPI,,PA,,_T,,N,,GY,,1998-Q1,,17.03203,,A,,,,,,,,2,
DATAFLOW,OECD.SDD.TPS:DSD_PRICES@DF_PRICES_ALL(1.0),,I,HUN,,Q,,N,,CPI,,PA,,_T,,N,,GY,,1998-Q2,,15.3031,,A,,,,,,,,2,
DATAFLOW,OECD.SDD.TPS:DSD_PRICES@DF_PRICES_ALL(1.0),,I,HUN,,Q,,N,,CPI,,PA,,_T,,N,,GY,,1998-Q3,,13.33866,,A,,,,,,,,2,
DATAFLOW,OECD.SDD.TPS:DSD_PRICES@DF_PRICES_ALL(1.0),,I,HUN,,Q,,N,,CPI,,PA,,_T,,N,,GY,,1998-Q4,,11.25088,,A,,,,,,,,2,
DATAFLOW,OECD.SDD.TPS:DSD_PRICES@DF_PRICES_ALL(1.0),,I,HUN,,Q,,N,,CPI,,PA,,_T,,N,,GY,,1999-Q1,,9.471936,,A,,,,,,,,2,
DATAFLOW,OECD.SDD.TPS:DSD_PRICES@DF_PRICES_ALL(1.0),,I,HUN,,Q,,N,,CPI,,PA,,_T,,N,,GY,,1999-Q2,,9.113696,,A,,,,,,,,2,
DATAFLOW,OECD.SDD.TPS:DSD_PRICES@DF_PRICES_ALL(1.0),,I,HUN,,Q,,N,,CPI,,PA,,_T,,N,,GY,,1999-Q3,,10.59645,,A,,,,,,,,2,
DATAFLOW,OECD.SDD.TPS:DSD_PRICES@DF_PRICES_ALL(1.0),,I,HUN,,Q,,N,,CPI,,PA,,_T,,N,,GY,,1999-Q4,,10.77633,,A,,,,,,,,2,
DATAFLOW,OECD.SDD.TPS:DSD_PRICES@DF_PRICES_ALL(1.0),,I,HUN,,Q,,N,,CPI,,PA,,_T,,N,,GY,,2000-Q1,,9.858247,,A,,,,,,,,2,
DATAFLOW,OECD.SDD.TPS:DSD_PRICES@DF_PRICES_ALL(1.0),,I,HUN,,Q,,N,,CPI,,PA,,_T,,N,,GY,,2000-Q2,,9.164174,,A,,,,,,,,2,
DATAFLOW,OECD.SDD.TPS:DSD_PRICES@DF_PRICES_ALL(1.0),,I,HUN,,Q,,N,,CPI,,PA,,_T,,N,,GY,,2000-Q3,,9.829495,,A,,,,,,,,2,
DATAFLOW,OECD.SDD.TPS:DSD_PRICES@DF_PRICES_ALL(1.0),,I,HUN,,Q,,N,,CPI,,PA,,_T,,N,,GY,,2000-Q4,,10.34579,,A,,,,,,,,2,
DATAFLOW,OECD.SDD.TPS:DSD_PRICES@DF_PRICES_ALL(1.0),,I,HUN,,Q,,N,,CPI,,PA,,_T,,N,,GY,,2001-Q1,,10.27027,,A,,,,,,,,2,
DATAFLOW,OECD.SDD.TPS:DSD_PRICES@DF_PRICES_ALL(1.0),,I,HUN,,Q,,N,,CPI,,PA,,_T,,N,,GY,,2001-Q2,,10.51368,,A,,,,,,,,2,
DATAFLOW,OECD.SDD.TPS:DSD_PRICES@DF_PRICES_ALL(1.0),,I,HUN,,Q,,N,,CPI,,PA,,_T,,N,,GY,,2001-Q3,,8.68137,,A,,,,,,,,2,
DATAFLOW,OECD.SDD.TPS:DSD_PRICES@DF_PRICES_ALL(1.0),,I,HUN,,Q,,N,,CPI,,PA,,_T,,N,,GY,,2001-Q4,,7.126437,,A,,,,,,,,2,
DATAFLOW,OECD.SDD.TPS:DSD_PRICES@DF_PRICES_ALL(1.0),,I,HUN,,Q,,N,,CPI,,PA,,_T,,N,,GY,,2002-Q1,,6.194296,,A,,,,,,,,2,
DATAFLOW,OECD.SDD.TPS:DSD_PRICES@DF_PRICES_ALL(1.0),,I,HUN,,Q,,N,,CPI,,PA,,_T,,N,,GY,,2002-Q2,,5.473501,,A,,,,,,,,2,
DATAFLOW,OECD.SDD.TPS:DSD_PRICES@DF_PRICES_ALL(1.0),,I,HUN,,Q,,N,,CPI,,PA,,_T,,N,,GY,,2002-Q3,,4.576857,,A,,,,,,,,2,
DATAFLOW,OECD.SDD.TPS:DSD_PRICES@DF_PRICES_ALL(1.0),,I,HUN,,Q,,N,,CPI,,PA,,_T,,N,,GY,,2002-Q4,,4.849785,,A,,,,,,,,2,
DATAFLOW,OECD.SDD.TPS:DSD_PRICES@DF_PRICES_ALL(1.0),,I,HUN,,Q,,N,,CPI,,PA,,_T,,N,,GY,,2003-Q1,,4.657994,,A,,,,,,,,2,
DATAFLOW,OECD.SDD.TPS:DSD_PRICES@DF_PRICES_ALL(1.0),,I,HUN,,Q,,N,,CPI,,PA,,_T,,N,,GY,,2003-Q2,,3.912685,,A,,,,,,,,2,
DATAFLOW,OECD.SDD.TPS:DSD_PRICES@DF_PRICES_ALL(1.0),,I,HUN,,Q,,N,,CPI,,PA,,_T,,N,,GY,,2003-Q3,,4.706854,,A,,,,,,,,2,
DATAFLOW,OECD.SDD.TPS:DSD_PRICES@DF_PRICES_ALL(1.0),,I,HUN,,Q,,N,,CPI,,PA,,_T,,N,,GY,,2003-Q4,,5.362259,,A,,,,,,,,2,
DATAFLOW,OECD.SDD.TPS:DSD_PRICES@DF_PRICES_ALL(1.0),,I,HUN,,Q,,N,,CPI,,PA,,_T,,N,,GY,,2004-Q1,,6.816359,,A,,,,,,,,2,
DATAFLOW,OECD.SDD.TPS:DSD_PRICES@DF_PRICES_ALL(1.0),,I,HUN,,Q,,N,,CPI,,PA,,_T,,N,,GY,,2004-Q2,,7.332541,,A,,,,,,,,2,
DATAFLOW,OECD.SDD.TPS:DSD_PRICES@DF_PRICES_ALL(1.0),,I,HUN,,Q,,N,,CPI,,PA,,_T,,N,,GY,,2004-Q3,,6.979495,,A,,,,,,,,2,
DATAFLOW,OECD.SDD.TPS:DSD_PRICES@DF_PRICES_ALL(1.0),,I,HUN,,Q,,N,,CPI,,PA,,_T,,N,,GY,,2004-Q4,,5.866356,,A,,,,,,,,2,
DATAFLOW,OECD.SDD.TPS:DSD_PRICES@DF_PRICES_ALL(1.0),,I,HUN,,Q,,N,,CPI,,PA,,_T,,N,,GY,,2005-Q1,,3.566066,,A,,,,,,,,2,
DATAFLOW,OECD.SDD.TPS:DSD_PRICES@DF_PRICES_ALL(1.0),,I,HUN,,Q,,N,,CPI,,PA,,_T,,N,,GY,,2005-Q2,,3.72969,,A,,,,,,,,2,
DATAFLOW,OECD.SDD.TPS:DSD_PRICES@DF_PRICES_ALL(1.0),,I,HUN,,Q,,N,,CPI,,PA,,_T,,N,,GY,,2005-Q3,,3.649097,,A,,,,,,,,2,
DATAFLOW,OECD.SDD.TPS:DSD_PRICES@DF_PRICES_ALL(1.0),,I,HUN,,Q,,N,,CPI,,PA,,_T,,N,,GY,,2005-Q4,,3.302752,,A,,,,,,,,2,
DATAFLOW,OECD.SDD.TPS:DSD_PRICES@DF_PRICES_ALL(1.0),,I,HUN,,Q,,N,,CPI,,PA,,_T,,N,,GY,,2006-Q1,,2.537151,,A,,,,,,,,2,
DATAFLOW,OECD.SDD.TPS:DSD_PRICES@DF_PRICES_ALL(1.0),,I,HUN,,Q,,N,,CPI,,PA,,_T,,N,,GY,,2006-Q2,,2.634389,,A,,,,,,,,2,
DATAFLOW,OECD.SDD.TPS:DSD_PRICES@DF_PRICES_ALL(1.0),,I,HUN,,Q,,N,,CPI,,PA,,_T,,N,,GY,,2006-Q3,,4.125178,,A,,,,,,,,2,
DATAFLOW,OECD.SDD.TPS:DSD_PRICES@DF_PRICES_ALL(1.0),,I,HUN,,Q,,N,,CPI,,PA,,_T,,N,,GY,,2006-Q4,,6.394316,,A,,,,,,,,2,
DATAFLOW,OECD.SDD.TPS:DSD_PRICES@DF_PRICES_ALL(1.0),,I,HUN,,Q,,N,,CPI,,PA,,_T,,N,,GY,,2007-Q1,,8.518911,,A,,,,,,,,2,
DATAFLOW,OECD.SDD.TPS:DSD_PRICES@DF_PRICES_ALL(1.0),,I,HUN,,Q,,N,,CPI,,PA,,_T,,N,,GY,,2007-Q2,,8.602151,,A,,,,,,,,2,
DATAFLOW,OECD.SDD.TPS:DSD_PRICES@DF_PRICES_ALL(1.0),,I,HUN,,Q,,N,,CPI,,PA,,_T,,N,,GY,,2007-Q3,,7.650273,,A,,,,,,,,2,
DATAFLOW,OECD.SDD.TPS:DSD_PRICES@DF_PRICES_ALL(1.0),,I,HUN,,Q,,N,,CPI,,PA,,_T,,N,,GY,,2007-Q4,,7.111853,,A,,,,,,,,2,
DATAFLOW,OECD.SDD.TPS:DSD_PRICES@DF_PRICES_ALL(1.0),,I,HUN,,Q,,N,,CPI,,PA,,_T,,N,,GY,,2008-Q1,,6.905538,,A,,,,,,,,2,
DATAFLOW,OECD.SDD.TPS:DSD_PRICES@DF_PRICES_ALL(1.0),,I,HUN,,Q,,N,,CPI,,PA,,_T,,N,,GY,,2008-Q2,,6.771,,A,,,,,,,,2,
DATAFLOW,OECD.SDD.TPS:DSD_PRICES@DF_PRICES_ALL(1.0),,I,HUN,,Q,,N,,CPI,,PA,,_T,,N,,GY,,2008-Q3,,6.313452,,A,,,,,,,,2,
DATAFLOW,OECD.SDD.TPS:DSD_PRICES@DF_PRICES_ALL(1.0),,I,HUN,,Q,,N,,CPI,,PA,,_T,,N,,GY,,2008-Q4,,4.239401,,A,,,,,,,,2,
DATAFLOW,OECD.SDD.TPS:DSD_PRICES@DF_PRICES_ALL(1.0),,I,HUN,,Q,,N,,CPI,,PA,,_T,,N,,GY,,2009-Q1,,3.016453,,A,,,,,,,,2,
DATAFLOW,OECD.SDD.TPS:DSD_PRICES@DF_PRICES_ALL(1.0),,I,HUN,,Q,,N,,CPI,,PA,,_T,,N,,GY,,2009-Q2,,3.58959,,A,,,,,,,,2,
DATAFLOW,OECD.SDD.TPS:DSD_PRICES@DF_PRICES_ALL(1.0),,I,HUN,,Q,,N,,CPI,,PA,,_T,,N,,GY,,2009-Q3,,5.013429,,A,,,,,,,,2,
DATAFLOW,OECD.SDD.TPS:DSD_PRICES@DF_PRICES_ALL(1.0),,I,HUN,,Q,,N,,CPI,,PA,,_T,,N,,GY,,2009-Q4,,5.203349,,A,,,,,,,,2,
DATAFLOW,OECD.SDD.TPS:DSD_PRICES@DF_PRICES_ALL(1.0),,I,HUN,,Q,,N,,CPI,,PA,,_T,,N,,GY,,2010-Q1,,6.004141,,A,,,,,,,,2,
DATAFLOW,OECD.SDD.TPS:DSD_PRICES@DF_PRICES_ALL(1.0),,I,HUN,,Q,,N,,CPI,,PA,,_T,,N,,GY,,2010-Q2,,5.342189,,A,,,,,,,,2,
DATAFLOW,OECD.SDD.TPS:DSD_PRICES@DF_PRICES_ALL(1.0),,I,HUN,,Q,,N,,CPI,,PA,,_T,,N,,GY,,2010-Q3,,3.8079,,A,,,,,,,,2,
DATAFLOW,OECD.SDD.TPS:DSD_PRICES@DF_PRICES_ALL(1.0),,I,HUN,,Q,,N,,CPI,,PA,,_T,,N,,GY,,2010-Q4,,4.320637,,A,,,,,,,,2,
DATAFLOW,OECD.SDD.TPS:DSD_PRICES@DF_PRICES_ALL(1.0),,I,HUN,,Q,,N,,CPI,,PA,,_T,,N,,GY,,2011-Q1,,4.21317,,A,,,,,,,,2,
DATAFLOW,OECD.SDD.TPS:DSD_PRICES@DF_PRICES_ALL(1.0),,I,HUN,,Q,,N,,CPI,,PA,,_T,,N,,GY,,2011-Q2,,4.029605,,A,,,,,,,,2,
DATAFLOW,OECD.SDD.TPS:DSD_PRICES@DF_PRICES_ALL(1.0),,I,HUN,,Q,,N,,CPI,,PA,,_T,,N,,GY,,2011-Q3,,3.39447,,A,,,,,,,,2,
DATAFLOW,OECD.SDD.TPS:DSD_PRICES@DF_PRICES_ALL(1.0),,I,HUN,,Q,,N,,CPI,,PA,,_T,,N,,GY,,2011-Q4,,4.087193,,A,,,,,,,,2,
DATAFLOW,OECD.SDD.TPS:DSD_PRICES@DF_PRICES_ALL(1.0),,I,HUN,,Q,,N,,CPI,,PA,,_T,,N,,GY,,2012-Q1,,5.595716,,A,,,,,,,,2,
DATAFLOW,OECD.SDD.TPS:DSD_PRICES@DF_PRICES_ALL(1.0),,I,HUN,,Q,,N,,CPI,,PA,,_T,,N,,GY,,2012-Q2,,5.480896,,A,,,,,,,,2,
DATAFLOW,OECD.SDD.TPS:DSD_PRICES@DF_PRICES_ALL(1.0),,I,HUN,,Q,,N,,CPI,,PA,,_T,,N,,GY,,2012-Q3,,6.142441,,A,,,,,,,,2,
DATAFLOW,OECD.SDD.TPS:DSD_PRICES@DF_PRICES_ALL(1.0),,I,HUN,,Q,,N,,CPI,,PA,,_T,,N,,GY,,2012-Q4,,5.39267,,A,,,,,,,,2,
DATAFLOW,OECD.SDD.TPS:DSD_PRICES@DF_PRICES_ALL(1.0),,I,HUN,,Q,,N,,CPI,,PA,,_T,,N,,GY,,2013-Q1,,2.941176,,A,,,,,,,,2,
DATAFLOW,OECD.SDD.TPS:DSD_PRICES@DF_PRICES_ALL(1.0),,I,HUN,,Q,,N,,CPI,,PA,,_T,,N,,GY,,2013-Q2,,1.798651,,A,,,,,,,,2,
DATAFLOW,OECD.SDD.TPS:DSD_PRICES@DF_PRICES_ALL(1.0),,I,HUN,,Q,,N,,CPI,,PA,,_T,,N,,GY,,2013-Q3,,1.471689,,A,,,,,,,,2,
DATAFLOW,OECD.SDD.TPS:DSD_PRICES@DF_PRICES_ALL(1.0),,I,HUN,,Q,,N,,CPI,,PA,,_T,,N,,GY,,2013-Q4,,0.7451565,,A,,,,,,,,2,
DATAFLOW,OECD.SDD.TPS:DSD_PRICES@DF_PRICES_ALL(1.0),,I,HUN,,Q,,N,,CPI,,PA,,_T,,N,,GY,,2014-Q1,,0.02463054,,A,,,,,,,,2,
DATAFLOW,OECD.SDD.TPS:DSD_PRICES@DF_PRICES_ALL(1.0),,I,HUN,,Q,,N,,CPI,,PA,,_T,,N,,GY,,2014-Q2,,-0.1717791,,A,,,,,,,,2,
DATAFLOW,OECD.SDD.TPS:DSD_PRICES@DF_PRICES_ALL(1.0),,I,HUN,,Q,,N,,CPI,,PA,,_T,,N,,GY,,2014-Q3,,-0.07374632,,A,,,,,,,,2,
DATAFLOW,OECD.SDD.TPS:DSD_PRICES@DF_PRICES_ALL(1.0),,I,HUN,,Q,,N,,CPI,,PA,,_T,,N,,GY,,2014-Q4,,-0.6903353,,A,,,,,,,,2,
DATAFLOW,OECD.SDD.TPS:DSD_PRICES@DF_PRICES_ALL(1.0),,I,HUN,,Q,,N,,CPI,,PA,,_T,,N,,GY,,2015-Q1,,-1.058853,,A,,,,,,,,2,
DATAFLOW,OECD.SDD.TPS:DSD_PRICES@DF_PRICES_ALL(1.0),,I,HUN,,Q,,N,,CPI,,PA,,_T,,N,,GY,,2015-Q2,,0.245821,,A,,,,,,,,2,
DATAFLOW,OECD.SDD.TPS:DSD_PRICES@DF_PRICES_ALL(1.0),,I,HUN,,Q,,N,,CPI,,PA,,_T,,N,,GY,,2015-Q3,,0.04920049,,A,,,,,,,,2,
DATAFLOW,OECD.SDD.TPS:DSD_PRICES@DF_PRICES_ALL(1.0),,I,HUN,,Q,,N,,CPI,,PA,,_T,,N,,GY,,2015-Q4,,0.5213506,,A,,,,,,,,2,
DATAFLOW,OECD.SDD.TPS:DSD_PRICES@DF_PRICES_ALL(1.0),,I,HUN,,Q,,N,,CPI,,PA,,_T,,N,,GY,,2016-Q1,,0.3484321,,A,,,,,,,,2,
DATAFLOW,OECD.SDD.TPS:DSD_PRICES@DF_PRICES_ALL(1.0),,I,HUN,,Q,,N,,CPI,,PA,,_T,,N,,GY,,2016-Q2,,-0.04904365,,A,,,,,,,,2,
DATAFLOW,OECD.SDD.TPS:DSD_PRICES@DF_PRICES_ALL(1.0),,I,HUN,,Q,,N,,CPI,,PA,,_T,,N,,GY,,2016-Q3,,0.0491763,,A,,,,,,,,2,
DATAFLOW,OECD.SDD.TPS:DSD_PRICES@DF_PRICES_ALL(1.0),,I,HUN,,Q,,N,,CPI,,PA,,_T,,N,,GY,,2016-Q4,,1.234873,,A,,,,,,,,2,
DATAFLOW,OECD.SDD.TPS:DSD_PRICES@DF_PRICES_ALL(1.0),,I,HUN,,Q,,N,,CPI,,PA,,_T,,N,,GY,,2017-Q1,,2.604167,,A,,,,,,,,2,
DATAFLOW,OECD.SDD.TPS:DSD_PRICES@DF_PRICES_ALL(1.0),,I,HUN,,Q,,N,,CPI,,PA,,_T,,N,,GY,,2017-Q2,,2.080471,,A,,,,,,,,2,
DATAFLOW,OECD.SDD.TPS:DSD_PRICES@DF_PRICES_ALL(1.0),,I,HUN,,Q,,N,,CPI,,PA,,_T,,N,,GY,,2017-Q3,,2.418285,,A,,,,,,,,2,
DATAFLOW,OECD.SDD.TPS:DSD_PRICES@DF_PRICES_ALL(1.0),,I,HUN,,Q,,N,,CPI,,PA,,_T,,N,,GY,,2017-Q4,,2.293242,,A,,,,,,,,2,
DATAFLOW,OECD.SDD.TPS:DSD_PRICES@DF_PRICES_ALL(1.0),,I,HUN,,Q,,N,,CPI,,PA,,_T,,N,,GY,,2018-Q1,,1.982113,,A,,,,,,,,2,
DATAFLOW,OECD.SDD.TPS:DSD_PRICES@DF_PRICES_ALL(1.0),,I,HUN,,Q,,N,,CPI,,PA,,_T,,N,,GY,,2018-Q2,,2.720631,,A,,,,,,,,2,
DATAFLOW,OECD.SDD.TPS:DSD_PRICES@DF_PRICES_ALL(1.0),,I,HUN,,Q,,N,,CPI,,PA,,_T,,N,,GY,,2018-Q3,,3.445794,,A,,,,,,,,2,
DATAFLOW,OECD.SDD.TPS:DSD_PRICES@DF_PRICES_ALL(1.0),,I,HUN,,Q,,N,,CPI,,PA,,_T,,N,,GY,,2018-Q4,,3.243501,,A,,,,,,,,2,
DATAFLOW,OECD.SDD.TPS:DSD_PRICES@DF_PRICES_ALL(1.0),,I,HUN,,Q,,N,,CPI,,PA,,_T,,N,,GY,,2019-Q1,,3.152406,,A,,,,,,,,2,
DATAFLOW,OECD.SDD.TPS:DSD_PRICES@DF_PRICES_ALL(1.0),,I,HUN,,Q,,N,,CPI,,PA,,_T,,N,,GY,,2019-Q2,,3.743566,,A,,,,,,,,2,
DATAFLOW,OECD.SDD.TPS:DSD_PRICES@DF_PRICES_ALL(1.0),,I,HUN,,Q,,N,,CPI,,PA,,_T,,N,,GY,,2019-Q3,,3.061934,,A,,,,,,,,2,
DATAFLOW,OECD.SDD.TPS:DSD_PRICES@DF_PRICES_ALL(1.0),,I,HUN,,Q,,N,,CPI,,PA,,_T,,N,,GY,,2019-Q4,,3.395703,,A,,,,,,,,2,
DATAFLOW,OECD.SDD.TPS:DSD_PRICES@DF_PRICES_ALL(1.0),,I,HUN,,Q,,N,,CPI,,PA,,_T,,N,,GY,,2020-Q1,,4.319853,,A,,,,,,,,2,
DATAFLOW,OECD.SDD.TPS:DSD_PRICES@DF_PRICES_ALL(1.0),,I,HUN,,Q,,N,,CPI,,PA,,_T,,N,,GY,,2020-Q2,,2.48083,,A,,,,,,,,2,
DATAFLOW,OECD.SDD.TPS:DSD_PRICES@DF_PRICES_ALL(1.0),,I,HUN,,Q,,N,,CPI,,PA,,_T,,N,,GY,,2020-Q3,,3.713707,,A,,,,,,,,2,
DATAFLOW,OECD.SDD.TPS:DSD_PRICES@DF_PRICES_ALL(1.0),,I,HUN,,Q,,N,,CPI,,PA,,_T,,N,,GY,,2020-Q4,,2.815013,,A,,,,,,,,2,
DATAFLOW,OECD.SDD.TPS:DSD_PRICES@DF_PRICES_ALL(1.0),,I,HUN,,Q,,N,,CPI,,PA,,_T,,N,,GY,,2021-Q1,,3.14978,,A,,,,,,,,2,
DATAFLOW,OECD.SDD.TPS:DSD_PRICES@DF_PRICES_ALL(1.0),,I,HUN,,Q,,N,,CPI,,PA,,_T,,N,,GY,,2021-Q2,,5.193662,,A,,,,,,,,2,
DATAFLOW,OECD.SDD.TPS:DSD_PRICES@DF_PRICES_ALL(1.0),,I,HUN,,Q,,N,,CPI,,PA,,_T,,N,,GY,,2021-Q3,,4.99132,,A,,,,,,,,2,
DATAFLOW,OECD.SDD.TPS:DSD_PRICES@DF_PRICES_ALL(1.0),,I,HUN,,Q,,N,,CPI,,PA,,_T,,N,,GY,,2021-Q4,,7.083877,,A,,,,,,,,2,
DATAFLOW,OECD.SDD.TPS:DSD_PRICES@DF_PRICES_ALL(1.0),,I,HUN,,Q,,N,,CPI,,PA,,_T,,N,,GY,,2022-Q1,,8.242579,,A,,,,,,,,2,
DATAFLOW,OECD.SDD.TPS:DSD_PRICES@DF_PRICES_ALL(1.0),,I,HUN,,Q,,N,,CPI,,PA,,_T,,N,,GY,,2022-Q2,,10.58577,,A,,,,,,,,2,
DATAFLOW,OECD.SDD.TPS:DSD_PRICES@DF_PRICES_ALL(1.0),,I,HUN,,Q,,N,,CPI,,PA,,_T,,N,,GY,,2022-Q3,,16.47375,,A,,,,,,,,2,
DATAFLOW,OECD.SDD.TPS:DSD_PRICES@DF_PRICES_ALL(1.0),,I,HUN,,Q,,N,,CPI,,PA,,_T,,N,,GY,,2022-Q4,,22.72727,,A,,,,,,,,2,
DATAFLOW,OECD.SDD.TPS:DSD_PRICES@DF_PRICES_ALL(1.0),,I,HUN,,Q,,N,,CPI,,PA,,_T,,N,,GY,,2023-Q1,,25.40935,,A,,,,,,,,2,
DATAFLOW,OECD.SDD.TPS:DSD_PRICES@DF_PRICES_ALL(1.0),,I,HUN,,Q,,N,,CPI,,PA,,_T,,N,,GY,,2023-Q2,,21.83125,,A,,,,,,,,2,
DATAFLOW,OECD.SDD.TPS:DSD_PRICES@DF_PRICES_ALL(1.0),,I,HUN,,Q,,N,,CPI,,PA,,_T,,N,,GY,,2023-Q3,,15.35049,,A,,,,,,,,2,
DATAFLOW,OECD.SDD.TPS:DSD_PRICES@DF_PRICES_ALL(1.0),,I,HUN,,Q,,N,,CPI,,PA,,_T,,N,,GY,,2023-Q4,,7.721561,,A,,,,,,,,2,
DATAFLOW,OECD.SDD.TPS:DSD_PRICES@DF_PRICES_ALL(1.0),,I,HUN,,Q,,N,,CPI,,PA,,_T,,N,,GY,,2024-Q1,,3.696712,,A,,,,,,,,2,
DATAFLOW,OECD.SDD.TPS:DSD_PRICES@DF_PRICES_ALL(1.0),,I,HUN,,Q,,N,,CPI,,PA,,_T,,N,,GY,,2024-Q2,,3.78882,,A,,,,,,,,2,
DATAFLOW,OECD.SDD.TPS:DSD_PRICES@DF_PRICES_ALL(1.0),,I,HUN,,Q,,N,,CPI,,PA,,_T,,N,,GY,,2024-Q3,,3.492308,,A,,,,,,,,2,
DATAFLOW,OECD.SDD.TPS:DSD_PRICES@DF_PRICES_ALL(1.0),,I,HUN,,Q,,N,,CPI,,PA,,_T,,N,,GY,,2024-Q4,,3.837299,,A,,,,,,,,2,
DATAFLOW,OECD.SDD.TPS:DSD_PRICES@DF_PRICES_ALL(1.0),,I,HUN,,Q,,N,,CPI,,PA,,_T,,N,,GY,,2025-Q1,,5.248786,,A,,,,,,,,2,
DATAFLOW,OECD.SDD.TPS:DSD_PRICES@DF_PRICES_ALL(1.0),,I,HUN,,Q,,N,,CPI,,PA,,_T,,N,,GY,,2025-Q2,,4.383603,,A,,,,,,,,2,
DATAFLOW,OECD.SDD.TPS:DSD_PRICES@DF_PRICES_ALL(1.0),,I,HUN,,Q,,N,,CPI,,PA,,_T,,N,,GY,,2025-Q3,,4.281255,,A,,,,,,,,2,
DATAFLOW,OECD.SDD.TPS:DSD_PRICES@DF_PRICES_ALL(1.0),,I,HUN,,Q,,N,,CPI,,PA,,_T,,N,,GY,,2025-Q4,,3.754619,,A,,,,,,,,2,
DATAFLOW,OECD.SDD.TPS:DSD_PRICES@DF_PRICES_ALL(1.0),,I,ITA,,Q,,N,,CPI,,PA,,_T,,N,,GY,,1996-Q3,,3.551152,,A,,,,,,,,2,
DATAFLOW,OECD.SDD.TPS:DSD_PRICES@DF_PRICES_ALL(1.0),,I,ITA,,Q,,N,,CPI,,PA,,_T,,N,,GY,,1996-Q4,,2.957363,,A,,,,,,,,2,
DATAFLOW,OECD.SDD.TPS:DSD_PRICES@DF_PRICES_ALL(1.0),,I,ITA,,Q,,N,,CPI,,PA,,_T,,N,,GY,,1997-Q1,,2.494331,,A,,,,,,,,2,
DATAFLOW,OECD.SDD.TPS:DSD_PRICES@DF_PRICES_ALL(1.0),,I,ITA,,Q,,N,,CPI,,PA,,_T,,N,,GY,,1997-Q2,,1.89042,,A,,,,,,,,2,
DATAFLOW,OECD.SDD.TPS:DSD_PRICES@DF_PRICES_ALL(1.0),,I,ITA,,Q,,N,,CPI,,PA,,_T,,N,,GY,,1997-Q3,,1.821668,,A,,,,,,,,2,
DATAFLOW,OECD.SDD.TPS:DSD_PRICES@DF_PRICES_ALL(1.0),,I,ITA,,Q,,N,,CPI,,PA,,_T,,N,,GY,,1997-Q4,,1.97201,,A,,,,,,,,2,
DATAFLOW,OECD.SDD.TPS:DSD_PRICES@DF_PRICES_ALL(1.0),,I,ITA,,Q,,N,,CPI,,PA,,_T,,N,,GY,,1998-Q1,,2.022756,,A,,,,,,,,2,
DATAFLOW,OECD.SDD.TPS:DSD_PRICES@DF_PRICES_ALL(1.0),,I,ITA,,Q,,N,,CPI,,PA,,_T,,N,,GY,,1998-Q2,,2.044025,,A,,,,,,,,2,
DATAFLOW,OECD.SDD.TPS:DSD_PRICES@DF_PRICES_ALL(1.0),,I,ITA,,Q,,N,,CPI,,PA,,_T,,N,,GY,,1998-Q3,,2.040176,,A,,,,,,,,2,
DATAFLOW,OECD.SDD.TPS:DSD_PRICES@DF_PRICES_ALL(1.0),,I,ITA,,Q,,N,,CPI,,PA,,_T,,N,,GY,,1998-Q4,,1.715533,,A,,,,,,,,2,
DATAFLOW,OECD.SDD.TPS:DSD_PRICES@DF_PRICES_ALL(1.0),,I,ITA,,Q,,N,,CPI,,PA,,_T,,N,,GY,,1999-Q1,,1.394052,,A,,,,,,,,2,
DATAFLOW,OECD.SDD.TPS:DSD_PRICES@DF_PRICES_ALL(1.0),,I,ITA,,Q,,N,,CPI,,PA,,_T,,N,,GY,,1999-Q2,,1.448382,,A,,,,,,,,2,
DATAFLOW,OECD.SDD.TPS:DSD_PRICES@DF_PRICES_ALL(1.0),,I,ITA,,Q,,N,,CPI,,PA,,_T,,N,,GY,,1999-Q3,,1.722547,,A,,,,,,,,2,
DATAFLOW,OECD.SDD.TPS:DSD_PRICES@DF_PRICES_ALL(1.0),,I,ITA,,Q,,N,,CPI,,PA,,_T,,N,,GY,,1999-Q4,,2.08525,,A,,,,,,,,2,
DATAFLOW,OECD.SDD.TPS:DSD_PRICES@DF_PRICES_ALL(1.0),,I,ITA,,Q,,N,,CPI,,PA,,_T,,N,,GY,,2000-Q1,,2.352582,,A,,,,,,,,2,
DATAFLOW,OECD.SDD.TPS:DSD_PRICES@DF_PRICES_ALL(1.0),,I,ITA,,Q,,N,,CPI,,PA,,_T,,N,,GY,,2000-Q2,,2.490887,,A,,,,,,,,2,
DATAFLOW,OECD.SDD.TPS:DSD_PRICES@DF_PRICES_ALL(1.0),,I,AUT,,Q,,N,,CPI,,PA,,_T,,N,,GY,,2015-Q1,,0.8520326,,A,,,,,,,,2,
DATAFLOW,OECD.SDD.TPS:DSD_PRICES@DF_PRICES_ALL(1.0),,I,AUT,,Q,,N,,CPI,,PA,,_T,,N,,GY,,2015-Q2,,1.020134,,A,,,,,,,,2,
DATAFLOW,OECD.SDD.TPS:DSD_PRICES@DF_PRICES_ALL(1.0),,I,AUT,,Q,,N,,CPI,,PA,,_T,,N,,GY,,2015-Q3,,0.9353611,,A,,,,,,,,2,
DATAFLOW,OECD.SDD.TPS:DSD_PRICES@DF_PRICES_ALL(1.0),,I,AUT,,Q,,N,,CPI,,PA,,_T,,N,,GY,,2015-Q4,,0.7786667,,A,,,,,,,,2,
DATAFLOW,OECD.SDD.TPS:DSD_PRICES@DF_PRICES_ALL(1.0),,I,AUT,,Q,,N,,CPI,,PA,,_T,,N,,GY,,2016-Q1,,0.9747899,,A,,,,,,,,2,
DATAFLOW,OECD.SDD.TPS:DSD_PRICES@DF_PRICES_ALL(1.0),,I,AUT,,Q,,N,,CPI,,PA,,_T,,N,,GY,,2016-Q2,,0.5645965,,A,,,,,,,,2,
DATAFLOW,OECD.SDD.TPS:DSD_PRICES@DF_PRICES_ALL(1.0),,I,AUT,,Q,,N,,CPI,,PA,,_T,,N,,GY,,2016-Q3,,0.6993007,,A,,,,,,,,2,
DATAFLOW,OECD.SDD.TPS:DSD_PRICES@DF_PRICES_ALL(1.0),,I,AUT,,Q,,N,,CPI,,PA,,_T,,N,,GY,,2016-Q4,,1.328021,,A,,,,,,,,2,
DATAFLOW,OECD.SDD.TPS:DSD_PRICES@DF_PRICES_ALL(1.0),,I,AUT,,Q,,N,,CPI,,PA,,_T,,N,,GY,,2017-Q1,,2.030626,,A,,,,,,,,2,
DATAFLOW,OECD.SDD.TPS:DSD_PRICES@DF_PRICES_ALL(1.0),,I,AUT,,Q,,N,,CPI,,PA,,_T,,N,,GY,,2017-Q2,,1.948481,,A,,,,,,,,2,
DATAFLOW,OECD.SDD.TPS:DSD_PRICES@DF_PRICES_ALL(1.0),,I,AUT,,Q,,N,,CPI,,PA,,_T,,N,,GY,,2017-Q3,,2.149471,,A,,,,,,,,2,
DATAFLOW,OECD.SDD.TPS:DSD_PRICES@DF_PRICES_ALL(1.0),,I,AUT,,Q,,N,,CPI,,PA,,_T,,N,,GY,,2017-Q4,,2.195282,,A,,,,,,,,2,
DATAFLOW,OECD.SDD.TPS:DSD_PRICES@DF_PRICES_ALL(1.0),,I,AUT,,Q,,N,,CPI,,PA,,_T,,N,,GY,,2018-Q1,,1.794454,,A,,,,,,,,2,
DATAFLOW,OECD.SDD.TPS:DSD_PRICES@DF_PRICES_ALL(1.0),,I,AUT,,Q,,N,,CPI,,PA,,_T,,N,,GY,,2018-Q2,,1.943635,,A,,,,,,,,2,
DATAFLOW,OECD.SDD.TPS:DSD_PRICES@DF_PRICES_ALL(1.0),,I,AUT,,Q,,N,,CPI,,PA,,_T,,N,,GY,,2018-Q3,,2.136614,,A,,,,,,,,2,
DATAFLOW,OECD.SDD.TPS:DSD_PRICES@DF_PRICES_ALL(1.0),,I,AUT,,Q,,N,,CPI,,PA,,_T,,N,,GY,,2018-Q4,,2.116063,,A,,,,,,,,2,
DATAFLOW,OECD.SDD.TPS:DSD_PRICES@DF_PRICES_ALL(1.0),,I,AUT,,Q,,N,,CPI,,PA,,_T,,N,,GY,,2019-Q1,,1.730769,,A,,,,,,,,2,
DATAFLOW,OECD.SDD.TPS:DSD_PRICES@DF_PRICES_ALL(1.0),,I,AUT,,Q,,N,,CPI,,PA,,_T,,N,,GY,,2019-Q2,,1.684144,,A,,,,,,,,2,
DATAFLOW,OECD.SDD.TPS:DSD_PRICES@DF_PRICES_ALL(1.0),,I,AUT,,Q,,N,,CPI,,PA,,_T,,N,,GY,,2019-Q3,,1.394612,,A,,,,,,,,2,
DATAFLOW,OECD.SDD.TPS:DSD_PRICES@DF_PRICES_ALL(1.0),,I,AUT,,Q,,N,,CPI,,PA,,_T,,N,,GY,,2019-Q4,,1.318681,,A,,,,,,,,2,
DATAFLOW,OECD.SDD.TPS:DSD_PRICES@DF_PRICES_ALL(1.0),,I,AUT,,Q,,N,,CPI,,PA,,_T,,N,,GY,,2020-Q1,,1.871677,,A,,,,,,,,2,
DATAFLOW,OECD.SDD.TPS:DSD_PRICES@DF_PRICES_ALL(1.0),,I,AUT,,Q,,N,,CPI,,PA,,_T,,N,,GY,,2020-Q2,,1.04397,,A,,,,,,,,2,
DATAFLOW,OECD.SDD.TPS:DSD_PRICES@DF_PRICES_ALL(1.0),,I,AUT,,Q,,N,,CPI,,PA,,_T,,N,,GY,,2020-Q3,,1.413601,,A,,,,,,,,2,
DATAFLOW,OECD.SDD.TPS:DSD_PRICES@DF_PRICES_ALL(1.0),,I,AUT,,Q,,N,,CPI,,PA,,_T,,N,,GY,,2020-Q4,,1.203881,,A,,,,,,,,2,
DATAFLOW,OECD.SDD.TPS:DSD_PRICES@DF_PRICES_ALL(1.0),,I,AUT,,Q,,N,,CPI,,PA,,_T,,N,,GY,,2021-Q1,,1.337793,,A,,,,,,,,2,
DATAFLOW,OECD.SDD.TPS:DSD_PRICES@DF_PRICES_ALL(1.0),,I,AUT,,Q,,N,,CPI,,PA,,_T,,N,,GY,,2021-Q2,,2.508361,,A,,,,,,,,2,
DATAFLOW,OECD.SDD.TPS:DSD_PRICES@DF_PRICES_ALL(1.0),,I,AUT,,Q,,N,,CPI,,PA,,_T,,N,,GY,,2021-Q3,,3.133333,,A,,,,,,,,2,
DATAFLOW,OECD.SDD.TPS:DSD_PRICES@DF_PRICES_ALL(1.0),,I,AUT,,Q,,N,,CPI,,PA,,_T,,N,,GY,,2021-Q4,,4.072848,,A,,,,,,,,2,
DATAFLOW,OECD.SDD.TPS:DSD_PRICES@DF_PRICES_ALL(1.0),,I,AUT,,Q,,N,,CPI,,PA,,_T,,N,,GY,,2022-Q1,,5.841584,,A,,,,,,,,2,
DATAFLOW,OECD.SDD.TPS:DSD_PRICES@DF_PRICES_ALL(1.0),,I,AUT,,Q,,N,,CPI,,PA,,_T,,N,,GY,,2022-Q2,,7.862969,,A,,,,,,,,2,
DATAFLOW,OECD.SDD.TPS:DSD_PRICES@DF_PRICES_ALL(1.0),,I,AUT,,Q,,N,,CPI,,PA,,_T,,N,,GY,,2022-Q3,,9.793148,,A,,,,,,,,2,
DATAFLOW,OECD.SDD.TPS:DSD_PRICES@DF_PRICES_ALL(1.0),,I,AUT,,Q,,N,,CPI,,PA,,_T,,N,,GY,,2022-Q4,,10.59497,,A,,,,,,,,2,
DATAFLOW,OECD.SDD.TPS:DSD_PRICES@DF_PRICES_ALL(1.0),,I,AUT,,Q,,N,,CPI,,PA,,_T,,N,,GY,,2023-Q1,,10.41472,,A,,,,,,,,2,
DATAFLOW,OECD.SDD.TPS:DSD_PRICES@DF_PRICES_ALL(1.0),,I,AUT,,Q,,N,,CPI,,PA,,_T,,N,,GY,,2023-Q2,,8.832426,,A,,,,,,,,2,
DATAFLOW,OECD.SDD.TPS:DSD_PRICES@DF_PRICES_ALL(1.0),,I,AUT,,Q,,N,,CPI,,PA,,_T,,N,,GY,,2023-Q3,,6.800118,,A,,,,,,,,2,
DATAFLOW,OECD.SDD.TPS:DSD_PRICES@DF_PRICES_ALL(1.0),,I,AUT,,Q,,N,,CPI,,PA,,_T,,N,,GY,,2023-Q4,,5.437284,,A,,,,,,,,2,
DATAFLOW,OECD.SDD.TPS:DSD_PRICES@DF_PRICES_ALL(1.0),,I,AUT,,Q,,N,,CPI,,PA,,_T,,N,,GY,,2024-Q1,,4.292572,,A,,,,,,,,2,
DATAFLOW,OECD.SDD.TPS:DSD_PRICES@DF_PRICES_ALL(1.0),,I,AUT,,Q,,N,,CPI,,PA,,_T,,N,,GY,,2024-Q2,,3.251806,,A,,,,,,,,2,
DATAFLOW,OECD.SDD.TPS:DSD_PRICES@DF_PRICES_ALL(1.0),,I,AUT,,Q,,N,,CPI,,PA,,_T,,N,,GY,,2024-Q3,,2.342889,,A,,,,,,,,2,
DATAFLOW,OECD.SDD.TPS:DSD_PRICES@DF_PRICES_ALL(1.0),,I,AUT,,Q,,N,,CPI,,PA,,_T,,N,,GY,,2024-Q4,,1.909959,,A,,,,,,,,2,
DATAFLOW,OECD.SDD.TPS:DSD_PRICES@DF_PRICES_ALL(1.0),,I,AUT,,Q,,N,,CPI,,PA,,_T,,N,,GY,,2025-Q1,,3.141078,,A,,,,,,,,2,
DATAFLOW,OECD.SDD.TPS:DSD_PRICES@DF_PRICES_ALL(1.0),,I,AUT,,Q,,N,,CPI,,PA,,_T,,N,,GY,,2025-Q2,,3.122476,,A,,,,,,,,2,
DATAFLOW,OECD.SDD.TPS:DSD_PRICES@DF_PRICES_ALL(1.0),,I,AUT,,Q,,N,,CPI,,PA,,_T,,N,,GY,,2025-Q3,,3.905198,,A,,,,,,,,2,
DATAFLOW,OECD.SDD.TPS:DSD_PRICES@DF_PRICES_ALL(1.0),,I,AUT,,Q,,N,,CPI,,PA,,_T,,N,,GY,,2025-Q4,,3.935743,,A,,,,,,,,2,
DATAFLOW,OECD.SDD.TPS:DSD_PRICES@DF_PRICES_ALL(1.0),,I,CZE,,Q,,N,,CPI,,PA,,_T,,N,,GY,,1996-Q3,,9.263959,,A,,,,,,,,2,
DATAFLOW,OECD.SDD.TPS:DSD_PRICES@DF_PRICES_ALL(1.0),,I,CZE,,Q,,N,,CPI,,PA,,_T,,N,,GY,,1996-Q4,,8.592777,,A,,,,,,,,2,
DATAFLOW,OECD.SDD.TPS:DSD_PRICES@DF_PRICES_ALL(1.0),,I,CZE,,Q,,N,,CPI,,PA,,_T,,N,,GY,,1997-Q1,,7.160048,,A,,,,,,,,2,
DATAFLOW,OECD.SDD.TPS:DSD_PRICES@DF_PRICES_ALL(1.0),,I,CZE,,Q,,N,,CPI,,PA,,_T,,N,,GY,,1997-Q2,,6.867969,,A,,,,,,,,2,
DATAFLOW,OECD.SDD.TPS:DSD_PRICES@DF_PRICES_ALL(1.0),,I,CZE,,Q,,N,,CPI,,PA,,_T,,N,,GY,,1997-Q3,,9.930314,,A,,,,,,,,2,
DATAFLOW,OECD.SDD.TPS:DSD_PRICES@DF_PRICES_ALL(1.0),,I,CZE,,Q,,N,,CPI,,PA,,_T,,N,,GY,,1997-Q4,,10.3211,,A,,,,,,,,2,
DATAFLOW,OECD.SDD.TPS:DSD_PRICES@DF_PRICES_ALL(1.0),,I,CZE,,Q,,N,,CPI,,PA,,_T,,N,,GY,,1998-Q1,,13.25098,,A,,,,,,,,2,
DATAFLOW,OECD.SDD.TPS:DSD_PRICES@DF_PRICES_ALL(1.0),,I,CZE,,Q,,N,,CPI,,PA,,_T,,N,,GY,,1998-Q2,,12.68698,,A,,,,,,,,2,
DATAFLOW,OECD.SDD.TPS:DSD_PRICES@DF_PRICES_ALL(1.0),,I,CZE,,Q,,N,,CPI,,PA,,_T,,N,,GY,,1998-Q3,,9.667195,,A,,,,,,,,2,
DATAFLOW,OECD.SDD.TPS:DSD_PRICES@DF_PRICES_ALL(1.0),,I,CZE,,Q,,N,,CPI,,PA,,_T,,N,,GY,,1998-Q4,,7.484407,,A,,,,,,,,2,
DATAFLOW,OECD.SDD.TPS:DSD_PRICES@DF_PRICES_ALL(1.0),,I,CZE,,Q,,N,,CPI,,PA,,_T,,N,,GY,,1999-Q1,,3.073872,,A,,,,,,,,2,
DATAFLOW,OECD.SDD.TPS:DSD_PRICES@DF_PRICES_ALL(1.0),,I,CZE,,Q,,N,,CPI,,PA,,_T,,N,,GY,,1999-Q2,,2.359882,,A,,,,,,,,2,
DATAFLOW,OECD.SDD.TPS:DSD_PRICES@DF_PRICES_ALL(1.0),,I,CZE,,Q,,N,,CPI,,PA,,_T,,N,,GY,,1999-Q3,,1.204239,,A,,,,,,,,2,
DATAFLOW,OECD.SDD.TPS:DSD_PRICES@DF_PRICES_ALL(1.0),,I,CZE,,Q,,N,,CPI,,PA,,_T,,N,,GY,,1999-Q4,,1.934236,,A,,,,,,,,2,
DATAFLOW,OECD.SDD.TPS:DSD_PRICES@DF_PRICES_ALL(1.0),,I,CZE,,Q,,N,,CPI,,PA,,_T,,N,,GY,,2000-Q1,,3.511303,,A,,,,,,,,2,
DATAFLOW,OECD.SDD.TPS:DSD_PRICES@DF_PRICES_ALL(1.0),,I,CZE,,Q,,N,,CPI,,PA,,_T,,N,,GY,,2000-Q2,,3.650336,,A,,,,,,,,2,
DATAFLOW,OECD.SDD.TPS:DSD_PRICES@DF_PRICES_ALL(1.0),,I,CZE,,Q,,N,,CPI,,PA,,_T,,N,,GY,,2000-Q3,,3.902903,,A,,,,,,,,2,
DATAFLOW,OECD.SDD.TPS:DSD_PRICES@DF_PRICES_ALL(1.0),,I,CZE,,Q,,N,,CPI,,PA,,_T,,N,,GY,,2000-Q4,,4.032258,,A,,,,,,,,2,
DATAFLOW,OECD.SDD.TPS:DSD_PRICES@DF_PRICES_ALL(1.0),,I,CZE,,Q,,N,,CPI,,PA,,_T,,N,,GY,,2001-Q1,,4.042751,,A,,,,,,,,2,
DATAFLOW,OECD.SDD.TPS:DSD_PRICES@DF_PRICES_ALL(1.0),,I,CZE,,Q,,N,,CPI,,PA,,_T,,N,,GY,,2001-Q2,,4.958295,,A,,,,,,,,2,
DATAFLOW,OECD.SDD.TPS:DSD_PRICES@DF_PRICES_ALL(1.0),,I,CZE,,Q,,N,,CPI,,PA,,_T,,N,,GY,,2001-Q3,,5.405406,,A,,,,,,,,2,
DATAFLOW,OECD.SDD.TPS:DSD_PRICES@DF_PRICES_ALL(1.0),,I,CZE,,Q,,N,,CPI,,PA,,_T,,N,,GY,,2001-Q4,,4.240766,,A,,,,,,,,2,
DATAFLOW,OECD.SDD.TPS:DSD_PRICES@DF_PRICES_ALL(1.0),,I,CZE,,Q,,N,,CPI,,PA,,_T,,N,,GY,,2002-Q1,,3.841001,,A,,,,,,,,2,
DATAFLOW,OECD.SDD.TPS:DSD_PRICES@DF_PRICES_ALL(1.0),,I,CZE,,Q,,N,,CPI,,PA,,_T,,N,,GY,,2002-Q2,,2.428256,,A,,,,,,,,2,
DATAFLOW,OECD.SDD.TPS:DSD_PRICES@DF_PRICES_ALL(1.0),,I,CZE,,Q,,N,,CPI,,PA,,_T,,N,,GY,,2002-Q3,,0.7822686,,A,,,,,,,,2,
DATAFLOW,OECD.SDD.TPS:DSD_PRICES@DF_PRICES_ALL(1.0),,I,CZE,,Q,,N,,CPI,,PA,,_T,,N,,GY,,2002-Q4,,0.6124234,,A,,,,,,,,2,
DATAFLOW,OECD.SDD.TPS:DSD_PRICES@DF_PRICES_ALL(1.0),,I,CZE,,Q,,N,,CPI,,PA,,_T,,N,,GY,,2003-Q1,,-0.3870968,,A,,,,,,,,2,
DATAFLOW,OECD.SDD.TPS:DSD_PRICES@DF_PRICES_ALL(1.0),,I,CZE,,Q,,N,,CPI,,PA,,_T,,N,,GY,,2003-Q2,,0.0862069,,A,,,,,,,,2,
DATAFLOW,OECD.SDD.TPS:DSD_PRICES@DF_PRICES_ALL(1.0),,I,CZE,,Q,,N,,CPI,,PA,,_T,,N,,GY,,2003-Q3,,-0.04312203,,A,,,,,,,,2,
DATAFLOW,OECD.SDD.TPS:DSD_PRICES@DF_PRICES_ALL(1.0),,I,CZE,,Q,,N,,CPI,,PA,,_T,,N,,GY,,2003-Q4,,0.8260869,,A,,,,,,,,2,
DATAFLOW,OECD.SDD.TPS:DSD_PRICES@DF_PRICES_ALL(1.0),,I,CZE,,Q,,N,,CPI,,PA,,_T,,N,,GY,,2004-Q1,,2.374784,,A,,,,,,,,2,
DATAFLOW,OECD.SDD.TPS:DSD_PRICES@DF_PRICES_ALL(1.0),,I,CZE,,Q,,N,,CPI,,PA,,_T,,N,,GY,,2004-Q2,,2.583979,,A,,,,,,,,2,
DATAFLOW,OECD.SDD.TPS:DSD_PRICES@DF_PRICES_ALL(1.0),,I,CZE,,Q,,N,,CPI,,PA,,_T,,N,,GY,,2004-Q3,,3.106126,,A,,,,,,,,2,
DATAFLOW,OECD.SDD.TPS:DSD_PRICES@DF_PRICES_ALL(1.0),,I,CZE,,Q,,N,,CPI,,PA,,_T,,N,,GY,,2004-Q4,,2.97542,,A,,,,,,,,2,
DATAFLOW,OECD.SDD.TPS:DSD_PRICES@DF_PRICES_ALL(1.0),,I,CZE,,Q,,N,,CPI,,PA,,_T,,N,,GY,,2005-Q1,,1.602699,,A,,,,,,,,2,
DATAFLOW,OECD.SDD.TPS:DSD_PRICES@DF_PRICES_ALL(1.0),,I,CZE,,Q,,N,,CPI,,PA,,_T,,N,,GY,,2005-Q2,,1.553317,,A,,,,,,,,2,
DATAFLOW,OECD.SDD.TPS:DSD_PRICES@DF_PRICES_ALL(1.0),,I,CZE,,Q,,N,,CPI,,PA,,_T,,N,,GY,,2005-Q3,,1.841004,,A,,,,,,,,2,
DATAFLOW,OECD.SDD.TPS:DSD_PRICES@DF_PRICES_ALL(1.0),,I,CZE,,Q,,N,,CPI,,PA,,_T,,N,,GY,,2005-Q4,,2.428811,,A,,,,,,,,2,
DATAFLOW,OECD.SDD.TPS:DSD_PRICES@DF_PRICES_ALL(1.0),,I,CZE,,Q,,N,,CPI,,PA,,_T,,N,,GY,,2006-Q1,,2.864259,,A,,,,,,,,2,
DATAFLOW,OECD.SDD.TPS:DSD_PRICES@DF_PRICES_ALL(1.0),,I,CZE,,Q,,N,,CPI,,PA,,_T,,N,,GY,,2006-Q2,,2.852418,,A,,,,,,,,2,
DATAFLOW,OECD.SDD.TPS:DSD_PRICES@DF_PRICES_ALL(1.0),,I,CZE,,Q,,N,,CPI,,PA,,_T,,N,,GY,,2006-Q3,,2.958094,,A,,,,,,,,2,
DATAFLOW,OECD.SDD.TPS:DSD_PRICES@DF_PRICES_ALL(1.0),,I,CZE,,Q,,N,,CPI,,PA,,_T,,N,,GY,,2006-Q4,,1.471791,,A,,,,,,,,2,
DATAFLOW,OECD.SDD.TPS:DSD_PRICES@DF_PRICES_ALL(1.0),,I,CZE,,Q,,N,,CPI,,PA,,_T,,N,,GY,,2007-Q1,,1.49314,,A,,,,,,,,2,
DATAFLOW,OECD.SDD.TPS:DSD_PRICES@DF_PRICES_ALL(1.0),,I,CZE,,Q,,N,,CPI,,PA,,_T,,N,,GY,,2007-Q2,,2.451768,,A,,,,,,,,2,
DATAFLOW,OECD.SDD.TPS:DSD_PRICES@DF_PRICES_ALL(1.0),,I,CZE,,Q,,N,,CPI,,PA,,_T,,N,,GY,,2007-Q3,,2.593775,,A,,,,,,,,2,
DATAFLOW,OECD.SDD.TPS:DSD_PRICES@DF_PRICES_ALL(1.0),,I,CZE,,Q,,N,,CPI,,PA,,_T,,N,,GY,,2007-Q4,,4.875101,,A,,,,,,,,2,
DATAFLOW,OECD.SDD.TPS:DSD_PRICES@DF_PRICES_ALL(1.0),,I,CZE,,Q,,N,,CPI,,PA,,_T,,N,,GY,,2008-Q1,,7.435388,,A,,,,,,,,2,
DATAFLOW,OECD.SDD.TPS:DSD_PRICES@DF_PRICES_ALL(1.0),,I,CZE,,Q,,N,,CPI,,PA,,_T,,N,,GY,,2008-Q2,,6.786975,,A,,,,,,,,2,
DATAFLOW,OECD.SDD.TPS:DSD_PRICES@DF_PRICES_ALL(1.0),,I,CZE,,Q,,N,,CPI,,PA,,_T,,N,,GY,,2008-Q3,,6.612213,,A,,,,,,,,2,
DATAFLOW,OECD.SDD.TPS:DSD_PRICES@DF_PRICES_ALL(1.0),,I,CZE,,Q,,N,,CPI,,PA,,_T,,N,,GY,,2008-Q4,,4.648482,,A,,,,,,,,2,
DATAFLOW,OECD.SDD.TPS:DSD_PRICES@DF_PRICES_ALL(1.0),,I,CZE,,Q,,N,,CPI,,PA,,_T,,N,,GY,,2009-Q1,,2.109549,,A,,,,,,,,2,
DATAFLOW,OECD.SDD.TPS:DSD_PRICES@DF_PRICES_ALL(1.0),,I,CZE,,Q,,N,,CPI,,PA,,_T,,N,,GY,,2009-Q2,,1.396032,,A,,,,,,,,2,
DATAFLOW,OECD.SDD.TPS:DSD_PRICES@DF_PRICES_ALL(1.0),,I,CZE,,Q,,N,,CPI,,PA,,_T,,N,,GY,,2009-Q3,,0.1094491,,A,,,,,,,,2,
DATAFLOW,OECD.SDD.TPS:DSD_PRICES@DF_PRICES_ALL(1.0),,I,CZE,,Q,,N,,CPI,,PA,,_T,,N,,GY,,2009-Q4,,0.4772393,,A,,,,,,,,2,
DATAFLOW,OECD.SDD.TPS:DSD_PRICES@DF_PRICES_ALL(1.0),,I,CZE,,Q,,N,,CPI,,PA,,_T,,N,,GY,,2010-Q1,,0.6524103,,A,,,,,,,,2,
DATAFLOW,OECD.SDD.TPS:DSD_PRICES@DF_PRICES_ALL(1.0),,I,CZE,,Q,,N,,CPI,,PA,,_T,,N,,GY,,2010-Q2,,1.268116,,A,,,,,,,,2,
DATAFLOW,OECD.SDD.TPS:DSD_PRICES@DF_PRICES_ALL(1.0),,I,CZE,,Q,,N,,CPI,,PA,,_T,,N,,GY,,2010-Q3,,1.931487,,A,,,,,,,,2,
DATAFLOW,OECD.SDD.TPS:DSD_PRICES@DF_PRICES_ALL(1.0),,I,CZE,,Q,,N,,CPI,,PA,,_T,,N,,GY,,2010-Q4,,2.046036,,A,,,,,,,,2,
DATAFLOW,OECD.SDD.TPS:DSD_PRICES@DF_PRICES_ALL(1.0),,I,CZE,,Q,,N,,CPI,,PA,,_T,,N,,GY,,2011-Q1,,1.764494,,A,,,,,,,,2,
DATAFLOW,OECD.SDD.TPS:DSD_PRICES@DF_PRICES_ALL(1.0),,I,CZE,,Q,,N,,CPI,,PA,,_T,,N,,GY,,2011-Q2,,1.753131,,A,,,,,,,,2,
DATAFLOW,OECD.SDD.TPS:DSD_PRICES@DF_PRICES_ALL(1.0),,I,CZE,,Q,,N,,CPI,,PA,,_T,,N,,GY,,2011-Q3,,1.78763,,A,,,,,,,,2,
DATAFLOW,OECD.SDD.TPS:DSD_PRICES@DF_PRICES_ALL(1.0),,I,CZE,,Q,,N,,CPI,,PA,,_T,,N,,GY,,2011-Q4,,2.36305,,A,,,,,,,,2,
DATAFLOW,OECD.SDD.TPS:DSD_PRICES@DF_PRICES_ALL(1.0),,I,CZE,,Q,,N,,CPI,,PA,,_T,,N,,GY,,2012-Q1,,3.644727,,A,,,,,,,,2,
DATAFLOW,OECD.SDD.TPS:DSD_PRICES@DF_PRICES_ALL(1.0),,I,CZE,,Q,,N,,CPI,,PA,,_T,,N,,GY,,2012-Q2,,3.375527,,A,,,,,,,,2,
DATAFLOW,OECD.SDD.TPS:DSD_PRICES@DF_PRICES_ALL(1.0),,I,CZE,,Q,,N,,CPI,,PA,,_T,,N,,GY,,2012-Q3,,3.266596,,A,,,,,,,,2,
DATAFLOW,OECD.SDD.TPS:DSD_PRICES@DF_PRICES_ALL(1.0),,I,CZE,,Q,,N,,CPI,,PA,,_T,,N,,GY,,2012-Q4,,2.868136,,A,,,,,,,,2,
DATAFLOW,OECD.SDD.TPS:DSD_PRICES@DF_PRICES_ALL(1.0),,I,CZE,,Q,,N,,CPI,,PA,,_T,,N,,GY,,2013-Q1,,1.809491,,A,,,,,,,,2,
DATAFLOW,OECD.SDD.TPS:DSD_PRICES@DF_PRICES_ALL(1.0),,I,CZE,,Q,,N,,CPI,,PA,,_T,,N,,GY,,2013-Q2,,1.530612,,A,,,,,,,,2,
DATAFLOW,OECD.SDD.TPS:DSD_PRICES@DF_PRICES_ALL(1.0),,I,CZE,,Q,,N,,CPI,,PA,,_T,,N,,GY,,2013-Q3,,1.258503,,A,,,,,,,,2,
DATAFLOW,OECD.SDD.TPS:DSD_PRICES@DF_PRICES_ALL(1.0),,I,CZE,,Q,,N,,CPI,,PA,,_T,,N,,GY,,2013-Q4,,1.156069,,A,,,,,,,,2,
DATAFLOW,OECD.SDD.TPS:DSD_PRICES@DF_PRICES_ALL(1.0),,I,CZE,,Q,,N,,CPI,,PA,,_T,,N,,GY,,2014-Q1,,0.1676727,,A,,,,,,,,2,
DATAFLOW,OECD.SDD.TPS:DSD_PRICES@DF_PRICES_ALL(1.0),,I,CZE,,Q,,N,,CPI,,PA,,_T,,N,,GY,,2014-Q2,,0.1675042,,A,,,,,,,,2,
DATAFLOW,OECD.SDD.TPS:DSD_PRICES@DF_PRICES_ALL(1.0),,I,CZE,,Q,,N,,CPI,,PA,,_T,,N,,GY,,2014-Q3,,0.6046355,,A,,,,,,,,2,
DATAFLOW,OECD.SDD.TPS:DSD_PRICES@DF_PRICES_ALL(1.0),,I,CZE,,Q,,N,,CPI,,PA,,_T,,N,,GY,,2014-Q4,,0.4369748,,A,,,,,,,,2,
DATAFLOW,OECD.SDD.TPS:DSD_PRICES@DF_PRICES_ALL(1.0),,I,CZE,,Q,,N,,CPI,,PA,,_T,,N,,GY,,2015-Q1,,0.1004352,,A,,,,,,,,2,
DATAFLOW,OECD.SDD.TPS:DSD_PRICES@DF_PRICES_ALL(1.0),,I,CZE,,Q,,N,,CPI,,PA,,_T,,N,,GY,,2015-Q2,,0.6688963,,A,,,,,,,,2,
DATAFLOW,OECD.SDD.TPS:DSD_PRICES@DF_PRICES_ALL(1.0),,I,CZE,,Q,,N,,CPI,,PA,,_T,,N,,GY,,2015-Q3,,0.3672788,,A,,,,,,,,2,
DATAFLOW,OECD.SDD.TPS:DSD_PRICES@DF_PRICES_ALL(1.0),,I,CZE,,Q,,N,,CPI,,PA,,_T,,N,,GY,,2015-Q4,,0.1004016,,A,,,,,,,,2,
DATAFLOW,OECD.SDD.TPS:DSD_PRICES@DF_PRICES_ALL(1.0),,I,CZE,,Q,,N,,CPI,,PA,,_T,,N,,GY,,2016-Q1,,0.4682274,,A,,,,,,,,2,
DATAFLOW,OECD.SDD.TPS:DSD_PRICES@DF_PRICES_ALL(1.0),,I,CZE,,Q,,N,,CPI,,PA,,_T,,N,,GY,,2016-Q2,,0.2657807,,A,,,,,,,,2,
DATAFLOW,OECD.SDD.TPS:DSD_PRICES@DF_PRICES_ALL(1.0),,I,CZE,,Q,,N,,CPI,,PA,,_T,,N,,GY,,2016-Q3,,0.5322688,,A,,,,,,,,2,
DATAFLOW,OECD.SDD.TPS:DSD_PRICES@DF_PRICES_ALL(1.0),,I,CZE,,Q,,N,,CPI,,PA,,_T,,N,,GY,,2016-Q4,,1.47108,,A,,,,,,,,2,
DATAFLOW,OECD.SDD.TPS:DSD_PRICES@DF_PRICES_ALL(1.0),,I,CZE,,Q,,N,,CPI,,PA,,_T,,N,,GY,,2017-Q1,,2.430093,,A,,,,,,,,2,
DATAFLOW,OECD.SDD.TPS:DSD_PRICES@DF_PRICES_ALL(1.0),,I,CZE,,Q,,N,,CPI,,PA,,_T,,N,,GY,,2017-Q2,,2.220013,,A,,,,,,,,2,
DATAFLOW,OECD.SDD.TPS:DSD_PRICES@DF_PRICES_ALL(1.0),,I,CZE,,Q,,N,,CPI,,PA,,_T,,N,,GY,,2017-Q3,,2.547982,,A,,,,,,,,2,
DATAFLOW,OECD.SDD.TPS:DSD_PRICES@DF_PRICES_ALL(1.0),,I,CZE,,Q,,N,,CPI,,PA,,_T,,N,,GY,,2017-Q4,,2.602965,,A,,,,,,,,2,
DATAFLOW,OECD.SDD.TPS:DSD_PRICES@DF_PRICES_ALL(1.0),,I,CZE,,Q,,N,,CPI,,PA,,_T,,N,,GY,,2018-Q1,,1.852454,,A,,,,,,,,2,
DATAFLOW,OECD.SDD.TPS:DSD_PRICES@DF_PRICES_ALL(1.0),,I,CZE,,Q,,N,,CPI,,PA,,_T,,N,,GY,,2018-Q2,,2.269044,,A,,,,,,,,2,
DATAFLOW,OECD.SDD.TPS:DSD_PRICES@DF_PRICES_ALL(1.0),,I,CZE,,Q,,N,,CPI,,PA,,_T,,N,,GY,,2018-Q3,,2.387867,,A,,,,,,,,2,
DATAFLOW,OECD.SDD.TPS:DSD_PRICES@DF_PRICES_ALL(1.0),,I,CZE,,Q,,N,,CPI,,PA,,_T,,N,,GY,,2018-Q4,,2.087348,,A,,,,,,,,2,
DATAFLOW,OECD.SDD.TPS:DSD_PRICES@DF_PRICES_ALL(1.0),,I,CZE,,Q,,N,,CPI,,PA,,_T,,N,,GY,,2019-Q1,,2.712189,,A,,,,,,,,2,
DATAFLOW,OECD.SDD.TPS:DSD_PRICES@DF_PRICES_ALL(1.0),,I,CZE,,Q,,N,,CPI,,PA,,_T,,N,,GY,,2019-Q2,,2.820919,,A,,,,,,,,2,
DATAFLOW,OECD.SDD.TPS:DSD_PRICES@DF_PRICES_ALL(1.0),,I,CZE,,Q,,N,,CPI,,PA,,_T,,N,,GY,,2019-Q3,,2.836432,,A,,,,,,,,2,
DATAFLOW,OECD.SDD.TPS:DSD_PRICES@DF_PRICES_ALL(1.0),,I,CZE,,Q,,N,,CPI,,PA,,_T,,N,,GY,,2019-Q4,,3.019818,,A,,,,,,,,2,
DATAFLOW,OECD.SDD.TPS:DSD_PRICES@DF_PRICES_ALL(1.0),,I,CZE,,Q,,N,,CPI,,PA,,_T,,N,,GY,,2020-Q1,,3.603604,,A,,,,,,,,2,
DATAFLOW,OECD.SDD.TPS:DSD_PRICES@DF_PRICES_ALL(1.0),,I,CZE,,Q,,N,,CPI,,PA,,_T,,N,,GY,,2020-Q2,,3.11344,,A,,,,,,,,2,
DATAFLOW,OECD.SDD.TPS:DSD_PRICES@DF_PRICES_ALL(1.0),,I,CZE,,Q,,N,,CPI,,PA,,_T,,N,,GY,,2020-Q3,,3.309838,,A,,,,,,,,2,
DATAFLOW,OECD.SDD.TPS:DSD_PRICES@DF_PRICES_ALL(1.0),,I,CZE,,Q,,N,,CPI,,PA,,_T,,N,,GY,,2020-Q4,,2.625954,,A,,,,,,,,2,
DATAFLOW,OECD.SDD.TPS:DSD_PRICES@DF_PRICES_ALL(1.0),,I,CZE,,Q,,N,,CPI,,PA,,_T,,N,,GY,,2021-Q1,,2.188905,,A,,,,,,,,2,
DATAFLOW,OECD.SDD.TPS:DSD_PRICES@DF_PRICES_ALL(1.0),,I,CZE,,Q,,N,,CPI,,PA,,_T,,N,,GY,,2021-Q2,,2.899851,,A,,,,,,,,2,
DATAFLOW,OECD.SDD.TPS:DSD_PRICES@DF_PRICES_ALL(1.0),,I,CZE,,Q,,N,,CPI,,PA,,_T,,N,,GY,,2021-Q3,,4.123405,,A,,,,,,,,2,
DATAFLOW,OECD.SDD.TPS:DSD_PRICES@DF_PRICES_ALL(1.0),,I,CZE,,Q,,N,,CPI,,PA,,_T,,N,,GY,,2021-Q4,,6.129128,,A,,,,,,,,2,
DATAFLOW,OECD.SDD.TPS:DSD_PRICES@DF_PRICES_ALL(1.0),,I,CZE,,Q,,N,,CPI,,PA,,_T,,N,,GY,,2022-Q1,,11.23826,,A,,,,,,,,2,
DATAFLOW,OECD.SDD.TPS:DSD_PRICES@DF_PRICES_ALL(1.0),,I,CZE,,Q,,N,,CPI,,PA,,_T,,N,,GY,,2022-Q2,,15.77571,,A,,,,,,,,2,
DATAFLOW,OECD.SDD.TPS:DSD_PRICES@DF_PRICES_ALL(1.0),,I,CZE,,Q,,N,,CPI,,PA,,_T,,N,,GY,,2022-Q3,,17.57835,,A,,,,,,,,2,
DATAFLOW,OECD.SDD.TPS:DSD_PRICES@DF_PRICES_ALL(1.0),,I,CZE,,Q,,N,,CPI,,PA,,_T,,N,,GY,,2022-Q4,,15.69947,,A,,,,,,,,2,
DATAFLOW,OECD.SDD.TPS:DSD_PRICES@DF_PRICES_ALL(1.0),,I,CZE,,Q,,N,,CPI,,PA,,_T,,N,,GY,,2023-Q1,,16.3809,,A,,,,,,,,2,
DATAFLOW,OECD.SDD.TPS:DSD_PRICES@DF_PRICES_ALL(1.0),,I,CZE,,Q,,N,,CPI,,PA,,_T,,N,,GY,,2023-Q2,,11.14178,,A,,,,,,,,2,
DATAFLOW,OECD.SDD.TPS:DSD_PRICES@DF_PRICES_ALL(1.0),,I,CZE,,Q,,N,,CPI,,PA,,_T,,N,,GY,,2023-Q3,,8.044584,,A,,,,,,,,2,
DATAFLOW,OECD.SDD.TPS:DSD_PRICES@DF_PRICES_ALL(1.0),,I,CZE,,Q,,N,,CPI,,PA,,_T,,N,,GY,,2023-Q4,,7.559971,,A,,,,,,,,2,
DATAFLOW,OECD.SDD.TPS:DSD_PRICES@DF_PRICES_ALL(1.0),,I,CZE,,Q,,N,,CPI,,PA,,_T,,N,,GY,,2024-Q1,,2.085222,,A,,,,,,,,2,
DATAFLOW,OECD.SDD.TPS:DSD_PRICES@DF_PRICES_ALL(1.0),,I,CZE,,Q,,N,,CPI,,PA,,_T,,N,,GY,,2024-Q2,,2.461052,,A,,,,,,,,2,
DATAFLOW,OECD.SDD.TPS:DSD_PRICES@DF_PRICES_ALL(1.0),,I,CZE,,Q,,N,,CPI,,PA,,_T,,N,,GY,,2024-Q3,,2.309935,,A,,,,,,,,2,
DATAFLOW,OECD.SDD.TPS:DSD_PRICES@DF_PRICES_ALL(1.0),,I,CZE,,Q,,N,,CPI,,PA,,_T,,N,,GY,,2024-Q4,,2.883532,,A,,,,,,,,2,
DATAFLOW,OECD.SDD.TPS:DSD_PRICES@DF_PRICES_ALL(1.0),,I,CZE,,Q,,N,,CPI,,PA,,_T,,N,,GY,,2025-Q1,,2.730906,,A,,,,,,,,2,
DATAFLOW,OECD.SDD.TPS:DSD_PRICES@DF_PRICES_ALL(1.0),,I,CZE,,Q,,N,,CPI,,PA,,_T,,N,,GY,,2025-Q2,,2.379903,,A,,,,,,,,2,
DATAFLOW,OECD.SDD.TPS:DSD_PRICES@DF_PRICES_ALL(1.0),,I,CZE,,Q,,N,,CPI,,PA,,_T,,N,,GY,,2025-Q3,,2.498904,,A,,,,,,,,2,
DATAFLOW,OECD.SDD.TPS:DSD_PRICES@DF_PRICES_ALL(1.0),,I,CZE,,Q,,N,,CPI,,PA,,_T,,N,,GY,,2025-Q4,,2.233414,,A,,,,,,,,2,
DATAFLOW,OECD.SDD.TPS:DSD_PRICES@DF_PRICES_ALL(1.0),,I,EST,,Q,,N,,CPI,,PA,,_T,,N,,GY,,1998-Q1,,11.73073,,A,,,,,,,,2,
DATAFLOW,OECD.SDD.TPS:DSD_PRICES@DF_PRICES_ALL(1.0),,I,EST,,Q,,N,,CPI,,PA,,_T,,N,,GY,,1998-Q2,,9.406052,,A,,,,,,,,2,
DATAFLOW,OECD.SDD.TPS:DSD_PRICES@DF_PRICES_ALL(1.0),,I,EST,,Q,,N,,CPI,,PA,,_T,,N,,GY,,1998-Q3,,8.120696,,A,,,,,,,,2,
DATAFLOW,OECD.SDD.TPS:DSD_PRICES@DF_PRICES_ALL(1.0),,I,EST,,Q,,N,,CPI,,PA,,_T,,N,,GY,,1998-Q4,,5.955194,,A,,,,,,,,2,
DATAFLOW,OECD.SDD.TPS:DSD_PRICES@DF_PRICES_ALL(1.0),,I,EST,,Q,,N,,CPI,,PA,,_T,,N,,GY,,1999-Q1,,4.005006,,A,,,,,,,,2,
DATAFLOW,OECD.SDD.TPS:DSD_PRICES@DF_PRICES_ALL(1.0),,I,EST,,Q,,N,,CPI,,PA,,_T,,N,,GY,,1999-Q2,,3.264552,,A,,,,,,,,2,
DATAFLOW,OECD.SDD.TPS:DSD_PRICES@DF_PRICES_ALL(1.0),,I,EST,,Q,,N,,CPI,,PA,,_T,,N,,GY,,1999-Q3,,2.630774,,A,,,,,,,,2,
DATAFLOW,OECD.SDD.TPS:DSD_PRICES@DF_PRICES_ALL(1.0),,I,EST,,Q,,N,,CPI,,PA,,_T,,N,,GY,,1999-Q4,,3.299725,,A,,,,,,,,2,
DATAFLOW,OECD.SDD.TPS:DSD_PRICES@DF_PRICES_ALL(1.0),,I,EST,,Q,,N,,CPI,,PA,,_T,,N,,GY,,2000-Q1,,3.158845,,A,,,,,,,,2,
DATAFLOW,OECD.SDD.TPS:DSD_PRICES@DF_PRICES_ALL(1.0),,I,EST,,Q,,N,,CPI,,PA,,_T,,N,,GY,,2000-Q2,,3.071876,,A,,,,,,,,2,
DATAFLOW,OECD.SDD.TPS:DSD_PRICES@DF_PRICES_ALL(1.0),,I,EST,,Q,,N,,CPI,,PA,,_T,,N,,GY,,2000-Q3,,4.441133,,A,,,,,,,,2,
DATAFLOW,OECD.SDD.TPS:DSD_PRICES@DF_PRICES_ALL(1.0),,I,EST,,Q,,N,,CPI,,PA,,_T,,N,,GY,,2000-Q4,,5.383023,,A,,,,,,,,2,
DATAFLOW,OECD.SDD.TPS:DSD_PRICES@DF_PRICES_ALL(1.0),,I,EST,,Q,,N,,CPI,,PA,,_T,,N,,GY,,2001-Q1,,5.89093,,A,,,,,,,,2,
DATAFLOW,OECD.SDD.TPS:DSD_PRICES@DF_PRICES_ALL(1.0),,I,EST,,Q,,N,,CPI,,PA,,_T,,N,,GY,,2001-Q2,,6.712963,,A,,,,,,,,2,
DATAFLOW,OECD.SDD.TPS:DSD_PRICES@DF_PRICES_ALL(1.0),,I,EST,,Q,,N,,CPI,,PA,,_T,,N,,GY,,2001-Q3,,6.050228,,A,,,,,,,,2,
DATAFLOW,OECD.SDD.TPS:DSD_PRICES@DF_PRICES_ALL(1.0),,I,EST,,Q,,N,,CPI,,PA,,_T,,N,,GY,,2001-Q4,,4.378333,,A,,,,,,,,2,
DATAFLOW,OECD.SDD.TPS:DSD_PRICES@DF_PRICES_ALL(1.0),,I,EST,,Q,,N,,CPI,,PA,,_T,,N,,GY,,2002-Q1,,4.323878,,A,,,,,,,,2,
DATAFLOW,OECD.SDD.TPS:DSD_PRICES@DF_PRICES_ALL(1.0),,I,EST,,Q,,N,,CPI,,PA,,_T,,N,,GY,,2002-Q2,,4.175705,,A,,,,,,,,2,
DATAFLOW,OECD.SDD.TPS:DSD_PRICES@DF_PRICES_ALL(1.0),,I,EST,,Q,,N,,CPI,,PA,,_T,,N,,GY,,2002-Q3,,2.798708,,A,,,,,,,,2,
DATAFLOW,OECD.SDD.TPS:DSD_PRICES@DF_PRICES_ALL(1.0),,I,EST,,Q,,N,,CPI,,PA,,_T,,N,,GY,,2002-Q4,,3.011562,,A,,,,,,,,2,
DATAFLOW,OECD.SDD.TPS:DSD_PRICES@DF_PRICES_ALL(1.0),,I,EST,,Q,,N,,CPI,,PA,,_T,,N,,GY,,2003-Q1,,2.428722,,A,,,,,,,,2,
DATAFLOW,OECD.SDD.TPS:DSD_PRICES@DF_PRICES_ALL(1.0),,I,EST,,Q,,N,,CPI,,PA,,_T,,N,,GY,,2003-Q2,,0.7548152,,A,,,,,,,,2,
DATAFLOW,OECD.SDD.TPS:DSD_PRICES@DF_PRICES_ALL(1.0),,I,EST,,Q,,N,,CPI,,PA,,_T,,N,,GY,,2003-Q3,,1.151832,,A,,,,,,,,2,
DATAFLOW,OECD.SDD.TPS:DSD_PRICES@DF_PRICES_ALL(1.0),,I,EST,,Q,,N,,CPI,,PA,,_T,,N,,GY,,2003-Q4,,1.018011,,A,,,,,,,,2,
DATAFLOW,OECD.SDD.TPS:DSD_PRICES@DF_PRICES_ALL(1.0),,I,EST,,Q,,N,,CPI,,PA,,_T,,N,,GY,,2004-Q1,,0.4381443,,A,,,,,,,,2,
DATAFLOW,OECD.SDD.TPS:DSD_PRICES@DF_PRICES_ALL(1.0),,I,EST,,Q,,N,,CPI,,PA,,_T,,N,,GY,,2004-Q2,,3.177474,,A,,,,,,,,2,
DATAFLOW,OECD.SDD.TPS:DSD_PRICES@DF_PRICES_ALL(1.0),,I,EST,,Q,,N,,CPI,,PA,,_T,,N,,GY,,2004-Q3,,3.985507,,A,,,,,,,,2,
DATAFLOW,OECD.SDD.TPS:DSD_PRICES@DF_PRICES_ALL(1.0),,I,EST,,Q,,N,,CPI,,PA,,_T,,N,,GY,,2004-Q4,,4.599483,,A,,,,,,,,2,
DATAFLOW,OECD.SDD.TPS:DSD_PRICES@DF_PRICES_ALL(1.0),,I,EST,,Q,,N,,CPI,,PA,,_T,,N,,GY,,2005-Q1,,4.567616,,A,,,,,,,,2,
DATAFLOW,OECD.SDD.TPS:DSD_PRICES@DF_PRICES_ALL(1.0),,I,EST,,Q,,N,,CPI,,PA,,_T,,N,,GY,,2005-Q2,,3.505258,,A,,,,,,,,2,
DATAFLOW,OECD.SDD.TPS:DSD_PRICES@DF_PRICES_ALL(1.0),,I,EST,,Q,,N,,CPI,,PA,,_T,,N,,GY,,2005-Q3,,4.280737,,A,,,,,,,,2,
DATAFLOW,OECD.SDD.TPS:DSD_PRICES@DF_PRICES_ALL(1.0),,I,EST,,Q,,N,,CPI,,PA,,_T,,N,,GY,,2005-Q4,,3.977273,,A,,,,,,,,2,
DATAFLOW,OECD.SDD.TPS:DSD_PRICES@DF_PRICES_ALL(1.0),,I,EST,,Q,,N,,CPI,,PA,,_T,,N,,GY,,2006-Q1,,4.392638,,A,,,,,,,,2,
DATAFLOW,OECD.SDD.TPS:DSD_PRICES@DF_PRICES_ALL(1.0),,I,EST,,Q,,N,,CPI,,PA,,_T,,N,,GY,,2006-Q2,,4.426705,,A,,,,,,,,2,
DATAFLOW,OECD.SDD.TPS:DSD_PRICES@DF_PRICES_ALL(1.0),,I,EST,,Q,,N,,CPI,,PA,,_T,,N,,GY,,2006-Q3,,4.439141,,A,,,,,,,,2,
DATAFLOW,OECD.SDD.TPS:DSD_PRICES@DF_PRICES_ALL(1.0),,I,EST,,Q,,N,,CPI,,PA,,_T,,N,,GY,,2006-Q4,,4.490378,,A,,,,,,,,2,
DATAFLOW,OECD.SDD.TPS:DSD_PRICES@DF_PRICES_ALL(1.0),,I,EST,,Q,,N,,CPI,,PA,,_T,,N,,GY,,2007-Q1,,5.19511,,A,,,,,,,,2,
DATAFLOW,OECD.SDD.TPS:DSD_PRICES@DF_PRICES_ALL(1.0),,I,EST,,Q,,N,,CPI,,PA,,_T,,N,,GY,,2007-Q2,,5.675238,,A,,,,,,,,2,
DATAFLOW,OECD.SDD.TPS:DSD_PRICES@DF_PRICES_ALL(1.0),,I,EST,,Q,,N,,CPI,,PA,,_T,,N,,GY,,2007-Q3,,6.42139,,A,,,,,,,,2,
DATAFLOW,OECD.SDD.TPS:DSD_PRICES@DF_PRICES_ALL(1.0),,I,EST,,Q,,N,,CPI,,PA,,_T,,N,,GY,,2007-Q4,,9.049568,,A,,,,,,,,2,
DATAFLOW,OECD.SDD.TPS:DSD_PRICES@DF_PRICES_ALL(1.0),,I,EST,,Q,,N,,CPI,,PA,,_T,,N,,GY,,2008-Q1,,11.0838,,A,,,,,,,,2,
DATAFLOW,OECD.SDD.TPS:DSD_PRICES@DF_PRICES_ALL(1.0),,I,EST,,Q,,N,,CPI,,PA,,_T,,N,,GY,,2008-Q2,,11.39851,,A,,,,,,,,2,
DATAFLOW,OECD.SDD.TPS:DSD_PRICES@DF_PRICES_ALL(1.0),,I,EST,,Q,,N,,CPI,,PA,,_T,,N,,GY,,2008-Q3,,10.84389,,A,,,,,,,,2,
DATAFLOW,OECD.SDD.TPS:DSD_PRICES@DF_PRICES_ALL(1.0),,I,EST,,Q,,N,,CPI,,PA,,_T,,N,,GY,,2008-Q4,,8.23603,,A,,,,,,,,2,
DATAFLOW,OECD.SDD.TPS:DSD_PRICES@DF_PRICES_ALL(1.0),,I,EST,,Q,,N,,CPI,,PA,,_T,,N,,GY,,2009-Q1,,3.138201,,A,,,,,,,,2,
DATAFLOW,OECD.SDD.TPS:DSD_PRICES@DF_PRICES_ALL(1.0),,I,EST,,Q,,N,,CPI,,PA,,_T,,N,,GY,,2009-Q2,,-0.3148367,,A,,,,,,,,2,
DATAFLOW,OECD.SDD.TPS:DSD_PRICES@DF_PRICES_ALL(1.0),,I,EST,,Q,,N,,CPI,,PA,,_T,,N,,GY,,2009-Q3,,-1.046106,,A,,,,,,,,2,
DATAFLOW,OECD.SDD.TPS:DSD_PRICES@DF_PRICES_ALL(1.0),,I,EST,,Q,,N,,CPI,,PA,,_T,,N,,GY,,2009-Q4,,-1.964939,,A,,,,,,,,2,
DATAFLOW,OECD.SDD.TPS:DSD_PRICES@DF_PRICES_ALL(1.0),,I,EST,,Q,,N,,CPI,,PA,,_T,,N,,GY,,2010-Q1,,0.2730642,,A,,,,,,,,2,
DATAFLOW,OECD.SDD.TPS:DSD_PRICES@DF_PRICES_ALL(1.0),,I,EST,,Q,,N,,CPI,,PA,,_T,,N,,GY,,2010-Q2,,3.138571,,A,,,,,,,,2,
DATAFLOW,OECD.SDD.TPS:DSD_PRICES@DF_PRICES_ALL(1.0),,I,EST,,Q,,N,,CPI,,PA,,_T,,N,,GY,,2010-Q3,,3.249804,,A,,,,,,,,2,
DATAFLOW,OECD.SDD.TPS:DSD_PRICES@DF_PRICES_ALL(1.0),,I,EST,,Q,,N,,CPI,,PA,,_T,,N,,GY,,2010-Q4,,5.24661,,A,,,,,,,,2,
DATAFLOW,OECD.SDD.TPS:DSD_PRICES@DF_PRICES_ALL(1.0),,I,EST,,Q,,N,,CPI,,PA,,_T,,N,,GY,,2011-Q1,,5.368605,,A,,,,,,,,2,
DATAFLOW,OECD.SDD.TPS:DSD_PRICES@DF_PRICES_ALL(1.0),,I,EST,,Q,,N,,CPI,,PA,,_T,,N,,GY,,2011-Q2,,5.244019,,A,,,,,,,,2,
DATAFLOW,OECD.SDD.TPS:DSD_PRICES@DF_PRICES_ALL(1.0),,I,EST,,Q,,N,,CPI,,PA,,_T,,N,,GY,,2011-Q3,,5.252181,,A,,,,,,,,2,
DATAFLOW,OECD.SDD.TPS:DSD_PRICES@DF_PRICES_ALL(1.0),,I,EST,,Q,,N,,CPI,,PA,,_T,,N,,GY,,2011-Q4,,4.088872,,A,,,,,,,,2,
DATAFLOW,OECD.SDD.TPS:DSD_PRICES@DF_PRICES_ALL(1.0),,I,EST,,Q,,N,,CPI,,PA,,_T,,N,,GY,,2012-Q1,,4.375115,,A,,,,,,,,2,
DATAFLOW,OECD.SDD.TPS:DSD_PRICES@DF_PRICES_ALL(1.0),,I,EST,,Q,,N,,CPI,,PA,,_T,,N,,GY,,2012-Q2,,3.909802,,A,,,,,,,,2,
DATAFLOW,OECD.SDD.TPS:DSD_PRICES@DF_PRICES_ALL(1.0),,I,EST,,Q,,N,,CPI,,PA,,_T,,N,,GY,,2012-Q3,,3.729058,,A,,,,,,,,2,
DATAFLOW,OECD.SDD.TPS:DSD_PRICES@DF_PRICES_ALL(1.0),,I,EST,,Q,,N,,CPI,,PA,,_T,,N,,GY,,2012-Q4,,3.730942,,A,,,,,,,,2,
DATAFLOW,OECD.SDD.TPS:DSD_PRICES@DF_PRICES_ALL(1.0),,I,EST,,Q,,N,,CPI,,PA,,_T,,N,,GY,,2013-Q1,,3.519632,,A,,,,,,,,2,
DATAFLOW,OECD.SDD.TPS:DSD_PRICES@DF_PRICES_ALL(1.0),,I,EST,,Q,,N,,CPI,,PA,,_T,,N,,GY,,2013-Q2,,3.377669,,A,,,,,,,,2,
DATAFLOW,OECD.SDD.TPS:DSD_PRICES@DF_PRICES_ALL(1.0),,I,EST,,Q,,N,,CPI,,PA,,_T,,N,,GY,,2013-Q3,,2.778743,,A,,,,,,,,2,
DATAFLOW,OECD.SDD.TPS:DSD_PRICES@DF_PRICES_ALL(1.0),,I,EST,,Q,,N,,CPI,,PA,,_T,,N,,GY,,2013-Q4,,1.469825,,A,,,,,,,,2,
DATAFLOW,OECD.SDD.TPS:DSD_PRICES@DF_PRICES_ALL(1.0),,I,EST,,Q,,N,,CPI,,PA,,_T,,N,,GY,,2014-Q1,,0.6150692,,A,,,,,,,,2,
DATAFLOW,OECD.SDD.TPS:DSD_PRICES@DF_PRICES_ALL(1.0),,I,EST,,Q,,N,,CPI,,PA,,_T,,N,,GY,,2014-Q2,,-0.01692907,,A,,,,,,,,2,
DATAFLOW,OECD.SDD.TPS:DSD_PRICES@DF_PRICES_ALL(1.0),,I,EST,,Q,,N,,CPI,,PA,,_T,,N,,GY,,2014-Q3,,-0.5576208,,A,,,,,,,,2,
DATAFLOW,OECD.SDD.TPS:DSD_PRICES@DF_PRICES_ALL(1.0),,I,EST,,Q,,N,,CPI,,PA,,_T,,N,,GY,,2014-Q4,,-0.4601227,,A,,,,,,,,2,
DATAFLOW,OECD.SDD.TPS:DSD_PRICES@DF_PRICES_ALL(1.0),,I,EST,,Q,,N,,CPI,,PA,,_T,,N,,GY,,2015-Q1,,-0.899983,,A,,,,,,,,2,
DATAFLOW,OECD.SDD.TPS:DSD_PRICES@DF_PRICES_ALL(1.0),,I,EST,,Q,,N,,CPI,,PA,,_T,,N,,GY,,2015-Q2,,-0.0507958,,A,,,,,,,,2,
DATAFLOW,OECD.SDD.TPS:DSD_PRICES@DF_PRICES_ALL(1.0),,I,EST,,Q,,N,,CPI,,PA,,_T,,N,,GY,,2015-Q3,,-0.4757859,,A,,,,,,,,2,
DATAFLOW,OECD.SDD.TPS:DSD_PRICES@DF_PRICES_ALL(1.0),,I,EST,,Q,,N,,CPI,,PA,,_T,,N,,GY,,2015-Q4,,-0.5444273,,A,,,,,,,,2,
DATAFLOW,OECD.SDD.TPS:DSD_PRICES@DF_PRICES_ALL(1.0),,I,EST,,Q,,N,,CPI,,PA,,_T,,N,,GY,,2016-Q1,,-0.4283756,,A,,,,,,,,2,
DATAFLOW,OECD.SDD.TPS:DSD_PRICES@DF_PRICES_ALL(1.0),,I,EST,,Q,,N,,CPI,,PA,,_T,,N,,GY,,2016-Q2,,-0.6945621,,A,,,,,,,,2,
DATAFLOW,OECD.SDD.TPS:DSD_PRICES@DF_PRICES_ALL(1.0),,I,EST,,Q,,N,,CPI,,PA,,_T,,N,,GY,,2016-Q3,,0.4439133,,A,,,,,,,,2,
DATAFLOW,OECD.SDD.TPS:DSD_PRICES@DF_PRICES_ALL(1.0),,I,EST,,Q,,N,,CPI,,PA,,_T,,N,,GY,,2016-Q4,,1.287613,,A,,,,,,,,2,
DATAFLOW,OECD.SDD.TPS:DSD_PRICES@DF_PRICES_ALL(1.0),,I,EST,,Q,,N,,CPI,,PA,,_T,,N,,GY,,2017-Q1,,2.994321,,A,,,,,,,,2,
DATAFLOW,OECD.SDD.TPS:DSD_PRICES@DF_PRICES_ALL(1.0),,I,EST,,Q,,N,,CPI,,PA,,_T,,N,,GY,,2017-Q2,,3.13886,,A,,,,,,,,2,
DATAFLOW,OECD.SDD.TPS:DSD_PRICES@DF_PRICES_ALL(1.0),,I,EST,,Q,,N,,CPI,,PA,,_T,,N,,GY,,2017-Q3,,3.72259,,A,,,,,,,,2,
DATAFLOW,OECD.SDD.TPS:DSD_PRICES@DF_PRICES_ALL(1.0),,I,EST,,Q,,N,,CPI,,PA,,_T,,N,,GY,,2017-Q4,,3.806934,,A,,,,,,,,2,
DATAFLOW,OECD.SDD.TPS:DSD_PRICES@DF_PRICES_ALL(1.0),,I,EST,,Q,,N,,CPI,,PA,,_T,,N,,GY,,2018-Q1,,3.107769,,A,,,,,,,,2,
DATAFLOW,OECD.SDD.TPS:DSD_PRICES@DF_PRICES_ALL(1.0),,I,EST,,Q,,N,,CPI,,PA,,_T,,N,,GY,,2018-Q2,,3.324512,,A,,,,,,,,2,
DATAFLOW,OECD.SDD.TPS:DSD_PRICES@DF_PRICES_ALL(1.0),,I,EST,,Q,,N,,CPI,,PA,,_T,,N,,GY,,2018-Q3,,3.572599,,A,,,,,,,,2,
DATAFLOW,OECD.SDD.TPS:DSD_PRICES@DF_PRICES_ALL(1.0),,I,EST,,Q,,N,,CPI,,PA,,_T,,N,,GY,,2018-Q4,,3.73281,,A,,,,,,,,2,
DATAFLOW,OECD.SDD.TPS:DSD_PRICES@DF_PRICES_ALL(1.0),,I,EST,,Q,,N,,CPI,,PA,,_T,,N,,GY,,2019-Q1,,2.301086,,A,,,,,,,,2,
DATAFLOW,OECD.SDD.TPS:DSD_PRICES@DF_PRICES_ALL(1.0),,I,EST,,Q,,N,,CPI,,PA,,_T,,N,,GY,,2019-Q2,,2.897391,,A,,,,,,,,2,
DATAFLOW,OECD.SDD.TPS:DSD_PRICES@DF_PRICES_ALL(1.0),,I,EST,,Q,,N,,CPI,,PA,,_T,,N,,GY,,2019-Q3,,2.199367,,A,,,,,,,,2,
DATAFLOW,OECD.SDD.TPS:DSD_PRICES@DF_PRICES_ALL(1.0),,I,EST,,Q,,N,,CPI,,PA,,_T,,N,,GY,,2019-Q4,,1.720328,,A,,,,,,,,2,
DATAFLOW,OECD.SDD.TPS:DSD_PRICES@DF_PRICES_ALL(1.0),,I,EST,,Q,,N,,CPI,,PA,,_T,,N,,GY,,2020-Q1,,1.488991,,A,,,,,,,,2,
DATAFLOW,OECD.SDD.TPS:DSD_PRICES@DF_PRICES_ALL(1.0),,I,EST,,Q,,N,,CPI,,PA,,_T,,N,,GY,,2020-Q2,,-1.151213,,A,,,,,,,,2,
DATAFLOW,OECD.SDD.TPS:DSD_PRICES@DF_PRICES_ALL(1.0),,I,EST,,Q,,N,,CPI,,PA,,_T,,N,,GY,,2020-Q3,,-0.9444187,,A,,,,,,,,2,
DATAFLOW,OECD.SDD.TPS:DSD_PRICES@DF_PRICES_ALL(1.0),,I,EST,,Q,,N,,CPI,,PA,,_T,,N,,GY,,2020-Q4,,-1.132661,,A,,,,,,,,2,
DATAFLOW,OECD.SDD.TPS:DSD_PRICES@DF_PRICES_ALL(1.0),,I,EST,,Q,,N,,CPI,,PA,,_T,,N,,GY,,2021-Q1,,0.655533,,A,,,,,,,,2,
DATAFLOW,OECD.SDD.TPS:DSD_PRICES@DF_PRICES_ALL(1.0),,I,EST,,Q,,N,,CPI,,PA,,_T,,N,,GY,,2021-Q2,,3.084671,,A,,,,,,,,2,
DATAFLOW,OECD.SDD.TPS:DSD_PRICES@DF_PRICES_ALL(1.0),,I,EST,,Q,,N,,CPI,,PA,,_T,,N,,GY,,2021-Q3,,5.548609,,A,,,,,,,,2,
DATAFLOW,OECD.SDD.TPS:DSD_PRICES@DF_PRICES_ALL(1.0),,I,EST,,Q,,N,,CPI,,PA,,_T,,N,,GY,,2021-Q4,,9.337728,,A,,,,,,,,2,
DATAFLOW,OECD.SDD.TPS:DSD_PRICES@DF_PRICES_ALL(1.0),,I,EST,,Q,,N,,CPI,,PA,,_T,,N,,GY,,2022-Q1,,12.8392,,A,,,,,,,,2,
DATAFLOW,OECD.SDD.TPS:DSD_PRICES@DF_PRICES_ALL(1.0),,I,EST,,Q,,N,,CPI,,PA,,_T,,N,,GY,,2022-Q2,,20.24427,,A,,,,,,,,2,
DATAFLOW,OECD.SDD.TPS:DSD_PRICES@DF_PRICES_ALL(1.0),,I,EST,,Q,,N,,CPI,,PA,,_T,,N,,GY,,2022-Q3,,23.76754,,A,,,,,,,,2,
DATAFLOW,OECD.SDD.TPS:DSD_PRICES@DF_PRICES_ALL(1.0),,I,EST,,Q,,N,,CPI,,PA,,_T,,N,,GY,,2022-Q4,,20.43921,,A,,,,,,,,2,
DATAFLOW,OECD.SDD.TPS:DSD_PRICES@DF_PRICES_ALL(1.0),,I,EST,,Q,,N,,CPI,,PA,,_T,,N,,GY,,2023-Q1,,17.12244,,A,,,,,,,,2,
DATAFLOW,OECD.SDD.TPS:DSD_PRICES@DF_PRICES_ALL(1.0),,I,EST,,Q,,N,,CPI,,PA,,_T,,N,,GY,,2023-Q2,,11.28746,,A,,,,,,,,2,
DATAFLOW,OECD.SDD.TPS:DSD_PRICES@DF_PRICES_ALL(1.0),,I,EST,,Q,,N,,CPI,,PA,,_T,,N,,GY,,2023-Q3,,5.072711,,A,,,,,,,,2,
DATAFLOW,OECD.SDD.TPS:DSD_PRICES@DF_PRICES_ALL(1.0),,I,EST,,Q,,N,,CPI,,PA,,_T,,N,,GY,,2023-Q4,,4.326064,,A,,,,,,,,2,
DATAFLOW,OECD.SDD.TPS:DSD_PRICES@DF_PRICES_ALL(1.0),,I,EST,,Q,,N,,CPI,,PA,,_T,,N,,GY,,2024-Q1,,4.259064,,A,,,,,,,,2,
DATAFLOW,OECD.SDD.TPS:DSD_PRICES@DF_PRICES_ALL(1.0),,I,EST,,Q,,N,,CPI,,PA,,_T,,N,,GY,,2024-Q2,,2.738163,,A,,,,,,,,2,
DATAFLOW,OECD.SDD.TPS:DSD_PRICES@DF_PRICES_ALL(1.0),,I,EST,,Q,,N,,CPI,,PA,,_T,,N,,GY,,2024-Q3,,3.222501,,A,,,,,,,,2,
DATAFLOW,OECD.SDD.TPS:DSD_PRICES@DF_PRICES_ALL(1.0),,I,EST,,Q,,N,,CPI,,PA,,_T,,N,,GY,,2024-Q4,,3.883939,,A,,,,,,,,2,
DATAFLOW,OECD.SDD.TPS:DSD_PRICES@DF_PRICES_ALL(1.0),,I,EST,,Q,,N,,CPI,,PA,,_T,,N,,GY,,2025-Q1,,4.514405,,A,,,,,,,,2,
DATAFLOW,OECD.SDD.TPS:DSD_PRICES@DF_PRICES_ALL(1.0),,I,EST,,Q,,N,,CPI,,PA,,_T,,N,,GY,,2025-Q2,,4.678179,,A,,,,,,,,2,
DATAFLOW,OECD.SDD.TPS:DSD_PRICES@DF_PRICES_ALL(1.0),,I,EST,,Q,,N,,CPI,,PA,,_T,,N,,GY,,2025-Q3,,5.607722,,A,,,,,,,,2,
DATAFLOW,OECD.SDD.TPS:DSD_PRICES@DF_PRICES_ALL(1.0),,I,EST,,Q,,N,,CPI,,PA,,_T,,N,,GY,,2025-Q4,,4.505718,,A,,,,,,,,2,
DATAFLOW,OECD.SDD.TPS:DSD_PRICES@DF_PRICES_ALL(1.0),,I,COL,,Q,,N,,CPI,,PA,,_T,,N,,GY,,2001-Q1,,8.112386,,A,,,,,,,,2,
DATAFLOW,OECD.SDD.TPS:DSD_PRICES@DF_PRICES_ALL(1.0),,I,COL,,Q,,N,,CPI,,PA,,_T,,N,,GY,,2022-Q1,,7.82894,,A,,,,,,,,2,
DATAFLOW,OECD.SDD.TPS:DSD_PRICES@DF_PRICES_ALL(1.0),,I,ISR,,Q,,N,,CPI,,PA,,_T,,N,,GY,,2026-Q2,,1.84466,,A,,,,,,,,2,
DATAFLOW,OECD.SDD.TPS:DSD_PRICES@DF_PRICES_ALL(1.0),,I,COL,,Q,,N,,CPI,,PA,,_T,,N,,GY,,2026-Q2,,5.889022,,A,,,,,,,,2,
DATAFLOW,OECD.SDD.TPS:DSD_PRICES@DF_PRICES_ALL(1.0),,I,DEU,,Q,,N,,CPI,,PA,,_T,,N,,GY,,2026-Q2,,2.600602,,A,,,,,,,,2,
DATAFLOW,OECD.SDD.TPS:DSD_PRICES@DF_PRICES_ALL(1.0),,I,AUS,,Q,,N,,CPI,,PA,,_T,,N,,GY,,2026-Q2,,3.963146,,A,,,,,,,,2,
DATAFLOW,OECD.SDD.TPS:DSD_PRICES@DF_PRICES_ALL(1.0),,I,CAN,,Q,,N,,CPI,,PA,,_T,,N,,GY,,2026-Q2,,2.946556,,A,,,,,,,,2,
