STRUCTURE,STRUCTURE_ID,STRUCTURE_NAME,ACTION,REF_AREA,,MEASURE,,UNIT_MEASURE,,TRANSFORMATION,,ADJUSTMENT,,SEX,,AGE,,ACTIVITY,,FREQ,,TIME_PERIOD,,OBS_VALUE,,BASE_PER,,OBS_STATUS,,UNIT_MULT,,DECIMALS,
DATAFLOW,OECD.SDD.TPS:DSD_LFS@DF_IALFS_EMP_WAP_Q(1.0),,I,JPN,,EMP_WAP,,PT_WAP_SUB,,_Z,,Y,,_T,,Y15T64,,_Z,,Q,,1970-Q1,,68.0367,,,,A,,0,,1,
DATAFLOW,OECD.SDD.TPS:DSD_LFS@DF_IALFS_EMP_WAP_Q(1.0),,I,JPN,,EMP_WAP,,PT_WAP_SUB,,_Z,,Y,,_T,,Y15T64,,_Z,,Q,,1970-Q2,,68.19401,,,,A,,0,,1,
DATAFLOW,OECD.SDD.TPS:DSD_LFS@DF_IALFS_EMP_WAP_Q(1.0),,I,JPN,,EMP_WAP,,PT_WAP_SUB,,_Z,,Y,,_T,,Y15T64,,_Z,,Q,,1970-Q3,,68.12877,,,,A,,0,,1,
DATAFLOW,OECD.SDD.TPS:DSD_LFS@DF_IALFS_EMP_WAP_Q(1.0),,I,JPN,,EMP_WAP,,PT_WAP_SUB,,_Z,,Y,,_T,,Y15T64,,_Z,,Q,,1970-Q4,,67.86086,,,,A,,0,,1,
DATAFLOW,OECD.SDD.TPS:DSD_LFS@DF_IALFS_EMP_WAP_Q(1.0),,I,JPN,,EMP_WAP,,PT_WAP_SUB,,_Z,,Y,,_T,,Y15T64,,_Z,,Q,,1971-Q1,,68.1834,,,,A,,0,,1,
DATAFLOW,OECD.SDD.TPS:DSD_LFS@DF_IALFS_EMP_WAP_Q(1.0),,I,JPN,,EMP_WAP,,PT_WAP_SUB,,_Z,,Y,,_T,,Y15T64,,_Z,,Q,,1971-Q2,,67.96787,,,,A,,0,,1,
DATAFLOW,OECD.SDD.TPS:DSD_LFS@DF_IALFS_EMP_WAP_Q(1.0),,I,JPN,,EMP_WAP,,PT_WAP_SUB,,_Z,,Y,,_T,,Y15T64,,_Z,,Q,,1971-Q3,,67.63776,,,,A,,0,,1,
DATAFLOW,OECD.SDD.TPS:DSD_LFS@DF_IALFS_EMP_WAP_Q(1.0),,I,JPN,,EMP_WAP,,PT_WAP_SUB,,_Z,,Y,,_T,,Y15T64,,_Z,,Q,,1971-Q4,,67.50574,,,,A,,0,,1,
DATAFLOW,OECD.SDD.TPS:DSD_LFS@DF_IALFS_EMP_WAP_Q(1.0),,I,JPN,,EMP_WAP,,PT_WAP_SUB,,_Z,,Y,,_T,,Y15T64,,_Z,,Q,,1972-Q1,,67.40157,,,,A,,0,,1,
DATAFLOW,OECD.SDD.TPS:DSD_LFS@DF_IALFS_EMP_WAP_Q(1.0),,I,JPN,,EMP_WAP,,PT_WAP_SUB,,_Z,,Y,,_T,,Y15T64,,_Z,,Q,,1972-Q2,,67.1394,,,,A,,0,,1,
DATAFLOW,OECD.SDD.TPS:DSD_LFS@DF_IALFS_EMP_WAP_Q(1.0),,I,JPN,,EMP_WAP,,PT_WAP_SUB,,_Z,,Y,,_T,,Y15T64,,_Z,,Q,,1972-Q3,,67.28274,,,,A,,0,,1,
DATAFLOW,OECD.SDD.TPS:DSD_LFS@DF_IALFS_EMP_WAP_Q(1.0),,I,JPN,,EMP_WAP,,PT_WAP_SUB,,_Z,,Y,,_T,,Y15T64,,_Z,,Q,,1972-Q4,,67.49938,,,,A,,0,,1,
DATAFLOW,OECD.SDD.TPS:DSD_LFS@DF_IALFS_EMP_WAP_Q(1.0),,I,JPN,,EMP_WAP,,PT_WAP_SUB,,_Z,,Y,,_T,,Y15T64,,_Z,,Q,,1973-Q1,,68.06412,,,,A,,0,,1,
DATAFLOW,OECD.SDD.TPS:DSD_LFS@DF_IALFS_EMP_WAP_Q(1.0),,I,JPN,,EMP_WAP,,PT_WAP_SUB,,_Z,,Y,,_T,,Y15T64,,_Z,,Q,,1973-Q2,,67.49555,,,,A,,0,,1,
DATAFLOW,OECD.SDD.TPS:DSD_LFS@DF_IALFS_EMP_WAP_Q(1.0),,I,JPN,,EMP_WAP,,PT_WAP_SUB,,_Z,,Y,,_T,,Y15T64,,_Z,,Q,,1973-Q3,,67.65199,,,,A,,0,,1,
DATAFLOW,OECD.SDD.TPS:DSD_LFS@DF_IALFS_EMP_WAP_Q(1.0),,I,JPN,,EMP_WAP,,PT_WAP_SUB,,_Z,,Y,,_T,,Y15T64,,_Z,,Q,,1973-Q4,,67.80405,,,,A,,0,,1,
DATAFLOW,OECD.SDD.TPS:DSD_LFS@DF_IALFS_EMP_WAP_Q(1.0),,I,JPN,,EMP_WAP,,PT_WAP_SUB,,_Z,,Y,,_T,,Y15T64,,_Z,,Q,,1974-Q1,,67.27058,,,,A,,0,,1,
DATAFLOW,OECD.SDD.TPS:DSD_LFS@DF_IALFS_EMP_WAP_Q(1.0),,I,JPN,,EMP_WAP,,PT_WAP_SUB,,_Z,,Y,,_T,,Y15T64,,_Z,,Q,,1974-Q2,,67.16151,,,,A,,0,,1,
DATAFLOW,OECD.SDD.TPS:DSD_LFS@DF_IALFS_EMP_WAP_Q(1.0),,I,JPN,,EMP_WAP,,PT_WAP_SUB,,_Z,,Y,,_T,,Y15T64,,_Z,,Q,,1974-Q3,,66.5674,,,,A,,0,,1,
DATAFLOW,OECD.SDD.TPS:DSD_LFS@DF_IALFS_EMP_WAP_Q(1.0),,I,JPN,,EMP_WAP,,PT_WAP_SUB,,_Z,,Y,,_T,,Y15T64,,_Z,,Q,,1974-Q4,,66.41552,,,,A,,0,,1,
DATAFLOW,OECD.SDD.TPS:DSD_LFS@DF_IALFS_EMP_WAP_Q(1.0),,I,JPN,,EMP_WAP,,PT_WAP_SUB,,_Z,,Y,,_T,,Y15T64,,_Z,,Q,,1975-Q1,,66.02417,,,,A,,0,,1,
DATAFLOW,OECD.SDD.TPS:DSD_LFS@DF_IALFS_EMP_WAP_Q(1.0),,I,JPN,,EMP_WAP,,PT_WAP_SUB,,_Z,,Y,,_T,,Y15T64,,_Z,,Q,,1975-Q2,,66.05462,,,,A,,0,,1,
DATAFLOW,OECD.SDD.TPS:DSD_LFS@DF_IALFS_EMP_WAP_Q(1.0),,I,JPN,,EMP_WAP,,PT_WAP_SUB,,_Z,,Y,,_T,,Y15T64,,_Z,,Q,,1975-Q3,,66.13414,,,,A,,0,,1,
DATAFLOW,OECD.SDD.TPS:DSD_LFS@DF_IALFS_EMP_WAP_Q(1.0),,I,JPN,,EMP_WAP,,PT_WAP_SUB,,_Z,,Y,,_T,,Y15T64,,_Z,,Q,,1975-Q4,,66.03852,,,,A,,0,,1,
DATAFLOW,OECD.SDD.TPS:DSD_LFS@DF_IALFS_EMP_WAP_Q(1.0),,I,JPN,,EMP_WAP,,PT_WAP_SUB,,_Z,,Y,,_T,,Y15T64,,_Z,,Q,,1976-Q1,,66.21677,,,,A,,0,,1,
DATAFLOW,OECD.SDD.TPS:DSD_LFS@DF_IALFS_EMP_WAP_Q(1.0),,I,JPN,,EMP_WAP,,PT_WAP_SUB,,_Z,,Y,,_T,,Y15T64,,_Z,,Q,,1976-Q2,,65.79433,,,,A,,0,,1,
DATAFLOW,OECD.SDD.TPS:DSD_LFS@DF_IALFS_EMP_WAP_Q(1.0),,I,JPN,,EMP_WAP,,PT_WAP_SUB,,_Z,,Y,,_T,,Y15T64,,_Z,,Q,,1976-Q3,,66.17656,,,,A,,0,,1,
DATAFLOW,OECD.SDD.TPS:DSD_LFS@DF_IALFS_EMP_WAP_Q(1.0),,I,JPN,,EMP_WAP,,PT_WAP_SUB,,_Z,,Y,,_T,,Y15T64,,_Z,,Q,,1976-Q4,,66.17185,,,,A,,0,,1,
DATAFLOW,OECD.SDD.TPS:DSD_LFS@DF_IALFS_EMP_WAP_Q(1.0),,I,JPN,,EMP_WAP,,PT_WAP_SUB,,_Z,,Y,,_T,,Y15T64,,_Z,,Q,,1977-Q1,,66.29132,,,,A,,0,,1,
DATAFLOW,OECD.SDD.TPS:DSD_LFS@DF_IALFS_EMP_WAP_Q(1.0),,I,JPN,,EMP_WAP,,PT_WAP_SUB,,_Z,,Y,,_T,,Y15T64,,_Z,,Q,,1977-Q2,,66.38865,,,,A,,0,,1,
DATAFLOW,OECD.SDD.TPS:DSD_LFS@DF_IALFS_EMP_WAP_Q(1.0),,I,JPN,,EMP_WAP,,PT_WAP_SUB,,_Z,,Y,,_T,,Y15T64,,_Z,,Q,,1977-Q3,,66.46352,,,,A,,0,,1,
DATAFLOW,OECD.SDD.TPS:DSD_LFS@DF_IALFS_EMP_WAP_Q(1.0),,I,JPN,,EMP_WAP,,PT_WAP_SUB,,_Z,,Y,,_T,,Y15T64,,_Z,,Q,,1977-Q4,,66.56928,,,,A,,0,,1,
DATAFLOW,OECD.SDD.TPS:DSD_LFS@DF_IALFS_EMP_WAP_Q(1.0),,I,JPN,,EMP_WAP,,PT_WAP_SUB,,_Z,,Y,,_T,,Y15T64,,_Z,,Q,,1978-Q1,,66.60194,,,,A,,0,,1,
DATAFLOW,OECD.SDD.TPS:DSD_LFS@DF_IALFS_EMP_WAP_Q(1.0),,I,JPN,,EMP_WAP,,PT_WAP_SUB,,_Z,,Y,,_T,,Y15T64,,_Z,,Q,,1978-Q2,,66.87008,,,,A,,0,,1,
DATAFLOW,OECD.SDD.TPS:DSD_LFS@DF_IALFS_EMP_WAP_Q(1.0),,I,JPN,,EMP_WAP,,PT_WAP_SUB,,_Z,,Y,,_T,,Y15T64,,_Z,,Q,,1978-Q3,,66.59553,,,,A,,0,,1,
DATAFLOW,OECD.SDD.TPS:DSD_LFS@DF_IALFS_EMP_WAP_Q(1.0),,I,JPN,,EMP_WAP,,PT_WAP_SUB,,_Z,,Y,,_T,,Y15T64,,_Z,,Q,,1978-Q4,,66.80249,,,,A,,0,,1,
DATAFLOW,OECD.SDD.TPS:DSD_LFS@DF_IALFS_EMP_WAP_Q(1.0),,I,JPN,,EMP_WAP,,PT_WAP_SUB,,_Z,,Y,,_T,,Y15T64,,_Z,,Q,,1979-Q1,,66.95687,,,,A,,0,,1,
DATAFLOW,OECD.SDD.TPS:DSD_LFS@DF_IALFS_EMP_WAP_Q(1.0),,I,JPN,,EMP_WAP,,PT_WAP_SUB,,_Z,,Y,,_T,,Y15T64,,_Z,,Q,,1979-Q2,,67.06227,,,,A,,0,,1,
DATAFLOW,OECD.SDD.TPS:DSD_LFS@DF_IALFS_EMP_WAP_Q(1.0),,I,JPN,,EMP_WAP,,PT_WAP_SUB,,_Z,,Y,,_T,,Y15T64,,_Z,,Q,,1979-Q3,,67.08804,,,,A,,0,,1,
DATAFLOW,OECD.SDD.TPS:DSD_LFS@DF_IALFS_EMP_WAP_Q(1.0),,I,JPN,,EMP_WAP,,PT_WAP_SUB,,_Z,,Y,,_T,,Y15T64,,_Z,,Q,,1979-Q4,,67.13219,,,,A,,0,,1,
DATAFLOW,OECD.SDD.TPS:DSD_LFS@DF_IALFS_EMP_WAP_Q(1.0),,I,JPN,,EMP_WAP,,PT_WAP_SUB,,_Z,,Y,,_T,,Y15T64,,_Z,,Q,,1980-Q1,,67.01284,,,,A,,0,,1,
DATAFLOW,OECD.SDD.TPS:DSD_LFS@DF_IALFS_EMP_WAP_Q(1.0),,I,JPN,,EMP_WAP,,PT_WAP_SUB,,_Z,,Y,,_T,,Y15T64,,_Z,,Q,,1980-Q2,,67.05974,,,,A,,0,,1,
DATAFLOW,OECD.SDD.TPS:DSD_LFS@DF_IALFS_EMP_WAP_Q(1.0),,I,JPN,,EMP_WAP,,PT_WAP_SUB,,_Z,,Y,,_T,,Y15T64,,_Z,,Q,,1980-Q3,,67.28288,,,,A,,0,,1,
DATAFLOW,OECD.SDD.TPS:DSD_LFS@DF_IALFS_EMP_WAP_Q(1.0),,I,JPN,,EMP_WAP,,PT_WAP_SUB,,_Z,,Y,,_T,,Y15T64,,_Z,,Q,,1980-Q4,,67.05943,,,,A,,0,,1,
DATAFLOW,OECD.SDD.TPS:DSD_LFS@DF_IALFS_EMP_WAP_Q(1.0),,I,JPN,,EMP_WAP,,PT_WAP_SUB,,_Z,,Y,,_T,,Y15T64,,_Z,,Q,,1981-Q1,,67.05923,,,,A,,0,,1,
DATAFLOW,OECD.SDD.TPS:DSD_LFS@DF_IALFS_EMP_WAP_Q(1.0),,I,JPN,,EMP_WAP,,PT_WAP_SUB,,_Z,,Y,,_T,,Y15T64,,_Z,,Q,,1981-Q2,,67.10987,,,,A,,0,,1,
DATAFLOW,OECD.SDD.TPS:DSD_LFS@DF_IALFS_EMP_WAP_Q(1.0),,I,JPN,,EMP_WAP,,PT_WAP_SUB,,_Z,,Y,,_T,,Y15T64,,_Z,,Q,,1981-Q3,,67.15071,,,,A,,0,,1,
DATAFLOW,OECD.SDD.TPS:DSD_LFS@DF_IALFS_EMP_WAP_Q(1.0),,I,JPN,,EMP_WAP,,PT_WAP_SUB,,_Z,,Y,,_T,,Y15T64,,_Z,,Q,,1981-Q4,,67.24102,,,,A,,0,,1,
DATAFLOW,OECD.SDD.TPS:DSD_LFS@DF_IALFS_EMP_WAP_Q(1.0),,I,JPN,,EMP_WAP,,PT_WAP_SUB,,_Z,,Y,,_T,,Y15T64,,_Z,,Q,,1982-Q1,,67.384,,,,A,,0,,1,
DATAFLOW,OECD.SDD.TPS:DSD_LFS@DF_IALFS_EMP_WAP_Q(1.0),,I,JPN,,EMP_WAP,,PT_WAP_SUB,,_Z,,Y,,_T,,Y15T64,,_Z,,Q,,1982-Q2,,67.26647,,,,A,,0,,1,
DATAFLOW,OECD.SDD.TPS:DSD_LFS@DF_IALFS_EMP_WAP_Q(1.0),,I,JPN,,EMP_WAP,,PT_WAP_SUB,,_Z,,Y,,_T,,Y15T64,,_Z,,Q,,1982-Q3,,67.08992,,,,A,,0,,1,
DATAFLOW,OECD.SDD.TPS:DSD_LFS@DF_IALFS_EMP_WAP_Q(1.0),,I,JPN,,EMP_WAP,,PT_WAP_SUB,,_Z,,Y,,_T,,Y15T64,,_Z,,Q,,1982-Q4,,67.48735,,,,A,,0,,1,
DATAFLOW,OECD.SDD.TPS:DSD_LFS@DF_IALFS_EMP_WAP_Q(1.0),,I,JPN,,EMP_WAP,,PT_WAP_SUB,,_Z,,Y,,_T,,Y15T64,,_Z,,Q,,1983-Q1,,67.74454,,,,A,,0,,1,
DATAFLOW,OECD.SDD.TPS:DSD_LFS@DF_IALFS_EMP_WAP_Q(1.0),,I,JPN,,EMP_WAP,,PT_WAP_SUB,,_Z,,Y,,_T,,Y15T64,,_Z,,Q,,1983-Q2,,67.76732,,,,A,,0,,1,
DATAFLOW,OECD.SDD.TPS:DSD_LFS@DF_IALFS_EMP_WAP_Q(1.0),,I,JPN,,EMP_WAP,,PT_WAP_SUB,,_Z,,Y,,_T,,Y15T64,,_Z,,Q,,1983-Q3,,67.74997,,,,A,,0,,1,
DATAFLOW,OECD.SDD.TPS:DSD_LFS@DF_IALFS_EMP_WAP_Q(1.0),,I,JPN,,EMP_WAP,,PT_WAP_SUB,,_Z,,Y,,_T,,Y15T64,,_Z,,Q,,1983-Q4,,67.61839,,,,A,,0,,1,
DATAFLOW,OECD.SDD.TPS:DSD_LFS@DF_IALFS_EMP_WAP_Q(1.0),,I,JPN,,EMP_WAP,,PT_WAP_SUB,,_Z,,Y,,_T,,Y15T64,,_Z,,Q,,1984-Q1,,67.35136,,,,A,,0,,1,
DATAFLOW,OECD.SDD.TPS:DSD_LFS@DF_IALFS_EMP_WAP_Q(1.0),,I,JPN,,EMP_WAP,,PT_WAP_SUB,,_Z,,Y,,_T,,Y15T64,,_Z,,Q,,1984-Q2,,67.48326,,,,A,,0,,1,
DATAFLOW,OECD.SDD.TPS:DSD_LFS@DF_IALFS_EMP_WAP_Q(1.0),,I,JPN,,EMP_WAP,,PT_WAP_SUB,,_Z,,Y,,_T,,Y15T64,,_Z,,Q,,1984-Q3,,67.58518,,,,A,,0,,1,
DATAFLOW,OECD.SDD.TPS:DSD_LFS@DF_IALFS_EMP_WAP_Q(1.0),,I,JPN,,EMP_WAP,,PT_WAP_SUB,,_Z,,Y,,_T,,Y15T64,,_Z,,Q,,1984-Q4,,67.66636,,,,A,,0,,1,
DATAFLOW,OECD.SDD.TPS:DSD_LFS@DF_IALFS_EMP_WAP_Q(1.0),,I,JPN,,EMP_WAP,,PT_WAP_SUB,,_Z,,Y,,_T,,Y15T64,,_Z,,Q,,1985-Q1,,67.53849,,,,A,,0,,1,
DATAFLOW,OECD.SDD.TPS:DSD_LFS@DF_IALFS_EMP_WAP_Q(1.0),,I,JPN,,EMP_WAP,,PT_WAP_SUB,,_Z,,Y,,_T,,Y15T64,,_Z,,Q,,1985-Q2,,67.40807,,,,A,,0,,1,
DATAFLOW,OECD.SDD.TPS:DSD_LFS@DF_IALFS_EMP_WAP_Q(1.0),,I,JPN,,EMP_WAP,,PT_WAP_SUB,,_Z,,Y,,_T,,Y15T64,,_Z,,Q,,1985-Q3,,67.34231,,,,A,,0,,1,
DATAFLOW,OECD.SDD.TPS:DSD_LFS@DF_IALFS_EMP_WAP_Q(1.0),,I,JPN,,EMP_WAP,,PT_WAP_SUB,,_Z,,Y,,_T,,Y15T64,,_Z,,Q,,1985-Q4,,67.15841,,,,A,,0,,1,
DATAFLOW,OECD.SDD.TPS:DSD_LFS@DF_IALFS_EMP_WAP_Q(1.0),,I,JPN,,EMP_WAP,,PT_WAP_SUB,,_Z,,Y,,_T,,Y15T64,,_Z,,Q,,1986-Q1,,67.38789,,,,A,,0,,1,
DATAFLOW,OECD.SDD.TPS:DSD_LFS@DF_IALFS_EMP_WAP_Q(1.0),,I,JPN,,EMP_WAP,,PT_WAP_SUB,,_Z,,Y,,_T,,Y15T64,,_Z,,Q,,1986-Q2,,67.18159,,,,A,,0,,1,
DATAFLOW,OECD.SDD.TPS:DSD_LFS@DF_IALFS_EMP_WAP_Q(1.0),,I,JPN,,EMP_WAP,,PT_WAP_SUB,,_Z,,Y,,_T,,Y15T64,,_Z,,Q,,1986-Q3,,67.25487,,,,A,,0,,1,
DATAFLOW,OECD.SDD.TPS:DSD_LFS@DF_IALFS_EMP_WAP_Q(1.0),,I,JPN,,EMP_WAP,,PT_WAP_SUB,,_Z,,Y,,_T,,Y15T64,,_Z,,Q,,1986-Q4,,67.10332,,,,A,,0,,1,
DATAFLOW,OECD.SDD.TPS:DSD_LFS@DF_IALFS_EMP_WAP_Q(1.0),,I,JPN,,EMP_WAP,,PT_WAP_SUB,,_Z,,Y,,_T,,Y15T64,,_Z,,Q,,1987-Q1,,66.94421,,,,A,,0,,1,
DATAFLOW,OECD.SDD.TPS:DSD_LFS@DF_IALFS_EMP_WAP_Q(1.0),,I,JPN,,EMP_WAP,,PT_WAP_SUB,,_Z,,Y,,_T,,Y15T64,,_Z,,Q,,1987-Q2,,66.99728,,,,A,,0,,1,
DATAFLOW,OECD.SDD.TPS:DSD_LFS@DF_IALFS_EMP_WAP_Q(1.0),,I,JPN,,EMP_WAP,,PT_WAP_SUB,,_Z,,Y,,_T,,Y15T64,,_Z,,Q,,1987-Q3,,67.22964,,,,A,,0,,1,
DATAFLOW,OECD.SDD.TPS:DSD_LFS@DF_IALFS_EMP_WAP_Q(1.0),,I,JPN,,EMP_WAP,,PT_WAP_SUB,,_Z,,Y,,_T,,Y15T64,,_Z,,Q,,1987-Q4,,67.33669,,,,A,,0,,1,
DATAFLOW,OECD.SDD.TPS:DSD_LFS@DF_IALFS_EMP_WAP_Q(1.0),,I,JPN,,EMP_WAP,,PT_WAP_SUB,,_Z,,Y,,_T,,Y15T64,,_Z,,Q,,1988-Q1,,67.29791,,,,A,,0,,1,
DATAFLOW,OECD.SDD.TPS:DSD_LFS@DF_IALFS_EMP_WAP_Q(1.0),,I,JPN,,EMP_WAP,,PT_WAP_SUB,,_Z,,Y,,_T,,Y15T64,,_Z,,Q,,1988-Q2,,67.51102,,,,A,,0,,1,
DATAFLOW,OECD.SDD.TPS:DSD_LFS@DF_IALFS_EMP_WAP_Q(1.0),,I,JPN,,EMP_WAP,,PT_WAP_SUB,,_Z,,Y,,_T,,Y15T64,,_Z,,Q,,1988-Q3,,67.50862,,,,A,,0,,1,
DATAFLOW,OECD.SDD.TPS:DSD_LFS@DF_IALFS_EMP_WAP_Q(1.0),,I,JPN,,EMP_WAP,,PT_WAP_SUB,,_Z,,Y,,_T,,Y15T64,,_Z,,Q,,1988-Q4,,67.56041,,,,A,,0,,1,
DATAFLOW,OECD.SDD.TPS:DSD_LFS@DF_IALFS_EMP_WAP_Q(1.0),,I,JPN,,EMP_WAP,,PT_WAP_SUB,,_Z,,Y,,_T,,Y15T64,,_Z,,Q,,1989-Q1,,67.81985,,,,A,,0,,1,
DATAFLOW,OECD.SDD.TPS:DSD_LFS@DF_IALFS_EMP_WAP_Q(1.0),,I,JPN,,EMP_WAP,,PT_WAP_SUB,,_Z,,Y,,_T,,Y15T64,,_Z,,Q,,1989-Q2,,68.11862,,,,A,,0,,1,
DATAFLOW,OECD.SDD.TPS:DSD_LFS@DF_IALFS_EMP_WAP_Q(1.0),,I,JPN,,EMP_WAP,,PT_WAP_SUB,,_Z,,Y,,_T,,Y15T64,,_Z,,Q,,1989-Q3,,68.18112,,,,A,,0,,1,
DATAFLOW,OECD.SDD.TPS:DSD_LFS@DF_IALFS_EMP_WAP_Q(1.0),,I,JPN,,EMP_WAP,,PT_WAP_SUB,,_Z,,Y,,_T,,Y15T64,,_Z,,Q,,1989-Q4,,68.30884,,,,A,,0,,1,
DATAFLOW,OECD.SDD.TPS:DSD_LFS@DF_IALFS_EMP_WAP_Q(1.0),,I,JPN,,EMP_WAP,,PT_WAP_SUB,,_Z,,Y,,_T,,Y15T64,,_Z,,Q,,1990-Q1,,68.61501,,,,A,,0,,1,
DATAFLOW,OECD.SDD.TPS:DSD_LFS@DF_IALFS_EMP_WAP_Q(1.0),,I,JPN,,EMP_WAP,,PT_WAP_SUB,,_Z,,Y,,_T,,Y15T64,,_Z,,Q,,1990-Q2,,68.71179,,,,A,,0,,1,
DATAFLOW,OECD.SDD.TPS:DSD_LFS@DF_IALFS_EMP_WAP_Q(1.0),,I,JPN,,EMP_WAP,,PT_WAP_SUB,,_Z,,Y,,_T,,Y15T64,,_Z,,Q,,1990-Q3,,68.85669,,,,A,,0,,1,
DATAFLOW,OECD.SDD.TPS:DSD_LFS@DF_IALFS_EMP_WAP_Q(1.0),,I,JPN,,EMP_WAP,,PT_WAP_SUB,,_Z,,Y,,_T,,Y15T64,,_Z,,Q,,1990-Q4,,69.0406,,,,A,,0,,1,
DATAFLOW,OECD.SDD.TPS:DSD_LFS@DF_IALFS_EMP_WAP_Q(1.0),,I,JPN,,EMP_WAP,,PT_WAP_SUB,,_Z,,Y,,_T,,Y15T64,,_Z,,Q,,1991-Q1,,69.27474,,,,A,,0,,1,
DATAFLOW,OECD.SDD.TPS:DSD_LFS@DF_IALFS_EMP_WAP_Q(1.0),,I,JPN,,EMP_WAP,,PT_WAP_SUB,,_Z,,Y,,_T,,Y15T64,,_Z,,Q,,1991-Q2,,69.37214,,,,A,,0,,1,
DATAFLOW,OECD.SDD.TPS:DSD_LFS@DF_IALFS_EMP_WAP_Q(1.0),,I,JPN,,EMP_WAP,,PT_WAP_SUB,,_Z,,Y,,_T,,Y15T64,,_Z,,Q,,1991-Q3,,69.50832,,,,A,,0,,1,
DATAFLOW,OECD.SDD.TPS:DSD_LFS@DF_IALFS_EMP_WAP_Q(1.0),,I,JPN,,EMP_WAP,,PT_WAP_SUB,,_Z,,Y,,_T,,Y15T64,,_Z,,Q,,1991-Q4,,69.67725,,,,A,,0,,1,
DATAFLOW,OECD.SDD.TPS:DSD_LFS@DF_IALFS_EMP_WAP_Q(1.0),,I,JPN,,EMP_WAP,,PT_WAP_SUB,,_Z,,Y,,_T,,Y15T64,,_Z,,Q,,1992-Q1,,69.8114,,,,A,,0,,1,
DATAFLOW,OECD.SDD.TPS:DSD_LFS@DF_IALFS_EMP_WAP_Q(1.0),,I,JPN,,EMP_WAP,,PT_WAP_SUB,,_Z,,Y,,_T,,Y15T64,,_Z,,Q,,1992-Q2,,69.64433,,,,A,,0,,1,
DATAFLOW,OECD.SDD.TPS:DSD_LFS@DF_IALFS_EMP_WAP_Q(1.0),,I,JPN,,EMP_WAP,,PT_WAP_SUB,,_Z,,Y,,_T,,Y15T64,,_Z,,Q,,1992-Q3,,69.62335,,,,A,,0,,1,
DATAFLOW,OECD.SDD.TPS:DSD_LFS@DF_IALFS_EMP_WAP_Q(1.0),,I,JPN,,EMP_WAP,,PT_WAP_SUB,,_Z,,Y,,_T,,Y15T64,,_Z,,Q,,1992-Q4,,69.89505,,,,A,,0,,1,
DATAFLOW,OECD.SDD.TPS:DSD_LFS@DF_IALFS_EMP_WAP_Q(1.0),,I,JPN,,EMP_WAP,,PT_WAP_SUB,,_Z,,Y,,_T,,Y15T64,,_Z,,Q,,1993-Q1,,69.54163,,,,A,,0,,1,
DATAFLOW,OECD.SDD.TPS:DSD_LFS@DF_IALFS_EMP_WAP_Q(1.0),,I,JPN,,EMP_WAP,,PT_WAP_SUB,,_Z,,Y,,_T,,Y15T64,,_Z,,Q,,1993-Q2,,69.54826,,,,A,,0,,1,
DATAFLOW,OECD.SDD.TPS:DSD_LFS@DF_IALFS_EMP_WAP_Q(1.0),,I,JPN,,EMP_WAP,,PT_WAP_SUB,,_Z,,Y,,_T,,Y15T64,,_Z,,Q,,1993-Q3,,69.58282,,,,A,,0,,1,
DATAFLOW,OECD.SDD.TPS:DSD_LFS@DF_IALFS_EMP_WAP_Q(1.0),,I,JPN,,EMP_WAP,,PT_WAP_SUB,,_Z,,Y,,_T,,Y15T64,,_Z,,Q,,1993-Q4,,69.59896,,,,A,,0,,1,
DATAFLOW,OECD.SDD.TPS:DSD_LFS@DF_IALFS_EMP_WAP_Q(1.0),,I,JPN,,EMP_WAP,,PT_WAP_SUB,,_Z,,Y,,_T,,Y15T64,,_Z,,Q,,1994-Q1,,69.34656,,,,A,,0,,1,
DATAFLOW,OECD.SDD.TPS:DSD_LFS@DF_IALFS_EMP_WAP_Q(1.0),,I,JPN,,EMP_WAP,,PT_WAP_SUB,,_Z,,Y,,_T,,Y15T64,,_Z,,Q,,1994-Q2,,69.51233,,,,A,,0,,1,
DATAFLOW,OECD.SDD.TPS:DSD_LFS@DF_IALFS_EMP_WAP_Q(1.0),,I,JPN,,EMP_WAP,,PT_WAP_SUB,,_Z,,Y,,_T,,Y15T64,,_Z,,Q,,1994-Q3,,69.26769,,,,A,,0,,1,
DATAFLOW,OECD.SDD.TPS:DSD_LFS@DF_IALFS_EMP_WAP_Q(1.0),,I,JPN,,EMP_WAP,,PT_WAP_SUB,,_Z,,Y,,_T,,Y15T64,,_Z,,Q,,1994-Q4,,69.24994,,,,A,,0,,1,
DATAFLOW,OECD.SDD.TPS:DSD_LFS@DF_IALFS_EMP_WAP_Q(1.0),,I,JPN,,EMP_WAP,,PT_WAP_SUB,,_Z,,Y,,_T,,Y15T64,,_Z,,Q,,1995-Q1,,69.26453,,,,A,,0,,1,
DATAFLOW,OECD.SDD.TPS:DSD_LFS@DF_IALFS_EMP_WAP_Q(1.0),,I,JPN,,EMP_WAP,,PT_WAP_SUB,,_Z,,Y,,_T,,Y15T64,,_Z,,Q,,1995-Q2,,69.22562,,,,A,,0,,1,
DATAFLOW,OECD.SDD.TPS:DSD_LFS@DF_IALFS_EMP_WAP_Q(1.0),,I,JPN,,EMP_WAP,,PT_WAP_SUB,,_Z,,Y,,_T,,Y15T64,,_Z,,Q,,1995-Q3,,69.30012,,,,A,,0,,1,
DATAFLOW,OECD.SDD.TPS:DSD_LFS@DF_IALFS_EMP_WAP_Q(1.0),,I,JPN,,EMP_WAP,,PT_WAP_SUB,,_Z,,Y,,_T,,Y15T64,,_Z,,Q,,1995-Q4,,69.21755,,,,A,,0,,1,
DATAFLOW,OECD.SDD.TPS:DSD_LFS@DF_IALFS_EMP_WAP_Q(1.0),,I,JPN,,EMP_WAP,,PT_WAP_SUB,,_Z,,Y,,_T,,Y15T64,,_Z,,Q,,1996-Q1,,69.31595,,,,A,,0,,1,
DATAFLOW,OECD.SDD.TPS:DSD_LFS@DF_IALFS_EMP_WAP_Q(1.0),,I,JPN,,EMP_WAP,,PT_WAP_SUB,,_Z,,Y,,_T,,Y15T64,,_Z,,Q,,1996-Q2,,69.48831,,,,A,,0,,1,
DATAFLOW,OECD.SDD.TPS:DSD_LFS@DF_IALFS_EMP_WAP_Q(1.0),,I,JPN,,EMP_WAP,,PT_WAP_SUB,,_Z,,Y,,_T,,Y15T64,,_Z,,Q,,1996-Q3,,69.76405,,,,A,,0,,1,
DATAFLOW,OECD.SDD.TPS:DSD_LFS@DF_IALFS_EMP_WAP_Q(1.0),,I,JPN,,EMP_WAP,,PT_WAP_SUB,,_Z,,Y,,_T,,Y15T64,,_Z,,Q,,1996-Q4,,69.6955,,,,A,,0,,1,
DATAFLOW,OECD.SDD.TPS:DSD_LFS@DF_IALFS_EMP_WAP_Q(1.0),,I,JPN,,EMP_WAP,,PT_WAP_SUB,,_Z,,Y,,_T,,Y15T64,,_Z,,Q,,1997-Q1,,70.03622,,,,A,,0,,1,
DATAFLOW,OECD.SDD.TPS:DSD_LFS@DF_IALFS_EMP_WAP_Q(1.0),,I,JPN,,EMP_WAP,,PT_WAP_SUB,,_Z,,Y,,_T,,Y15T64,,_Z,,Q,,1997-Q2,,70.12101,,,,A,,0,,1,
DATAFLOW,OECD.SDD.TPS:DSD_LFS@DF_IALFS_EMP_WAP_Q(1.0),,I,JPN,,EMP_WAP,,PT_WAP_SUB,,_Z,,Y,,_T,,Y15T64,,_Z,,Q,,1997-Q3,,70.11514,,,,A,,0,,1,
DATAFLOW,OECD.SDD.TPS:DSD_LFS@DF_IALFS_EMP_WAP_Q(1.0),,I,JPN,,EMP_WAP,,PT_WAP_SUB,,_Z,,Y,,_T,,Y15T64,,_Z,,Q,,1997-Q4,,69.98836,,,,A,,0,,1,
DATAFLOW,OECD.SDD.TPS:DSD_LFS@DF_IALFS_EMP_WAP_Q(1.0),,I,JPN,,EMP_WAP,,PT_WAP_SUB,,_Z,,Y,,_T,,Y15T64,,_Z,,Q,,1998-Q1,,69.92259,,,,A,,0,,1,
DATAFLOW,OECD.SDD.TPS:DSD_LFS@DF_IALFS_EMP_WAP_Q(1.0),,I,JPN,,EMP_WAP,,PT_WAP_SUB,,_Z,,Y,,_T,,Y15T64,,_Z,,Q,,1998-Q2,,69.59286,,,,A,,0,,1,
DATAFLOW,OECD.SDD.TPS:DSD_LFS@DF_IALFS_EMP_WAP_Q(1.0),,I,JPN,,EMP_WAP,,PT_WAP_SUB,,_Z,,Y,,_T,,Y15T64,,_Z,,Q,,1998-Q3,,69.45416,,,,A,,0,,1,
DATAFLOW,OECD.SDD.TPS:DSD_LFS@DF_IALFS_EMP_WAP_Q(1.0),,I,JPN,,EMP_WAP,,PT_WAP_SUB,,_Z,,Y,,_T,,Y15T64,,_Z,,Q,,1998-Q4,,69.27718,,,,A,,0,,1,
DATAFLOW,OECD.SDD.TPS:DSD_LFS@DF_IALFS_EMP_WAP_Q(1.0),,I,JPN,,EMP_WAP,,PT_WAP_SUB,,_Z,,Y,,_T,,Y15T64,,_Z,,Q,,1999-Q1,,69.08689,,,,A,,0,,1,
DATAFLOW,OECD.SDD.TPS:DSD_LFS@DF_IALFS_EMP_WAP_Q(1.0),,I,JPN,,EMP_WAP,,PT_WAP_SUB,,_Z,,Y,,_T,,Y15T64,,_Z,,Q,,1999-Q2,,68.98834,,,,A,,0,,1,
DATAFLOW,OECD.SDD.TPS:DSD_LFS@DF_IALFS_EMP_WAP_Q(1.0),,I,JPN,,EMP_WAP,,PT_WAP_SUB,,_Z,,Y,,_T,,Y15T64,,_Z,,Q,,1999-Q3,,69.0192,,,,A,,0,,1,
DATAFLOW,OECD.SDD.TPS:DSD_LFS@DF_IALFS_EMP_WAP_Q(1.0),,I,JPN,,EMP_WAP,,PT_WAP_SUB,,_Z,,Y,,_T,,Y15T64,,_Z,,Q,,1999-Q4,,68.99085,,,,A,,0,,1,
DATAFLOW,OECD.SDD.TPS:DSD_LFS@DF_IALFS_EMP_WAP_Q(1.0),,I,JPN,,EMP_WAP,,PT_WAP_SUB,,_Z,,Y,,_T,,Y15T64,,_Z,,Q,,2000-Q1,,68.75898,,,,A,,0,,1,
DATAFLOW,OECD.SDD.TPS:DSD_LFS@DF_IALFS_EMP_WAP_Q(1.0),,I,JPN,,EMP_WAP,,PT_WAP_SUB,,_Z,,Y,,_T,,Y15T64,,_Z,,Q,,2000-Q2,,69.02222,,,,A,,0,,1,
DATAFLOW,OECD.SDD.TPS:DSD_LFS@DF_IALFS_EMP_WAP_Q(1.0),,I,JPN,,EMP_WAP,,PT_WAP_SUB,,_Z,,Y,,_T,,Y15T64,,_Z,,Q,,2000-Q3,,69.01018,,,,A,,0,,1,
DATAFLOW,OECD.SDD.TPS:DSD_LFS@DF_IALFS_EMP_WAP_Q(1.0),,I,JPN,,EMP_WAP,,PT_WAP_SUB,,_Z,,Y,,_T,,Y15T64,,_Z,,Q,,2000-Q4,,69.1657,,,,A,,0,,1,
DATAFLOW,OECD.SDD.TPS:DSD_LFS@DF_IALFS_EMP_WAP_Q(1.0),,I,JPN,,EMP_WAP,,PT_WAP_SUB,,_Z,,Y,,_T,,Y15T64,,_Z,,Q,,2001-Q1,,69.25991,,,,A,,0,,1,
DATAFLOW,OECD.SDD.TPS:DSD_LFS@DF_IALFS_EMP_WAP_Q(1.0),,I,JPN,,EMP_WAP,,PT_WAP_SUB,,_Z,,Y,,_T,,Y15T64,,_Z,,Q,,2001-Q2,,68.97169,,,,A,,0,,1,
DATAFLOW,OECD.SDD.TPS:DSD_LFS@DF_IALFS_EMP_WAP_Q(1.0),,I,JPN,,EMP_WAP,,PT_WAP_SUB,,_Z,,Y,,_T,,Y15T64,,_Z,,Q,,2001-Q3,,68.64271,,,,A,,0,,1,
DATAFLOW,OECD.SDD.TPS:DSD_LFS@DF_IALFS_EMP_WAP_Q(1.0),,I,JPN,,EMP_WAP,,PT_WAP_SUB,,_Z,,Y,,_T,,Y15T64,,_Z,,Q,,2001-Q4,,68.48404,,,,A,,0,,1,
DATAFLOW,OECD.SDD.TPS:DSD_LFS@DF_IALFS_EMP_WAP_Q(1.0),,I,JPN,,EMP_WAP,,PT_WAP_SUB,,_Z,,Y,,_T,,Y15T64,,_Z,,Q,,2002-Q1,,68.42081,,,,A,,0,,1,
DATAFLOW,OECD.SDD.TPS:DSD_LFS@DF_IALFS_EMP_WAP_Q(1.0),,I,JPN,,EMP_WAP,,PT_WAP_SUB,,_Z,,Y,,_T,,Y15T64,,_Z,,Q,,2002-Q2,,68.16614,,,,A,,0,,1,
DATAFLOW,OECD.SDD.TPS:DSD_LFS@DF_IALFS_EMP_WAP_Q(1.0),,I,JPN,,EMP_WAP,,PT_WAP_SUB,,_Z,,Y,,_T,,Y15T64,,_Z,,Q,,2002-Q3,,68.28225,,,,A,,0,,1,
DATAFLOW,OECD.SDD.TPS:DSD_LFS@DF_IALFS_EMP_WAP_Q(1.0),,I,JPN,,EMP_WAP,,PT_WAP_SUB,,_Z,,Y,,_T,,Y15T64,,_Z,,Q,,2002-Q4,,68.38561,,,,A,,0,,1,
DATAFLOW,OECD.SDD.TPS:DSD_LFS@DF_IALFS_EMP_WAP_Q(1.0),,I,JPN,,EMP_WAP,,PT_WAP_SUB,,_Z,,Y,,_T,,Y15T64,,_Z,,Q,,2003-Q1,,68.32905,,,,A,,0,,1,
DATAFLOW,OECD.SDD.TPS:DSD_LFS@DF_IALFS_EMP_WAP_Q(1.0),,I,JPN,,EMP_WAP,,PT_WAP_SUB,,_Z,,Y,,_T,,Y15T64,,_Z,,Q,,2003-Q2,,68.33434,,,,A,,0,,1,
DATAFLOW,OECD.SDD.TPS:DSD_LFS@DF_IALFS_EMP_WAP_Q(1.0),,I,JPN,,EMP_WAP,,PT_WAP_SUB,,_Z,,Y,,_T,,Y15T64,,_Z,,Q,,2003-Q3,,68.47329,,,,A,,0,,1,
DATAFLOW,OECD.SDD.TPS:DSD_LFS@DF_IALFS_EMP_WAP_Q(1.0),,I,JPN,,EMP_WAP,,PT_WAP_SUB,,_Z,,Y,,_T,,Y15T64,,_Z,,Q,,2003-Q4,,68.69961,,,,A,,0,,1,
DATAFLOW,OECD.SDD.TPS:DSD_LFS@DF_IALFS_EMP_WAP_Q(1.0),,I,JPN,,EMP_WAP,,PT_WAP_SUB,,_Z,,Y,,_T,,Y15T64,,_Z,,Q,,2004-Q1,,68.7036,,,,A,,0,,1,
DATAFLOW,OECD.SDD.TPS:DSD_LFS@DF_IALFS_EMP_WAP_Q(1.0),,I,JPN,,EMP_WAP,,PT_WAP_SUB,,_Z,,Y,,_T,,Y15T64,,_Z,,Q,,2004-Q2,,68.66581,,,,A,,0,,1,
DATAFLOW,OECD.SDD.TPS:DSD_LFS@DF_IALFS_EMP_WAP_Q(1.0),,I,JPN,,EMP_WAP,,PT_WAP_SUB,,_Z,,Y,,_T,,Y15T64,,_Z,,Q,,2004-Q3,,68.89429,,,,A,,0,,1,
DATAFLOW,OECD.SDD.TPS:DSD_LFS@DF_IALFS_EMP_WAP_Q(1.0),,I,JPN,,EMP_WAP,,PT_WAP_SUB,,_Z,,Y,,_T,,Y15T64,,_Z,,Q,,2004-Q4,,68.9968,,,,A,,0,,1,
DATAFLOW,OECD.SDD.TPS:DSD_LFS@DF_IALFS_EMP_WAP_Q(1.0),,I,JPN,,EMP_WAP,,PT_WAP_SUB,,_Z,,Y,,_T,,Y15T64,,_Z,,Q,,2005-Q1,,69.09327,,,,A,,0,,1,
DATAFLOW,OECD.SDD.TPS:DSD_LFS@DF_IALFS_EMP_WAP_Q(1.0),,I,JPN,,EMP_WAP,,PT_WAP_SUB,,_Z,,Y,,_T,,Y15T64,,_Z,,Q,,2005-Q2,,69.32005,,,,A,,0,,1,
DATAFLOW,OECD.SDD.TPS:DSD_LFS@DF_IALFS_EMP_WAP_Q(1.0),,I,JPN,,EMP_WAP,,PT_WAP_SUB,,_Z,,Y,,_T,,Y15T64,,_Z,,Q,,2005-Q3,,69.6067,,,,A,,0,,1,
DATAFLOW,OECD.SDD.TPS:DSD_LFS@DF_IALFS_EMP_WAP_Q(1.0),,I,JPN,,EMP_WAP,,PT_WAP_SUB,,_Z,,Y,,_T,,Y15T64,,_Z,,Q,,2005-Q4,,69.46828,,,,A,,0,,1,
DATAFLOW,OECD.SDD.TPS:DSD_LFS@DF_IALFS_EMP_WAP_Q(1.0),,I,JPN,,EMP_WAP,,PT_WAP_SUB,,_Z,,Y,,_T,,Y15T64,,_Z,,Q,,2006-Q1,,69.82282,,,,A,,0,,1,
DATAFLOW,OECD.SDD.TPS:DSD_LFS@DF_IALFS_EMP_WAP_Q(1.0),,I,JPN,,EMP_WAP,,PT_WAP_SUB,,_Z,,Y,,_T,,Y15T64,,_Z,,Q,,2006-Q2,,69.98719,,,,A,,0,,1,
DATAFLOW,OECD.SDD.TPS:DSD_LFS@DF_IALFS_EMP_WAP_Q(1.0),,I,JPN,,EMP_WAP,,PT_WAP_SUB,,_Z,,Y,,_T,,Y15T64,,_Z,,Q,,2006-Q3,,70.1098,,,,A,,0,,1,
DATAFLOW,OECD.SDD.TPS:DSD_LFS@DF_IALFS_EMP_WAP_Q(1.0),,I,JPN,,EMP_WAP,,PT_WAP_SUB,,_Z,,Y,,_T,,Y15T64,,_Z,,Q,,2006-Q4,,70.22019,,,,A,,0,,1,
DATAFLOW,OECD.SDD.TPS:DSD_LFS@DF_IALFS_EMP_WAP_Q(1.0),,I,JPN,,EMP_WAP,,PT_WAP_SUB,,_Z,,Y,,_T,,Y15T64,,_Z,,Q,,2007-Q1,,70.43744,,,,A,,0,,1,
DATAFLOW,OECD.SDD.TPS:DSD_LFS@DF_IALFS_EMP_WAP_Q(1.0),,I,JPN,,EMP_WAP,,PT_WAP_SUB,,_Z,,Y,,_T,,Y15T64,,_Z,,Q,,2007-Q2,,70.9254,,,,A,,0,,1,
DATAFLOW,OECD.SDD.TPS:DSD_LFS@DF_IALFS_EMP_WAP_Q(1.0),,I,JPN,,EMP_WAP,,PT_WAP_SUB,,_Z,,Y,,_T,,Y15T64,,_Z,,Q,,2007-Q3,,70.79575,,,,A,,0,,1,
DATAFLOW,OECD.SDD.TPS:DSD_LFS@DF_IALFS_EMP_WAP_Q(1.0),,I,JPN,,EMP_WAP,,PT_WAP_SUB,,_Z,,Y,,_T,,Y15T64,,_Z,,Q,,2007-Q4,,70.92707,,,,A,,0,,1,
DATAFLOW,OECD.SDD.TPS:DSD_LFS@DF_IALFS_EMP_WAP_Q(1.0),,I,JPN,,EMP_WAP,,PT_WAP_SUB,,_Z,,Y,,_T,,Y15T64,,_Z,,Q,,2008-Q1,,70.7723,,,,A,,0,,1,
DATAFLOW,OECD.SDD.TPS:DSD_LFS@DF_IALFS_EMP_WAP_Q(1.0),,I,JPN,,EMP_WAP,,PT_WAP_SUB,,_Z,,Y,,_T,,Y15T64,,_Z,,Q,,2008-Q2,,70.94743,,,,A,,0,,1,
DATAFLOW,OECD.SDD.TPS:DSD_LFS@DF_IALFS_EMP_WAP_Q(1.0),,I,JPN,,EMP_WAP,,PT_WAP_SUB,,_Z,,Y,,_T,,Y15T64,,_Z,,Q,,2008-Q3,,70.84381,,,,A,,0,,1,
DATAFLOW,OECD.SDD.TPS:DSD_LFS@DF_IALFS_EMP_WAP_Q(1.0),,I,JPN,,EMP_WAP,,PT_WAP_SUB,,_Z,,Y,,_T,,Y15T64,,_Z,,Q,,2008-Q4,,70.91073,,,,A,,0,,1,
DATAFLOW,OECD.SDD.TPS:DSD_LFS@DF_IALFS_EMP_WAP_Q(1.0),,I,JPN,,EMP_WAP,,PT_WAP_SUB,,_Z,,Y,,_T,,Y15T64,,_Z,,Q,,2009-Q1,,70.52541,,,,A,,0,,1,
DATAFLOW,OECD.SDD.TPS:DSD_LFS@DF_IALFS_EMP_WAP_Q(1.0),,I,JPN,,EMP_WAP,,PT_WAP_SUB,,_Z,,Y,,_T,,Y15T64,,_Z,,Q,,2009-Q2,,70.0285,,,,A,,0,,1,
DATAFLOW,OECD.SDD.TPS:DSD_LFS@DF_IALFS_EMP_WAP_Q(1.0),,I,JPN,,EMP_WAP,,PT_WAP_SUB,,_Z,,Y,,_T,,Y15T64,,_Z,,Q,,2009-Q3,,70.06018,,,,A,,0,,1,
DATAFLOW,OECD.SDD.TPS:DSD_LFS@DF_IALFS_EMP_WAP_Q(1.0),,I,JPN,,EMP_WAP,,PT_WAP_SUB,,_Z,,Y,,_T,,Y15T64,,_Z,,Q,,2009-Q4,,70.08003,,,,A,,0,,1,
DATAFLOW,OECD.SDD.TPS:DSD_LFS@DF_IALFS_EMP_WAP_Q(1.0),,I,JPN,,EMP_WAP,,PT_WAP_SUB,,_Z,,Y,,_T,,Y15T64,,_Z,,Q,,2010-Q1,,70.2569,,,,A,,0,,1,
DATAFLOW,OECD.SDD.TPS:DSD_LFS@DF_IALFS_EMP_WAP_Q(1.0),,I,JPN,,EMP_WAP,,PT_WAP_SUB,,_Z,,Y,,_T,,Y15T64,,_Z,,Q,,2010-Q2,,70.07822,,,,A,,0,,1,
DATAFLOW,OECD.SDD.TPS:DSD_LFS@DF_IALFS_EMP_WAP_Q(1.0),,I,JPN,,EMP_WAP,,PT_WAP_SUB,,_Z,,Y,,_T,,Y15T64,,_Z,,Q,,2010-Q3,,70.40231,,,,A,,0,,1,
DATAFLOW,OECD.SDD.TPS:DSD_LFS@DF_IALFS_EMP_WAP_Q(1.0),,I,JPN,,EMP_WAP,,PT_WAP_SUB,,_Z,,Y,,_T,,Y15T64,,_Z,,Q,,2010-Q4,,70.3964,,,,A,,0,,1,
DATAFLOW,OECD.SDD.TPS:DSD_LFS@DF_IALFS_EMP_WAP_Q(1.0),,I,JPN,,EMP_WAP,,PT_WAP_SUB,,_Z,,Y,,_T,,Y15T64,,_Z,,Q,,2011-Q2,,71.07259,,,,A,,0,,1,
DATAFLOW,OECD.SDD.TPS:DSD_LFS@DF_IALFS_EMP_WAP_Q(1.0),,I,JPN,,EMP_WAP,,PT_WAP_SUB,,_Z,,Y,,_T,,Y15T64,,_Z,,Q,,2011-Q4,,70.50638,,,,A,,0,,1,
DATAFLOW,OECD.SDD.TPS:DSD_LFS@DF_IALFS_EMP_WAP_Q(1.0),,I,JPN,,EMP_WAP,,PT_WAP_SUB,,_Z,,Y,,_T,,Y15T64,,_Z,,Q,,2012-Q1,,70.37836,,,,A,,0,,1,
DATAFLOW,OECD.SDD.TPS:DSD_LFS@DF_IALFS_EMP_WAP_Q(1.0),,I,JPN,,EMP_WAP,,PT_WAP_SUB,,_Z,,Y,,_T,,Y15T64,,_Z,,Q,,2012-Q2,,70.50185,,,,A,,0,,1,
DATAFLOW,OECD.SDD.TPS:DSD_LFS@DF_IALFS_EMP_WAP_Q(1.0),,I,JPN,,EMP_WAP,,PT_WAP_SUB,,_Z,,Y,,_T,,Y15T64,,_Z,,Q,,2012-Q3,,70.69669,,,,A,,0,,1,
DATAFLOW,OECD.SDD.TPS:DSD_LFS@DF_IALFS_EMP_WAP_Q(1.0),,I,JPN,,EMP_WAP,,PT_WAP_SUB,,_Z,,Y,,_T,,Y15T64,,_Z,,Q,,2012-Q4,,70.90701,,,,A,,0,,1,
DATAFLOW,OECD.SDD.TPS:DSD_LFS@DF_IALFS_EMP_WAP_Q(1.0),,I,JPN,,EMP_WAP,,PT_WAP_SUB,,_Z,,Y,,_T,,Y15T64,,_Z,,Q,,2013-Q1,,71.26358,,,,A,,0,,1,
DATAFLOW,OECD.SDD.TPS:DSD_LFS@DF_IALFS_EMP_WAP_Q(1.0),,I,JPN,,EMP_WAP,,PT_WAP_SUB,,_Z,,Y,,_T,,Y15T64,,_Z,,Q,,2013-Q2,,71.64299,,,,A,,0,,1,
DATAFLOW,OECD.SDD.TPS:DSD_LFS@DF_IALFS_EMP_WAP_Q(1.0),,I,JPN,,EMP_WAP,,PT_WAP_SUB,,_Z,,Y,,_T,,Y15T64,,_Z,,Q,,2013-Q3,,71.93037,,,,A,,0,,1,
DATAFLOW,OECD.SDD.TPS:DSD_LFS@DF_IALFS_EMP_WAP_Q(1.0),,I,JPN,,EMP_WAP,,PT_WAP_SUB,,_Z,,Y,,_T,,Y15T64,,_Z,,Q,,2013-Q4,,72.20641,,,,A,,0,,1,
DATAFLOW,OECD.SDD.TPS:DSD_LFS@DF_IALFS_EMP_WAP_Q(1.0),,I,JPN,,EMP_WAP,,PT_WAP_SUB,,_Z,,Y,,_T,,Y15T64,,_Z,,Q,,2014-Q1,,72.51338,,,,A,,0,,1,
DATAFLOW,OECD.SDD.TPS:DSD_LFS@DF_IALFS_EMP_WAP_Q(1.0),,I,JPN,,EMP_WAP,,PT_WAP_SUB,,_Z,,Y,,_T,,Y15T64,,_Z,,Q,,2014-Q2,,72.71604,,,,A,,0,,1,
DATAFLOW,OECD.SDD.TPS:DSD_LFS@DF_IALFS_EMP_WAP_Q(1.0),,I,JPN,,EMP_WAP,,PT_WAP_SUB,,_Z,,Y,,_T,,Y15T64,,_Z,,Q,,2014-Q3,,72.84475,,,,A,,0,,1,
DATAFLOW,OECD.SDD.TPS:DSD_LFS@DF_IALFS_EMP_WAP_Q(1.0),,I,JPN,,EMP_WAP,,PT_WAP_SUB,,_Z,,Y,,_T,,Y15T64,,_Z,,Q,,2014-Q4,,72.97612,,,,A,,0,,1,
DATAFLOW,OECD.SDD.TPS:DSD_LFS@DF_IALFS_EMP_WAP_Q(1.0),,I,JPN,,EMP_WAP,,PT_WAP_SUB,,_Z,,Y,,_T,,Y15T64,,_Z,,Q,,2015-Q1,,73.13013,,,,A,,0,,1,
DATAFLOW,OECD.SDD.TPS:DSD_LFS@DF_IALFS_EMP_WAP_Q(1.0),,I,JPN,,EMP_WAP,,PT_WAP_SUB,,_Z,,Y,,_T,,Y15T64,,_Z,,Q,,2015-Q2,,73.20613,,,,A,,0,,1,
DATAFLOW,OECD.SDD.TPS:DSD_LFS@DF_IALFS_EMP_WAP_Q(1.0),,I,JPN,,EMP_WAP,,PT_WAP_SUB,,_Z,,Y,,_T,,Y15T64,,_Z,,Q,,2015-Q3,,73.46191,,,,A,,0,,1,
DATAFLOW,OECD.SDD.TPS:DSD_LFS@DF_IALFS_EMP_WAP_Q(1.0),,I,JPN,,EMP_WAP,,PT_WAP_SUB,,_Z,,Y,,_T,,Y15T64,,_Z,,Q,,2015-Q4,,73.79222,,,,A,,0,,1,
DATAFLOW,OECD.SDD.TPS:DSD_LFS@DF_IALFS_EMP_WAP_Q(1.0),,I,JPN,,EMP_WAP,,PT_WAP_SUB,,_Z,,Y,,_T,,Y15T64,,_Z,,Q,,2016-Q1,,74.07949,,,,A,,0,,1,
DATAFLOW,OECD.SDD.TPS:DSD_LFS@DF_IALFS_EMP_WAP_Q(1.0),,I,JPN,,EMP_WAP,,PT_WAP_SUB,,_Z,,Y,,_T,,Y15T64,,_Z,,Q,,2016-Q2,,74.28903,,,,A,,0,,1,
DATAFLOW,OECD.SDD.TPS:DSD_LFS@DF_IALFS_EMP_WAP_Q(1.0),,I,JPN,,EMP_WAP,,PT_WAP_SUB,,_Z,,Y,,_T,,Y15T64,,_Z,,Q,,2016-Q3,,74.65972,,,,A,,0,,1,
DATAFLOW,OECD.SDD.TPS:DSD_LFS@DF_IALFS_EMP_WAP_Q(1.0),,I,JPN,,EMP_WAP,,PT_WAP_SUB,,_Z,,Y,,_T,,Y15T64,,_Z,,Q,,2016-Q4,,74.84703,,,,A,,0,,1,
DATAFLOW,OECD.SDD.TPS:DSD_LFS@DF_IALFS_EMP_WAP_Q(1.0),,I,JPN,,EMP_WAP,,PT_WAP_SUB,,_Z,,Y,,_T,,Y15T64,,_Z,,Q,,2017-Q1,,74.91779,,,,A,,0,,1,
DATAFLOW,OECD.SDD.TPS:DSD_LFS@DF_IALFS_EMP_WAP_Q(1.0),,I,JPN,,EMP_WAP,,PT_WAP_SUB,,_Z,,Y,,_T,,Y15T64,,_Z,,Q,,2017-Q2,,75.19708,,,,A,,0,,1,
DATAFLOW,OECD.SDD.TPS:DSD_LFS@DF_IALFS_EMP_WAP_Q(1.0),,I,JPN,,EMP_WAP,,PT_WAP_SUB,,_Z,,Y,,_T,,Y15T64,,_Z,,Q,,2017-Q3,,75.53371,,,,A,,0,,1,
DATAFLOW,OECD.SDD.TPS:DSD_LFS@DF_IALFS_EMP_WAP_Q(1.0),,I,JPN,,EMP_WAP,,PT_WAP_SUB,,_Z,,Y,,_T,,Y15T64,,_Z,,Q,,2017-Q4,,75.83604,,,,A,,0,,1,
DATAFLOW,OECD.SDD.TPS:DSD_LFS@DF_IALFS_EMP_WAP_Q(1.0),,I,JPN,,EMP_WAP,,PT_WAP_SUB,,_Z,,Y,,_T,,Y15T64,,_Z,,Q,,2018-Q1,,76.44324,,,,A,,0,,1,
DATAFLOW,OECD.SDD.TPS:DSD_LFS@DF_IALFS_EMP_WAP_Q(1.0),,I,JPN,,EMP_WAP,,PT_WAP_SUB,,_Z,,Y,,_T,,Y15T64,,_Z,,Q,,2018-Q2,,76.91461,,,,A,,0,,1,
DATAFLOW,OECD.SDD.TPS:DSD_LFS@DF_IALFS_EMP_WAP_Q(1.0),,I,JPN,,EMP_WAP,,PT_WAP_SUB,,_Z,,Y,,_T,,Y15T64,,_Z,,Q,,2018-Q3,,77.03435,,,,A,,0,,1,
DATAFLOW,OECD.SDD.TPS:DSD_LFS@DF_IALFS_EMP_WAP_Q(1.0),,I,JPN,,EMP_WAP,,PT_WAP_SUB,,_Z,,Y,,_T,,Y15T64,,_Z,,Q,,2018-Q4,,77.37814,,,,A,,0,,1,
DATAFLOW,OECD.SDD.TPS:DSD_LFS@DF_IALFS_EMP_WAP_Q(1.0),,I,JPN,,EMP_WAP,,PT_WAP_SUB,,_Z,,Y,,_T,,Y15T64,,_Z,,Q,,2019-Q1,,77.52197,,,,A,,0,,1,
DATAFLOW,OECD.SDD.TPS:DSD_LFS@DF_IALFS_EMP_WAP_Q(1.0),,I,JPN,,EMP_WAP,,PT_WAP_SUB,,_Z,,Y,,_T,,Y15T64,,_Z,,Q,,2019-Q2,,77.70383,,,,A,,0,,1,
DATAFLOW,OECD.SDD.TPS:DSD_LFS@DF_IALFS_EMP_WAP_Q(1.0),,I,JPN,,EMP_WAP,,PT_WAP_SUB,,_Z,,Y,,_T,,Y15T64,,_Z,,Q,,2019-Q3,,77.92953,,,,A,,0,,1,
DATAFLOW,OECD.SDD.TPS:DSD_LFS@DF_IALFS_EMP_WAP_Q(1.0),,I,JPN,,EMP_WAP,,PT_WAP_SUB,,_Z,,Y,,_T,,Y15T64,,_Z,,Q,,2019-Q4,,78.0977,,,,A,,0,,1,
DATAFLOW,OECD.SDD.TPS:DSD_LFS@DF_IALFS_EMP_WAP_Q(1.0),,I,JPN,,EMP_WAP,,PT_WAP_SUB,,_Z,,Y,,_T,,Y15T64,,_Z,,Q,,2020-Q1,,78.07449,,,,A,,0,,1,
DATAFLOW,OECD.SDD.TPS:DSD_LFS@DF_IALFS_EMP_WAP_Q(1.0),,I,JPN,,EMP_WAP,,PT_WAP_SUB,,_Z,,Y,,_T,,Y15T64,,_Z,,Q,,2020-Q2,,77.07883,,,,A,,0,,1,
DATAFLOW,OECD.SDD.TPS:DSD_LFS@DF_IALFS_EMP_WAP_Q(1.0),,I,JPN,,EMP_WAP,,PT_WAP_SUB,,_Z,,Y,,_T,,Y15T64,,_Z,,Q,,2020-Q3,,77.17266,,,,A,,0,,1,
DATAFLOW,OECD.SDD.TPS:DSD_LFS@DF_IALFS_EMP_WAP_Q(1.0),,I,JPN,,EMP_WAP,,PT_WAP_SUB,,_Z,,Y,,_T,,Y15T64,,_Z,,Q,,2020-Q4,,77.4699,,,,A,,0,,1,
DATAFLOW,OECD.SDD.TPS:DSD_LFS@DF_IALFS_EMP_WAP_Q(1.0),,I,JPN,,EMP_WAP,,PT_WAP_SUB,,_Z,,Y,,_T,,Y15T64,,_Z,,Q,,2021-Q1,,77.77475,,,,A,,0,,1,
DATAFLOW,OECD.SDD.TPS:DSD_LFS@DF_IALFS_EMP_WAP_Q(1.0),,I,JPN,,EMP_WAP,,PT_WAP_SUB,,_Z,,Y,,_T,,Y15T64,,_Z,,Q,,2021-Q2,,77.80084,,,,A,,0,,1,
DATAFLOW,OECD.SDD.TPS:DSD_LFS@DF_IALFS_EMP_WAP_Q(1.0),,I,JPN,,EMP_WAP,,PT_WAP_SUB,,_Z,,Y,,_T,,Y15T64,,_Z,,Q,,2021-Q3,,78.0168,,,,A,,0,,1,
DATAFLOW,OECD.SDD.TPS:DSD_LFS@DF_IALFS_EMP_WAP_Q(1.0),,I,JPN,,EMP_WAP,,PT_WAP_SUB,,_Z,,Y,,_T,,Y15T64,,_Z,,Q,,2021-Q4,,77.91957,,,,A,,0,,1,
DATAFLOW,OECD.SDD.TPS:DSD_LFS@DF_IALFS_EMP_WAP_Q(1.0),,I,JPN,,EMP_WAP,,PT_WAP_SUB,,_Z,,Y,,_T,,Y15T64,,_Z,,Q,,2022-Q1,,78.10402,,,,A,,0,,1,
DATAFLOW,OECD.SDD.TPS:DSD_LFS@DF_IALFS_EMP_WAP_Q(1.0),,I,JPN,,EMP_WAP,,PT_WAP_SUB,,_Z,,Y,,_T,,Y15T64,,_Z,,Q,,2022-Q2,,78.53814,,,,A,,0,,1,
DATAFLOW,OECD.SDD.TPS:DSD_LFS@DF_IALFS_EMP_WAP_Q(1.0),,I,JPN,,EMP_WAP,,PT_WAP_SUB,,_Z,,Y,,_T,,Y15T64,,_Z,,Q,,2022-Q3,,78.6238,,,,A,,0,,1,
DATAFLOW,OECD.SDD.TPS:DSD_LFS@DF_IALFS_EMP_WAP_Q(1.0),,I,JPN,,EMP_WAP,,PT_WAP_SUB,,_Z,,Y,,_T,,Y15T64,,_Z,,Q,,2022-Q4,,78.53184,,,,A,,0,,1,
DATAFLOW,OECD.SDD.TPS:DSD_LFS@DF_IALFS_EMP_WAP_Q(1.0),,I,JPN,,EMP_WAP,,PT_WAP_SUB,,_Z,,Y,,_T,,Y15T64,,_Z,,Q,,2023-Q1,,78.64538,,,,A,,0,,1,
DATAFLOW,OECD.SDD.TPS:DSD_LFS@DF_IALFS_EMP_WAP_Q(1.0),,I,JPN,,EMP_WAP,,PT_WAP_SUB,,_Z,,Y,,_T,,Y15T64,,_Z,,Q,,2023-Q2,,78.89082,,,,A,,0,,1,
DATAFLOW,OECD.SDD.TPS:DSD_LFS@DF_IALFS_EMP_WAP_Q(1.0),,I,JPN,,EMP_WAP,,PT_WAP_SUB,,_Z,,Y,,_T,,Y15T64,,_Z,,Q,,2023-Q3,,79.03524,,,,A,,0,,1,
DATAFLOW,OECD.SDD.TPS:DSD_LFS@DF_IALFS_EMP_WAP_Q(1.0),,I,JPN,,EMP_WAP,,PT_WAP_SUB,,_Z,,Y,,_T,,Y15T64,,_Z,,Q,,2023-Q4,,79.17818,,,,A,,0,,1,
DATAFLOW,OECD.SDD.TPS:DSD_LFS@DF_IALFS_EMP_WAP_Q(1.0),,I,JPN,,EMP_WAP,,PT_WAP_SUB,,_Z,,Y,,_T,,Y15T64,,_Z,,Q,,2024-Q1,,79.16864,,,,A,,0,,1,
DATAFLOW,OECD.SDD.TPS:DSD_LFS@DF_IALFS_EMP_WAP_Q(1.0),,I,JPN,,EMP_WAP,,PT_WAP_SUB,,_Z,,Y,,_T,,Y15T64,,_Z,,Q,,2024-Q2,,79.27586,,,,A,,0,,1,
DATAFLOW,OECD.SDD.TPS:DSD_LFS@DF_IALFS_EMP_WAP_Q(1.0),,I,JPN,,EMP_WAP,,PT_WAP_SUB,,_Z,,Y,,_T,,Y15T64,,_Z,,Q,,2024-Q3,,79.56605,,,,A,,0,,1,
DATAFLOW,OECD.SDD.TPS:DSD_LFS@DF_IALFS_EMP_WAP_Q(1.0),,I,JPN,,EMP_WAP,,PT_WAP_SUB,,_Z,,Y,,_T,,Y15T64,,_Z,,Q,,2024-Q4,,79.73396,,,,A,,0,,1,
DATAFLOW,OECD.SDD.TPS:DSD_LFS@DF_IALFS_EMP_WAP_Q(1.0),,I,JPN,,EMP_WAP,,PT_WAP_SUB,,_Z,,Y,,_T,,Y15T64,,_Z,,Q,,2025-Q1,,79.91821,,,,A,,0,,1,
DATAFLOW,OECD.SDD.TPS:DSD_LFS@DF_IALFS_EMP_WAP_Q(1.0),,I,JPN,,EMP_WAP,,PT_WAP_SUB,,_Z,,Y,,_T,,Y15T64,,_Z,,Q,,2025-Q2,,80.10391,,,,A,,0,,1,
DATAFLOW,OECD.SDD.TPS:DSD_LFS@DF_IALFS_EMP_WAP_Q(1.0),,I,JPN,,EMP_WAP,,PT_WAP_SUB,,_Z,,Y,,_T,,Y15T64,,_Z,,Q,,2025-Q3,,80.10869,,,,A,,0,,1,
DATAFLOW,OECD.SDD.TPS:DSD_LFS@DF_IALFS_EMP_WAP_Q(1.0),,I,JPN,,EMP_WAP,,PT_WAP_SUB,,_Z,,Y,,_T,,Y15T64,,_Z,,Q,,2025-Q4,,80.31395,,,,A,,0,,1,
DATAFLOW,OECD.SDD.TPS:DSD_LFS@DF_IALFS_EMP_WAP_Q(1.0),,I,JPN,,EMP_WAP,,PT_WAP_SUB,,_Z,,Y,,_T,,Y15T64,,_Z,,Q,,2026-Q1,,80.23804,,,,A,,0,,1,
DATAFLOW,OECD.SDD.TPS:DSD_LFS@DF_IALFS_EMP_WAP_Q(1.0),,I,GBR,,EMP_WAP,,PT_WAP_SUB,,_Z,,Y,,_T,,Y15T64,,_Z,,Q,,1971-Q1,,72.16925,,,,A,,0,,1,
DATAFLOW,OECD.SDD.TPS:DSD_LFS@DF_IALFS_EMP_WAP_Q(1.0),,I,GBR,,EMP_WAP,,PT_WAP_SUB,,_Z,,Y,,_T,,Y15T64,,_Z,,Q,,1971-Q2,,71.97784,,,,A,,0,,1,
DATAFLOW,OECD.SDD.TPS:DSD_LFS@DF_IALFS_EMP_WAP_Q(1.0),,I,GBR,,EMP_WAP,,PT_WAP_SUB,,_Z,,Y,,_T,,Y15T64,,_Z,,Q,,1971-Q3,,71.70716,,,,A,,0,,1,
DATAFLOW,OECD.SDD.TPS:DSD_LFS@DF_IALFS_EMP_WAP_Q(1.0),,I,GBR,,EMP_WAP,,PT_WAP_SUB,,_Z,,Y,,_T,,Y15T64,,_Z,,Q,,1971-Q4,,71.48768,,,,A,,0,,1,
DATAFLOW,OECD.SDD.TPS:DSD_LFS@DF_IALFS_EMP_WAP_Q(1.0),,I,GBR,,EMP_WAP,,PT_WAP_SUB,,_Z,,Y,,_T,,Y15T64,,_Z,,Q,,1972-Q1,,71.76229,,,,A,,0,,1,
DATAFLOW,OECD.SDD.TPS:DSD_LFS@DF_IALFS_EMP_WAP_Q(1.0),,I,GBR,,EMP_WAP,,PT_WAP_SUB,,_Z,,Y,,_T,,Y15T64,,_Z,,Q,,1972-Q2,,71.86849,,,,A,,0,,1,
DATAFLOW,OECD.SDD.TPS:DSD_LFS@DF_IALFS_EMP_WAP_Q(1.0),,I,GBR,,EMP_WAP,,PT_WAP_SUB,,_Z,,Y,,_T,,Y15T64,,_Z,,Q,,1972-Q3,,71.95717,,,,A,,0,,1,
DATAFLOW,OECD.SDD.TPS:DSD_LFS@DF_IALFS_EMP_WAP_Q(1.0),,I,GBR,,EMP_WAP,,PT_WAP_SUB,,_Z,,Y,,_T,,Y15T64,,_Z,,Q,,1972-Q4,,72.21693,,,,A,,0,,1,
DATAFLOW,OECD.SDD.TPS:DSD_LFS@DF_IALFS_EMP_WAP_Q(1.0),,I,GBR,,EMP_WAP,,PT_WAP_SUB,,_Z,,Y,,_T,,Y15T64,,_Z,,Q,,1973-Q1,,72.78564,,,,A,,0,,1,
DATAFLOW,OECD.SDD.TPS:DSD_LFS@DF_IALFS_EMP_WAP_Q(1.0),,I,GBR,,EMP_WAP,,PT_WAP_SUB,,_Z,,Y,,_T,,Y15T64,,_Z,,Q,,1973-Q2,,72.98767,,,,A,,0,,1,
DATAFLOW,OECD.SDD.TPS:DSD_LFS@DF_IALFS_EMP_WAP_Q(1.0),,I,GBR,,EMP_WAP,,PT_WAP_SUB,,_Z,,Y,,_T,,Y15T64,,_Z,,Q,,1973-Q3,,72.93412,,,,A,,0,,1,
DATAFLOW,OECD.SDD.TPS:DSD_LFS@DF_IALFS_EMP_WAP_Q(1.0),,I,GBR,,EMP_WAP,,PT_WAP_SUB,,_Z,,Y,,_T,,Y15T64,,_Z,,Q,,1973-Q4,,72.99617,,,,A,,0,,1,
DATAFLOW,OECD.SDD.TPS:DSD_LFS@DF_IALFS_EMP_WAP_Q(1.0),,I,GBR,,EMP_WAP,,PT_WAP_SUB,,_Z,,Y,,_T,,Y15T64,,_Z,,Q,,1974-Q1,,72.93269,,,,A,,0,,1,
DATAFLOW,OECD.SDD.TPS:DSD_LFS@DF_IALFS_EMP_WAP_Q(1.0),,I,GBR,,EMP_WAP,,PT_WAP_SUB,,_Z,,Y,,_T,,Y15T64,,_Z,,Q,,1974-Q2,,72.95316,,,,A,,0,,1,
DATAFLOW,OECD.SDD.TPS:DSD_LFS@DF_IALFS_EMP_WAP_Q(1.0),,I,GBR,,EMP_WAP,,PT_WAP_SUB,,_Z,,Y,,_T,,Y15T64,,_Z,,Q,,1974-Q3,,73.11333,,,,A,,0,,1,
DATAFLOW,OECD.SDD.TPS:DSD_LFS@DF_IALFS_EMP_WAP_Q(1.0),,I,GBR,,EMP_WAP,,PT_WAP_SUB,,_Z,,Y,,_T,,Y15T64,,_Z,,Q,,1974-Q4,,73.0719,,,,A,,0,,1,
DATAFLOW,OECD.SDD.TPS:DSD_LFS@DF_IALFS_EMP_WAP_Q(1.0),,I,GBR,,EMP_WAP,,PT_WAP_SUB,,_Z,,Y,,_T,,Y15T64,,_Z,,Q,,1975-Q1,,72.86311,,,,A,,0,,1,
DATAFLOW,OECD.SDD.TPS:DSD_LFS@DF_IALFS_EMP_WAP_Q(1.0),,I,GBR,,EMP_WAP,,PT_WAP_SUB,,_Z,,Y,,_T,,Y15T64,,_Z,,Q,,1975-Q2,,72.70626,,,,A,,0,,1,
DATAFLOW,OECD.SDD.TPS:DSD_LFS@DF_IALFS_EMP_WAP_Q(1.0),,I,GBR,,EMP_WAP,,PT_WAP_SUB,,_Z,,Y,,_T,,Y15T64,,_Z,,Q,,1975-Q3,,72.55064,,,,A,,0,,1,
DATAFLOW,OECD.SDD.TPS:DSD_LFS@DF_IALFS_EMP_WAP_Q(1.0),,I,GBR,,EMP_WAP,,PT_WAP_SUB,,_Z,,Y,,_T,,Y15T64,,_Z,,Q,,1975-Q4,,72.33105,,,,A,,0,,1,
DATAFLOW,OECD.SDD.TPS:DSD_LFS@DF_IALFS_EMP_WAP_Q(1.0),,I,GBR,,EMP_WAP,,PT_WAP_SUB,,_Z,,Y,,_T,,Y15T64,,_Z,,Q,,1976-Q1,,72.11481,,,,A,,0,,1,
DATAFLOW,OECD.SDD.TPS:DSD_LFS@DF_IALFS_EMP_WAP_Q(1.0),,I,GBR,,EMP_WAP,,PT_WAP_SUB,,_Z,,Y,,_T,,Y15T64,,_Z,,Q,,1976-Q2,,71.95724,,,,A,,0,,1,
DATAFLOW,OECD.SDD.TPS:DSD_LFS@DF_IALFS_EMP_WAP_Q(1.0),,I,GBR,,EMP_WAP,,PT_WAP_SUB,,_Z,,Y,,_T,,Y15T64,,_Z,,Q,,1976-Q3,,71.8585,,,,A,,0,,1,
DATAFLOW,OECD.SDD.TPS:DSD_LFS@DF_IALFS_EMP_WAP_Q(1.0),,I,GBR,,EMP_WAP,,PT_WAP_SUB,,_Z,,Y,,_T,,Y15T64,,_Z,,Q,,1976-Q4,,71.80197,,,,A,,0,,1,
DATAFLOW,OECD.SDD.TPS:DSD_LFS@DF_IALFS_EMP_WAP_Q(1.0),,I,GBR,,EMP_WAP,,PT_WAP_SUB,,_Z,,Y,,_T,,Y15T64,,_Z,,Q,,1977-Q1,,71.75065,,,,A,,0,,1,
DATAFLOW,OECD.SDD.TPS:DSD_LFS@DF_IALFS_EMP_WAP_Q(1.0),,I,GBR,,EMP_WAP,,PT_WAP_SUB,,_Z,,Y,,_T,,Y15T64,,_Z,,Q,,1977-Q2,,71.64819,,,,A,,0,,1,
DATAFLOW,OECD.SDD.TPS:DSD_LFS@DF_IALFS_EMP_WAP_Q(1.0),,I,GBR,,EMP_WAP,,PT_WAP_SUB,,_Z,,Y,,_T,,Y15T64,,_Z,,Q,,1977-Q3,,71.58671,,,,A,,0,,1,
DATAFLOW,OECD.SDD.TPS:DSD_LFS@DF_IALFS_EMP_WAP_Q(1.0),,I,GBR,,EMP_WAP,,PT_WAP_SUB,,_Z,,Y,,_T,,Y15T64,,_Z,,Q,,1977-Q4,,71.50943,,,,A,,0,,1,
DATAFLOW,OECD.SDD.TPS:DSD_LFS@DF_IALFS_EMP_WAP_Q(1.0),,I,GBR,,EMP_WAP,,PT_WAP_SUB,,_Z,,Y,,_T,,Y15T64,,_Z,,Q,,1978-Q1,,71.52104,,,,A,,0,,1,
DATAFLOW,OECD.SDD.TPS:DSD_LFS@DF_IALFS_EMP_WAP_Q(1.0),,I,GBR,,EMP_WAP,,PT_WAP_SUB,,_Z,,Y,,_T,,Y15T64,,_Z,,Q,,1978-Q2,,71.50504,,,,A,,0,,1,
DATAFLOW,OECD.SDD.TPS:DSD_LFS@DF_IALFS_EMP_WAP_Q(1.0),,I,GBR,,EMP_WAP,,PT_WAP_SUB,,_Z,,Y,,_T,,Y15T64,,_Z,,Q,,1978-Q3,,71.53959,,,,A,,0,,1,
DATAFLOW,OECD.SDD.TPS:DSD_LFS@DF_IALFS_EMP_WAP_Q(1.0),,I,GBR,,EMP_WAP,,PT_WAP_SUB,,_Z,,Y,,_T,,Y15T64,,_Z,,Q,,1978-Q4,,71.71484,,,,A,,0,,1,
DATAFLOW,OECD.SDD.TPS:DSD_LFS@DF_IALFS_EMP_WAP_Q(1.0),,I,GBR,,EMP_WAP,,PT_WAP_SUB,,_Z,,Y,,_T,,Y15T64,,_Z,,Q,,1979-Q1,,71.74976,,,,A,,0,,1,
DATAFLOW,OECD.SDD.TPS:DSD_LFS@DF_IALFS_EMP_WAP_Q(1.0),,I,GBR,,EMP_WAP,,PT_WAP_SUB,,_Z,,Y,,_T,,Y15T64,,_Z,,Q,,1979-Q2,,71.74886,,,,A,,0,,1,
DATAFLOW,OECD.SDD.TPS:DSD_LFS@DF_IALFS_EMP_WAP_Q(1.0),,I,GBR,,EMP_WAP,,PT_WAP_SUB,,_Z,,Y,,_T,,Y15T64,,_Z,,Q,,1979-Q3,,71.759,,,,A,,0,,1,
DATAFLOW,OECD.SDD.TPS:DSD_LFS@DF_IALFS_EMP_WAP_Q(1.0),,I,GBR,,EMP_WAP,,PT_WAP_SUB,,_Z,,Y,,_T,,Y15T64,,_Z,,Q,,1979-Q4,,71.72861,,,,A,,0,,1,
DATAFLOW,OECD.SDD.TPS:DSD_LFS@DF_IALFS_EMP_WAP_Q(1.0),,I,GBR,,EMP_WAP,,PT_WAP_SUB,,_Z,,Y,,_T,,Y15T64,,_Z,,Q,,1980-Q1,,71.5174,,,,A,,0,,1,
DATAFLOW,OECD.SDD.TPS:DSD_LFS@DF_IALFS_EMP_WAP_Q(1.0),,I,GBR,,EMP_WAP,,PT_WAP_SUB,,_Z,,Y,,_T,,Y15T64,,_Z,,Q,,1980-Q2,,71.18732,,,,A,,0,,1,
DATAFLOW,OECD.SDD.TPS:DSD_LFS@DF_IALFS_EMP_WAP_Q(1.0),,I,GBR,,EMP_WAP,,PT_WAP_SUB,,_Z,,Y,,_T,,Y15T64,,_Z,,Q,,1980-Q3,,70.65096,,,,A,,0,,1,
DATAFLOW,OECD.SDD.TPS:DSD_LFS@DF_IALFS_EMP_WAP_Q(1.0),,I,GBR,,EMP_WAP,,PT_WAP_SUB,,_Z,,Y,,_T,,Y15T64,,_Z,,Q,,1980-Q4,,69.93989,,,,A,,0,,1,
DATAFLOW,OECD.SDD.TPS:DSD_LFS@DF_IALFS_EMP_WAP_Q(1.0),,I,GBR,,EMP_WAP,,PT_WAP_SUB,,_Z,,Y,,_T,,Y15T64,,_Z,,Q,,1981-Q1,,69.29371,,,,A,,0,,1,
DATAFLOW,OECD.SDD.TPS:DSD_LFS@DF_IALFS_EMP_WAP_Q(1.0),,I,GBR,,EMP_WAP,,PT_WAP_SUB,,_Z,,Y,,_T,,Y15T64,,_Z,,Q,,1981-Q2,,68.69752,,,,A,,0,,1,
DATAFLOW,OECD.SDD.TPS:DSD_LFS@DF_IALFS_EMP_WAP_Q(1.0),,I,GBR,,EMP_WAP,,PT_WAP_SUB,,_Z,,Y,,_T,,Y15T64,,_Z,,Q,,1981-Q3,,68.20965,,,,A,,0,,1,
DATAFLOW,OECD.SDD.TPS:DSD_LFS@DF_IALFS_EMP_WAP_Q(1.0),,I,GBR,,EMP_WAP,,PT_WAP_SUB,,_Z,,Y,,_T,,Y15T64,,_Z,,Q,,1981-Q4,,67.74562,,,,A,,0,,1,
DATAFLOW,OECD.SDD.TPS:DSD_LFS@DF_IALFS_EMP_WAP_Q(1.0),,I,GBR,,EMP_WAP,,PT_WAP_SUB,,_Z,,Y,,_T,,Y15T64,,_Z,,Q,,1982-Q1,,67.39509,,,,A,,0,,1,
DATAFLOW,OECD.SDD.TPS:DSD_LFS@DF_IALFS_EMP_WAP_Q(1.0),,I,GBR,,EMP_WAP,,PT_WAP_SUB,,_Z,,Y,,_T,,Y15T64,,_Z,,Q,,1982-Q2,,67.07973,,,,A,,0,,1,
DATAFLOW,OECD.SDD.TPS:DSD_LFS@DF_IALFS_EMP_WAP_Q(1.0),,I,GBR,,EMP_WAP,,PT_WAP_SUB,,_Z,,Y,,_T,,Y15T64,,_Z,,Q,,1982-Q3,,66.63444,,,,A,,0,,1,
DATAFLOW,OECD.SDD.TPS:DSD_LFS@DF_IALFS_EMP_WAP_Q(1.0),,I,GBR,,EMP_WAP,,PT_WAP_SUB,,_Z,,Y,,_T,,Y15T64,,_Z,,Q,,1982-Q4,,66.10102,,,,A,,0,,1,
DATAFLOW,OECD.SDD.TPS:DSD_LFS@DF_IALFS_EMP_WAP_Q(1.0),,I,GBR,,EMP_WAP,,PT_WAP_SUB,,_Z,,Y,,_T,,Y15T64,,_Z,,Q,,1983-Q1,,65.70304,,,,A,,0,,1,
DATAFLOW,OECD.SDD.TPS:DSD_LFS@DF_IALFS_EMP_WAP_Q(1.0),,I,GBR,,EMP_WAP,,PT_WAP_SUB,,_Z,,Y,,_T,,Y15T64,,_Z,,Q,,1983-Q2,,65.57618,,,,A,,0,,1,
DATAFLOW,OECD.SDD.TPS:DSD_LFS@DF_IALFS_EMP_WAP_Q(1.0),,I,GBR,,EMP_WAP,,PT_WAP_SUB,,_Z,,Y,,_T,,Y15T64,,_Z,,Q,,1983-Q3,,65.89615,,,,A,,0,,1,
DATAFLOW,OECD.SDD.TPS:DSD_LFS@DF_IALFS_EMP_WAP_Q(1.0),,I,GBR,,EMP_WAP,,PT_WAP_SUB,,_Z,,Y,,_T,,Y15T64,,_Z,,Q,,1983-Q4,,66.2635,,,,A,,0,,1,
DATAFLOW,OECD.SDD.TPS:DSD_LFS@DF_IALFS_EMP_WAP_Q(1.0),,I,GBR,,EMP_WAP,,PT_WAP_SUB,,_Z,,Y,,_T,,Y15T64,,_Z,,Q,,1984-Q1,,66.49734,,,,A,,0,,1,
DATAFLOW,OECD.SDD.TPS:DSD_LFS@DF_IALFS_EMP_WAP_Q(1.0),,I,GBR,,EMP_WAP,,PT_WAP_SUB,,_Z,,Y,,_T,,Y15T64,,_Z,,Q,,1984-Q2,,66.6956,,,,A,,0,,1,
DATAFLOW,OECD.SDD.TPS:DSD_LFS@DF_IALFS_EMP_WAP_Q(1.0),,I,GBR,,EMP_WAP,,PT_WAP_SUB,,_Z,,Y,,_T,,Y15T64,,_Z,,Q,,1984-Q3,,66.84191,,,,A,,0,,1,
DATAFLOW,OECD.SDD.TPS:DSD_LFS@DF_IALFS_EMP_WAP_Q(1.0),,I,GBR,,EMP_WAP,,PT_WAP_SUB,,_Z,,Y,,_T,,Y15T64,,_Z,,Q,,1984-Q4,,67.08677,,,,A,,0,,1,
DATAFLOW,OECD.SDD.TPS:DSD_LFS@DF_IALFS_EMP_WAP_Q(1.0),,I,GBR,,EMP_WAP,,PT_WAP_SUB,,_Z,,Y,,_T,,Y15T64,,_Z,,Q,,1985-Q1,,67.25211,,,,A,,0,,1,
DATAFLOW,OECD.SDD.TPS:DSD_LFS@DF_IALFS_EMP_WAP_Q(1.0),,I,GBR,,EMP_WAP,,PT_WAP_SUB,,_Z,,Y,,_T,,Y15T64,,_Z,,Q,,1985-Q2,,67.37632,,,,A,,0,,1,
DATAFLOW,OECD.SDD.TPS:DSD_LFS@DF_IALFS_EMP_WAP_Q(1.0),,I,GBR,,EMP_WAP,,PT_WAP_SUB,,_Z,,Y,,_T,,Y15T64,,_Z,,Q,,1985-Q3,,67.47519,,,,A,,0,,1,
DATAFLOW,OECD.SDD.TPS:DSD_LFS@DF_IALFS_EMP_WAP_Q(1.0),,I,GBR,,EMP_WAP,,PT_WAP_SUB,,_Z,,Y,,_T,,Y15T64,,_Z,,Q,,1985-Q4,,67.54151,,,,A,,0,,1,
DATAFLOW,OECD.SDD.TPS:DSD_LFS@DF_IALFS_EMP_WAP_Q(1.0),,I,GBR,,EMP_WAP,,PT_WAP_SUB,,_Z,,Y,,_T,,Y15T64,,_Z,,Q,,1986-Q1,,67.55395,,,,A,,0,,1,
DATAFLOW,OECD.SDD.TPS:DSD_LFS@DF_IALFS_EMP_WAP_Q(1.0),,I,GBR,,EMP_WAP,,PT_WAP_SUB,,_Z,,Y,,_T,,Y15T64,,_Z,,Q,,1986-Q2,,67.58952,,,,A,,0,,1,
DATAFLOW,OECD.SDD.TPS:DSD_LFS@DF_IALFS_EMP_WAP_Q(1.0),,I,GBR,,EMP_WAP,,PT_WAP_SUB,,_Z,,Y,,_T,,Y15T64,,_Z,,Q,,1986-Q3,,67.75566,,,,A,,0,,1,
DATAFLOW,OECD.SDD.TPS:DSD_LFS@DF_IALFS_EMP_WAP_Q(1.0),,I,GBR,,EMP_WAP,,PT_WAP_SUB,,_Z,,Y,,_T,,Y15T64,,_Z,,Q,,1986-Q4,,67.91588,,,,A,,0,,1,
DATAFLOW,OECD.SDD.TPS:DSD_LFS@DF_IALFS_EMP_WAP_Q(1.0),,I,GBR,,EMP_WAP,,PT_WAP_SUB,,_Z,,Y,,_T,,Y15T64,,_Z,,Q,,1987-Q1,,68.05085,,,,A,,0,,1,
DATAFLOW,OECD.SDD.TPS:DSD_LFS@DF_IALFS_EMP_WAP_Q(1.0),,I,GBR,,EMP_WAP,,PT_WAP_SUB,,_Z,,Y,,_T,,Y15T64,,_Z,,Q,,1987-Q2,,68.49068,,,,A,,0,,1,
DATAFLOW,OECD.SDD.TPS:DSD_LFS@DF_IALFS_EMP_WAP_Q(1.0),,I,GBR,,EMP_WAP,,PT_WAP_SUB,,_Z,,Y,,_T,,Y15T64,,_Z,,Q,,1987-Q3,,69.10351,,,,A,,0,,1,
DATAFLOW,OECD.SDD.TPS:DSD_LFS@DF_IALFS_EMP_WAP_Q(1.0),,I,GBR,,EMP_WAP,,PT_WAP_SUB,,_Z,,Y,,_T,,Y15T64,,_Z,,Q,,1987-Q4,,69.6754,,,,A,,0,,1,
DATAFLOW,OECD.SDD.TPS:DSD_LFS@DF_IALFS_EMP_WAP_Q(1.0),,I,GBR,,EMP_WAP,,PT_WAP_SUB,,_Z,,Y,,_T,,Y15T64,,_Z,,Q,,1988-Q1,,70.21507,,,,A,,0,,1,
DATAFLOW,OECD.SDD.TPS:DSD_LFS@DF_IALFS_EMP_WAP_Q(1.0),,I,GBR,,EMP_WAP,,PT_WAP_SUB,,_Z,,Y,,_T,,Y15T64,,_Z,,Q,,1988-Q2,,70.65283,,,,A,,0,,1,
DATAFLOW,OECD.SDD.TPS:DSD_LFS@DF_IALFS_EMP_WAP_Q(1.0),,I,GBR,,EMP_WAP,,PT_WAP_SUB,,_Z,,Y,,_T,,Y15T64,,_Z,,Q,,1988-Q3,,71.10632,,,,A,,0,,1,
DATAFLOW,OECD.SDD.TPS:DSD_LFS@DF_IALFS_EMP_WAP_Q(1.0),,I,GBR,,EMP_WAP,,PT_WAP_SUB,,_Z,,Y,,_T,,Y15T64,,_Z,,Q,,1988-Q4,,71.54974,,,,A,,0,,1,
DATAFLOW,OECD.SDD.TPS:DSD_LFS@DF_IALFS_EMP_WAP_Q(1.0),,I,GBR,,EMP_WAP,,PT_WAP_SUB,,_Z,,Y,,_T,,Y15T64,,_Z,,Q,,1989-Q1,,72.11376,,,,A,,0,,1,
DATAFLOW,OECD.SDD.TPS:DSD_LFS@DF_IALFS_EMP_WAP_Q(1.0),,I,GBR,,EMP_WAP,,PT_WAP_SUB,,_Z,,Y,,_T,,Y15T64,,_Z,,Q,,1989-Q2,,72.43425,,,,A,,0,,1,
DATAFLOW,OECD.SDD.TPS:DSD_LFS@DF_IALFS_EMP_WAP_Q(1.0),,I,GBR,,EMP_WAP,,PT_WAP_SUB,,_Z,,Y,,_T,,Y15T64,,_Z,,Q,,1989-Q3,,72.56054,,,,A,,0,,1,
DATAFLOW,OECD.SDD.TPS:DSD_LFS@DF_IALFS_EMP_WAP_Q(1.0),,I,GBR,,EMP_WAP,,PT_WAP_SUB,,_Z,,Y,,_T,,Y15T64,,_Z,,Q,,1989-Q4,,72.74982,,,,A,,0,,1,
DATAFLOW,OECD.SDD.TPS:DSD_LFS@DF_IALFS_EMP_WAP_Q(1.0),,I,GBR,,EMP_WAP,,PT_WAP_SUB,,_Z,,Y,,_T,,Y15T64,,_Z,,Q,,1990-Q1,,72.77361,,,,A,,0,,1,
DATAFLOW,OECD.SDD.TPS:DSD_LFS@DF_IALFS_EMP_WAP_Q(1.0),,I,GBR,,EMP_WAP,,PT_WAP_SUB,,_Z,,Y,,_T,,Y15T64,,_Z,,Q,,1990-Q2,,72.8427,,,,A,,0,,1,
DATAFLOW,OECD.SDD.TPS:DSD_LFS@DF_IALFS_EMP_WAP_Q(1.0),,I,GBR,,EMP_WAP,,PT_WAP_SUB,,_Z,,Y,,_T,,Y15T64,,_Z,,Q,,1990-Q3,,72.69699,,,,A,,0,,1,
DATAFLOW,OECD.SDD.TPS:DSD_LFS@DF_IALFS_EMP_WAP_Q(1.0),,I,GBR,,EMP_WAP,,PT_WAP_SUB,,_Z,,Y,,_T,,Y15T64,,_Z,,Q,,1990-Q4,,72.28415,,,,A,,0,,1,
DATAFLOW,OECD.SDD.TPS:DSD_LFS@DF_IALFS_EMP_WAP_Q(1.0),,I,GBR,,EMP_WAP,,PT_WAP_SUB,,_Z,,Y,,_T,,Y15T64,,_Z,,Q,,1991-Q1,,71.68877,,,,A,,0,,1,
DATAFLOW,OECD.SDD.TPS:DSD_LFS@DF_IALFS_EMP_WAP_Q(1.0),,I,GBR,,EMP_WAP,,PT_WAP_SUB,,_Z,,Y,,_T,,Y15T64,,_Z,,Q,,1991-Q2,,70.97315,,,,A,,0,,1,
DATAFLOW,OECD.SDD.TPS:DSD_LFS@DF_IALFS_EMP_WAP_Q(1.0),,I,GBR,,EMP_WAP,,PT_WAP_SUB,,_Z,,Y,,_T,,Y15T64,,_Z,,Q,,1991-Q3,,70.33197,,,,A,,0,,1,
DATAFLOW,OECD.SDD.TPS:DSD_LFS@DF_IALFS_EMP_WAP_Q(1.0),,I,GBR,,EMP_WAP,,PT_WAP_SUB,,_Z,,Y,,_T,,Y15T64,,_Z,,Q,,1991-Q4,,69.77256,,,,A,,0,,1,
DATAFLOW,OECD.SDD.TPS:DSD_LFS@DF_IALFS_EMP_WAP_Q(1.0),,I,GBR,,EMP_WAP,,PT_WAP_SUB,,_Z,,Y,,_T,,Y15T64,,_Z,,Q,,1992-Q1,,69.4203,,,,A,,0,,1,
DATAFLOW,OECD.SDD.TPS:DSD_LFS@DF_IALFS_EMP_WAP_Q(1.0),,I,GBR,,EMP_WAP,,PT_WAP_SUB,,_Z,,Y,,_T,,Y15T64,,_Z,,Q,,1992-Q2,,69.09536,,,,A,,0,,1,
DATAFLOW,OECD.SDD.TPS:DSD_LFS@DF_IALFS_EMP_WAP_Q(1.0),,I,GBR,,EMP_WAP,,PT_WAP_SUB,,_Z,,Y,,_T,,Y15T64,,_Z,,Q,,1992-Q3,,68.90282,,,,A,,0,,1,
DATAFLOW,OECD.SDD.TPS:DSD_LFS@DF_IALFS_EMP_WAP_Q(1.0),,I,GBR,,EMP_WAP,,PT_WAP_SUB,,_Z,,Y,,_T,,Y15T64,,_Z,,Q,,1992-Q4,,68.50792,,,,A,,0,,1,
DATAFLOW,OECD.SDD.TPS:DSD_LFS@DF_IALFS_EMP_WAP_Q(1.0),,I,GBR,,EMP_WAP,,PT_WAP_SUB,,_Z,,Y,,_T,,Y15T64,,_Z,,Q,,1993-Q1,,68.35488,,,,A,,0,,1,
DATAFLOW,OECD.SDD.TPS:DSD_LFS@DF_IALFS_EMP_WAP_Q(1.0),,I,GBR,,EMP_WAP,,PT_WAP_SUB,,_Z,,Y,,_T,,Y15T64,,_Z,,Q,,1993-Q2,,68.42742,,,,A,,0,,1,
DATAFLOW,OECD.SDD.TPS:DSD_LFS@DF_IALFS_EMP_WAP_Q(1.0),,I,GBR,,EMP_WAP,,PT_WAP_SUB,,_Z,,Y,,_T,,Y15T64,,_Z,,Q,,1993-Q3,,68.47578,,,,A,,0,,1,
DATAFLOW,OECD.SDD.TPS:DSD_LFS@DF_IALFS_EMP_WAP_Q(1.0),,I,GBR,,EMP_WAP,,PT_WAP_SUB,,_Z,,Y,,_T,,Y15T64,,_Z,,Q,,1993-Q4,,68.48012,,,,A,,0,,1,
DATAFLOW,OECD.SDD.TPS:DSD_LFS@DF_IALFS_EMP_WAP_Q(1.0),,I,GBR,,EMP_WAP,,PT_WAP_SUB,,_Z,,Y,,_T,,Y15T64,,_Z,,Q,,1994-Q1,,68.73351,,,,A,,0,,1,
DATAFLOW,OECD.SDD.TPS:DSD_LFS@DF_IALFS_EMP_WAP_Q(1.0),,I,GBR,,EMP_WAP,,PT_WAP_SUB,,_Z,,Y,,_T,,Y15T64,,_Z,,Q,,1994-Q2,,68.8055,,,,A,,0,,1,
DATAFLOW,OECD.SDD.TPS:DSD_LFS@DF_IALFS_EMP_WAP_Q(1.0),,I,GBR,,EMP_WAP,,PT_WAP_SUB,,_Z,,Y,,_T,,Y15T64,,_Z,,Q,,1994-Q3,,69.04624,,,,A,,0,,1,
DATAFLOW,OECD.SDD.TPS:DSD_LFS@DF_IALFS_EMP_WAP_Q(1.0),,I,GBR,,EMP_WAP,,PT_WAP_SUB,,_Z,,Y,,_T,,Y15T64,,_Z,,Q,,1994-Q4,,69.0603,,,,A,,0,,1,
DATAFLOW,OECD.SDD.TPS:DSD_LFS@DF_IALFS_EMP_WAP_Q(1.0),,I,GBR,,EMP_WAP,,PT_WAP_SUB,,_Z,,Y,,_T,,Y15T64,,_Z,,Q,,1995-Q1,,69.2086,,,,A,,0,,1,
DATAFLOW,OECD.SDD.TPS:DSD_LFS@DF_IALFS_EMP_WAP_Q(1.0),,I,GBR,,EMP_WAP,,PT_WAP_SUB,,_Z,,Y,,_T,,Y15T64,,_Z,,Q,,1995-Q2,,69.42632,,,,A,,0,,1,
DATAFLOW,OECD.SDD.TPS:DSD_LFS@DF_IALFS_EMP_WAP_Q(1.0),,I,GBR,,EMP_WAP,,PT_WAP_SUB,,_Z,,Y,,_T,,Y15T64,,_Z,,Q,,1995-Q3,,69.63885,,,,A,,0,,1,
DATAFLOW,OECD.SDD.TPS:DSD_LFS@DF_IALFS_EMP_WAP_Q(1.0),,I,GBR,,EMP_WAP,,PT_WAP_SUB,,_Z,,Y,,_T,,Y15T64,,_Z,,Q,,1995-Q4,,69.94743,,,,A,,0,,1,
DATAFLOW,OECD.SDD.TPS:DSD_LFS@DF_IALFS_EMP_WAP_Q(1.0),,I,GBR,,EMP_WAP,,PT_WAP_SUB,,_Z,,Y,,_T,,Y15T64,,_Z,,Q,,1996-Q1,,69.90453,,,,A,,0,,1,
DATAFLOW,OECD.SDD.TPS:DSD_LFS@DF_IALFS_EMP_WAP_Q(1.0),,I,GBR,,EMP_WAP,,PT_WAP_SUB,,_Z,,Y,,_T,,Y15T64,,_Z,,Q,,1996-Q2,,69.93823,,,,A,,0,,1,
DATAFLOW,OECD.SDD.TPS:DSD_LFS@DF_IALFS_EMP_WAP_Q(1.0),,I,GBR,,EMP_WAP,,PT_WAP_SUB,,_Z,,Y,,_T,,Y15T64,,_Z,,Q,,1996-Q3,,70.01639,,,,A,,0,,1,
DATAFLOW,OECD.SDD.TPS:DSD_LFS@DF_IALFS_EMP_WAP_Q(1.0),,I,GBR,,EMP_WAP,,PT_WAP_SUB,,_Z,,Y,,_T,,Y15T64,,_Z,,Q,,1996-Q4,,70.33995,,,,A,,0,,1,
DATAFLOW,OECD.SDD.TPS:DSD_LFS@DF_IALFS_EMP_WAP_Q(1.0),,I,GBR,,EMP_WAP,,PT_WAP_SUB,,_Z,,Y,,_T,,Y15T64,,_Z,,Q,,1997-Q1,,70.76462,,,,A,,0,,1,
DATAFLOW,OECD.SDD.TPS:DSD_LFS@DF_IALFS_EMP_WAP_Q(1.0),,I,GBR,,EMP_WAP,,PT_WAP_SUB,,_Z,,Y,,_T,,Y15T64,,_Z,,Q,,1997-Q2,,71.02432,,,,A,,0,,1,
DATAFLOW,OECD.SDD.TPS:DSD_LFS@DF_IALFS_EMP_WAP_Q(1.0),,I,GBR,,EMP_WAP,,PT_WAP_SUB,,_Z,,Y,,_T,,Y15T64,,_Z,,Q,,1997-Q3,,71.07834,,,,A,,0,,1,
DATAFLOW,OECD.SDD.TPS:DSD_LFS@DF_IALFS_EMP_WAP_Q(1.0),,I,GBR,,EMP_WAP,,PT_WAP_SUB,,_Z,,Y,,_T,,Y15T64,,_Z,,Q,,1997-Q4,,71.19907,,,,A,,0,,1,
DATAFLOW,OECD.SDD.TPS:DSD_LFS@DF_IALFS_EMP_WAP_Q(1.0),,I,GBR,,EMP_WAP,,PT_WAP_SUB,,_Z,,Y,,_T,,Y15T64,,_Z,,Q,,1998-Q1,,71.27648,,,,A,,0,,1,
DATAFLOW,OECD.SDD.TPS:DSD_LFS@DF_IALFS_EMP_WAP_Q(1.0),,I,GBR,,EMP_WAP,,PT_WAP_SUB,,_Z,,Y,,_T,,Y15T64,,_Z,,Q,,1998-Q2,,71.2774,,,,A,,0,,1,
DATAFLOW,OECD.SDD.TPS:DSD_LFS@DF_IALFS_EMP_WAP_Q(1.0),,I,GBR,,EMP_WAP,,PT_WAP_SUB,,_Z,,Y,,_T,,Y15T64,,_Z,,Q,,1998-Q3,,71.56174,,,,A,,0,,1,
DATAFLOW,OECD.SDD.TPS:DSD_LFS@DF_IALFS_EMP_WAP_Q(1.0),,I,GBR,,EMP_WAP,,PT_WAP_SUB,,_Z,,Y,,_T,,Y15T64,,_Z,,Q,,1998-Q4,,71.78155,,,,A,,0,,1,
DATAFLOW,OECD.SDD.TPS:DSD_LFS@DF_IALFS_EMP_WAP_Q(1.0),,I,GBR,,EMP_WAP,,PT_WAP_SUB,,_Z,,Y,,_T,,Y15T64,,_Z,,Q,,1999-Q1,,71.85828,,,,A,,0,,1,
DATAFLOW,OECD.SDD.TPS:DSD_LFS@DF_IALFS_EMP_WAP_Q(1.0),,I,GBR,,EMP_WAP,,PT_WAP_SUB,,_Z,,Y,,_T,,Y15T64,,_Z,,Q,,1999-Q2,,71.88622,,,,A,,0,,1,
DATAFLOW,OECD.SDD.TPS:DSD_LFS@DF_IALFS_EMP_WAP_Q(1.0),,I,GBR,,EMP_WAP,,PT_WAP_SUB,,_Z,,Y,,_T,,Y15T64,,_Z,,Q,,1999-Q3,,72.11771,,,,A,,0,,1,
DATAFLOW,OECD.SDD.TPS:DSD_LFS@DF_IALFS_EMP_WAP_Q(1.0),,I,GBR,,EMP_WAP,,PT_WAP_SUB,,_Z,,Y,,_T,,Y15T64,,_Z,,Q,,1999-Q4,,72.2747,,,,A,,0,,1,
DATAFLOW,OECD.SDD.TPS:DSD_LFS@DF_IALFS_EMP_WAP_Q(1.0),,I,GBR,,EMP_WAP,,PT_WAP_SUB,,_Z,,Y,,_T,,Y15T64,,_Z,,Q,,2000-Q1,,72.26537,,,,A,,0,,1,
DATAFLOW,OECD.SDD.TPS:DSD_LFS@DF_IALFS_EMP_WAP_Q(1.0),,I,GBR,,EMP_WAP,,PT_WAP_SUB,,_Z,,Y,,_T,,Y15T64,,_Z,,Q,,2000-Q2,,72.47532,,,,A,,0,,1,
DATAFLOW,OECD.SDD.TPS:DSD_LFS@DF_IALFS_EMP_WAP_Q(1.0),,I,GBR,,EMP_WAP,,PT_WAP_SUB,,_Z,,Y,,_T,,Y15T64,,_Z,,Q,,2000-Q3,,72.62865,,,,A,,0,,1,
DATAFLOW,OECD.SDD.TPS:DSD_LFS@DF_IALFS_EMP_WAP_Q(1.0),,I,GBR,,EMP_WAP,,PT_WAP_SUB,,_Z,,Y,,_T,,Y15T64,,_Z,,Q,,2000-Q4,,72.49927,,,,A,,0,,1,
DATAFLOW,OECD.SDD.TPS:DSD_LFS@DF_IALFS_EMP_WAP_Q(1.0),,I,GBR,,EMP_WAP,,PT_WAP_SUB,,_Z,,Y,,_T,,Y15T64,,_Z,,Q,,2001-Q1,,72.64088,,,,A,,0,,1,
DATAFLOW,OECD.SDD.TPS:DSD_LFS@DF_IALFS_EMP_WAP_Q(1.0),,I,GBR,,EMP_WAP,,PT_WAP_SUB,,_Z,,Y,,_T,,Y15T64,,_Z,,Q,,2001-Q2,,72.67834,,,,A,,0,,1,
DATAFLOW,OECD.SDD.TPS:DSD_LFS@DF_IALFS_EMP_WAP_Q(1.0),,I,GBR,,EMP_WAP,,PT_WAP_SUB,,_Z,,Y,,_T,,Y15T64,,_Z,,Q,,2001-Q3,,72.5294,,,,A,,0,,1,
DATAFLOW,OECD.SDD.TPS:DSD_LFS@DF_IALFS_EMP_WAP_Q(1.0),,I,GBR,,EMP_WAP,,PT_WAP_SUB,,_Z,,Y,,_T,,Y15T64,,_Z,,Q,,2001-Q4,,72.58215,,,,A,,0,,1,
DATAFLOW,OECD.SDD.TPS:DSD_LFS@DF_IALFS_EMP_WAP_Q(1.0),,I,GBR,,EMP_WAP,,PT_WAP_SUB,,_Z,,Y,,_T,,Y15T64,,_Z,,Q,,2002-Q1,,72.45824,,,,A,,0,,1,
DATAFLOW,OECD.SDD.TPS:DSD_LFS@DF_IALFS_EMP_WAP_Q(1.0),,I,GBR,,EMP_WAP,,PT_WAP_SUB,,_Z,,Y,,_T,,Y15T64,,_Z,,Q,,2002-Q2,,72.68372,,,,A,,0,,1,
DATAFLOW,OECD.SDD.TPS:DSD_LFS@DF_IALFS_EMP_WAP_Q(1.0),,I,GBR,,EMP_WAP,,PT_WAP_SUB,,_Z,,Y,,_T,,Y15T64,,_Z,,Q,,2002-Q3,,72.57182,,,,A,,0,,1,
DATAFLOW,OECD.SDD.TPS:DSD_LFS@DF_IALFS_EMP_WAP_Q(1.0),,I,GBR,,EMP_WAP,,PT_WAP_SUB,,_Z,,Y,,_T,,Y15T64,,_Z,,Q,,2002-Q4,,72.87263,,,,A,,0,,1,
DATAFLOW,OECD.SDD.TPS:DSD_LFS@DF_IALFS_EMP_WAP_Q(1.0),,I,GBR,,EMP_WAP,,PT_WAP_SUB,,_Z,,Y,,_T,,Y15T64,,_Z,,Q,,2003-Q1,,72.68249,,,,A,,0,,1,
DATAFLOW,OECD.SDD.TPS:DSD_LFS@DF_IALFS_EMP_WAP_Q(1.0),,I,GBR,,EMP_WAP,,PT_WAP_SUB,,_Z,,Y,,_T,,Y15T64,,_Z,,Q,,2003-Q2,,72.88149,,,,A,,0,,1,
DATAFLOW,OECD.SDD.TPS:DSD_LFS@DF_IALFS_EMP_WAP_Q(1.0),,I,GBR,,EMP_WAP,,PT_WAP_SUB,,_Z,,Y,,_T,,Y15T64,,_Z,,Q,,2003-Q3,,72.78049,,,,A,,0,,1,
DATAFLOW,OECD.SDD.TPS:DSD_LFS@DF_IALFS_EMP_WAP_Q(1.0),,I,GBR,,EMP_WAP,,PT_WAP_SUB,,_Z,,Y,,_T,,Y15T64,,_Z,,Q,,2003-Q4,,72.76896,,,,A,,0,,1,
DATAFLOW,OECD.SDD.TPS:DSD_LFS@DF_IALFS_EMP_WAP_Q(1.0),,I,GBR,,EMP_WAP,,PT_WAP_SUB,,_Z,,Y,,_T,,Y15T64,,_Z,,Q,,2004-Q1,,73.03226,,,,A,,0,,1,
DATAFLOW,OECD.SDD.TPS:DSD_LFS@DF_IALFS_EMP_WAP_Q(1.0),,I,GBR,,EMP_WAP,,PT_WAP_SUB,,_Z,,Y,,_T,,Y15T64,,_Z,,Q,,2004-Q2,,72.87817,,,,A,,0,,1,
DATAFLOW,OECD.SDD.TPS:DSD_LFS@DF_IALFS_EMP_WAP_Q(1.0),,I,GBR,,EMP_WAP,,PT_WAP_SUB,,_Z,,Y,,_T,,Y15T64,,_Z,,Q,,2004-Q3,,72.86763,,,,A,,0,,1,
DATAFLOW,OECD.SDD.TPS:DSD_LFS@DF_IALFS_EMP_WAP_Q(1.0),,I,GBR,,EMP_WAP,,PT_WAP_SUB,,_Z,,Y,,_T,,Y15T64,,_Z,,Q,,2004-Q4,,73.04147,,,,A,,0,,1,
DATAFLOW,OECD.SDD.TPS:DSD_LFS@DF_IALFS_EMP_WAP_Q(1.0),,I,GBR,,EMP_WAP,,PT_WAP_SUB,,_Z,,Y,,_T,,Y15T64,,_Z,,Q,,2005-Q1,,73.07851,,,,A,,0,,1,
DATAFLOW,OECD.SDD.TPS:DSD_LFS@DF_IALFS_EMP_WAP_Q(1.0),,I,GBR,,EMP_WAP,,PT_WAP_SUB,,_Z,,Y,,_T,,Y15T64,,_Z,,Q,,2005-Q2,,72.89326,,,,A,,0,,1,
DATAFLOW,OECD.SDD.TPS:DSD_LFS@DF_IALFS_EMP_WAP_Q(1.0),,I,GBR,,EMP_WAP,,PT_WAP_SUB,,_Z,,Y,,_T,,Y15T64,,_Z,,Q,,2005-Q3,,73.04482,,,,A,,0,,1,
DATAFLOW,OECD.SDD.TPS:DSD_LFS@DF_IALFS_EMP_WAP_Q(1.0),,I,GBR,,EMP_WAP,,PT_WAP_SUB,,_Z,,Y,,_T,,Y15T64,,_Z,,Q,,2005-Q4,,72.67564,,,,A,,0,,1,
DATAFLOW,OECD.SDD.TPS:DSD_LFS@DF_IALFS_EMP_WAP_Q(1.0),,I,GBR,,EMP_WAP,,PT_WAP_SUB,,_Z,,Y,,_T,,Y15T64,,_Z,,Q,,2006-Q1,,72.90321,,,,A,,0,,1,
DATAFLOW,OECD.SDD.TPS:DSD_LFS@DF_IALFS_EMP_WAP_Q(1.0),,I,GBR,,EMP_WAP,,PT_WAP_SUB,,_Z,,Y,,_T,,Y15T64,,_Z,,Q,,2006-Q2,,72.84257,,,,A,,0,,1,
DATAFLOW,OECD.SDD.TPS:DSD_LFS@DF_IALFS_EMP_WAP_Q(1.0),,I,GBR,,EMP_WAP,,PT_WAP_SUB,,_Z,,Y,,_T,,Y15T64,,_Z,,Q,,2006-Q3,,72.81538,,,,A,,0,,1,
DATAFLOW,OECD.SDD.TPS:DSD_LFS@DF_IALFS_EMP_WAP_Q(1.0),,I,GBR,,EMP_WAP,,PT_WAP_SUB,,_Z,,Y,,_T,,Y15T64,,_Z,,Q,,2006-Q4,,72.70507,,,,A,,0,,1,
DATAFLOW,OECD.SDD.TPS:DSD_LFS@DF_IALFS_EMP_WAP_Q(1.0),,I,GBR,,EMP_WAP,,PT_WAP_SUB,,_Z,,Y,,_T,,Y15T64,,_Z,,Q,,2007-Q1,,72.50254,,,,A,,0,,1,
DATAFLOW,OECD.SDD.TPS:DSD_LFS@DF_IALFS_EMP_WAP_Q(1.0),,I,GBR,,EMP_WAP,,PT_WAP_SUB,,_Z,,Y,,_T,,Y15T64,,_Z,,Q,,2007-Q2,,72.64994,,,,A,,0,,1,
DATAFLOW,OECD.SDD.TPS:DSD_LFS@DF_IALFS_EMP_WAP_Q(1.0),,I,GBR,,EMP_WAP,,PT_WAP_SUB,,_Z,,Y,,_T,,Y15T64,,_Z,,Q,,2007-Q3,,72.68157,,,,A,,0,,1,
DATAFLOW,OECD.SDD.TPS:DSD_LFS@DF_IALFS_EMP_WAP_Q(1.0),,I,GBR,,EMP_WAP,,PT_WAP_SUB,,_Z,,Y,,_T,,Y15T64,,_Z,,Q,,2007-Q4,,72.90926,,,,A,,0,,1,
DATAFLOW,OECD.SDD.TPS:DSD_LFS@DF_IALFS_EMP_WAP_Q(1.0),,I,GBR,,EMP_WAP,,PT_WAP_SUB,,_Z,,Y,,_T,,Y15T64,,_Z,,Q,,2008-Q1,,72.97685,,,,A,,0,,1,
DATAFLOW,OECD.SDD.TPS:DSD_LFS@DF_IALFS_EMP_WAP_Q(1.0),,I,GBR,,EMP_WAP,,PT_WAP_SUB,,_Z,,Y,,_T,,Y15T64,,_Z,,Q,,2008-Q2,,72.90055,,,,A,,0,,1,
DATAFLOW,OECD.SDD.TPS:DSD_LFS@DF_IALFS_EMP_WAP_Q(1.0),,I,GBR,,EMP_WAP,,PT_WAP_SUB,,_Z,,Y,,_T,,Y15T64,,_Z,,Q,,2008-Q3,,72.43549,,,,A,,0,,1,
DATAFLOW,OECD.SDD.TPS:DSD_LFS@DF_IALFS_EMP_WAP_Q(1.0),,I,GBR,,EMP_WAP,,PT_WAP_SUB,,_Z,,Y,,_T,,Y15T64,,_Z,,Q,,2008-Q4,,72.17339,,,,A,,0,,1,
DATAFLOW,OECD.SDD.TPS:DSD_LFS@DF_IALFS_EMP_WAP_Q(1.0),,I,GBR,,EMP_WAP,,PT_WAP_SUB,,_Z,,Y,,_T,,Y15T64,,_Z,,Q,,2009-Q1,,71.67367,,,,A,,0,,1,
DATAFLOW,OECD.SDD.TPS:DSD_LFS@DF_IALFS_EMP_WAP_Q(1.0),,I,GBR,,EMP_WAP,,PT_WAP_SUB,,_Z,,Y,,_T,,Y15T64,,_Z,,Q,,2009-Q2,,70.83978,,,,A,,0,,1,
DATAFLOW,OECD.SDD.TPS:DSD_LFS@DF_IALFS_EMP_WAP_Q(1.0),,I,GBR,,EMP_WAP,,PT_WAP_SUB,,_Z,,Y,,_T,,Y15T64,,_Z,,Q,,2009-Q3,,70.61582,,,,A,,0,,1,
DATAFLOW,OECD.SDD.TPS:DSD_LFS@DF_IALFS_EMP_WAP_Q(1.0),,I,GBR,,EMP_WAP,,PT_WAP_SUB,,_Z,,Y,,_T,,Y15T64,,_Z,,Q,,2009-Q4,,70.55235,,,,A,,0,,1,
DATAFLOW,OECD.SDD.TPS:DSD_LFS@DF_IALFS_EMP_WAP_Q(1.0),,I,GBR,,EMP_WAP,,PT_WAP_SUB,,_Z,,Y,,_T,,Y15T64,,_Z,,Q,,2010-Q1,,70.19494,,,,A,,0,,1,
DATAFLOW,OECD.SDD.TPS:DSD_LFS@DF_IALFS_EMP_WAP_Q(1.0),,I,GBR,,EMP_WAP,,PT_WAP_SUB,,_Z,,Y,,_T,,Y15T64,,_Z,,Q,,2010-Q2,,70.42103,,,,A,,0,,1,
DATAFLOW,OECD.SDD.TPS:DSD_LFS@DF_IALFS_EMP_WAP_Q(1.0),,I,GBR,,EMP_WAP,,PT_WAP_SUB,,_Z,,Y,,_T,,Y15T64,,_Z,,Q,,2010-Q3,,70.70692,,,,A,,0,,1,
DATAFLOW,OECD.SDD.TPS:DSD_LFS@DF_IALFS_EMP_WAP_Q(1.0),,I,GBR,,EMP_WAP,,PT_WAP_SUB,,_Z,,Y,,_T,,Y15T64,,_Z,,Q,,2010-Q4,,70.39026,,,,A,,0,,1,
DATAFLOW,OECD.SDD.TPS:DSD_LFS@DF_IALFS_EMP_WAP_Q(1.0),,I,GBR,,EMP_WAP,,PT_WAP_SUB,,_Z,,Y,,_T,,Y15T64,,_Z,,Q,,2011-Q1,,70.54754,,,,A,,0,,1,
DATAFLOW,OECD.SDD.TPS:DSD_LFS@DF_IALFS_EMP_WAP_Q(1.0),,I,GBR,,EMP_WAP,,PT_WAP_SUB,,_Z,,Y,,_T,,Y15T64,,_Z,,Q,,2011-Q2,,70.45168,,,,A,,0,,1,
DATAFLOW,OECD.SDD.TPS:DSD_LFS@DF_IALFS_EMP_WAP_Q(1.0),,I,GBR,,EMP_WAP,,PT_WAP_SUB,,_Z,,Y,,_T,,Y15T64,,_Z,,Q,,2011-Q3,,70.10678,,,,A,,0,,1,
DATAFLOW,OECD.SDD.TPS:DSD_LFS@DF_IALFS_EMP_WAP_Q(1.0),,I,GBR,,EMP_WAP,,PT_WAP_SUB,,_Z,,Y,,_T,,Y15T64,,_Z,,Q,,2011-Q4,,70.22074,,,,A,,0,,1,
DATAFLOW,OECD.SDD.TPS:DSD_LFS@DF_IALFS_EMP_WAP_Q(1.0),,I,GBR,,EMP_WAP,,PT_WAP_SUB,,_Z,,Y,,_T,,Y15T64,,_Z,,Q,,2012-Q1,,70.47215,,,,A,,0,,1,
DATAFLOW,OECD.SDD.TPS:DSD_LFS@DF_IALFS_EMP_WAP_Q(1.0),,I,GBR,,EMP_WAP,,PT_WAP_SUB,,_Z,,Y,,_T,,Y15T64,,_Z,,Q,,2012-Q2,,70.91362,,,,A,,0,,1,
DATAFLOW,OECD.SDD.TPS:DSD_LFS@DF_IALFS_EMP_WAP_Q(1.0),,I,GBR,,EMP_WAP,,PT_WAP_SUB,,_Z,,Y,,_T,,Y15T64,,_Z,,Q,,2012-Q3,,71.13435,,,,A,,0,,1,
DATAFLOW,OECD.SDD.TPS:DSD_LFS@DF_IALFS_EMP_WAP_Q(1.0),,I,GBR,,EMP_WAP,,PT_WAP_SUB,,_Z,,Y,,_T,,Y15T64,,_Z,,Q,,2012-Q4,,71.40392,,,,A,,0,,1,
DATAFLOW,OECD.SDD.TPS:DSD_LFS@DF_IALFS_EMP_WAP_Q(1.0),,I,GBR,,EMP_WAP,,PT_WAP_SUB,,_Z,,Y,,_T,,Y15T64,,_Z,,Q,,2013-Q1,,71.17901,,,,A,,0,,1,
DATAFLOW,OECD.SDD.TPS:DSD_LFS@DF_IALFS_EMP_WAP_Q(1.0),,I,GBR,,EMP_WAP,,PT_WAP_SUB,,_Z,,Y,,_T,,Y15T64,,_Z,,Q,,2013-Q2,,71.32655,,,,A,,0,,1,
DATAFLOW,OECD.SDD.TPS:DSD_LFS@DF_IALFS_EMP_WAP_Q(1.0),,I,GBR,,EMP_WAP,,PT_WAP_SUB,,_Z,,Y,,_T,,Y15T64,,_Z,,Q,,2013-Q3,,71.64546,,,,A,,0,,1,
DATAFLOW,OECD.SDD.TPS:DSD_LFS@DF_IALFS_EMP_WAP_Q(1.0),,I,GBR,,EMP_WAP,,PT_WAP_SUB,,_Z,,Y,,_T,,Y15T64,,_Z,,Q,,2013-Q4,,71.98948,,,,A,,0,,1,
DATAFLOW,OECD.SDD.TPS:DSD_LFS@DF_IALFS_EMP_WAP_Q(1.0),,I,GBR,,EMP_WAP,,PT_WAP_SUB,,_Z,,Y,,_T,,Y15T64,,_Z,,Q,,2014-Q1,,72.44971,,,,A,,0,,1,
DATAFLOW,OECD.SDD.TPS:DSD_LFS@DF_IALFS_EMP_WAP_Q(1.0),,I,GBR,,EMP_WAP,,PT_WAP_SUB,,_Z,,Y,,_T,,Y15T64,,_Z,,Q,,2014-Q2,,72.81763,,,,A,,0,,1,
DATAFLOW,OECD.SDD.TPS:DSD_LFS@DF_IALFS_EMP_WAP_Q(1.0),,I,GBR,,EMP_WAP,,PT_WAP_SUB,,_Z,,Y,,_T,,Y15T64,,_Z,,Q,,2014-Q3,,73.03082,,,,A,,0,,1,
DATAFLOW,OECD.SDD.TPS:DSD_LFS@DF_IALFS_EMP_WAP_Q(1.0),,I,GBR,,EMP_WAP,,PT_WAP_SUB,,_Z,,Y,,_T,,Y15T64,,_Z,,Q,,2014-Q4,,73.18513,,,,A,,0,,1,
DATAFLOW,OECD.SDD.TPS:DSD_LFS@DF_IALFS_EMP_WAP_Q(1.0),,I,GBR,,EMP_WAP,,PT_WAP_SUB,,_Z,,Y,,_T,,Y15T64,,_Z,,Q,,2015-Q1,,73.41843,,,,A,,0,,1,
DATAFLOW,OECD.SDD.TPS:DSD_LFS@DF_IALFS_EMP_WAP_Q(1.0),,I,GBR,,EMP_WAP,,PT_WAP_SUB,,_Z,,Y,,_T,,Y15T64,,_Z,,Q,,2015-Q2,,73.36053,,,,A,,0,,1,
DATAFLOW,OECD.SDD.TPS:DSD_LFS@DF_IALFS_EMP_WAP_Q(1.0),,I,GBR,,EMP_WAP,,PT_WAP_SUB,,_Z,,Y,,_T,,Y15T64,,_Z,,Q,,2015-Q3,,73.74454,,,,A,,0,,1,
DATAFLOW,OECD.SDD.TPS:DSD_LFS@DF_IALFS_EMP_WAP_Q(1.0),,I,GBR,,EMP_WAP,,PT_WAP_SUB,,_Z,,Y,,_T,,Y15T64,,_Z,,Q,,2015-Q4,,74.07327,,,,A,,0,,1,
DATAFLOW,OECD.SDD.TPS:DSD_LFS@DF_IALFS_EMP_WAP_Q(1.0),,I,GBR,,EMP_WAP,,PT_WAP_SUB,,_Z,,Y,,_T,,Y15T64,,_Z,,Q,,2016-Q1,,74.08974,,,,A,,0,,1,
DATAFLOW,OECD.SDD.TPS:DSD_LFS@DF_IALFS_EMP_WAP_Q(1.0),,I,GBR,,EMP_WAP,,PT_WAP_SUB,,_Z,,Y,,_T,,Y15T64,,_Z,,Q,,2016-Q2,,74.36545,,,,A,,0,,1,
DATAFLOW,OECD.SDD.TPS:DSD_LFS@DF_IALFS_EMP_WAP_Q(1.0),,I,GBR,,EMP_WAP,,PT_WAP_SUB,,_Z,,Y,,_T,,Y15T64,,_Z,,Q,,2016-Q3,,74.39095,,,,A,,0,,1,
DATAFLOW,OECD.SDD.TPS:DSD_LFS@DF_IALFS_EMP_WAP_Q(1.0),,I,GBR,,EMP_WAP,,PT_WAP_SUB,,_Z,,Y,,_T,,Y15T64,,_Z,,Q,,2016-Q4,,74.50476,,,,A,,0,,1,
DATAFLOW,OECD.SDD.TPS:DSD_LFS@DF_IALFS_EMP_WAP_Q(1.0),,I,GBR,,EMP_WAP,,PT_WAP_SUB,,_Z,,Y,,_T,,Y15T64,,_Z,,Q,,2017-Q1,,74.70259,,,,A,,0,,1,
DATAFLOW,OECD.SDD.TPS:DSD_LFS@DF_IALFS_EMP_WAP_Q(1.0),,I,GBR,,EMP_WAP,,PT_WAP_SUB,,_Z,,Y,,_T,,Y15T64,,_Z,,Q,,2017-Q2,,75.03208,,,,A,,0,,1,
DATAFLOW,OECD.SDD.TPS:DSD_LFS@DF_IALFS_EMP_WAP_Q(1.0),,I,GBR,,EMP_WAP,,PT_WAP_SUB,,_Z,,Y,,_T,,Y15T64,,_Z,,Q,,2017-Q3,,74.92741,,,,A,,0,,1,
DATAFLOW,OECD.SDD.TPS:DSD_LFS@DF_IALFS_EMP_WAP_Q(1.0),,I,GBR,,EMP_WAP,,PT_WAP_SUB,,_Z,,Y,,_T,,Y15T64,,_Z,,Q,,2017-Q4,,75.07918,,,,A,,0,,1,
DATAFLOW,OECD.SDD.TPS:DSD_LFS@DF_IALFS_EMP_WAP_Q(1.0),,I,GBR,,EMP_WAP,,PT_WAP_SUB,,_Z,,Y,,_T,,Y15T64,,_Z,,Q,,2018-Q1,,75.45055,,,,A,,0,,1,
DATAFLOW,OECD.SDD.TPS:DSD_LFS@DF_IALFS_EMP_WAP_Q(1.0),,I,GBR,,EMP_WAP,,PT_WAP_SUB,,_Z,,Y,,_T,,Y15T64,,_Z,,Q,,2018-Q2,,75.42428,,,,A,,0,,1,
DATAFLOW,OECD.SDD.TPS:DSD_LFS@DF_IALFS_EMP_WAP_Q(1.0),,I,GBR,,EMP_WAP,,PT_WAP_SUB,,_Z,,Y,,_T,,Y15T64,,_Z,,Q,,2018-Q3,,75.41795,,,,A,,0,,1,
DATAFLOW,OECD.SDD.TPS:DSD_LFS@DF_IALFS_EMP_WAP_Q(1.0),,I,GBR,,EMP_WAP,,PT_WAP_SUB,,_Z,,Y,,_T,,Y15T64,,_Z,,Q,,2018-Q4,,75.68453,,,,A,,0,,1,
DATAFLOW,OECD.SDD.TPS:DSD_LFS@DF_IALFS_EMP_WAP_Q(1.0),,I,GBR,,EMP_WAP,,PT_WAP_SUB,,_Z,,Y,,_T,,Y15T64,,_Z,,Q,,2019-Q1,,75.90135,,,,A,,0,,1,
DATAFLOW,OECD.SDD.TPS:DSD_LFS@DF_IALFS_EMP_WAP_Q(1.0),,I,GBR,,EMP_WAP,,PT_WAP_SUB,,_Z,,Y,,_T,,Y15T64,,_Z,,Q,,2019-Q2,,76.09077,,,,A,,0,,1,
DATAFLOW,OECD.SDD.TPS:DSD_LFS@DF_IALFS_EMP_WAP_Q(1.0),,I,GBR,,EMP_WAP,,PT_WAP_SUB,,_Z,,Y,,_T,,Y15T64,,_Z,,Q,,2019-Q3,,76.00607,,,,A,,0,,1,
DATAFLOW,OECD.SDD.TPS:DSD_LFS@DF_IALFS_EMP_WAP_Q(1.0),,I,GBR,,EMP_WAP,,PT_WAP_SUB,,_Z,,Y,,_T,,Y15T64,,_Z,,Q,,2019-Q4,,76.3785,,,,A,,0,,1,
DATAFLOW,OECD.SDD.TPS:DSD_LFS@DF_IALFS_EMP_WAP_Q(1.0),,I,GBR,,EMP_WAP,,PT_WAP_SUB,,_Z,,Y,,_T,,Y15T64,,_Z,,Q,,2020-Q1,,75.92797,,,,A,,0,,1,
DATAFLOW,OECD.SDD.TPS:DSD_LFS@DF_IALFS_EMP_WAP_Q(1.0),,I,GBR,,EMP_WAP,,PT_WAP_SUB,,_Z,,Y,,_T,,Y15T64,,_Z,,Q,,2020-Q2,,75.4224,,,,A,,0,,1,
DATAFLOW,OECD.SDD.TPS:DSD_LFS@DF_IALFS_EMP_WAP_Q(1.0),,I,GBR,,EMP_WAP,,PT_WAP_SUB,,_Z,,Y,,_T,,Y15T64,,_Z,,Q,,2020-Q3,,74.60069,,,,A,,0,,1,
DATAFLOW,OECD.SDD.TPS:DSD_LFS@DF_IALFS_EMP_WAP_Q(1.0),,I,GBR,,EMP_WAP,,PT_WAP_SUB,,_Z,,Y,,_T,,Y15T64,,_Z,,Q,,2020-Q4,,74.32082,,,,A,,0,,1,
DATAFLOW,OECD.SDD.TPS:DSD_LFS@DF_IALFS_EMP_WAP_Q(1.0),,I,GBR,,EMP_WAP,,PT_WAP_SUB,,_Z,,Y,,_T,,Y15T64,,_Z,,Q,,2021-Q1,,74.41732,,,,A,,0,,1,
DATAFLOW,OECD.SDD.TPS:DSD_LFS@DF_IALFS_EMP_WAP_Q(1.0),,I,GBR,,EMP_WAP,,PT_WAP_SUB,,_Z,,Y,,_T,,Y15T64,,_Z,,Q,,2021-Q2,,74.72746,,,,A,,0,,1,
DATAFLOW,OECD.SDD.TPS:DSD_LFS@DF_IALFS_EMP_WAP_Q(1.0),,I,GBR,,EMP_WAP,,PT_WAP_SUB,,_Z,,Y,,_T,,Y15T64,,_Z,,Q,,2021-Q3,,75.04605,,,,A,,0,,1,
DATAFLOW,OECD.SDD.TPS:DSD_LFS@DF_IALFS_EMP_WAP_Q(1.0),,I,GBR,,EMP_WAP,,PT_WAP_SUB,,_Z,,Y,,_T,,Y15T64,,_Z,,Q,,2021-Q4,,75.0573,,,,A,,0,,1,
DATAFLOW,OECD.SDD.TPS:DSD_LFS@DF_IALFS_EMP_WAP_Q(1.0),,I,GBR,,EMP_WAP,,PT_WAP_SUB,,_Z,,Y,,_T,,Y15T64,,_Z,,Q,,2022-Q1,,75.10785,,,,A,,0,,1,
DATAFLOW,OECD.SDD.TPS:DSD_LFS@DF_IALFS_EMP_WAP_Q(1.0),,I,GBR,,EMP_WAP,,PT_WAP_SUB,,_Z,,Y,,_T,,Y15T64,,_Z,,Q,,2022-Q2,,75.06661,,,,A,,0,,1,
DATAFLOW,OECD.SDD.TPS:DSD_LFS@DF_IALFS_EMP_WAP_Q(1.0),,I,GBR,,EMP_WAP,,PT_WAP_SUB,,_Z,,Y,,_T,,Y15T64,,_Z,,Q,,2022-Q3,,74.95609,,,,A,,0,,1,
DATAFLOW,OECD.SDD.TPS:DSD_LFS@DF_IALFS_EMP_WAP_Q(1.0),,I,GBR,,EMP_WAP,,PT_WAP_SUB,,_Z,,Y,,_T,,Y15T64,,_Z,,Q,,2022-Q4,,75.1349,,,,A,,0,,1,
DATAFLOW,OECD.SDD.TPS:DSD_LFS@DF_IALFS_EMP_WAP_Q(1.0),,I,GBR,,EMP_WAP,,PT_WAP_SUB,,_Z,,Y,,_T,,Y15T64,,_Z,,Q,,2023-Q1,,75.28384,,,,A,,0,,1,
DATAFLOW,OECD.SDD.TPS:DSD_LFS@DF_IALFS_EMP_WAP_Q(1.0),,I,GBR,,EMP_WAP,,PT_WAP_SUB,,_Z,,Y,,_T,,Y15T64,,_Z,,Q,,2023-Q2,,75.2,,,,A,,0,,1,
DATAFLOW,OECD.SDD.TPS:DSD_LFS@DF_IALFS_EMP_WAP_Q(1.0),,I,GBR,,EMP_WAP,,PT_WAP_SUB,,_Z,,Y,,_T,,Y15T64,,_Z,,Q,,2023-Q3,,74.9,,,,A,,0,,1,
DATAFLOW,OECD.SDD.TPS:DSD_LFS@DF_IALFS_EMP_WAP_Q(1.0),,I,GBR,,EMP_WAP,,PT_WAP_SUB,,_Z,,Y,,_T,,Y15T64,,_Z,,Q,,2023-Q4,,74.9,,,,A,,0,,1,
DATAFLOW,OECD.SDD.TPS:DSD_LFS@DF_IALFS_EMP_WAP_Q(1.0),,I,GBR,,EMP_WAP,,PT_WAP_SUB,,_Z,,Y,,_T,,Y15T64,,_Z,,Q,,2024-Q1,,74.5,,,,A,,0,,1,
DATAFLOW,OECD.SDD.TPS:DSD_LFS@DF_IALFS_EMP_WAP_Q(1.0),,I,GBR,,EMP_WAP,,PT_WAP_SUB,,_Z,,Y,,_T,,Y15T64,,_Z,,Q,,2024-Q2,,74.6,,,,A,,0,,1,
DATAFLOW,OECD.SDD.TPS:DSD_LFS@DF_IALFS_EMP_WAP_Q(1.0),,I,GBR,,EMP_WAP,,PT_WAP_SUB,,_Z,,Y,,_T,,Y15T64,,_Z,,Q,,2024-Q3,,74.9,,,,A,,0,,1,
DATAFLOW,OECD.SDD.TPS:DSD_LFS@DF_IALFS_EMP_WAP_Q(1.0),,I,GBR,,EMP_WAP,,PT_WAP_SUB,,_Z,,Y,,_T,,Y15T64,,_Z,,Q,,2024-Q4,,75,,,,A,,0,,1,
DATAFLOW,OECD.SDD.TPS:DSD_LFS@DF_IALFS_EMP_WAP_Q(1.0),,I,GBR,,EMP_WAP,,PT_WAP_SUB,,_Z,,Y,,_T,,Y15T64,,_Z,,Q,,2025-Q1,,75,,,,A,,0,,1,
DATAFLOW,OECD.SDD.TPS:DSD_LFS@DF_IALFS_EMP_WAP_Q(1.0),,I,GBR,,EMP_WAP,,PT_WAP_SUB,,_Z,,Y,,_T,,Y15T64,,_Z,,Q,,2025-Q2,,75.3,,,,A,,0,,1,
DATAFLOW,OECD.SDD.TPS:DSD_LFS@DF_IALFS_EMP_WAP_Q(1.0),,I,GBR,,EMP_WAP,,PT_WAP_SUB,,_Z,,Y,,_T,,Y15T64,,_Z,,Q,,2025-Q3,,75,,,,A,,0,,1,
DATAFLOW,OECD.SDD.TPS:DSD_LFS@DF_IALFS_EMP_WAP_Q(1.0),,I,GBR,,EMP_WAP,,PT_WAP_SUB,,_Z,,Y,,_T,,Y15T64,,_Z,,Q,,2025-Q4,,75,,,,A,,0,,1,
DATAFLOW,OECD.SDD.TPS:DSD_LFS@DF_IALFS_EMP_WAP_Q(1.0),,I,GBR,,EMP_WAP,,PT_WAP_SUB,,_Z,,Y,,_T,,Y15T64,,_Z,,Q,,2026-Q1,,75,,,,A,,0,,1,
DATAFLOW,OECD.SDD.TPS:DSD_LFS@DF_IALFS_EMP_WAP_Q(1.0),,I,CAN,,EMP_WAP,,PT_WAP_SUB,,_Z,,Y,,_T,,Y15T64,,_Z,,Q,,1976-Q1,,63.1,,,,A,,0,,1,
DATAFLOW,OECD.SDD.TPS:DSD_LFS@DF_IALFS_EMP_WAP_Q(1.0),,I,CAN,,EMP_WAP,,PT_WAP_SUB,,_Z,,Y,,_T,,Y15T64,,_Z,,Q,,1976-Q2,,63.2,,,,A,,0,,1,
DATAFLOW,OECD.SDD.TPS:DSD_LFS@DF_IALFS_EMP_WAP_Q(1.0),,I,CAN,,EMP_WAP,,PT_WAP_SUB,,_Z,,Y,,_T,,Y15T64,,_Z,,Q,,1976-Q3,,63.03333,,,,A,,0,,1,
DATAFLOW,OECD.SDD.TPS:DSD_LFS@DF_IALFS_EMP_WAP_Q(1.0),,I,CAN,,EMP_WAP,,PT_WAP_SUB,,_Z,,Y,,_T,,Y15T64,,_Z,,Q,,1976-Q4,,63.1,,,,A,,0,,1,
DATAFLOW,OECD.SDD.TPS:DSD_LFS@DF_IALFS_EMP_WAP_Q(1.0),,I,CAN,,EMP_WAP,,PT_WAP_SUB,,_Z,,Y,,_T,,Y15T64,,_Z,,Q,,1977-Q1,,63.1,,,,A,,0,,1,
DATAFLOW,OECD.SDD.TPS:DSD_LFS@DF_IALFS_EMP_WAP_Q(1.0),,I,CAN,,EMP_WAP,,PT_WAP_SUB,,_Z,,Y,,_T,,Y15T64,,_Z,,Q,,1977-Q2,,63.03333,,,,A,,0,,1,
DATAFLOW,OECD.SDD.TPS:DSD_LFS@DF_IALFS_EMP_WAP_Q(1.0),,I,CAN,,EMP_WAP,,PT_WAP_SUB,,_Z,,Y,,_T,,Y15T64,,_Z,,Q,,1977-Q3,,62.8,,,,A,,0,,1,
DATAFLOW,OECD.SDD.TPS:DSD_LFS@DF_IALFS_EMP_WAP_Q(1.0),,I,CAN,,EMP_WAP,,PT_WAP_SUB,,_Z,,Y,,_T,,Y15T64,,_Z,,Q,,1977-Q4,,62.93333,,,,A,,0,,1,
DATAFLOW,OECD.SDD.TPS:DSD_LFS@DF_IALFS_EMP_WAP_Q(1.0),,I,CAN,,EMP_WAP,,PT_WAP_SUB,,_Z,,Y,,_T,,Y15T64,,_Z,,Q,,1978-Q1,,63.16667,,,,A,,0,,1,
DATAFLOW,OECD.SDD.TPS:DSD_LFS@DF_IALFS_EMP_WAP_Q(1.0),,I,CAN,,EMP_WAP,,PT_WAP_SUB,,_Z,,Y,,_T,,Y15T64,,_Z,,Q,,1978-Q2,,63.46667,,,,A,,0,,1,
DATAFLOW,OECD.SDD.TPS:DSD_LFS@DF_IALFS_EMP_WAP_Q(1.0),,I,CAN,,EMP_WAP,,PT_WAP_SUB,,_Z,,Y,,_T,,Y15T64,,_Z,,Q,,1978-Q3,,63.96667,,,,A,,0,,1,
DATAFLOW,OECD.SDD.TPS:DSD_LFS@DF_IALFS_EMP_WAP_Q(1.0),,I,CAN,,EMP_WAP,,PT_WAP_SUB,,_Z,,Y,,_T,,Y15T64,,_Z,,Q,,1978-Q4,,64.4,,,,A,,0,,1,
DATAFLOW,OECD.SDD.TPS:DSD_LFS@DF_IALFS_EMP_WAP_Q(1.0),,I,CAN,,EMP_WAP,,PT_WAP_SUB,,_Z,,Y,,_T,,Y15T64,,_Z,,Q,,1979-Q1,,64.8,,,,A,,0,,1,
DATAFLOW,OECD.SDD.TPS:DSD_LFS@DF_IALFS_EMP_WAP_Q(1.0),,I,CAN,,EMP_WAP,,PT_WAP_SUB,,_Z,,Y,,_T,,Y15T64,,_Z,,Q,,1979-Q2,,65.13333,,,,A,,0,,1,
DATAFLOW,OECD.SDD.TPS:DSD_LFS@DF_IALFS_EMP_WAP_Q(1.0),,I,CAN,,EMP_WAP,,PT_WAP_SUB,,_Z,,Y,,_T,,Y15T64,,_Z,,Q,,1979-Q3,,65.7,,,,A,,0,,1,
DATAFLOW,OECD.SDD.TPS:DSD_LFS@DF_IALFS_EMP_WAP_Q(1.0),,I,CAN,,EMP_WAP,,PT_WAP_SUB,,_Z,,Y,,_T,,Y15T64,,_Z,,Q,,1979-Q4,,65.96667,,,,A,,0,,1,
DATAFLOW,OECD.SDD.TPS:DSD_LFS@DF_IALFS_EMP_WAP_Q(1.0),,I,CAN,,EMP_WAP,,PT_WAP_SUB,,_Z,,Y,,_T,,Y15T64,,_Z,,Q,,1980-Q1,,66,,,,A,,0,,1,
DATAFLOW,OECD.SDD.TPS:DSD_LFS@DF_IALFS_EMP_WAP_Q(1.0),,I,CAN,,EMP_WAP,,PT_WAP_SUB,,_Z,,Y,,_T,,Y15T64,,_Z,,Q,,1980-Q2,,65.86667,,,,A,,0,,1,
DATAFLOW,OECD.SDD.TPS:DSD_LFS@DF_IALFS_EMP_WAP_Q(1.0),,I,CAN,,EMP_WAP,,PT_WAP_SUB,,_Z,,Y,,_T,,Y15T64,,_Z,,Q,,1980-Q3,,66,,,,A,,0,,1,
DATAFLOW,OECD.SDD.TPS:DSD_LFS@DF_IALFS_EMP_WAP_Q(1.0),,I,CAN,,EMP_WAP,,PT_WAP_SUB,,_Z,,Y,,_T,,Y15T64,,_Z,,Q,,1980-Q4,,66.46667,,,,A,,0,,1,
DATAFLOW,OECD.SDD.TPS:DSD_LFS@DF_IALFS_EMP_WAP_Q(1.0),,I,CAN,,EMP_WAP,,PT_WAP_SUB,,_Z,,Y,,_T,,Y15T64,,_Z,,Q,,1981-Q1,,67.03333,,,,A,,0,,1,
DATAFLOW,OECD.SDD.TPS:DSD_LFS@DF_IALFS_EMP_WAP_Q(1.0),,I,CAN,,EMP_WAP,,PT_WAP_SUB,,_Z,,Y,,_T,,Y15T64,,_Z,,Q,,1981-Q2,,67.36667,,,,A,,0,,1,
DATAFLOW,OECD.SDD.TPS:DSD_LFS@DF_IALFS_EMP_WAP_Q(1.0),,I,CAN,,EMP_WAP,,PT_WAP_SUB,,_Z,,Y,,_T,,Y15T64,,_Z,,Q,,1981-Q3,,67.16666,,,,A,,0,,1,
DATAFLOW,OECD.SDD.TPS:DSD_LFS@DF_IALFS_EMP_WAP_Q(1.0),,I,CAN,,EMP_WAP,,PT_WAP_SUB,,_Z,,Y,,_T,,Y15T64,,_Z,,Q,,1981-Q4,,66.46667,,,,A,,0,,1,
DATAFLOW,OECD.SDD.TPS:DSD_LFS@DF_IALFS_EMP_WAP_Q(1.0),,I,CAN,,EMP_WAP,,PT_WAP_SUB,,_Z,,Y,,_T,,Y15T64,,_Z,,Q,,1982-Q1,,65.63333,,,,A,,0,,1,
DATAFLOW,OECD.SDD.TPS:DSD_LFS@DF_IALFS_EMP_WAP_Q(1.0),,I,CAN,,EMP_WAP,,PT_WAP_SUB,,_Z,,Y,,_T,,Y15T64,,_Z,,Q,,1982-Q2,,64.4,,,,A,,0,,1,
DATAFLOW,OECD.SDD.TPS:DSD_LFS@DF_IALFS_EMP_WAP_Q(1.0),,I,CAN,,EMP_WAP,,PT_WAP_SUB,,_Z,,Y,,_T,,Y15T64,,_Z,,Q,,1982-Q3,,63.16667,,,,A,,0,,1,
DATAFLOW,OECD.SDD.TPS:DSD_LFS@DF_IALFS_EMP_WAP_Q(1.0),,I,CAN,,EMP_WAP,,PT_WAP_SUB,,_Z,,Y,,_T,,Y15T64,,_Z,,Q,,1982-Q4,,62.73333,,,,A,,0,,1,
DATAFLOW,OECD.SDD.TPS:DSD_LFS@DF_IALFS_EMP_WAP_Q(1.0),,I,CAN,,EMP_WAP,,PT_WAP_SUB,,_Z,,Y,,_T,,Y15T64,,_Z,,Q,,1983-Q1,,62.83333,,,,A,,0,,1,
DATAFLOW,OECD.SDD.TPS:DSD_LFS@DF_IALFS_EMP_WAP_Q(1.0),,I,CAN,,EMP_WAP,,PT_WAP_SUB,,_Z,,Y,,_T,,Y15T64,,_Z,,Q,,1983-Q2,,63.4,,,,A,,0,,1,
DATAFLOW,OECD.SDD.TPS:DSD_LFS@DF_IALFS_EMP_WAP_Q(1.0),,I,CAN,,EMP_WAP,,PT_WAP_SUB,,_Z,,Y,,_T,,Y15T64,,_Z,,Q,,1983-Q3,,64.16666,,,,A,,0,,1,
DATAFLOW,OECD.SDD.TPS:DSD_LFS@DF_IALFS_EMP_WAP_Q(1.0),,I,CAN,,EMP_WAP,,PT_WAP_SUB,,_Z,,Y,,_T,,Y15T64,,_Z,,Q,,1983-Q4,,64.33334,,,,A,,0,,1,
DATAFLOW,OECD.SDD.TPS:DSD_LFS@DF_IALFS_EMP_WAP_Q(1.0),,I,CAN,,EMP_WAP,,PT_WAP_SUB,,_Z,,Y,,_T,,Y15T64,,_Z,,Q,,1984-Q1,,64.23333,,,,A,,0,,1,
DATAFLOW,OECD.SDD.TPS:DSD_LFS@DF_IALFS_EMP_WAP_Q(1.0),,I,CAN,,EMP_WAP,,PT_WAP_SUB,,_Z,,Y,,_T,,Y15T64,,_Z,,Q,,1984-Q2,,64.36667,,,,A,,0,,1,
DATAFLOW,OECD.SDD.TPS:DSD_LFS@DF_IALFS_EMP_WAP_Q(1.0),,I,CAN,,EMP_WAP,,PT_WAP_SUB,,_Z,,Y,,_T,,Y15T64,,_Z,,Q,,1984-Q3,,64.8,,,,A,,0,,1,
DATAFLOW,OECD.SDD.TPS:DSD_LFS@DF_IALFS_EMP_WAP_Q(1.0),,I,CAN,,EMP_WAP,,PT_WAP_SUB,,_Z,,Y,,_T,,Y15T64,,_Z,,Q,,1984-Q4,,64.96667,,,,A,,0,,1,
DATAFLOW,OECD.SDD.TPS:DSD_LFS@DF_IALFS_EMP_WAP_Q(1.0),,I,CAN,,EMP_WAP,,PT_WAP_SUB,,_Z,,Y,,_T,,Y15T64,,_Z,,Q,,1985-Q1,,65.4,,,,A,,0,,1,
DATAFLOW,OECD.SDD.TPS:DSD_LFS@DF_IALFS_EMP_WAP_Q(1.0),,I,CAN,,EMP_WAP,,PT_WAP_SUB,,_Z,,Y,,_T,,Y15T64,,_Z,,Q,,1985-Q2,,65.8,,,,A,,0,,1,
DATAFLOW,OECD.SDD.TPS:DSD_LFS@DF_IALFS_EMP_WAP_Q(1.0),,I,CAN,,EMP_WAP,,PT_WAP_SUB,,_Z,,Y,,_T,,Y15T64,,_Z,,Q,,1985-Q3,,66.16666,,,,A,,0,,1,
DATAFLOW,OECD.SDD.TPS:DSD_LFS@DF_IALFS_EMP_WAP_Q(1.0),,I,CAN,,EMP_WAP,,PT_WAP_SUB,,_Z,,Y,,_T,,Y15T64,,_Z,,Q,,1985-Q4,,66.6,,,,A,,0,,1,
DATAFLOW,OECD.SDD.TPS:DSD_LFS@DF_IALFS_EMP_WAP_Q(1.0),,I,CAN,,EMP_WAP,,PT_WAP_SUB,,_Z,,Y,,_T,,Y15T64,,_Z,,Q,,1986-Q1,,67.1,,,,A,,0,,1,
DATAFLOW,OECD.SDD.TPS:DSD_LFS@DF_IALFS_EMP_WAP_Q(1.0),,I,CAN,,EMP_WAP,,PT_WAP_SUB,,_Z,,Y,,_T,,Y15T64,,_Z,,Q,,1986-Q2,,67.46667,,,,A,,0,,1,
DATAFLOW,OECD.SDD.TPS:DSD_LFS@DF_IALFS_EMP_WAP_Q(1.0),,I,CAN,,EMP_WAP,,PT_WAP_SUB,,_Z,,Y,,_T,,Y15T64,,_Z,,Q,,1986-Q3,,67.4,,,,A,,0,,1,
DATAFLOW,OECD.SDD.TPS:DSD_LFS@DF_IALFS_EMP_WAP_Q(1.0),,I,CAN,,EMP_WAP,,PT_WAP_SUB,,_Z,,Y,,_T,,Y15T64,,_Z,,Q,,1986-Q4,,67.56667,,,,A,,0,,1,
DATAFLOW,OECD.SDD.TPS:DSD_LFS@DF_IALFS_EMP_WAP_Q(1.0),,I,CAN,,EMP_WAP,,PT_WAP_SUB,,_Z,,Y,,_T,,Y15T64,,_Z,,Q,,1987-Q1,,67.8,,,,A,,0,,1,
DATAFLOW,OECD.SDD.TPS:DSD_LFS@DF_IALFS_EMP_WAP_Q(1.0),,I,CAN,,EMP_WAP,,PT_WAP_SUB,,_Z,,Y,,_T,,Y15T64,,_Z,,Q,,1987-Q2,,68.4,,,,A,,0,,1,
DATAFLOW,OECD.SDD.TPS:DSD_LFS@DF_IALFS_EMP_WAP_Q(1.0),,I,CAN,,EMP_WAP,,PT_WAP_SUB,,_Z,,Y,,_T,,Y15T64,,_Z,,Q,,1987-Q3,,68.73333,,,,A,,0,,1,
DATAFLOW,OECD.SDD.TPS:DSD_LFS@DF_IALFS_EMP_WAP_Q(1.0),,I,CAN,,EMP_WAP,,PT_WAP_SUB,,_Z,,Y,,_T,,Y15T64,,_Z,,Q,,1987-Q4,,69.43333,,,,A,,0,,1,
DATAFLOW,OECD.SDD.TPS:DSD_LFS@DF_IALFS_EMP_WAP_Q(1.0),,I,CAN,,EMP_WAP,,PT_WAP_SUB,,_Z,,Y,,_T,,Y15T64,,_Z,,Q,,1988-Q1,,69.83334,,,,A,,0,,1,
DATAFLOW,OECD.SDD.TPS:DSD_LFS@DF_IALFS_EMP_WAP_Q(1.0),,I,CAN,,EMP_WAP,,PT_WAP_SUB,,_Z,,Y,,_T,,Y15T64,,_Z,,Q,,1988-Q2,,69.96667,,,,A,,0,,1,
DATAFLOW,OECD.SDD.TPS:DSD_LFS@DF_IALFS_EMP_WAP_Q(1.0),,I,CAN,,EMP_WAP,,PT_WAP_SUB,,_Z,,Y,,_T,,Y15T64,,_Z,,Q,,1988-Q3,,69.96667,,,,A,,0,,1,
DATAFLOW,OECD.SDD.TPS:DSD_LFS@DF_IALFS_EMP_WAP_Q(1.0),,I,CAN,,EMP_WAP,,PT_WAP_SUB,,_Z,,Y,,_T,,Y15T64,,_Z,,Q,,1988-Q4,,70.23333,,,,A,,0,,1,
DATAFLOW,OECD.SDD.TPS:DSD_LFS@DF_IALFS_EMP_WAP_Q(1.0),,I,CAN,,EMP_WAP,,PT_WAP_SUB,,_Z,,Y,,_T,,Y15T64,,_Z,,Q,,1989-Q1,,70.76667,,,,A,,0,,1,
DATAFLOW,OECD.SDD.TPS:DSD_LFS@DF_IALFS_EMP_WAP_Q(1.0),,I,CAN,,EMP_WAP,,PT_WAP_SUB,,_Z,,Y,,_T,,Y15T64,,_Z,,Q,,1989-Q2,,70.66666,,,,A,,0,,1,
DATAFLOW,OECD.SDD.TPS:DSD_LFS@DF_IALFS_EMP_WAP_Q(1.0),,I,CAN,,EMP_WAP,,PT_WAP_SUB,,_Z,,Y,,_T,,Y15T64,,_Z,,Q,,1989-Q3,,70.8,,,,A,,0,,1,
DATAFLOW,OECD.SDD.TPS:DSD_LFS@DF_IALFS_EMP_WAP_Q(1.0),,I,CAN,,EMP_WAP,,PT_WAP_SUB,,_Z,,Y,,_T,,Y15T64,,_Z,,Q,,1989-Q4,,70.8,,,,A,,0,,1,
DATAFLOW,OECD.SDD.TPS:DSD_LFS@DF_IALFS_EMP_WAP_Q(1.0),,I,CAN,,EMP_WAP,,PT_WAP_SUB,,_Z,,Y,,_T,,Y15T64,,_Z,,Q,,1990-Q1,,70.8,,,,A,,0,,1,
DATAFLOW,OECD.SDD.TPS:DSD_LFS@DF_IALFS_EMP_WAP_Q(1.0),,I,CAN,,EMP_WAP,,PT_WAP_SUB,,_Z,,Y,,_T,,Y15T64,,_Z,,Q,,1990-Q2,,70.63333,,,,A,,0,,1,
DATAFLOW,OECD.SDD.TPS:DSD_LFS@DF_IALFS_EMP_WAP_Q(1.0),,I,CAN,,EMP_WAP,,PT_WAP_SUB,,_Z,,Y,,_T,,Y15T64,,_Z,,Q,,1990-Q3,,70.36667,,,,A,,0,,1,
DATAFLOW,OECD.SDD.TPS:DSD_LFS@DF_IALFS_EMP_WAP_Q(1.0),,I,CAN,,EMP_WAP,,PT_WAP_SUB,,_Z,,Y,,_T,,Y15T64,,_Z,,Q,,1990-Q4,,69.53333,,,,A,,0,,1,
DATAFLOW,OECD.SDD.TPS:DSD_LFS@DF_IALFS_EMP_WAP_Q(1.0),,I,CAN,,EMP_WAP,,PT_WAP_SUB,,_Z,,Y,,_T,,Y15T64,,_Z,,Q,,1991-Q1,,68.5,,,,A,,0,,1,
DATAFLOW,OECD.SDD.TPS:DSD_LFS@DF_IALFS_EMP_WAP_Q(1.0),,I,CAN,,EMP_WAP,,PT_WAP_SUB,,_Z,,Y,,_T,,Y15T64,,_Z,,Q,,1991-Q2,,68.4,,,,A,,0,,1,
DATAFLOW,OECD.SDD.TPS:DSD_LFS@DF_IALFS_EMP_WAP_Q(1.0),,I,CAN,,EMP_WAP,,PT_WAP_SUB,,_Z,,Y,,_T,,Y15T64,,_Z,,Q,,1991-Q3,,68.2,,,,A,,0,,1,
DATAFLOW,OECD.SDD.TPS:DSD_LFS@DF_IALFS_EMP_WAP_Q(1.0),,I,CAN,,EMP_WAP,,PT_WAP_SUB,,_Z,,Y,,_T,,Y15T64,,_Z,,Q,,1991-Q4,,67.86667,,,,A,,0,,1,
DATAFLOW,OECD.SDD.TPS:DSD_LFS@DF_IALFS_EMP_WAP_Q(1.0),,I,CAN,,EMP_WAP,,PT_WAP_SUB,,_Z,,Y,,_T,,Y15T64,,_Z,,Q,,1992-Q1,,67.23333,,,,A,,0,,1,
DATAFLOW,OECD.SDD.TPS:DSD_LFS@DF_IALFS_EMP_WAP_Q(1.0),,I,CAN,,EMP_WAP,,PT_WAP_SUB,,_Z,,Y,,_T,,Y15T64,,_Z,,Q,,1992-Q2,,66.86667,,,,A,,0,,1,
DATAFLOW,OECD.SDD.TPS:DSD_LFS@DF_IALFS_EMP_WAP_Q(1.0),,I,CAN,,EMP_WAP,,PT_WAP_SUB,,_Z,,Y,,_T,,Y15T64,,_Z,,Q,,1992-Q3,,66.53333,,,,A,,0,,1,
DATAFLOW,OECD.SDD.TPS:DSD_LFS@DF_IALFS_EMP_WAP_Q(1.0),,I,CAN,,EMP_WAP,,PT_WAP_SUB,,_Z,,Y,,_T,,Y15T64,,_Z,,Q,,1992-Q4,,66.53333,,,,A,,0,,1,
DATAFLOW,OECD.SDD.TPS:DSD_LFS@DF_IALFS_EMP_WAP_Q(1.0),,I,CAN,,EMP_WAP,,PT_WAP_SUB,,_Z,,Y,,_T,,Y15T64,,_Z,,Q,,1993-Q1,,66.63333,,,,A,,0,,1,
DATAFLOW,OECD.SDD.TPS:DSD_LFS@DF_IALFS_EMP_WAP_Q(1.0),,I,CAN,,EMP_WAP,,PT_WAP_SUB,,_Z,,Y,,_T,,Y15T64,,_Z,,Q,,1993-Q2,,66.36667,,,,A,,0,,1,
DATAFLOW,OECD.SDD.TPS:DSD_LFS@DF_IALFS_EMP_WAP_Q(1.0),,I,CAN,,EMP_WAP,,PT_WAP_SUB,,_Z,,Y,,_T,,Y15T64,,_Z,,Q,,1993-Q3,,66.43333,,,,A,,0,,1,
DATAFLOW,OECD.SDD.TPS:DSD_LFS@DF_IALFS_EMP_WAP_Q(1.0),,I,CAN,,EMP_WAP,,PT_WAP_SUB,,_Z,,Y,,_T,,Y15T64,,_Z,,Q,,1993-Q4,,66.5,,,,A,,0,,1,
DATAFLOW,OECD.SDD.TPS:DSD_LFS@DF_IALFS_EMP_WAP_Q(1.0),,I,CAN,,EMP_WAP,,PT_WAP_SUB,,_Z,,Y,,_T,,Y15T64,,_Z,,Q,,1994-Q1,,66.43333,,,,A,,0,,1,
DATAFLOW,OECD.SDD.TPS:DSD_LFS@DF_IALFS_EMP_WAP_Q(1.0),,I,CAN,,EMP_WAP,,PT_WAP_SUB,,_Z,,Y,,_T,,Y15T64,,_Z,,Q,,1994-Q2,,66.83334,,,,A,,0,,1,
DATAFLOW,OECD.SDD.TPS:DSD_LFS@DF_IALFS_EMP_WAP_Q(1.0),,I,CAN,,EMP_WAP,,PT_WAP_SUB,,_Z,,Y,,_T,,Y15T64,,_Z,,Q,,1994-Q3,,67.33334,,,,A,,0,,1,
DATAFLOW,OECD.SDD.TPS:DSD_LFS@DF_IALFS_EMP_WAP_Q(1.0),,I,CAN,,EMP_WAP,,PT_WAP_SUB,,_Z,,Y,,_T,,Y15T64,,_Z,,Q,,1994-Q4,,67.66666,,,,A,,0,,1,
DATAFLOW,OECD.SDD.TPS:DSD_LFS@DF_IALFS_EMP_WAP_Q(1.0),,I,CAN,,EMP_WAP,,PT_WAP_SUB,,_Z,,Y,,_T,,Y15T64,,_Z,,Q,,1995-Q1,,67.66666,,,,A,,0,,1,
DATAFLOW,OECD.SDD.TPS:DSD_LFS@DF_IALFS_EMP_WAP_Q(1.0),,I,CAN,,EMP_WAP,,PT_WAP_SUB,,_Z,,Y,,_T,,Y15T64,,_Z,,Q,,1995-Q2,,67.5,,,,A,,0,,1,
DATAFLOW,OECD.SDD.TPS:DSD_LFS@DF_IALFS_EMP_WAP_Q(1.0),,I,CAN,,EMP_WAP,,PT_WAP_SUB,,_Z,,Y,,_T,,Y15T64,,_Z,,Q,,1995-Q3,,67.43333,,,,A,,0,,1,
DATAFLOW,OECD.SDD.TPS:DSD_LFS@DF_IALFS_EMP_WAP_Q(1.0),,I,CAN,,EMP_WAP,,PT_WAP_SUB,,_Z,,Y,,_T,,Y15T64,,_Z,,Q,,1995-Q4,,67.5,,,,A,,0,,1,
DATAFLOW,OECD.SDD.TPS:DSD_LFS@DF_IALFS_EMP_WAP_Q(1.0),,I,CAN,,EMP_WAP,,PT_WAP_SUB,,_Z,,Y,,_T,,Y15T64,,_Z,,Q,,1996-Q1,,67.4,,,,A,,0,,1,
DATAFLOW,OECD.SDD.TPS:DSD_LFS@DF_IALFS_EMP_WAP_Q(1.0),,I,CAN,,EMP_WAP,,PT_WAP_SUB,,_Z,,Y,,_T,,Y15T64,,_Z,,Q,,1996-Q2,,67.4,,,,A,,0,,1,
DATAFLOW,OECD.SDD.TPS:DSD_LFS@DF_IALFS_EMP_WAP_Q(1.0),,I,CAN,,EMP_WAP,,PT_WAP_SUB,,_Z,,Y,,_T,,Y15T64,,_Z,,Q,,1996-Q3,,67.33334,,,,A,,0,,1,
DATAFLOW,OECD.SDD.TPS:DSD_LFS@DF_IALFS_EMP_WAP_Q(1.0),,I,CAN,,EMP_WAP,,PT_WAP_SUB,,_Z,,Y,,_T,,Y15T64,,_Z,,Q,,1996-Q4,,67.2,,,,A,,0,,1,
DATAFLOW,OECD.SDD.TPS:DSD_LFS@DF_IALFS_EMP_WAP_Q(1.0),,I,CAN,,EMP_WAP,,PT_WAP_SUB,,_Z,,Y,,_T,,Y15T64,,_Z,,Q,,1997-Q1,,67.53333,,,,A,,0,,1,
DATAFLOW,OECD.SDD.TPS:DSD_LFS@DF_IALFS_EMP_WAP_Q(1.0),,I,CAN,,EMP_WAP,,PT_WAP_SUB,,_Z,,Y,,_T,,Y15T64,,_Z,,Q,,1997-Q2,,67.7,,,,A,,0,,1,
DATAFLOW,OECD.SDD.TPS:DSD_LFS@DF_IALFS_EMP_WAP_Q(1.0),,I,CAN,,EMP_WAP,,PT_WAP_SUB,,_Z,,Y,,_T,,Y15T64,,_Z,,Q,,1997-Q3,,68.2,,,,A,,0,,1,
DATAFLOW,OECD.SDD.TPS:DSD_LFS@DF_IALFS_EMP_WAP_Q(1.0),,I,CAN,,EMP_WAP,,PT_WAP_SUB,,_Z,,Y,,_T,,Y15T64,,_Z,,Q,,1997-Q4,,68.43333,,,,A,,0,,1,
DATAFLOW,OECD.SDD.TPS:DSD_LFS@DF_IALFS_EMP_WAP_Q(1.0),,I,CAN,,EMP_WAP,,PT_WAP_SUB,,_Z,,Y,,_T,,Y15T64,,_Z,,Q,,1998-Q1,,68.53333,,,,A,,0,,1,
DATAFLOW,OECD.SDD.TPS:DSD_LFS@DF_IALFS_EMP_WAP_Q(1.0),,I,CAN,,EMP_WAP,,PT_WAP_SUB,,_Z,,Y,,_T,,Y15T64,,_Z,,Q,,1998-Q2,,68.73333,,,,A,,0,,1,
DATAFLOW,OECD.SDD.TPS:DSD_LFS@DF_IALFS_EMP_WAP_Q(1.0),,I,CAN,,EMP_WAP,,PT_WAP_SUB,,_Z,,Y,,_T,,Y15T64,,_Z,,Q,,1998-Q3,,69.06667,,,,A,,0,,1,
DATAFLOW,OECD.SDD.TPS:DSD_LFS@DF_IALFS_EMP_WAP_Q(1.0),,I,CAN,,EMP_WAP,,PT_WAP_SUB,,_Z,,Y,,_T,,Y15T64,,_Z,,Q,,1998-Q4,,69.36667,,,,A,,0,,1,
DATAFLOW,OECD.SDD.TPS:DSD_LFS@DF_IALFS_EMP_WAP_Q(1.0),,I,CAN,,EMP_WAP,,PT_WAP_SUB,,_Z,,Y,,_T,,Y15T64,,_Z,,Q,,1999-Q1,,69.63333,,,,A,,0,,1,
DATAFLOW,OECD.SDD.TPS:DSD_LFS@DF_IALFS_EMP_WAP_Q(1.0),,I,CAN,,EMP_WAP,,PT_WAP_SUB,,_Z,,Y,,_T,,Y15T64,,_Z,,Q,,1999-Q2,,69.86667,,,,A,,0,,1,
DATAFLOW,OECD.SDD.TPS:DSD_LFS@DF_IALFS_EMP_WAP_Q(1.0),,I,CAN,,EMP_WAP,,PT_WAP_SUB,,_Z,,Y,,_T,,Y15T64,,_Z,,Q,,1999-Q3,,70.13333,,,,A,,0,,1,
DATAFLOW,OECD.SDD.TPS:DSD_LFS@DF_IALFS_EMP_WAP_Q(1.0),,I,CAN,,EMP_WAP,,PT_WAP_SUB,,_Z,,Y,,_T,,Y15T64,,_Z,,Q,,1999-Q4,,70.5,,,,A,,0,,1,
DATAFLOW,OECD.SDD.TPS:DSD_LFS@DF_IALFS_EMP_WAP_Q(1.0),,I,CAN,,EMP_WAP,,PT_WAP_SUB,,_Z,,Y,,_T,,Y15T64,,_Z,,Q,,2000-Q1,,70.86667,,,,A,,0,,1,
DATAFLOW,OECD.SDD.TPS:DSD_LFS@DF_IALFS_EMP_WAP_Q(1.0),,I,CAN,,EMP_WAP,,PT_WAP_SUB,,_Z,,Y,,_T,,Y15T64,,_Z,,Q,,2000-Q2,,70.9,,,,A,,0,,1,
DATAFLOW,OECD.SDD.TPS:DSD_LFS@DF_IALFS_EMP_WAP_Q(1.0),,I,CAN,,EMP_WAP,,PT_WAP_SUB,,_Z,,Y,,_T,,Y15T64,,_Z,,Q,,2000-Q3,,70.83334,,,,A,,0,,1,
DATAFLOW,OECD.SDD.TPS:DSD_LFS@DF_IALFS_EMP_WAP_Q(1.0),,I,CAN,,EMP_WAP,,PT_WAP_SUB,,_Z,,Y,,_T,,Y15T64,,_Z,,Q,,2000-Q4,,71.13333,,,,A,,0,,1,
DATAFLOW,OECD.SDD.TPS:DSD_LFS@DF_IALFS_EMP_WAP_Q(1.0),,I,CAN,,EMP_WAP,,PT_WAP_SUB,,_Z,,Y,,_T,,Y15T64,,_Z,,Q,,2001-Q1,,71.03333,,,,A,,0,,1,
DATAFLOW,OECD.SDD.TPS:DSD_LFS@DF_IALFS_EMP_WAP_Q(1.0),,I,CAN,,EMP_WAP,,PT_WAP_SUB,,_Z,,Y,,_T,,Y15T64,,_Z,,Q,,2001-Q2,,70.93333,,,,A,,0,,1,
DATAFLOW,OECD.SDD.TPS:DSD_LFS@DF_IALFS_EMP_WAP_Q(1.0),,I,CAN,,EMP_WAP,,PT_WAP_SUB,,_Z,,Y,,_T,,Y15T64,,_Z,,Q,,2001-Q3,,70.73333,,,,A,,0,,1,
DATAFLOW,OECD.SDD.TPS:DSD_LFS@DF_IALFS_EMP_WAP_Q(1.0),,I,CAN,,EMP_WAP,,PT_WAP_SUB,,_Z,,Y,,_T,,Y15T64,,_Z,,Q,,2001-Q4,,70.6,,,,A,,0,,1,
DATAFLOW,OECD.SDD.TPS:DSD_LFS@DF_IALFS_EMP_WAP_Q(1.0),,I,CAN,,EMP_WAP,,PT_WAP_SUB,,_Z,,Y,,_T,,Y15T64,,_Z,,Q,,2002-Q1,,70.7,,,,A,,0,,1,
DATAFLOW,OECD.SDD.TPS:DSD_LFS@DF_IALFS_EMP_WAP_Q(1.0),,I,CAN,,EMP_WAP,,PT_WAP_SUB,,_Z,,Y,,_T,,Y15T64,,_Z,,Q,,2002-Q2,,71.2,,,,A,,0,,1,
DATAFLOW,OECD.SDD.TPS:DSD_LFS@DF_IALFS_EMP_WAP_Q(1.0),,I,CAN,,EMP_WAP,,PT_WAP_SUB,,_Z,,Y,,_T,,Y15T64,,_Z,,Q,,2002-Q3,,71.7,,,,A,,0,,1,
DATAFLOW,OECD.SDD.TPS:DSD_LFS@DF_IALFS_EMP_WAP_Q(1.0),,I,CAN,,EMP_WAP,,PT_WAP_SUB,,_Z,,Y,,_T,,Y15T64,,_Z,,Q,,2002-Q4,,71.86667,,,,A,,0,,1,
DATAFLOW,OECD.SDD.TPS:DSD_LFS@DF_IALFS_EMP_WAP_Q(1.0),,I,CAN,,EMP_WAP,,PT_WAP_SUB,,_Z,,Y,,_T,,Y15T64,,_Z,,Q,,2003-Q1,,72.2,,,,A,,0,,1,
DATAFLOW,OECD.SDD.TPS:DSD_LFS@DF_IALFS_EMP_WAP_Q(1.0),,I,CAN,,EMP_WAP,,PT_WAP_SUB,,_Z,,Y,,_T,,Y15T64,,_Z,,Q,,2003-Q2,,71.96667,,,,A,,0,,1,
DATAFLOW,OECD.SDD.TPS:DSD_LFS@DF_IALFS_EMP_WAP_Q(1.0),,I,CAN,,EMP_WAP,,PT_WAP_SUB,,_Z,,Y,,_T,,Y15T64,,_Z,,Q,,2003-Q3,,72.1,,,,A,,0,,1,
DATAFLOW,OECD.SDD.TPS:DSD_LFS@DF_IALFS_EMP_WAP_Q(1.0),,I,CAN,,EMP_WAP,,PT_WAP_SUB,,_Z,,Y,,_T,,Y15T64,,_Z,,Q,,2003-Q4,,72.36667,,,,A,,0,,1,
DATAFLOW,OECD.SDD.TPS:DSD_LFS@DF_IALFS_EMP_WAP_Q(1.0),,I,CAN,,EMP_WAP,,PT_WAP_SUB,,_Z,,Y,,_T,,Y15T64,,_Z,,Q,,2004-Q1,,72.4,,,,A,,0,,1,
DATAFLOW,OECD.SDD.TPS:DSD_LFS@DF_IALFS_EMP_WAP_Q(1.0),,I,CAN,,EMP_WAP,,PT_WAP_SUB,,_Z,,Y,,_T,,Y15T64,,_Z,,Q,,2004-Q2,,72.56667,,,,A,,0,,1,
DATAFLOW,OECD.SDD.TPS:DSD_LFS@DF_IALFS_EMP_WAP_Q(1.0),,I,CAN,,EMP_WAP,,PT_WAP_SUB,,_Z,,Y,,_T,,Y15T64,,_Z,,Q,,2004-Q3,,72.46667,,,,A,,0,,1,
DATAFLOW,OECD.SDD.TPS:DSD_LFS@DF_IALFS_EMP_WAP_Q(1.0),,I,CAN,,EMP_WAP,,PT_WAP_SUB,,_Z,,Y,,_T,,Y15T64,,_Z,,Q,,2004-Q4,,72.5,,,,A,,0,,1,
DATAFLOW,OECD.SDD.TPS:DSD_LFS@DF_IALFS_EMP_WAP_Q(1.0),,I,CAN,,EMP_WAP,,PT_WAP_SUB,,_Z,,Y,,_T,,Y15T64,,_Z,,Q,,2005-Q1,,72.5,,,,A,,0,,1,
DATAFLOW,OECD.SDD.TPS:DSD_LFS@DF_IALFS_EMP_WAP_Q(1.0),,I,CAN,,EMP_WAP,,PT_WAP_SUB,,_Z,,Y,,_T,,Y15T64,,_Z,,Q,,2005-Q2,,72.33334,,,,A,,0,,1,
DATAFLOW,OECD.SDD.TPS:DSD_LFS@DF_IALFS_EMP_WAP_Q(1.0),,I,CAN,,EMP_WAP,,PT_WAP_SUB,,_Z,,Y,,_T,,Y15T64,,_Z,,Q,,2005-Q3,,72.43333,,,,A,,0,,1,
DATAFLOW,OECD.SDD.TPS:DSD_LFS@DF_IALFS_EMP_WAP_Q(1.0),,I,CAN,,EMP_WAP,,PT_WAP_SUB,,_Z,,Y,,_T,,Y15T64,,_Z,,Q,,2005-Q4,,72.53333,,,,A,,0,,1,
DATAFLOW,OECD.SDD.TPS:DSD_LFS@DF_IALFS_EMP_WAP_Q(1.0),,I,CAN,,EMP_WAP,,PT_WAP_SUB,,_Z,,Y,,_T,,Y15T64,,_Z,,Q,,2006-Q1,,72.66666,,,,A,,0,,1,
DATAFLOW,OECD.SDD.TPS:DSD_LFS@DF_IALFS_EMP_WAP_Q(1.0),,I,CAN,,EMP_WAP,,PT_WAP_SUB,,_Z,,Y,,_T,,Y15T64,,_Z,,Q,,2006-Q2,,73,,,,A,,0,,1,
DATAFLOW,OECD.SDD.TPS:DSD_LFS@DF_IALFS_EMP_WAP_Q(1.0),,I,CAN,,EMP_WAP,,PT_WAP_SUB,,_Z,,Y,,_T,,Y15T64,,_Z,,Q,,2006-Q3,,72.9,,,,A,,0,,1,
DATAFLOW,OECD.SDD.TPS:DSD_LFS@DF_IALFS_EMP_WAP_Q(1.0),,I,CAN,,EMP_WAP,,PT_WAP_SUB,,_Z,,Y,,_T,,Y15T64,,_Z,,Q,,2006-Q4,,72.93333,,,,A,,0,,1,
DATAFLOW,OECD.SDD.TPS:DSD_LFS@DF_IALFS_EMP_WAP_Q(1.0),,I,CAN,,EMP_WAP,,PT_WAP_SUB,,_Z,,Y,,_T,,Y15T64,,_Z,,Q,,2007-Q1,,73.33334,,,,A,,0,,1,
DATAFLOW,OECD.SDD.TPS:DSD_LFS@DF_IALFS_EMP_WAP_Q(1.0),,I,CAN,,EMP_WAP,,PT_WAP_SUB,,_Z,,Y,,_T,,Y15T64,,_Z,,Q,,2007-Q2,,73.33334,,,,A,,0,,1,
DATAFLOW,OECD.SDD.TPS:DSD_LFS@DF_IALFS_EMP_WAP_Q(1.0),,I,CAN,,EMP_WAP,,PT_WAP_SUB,,_Z,,Y,,_T,,Y15T64,,_Z,,Q,,2007-Q3,,73.56667,,,,A,,0,,1,
DATAFLOW,OECD.SDD.TPS:DSD_LFS@DF_IALFS_EMP_WAP_Q(1.0),,I,CAN,,EMP_WAP,,PT_WAP_SUB,,_Z,,Y,,_T,,Y15T64,,_Z,,Q,,2007-Q4,,73.66666,,,,A,,0,,1,
DATAFLOW,OECD.SDD.TPS:DSD_LFS@DF_IALFS_EMP_WAP_Q(1.0),,I,CAN,,EMP_WAP,,PT_WAP_SUB,,_Z,,Y,,_T,,Y15T64,,_Z,,Q,,2008-Q1,,73.76667,,,,A,,0,,1,
DATAFLOW,OECD.SDD.TPS:DSD_LFS@DF_IALFS_EMP_WAP_Q(1.0),,I,CAN,,EMP_WAP,,PT_WAP_SUB,,_Z,,Y,,_T,,Y15T64,,_Z,,Q,,2008-Q2,,73.5,,,,A,,0,,1,
DATAFLOW,OECD.SDD.TPS:DSD_LFS@DF_IALFS_EMP_WAP_Q(1.0),,I,CAN,,EMP_WAP,,PT_WAP_SUB,,_Z,,Y,,_T,,Y15T64,,_Z,,Q,,2008-Q3,,73.33334,,,,A,,0,,1,
DATAFLOW,OECD.SDD.TPS:DSD_LFS@DF_IALFS_EMP_WAP_Q(1.0),,I,CAN,,EMP_WAP,,PT_WAP_SUB,,_Z,,Y,,_T,,Y15T64,,_Z,,Q,,2008-Q4,,73.16666,,,,A,,0,,1,
DATAFLOW,OECD.SDD.TPS:DSD_LFS@DF_IALFS_EMP_WAP_Q(1.0),,I,CAN,,EMP_WAP,,PT_WAP_SUB,,_Z,,Y,,_T,,Y15T64,,_Z,,Q,,2009-Q1,,72.1,,,,A,,0,,1,
DATAFLOW,OECD.SDD.TPS:DSD_LFS@DF_IALFS_EMP_WAP_Q(1.0),,I,CAN,,EMP_WAP,,PT_WAP_SUB,,_Z,,Y,,_T,,Y15T64,,_Z,,Q,,2009-Q2,,71.46667,,,,A,,0,,1,
DATAFLOW,OECD.SDD.TPS:DSD_LFS@DF_IALFS_EMP_WAP_Q(1.0),,I,CAN,,EMP_WAP,,PT_WAP_SUB,,_Z,,Y,,_T,,Y15T64,,_Z,,Q,,2009-Q3,,71.13333,,,,A,,0,,1,
DATAFLOW,OECD.SDD.TPS:DSD_LFS@DF_IALFS_EMP_WAP_Q(1.0),,I,CAN,,EMP_WAP,,PT_WAP_SUB,,_Z,,Y,,_T,,Y15T64,,_Z,,Q,,2009-Q4,,71.26667,,,,A,,0,,1,
DATAFLOW,OECD.SDD.TPS:DSD_LFS@DF_IALFS_EMP_WAP_Q(1.0),,I,CAN,,EMP_WAP,,PT_WAP_SUB,,_Z,,Y,,_T,,Y15T64,,_Z,,Q,,2010-Q1,,71.33334,,,,A,,0,,1,
DATAFLOW,OECD.SDD.TPS:DSD_LFS@DF_IALFS_EMP_WAP_Q(1.0),,I,CAN,,EMP_WAP,,PT_WAP_SUB,,_Z,,Y,,_T,,Y15T64,,_Z,,Q,,2010-Q2,,71.56667,,,,A,,0,,1,
DATAFLOW,OECD.SDD.TPS:DSD_LFS@DF_IALFS_EMP_WAP_Q(1.0),,I,CAN,,EMP_WAP,,PT_WAP_SUB,,_Z,,Y,,_T,,Y15T64,,_Z,,Q,,2010-Q3,,71.63333,,,,A,,0,,1,
DATAFLOW,OECD.SDD.TPS:DSD_LFS@DF_IALFS_EMP_WAP_Q(1.0),,I,CAN,,EMP_WAP,,PT_WAP_SUB,,_Z,,Y,,_T,,Y15T64,,_Z,,Q,,2010-Q4,,71.7,,,,A,,0,,1,
DATAFLOW,OECD.SDD.TPS:DSD_LFS@DF_IALFS_EMP_WAP_Q(1.0),,I,CAN,,EMP_WAP,,PT_WAP_SUB,,_Z,,Y,,_T,,Y15T64,,_Z,,Q,,2011-Q1,,72,,,,A,,0,,1,
DATAFLOW,OECD.SDD.TPS:DSD_LFS@DF_IALFS_EMP_WAP_Q(1.0),,I,CAN,,EMP_WAP,,PT_WAP_SUB,,_Z,,Y,,_T,,Y15T64,,_Z,,Q,,2011-Q2,,71.9,,,,A,,0,,1,
DATAFLOW,OECD.SDD.TPS:DSD_LFS@DF_IALFS_EMP_WAP_Q(1.0),,I,CAN,,EMP_WAP,,PT_WAP_SUB,,_Z,,Y,,_T,,Y15T64,,_Z,,Q,,2011-Q3,,72,,,,A,,0,,1,
DATAFLOW,OECD.SDD.TPS:DSD_LFS@DF_IALFS_EMP_WAP_Q(1.0),,I,CAN,,EMP_WAP,,PT_WAP_SUB,,_Z,,Y,,_T,,Y15T64,,_Z,,Q,,2011-Q4,,71.8,,,,A,,0,,1,
DATAFLOW,OECD.SDD.TPS:DSD_LFS@DF_IALFS_EMP_WAP_Q(1.0),,I,CAN,,EMP_WAP,,PT_WAP_SUB,,_Z,,Y,,_T,,Y15T64,,_Z,,Q,,2012-Q1,,71.83334,,,,A,,0,,1,
DATAFLOW,OECD.SDD.TPS:DSD_LFS@DF_IALFS_EMP_WAP_Q(1.0),,I,CAN,,EMP_WAP,,PT_WAP_SUB,,_Z,,Y,,_T,,Y15T64,,_Z,,Q,,2012-Q2,,72.1,,,,A,,0,,1,
DATAFLOW,OECD.SDD.TPS:DSD_LFS@DF_IALFS_EMP_WAP_Q(1.0),,I,CAN,,EMP_WAP,,PT_WAP_SUB,,_Z,,Y,,_T,,Y15T64,,_Z,,Q,,2012-Q3,,72.3,,,,A,,0,,1,
DATAFLOW,OECD.SDD.TPS:DSD_LFS@DF_IALFS_EMP_WAP_Q(1.0),,I,CAN,,EMP_WAP,,PT_WAP_SUB,,_Z,,Y,,_T,,Y15T64,,_Z,,Q,,2012-Q4,,72.56667,,,,A,,0,,1,
DATAFLOW,OECD.SDD.TPS:DSD_LFS@DF_IALFS_EMP_WAP_Q(1.0),,I,CAN,,EMP_WAP,,PT_WAP_SUB,,_Z,,Y,,_T,,Y15T64,,_Z,,Q,,2013-Q1,,72.73333,,,,A,,0,,1,
DATAFLOW,OECD.SDD.TPS:DSD_LFS@DF_IALFS_EMP_WAP_Q(1.0),,I,CAN,,EMP_WAP,,PT_WAP_SUB,,_Z,,Y,,_T,,Y15T64,,_Z,,Q,,2013-Q2,,72.63333,,,,A,,0,,1,
DATAFLOW,OECD.SDD.TPS:DSD_LFS@DF_IALFS_EMP_WAP_Q(1.0),,I,CAN,,EMP_WAP,,PT_WAP_SUB,,_Z,,Y,,_T,,Y15T64,,_Z,,Q,,2013-Q3,,72.46667,,,,A,,0,,1,
DATAFLOW,OECD.SDD.TPS:DSD_LFS@DF_IALFS_EMP_WAP_Q(1.0),,I,CAN,,EMP_WAP,,PT_WAP_SUB,,_Z,,Y,,_T,,Y15T64,,_Z,,Q,,2013-Q4,,72.36667,,,,A,,0,,1,
DATAFLOW,OECD.SDD.TPS:DSD_LFS@DF_IALFS_EMP_WAP_Q(1.0),,I,CAN,,EMP_WAP,,PT_WAP_SUB,,_Z,,Y,,_T,,Y15T64,,_Z,,Q,,2014-Q1,,72.3,,,,A,,0,,1,
DATAFLOW,OECD.SDD.TPS:DSD_LFS@DF_IALFS_EMP_WAP_Q(1.0),,I,CAN,,EMP_WAP,,PT_WAP_SUB,,_Z,,Y,,_T,,Y15T64,,_Z,,Q,,2014-Q2,,72.23333,,,,A,,0,,1,
DATAFLOW,OECD.SDD.TPS:DSD_LFS@DF_IALFS_EMP_WAP_Q(1.0),,I,CAN,,EMP_WAP,,PT_WAP_SUB,,_Z,,Y,,_T,,Y15T64,,_Z,,Q,,2014-Q3,,72.33334,,,,A,,0,,1,
DATAFLOW,OECD.SDD.TPS:DSD_LFS@DF_IALFS_EMP_WAP_Q(1.0),,I,CAN,,EMP_WAP,,PT_WAP_SUB,,_Z,,Y,,_T,,Y15T64,,_Z,,Q,,2014-Q4,,72.56667,,,,A,,0,,1,
DATAFLOW,OECD.SDD.TPS:DSD_LFS@DF_IALFS_EMP_WAP_Q(1.0),,I,CAN,,EMP_WAP,,PT_WAP_SUB,,_Z,,Y,,_T,,Y15T64,,_Z,,Q,,2015-Q1,,72.66666,,,,A,,0,,1,
DATAFLOW,OECD.SDD.TPS:DSD_LFS@DF_IALFS_EMP_WAP_Q(1.0),,I,CAN,,EMP_WAP,,PT_WAP_SUB,,_Z,,Y,,_T,,Y15T64,,_Z,,Q,,2015-Q2,,72.6,,,,A,,0,,1,
DATAFLOW,OECD.SDD.TPS:DSD_LFS@DF_IALFS_EMP_WAP_Q(1.0),,I,CAN,,EMP_WAP,,PT_WAP_SUB,,_Z,,Y,,_T,,Y15T64,,_Z,,Q,,2015-Q3,,72.66666,,,,A,,0,,1,
DATAFLOW,OECD.SDD.TPS:DSD_LFS@DF_IALFS_EMP_WAP_Q(1.0),,I,CAN,,EMP_WAP,,PT_WAP_SUB,,_Z,,Y,,_T,,Y15T64,,_Z,,Q,,2015-Q4,,72.43333,,,,A,,0,,1,
DATAFLOW,OECD.SDD.TPS:DSD_LFS@DF_IALFS_EMP_WAP_Q(1.0),,I,CAN,,EMP_WAP,,PT_WAP_SUB,,_Z,,Y,,_T,,Y15T64,,_Z,,Q,,2016-Q1,,72.4,,,,A,,0,,1,
DATAFLOW,OECD.SDD.TPS:DSD_LFS@DF_IALFS_EMP_WAP_Q(1.0),,I,CAN,,EMP_WAP,,PT_WAP_SUB,,_Z,,Y,,_T,,Y15T64,,_Z,,Q,,2016-Q2,,72.53333,,,,A,,0,,1,
DATAFLOW,OECD.SDD.TPS:DSD_LFS@DF_IALFS_EMP_WAP_Q(1.0),,I,CAN,,EMP_WAP,,PT_WAP_SUB,,_Z,,Y,,_T,,Y15T64,,_Z,,Q,,2016-Q3,,72.46667,,,,A,,0,,1,
DATAFLOW,OECD.SDD.TPS:DSD_LFS@DF_IALFS_EMP_WAP_Q(1.0),,I,CAN,,EMP_WAP,,PT_WAP_SUB,,_Z,,Y,,_T,,Y15T64,,_Z,,Q,,2016-Q4,,72.8,,,,A,,0,,1,
DATAFLOW,OECD.SDD.TPS:DSD_LFS@DF_IALFS_EMP_WAP_Q(1.0),,I,CAN,,EMP_WAP,,PT_WAP_SUB,,_Z,,Y,,_T,,Y15T64,,_Z,,Q,,2017-Q1,,73.23333,,,,A,,0,,1,
DATAFLOW,OECD.SDD.TPS:DSD_LFS@DF_IALFS_EMP_WAP_Q(1.0),,I,CAN,,EMP_WAP,,PT_WAP_SUB,,_Z,,Y,,_T,,Y15T64,,_Z,,Q,,2017-Q2,,73.4,,,,A,,0,,1,
DATAFLOW,OECD.SDD.TPS:DSD_LFS@DF_IALFS_EMP_WAP_Q(1.0),,I,CAN,,EMP_WAP,,PT_WAP_SUB,,_Z,,Y,,_T,,Y15T64,,_Z,,Q,,2017-Q3,,73.56667,,,,A,,0,,1,
DATAFLOW,OECD.SDD.TPS:DSD_LFS@DF_IALFS_EMP_WAP_Q(1.0),,I,CAN,,EMP_WAP,,PT_WAP_SUB,,_Z,,Y,,_T,,Y15T64,,_Z,,Q,,2017-Q4,,73.83334,,,,A,,0,,1,
DATAFLOW,OECD.SDD.TPS:DSD_LFS@DF_IALFS_EMP_WAP_Q(1.0),,I,CAN,,EMP_WAP,,PT_WAP_SUB,,_Z,,Y,,_T,,Y15T64,,_Z,,Q,,2018-Q1,,73.8,,,,A,,0,,1,
DATAFLOW,OECD.SDD.TPS:DSD_LFS@DF_IALFS_EMP_WAP_Q(1.0),,I,CAN,,EMP_WAP,,PT_WAP_SUB,,_Z,,Y,,_T,,Y15T64,,_Z,,Q,,2018-Q2,,73.76667,,,,A,,0,,1,
DATAFLOW,OECD.SDD.TPS:DSD_LFS@DF_IALFS_EMP_WAP_Q(1.0),,I,CAN,,EMP_WAP,,PT_WAP_SUB,,_Z,,Y,,_T,,Y15T64,,_Z,,Q,,2018-Q3,,74.13333,,,,A,,0,,1,
DATAFLOW,OECD.SDD.TPS:DSD_LFS@DF_IALFS_EMP_WAP_Q(1.0),,I,CAN,,EMP_WAP,,PT_WAP_SUB,,_Z,,Y,,_T,,Y15T64,,_Z,,Q,,2018-Q4,,74.43333,,,,A,,0,,1,
DATAFLOW,OECD.SDD.TPS:DSD_LFS@DF_IALFS_EMP_WAP_Q(1.0),,I,CAN,,EMP_WAP,,PT_WAP_SUB,,_Z,,Y,,_T,,Y15T64,,_Z,,Q,,2019-Q1,,74.3,,,,A,,0,,1,
DATAFLOW,OECD.SDD.TPS:DSD_LFS@DF_IALFS_EMP_WAP_Q(1.0),,I,CAN,,EMP_WAP,,PT_WAP_SUB,,_Z,,Y,,_T,,Y15T64,,_Z,,Q,,2019-Q2,,74.73333,,,,A,,0,,1,
DATAFLOW,OECD.SDD.TPS:DSD_LFS@DF_IALFS_EMP_WAP_Q(1.0),,I,CAN,,EMP_WAP,,PT_WAP_SUB,,_Z,,Y,,_T,,Y15T64,,_Z,,Q,,2019-Q3,,74.66666,,,,A,,0,,1,
DATAFLOW,OECD.SDD.TPS:DSD_LFS@DF_IALFS_EMP_WAP_Q(1.0),,I,CAN,,EMP_WAP,,PT_WAP_SUB,,_Z,,Y,,_T,,Y15T64,,_Z,,Q,,2019-Q4,,74.5,,,,A,,0,,1,
DATAFLOW,OECD.SDD.TPS:DSD_LFS@DF_IALFS_EMP_WAP_Q(1.0),,I,CAN,,EMP_WAP,,PT_WAP_SUB,,_Z,,Y,,_T,,Y15T64,,_Z,,Q,,2020-Q1,,73.03333,,,,A,,0,,1,
DATAFLOW,OECD.SDD.TPS:DSD_LFS@DF_IALFS_EMP_WAP_Q(1.0),,I,CAN,,EMP_WAP,,PT_WAP_SUB,,_Z,,Y,,_T,,Y15T64,,_Z,,Q,,2020-Q2,,64.56667,,,,A,,0,,1,
DATAFLOW,OECD.SDD.TPS:DSD_LFS@DF_IALFS_EMP_WAP_Q(1.0),,I,CAN,,EMP_WAP,,PT_WAP_SUB,,_Z,,Y,,_T,,Y15T64,,_Z,,Q,,2020-Q3,,70.53333,,,,A,,0,,1,
DATAFLOW,OECD.SDD.TPS:DSD_LFS@DF_IALFS_EMP_WAP_Q(1.0),,I,CAN,,EMP_WAP,,PT_WAP_SUB,,_Z,,Y,,_T,,Y15T64,,_Z,,Q,,2020-Q4,,72.26667,,,,A,,0,,1,
DATAFLOW,OECD.SDD.TPS:DSD_LFS@DF_IALFS_EMP_WAP_Q(1.0),,I,CAN,,EMP_WAP,,PT_WAP_SUB,,_Z,,Y,,_T,,Y15T64,,_Z,,Q,,2021-Q1,,72.16666,,,,A,,0,,1,
DATAFLOW,OECD.SDD.TPS:DSD_LFS@DF_IALFS_EMP_WAP_Q(1.0),,I,CAN,,EMP_WAP,,PT_WAP_SUB,,_Z,,Y,,_T,,Y15T64,,_Z,,Q,,2021-Q2,,72.66666,,,,A,,0,,1,
DATAFLOW,OECD.SDD.TPS:DSD_LFS@DF_IALFS_EMP_WAP_Q(1.0),,I,CAN,,EMP_WAP,,PT_WAP_SUB,,_Z,,Y,,_T,,Y15T64,,_Z,,Q,,2021-Q3,,74.13333,,,,A,,0,,1,
DATAFLOW,OECD.SDD.TPS:DSD_LFS@DF_IALFS_EMP_WAP_Q(1.0),,I,CAN,,EMP_WAP,,PT_WAP_SUB,,_Z,,Y,,_T,,Y15T64,,_Z,,Q,,2021-Q4,,75.16666,,,,A,,0,,1,
DATAFLOW,OECD.SDD.TPS:DSD_LFS@DF_IALFS_EMP_WAP_Q(1.0),,I,CAN,,EMP_WAP,,PT_WAP_SUB,,_Z,,Y,,_T,,Y15T64,,_Z,,Q,,2022-Q1,,75.2,,,,A,,0,,1,
DATAFLOW,OECD.SDD.TPS:DSD_LFS@DF_IALFS_EMP_WAP_Q(1.0),,I,CAN,,EMP_WAP,,PT_WAP_SUB,,_Z,,Y,,_T,,Y15T64,,_Z,,Q,,2022-Q2,,75.8,,,,A,,0,,1,
DATAFLOW,OECD.SDD.TPS:DSD_LFS@DF_IALFS_EMP_WAP_Q(1.0),,I,CAN,,EMP_WAP,,PT_WAP_SUB,,_Z,,Y,,_T,,Y15T64,,_Z,,Q,,2022-Q3,,75.6,,,,A,,0,,1,
DATAFLOW,OECD.SDD.TPS:DSD_LFS@DF_IALFS_EMP_WAP_Q(1.0),,I,CAN,,EMP_WAP,,PT_WAP_SUB,,_Z,,Y,,_T,,Y15T64,,_Z,,Q,,2022-Q4,,75.86667,,,,A,,0,,1,
DATAFLOW,OECD.SDD.TPS:DSD_LFS@DF_IALFS_EMP_WAP_Q(1.0),,I,CAN,,EMP_WAP,,PT_WAP_SUB,,_Z,,Y,,_T,,Y15T64,,_Z,,Q,,2023-Q1,,76.2,,,,A,,0,,1,
DATAFLOW,OECD.SDD.TPS:DSD_LFS@DF_IALFS_EMP_WAP_Q(1.0),,I,CAN,,EMP_WAP,,PT_WAP_SUB,,_Z,,Y,,_T,,Y15T64,,_Z,,Q,,2023-Q2,,76,,,,A,,0,,1,
DATAFLOW,OECD.SDD.TPS:DSD_LFS@DF_IALFS_EMP_WAP_Q(1.0),,I,CAN,,EMP_WAP,,PT_WAP_SUB,,_Z,,Y,,_T,,Y15T64,,_Z,,Q,,2023-Q3,,75.83334,,,,A,,0,,1,
DATAFLOW,OECD.SDD.TPS:DSD_LFS@DF_IALFS_EMP_WAP_Q(1.0),,I,CAN,,EMP_WAP,,PT_WAP_SUB,,_Z,,Y,,_T,,Y15T64,,_Z,,Q,,2023-Q4,,75.5,,,,A,,0,,1,
DATAFLOW,OECD.SDD.TPS:DSD_LFS@DF_IALFS_EMP_WAP_Q(1.0),,I,CAN,,EMP_WAP,,PT_WAP_SUB,,_Z,,Y,,_T,,Y15T64,,_Z,,Q,,2024-Q1,,75.16666,,,,A,,0,,1,
DATAFLOW,OECD.SDD.TPS:DSD_LFS@DF_IALFS_EMP_WAP_Q(1.0),,I,CAN,,EMP_WAP,,PT_WAP_SUB,,_Z,,Y,,_T,,Y15T64,,_Z,,Q,,2024-Q2,,74.86667,,,,A,,0,,1,
DATAFLOW,OECD.SDD.TPS:DSD_LFS@DF_IALFS_EMP_WAP_Q(1.0),,I,CAN,,EMP_WAP,,PT_WAP_SUB,,_Z,,Y,,_T,,Y15T64,,_Z,,Q,,2024-Q3,,74.36667,,,,A,,0,,1,
DATAFLOW,OECD.SDD.TPS:DSD_LFS@DF_IALFS_EMP_WAP_Q(1.0),,I,CAN,,EMP_WAP,,PT_WAP_SUB,,_Z,,Y,,_T,,Y15T64,,_Z,,Q,,2024-Q4,,74.23333,,,,A,,0,,1,
DATAFLOW,OECD.SDD.TPS:DSD_LFS@DF_IALFS_EMP_WAP_Q(1.0),,I,CAN,,EMP_WAP,,PT_WAP_SUB,,_Z,,Y,,_T,,Y15T64,,_Z,,Q,,2025-Q1,,74.33334,,,,A,,0,,1,
DATAFLOW,OECD.SDD.TPS:DSD_LFS@DF_IALFS_EMP_WAP_Q(1.0),,I,CAN,,EMP_WAP,,PT_WAP_SUB,,_Z,,Y,,_T,,Y15T64,,_Z,,Q,,2025-Q2,,74.03333,,,,A,,0,,1,
DATAFLOW,OECD.SDD.TPS:DSD_LFS@DF_IALFS_EMP_WAP_Q(1.0),,I,CAN,,EMP_WAP,,PT_WAP_SUB,,_Z,,Y,,_T,,Y15T64,,_Z,,Q,,2025-Q3,,73.96667,,,,A,,0,,1,
DATAFLOW,OECD.SDD.TPS:DSD_LFS@DF_IALFS_EMP_WAP_Q(1.0),,I,CAN,,EMP_WAP,,PT_WAP_SUB,,_Z,,Y,,_T,,Y15T64,,_Z,,Q,,2025-Q4,,74.46667,,,,A,,0,,1,
DATAFLOW,OECD.SDD.TPS:DSD_LFS@DF_IALFS_EMP_WAP_Q(1.0),,I,CAN,,EMP_WAP,,PT_WAP_SUB,,_Z,,Y,,_T,,Y15T64,,_Z,,Q,,2026-Q1,,74.33334,,,,A,,0,,1,
DATAFLOW,OECD.SDD.TPS:DSD_LFS@DF_IALFS_EMP_WAP_Q(1.0),,I,ISR,,EMP_WAP,,PT_WAP_SUB,,_Z,,Y,,_T,,Y15T64,,_Z,,Q,,1995-Q1,,56.25586,,,,A,,0,,1,
DATAFLOW,OECD.SDD.TPS:DSD_LFS@DF_IALFS_EMP_WAP_Q(1.0),,I,ISR,,EMP_WAP,,PT_WAP_SUB,,_Z,,Y,,_T,,Y15T64,,_Z,,Q,,1995-Q2,,56.51836,,,,A,,0,,1,
DATAFLOW,OECD.SDD.TPS:DSD_LFS@DF_IALFS_EMP_WAP_Q(1.0),,I,ISR,,EMP_WAP,,PT_WAP_SUB,,_Z,,Y,,_T,,Y15T64,,_Z,,Q,,1995-Q3,,56.74692,,,,A,,0,,1,
DATAFLOW,OECD.SDD.TPS:DSD_LFS@DF_IALFS_EMP_WAP_Q(1.0),,I,ISR,,EMP_WAP,,PT_WAP_SUB,,_Z,,Y,,_T,,Y15T64,,_Z,,Q,,1995-Q4,,56.53396,,,,A,,0,,1,
DATAFLOW,OECD.SDD.TPS:DSD_LFS@DF_IALFS_EMP_WAP_Q(1.0),,I,ISR,,EMP_WAP,,PT_WAP_SUB,,_Z,,Y,,_T,,Y15T64,,_Z,,Q,,1996-Q1,,56.36441,,,,A,,0,,1,
DATAFLOW,OECD.SDD.TPS:DSD_LFS@DF_IALFS_EMP_WAP_Q(1.0),,I,ISR,,EMP_WAP,,PT_WAP_SUB,,_Z,,Y,,_T,,Y15T64,,_Z,,Q,,1996-Q2,,56.74913,,,,A,,0,,1,
DATAFLOW,OECD.SDD.TPS:DSD_LFS@DF_IALFS_EMP_WAP_Q(1.0),,I,ISR,,EMP_WAP,,PT_WAP_SUB,,_Z,,Y,,_T,,Y15T64,,_Z,,Q,,1996-Q3,,56.39846,,,,A,,0,,1,
DATAFLOW,OECD.SDD.TPS:DSD_LFS@DF_IALFS_EMP_WAP_Q(1.0),,I,ISR,,EMP_WAP,,PT_WAP_SUB,,_Z,,Y,,_T,,Y15T64,,_Z,,Q,,1996-Q4,,55.94384,,,,A,,0,,1,
DATAFLOW,OECD.SDD.TPS:DSD_LFS@DF_IALFS_EMP_WAP_Q(1.0),,I,ISR,,EMP_WAP,,PT_WAP_SUB,,_Z,,Y,,_T,,Y15T64,,_Z,,Q,,1997-Q1,,55.88108,,,,A,,0,,1,
DATAFLOW,OECD.SDD.TPS:DSD_LFS@DF_IALFS_EMP_WAP_Q(1.0),,I,ISR,,EMP_WAP,,PT_WAP_SUB,,_Z,,Y,,_T,,Y15T64,,_Z,,Q,,1997-Q2,,55.97228,,,,A,,0,,1,
DATAFLOW,OECD.SDD.TPS:DSD_LFS@DF_IALFS_EMP_WAP_Q(1.0),,I,ISR,,EMP_WAP,,PT_WAP_SUB,,_Z,,Y,,_T,,Y15T64,,_Z,,Q,,1997-Q3,,55.58205,,,,A,,0,,1,
DATAFLOW,OECD.SDD.TPS:DSD_LFS@DF_IALFS_EMP_WAP_Q(1.0),,I,ISR,,EMP_WAP,,PT_WAP_SUB,,_Z,,Y,,_T,,Y15T64,,_Z,,Q,,1997-Q4,,55.37268,,,,A,,0,,1,
DATAFLOW,OECD.SDD.TPS:DSD_LFS@DF_IALFS_EMP_WAP_Q(1.0),,I,ISR,,EMP_WAP,,PT_WAP_SUB,,_Z,,Y,,_T,,Y15T64,,_Z,,Q,,1998-Q1,,55.55899,,,,A,,0,,1,
DATAFLOW,OECD.SDD.TPS:DSD_LFS@DF_IALFS_EMP_WAP_Q(1.0),,I,ISR,,EMP_WAP,,PT_WAP_SUB,,_Z,,Y,,_T,,Y15T64,,_Z,,Q,,1998-Q2,,54.75854,,,,A,,0,,1,
DATAFLOW,OECD.SDD.TPS:DSD_LFS@DF_IALFS_EMP_WAP_Q(1.0),,I,ISR,,EMP_WAP,,PT_WAP_SUB,,_Z,,Y,,_T,,Y15T64,,_Z,,Q,,1998-Q3,,55.35046,,,,A,,0,,1,
DATAFLOW,OECD.SDD.TPS:DSD_LFS@DF_IALFS_EMP_WAP_Q(1.0),,I,ISR,,EMP_WAP,,PT_WAP_SUB,,_Z,,Y,,_T,,Y15T64,,_Z,,Q,,1998-Q4,,55.26494,,,,A,,0,,1,
DATAFLOW,OECD.SDD.TPS:DSD_LFS@DF_IALFS_EMP_WAP_Q(1.0),,I,ISR,,EMP_WAP,,PT_WAP_SUB,,_Z,,Y,,_T,,Y15T64,,_Z,,Q,,1999-Q1,,55.31675,,,,A,,0,,1,
DATAFLOW,OECD.SDD.TPS:DSD_LFS@DF_IALFS_EMP_WAP_Q(1.0),,I,ISR,,EMP_WAP,,PT_WAP_SUB,,_Z,,Y,,_T,,Y15T64,,_Z,,Q,,1999-Q2,,55.13504,,,,A,,0,,1,
DATAFLOW,OECD.SDD.TPS:DSD_LFS@DF_IALFS_EMP_WAP_Q(1.0),,I,ISR,,EMP_WAP,,PT_WAP_SUB,,_Z,,Y,,_T,,Y15T64,,_Z,,Q,,1999-Q3,,55.3611,,,,A,,0,,1,
DATAFLOW,OECD.SDD.TPS:DSD_LFS@DF_IALFS_EMP_WAP_Q(1.0),,I,ISR,,EMP_WAP,,PT_WAP_SUB,,_Z,,Y,,_T,,Y15T64,,_Z,,Q,,1999-Q4,,56.0605,,,,A,,0,,1,
DATAFLOW,OECD.SDD.TPS:DSD_LFS@DF_IALFS_EMP_WAP_Q(1.0),,I,ISR,,EMP_WAP,,PT_WAP_SUB,,_Z,,Y,,_T,,Y15T64,,_Z,,Q,,2000-Q1,,55.69119,,,,A,,0,,1,
DATAFLOW,OECD.SDD.TPS:DSD_LFS@DF_IALFS_EMP_WAP_Q(1.0),,I,ISR,,EMP_WAP,,PT_WAP_SUB,,_Z,,Y,,_T,,Y15T64,,_Z,,Q,,2000-Q2,,56.2749,,,,A,,0,,1,
DATAFLOW,OECD.SDD.TPS:DSD_LFS@DF_IALFS_EMP_WAP_Q(1.0),,I,ISR,,EMP_WAP,,PT_WAP_SUB,,_Z,,Y,,_T,,Y15T64,,_Z,,Q,,2000-Q3,,56.33674,,,,A,,0,,1,
DATAFLOW,OECD.SDD.TPS:DSD_LFS@DF_IALFS_EMP_WAP_Q(1.0),,I,ISR,,EMP_WAP,,PT_WAP_SUB,,_Z,,Y,,_T,,Y15T64,,_Z,,Q,,2000-Q4,,56.00438,,,,A,,0,,1,
DATAFLOW,OECD.SDD.TPS:DSD_LFS@DF_IALFS_EMP_WAP_Q(1.0),,I,ISR,,EMP_WAP,,PT_WAP_SUB,,_Z,,Y,,_T,,Y15T64,,_Z,,Q,,2001-Q1,,55.85937,,,,A,,0,,1,
DATAFLOW,OECD.SDD.TPS:DSD_LFS@DF_IALFS_EMP_WAP_Q(1.0),,I,ISR,,EMP_WAP,,PT_WAP_SUB,,_Z,,Y,,_T,,Y15T64,,_Z,,Q,,2001-Q2,,55.81721,,,,A,,0,,1,
DATAFLOW,OECD.SDD.TPS:DSD_LFS@DF_IALFS_EMP_WAP_Q(1.0),,I,ISR,,EMP_WAP,,PT_WAP_SUB,,_Z,,Y,,_T,,Y15T64,,_Z,,Q,,2001-Q3,,55.76379,,,,A,,0,,1,
DATAFLOW,OECD.SDD.TPS:DSD_LFS@DF_IALFS_EMP_WAP_Q(1.0),,I,ISR,,EMP_WAP,,PT_WAP_SUB,,_Z,,Y,,_T,,Y15T64,,_Z,,Q,,2001-Q4,,54.819,,,,A,,0,,1,
DATAFLOW,OECD.SDD.TPS:DSD_LFS@DF_IALFS_EMP_WAP_Q(1.0),,I,ISR,,EMP_WAP,,PT_WAP_SUB,,_Z,,Y,,_T,,Y15T64,,_Z,,Q,,2002-Q1,,54.89688,,,,A,,0,,1,
DATAFLOW,OECD.SDD.TPS:DSD_LFS@DF_IALFS_EMP_WAP_Q(1.0),,I,ISR,,EMP_WAP,,PT_WAP_SUB,,_Z,,Y,,_T,,Y15T64,,_Z,,Q,,2002-Q2,,54.62809,,,,A,,0,,1,
DATAFLOW,OECD.SDD.TPS:DSD_LFS@DF_IALFS_EMP_WAP_Q(1.0),,I,ISR,,EMP_WAP,,PT_WAP_SUB,,_Z,,Y,,_T,,Y15T64,,_Z,,Q,,2002-Q3,,54.6306,,,,A,,0,,1,
DATAFLOW,OECD.SDD.TPS:DSD_LFS@DF_IALFS_EMP_WAP_Q(1.0),,I,ISR,,EMP_WAP,,PT_WAP_SUB,,_Z,,Y,,_T,,Y15T64,,_Z,,Q,,2002-Q4,,55.07424,,,,A,,0,,1,
DATAFLOW,OECD.SDD.TPS:DSD_LFS@DF_IALFS_EMP_WAP_Q(1.0),,I,ISR,,EMP_WAP,,PT_WAP_SUB,,_Z,,Y,,_T,,Y15T64,,_Z,,Q,,2003-Q1,,54.8335,,,,A,,0,,1,
DATAFLOW,OECD.SDD.TPS:DSD_LFS@DF_IALFS_EMP_WAP_Q(1.0),,I,ISR,,EMP_WAP,,PT_WAP_SUB,,_Z,,Y,,_T,,Y15T64,,_Z,,Q,,2003-Q2,,54.65598,,,,A,,0,,1,
DATAFLOW,OECD.SDD.TPS:DSD_LFS@DF_IALFS_EMP_WAP_Q(1.0),,I,ISR,,EMP_WAP,,PT_WAP_SUB,,_Z,,Y,,_T,,Y15T64,,_Z,,Q,,2003-Q3,,54.94355,,,,A,,0,,1,
DATAFLOW,OECD.SDD.TPS:DSD_LFS@DF_IALFS_EMP_WAP_Q(1.0),,I,ISR,,EMP_WAP,,PT_WAP_SUB,,_Z,,Y,,_T,,Y15T64,,_Z,,Q,,2003-Q4,,55.48483,,,,A,,0,,1,
DATAFLOW,OECD.SDD.TPS:DSD_LFS@DF_IALFS_EMP_WAP_Q(1.0),,I,ISR,,EMP_WAP,,PT_WAP_SUB,,_Z,,Y,,_T,,Y15T64,,_Z,,Q,,2004-Q1,,55.54826,,,,A,,0,,1,
DATAFLOW,OECD.SDD.TPS:DSD_LFS@DF_IALFS_EMP_WAP_Q(1.0),,I,ISR,,EMP_WAP,,PT_WAP_SUB,,_Z,,Y,,_T,,Y15T64,,_Z,,Q,,2004-Q2,,55.55364,,,,A,,0,,1,
DATAFLOW,OECD.SDD.TPS:DSD_LFS@DF_IALFS_EMP_WAP_Q(1.0),,I,ISR,,EMP_WAP,,PT_WAP_SUB,,_Z,,Y,,_T,,Y15T64,,_Z,,Q,,2004-Q3,,55.75999,,,,A,,0,,1,
DATAFLOW,OECD.SDD.TPS:DSD_LFS@DF_IALFS_EMP_WAP_Q(1.0),,I,ISR,,EMP_WAP,,PT_WAP_SUB,,_Z,,Y,,_T,,Y15T64,,_Z,,Q,,2004-Q4,,55.8115,,,,A,,0,,1,
DATAFLOW,OECD.SDD.TPS:DSD_LFS@DF_IALFS_EMP_WAP_Q(1.0),,I,ISR,,EMP_WAP,,PT_WAP_SUB,,_Z,,Y,,_T,,Y15T64,,_Z,,Q,,2005-Q1,,56.30405,,,,A,,0,,1,
DATAFLOW,OECD.SDD.TPS:DSD_LFS@DF_IALFS_EMP_WAP_Q(1.0),,I,ISR,,EMP_WAP,,PT_WAP_SUB,,_Z,,Y,,_T,,Y15T64,,_Z,,Q,,2005-Q2,,56.58496,,,,A,,0,,1,
DATAFLOW,OECD.SDD.TPS:DSD_LFS@DF_IALFS_EMP_WAP_Q(1.0),,I,ISR,,EMP_WAP,,PT_WAP_SUB,,_Z,,Y,,_T,,Y15T64,,_Z,,Q,,2005-Q3,,56.64585,,,,A,,0,,1,
DATAFLOW,OECD.SDD.TPS:DSD_LFS@DF_IALFS_EMP_WAP_Q(1.0),,I,ISR,,EMP_WAP,,PT_WAP_SUB,,_Z,,Y,,_T,,Y15T64,,_Z,,Q,,2005-Q4,,57.29629,,,,A,,0,,1,
DATAFLOW,OECD.SDD.TPS:DSD_LFS@DF_IALFS_EMP_WAP_Q(1.0),,I,ISR,,EMP_WAP,,PT_WAP_SUB,,_Z,,Y,,_T,,Y15T64,,_Z,,Q,,2006-Q1,,57.06282,,,,A,,0,,1,
DATAFLOW,OECD.SDD.TPS:DSD_LFS@DF_IALFS_EMP_WAP_Q(1.0),,I,ISR,,EMP_WAP,,PT_WAP_SUB,,_Z,,Y,,_T,,Y15T64,,_Z,,Q,,2006-Q2,,57.65908,,,,A,,0,,1,
DATAFLOW,OECD.SDD.TPS:DSD_LFS@DF_IALFS_EMP_WAP_Q(1.0),,I,ISR,,EMP_WAP,,PT_WAP_SUB,,_Z,,Y,,_T,,Y15T64,,_Z,,Q,,2006-Q3,,57.62113,,,,A,,0,,1,
DATAFLOW,OECD.SDD.TPS:DSD_LFS@DF_IALFS_EMP_WAP_Q(1.0),,I,ISR,,EMP_WAP,,PT_WAP_SUB,,_Z,,Y,,_T,,Y15T64,,_Z,,Q,,2006-Q4,,57.88453,,,,A,,0,,1,
DATAFLOW,OECD.SDD.TPS:DSD_LFS@DF_IALFS_EMP_WAP_Q(1.0),,I,ISR,,EMP_WAP,,PT_WAP_SUB,,_Z,,Y,,_T,,Y15T64,,_Z,,Q,,2007-Q1,,58.51684,,,,A,,0,,1,
DATAFLOW,OECD.SDD.TPS:DSD_LFS@DF_IALFS_EMP_WAP_Q(1.0),,I,ISR,,EMP_WAP,,PT_WAP_SUB,,_Z,,Y,,_T,,Y15T64,,_Z,,Q,,2007-Q2,,58.98199,,,,A,,0,,1,
DATAFLOW,OECD.SDD.TPS:DSD_LFS@DF_IALFS_EMP_WAP_Q(1.0),,I,ISR,,EMP_WAP,,PT_WAP_SUB,,_Z,,Y,,_T,,Y15T64,,_Z,,Q,,2007-Q3,,59.25274,,,,A,,0,,1,
DATAFLOW,OECD.SDD.TPS:DSD_LFS@DF_IALFS_EMP_WAP_Q(1.0),,I,ISR,,EMP_WAP,,PT_WAP_SUB,,_Z,,Y,,_T,,Y15T64,,_Z,,Q,,2007-Q4,,59.02209,,,,A,,0,,1,
DATAFLOW,OECD.SDD.TPS:DSD_LFS@DF_IALFS_EMP_WAP_Q(1.0),,I,ISR,,EMP_WAP,,PT_WAP_SUB,,_Z,,Y,,_T,,Y15T64,,_Z,,Q,,2008-Q1,,60.00135,,,,A,,0,,1,
DATAFLOW,OECD.SDD.TPS:DSD_LFS@DF_IALFS_EMP_WAP_Q(1.0),,I,ISR,,EMP_WAP,,PT_WAP_SUB,,_Z,,Y,,_T,,Y15T64,,_Z,,Q,,2008-Q2,,60.06408,,,,A,,0,,1,
DATAFLOW,OECD.SDD.TPS:DSD_LFS@DF_IALFS_EMP_WAP_Q(1.0),,I,ISR,,EMP_WAP,,PT_WAP_SUB,,_Z,,Y,,_T,,Y15T64,,_Z,,Q,,2008-Q3,,59.52131,,,,A,,0,,1,
DATAFLOW,OECD.SDD.TPS:DSD_LFS@DF_IALFS_EMP_WAP_Q(1.0),,I,ISR,,EMP_WAP,,PT_WAP_SUB,,_Z,,Y,,_T,,Y15T64,,_Z,,Q,,2008-Q4,,59.72697,,,,A,,0,,1,
DATAFLOW,OECD.SDD.TPS:DSD_LFS@DF_IALFS_EMP_WAP_Q(1.0),,I,ISR,,EMP_WAP,,PT_WAP_SUB,,_Z,,Y,,_T,,Y15T64,,_Z,,Q,,2009-Q1,,59.47644,,,,A,,0,,1,
DATAFLOW,OECD.SDD.TPS:DSD_LFS@DF_IALFS_EMP_WAP_Q(1.0),,I,ISR,,EMP_WAP,,PT_WAP_SUB,,_Z,,Y,,_T,,Y15T64,,_Z,,Q,,2009-Q2,,59.09364,,,,A,,0,,1,
DATAFLOW,OECD.SDD.TPS:DSD_LFS@DF_IALFS_EMP_WAP_Q(1.0),,I,ISR,,EMP_WAP,,PT_WAP_SUB,,_Z,,Y,,_T,,Y15T64,,_Z,,Q,,2009-Q3,,59.0868,,,,A,,0,,1,
DATAFLOW,OECD.SDD.TPS:DSD_LFS@DF_IALFS_EMP_WAP_Q(1.0),,I,ISR,,EMP_WAP,,PT_WAP_SUB,,_Z,,Y,,_T,,Y15T64,,_Z,,Q,,2009-Q4,,59.19567,,,,A,,0,,1,
DATAFLOW,OECD.SDD.TPS:DSD_LFS@DF_IALFS_EMP_WAP_Q(1.0),,I,ISR,,EMP_WAP,,PT_WAP_SUB,,_Z,,Y,,_T,,Y15T64,,_Z,,Q,,2010-Q1,,59.26575,,,,A,,0,,1,
DATAFLOW,OECD.SDD.TPS:DSD_LFS@DF_IALFS_EMP_WAP_Q(1.0),,I,ISR,,EMP_WAP,,PT_WAP_SUB,,_Z,,Y,,_T,,Y15T64,,_Z,,Q,,2010-Q2,,60.22796,,,,A,,0,,1,
DATAFLOW,OECD.SDD.TPS:DSD_LFS@DF_IALFS_EMP_WAP_Q(1.0),,I,ISR,,EMP_WAP,,PT_WAP_SUB,,_Z,,Y,,_T,,Y15T64,,_Z,,Q,,2010-Q3,,60.3257,,,,A,,0,,1,
DATAFLOW,OECD.SDD.TPS:DSD_LFS@DF_IALFS_EMP_WAP_Q(1.0),,I,ISR,,EMP_WAP,,PT_WAP_SUB,,_Z,,Y,,_T,,Y15T64,,_Z,,Q,,2010-Q4,,60.83028,,,,A,,0,,1,
DATAFLOW,OECD.SDD.TPS:DSD_LFS@DF_IALFS_EMP_WAP_Q(1.0),,I,ISR,,EMP_WAP,,PT_WAP_SUB,,_Z,,Y,,_T,,Y15T64,,_Z,,Q,,2011-Q1,,60.76044,,,,A,,0,,1,
DATAFLOW,OECD.SDD.TPS:DSD_LFS@DF_IALFS_EMP_WAP_Q(1.0),,I,ISR,,EMP_WAP,,PT_WAP_SUB,,_Z,,Y,,_T,,Y15T64,,_Z,,Q,,2011-Q2,,61.13394,,,,A,,0,,1,
DATAFLOW,OECD.SDD.TPS:DSD_LFS@DF_IALFS_EMP_WAP_Q(1.0),,I,ISR,,EMP_WAP,,PT_WAP_SUB,,_Z,,Y,,_T,,Y15T64,,_Z,,Q,,2011-Q3,,61.22466,,,,A,,0,,1,
DATAFLOW,OECD.SDD.TPS:DSD_LFS@DF_IALFS_EMP_WAP_Q(1.0),,I,ISR,,EMP_WAP,,PT_WAP_SUB,,_Z,,Y,,_T,,Y15T64,,_Z,,Q,,2011-Q4,,61.49828,,,,A,,0,,1,
DATAFLOW,OECD.SDD.TPS:DSD_LFS@DF_IALFS_EMP_WAP_Q(1.0),,I,ISR,,EMP_WAP,,PT_WAP_SUB,,_Z,,Y,,_T,,Y15T64,,_Z,,Q,,2012-Q1,,65.99366,,,,A,,0,,1,
DATAFLOW,OECD.SDD.TPS:DSD_LFS@DF_IALFS_EMP_WAP_Q(1.0),,I,ISR,,EMP_WAP,,PT_WAP_SUB,,_Z,,Y,,_T,,Y15T64,,_Z,,Q,,2012-Q2,,66.42638,,,,A,,0,,1,
DATAFLOW,OECD.SDD.TPS:DSD_LFS@DF_IALFS_EMP_WAP_Q(1.0),,I,ISR,,EMP_WAP,,PT_WAP_SUB,,_Z,,Y,,_T,,Y15T64,,_Z,,Q,,2012-Q3,,66.91824,,,,A,,0,,1,
DATAFLOW,OECD.SDD.TPS:DSD_LFS@DF_IALFS_EMP_WAP_Q(1.0),,I,ISR,,EMP_WAP,,PT_WAP_SUB,,_Z,,Y,,_T,,Y15T64,,_Z,,Q,,2012-Q4,,66.65569,,,,A,,0,,1,
DATAFLOW,OECD.SDD.TPS:DSD_LFS@DF_IALFS_EMP_WAP_Q(1.0),,I,ISR,,EMP_WAP,,PT_WAP_SUB,,_Z,,Y,,_T,,Y15T64,,_Z,,Q,,2013-Q1,,66.93204,,,,A,,0,,1,
DATAFLOW,OECD.SDD.TPS:DSD_LFS@DF_IALFS_EMP_WAP_Q(1.0),,I,ISR,,EMP_WAP,,PT_WAP_SUB,,_Z,,Y,,_T,,Y15T64,,_Z,,Q,,2013-Q2,,66.89808,,,,A,,0,,1,
DATAFLOW,OECD.SDD.TPS:DSD_LFS@DF_IALFS_EMP_WAP_Q(1.0),,I,ISR,,EMP_WAP,,PT_WAP_SUB,,_Z,,Y,,_T,,Y15T64,,_Z,,Q,,2013-Q3,,67.16773,,,,A,,0,,1,
DATAFLOW,OECD.SDD.TPS:DSD_LFS@DF_IALFS_EMP_WAP_Q(1.0),,I,ISR,,EMP_WAP,,PT_WAP_SUB,,_Z,,Y,,_T,,Y15T64,,_Z,,Q,,2013-Q4,,67.27357,,,,A,,0,,1,
DATAFLOW,OECD.SDD.TPS:DSD_LFS@DF_IALFS_EMP_WAP_Q(1.0),,I,ISR,,EMP_WAP,,PT_WAP_SUB,,_Z,,Y,,_T,,Y15T64,,_Z,,Q,,2014-Q1,,67.98328,,,,A,,0,,1,
DATAFLOW,OECD.SDD.TPS:DSD_LFS@DF_IALFS_EMP_WAP_Q(1.0),,I,ISR,,EMP_WAP,,PT_WAP_SUB,,_Z,,Y,,_T,,Y15T64,,_Z,,Q,,2014-Q2,,67.8147,,,,A,,0,,1,
DATAFLOW,OECD.SDD.TPS:DSD_LFS@DF_IALFS_EMP_WAP_Q(1.0),,I,ISR,,EMP_WAP,,PT_WAP_SUB,,_Z,,Y,,_T,,Y15T64,,_Z,,Q,,2014-Q3,,67.59286,,,,A,,0,,1,
DATAFLOW,OECD.SDD.TPS:DSD_LFS@DF_IALFS_EMP_WAP_Q(1.0),,I,ISR,,EMP_WAP,,PT_WAP_SUB,,_Z,,Y,,_T,,Y15T64,,_Z,,Q,,2014-Q4,,68.06328,,,,A,,0,,1,
DATAFLOW,OECD.SDD.TPS:DSD_LFS@DF_IALFS_EMP_WAP_Q(1.0),,I,ISR,,EMP_WAP,,PT_WAP_SUB,,_Z,,Y,,_T,,Y15T64,,_Z,,Q,,2015-Q1,,67.92882,,,,A,,0,,1,
DATAFLOW,OECD.SDD.TPS:DSD_LFS@DF_IALFS_EMP_WAP_Q(1.0),,I,ISR,,EMP_WAP,,PT_WAP_SUB,,_Z,,Y,,_T,,Y15T64,,_Z,,Q,,2015-Q2,,68.34718,,,,A,,0,,1,
DATAFLOW,OECD.SDD.TPS:DSD_LFS@DF_IALFS_EMP_WAP_Q(1.0),,I,ISR,,EMP_WAP,,PT_WAP_SUB,,_Z,,Y,,_T,,Y15T64,,_Z,,Q,,2015-Q3,,68.48386,,,,A,,0,,1,
DATAFLOW,OECD.SDD.TPS:DSD_LFS@DF_IALFS_EMP_WAP_Q(1.0),,I,ISR,,EMP_WAP,,PT_WAP_SUB,,_Z,,Y,,_T,,Y15T64,,_Z,,Q,,2015-Q4,,68.51615,,,,A,,0,,1,
DATAFLOW,OECD.SDD.TPS:DSD_LFS@DF_IALFS_EMP_WAP_Q(1.0),,I,ISR,,EMP_WAP,,PT_WAP_SUB,,_Z,,Y,,_T,,Y15T64,,_Z,,Q,,2016-Q1,,68.15389,,,,A,,0,,1,
DATAFLOW,OECD.SDD.TPS:DSD_LFS@DF_IALFS_EMP_WAP_Q(1.0),,I,ISR,,EMP_WAP,,PT_WAP_SUB,,_Z,,Y,,_T,,Y15T64,,_Z,,Q,,2016-Q2,,68.75122,,,,A,,0,,1,
DATAFLOW,OECD.SDD.TPS:DSD_LFS@DF_IALFS_EMP_WAP_Q(1.0),,I,ISR,,EMP_WAP,,PT_WAP_SUB,,_Z,,Y,,_T,,Y15T64,,_Z,,Q,,2016-Q3,,68.67052,,,,A,,0,,1,
DATAFLOW,OECD.SDD.TPS:DSD_LFS@DF_IALFS_EMP_WAP_Q(1.0),,I,ISR,,EMP_WAP,,PT_WAP_SUB,,_Z,,Y,,_T,,Y15T64,,_Z,,Q,,2016-Q4,,68.79435,,,,A,,0,,1,
DATAFLOW,OECD.SDD.TPS:DSD_LFS@DF_IALFS_EMP_WAP_Q(1.0),,I,ISR,,EMP_WAP,,PT_WAP_SUB,,_Z,,Y,,_T,,Y15T64,,_Z,,Q,,2017-Q1,,68.91104,,,,A,,0,,1,
DATAFLOW,OECD.SDD.TPS:DSD_LFS@DF_IALFS_EMP_WAP_Q(1.0),,I,ISR,,EMP_WAP,,PT_WAP_SUB,,_Z,,Y,,_T,,Y15T64,,_Z,,Q,,2017-Q2,,69.02238,,,,A,,0,,1,
DATAFLOW,OECD.SDD.TPS:DSD_LFS@DF_IALFS_EMP_WAP_Q(1.0),,I,ISR,,EMP_WAP,,PT_WAP_SUB,,_Z,,Y,,_T,,Y15T64,,_Z,,Q,,2017-Q3,,69.08184,,,,A,,0,,1,
DATAFLOW,OECD.SDD.TPS:DSD_LFS@DF_IALFS_EMP_WAP_Q(1.0),,I,ISR,,EMP_WAP,,PT_WAP_SUB,,_Z,,Y,,_T,,Y15T64,,_Z,,Q,,2017-Q4,,69.13879,,,,A,,0,,1,
DATAFLOW,OECD.SDD.TPS:DSD_LFS@DF_IALFS_EMP_WAP_Q(1.0),,I,ISR,,EMP_WAP,,PT_WAP_SUB,,_Z,,Y,,_T,,Y15T64,,_Z,,Q,,2018-Q1,,69.14741,,,,A,,0,,1,
DATAFLOW,OECD.SDD.TPS:DSD_LFS@DF_IALFS_EMP_WAP_Q(1.0),,I,ISR,,EMP_WAP,,PT_WAP_SUB,,_Z,,Y,,_T,,Y15T64,,_Z,,Q,,2018-Q2,,69.00799,,,,A,,0,,1,
DATAFLOW,OECD.SDD.TPS:DSD_LFS@DF_IALFS_EMP_WAP_Q(1.0),,I,ISR,,EMP_WAP,,PT_WAP_SUB,,_Z,,Y,,_T,,Y15T64,,_Z,,Q,,2018-Q3,,69.0038,,,,A,,0,,1,
DATAFLOW,OECD.SDD.TPS:DSD_LFS@DF_IALFS_EMP_WAP_Q(1.0),,I,ISR,,EMP_WAP,,PT_WAP_SUB,,_Z,,Y,,_T,,Y15T64,,_Z,,Q,,2018-Q4,,68.9432,,,,A,,0,,1,
DATAFLOW,OECD.SDD.TPS:DSD_LFS@DF_IALFS_EMP_WAP_Q(1.0),,I,ISR,,EMP_WAP,,PT_WAP_SUB,,_Z,,Y,,_T,,Y15T64,,_Z,,Q,,2019-Q1,,69.28185,,,,A,,0,,1,
DATAFLOW,OECD.SDD.TPS:DSD_LFS@DF_IALFS_EMP_WAP_Q(1.0),,I,ISR,,EMP_WAP,,PT_WAP_SUB,,_Z,,Y,,_T,,Y15T64,,_Z,,Q,,2019-Q2,,69.02079,,,,A,,0,,1,
DATAFLOW,OECD.SDD.TPS:DSD_LFS@DF_IALFS_EMP_WAP_Q(1.0),,I,ISR,,EMP_WAP,,PT_WAP_SUB,,_Z,,Y,,_T,,Y15T64,,_Z,,Q,,2019-Q3,,68.75559,,,,A,,0,,1,
DATAFLOW,OECD.SDD.TPS:DSD_LFS@DF_IALFS_EMP_WAP_Q(1.0),,I,ISR,,EMP_WAP,,PT_WAP_SUB,,_Z,,Y,,_T,,Y15T64,,_Z,,Q,,2019-Q4,,68.63848,,,,A,,0,,1,
DATAFLOW,OECD.SDD.TPS:DSD_LFS@DF_IALFS_EMP_WAP_Q(1.0),,I,ISR,,EMP_WAP,,PT_WAP_SUB,,_Z,,Y,,_T,,Y15T64,,_Z,,Q,,2020-Q1,,68.55983,,,,A,,0,,1,
DATAFLOW,OECD.SDD.TPS:DSD_LFS@DF_IALFS_EMP_WAP_Q(1.0),,I,ISR,,EMP_WAP,,PT_WAP_SUB,,_Z,,Y,,_T,,Y15T64,,_Z,,Q,,2020-Q2,,66.66637,,,,A,,0,,1,
DATAFLOW,OECD.SDD.TPS:DSD_LFS@DF_IALFS_EMP_WAP_Q(1.0),,I,ISR,,EMP_WAP,,PT_WAP_SUB,,_Z,,Y,,_T,,Y15T64,,_Z,,Q,,2020-Q3,,66.07011,,,,A,,0,,1,
DATAFLOW,OECD.SDD.TPS:DSD_LFS@DF_IALFS_EMP_WAP_Q(1.0),,I,ISR,,EMP_WAP,,PT_WAP_SUB,,_Z,,Y,,_T,,Y15T64,,_Z,,Q,,2020-Q4,,65.84128,,,,A,,0,,1,
DATAFLOW,OECD.SDD.TPS:DSD_LFS@DF_IALFS_EMP_WAP_Q(1.0),,I,ISR,,EMP_WAP,,PT_WAP_SUB,,_Z,,Y,,_T,,Y15T64,,_Z,,Q,,2021-Q1,,65.32439,,,,A,,0,,1,
DATAFLOW,OECD.SDD.TPS:DSD_LFS@DF_IALFS_EMP_WAP_Q(1.0),,I,ISR,,EMP_WAP,,PT_WAP_SUB,,_Z,,Y,,_T,,Y15T64,,_Z,,Q,,2021-Q2,,65.7274,,,,A,,0,,1,
DATAFLOW,OECD.SDD.TPS:DSD_LFS@DF_IALFS_EMP_WAP_Q(1.0),,I,ISR,,EMP_WAP,,PT_WAP_SUB,,_Z,,Y,,_T,,Y15T64,,_Z,,Q,,2021-Q3,,67.0599,,,,A,,0,,1,
DATAFLOW,OECD.SDD.TPS:DSD_LFS@DF_IALFS_EMP_WAP_Q(1.0),,I,ISR,,EMP_WAP,,PT_WAP_SUB,,_Z,,Y,,_T,,Y15T64,,_Z,,Q,,2021-Q4,,68.27402,,,,A,,0,,1,
DATAFLOW,OECD.SDD.TPS:DSD_LFS@DF_IALFS_EMP_WAP_Q(1.0),,I,ISR,,EMP_WAP,,PT_WAP_SUB,,_Z,,Y,,_T,,Y15T64,,_Z,,Q,,2022-Q1,,69.10661,,,,A,,0,,1,
DATAFLOW,OECD.SDD.TPS:DSD_LFS@DF_IALFS_EMP_WAP_Q(1.0),,I,ISR,,EMP_WAP,,PT_WAP_SUB,,_Z,,Y,,_T,,Y15T64,,_Z,,Q,,2022-Q2,,69.07901,,,,A,,0,,1,
DATAFLOW,OECD.SDD.TPS:DSD_LFS@DF_IALFS_EMP_WAP_Q(1.0),,I,ISR,,EMP_WAP,,PT_WAP_SUB,,_Z,,Y,,_T,,Y15T64,,_Z,,Q,,2022-Q3,,69.49599,,,,A,,0,,1,
DATAFLOW,OECD.SDD.TPS:DSD_LFS@DF_IALFS_EMP_WAP_Q(1.0),,I,ISR,,EMP_WAP,,PT_WAP_SUB,,_Z,,Y,,_T,,Y15T64,,_Z,,Q,,2022-Q4,,69.04402,,,,A,,0,,1,
DATAFLOW,OECD.SDD.TPS:DSD_LFS@DF_IALFS_EMP_WAP_Q(1.0),,I,ISR,,EMP_WAP,,PT_WAP_SUB,,_Z,,Y,,_T,,Y15T64,,_Z,,Q,,2023-Q1,,70.22717,,,,A,,0,,1,
DATAFLOW,OECD.SDD.TPS:DSD_LFS@DF_IALFS_EMP_WAP_Q(1.0),,I,ISR,,EMP_WAP,,PT_WAP_SUB,,_Z,,Y,,_T,,Y15T64,,_Z,,Q,,2023-Q2,,70.18546,,,,A,,0,,1,
DATAFLOW,OECD.SDD.TPS:DSD_LFS@DF_IALFS_EMP_WAP_Q(1.0),,I,ISR,,EMP_WAP,,PT_WAP_SUB,,_Z,,Y,,_T,,Y15T64,,_Z,,Q,,2023-Q3,,69.95627,,,,A,,0,,1,
DATAFLOW,OECD.SDD.TPS:DSD_LFS@DF_IALFS_EMP_WAP_Q(1.0),,I,ISR,,EMP_WAP,,PT_WAP_SUB,,_Z,,Y,,_T,,Y15T64,,_Z,,Q,,2023-Q4,,68.75789,,,,A,,0,,1,
DATAFLOW,OECD.SDD.TPS:DSD_LFS@DF_IALFS_EMP_WAP_Q(1.0),,I,ISR,,EMP_WAP,,PT_WAP_SUB,,_Z,,Y,,_T,,Y15T64,,_Z,,Q,,2024-Q1,,69.18139,,,,A,,0,,1,
DATAFLOW,OECD.SDD.TPS:DSD_LFS@DF_IALFS_EMP_WAP_Q(1.0),,I,ISR,,EMP_WAP,,PT_WAP_SUB,,_Z,,Y,,_T,,Y15T64,,_Z,,Q,,2024-Q2,,69.44855,,,,A,,0,,1,
DATAFLOW,OECD.SDD.TPS:DSD_LFS@DF_IALFS_EMP_WAP_Q(1.0),,I,ISR,,EMP_WAP,,PT_WAP_SUB,,_Z,,Y,,_T,,Y15T64,,_Z,,Q,,2024-Q3,,69.50149,,,,A,,0,,1,
DATAFLOW,OECD.SDD.TPS:DSD_LFS@DF_IALFS_EMP_WAP_Q(1.0),,I,ISR,,EMP_WAP,,PT_WAP_SUB,,_Z,,Y,,_T,,Y15T64,,_Z,,Q,,2024-Q4,,68.88232,,,,A,,0,,1,
DATAFLOW,OECD.SDD.TPS:DSD_LFS@DF_IALFS_EMP_WAP_Q(1.0),,I,ISR,,EMP_WAP,,PT_WAP_SUB,,_Z,,Y,,_T,,Y15T64,,_Z,,Q,,2025-Q1,,69.25241,,,,A,,0,,1,
DATAFLOW,OECD.SDD.TPS:DSD_LFS@DF_IALFS_EMP_WAP_Q(1.0),,I,ISR,,EMP_WAP,,PT_WAP_SUB,,_Z,,Y,,_T,,Y15T64,,_Z,,Q,,2025-Q2,,69.54051,,,,A,,0,,1,
DATAFLOW,OECD.SDD.TPS:DSD_LFS@DF_IALFS_EMP_WAP_Q(1.0),,I,ISR,,EMP_WAP,,PT_WAP_SUB,,_Z,,Y,,_T,,Y15T64,,_Z,,Q,,2025-Q3,,69.44848,,,,A,,0,,1,
DATAFLOW,OECD.SDD.TPS:DSD_LFS@DF_IALFS_EMP_WAP_Q(1.0),,I,ISR,,EMP_WAP,,PT_WAP_SUB,,_Z,,Y,,_T,,Y15T64,,_Z,,Q,,2025-Q4,,69.22771,,,,A,,0,,1,
DATAFLOW,OECD.SDD.TPS:DSD_LFS@DF_IALFS_EMP_WAP_Q(1.0),,I,ISR,,EMP_WAP,,PT_WAP_SUB,,_Z,,Y,,_T,,Y15T64,,_Z,,Q,,2026-Q1,,69.34959,,,,A,,0,,1,
DATAFLOW,OECD.SDD.TPS:DSD_LFS@DF_IALFS_EMP_WAP_Q(1.0),,I,CZE,,EMP_WAP,,PT_WAP_SUB,,_Z,,Y,,_T,,Y15T64,,_Z,,Q,,1998-Q1,,67.95014,,,,A,,0,,1,
DATAFLOW,OECD.SDD.TPS:DSD_LFS@DF_IALFS_EMP_WAP_Q(1.0),,I,CZE,,EMP_WAP,,PT_WAP_SUB,,_Z,,Y,,_T,,Y15T64,,_Z,,Q,,1998-Q2,,67.5261,,,,A,,0,,1,
DATAFLOW,OECD.SDD.TPS:DSD_LFS@DF_IALFS_EMP_WAP_Q(1.0),,I,CZE,,EMP_WAP,,PT_WAP_SUB,,_Z,,Y,,_T,,Y15T64,,_Z,,Q,,1998-Q3,,67.04948,,,,A,,0,,1,
DATAFLOW,OECD.SDD.TPS:DSD_LFS@DF_IALFS_EMP_WAP_Q(1.0),,I,CZE,,EMP_WAP,,PT_WAP_SUB,,_Z,,Y,,_T,,Y15T64,,_Z,,Q,,1998-Q4,,66.70611,,,,A,,0,,1,
DATAFLOW,OECD.SDD.TPS:DSD_LFS@DF_IALFS_EMP_WAP_Q(1.0),,I,CZE,,EMP_WAP,,PT_WAP_SUB,,_Z,,Y,,_T,,Y15T64,,_Z,,Q,,1999-Q1,,66.12798,,,,A,,0,,1,
DATAFLOW,OECD.SDD.TPS:DSD_LFS@DF_IALFS_EMP_WAP_Q(1.0),,I,CZE,,EMP_WAP,,PT_WAP_SUB,,_Z,,Y,,_T,,Y15T64,,_Z,,Q,,1999-Q2,,65.68301,,,,A,,0,,1,
DATAFLOW,OECD.SDD.TPS:DSD_LFS@DF_IALFS_EMP_WAP_Q(1.0),,I,CZE,,EMP_WAP,,PT_WAP_SUB,,_Z,,Y,,_T,,Y15T64,,_Z,,Q,,1999-Q3,,65.42816,,,,A,,0,,1,
DATAFLOW,OECD.SDD.TPS:DSD_LFS@DF_IALFS_EMP_WAP_Q(1.0),,I,CZE,,EMP_WAP,,PT_WAP_SUB,,_Z,,Y,,_T,,Y15T64,,_Z,,Q,,1999-Q4,,65.28506,,,,A,,0,,1,
DATAFLOW,OECD.SDD.TPS:DSD_LFS@DF_IALFS_EMP_WAP_Q(1.0),,I,CZE,,EMP_WAP,,PT_WAP_SUB,,_Z,,Y,,_T,,Y15T64,,_Z,,Q,,2000-Q1,,65.03928,,,,A,,0,,1,
DATAFLOW,OECD.SDD.TPS:DSD_LFS@DF_IALFS_EMP_WAP_Q(1.0),,I,CZE,,EMP_WAP,,PT_WAP_SUB,,_Z,,Y,,_T,,Y15T64,,_Z,,Q,,2000-Q2,,64.9222,,,,A,,0,,1,
DATAFLOW,OECD.SDD.TPS:DSD_LFS@DF_IALFS_EMP_WAP_Q(1.0),,I,CZE,,EMP_WAP,,PT_WAP_SUB,,_Z,,Y,,_T,,Y15T64,,_Z,,Q,,2000-Q3,,65.05498,,,,A,,0,,1,
DATAFLOW,OECD.SDD.TPS:DSD_LFS@DF_IALFS_EMP_WAP_Q(1.0),,I,CZE,,EMP_WAP,,PT_WAP_SUB,,_Z,,Y,,_T,,Y15T64,,_Z,,Q,,2000-Q4,,64.94864,,,,A,,0,,1,
DATAFLOW,OECD.SDD.TPS:DSD_LFS@DF_IALFS_EMP_WAP_Q(1.0),,I,CZE,,EMP_WAP,,PT_WAP_SUB,,_Z,,Y,,_T,,Y15T64,,_Z,,Q,,2001-Q1,,65.2596,,,,A,,0,,1,
DATAFLOW,OECD.SDD.TPS:DSD_LFS@DF_IALFS_EMP_WAP_Q(1.0),,I,CZE,,EMP_WAP,,PT_WAP_SUB,,_Z,,Y,,_T,,Y15T64,,_Z,,Q,,2001-Q2,,64.99141,,,,A,,0,,1,
DATAFLOW,OECD.SDD.TPS:DSD_LFS@DF_IALFS_EMP_WAP_Q(1.0),,I,CZE,,EMP_WAP,,PT_WAP_SUB,,_Z,,Y,,_T,,Y15T64,,_Z,,Q,,2001-Q3,,64.91683,,,,A,,0,,1,
DATAFLOW,OECD.SDD.TPS:DSD_LFS@DF_IALFS_EMP_WAP_Q(1.0),,I,CZE,,EMP_WAP,,PT_WAP_SUB,,_Z,,Y,,_T,,Y15T64,,_Z,,Q,,2001-Q4,,64.93478,,,,A,,0,,1,
DATAFLOW,OECD.SDD.TPS:DSD_LFS@DF_IALFS_EMP_WAP_Q(1.0),,I,CZE,,EMP_WAP,,PT_WAP_SUB,,_Z,,Y,,_T,,Y15T64,,_Z,,Q,,2002-Q1,,65.16294,,,,A,,0,,1,
DATAFLOW,OECD.SDD.TPS:DSD_LFS@DF_IALFS_EMP_WAP_Q(1.0),,I,CZE,,EMP_WAP,,PT_WAP_SUB,,_Z,,Y,,_T,,Y15T64,,_Z,,Q,,2002-Q2,,65.4805,,,,A,,0,,1,
DATAFLOW,OECD.SDD.TPS:DSD_LFS@DF_IALFS_EMP_WAP_Q(1.0),,I,CZE,,EMP_WAP,,PT_WAP_SUB,,_Z,,Y,,_T,,Y15T64,,_Z,,Q,,2002-Q3,,65.53316,,,,A,,0,,1,
DATAFLOW,OECD.SDD.TPS:DSD_LFS@DF_IALFS_EMP_WAP_Q(1.0),,I,CZE,,EMP_WAP,,PT_WAP_SUB,,_Z,,Y,,_T,,Y15T64,,_Z,,Q,,2002-Q4,,65.51144,,,,A,,0,,1,
DATAFLOW,OECD.SDD.TPS:DSD_LFS@DF_IALFS_EMP_WAP_Q(1.0),,I,CZE,,EMP_WAP,,PT_WAP_SUB,,_Z,,Y,,_T,,Y15T64,,_Z,,Q,,2003-Q1,,65.28738,,,,A,,0,,1,
DATAFLOW,OECD.SDD.TPS:DSD_LFS@DF_IALFS_EMP_WAP_Q(1.0),,I,CZE,,EMP_WAP,,PT_WAP_SUB,,_Z,,Y,,_T,,Y15T64,,_Z,,Q,,2003-Q2,,64.88704,,,,A,,0,,1,
DATAFLOW,OECD.SDD.TPS:DSD_LFS@DF_IALFS_EMP_WAP_Q(1.0),,I,CZE,,EMP_WAP,,PT_WAP_SUB,,_Z,,Y,,_T,,Y15T64,,_Z,,Q,,2003-Q3,,64.44174,,,,A,,0,,1,
DATAFLOW,OECD.SDD.TPS:DSD_LFS@DF_IALFS_EMP_WAP_Q(1.0),,I,CZE,,EMP_WAP,,PT_WAP_SUB,,_Z,,Y,,_T,,Y15T64,,_Z,,Q,,2003-Q4,,64.20135,,,,A,,0,,1,
DATAFLOW,OECD.SDD.TPS:DSD_LFS@DF_IALFS_EMP_WAP_Q(1.0),,I,CZE,,EMP_WAP,,PT_WAP_SUB,,_Z,,Y,,_T,,Y15T64,,_Z,,Q,,2004-Q1,,64.05292,,,,A,,0,,1,
DATAFLOW,OECD.SDD.TPS:DSD_LFS@DF_IALFS_EMP_WAP_Q(1.0),,I,CZE,,EMP_WAP,,PT_WAP_SUB,,_Z,,Y,,_T,,Y15T64,,_Z,,Q,,2004-Q2,,64.09998,,,,A,,0,,1,
DATAFLOW,OECD.SDD.TPS:DSD_LFS@DF_IALFS_EMP_WAP_Q(1.0),,I,CZE,,EMP_WAP,,PT_WAP_SUB,,_Z,,Y,,_T,,Y15T64,,_Z,,Q,,2004-Q3,,64.18537,,,,A,,0,,1,
DATAFLOW,OECD.SDD.TPS:DSD_LFS@DF_IALFS_EMP_WAP_Q(1.0),,I,CZE,,EMP_WAP,,PT_WAP_SUB,,_Z,,Y,,_T,,Y15T64,,_Z,,Q,,2004-Q4,,64.26543,,,,A,,0,,1,
DATAFLOW,OECD.SDD.TPS:DSD_LFS@DF_IALFS_EMP_WAP_Q(1.0),,I,CZE,,EMP_WAP,,PT_WAP_SUB,,_Z,,Y,,_T,,Y15T64,,_Z,,Q,,2005-Q1,,64.46118,,,,A,,0,,1,
DATAFLOW,OECD.SDD.TPS:DSD_LFS@DF_IALFS_EMP_WAP_Q(1.0),,I,CZE,,EMP_WAP,,PT_WAP_SUB,,_Z,,Y,,_T,,Y15T64,,_Z,,Q,,2005-Q2,,64.66875,,,,A,,0,,1,
DATAFLOW,OECD.SDD.TPS:DSD_LFS@DF_IALFS_EMP_WAP_Q(1.0),,I,CZE,,EMP_WAP,,PT_WAP_SUB,,_Z,,Y,,_T,,Y15T64,,_Z,,Q,,2005-Q3,,64.99458,,,,A,,0,,1,
DATAFLOW,OECD.SDD.TPS:DSD_LFS@DF_IALFS_EMP_WAP_Q(1.0),,I,CZE,,EMP_WAP,,PT_WAP_SUB,,_Z,,Y,,_T,,Y15T64,,_Z,,Q,,2005-Q4,,65.03207,,,,A,,0,,1,
DATAFLOW,OECD.SDD.TPS:DSD_LFS@DF_IALFS_EMP_WAP_Q(1.0),,I,CZE,,EMP_WAP,,PT_WAP_SUB,,_Z,,Y,,_T,,Y15T64,,_Z,,Q,,2006-Q1,,65.10559,,,,A,,0,,1,
DATAFLOW,OECD.SDD.TPS:DSD_LFS@DF_IALFS_EMP_WAP_Q(1.0),,I,CZE,,EMP_WAP,,PT_WAP_SUB,,_Z,,Y,,_T,,Y15T64,,_Z,,Q,,2006-Q2,,65.24158,,,,A,,0,,1,
DATAFLOW,OECD.SDD.TPS:DSD_LFS@DF_IALFS_EMP_WAP_Q(1.0),,I,CZE,,EMP_WAP,,PT_WAP_SUB,,_Z,,Y,,_T,,Y15T64,,_Z,,Q,,2006-Q3,,65.2645,,,,A,,0,,1,
DATAFLOW,OECD.SDD.TPS:DSD_LFS@DF_IALFS_EMP_WAP_Q(1.0),,I,CZE,,EMP_WAP,,PT_WAP_SUB,,_Z,,Y,,_T,,Y15T64,,_Z,,Q,,2006-Q4,,65.47226,,,,A,,0,,1,
DATAFLOW,OECD.SDD.TPS:DSD_LFS@DF_IALFS_EMP_WAP_Q(1.0),,I,CZE,,EMP_WAP,,PT_WAP_SUB,,_Z,,Y,,_T,,Y15T64,,_Z,,Q,,2007-Q1,,65.84854,,,,A,,0,,1,
DATAFLOW,OECD.SDD.TPS:DSD_LFS@DF_IALFS_EMP_WAP_Q(1.0),,I,CZE,,EMP_WAP,,PT_WAP_SUB,,_Z,,Y,,_T,,Y15T64,,_Z,,Q,,2007-Q2,,66.01561,,,,A,,0,,1,
DATAFLOW,OECD.SDD.TPS:DSD_LFS@DF_IALFS_EMP_WAP_Q(1.0),,I,CZE,,EMP_WAP,,PT_WAP_SUB,,_Z,,Y,,_T,,Y15T64,,_Z,,Q,,2007-Q3,,66.19106,,,,A,,0,,1,
DATAFLOW,OECD.SDD.TPS:DSD_LFS@DF_IALFS_EMP_WAP_Q(1.0),,I,CZE,,EMP_WAP,,PT_WAP_SUB,,_Z,,Y,,_T,,Y15T64,,_Z,,Q,,2007-Q4,,66.32885,,,,A,,0,,1,
DATAFLOW,OECD.SDD.TPS:DSD_LFS@DF_IALFS_EMP_WAP_Q(1.0),,I,CZE,,EMP_WAP,,PT_WAP_SUB,,_Z,,Y,,_T,,Y15T64,,_Z,,Q,,2008-Q1,,66.48099,,,,A,,0,,1,
DATAFLOW,OECD.SDD.TPS:DSD_LFS@DF_IALFS_EMP_WAP_Q(1.0),,I,CZE,,EMP_WAP,,PT_WAP_SUB,,_Z,,Y,,_T,,Y15T64,,_Z,,Q,,2008-Q2,,66.67662,,,,A,,0,,1,
DATAFLOW,OECD.SDD.TPS:DSD_LFS@DF_IALFS_EMP_WAP_Q(1.0),,I,CZE,,EMP_WAP,,PT_WAP_SUB,,_Z,,Y,,_T,,Y15T64,,_Z,,Q,,2008-Q3,,66.57475,,,,A,,0,,1,
DATAFLOW,OECD.SDD.TPS:DSD_LFS@DF_IALFS_EMP_WAP_Q(1.0),,I,CZE,,EMP_WAP,,PT_WAP_SUB,,_Z,,Y,,_T,,Y15T64,,_Z,,Q,,2008-Q4,,66.56721,,,,A,,0,,1,
DATAFLOW,OECD.SDD.TPS:DSD_LFS@DF_IALFS_EMP_WAP_Q(1.0),,I,CZE,,EMP_WAP,,PT_WAP_SUB,,_Z,,Y,,_T,,Y15T64,,_Z,,Q,,2009-Q1,,65.94419,,,,A,,0,,1,
DATAFLOW,OECD.SDD.TPS:DSD_LFS@DF_IALFS_EMP_WAP_Q(1.0),,I,CZE,,EMP_WAP,,PT_WAP_SUB,,_Z,,Y,,_T,,Y15T64,,_Z,,Q,,2009-Q2,,65.44328,,,,A,,0,,1,
DATAFLOW,OECD.SDD.TPS:DSD_LFS@DF_IALFS_EMP_WAP_Q(1.0),,I,CZE,,EMP_WAP,,PT_WAP_SUB,,_Z,,Y,,_T,,Y15T64,,_Z,,Q,,2009-Q3,,65.04813,,,,A,,0,,1,
DATAFLOW,OECD.SDD.TPS:DSD_LFS@DF_IALFS_EMP_WAP_Q(1.0),,I,CZE,,EMP_WAP,,PT_WAP_SUB,,_Z,,Y,,_T,,Y15T64,,_Z,,Q,,2009-Q4,,65.01998,,,,A,,0,,1,
DATAFLOW,OECD.SDD.TPS:DSD_LFS@DF_IALFS_EMP_WAP_Q(1.0),,I,CZE,,EMP_WAP,,PT_WAP_SUB,,_Z,,Y,,_T,,Y15T64,,_Z,,Q,,2010-Q1,,64.60223,,,,A,,0,,1,
DATAFLOW,OECD.SDD.TPS:DSD_LFS@DF_IALFS_EMP_WAP_Q(1.0),,I,CZE,,EMP_WAP,,PT_WAP_SUB,,_Z,,Y,,_T,,Y15T64,,_Z,,Q,,2010-Q2,,64.87519,,,,A,,0,,1,
DATAFLOW,OECD.SDD.TPS:DSD_LFS@DF_IALFS_EMP_WAP_Q(1.0),,I,CZE,,EMP_WAP,,PT_WAP_SUB,,_Z,,Y,,_T,,Y15T64,,_Z,,Q,,2010-Q3,,65.21535,,,,A,,0,,1,
DATAFLOW,OECD.SDD.TPS:DSD_LFS@DF_IALFS_EMP_WAP_Q(1.0),,I,CZE,,EMP_WAP,,PT_WAP_SUB,,_Z,,Y,,_T,,Y15T64,,_Z,,Q,,2010-Q4,,65.30608,,,,A,,0,,1,
DATAFLOW,OECD.SDD.TPS:DSD_LFS@DF_IALFS_EMP_WAP_Q(1.0),,I,CZE,,EMP_WAP,,PT_WAP_SUB,,_Z,,Y,,_T,,Y15T64,,_Z,,Q,,2011-Q1,,65.45182,,,,A,,0,,1,
DATAFLOW,OECD.SDD.TPS:DSD_LFS@DF_IALFS_EMP_WAP_Q(1.0),,I,CZE,,EMP_WAP,,PT_WAP_SUB,,_Z,,Y,,_T,,Y15T64,,_Z,,Q,,2011-Q2,,65.69901,,,,A,,0,,1,
DATAFLOW,OECD.SDD.TPS:DSD_LFS@DF_IALFS_EMP_WAP_Q(1.0),,I,CZE,,EMP_WAP,,PT_WAP_SUB,,_Z,,Y,,_T,,Y15T64,,_Z,,Q,,2011-Q3,,65.89706,,,,A,,0,,1,
DATAFLOW,OECD.SDD.TPS:DSD_LFS@DF_IALFS_EMP_WAP_Q(1.0),,I,CZE,,EMP_WAP,,PT_WAP_SUB,,_Z,,Y,,_T,,Y15T64,,_Z,,Q,,2011-Q4,,65.92512,,,,A,,0,,1,
DATAFLOW,OECD.SDD.TPS:DSD_LFS@DF_IALFS_EMP_WAP_Q(1.0),,I,CZE,,EMP_WAP,,PT_WAP_SUB,,_Z,,Y,,_T,,Y15T64,,_Z,,Q,,2012-Q1,,66.01714,,,,A,,0,,1,
DATAFLOW,OECD.SDD.TPS:DSD_LFS@DF_IALFS_EMP_WAP_Q(1.0),,I,CZE,,EMP_WAP,,PT_WAP_SUB,,_Z,,Y,,_T,,Y15T64,,_Z,,Q,,2012-Q2,,66.43488,,,,A,,0,,1,
DATAFLOW,OECD.SDD.TPS:DSD_LFS@DF_IALFS_EMP_WAP_Q(1.0),,I,CZE,,EMP_WAP,,PT_WAP_SUB,,_Z,,Y,,_T,,Y15T64,,_Z,,Q,,2012-Q3,,66.8338,,,,A,,0,,1,
DATAFLOW,OECD.SDD.TPS:DSD_LFS@DF_IALFS_EMP_WAP_Q(1.0),,I,CZE,,EMP_WAP,,PT_WAP_SUB,,_Z,,Y,,_T,,Y15T64,,_Z,,Q,,2012-Q4,,66.87756,,,,A,,0,,1,
DATAFLOW,OECD.SDD.TPS:DSD_LFS@DF_IALFS_EMP_WAP_Q(1.0),,I,CZE,,EMP_WAP,,PT_WAP_SUB,,_Z,,Y,,_T,,Y15T64,,_Z,,Q,,2013-Q1,,67.25847,,,,A,,0,,1,
DATAFLOW,OECD.SDD.TPS:DSD_LFS@DF_IALFS_EMP_WAP_Q(1.0),,I,CZE,,EMP_WAP,,PT_WAP_SUB,,_Z,,Y,,_T,,Y15T64,,_Z,,Q,,2013-Q2,,67.75339,,,,A,,0,,1,
DATAFLOW,OECD.SDD.TPS:DSD_LFS@DF_IALFS_EMP_WAP_Q(1.0),,I,CZE,,EMP_WAP,,PT_WAP_SUB,,_Z,,Y,,_T,,Y15T64,,_Z,,Q,,2013-Q3,,67.83295,,,,A,,0,,1,
DATAFLOW,OECD.SDD.TPS:DSD_LFS@DF_IALFS_EMP_WAP_Q(1.0),,I,CZE,,EMP_WAP,,PT_WAP_SUB,,_Z,,Y,,_T,,Y15T64,,_Z,,Q,,2013-Q4,,68.10411,,,,A,,0,,1,
DATAFLOW,OECD.SDD.TPS:DSD_LFS@DF_IALFS_EMP_WAP_Q(1.0),,I,CZE,,EMP_WAP,,PT_WAP_SUB,,_Z,,Y,,_T,,Y15T64,,_Z,,Q,,2014-Q1,,68.42014,,,,A,,0,,1,
DATAFLOW,OECD.SDD.TPS:DSD_LFS@DF_IALFS_EMP_WAP_Q(1.0),,I,CZE,,EMP_WAP,,PT_WAP_SUB,,_Z,,Y,,_T,,Y15T64,,_Z,,Q,,2014-Q2,,68.69713,,,,A,,0,,1,
DATAFLOW,OECD.SDD.TPS:DSD_LFS@DF_IALFS_EMP_WAP_Q(1.0),,I,CZE,,EMP_WAP,,PT_WAP_SUB,,_Z,,Y,,_T,,Y15T64,,_Z,,Q,,2014-Q3,,69.15233,,,,A,,0,,1,
DATAFLOW,OECD.SDD.TPS:DSD_LFS@DF_IALFS_EMP_WAP_Q(1.0),,I,CZE,,EMP_WAP,,PT_WAP_SUB,,_Z,,Y,,_T,,Y15T64,,_Z,,Q,,2014-Q4,,69.58636,,,,A,,0,,1,
DATAFLOW,OECD.SDD.TPS:DSD_LFS@DF_IALFS_EMP_WAP_Q(1.0),,I,CZE,,EMP_WAP,,PT_WAP_SUB,,_Z,,Y,,_T,,Y15T64,,_Z,,Q,,2015-Q1,,69.73052,,,,A,,0,,1,
DATAFLOW,OECD.SDD.TPS:DSD_LFS@DF_IALFS_EMP_WAP_Q(1.0),,I,CZE,,EMP_WAP,,PT_WAP_SUB,,_Z,,Y,,_T,,Y15T64,,_Z,,Q,,2015-Q2,,70.18697,,,,A,,0,,1,
DATAFLOW,OECD.SDD.TPS:DSD_LFS@DF_IALFS_EMP_WAP_Q(1.0),,I,CZE,,EMP_WAP,,PT_WAP_SUB,,_Z,,Y,,_T,,Y15T64,,_Z,,Q,,2015-Q3,,70.35423,,,,A,,0,,1,
DATAFLOW,OECD.SDD.TPS:DSD_LFS@DF_IALFS_EMP_WAP_Q(1.0),,I,CZE,,EMP_WAP,,PT_WAP_SUB,,_Z,,Y,,_T,,Y15T64,,_Z,,Q,,2015-Q4,,70.6403,,,,A,,0,,1,
DATAFLOW,OECD.SDD.TPS:DSD_LFS@DF_IALFS_EMP_WAP_Q(1.0),,I,CZE,,EMP_WAP,,PT_WAP_SUB,,_Z,,Y,,_T,,Y15T64,,_Z,,Q,,2016-Q1,,71.36653,,,,A,,0,,1,
DATAFLOW,OECD.SDD.TPS:DSD_LFS@DF_IALFS_EMP_WAP_Q(1.0),,I,CZE,,EMP_WAP,,PT_WAP_SUB,,_Z,,Y,,_T,,Y15T64,,_Z,,Q,,2016-Q2,,71.7444,,,,A,,0,,1,
DATAFLOW,OECD.SDD.TPS:DSD_LFS@DF_IALFS_EMP_WAP_Q(1.0),,I,CZE,,EMP_WAP,,PT_WAP_SUB,,_Z,,Y,,_T,,Y15T64,,_Z,,Q,,2016-Q3,,72.07128,,,,A,,0,,1,
DATAFLOW,OECD.SDD.TPS:DSD_LFS@DF_IALFS_EMP_WAP_Q(1.0),,I,CZE,,EMP_WAP,,PT_WAP_SUB,,_Z,,Y,,_T,,Y15T64,,_Z,,Q,,2016-Q4,,72.74032,,,,A,,0,,1,
DATAFLOW,OECD.SDD.TPS:DSD_LFS@DF_IALFS_EMP_WAP_Q(1.0),,I,CZE,,EMP_WAP,,PT_WAP_SUB,,_Z,,Y,,_T,,Y15T64,,_Z,,Q,,2017-Q1,,73.06618,,,,A,,0,,1,
DATAFLOW,OECD.SDD.TPS:DSD_LFS@DF_IALFS_EMP_WAP_Q(1.0),,I,CZE,,EMP_WAP,,PT_WAP_SUB,,_Z,,Y,,_T,,Y15T64,,_Z,,Q,,2017-Q2,,73.39686,,,,A,,0,,1,
DATAFLOW,OECD.SDD.TPS:DSD_LFS@DF_IALFS_EMP_WAP_Q(1.0),,I,CZE,,EMP_WAP,,PT_WAP_SUB,,_Z,,Y,,_T,,Y15T64,,_Z,,Q,,2017-Q3,,73.98214,,,,A,,0,,1,
DATAFLOW,OECD.SDD.TPS:DSD_LFS@DF_IALFS_EMP_WAP_Q(1.0),,I,CZE,,EMP_WAP,,PT_WAP_SUB,,_Z,,Y,,_T,,Y15T64,,_Z,,Q,,2017-Q4,,74.13992,,,,A,,0,,1,
DATAFLOW,OECD.SDD.TPS:DSD_LFS@DF_IALFS_EMP_WAP_Q(1.0),,I,CZE,,EMP_WAP,,PT_WAP_SUB,,_Z,,Y,,_T,,Y15T64,,_Z,,Q,,2018-Q1,,74.4968,,,,A,,0,,1,
DATAFLOW,OECD.SDD.TPS:DSD_LFS@DF_IALFS_EMP_WAP_Q(1.0),,I,CZE,,EMP_WAP,,PT_WAP_SUB,,_Z,,Y,,_T,,Y15T64,,_Z,,Q,,2018-Q2,,74.76675,,,,A,,0,,1,
DATAFLOW,OECD.SDD.TPS:DSD_LFS@DF_IALFS_EMP_WAP_Q(1.0),,I,CZE,,EMP_WAP,,PT_WAP_SUB,,_Z,,Y,,_T,,Y15T64,,_Z,,Q,,2018-Q3,,74.84787,,,,A,,0,,1,
DATAFLOW,OECD.SDD.TPS:DSD_LFS@DF_IALFS_EMP_WAP_Q(1.0),,I,CZE,,EMP_WAP,,PT_WAP_SUB,,_Z,,Y,,_T,,Y15T64,,_Z,,Q,,2018-Q4,,75.16805,,,,A,,0,,1,
DATAFLOW,OECD.SDD.TPS:DSD_LFS@DF_IALFS_EMP_WAP_Q(1.0),,I,CZE,,EMP_WAP,,PT_WAP_SUB,,_Z,,Y,,_T,,Y15T64,,_Z,,Q,,2019-Q1,,75.26706,,,,A,,0,,1,
DATAFLOW,OECD.SDD.TPS:DSD_LFS@DF_IALFS_EMP_WAP_Q(1.0),,I,CZE,,EMP_WAP,,PT_WAP_SUB,,_Z,,Y,,_T,,Y15T64,,_Z,,Q,,2019-Q2,,75.1539,,,,A,,0,,1,
DATAFLOW,OECD.SDD.TPS:DSD_LFS@DF_IALFS_EMP_WAP_Q(1.0),,I,CZE,,EMP_WAP,,PT_WAP_SUB,,_Z,,Y,,_T,,Y15T64,,_Z,,Q,,2019-Q3,,75.06525,,,,A,,0,,1,
DATAFLOW,OECD.SDD.TPS:DSD_LFS@DF_IALFS_EMP_WAP_Q(1.0),,I,CZE,,EMP_WAP,,PT_WAP_SUB,,_Z,,Y,,_T,,Y15T64,,_Z,,Q,,2019-Q4,,75.05766,,,,A,,0,,1,
DATAFLOW,OECD.SDD.TPS:DSD_LFS@DF_IALFS_EMP_WAP_Q(1.0),,I,CZE,,EMP_WAP,,PT_WAP_SUB,,_Z,,Y,,_T,,Y15T64,,_Z,,Q,,2020-Q1,,75.06802,,,,A,,0,,1,
DATAFLOW,OECD.SDD.TPS:DSD_LFS@DF_IALFS_EMP_WAP_Q(1.0),,I,CZE,,EMP_WAP,,PT_WAP_SUB,,_Z,,Y,,_T,,Y15T64,,_Z,,Q,,2020-Q2,,74.23583,,,,A,,0,,1,
DATAFLOW,OECD.SDD.TPS:DSD_LFS@DF_IALFS_EMP_WAP_Q(1.0),,I,CZE,,EMP_WAP,,PT_WAP_SUB,,_Z,,Y,,_T,,Y15T64,,_Z,,Q,,2020-Q3,,74.16039,,,,A,,0,,1,
DATAFLOW,OECD.SDD.TPS:DSD_LFS@DF_IALFS_EMP_WAP_Q(1.0),,I,CZE,,EMP_WAP,,PT_WAP_SUB,,_Z,,Y,,_T,,Y15T64,,_Z,,Q,,2020-Q4,,74.08207,,,,A,,0,,1,
DATAFLOW,OECD.SDD.TPS:DSD_LFS@DF_IALFS_EMP_WAP_Q(1.0),,I,CZE,,EMP_WAP,,PT_WAP_SUB,,_Z,,Y,,_T,,Y15T64,,_Z,,Q,,2021-Q1,,73.96376,,,,A,,0,,1,
DATAFLOW,OECD.SDD.TPS:DSD_LFS@DF_IALFS_EMP_WAP_Q(1.0),,I,CZE,,EMP_WAP,,PT_WAP_SUB,,_Z,,Y,,_T,,Y15T64,,_Z,,Q,,2021-Q2,,73.79859,,,,A,,0,,1,
DATAFLOW,OECD.SDD.TPS:DSD_LFS@DF_IALFS_EMP_WAP_Q(1.0),,I,CZE,,EMP_WAP,,PT_WAP_SUB,,_Z,,Y,,_T,,Y15T64,,_Z,,Q,,2021-Q3,,74.72897,,,,A,,0,,1,
DATAFLOW,OECD.SDD.TPS:DSD_LFS@DF_IALFS_EMP_WAP_Q(1.0),,I,CZE,,EMP_WAP,,PT_WAP_SUB,,_Z,,Y,,_T,,Y15T64,,_Z,,Q,,2021-Q4,,75.09443,,,,A,,0,,1,
DATAFLOW,OECD.SDD.TPS:DSD_LFS@DF_IALFS_EMP_WAP_Q(1.0),,I,CZE,,EMP_WAP,,PT_WAP_SUB,,_Z,,Y,,_T,,Y15T64,,_Z,,Q,,2022-Q1,,75.37969,,,,A,,0,,1,
DATAFLOW,OECD.SDD.TPS:DSD_LFS@DF_IALFS_EMP_WAP_Q(1.0),,I,CZE,,EMP_WAP,,PT_WAP_SUB,,_Z,,Y,,_T,,Y15T64,,_Z,,Q,,2022-Q2,,75.3985,,,,A,,0,,1,
DATAFLOW,OECD.SDD.TPS:DSD_LFS@DF_IALFS_EMP_WAP_Q(1.0),,I,CZE,,EMP_WAP,,PT_WAP_SUB,,_Z,,Y,,_T,,Y15T64,,_Z,,Q,,2022-Q3,,75.61332,,,,A,,0,,1,
DATAFLOW,OECD.SDD.TPS:DSD_LFS@DF_IALFS_EMP_WAP_Q(1.0),,I,CZE,,EMP_WAP,,PT_WAP_SUB,,_Z,,Y,,_T,,Y15T64,,_Z,,Q,,2022-Q4,,75.51775,,,,A,,0,,1,
DATAFLOW,OECD.SDD.TPS:DSD_LFS@DF_IALFS_EMP_WAP_Q(1.0),,I,CZE,,EMP_WAP,,PT_WAP_SUB,,_Z,,Y,,_T,,Y15T64,,_Z,,Q,,2023-Q1,,74.89974,,,,A,,0,,1,
DATAFLOW,OECD.SDD.TPS:DSD_LFS@DF_IALFS_EMP_WAP_Q(1.0),,I,CZE,,EMP_WAP,,PT_WAP_SUB,,_Z,,Y,,_T,,Y15T64,,_Z,,Q,,2023-Q2,,75.29,,,,A,,0,,1,
DATAFLOW,OECD.SDD.TPS:DSD_LFS@DF_IALFS_EMP_WAP_Q(1.0),,I,CZE,,EMP_WAP,,PT_WAP_SUB,,_Z,,Y,,_T,,Y15T64,,_Z,,Q,,2023-Q3,,75.0871,,,,A,,0,,1,
DATAFLOW,OECD.SDD.TPS:DSD_LFS@DF_IALFS_EMP_WAP_Q(1.0),,I,CZE,,EMP_WAP,,PT_WAP_SUB,,_Z,,Y,,_T,,Y15T64,,_Z,,Q,,2023-Q4,,75.15785,,,,A,,0,,1,
DATAFLOW,OECD.SDD.TPS:DSD_LFS@DF_IALFS_EMP_WAP_Q(1.0),,I,CZE,,EMP_WAP,,PT_WAP_SUB,,_Z,,Y,,_T,,Y15T64,,_Z,,Q,,2024-Q1,,75.37208,,,,A,,0,,1,
DATAFLOW,OECD.SDD.TPS:DSD_LFS@DF_IALFS_EMP_WAP_Q(1.0),,I,CZE,,EMP_WAP,,PT_WAP_SUB,,_Z,,Y,,_T,,Y15T64,,_Z,,Q,,2024-Q2,,75.27136,,,,A,,0,,1,
DATAFLOW,OECD.SDD.TPS:DSD_LFS@DF_IALFS_EMP_WAP_Q(1.0),,I,CZE,,EMP_WAP,,PT_WAP_SUB,,_Z,,Y,,_T,,Y15T64,,_Z,,Q,,2024-Q3,,75.46625,,,,A,,0,,1,
DATAFLOW,OECD.SDD.TPS:DSD_LFS@DF_IALFS_EMP_WAP_Q(1.0),,I,CZE,,EMP_WAP,,PT_WAP_SUB,,_Z,,Y,,_T,,Y15T64,,_Z,,Q,,2024-Q4,,75.6189,,,,A,,0,,1,
DATAFLOW,OECD.SDD.TPS:DSD_LFS@DF_IALFS_EMP_WAP_Q(1.0),,I,CZE,,EMP_WAP,,PT_WAP_SUB,,_Z,,Y,,_T,,Y15T64,,_Z,,Q,,2025-Q1,,75.86047,,,,A,,0,,1,
DATAFLOW,OECD.SDD.TPS:DSD_LFS@DF_IALFS_EMP_WAP_Q(1.0),,I,CZE,,EMP_WAP,,PT_WAP_SUB,,_Z,,Y,,_T,,Y15T64,,_Z,,Q,,2025-Q2,,75.78391,,,,A,,0,,1,
DATAFLOW,OECD.SDD.TPS:DSD_LFS@DF_IALFS_EMP_WAP_Q(1.0),,I,CZE,,EMP_WAP,,PT_WAP_SUB,,_Z,,Y,,_T,,Y15T64,,_Z,,Q,,2025-Q3,,75.72464,,,,A,,0,,1,
DATAFLOW,OECD.SDD.TPS:DSD_LFS@DF_IALFS_EMP_WAP_Q(1.0),,I,CZE,,EMP_WAP,,PT_WAP_SUB,,_Z,,Y,,_T,,Y15T64,,_Z,,Q,,2025-Q4,,75.52651,,,,A,,0,,1,
DATAFLOW,OECD.SDD.TPS:DSD_LFS@DF_IALFS_EMP_WAP_Q(1.0),,I,CZE,,EMP_WAP,,PT_WAP_SUB,,_Z,,Y,,_T,,Y15T64,,_Z,,Q,,2026-Q1,,75.87579,,,,A,,0,,1,
DATAFLOW,OECD.SDD.TPS:DSD_LFS@DF_IALFS_EMP_WAP_Q(1.0),,I,FIN,,EMP_WAP,,PT_WAP_SUB,,_Z,,Y,,_T,,Y15T64,,_Z,,Q,,1998-Q1,,63.9455,,,,A,,0,,1,
DATAFLOW,OECD.SDD.TPS:DSD_LFS@DF_IALFS_EMP_WAP_Q(1.0),,I,FIN,,EMP_WAP,,PT_WAP_SUB,,_Z,,Y,,_T,,Y15T64,,_Z,,Q,,1998-Q2,,62.68186,,,,A,,0,,1,
DATAFLOW,OECD.SDD.TPS:DSD_LFS@DF_IALFS_EMP_WAP_Q(1.0),,I,FIN,,EMP_WAP,,PT_WAP_SUB,,_Z,,Y,,_T,,Y15T64,,_Z,,Q,,1998-Q3,,64.54234,,,,A,,0,,1,
DATAFLOW,OECD.SDD.TPS:DSD_LFS@DF_IALFS_EMP_WAP_Q(1.0),,I,FIN,,EMP_WAP,,PT_WAP_SUB,,_Z,,Y,,_T,,Y15T64,,_Z,,Q,,1998-Q4,,64.99767,,,,A,,0,,1,
DATAFLOW,OECD.SDD.TPS:DSD_LFS@DF_IALFS_EMP_WAP_Q(1.0),,I,FIN,,EMP_WAP,,PT_WAP_SUB,,_Z,,Y,,_T,,Y15T64,,_Z,,Q,,1999-Q1,,65.7142,,,,A,,0,,1,
DATAFLOW,OECD.SDD.TPS:DSD_LFS@DF_IALFS_EMP_WAP_Q(1.0),,I,FIN,,EMP_WAP,,PT_WAP_SUB,,_Z,,Y,,_T,,Y15T64,,_Z,,Q,,1999-Q2,,66.69583,,,,A,,0,,1,
DATAFLOW,OECD.SDD.TPS:DSD_LFS@DF_IALFS_EMP_WAP_Q(1.0),,I,FIN,,EMP_WAP,,PT_WAP_SUB,,_Z,,Y,,_T,,Y15T64,,_Z,,Q,,1999-Q3,,66.33366,,,,A,,0,,1,
DATAFLOW,OECD.SDD.TPS:DSD_LFS@DF_IALFS_EMP_WAP_Q(1.0),,I,FIN,,EMP_WAP,,PT_WAP_SUB,,_Z,,Y,,_T,,Y15T64,,_Z,,Q,,1999-Q4,,66.36963,,,,A,,0,,1,
DATAFLOW,OECD.SDD.TPS:DSD_LFS@DF_IALFS_EMP_WAP_Q(1.0),,I,FIN,,EMP_WAP,,PT_WAP_SUB,,_Z,,Y,,_T,,Y15T64,,_Z,,Q,,2000-Q1,,66.33025,,,,A,,0,,1,
DATAFLOW,OECD.SDD.TPS:DSD_LFS@DF_IALFS_EMP_WAP_Q(1.0),,I,FIN,,EMP_WAP,,PT_WAP_SUB,,_Z,,Y,,_T,,Y15T64,,_Z,,Q,,2000-Q2,,67.33133,,,,A,,0,,1,
DATAFLOW,OECD.SDD.TPS:DSD_LFS@DF_IALFS_EMP_WAP_Q(1.0),,I,FIN,,EMP_WAP,,PT_WAP_SUB,,_Z,,Y,,_T,,Y15T64,,_Z,,Q,,2000-Q3,,67.55749,,,,A,,0,,1,
DATAFLOW,OECD.SDD.TPS:DSD_LFS@DF_IALFS_EMP_WAP_Q(1.0),,I,FIN,,EMP_WAP,,PT_WAP_SUB,,_Z,,Y,,_T,,Y15T64,,_Z,,Q,,2000-Q4,,67.44533,,,,A,,0,,1,
DATAFLOW,OECD.SDD.TPS:DSD_LFS@DF_IALFS_EMP_WAP_Q(1.0),,I,FIN,,EMP_WAP,,PT_WAP_SUB,,_Z,,Y,,_T,,Y15T64,,_Z,,Q,,2001-Q1,,67.70278,,,,A,,0,,1,
DATAFLOW,OECD.SDD.TPS:DSD_LFS@DF_IALFS_EMP_WAP_Q(1.0),,I,FIN,,EMP_WAP,,PT_WAP_SUB,,_Z,,Y,,_T,,Y15T64,,_Z,,Q,,2001-Q2,,68.26997,,,,A,,0,,1,
DATAFLOW,OECD.SDD.TPS:DSD_LFS@DF_IALFS_EMP_WAP_Q(1.0),,I,FIN,,EMP_WAP,,PT_WAP_SUB,,_Z,,Y,,_T,,Y15T64,,_Z,,Q,,2001-Q3,,68.08272,,,,A,,0,,1,
DATAFLOW,OECD.SDD.TPS:DSD_LFS@DF_IALFS_EMP_WAP_Q(1.0),,I,FIN,,EMP_WAP,,PT_WAP_SUB,,_Z,,Y,,_T,,Y15T64,,_Z,,Q,,2001-Q4,,68.41661,,,,A,,0,,1,
DATAFLOW,OECD.SDD.TPS:DSD_LFS@DF_IALFS_EMP_WAP_Q(1.0),,I,FIN,,EMP_WAP,,PT_WAP_SUB,,_Z,,Y,,_T,,Y15T64,,_Z,,Q,,2002-Q1,,68.05514,,,,A,,0,,1,
DATAFLOW,OECD.SDD.TPS:DSD_LFS@DF_IALFS_EMP_WAP_Q(1.0),,I,FIN,,EMP_WAP,,PT_WAP_SUB,,_Z,,Y,,_T,,Y15T64,,_Z,,Q,,2002-Q2,,68.19141,,,,A,,0,,1,
DATAFLOW,OECD.SDD.TPS:DSD_LFS@DF_IALFS_EMP_WAP_Q(1.0),,I,FIN,,EMP_WAP,,PT_WAP_SUB,,_Z,,Y,,_T,,Y15T64,,_Z,,Q,,2002-Q3,,68.07354,,,,A,,0,,1,
DATAFLOW,OECD.SDD.TPS:DSD_LFS@DF_IALFS_EMP_WAP_Q(1.0),,I,FIN,,EMP_WAP,,PT_WAP_SUB,,_Z,,Y,,_T,,Y15T64,,_Z,,Q,,2002-Q4,,67.99019,,,,A,,0,,1,
DATAFLOW,OECD.SDD.TPS:DSD_LFS@DF_IALFS_EMP_WAP_Q(1.0),,I,FIN,,EMP_WAP,,PT_WAP_SUB,,_Z,,Y,,_T,,Y15T64,,_Z,,Q,,2003-Q1,,67.98313,,,,A,,0,,1,
DATAFLOW,OECD.SDD.TPS:DSD_LFS@DF_IALFS_EMP_WAP_Q(1.0),,I,FIN,,EMP_WAP,,PT_WAP_SUB,,_Z,,Y,,_T,,Y15T64,,_Z,,Q,,2003-Q2,,67.79989,,,,A,,0,,1,
DATAFLOW,OECD.SDD.TPS:DSD_LFS@DF_IALFS_EMP_WAP_Q(1.0),,I,FIN,,EMP_WAP,,PT_WAP_SUB,,_Z,,Y,,_T,,Y15T64,,_Z,,Q,,2003-Q3,,67.66368,,,,A,,0,,1,
DATAFLOW,OECD.SDD.TPS:DSD_LFS@DF_IALFS_EMP_WAP_Q(1.0),,I,FIN,,EMP_WAP,,PT_WAP_SUB,,_Z,,Y,,_T,,Y15T64,,_Z,,Q,,2003-Q4,,67.35493,,,,A,,0,,1,
DATAFLOW,OECD.SDD.TPS:DSD_LFS@DF_IALFS_EMP_WAP_Q(1.0),,I,FIN,,EMP_WAP,,PT_WAP_SUB,,_Z,,Y,,_T,,Y15T64,,_Z,,Q,,2004-Q1,,67.43607,,,,A,,0,,1,
DATAFLOW,OECD.SDD.TPS:DSD_LFS@DF_IALFS_EMP_WAP_Q(1.0),,I,FIN,,EMP_WAP,,PT_WAP_SUB,,_Z,,Y,,_T,,Y15T64,,_Z,,Q,,2004-Q2,,67.36318,,,,A,,0,,1,
DATAFLOW,OECD.SDD.TPS:DSD_LFS@DF_IALFS_EMP_WAP_Q(1.0),,I,FIN,,EMP_WAP,,PT_WAP_SUB,,_Z,,Y,,_T,,Y15T64,,_Z,,Q,,2004-Q3,,67.86112,,,,A,,0,,1,
DATAFLOW,OECD.SDD.TPS:DSD_LFS@DF_IALFS_EMP_WAP_Q(1.0),,I,FIN,,EMP_WAP,,PT_WAP_SUB,,_Z,,Y,,_T,,Y15T64,,_Z,,Q,,2004-Q4,,67.89174,,,,A,,0,,1,
DATAFLOW,OECD.SDD.TPS:DSD_LFS@DF_IALFS_EMP_WAP_Q(1.0),,I,FIN,,EMP_WAP,,PT_WAP_SUB,,_Z,,Y,,_T,,Y15T64,,_Z,,Q,,2005-Q1,,68.25805,,,,A,,0,,1,
DATAFLOW,OECD.SDD.TPS:DSD_LFS@DF_IALFS_EMP_WAP_Q(1.0),,I,FIN,,EMP_WAP,,PT_WAP_SUB,,_Z,,Y,,_T,,Y15T64,,_Z,,Q,,2005-Q2,,68.22749,,,,A,,0,,1,
DATAFLOW,OECD.SDD.TPS:DSD_LFS@DF_IALFS_EMP_WAP_Q(1.0),,I,FIN,,EMP_WAP,,PT_WAP_SUB,,_Z,,Y,,_T,,Y15T64,,_Z,,Q,,2005-Q3,,68.31146,,,,A,,0,,1,
DATAFLOW,OECD.SDD.TPS:DSD_LFS@DF_IALFS_EMP_WAP_Q(1.0),,I,FIN,,EMP_WAP,,PT_WAP_SUB,,_Z,,Y,,_T,,Y15T64,,_Z,,Q,,2005-Q4,,68.82931,,,,A,,0,,1,
DATAFLOW,OECD.SDD.TPS:DSD_LFS@DF_IALFS_EMP_WAP_Q(1.0),,I,FIN,,EMP_WAP,,PT_WAP_SUB,,_Z,,Y,,_T,,Y15T64,,_Z,,Q,,2006-Q1,,69.15997,,,,A,,0,,1,
DATAFLOW,OECD.SDD.TPS:DSD_LFS@DF_IALFS_EMP_WAP_Q(1.0),,I,FIN,,EMP_WAP,,PT_WAP_SUB,,_Z,,Y,,_T,,Y15T64,,_Z,,Q,,2006-Q2,,68.88496,,,,A,,0,,1,
DATAFLOW,OECD.SDD.TPS:DSD_LFS@DF_IALFS_EMP_WAP_Q(1.0),,I,FIN,,EMP_WAP,,PT_WAP_SUB,,_Z,,Y,,_T,,Y15T64,,_Z,,Q,,2006-Q3,,69.57561,,,,A,,0,,1,
DATAFLOW,OECD.SDD.TPS:DSD_LFS@DF_IALFS_EMP_WAP_Q(1.0),,I,FIN,,EMP_WAP,,PT_WAP_SUB,,_Z,,Y,,_T,,Y15T64,,_Z,,Q,,2006-Q4,,69.77567,,,,A,,0,,1,
DATAFLOW,OECD.SDD.TPS:DSD_LFS@DF_IALFS_EMP_WAP_Q(1.0),,I,FIN,,EMP_WAP,,PT_WAP_SUB,,_Z,,Y,,_T,,Y15T64,,_Z,,Q,,2007-Q1,,69.80574,,,,A,,0,,1,
DATAFLOW,OECD.SDD.TPS:DSD_LFS@DF_IALFS_EMP_WAP_Q(1.0),,I,FIN,,EMP_WAP,,PT_WAP_SUB,,_Z,,Y,,_T,,Y15T64,,_Z,,Q,,2007-Q2,,70.18783,,,,A,,0,,1,
DATAFLOW,OECD.SDD.TPS:DSD_LFS@DF_IALFS_EMP_WAP_Q(1.0),,I,FIN,,EMP_WAP,,PT_WAP_SUB,,_Z,,Y,,_T,,Y15T64,,_Z,,Q,,2007-Q3,,70.54503,,,,A,,0,,1,
DATAFLOW,OECD.SDD.TPS:DSD_LFS@DF_IALFS_EMP_WAP_Q(1.0),,I,FIN,,EMP_WAP,,PT_WAP_SUB,,_Z,,Y,,_T,,Y15T64,,_Z,,Q,,2007-Q4,,70.70103,,,,A,,0,,1,
DATAFLOW,OECD.SDD.TPS:DSD_LFS@DF_IALFS_EMP_WAP_Q(1.0),,I,FIN,,EMP_WAP,,PT_WAP_SUB,,_Z,,Y,,_T,,Y15T64,,_Z,,Q,,2008-Q1,,70.9635,,,,A,,0,,1,
DATAFLOW,OECD.SDD.TPS:DSD_LFS@DF_IALFS_EMP_WAP_Q(1.0),,I,FIN,,EMP_WAP,,PT_WAP_SUB,,_Z,,Y,,_T,,Y15T64,,_Z,,Q,,2008-Q2,,71.20217,,,,A,,0,,1,
DATAFLOW,OECD.SDD.TPS:DSD_LFS@DF_IALFS_EMP_WAP_Q(1.0),,I,FIN,,EMP_WAP,,PT_WAP_SUB,,_Z,,Y,,_T,,Y15T64,,_Z,,Q,,2008-Q3,,71.05173,,,,A,,0,,1,
DATAFLOW,OECD.SDD.TPS:DSD_LFS@DF_IALFS_EMP_WAP_Q(1.0),,I,FIN,,EMP_WAP,,PT_WAP_SUB,,_Z,,Y,,_T,,Y15T64,,_Z,,Q,,2009-Q1,,69.1033,,,,A,,0,,1,
DATAFLOW,OECD.SDD.TPS:DSD_LFS@DF_IALFS_EMP_WAP_Q(1.0),,I,FIN,,EMP_WAP,,PT_WAP_SUB,,_Z,,Y,,_T,,Y15T64,,_Z,,Q,,2009-Q2,,67.80156,,,,A,,0,,1,
DATAFLOW,OECD.SDD.TPS:DSD_LFS@DF_IALFS_EMP_WAP_Q(1.0),,I,FIN,,EMP_WAP,,PT_WAP_SUB,,_Z,,Y,,_T,,Y15T64,,_Z,,Q,,2009-Q3,,67.42174,,,,A,,0,,1,
DATAFLOW,OECD.SDD.TPS:DSD_LFS@DF_IALFS_EMP_WAP_Q(1.0),,I,FIN,,EMP_WAP,,PT_WAP_SUB,,_Z,,Y,,_T,,Y15T64,,_Z,,Q,,2009-Q4,,67.16526,,,,A,,0,,1,
DATAFLOW,OECD.SDD.TPS:DSD_LFS@DF_IALFS_EMP_WAP_Q(1.0),,I,FIN,,EMP_WAP,,PT_WAP_SUB,,_Z,,Y,,_T,,Y15T64,,_Z,,Q,,2010-Q1,,67.04379,,,,A,,0,,1,
DATAFLOW,OECD.SDD.TPS:DSD_LFS@DF_IALFS_EMP_WAP_Q(1.0),,I,FIN,,EMP_WAP,,PT_WAP_SUB,,_Z,,Y,,_T,,Y15T64,,_Z,,Q,,2010-Q2,,67.15544,,,,A,,0,,1,
DATAFLOW,OECD.SDD.TPS:DSD_LFS@DF_IALFS_EMP_WAP_Q(1.0),,I,FIN,,EMP_WAP,,PT_WAP_SUB,,_Z,,Y,,_T,,Y15T64,,_Z,,Q,,2010-Q3,,67.02343,,,,A,,0,,1,
DATAFLOW,OECD.SDD.TPS:DSD_LFS@DF_IALFS_EMP_WAP_Q(1.0),,I,FIN,,EMP_WAP,,PT_WAP_SUB,,_Z,,Y,,_T,,Y15T64,,_Z,,Q,,2010-Q4,,67.34452,,,,A,,0,,1,
DATAFLOW,OECD.SDD.TPS:DSD_LFS@DF_IALFS_EMP_WAP_Q(1.0),,I,FIN,,EMP_WAP,,PT_WAP_SUB,,_Z,,Y,,_T,,Y15T64,,_Z,,Q,,2011-Q1,,67.50132,,,,A,,0,,1,
DATAFLOW,OECD.SDD.TPS:DSD_LFS@DF_IALFS_EMP_WAP_Q(1.0),,I,FIN,,EMP_WAP,,PT_WAP_SUB,,_Z,,Y,,_T,,Y15T64,,_Z,,Q,,2011-Q2,,68.05031,,,,A,,0,,1,
DATAFLOW,OECD.SDD.TPS:DSD_LFS@DF_IALFS_EMP_WAP_Q(1.0),,I,FIN,,EMP_WAP,,PT_WAP_SUB,,_Z,,Y,,_T,,Y15T64,,_Z,,Q,,2011-Q3,,68.17373,,,,A,,0,,1,
DATAFLOW,OECD.SDD.TPS:DSD_LFS@DF_IALFS_EMP_WAP_Q(1.0),,I,FIN,,EMP_WAP,,PT_WAP_SUB,,_Z,,Y,,_T,,Y15T64,,_Z,,Q,,2011-Q4,,68.43098,,,,A,,0,,1,
DATAFLOW,OECD.SDD.TPS:DSD_LFS@DF_IALFS_EMP_WAP_Q(1.0),,I,FIN,,EMP_WAP,,PT_WAP_SUB,,_Z,,Y,,_T,,Y15T64,,_Z,,Q,,2012-Q1,,68.34184,,,,A,,0,,1,
DATAFLOW,OECD.SDD.TPS:DSD_LFS@DF_IALFS_EMP_WAP_Q(1.0),,I,FIN,,EMP_WAP,,PT_WAP_SUB,,_Z,,Y,,_T,,Y15T64,,_Z,,Q,,2012-Q2,,68.3761,,,,A,,0,,1,
DATAFLOW,OECD.SDD.TPS:DSD_LFS@DF_IALFS_EMP_WAP_Q(1.0),,I,FIN,,EMP_WAP,,PT_WAP_SUB,,_Z,,Y,,_T,,Y15T64,,_Z,,Q,,2012-Q3,,68.58275,,,,A,,0,,1,
DATAFLOW,OECD.SDD.TPS:DSD_LFS@DF_IALFS_EMP_WAP_Q(1.0),,I,FIN,,EMP_WAP,,PT_WAP_SUB,,_Z,,Y,,_T,,Y15T64,,_Z,,Q,,2012-Q4,,68.49494,,,,A,,0,,1,
DATAFLOW,OECD.SDD.TPS:DSD_LFS@DF_IALFS_EMP_WAP_Q(1.0),,I,FIN,,EMP_WAP,,PT_WAP_SUB,,_Z,,Y,,_T,,Y15T64,,_Z,,Q,,2013-Q1,,68.05003,,,,A,,0,,1,
DATAFLOW,OECD.SDD.TPS:DSD_LFS@DF_IALFS_EMP_WAP_Q(1.0),,I,FIN,,EMP_WAP,,PT_WAP_SUB,,_Z,,Y,,_T,,Y15T64,,_Z,,Q,,2013-Q2,,68.3202,,,,A,,0,,1,
DATAFLOW,OECD.SDD.TPS:DSD_LFS@DF_IALFS_EMP_WAP_Q(1.0),,I,FIN,,EMP_WAP,,PT_WAP_SUB,,_Z,,Y,,_T,,Y15T64,,_Z,,Q,,2013-Q3,,68.01632,,,,A,,0,,1,
DATAFLOW,OECD.SDD.TPS:DSD_LFS@DF_IALFS_EMP_WAP_Q(1.0),,I,FIN,,EMP_WAP,,PT_WAP_SUB,,_Z,,Y,,_T,,Y15T64,,_Z,,Q,,2013-Q4,,67.94804,,,,A,,0,,1,
DATAFLOW,OECD.SDD.TPS:DSD_LFS@DF_IALFS_EMP_WAP_Q(1.0),,I,FIN,,EMP_WAP,,PT_WAP_SUB,,_Z,,Y,,_T,,Y15T64,,_Z,,Q,,2014-Q1,,67.96908,,,,A,,0,,1,
DATAFLOW,OECD.SDD.TPS:DSD_LFS@DF_IALFS_EMP_WAP_Q(1.0),,I,FIN,,EMP_WAP,,PT_WAP_SUB,,_Z,,Y,,_T,,Y15T64,,_Z,,Q,,2014-Q2,,68.02988,,,,A,,0,,1,
DATAFLOW,OECD.SDD.TPS:DSD_LFS@DF_IALFS_EMP_WAP_Q(1.0),,I,FIN,,EMP_WAP,,PT_WAP_SUB,,_Z,,Y,,_T,,Y15T64,,_Z,,Q,,2014-Q3,,68.07011,,,,A,,0,,1,
DATAFLOW,OECD.SDD.TPS:DSD_LFS@DF_IALFS_EMP_WAP_Q(1.0),,I,FIN,,EMP_WAP,,PT_WAP_SUB,,_Z,,Y,,_T,,Y15T64,,_Z,,Q,,2014-Q4,,67.7336,,,,A,,0,,1,
DATAFLOW,OECD.SDD.TPS:DSD_LFS@DF_IALFS_EMP_WAP_Q(1.0),,I,FIN,,EMP_WAP,,PT_WAP_SUB,,_Z,,Y,,_T,,Y15T64,,_Z,,Q,,2015-Q1,,67.69341,,,,A,,0,,1,
DATAFLOW,OECD.SDD.TPS:DSD_LFS@DF_IALFS_EMP_WAP_Q(1.0),,I,FIN,,EMP_WAP,,PT_WAP_SUB,,_Z,,Y,,_T,,Y15T64,,_Z,,Q,,2015-Q2,,67.32755,,,,A,,0,,1,
DATAFLOW,OECD.SDD.TPS:DSD_LFS@DF_IALFS_EMP_WAP_Q(1.0),,I,FIN,,EMP_WAP,,PT_WAP_SUB,,_Z,,Y,,_T,,Y15T64,,_Z,,Q,,2015-Q3,,67.66468,,,,A,,0,,1,
DATAFLOW,OECD.SDD.TPS:DSD_LFS@DF_IALFS_EMP_WAP_Q(1.0),,I,FIN,,EMP_WAP,,PT_WAP_SUB,,_Z,,Y,,_T,,Y15T64,,_Z,,Q,,2015-Q4,,67.5272,,,,A,,0,,1,
DATAFLOW,OECD.SDD.TPS:DSD_LFS@DF_IALFS_EMP_WAP_Q(1.0),,I,FIN,,EMP_WAP,,PT_WAP_SUB,,_Z,,Y,,_T,,Y15T64,,_Z,,Q,,2016-Q1,,68.05357,,,,A,,0,,1,
DATAFLOW,OECD.SDD.TPS:DSD_LFS@DF_IALFS_EMP_WAP_Q(1.0),,I,FIN,,EMP_WAP,,PT_WAP_SUB,,_Z,,Y,,_T,,Y15T64,,_Z,,Q,,2016-Q2,,68.20383,,,,A,,0,,1,
DATAFLOW,OECD.SDD.TPS:DSD_LFS@DF_IALFS_EMP_WAP_Q(1.0),,I,FIN,,EMP_WAP,,PT_WAP_SUB,,_Z,,Y,,_T,,Y15T64,,_Z,,Q,,2016-Q3,,68.31446,,,,A,,0,,1,
DATAFLOW,OECD.SDD.TPS:DSD_LFS@DF_IALFS_EMP_WAP_Q(1.0),,I,FIN,,EMP_WAP,,PT_WAP_SUB,,_Z,,Y,,_T,,Y15T64,,_Z,,Q,,2016-Q4,,68.24669,,,,A,,0,,1,
DATAFLOW,OECD.SDD.TPS:DSD_LFS@DF_IALFS_EMP_WAP_Q(1.0),,I,FIN,,EMP_WAP,,PT_WAP_SUB,,_Z,,Y,,_T,,Y15T64,,_Z,,Q,,2017-Q1,,68.48109,,,,A,,0,,1,
DATAFLOW,OECD.SDD.TPS:DSD_LFS@DF_IALFS_EMP_WAP_Q(1.0),,I,FIN,,EMP_WAP,,PT_WAP_SUB,,_Z,,Y,,_T,,Y15T64,,_Z,,Q,,2017-Q2,,68.71439,,,,A,,0,,1,
DATAFLOW,OECD.SDD.TPS:DSD_LFS@DF_IALFS_EMP_WAP_Q(1.0),,I,FIN,,EMP_WAP,,PT_WAP_SUB,,_Z,,Y,,_T,,Y15T64,,_Z,,Q,,2017-Q3,,69.04057,,,,A,,0,,1,
DATAFLOW,OECD.SDD.TPS:DSD_LFS@DF_IALFS_EMP_WAP_Q(1.0),,I,FIN,,EMP_WAP,,PT_WAP_SUB,,_Z,,Y,,_T,,Y15T64,,_Z,,Q,,2017-Q4,,70.0864,,,,A,,0,,1,
DATAFLOW,OECD.SDD.TPS:DSD_LFS@DF_IALFS_EMP_WAP_Q(1.0),,I,FIN,,EMP_WAP,,PT_WAP_SUB,,_Z,,Y,,_T,,Y15T64,,_Z,,Q,,2018-Q1,,70.42586,,,,A,,0,,1,
DATAFLOW,OECD.SDD.TPS:DSD_LFS@DF_IALFS_EMP_WAP_Q(1.0),,I,FIN,,EMP_WAP,,PT_WAP_SUB,,_Z,,Y,,_T,,Y15T64,,_Z,,Q,,2018-Q2,,71.02721,,,,A,,0,,1,
DATAFLOW,OECD.SDD.TPS:DSD_LFS@DF_IALFS_EMP_WAP_Q(1.0),,I,FIN,,EMP_WAP,,PT_WAP_SUB,,_Z,,Y,,_T,,Y15T64,,_Z,,Q,,2018-Q3,,71.37918,,,,A,,0,,1,
DATAFLOW,OECD.SDD.TPS:DSD_LFS@DF_IALFS_EMP_WAP_Q(1.0),,I,FIN,,EMP_WAP,,PT_WAP_SUB,,_Z,,Y,,_T,,Y15T64,,_Z,,Q,,2018-Q4,,71.69402,,,,A,,0,,1,
DATAFLOW,OECD.SDD.TPS:DSD_LFS@DF_IALFS_EMP_WAP_Q(1.0),,I,FIN,,EMP_WAP,,PT_WAP_SUB,,_Z,,Y,,_T,,Y15T64,,_Z,,Q,,2019-Q1,,71.89644,,,,A,,0,,1,
DATAFLOW,OECD.SDD.TPS:DSD_LFS@DF_IALFS_EMP_WAP_Q(1.0),,I,FIN,,EMP_WAP,,PT_WAP_SUB,,_Z,,Y,,_T,,Y15T64,,_Z,,Q,,2019-Q2,,71.54197,,,,A,,0,,1,
DATAFLOW,OECD.SDD.TPS:DSD_LFS@DF_IALFS_EMP_WAP_Q(1.0),,I,FIN,,EMP_WAP,,PT_WAP_SUB,,_Z,,Y,,_T,,Y15T64,,_Z,,Q,,2019-Q3,,72.14334,,,,A,,0,,1,
DATAFLOW,OECD.SDD.TPS:DSD_LFS@DF_IALFS_EMP_WAP_Q(1.0),,I,FIN,,EMP_WAP,,PT_WAP_SUB,,_Z,,Y,,_T,,Y15T64,,_Z,,Q,,2019-Q4,,72.41634,,,,A,,0,,1,
DATAFLOW,OECD.SDD.TPS:DSD_LFS@DF_IALFS_EMP_WAP_Q(1.0),,I,FIN,,EMP_WAP,,PT_WAP_SUB,,_Z,,Y,,_T,,Y15T64,,_Z,,Q,,2020-Q1,,72.29192,,,,A,,0,,1,
DATAFLOW,OECD.SDD.TPS:DSD_LFS@DF_IALFS_EMP_WAP_Q(1.0),,I,FIN,,EMP_WAP,,PT_WAP_SUB,,_Z,,Y,,_T,,Y15T64,,_Z,,Q,,2020-Q2,,69.84147,,,,A,,0,,1,
DATAFLOW,OECD.SDD.TPS:DSD_LFS@DF_IALFS_EMP_WAP_Q(1.0),,I,FIN,,EMP_WAP,,PT_WAP_SUB,,_Z,,Y,,_T,,Y15T64,,_Z,,Q,,2020-Q3,,71.06242,,,,A,,0,,1,
DATAFLOW,OECD.SDD.TPS:DSD_LFS@DF_IALFS_EMP_WAP_Q(1.0),,I,FIN,,EMP_WAP,,PT_WAP_SUB,,_Z,,Y,,_T,,Y15T64,,_Z,,Q,,2020-Q4,,71.4203,,,,A,,0,,1,
DATAFLOW,OECD.SDD.TPS:DSD_LFS@DF_IALFS_EMP_WAP_Q(1.0),,I,FIN,,EMP_WAP,,PT_WAP_SUB,,_Z,,Y,,_T,,Y15T64,,_Z,,Q,,2021-Q1,,71.71031,,,,A,,0,,1,
DATAFLOW,OECD.SDD.TPS:DSD_LFS@DF_IALFS_EMP_WAP_Q(1.0),,I,FIN,,EMP_WAP,,PT_WAP_SUB,,_Z,,Y,,_T,,Y15T64,,_Z,,Q,,2021-Q2,,72.50435,,,,A,,0,,1,
DATAFLOW,OECD.SDD.TPS:DSD_LFS@DF_IALFS_EMP_WAP_Q(1.0),,I,FIN,,EMP_WAP,,PT_WAP_SUB,,_Z,,Y,,_T,,Y15T64,,_Z,,Q,,2021-Q3,,72.84317,,,,A,,0,,1,
DATAFLOW,OECD.SDD.TPS:DSD_LFS@DF_IALFS_EMP_WAP_Q(1.0),,I,FIN,,EMP_WAP,,PT_WAP_SUB,,_Z,,Y,,_T,,Y15T64,,_Z,,Q,,2021-Q4,,73.58123,,,,A,,0,,1,
DATAFLOW,OECD.SDD.TPS:DSD_LFS@DF_IALFS_EMP_WAP_Q(1.0),,I,FIN,,EMP_WAP,,PT_WAP_SUB,,_Z,,Y,,_T,,Y15T64,,_Z,,Q,,2022-Q1,,74.00246,,,,A,,0,,1,
DATAFLOW,OECD.SDD.TPS:DSD_LFS@DF_IALFS_EMP_WAP_Q(1.0),,I,FIN,,EMP_WAP,,PT_WAP_SUB,,_Z,,Y,,_T,,Y15T64,,_Z,,Q,,2022-Q2,,74.25137,,,,A,,0,,1,
DATAFLOW,OECD.SDD.TPS:DSD_LFS@DF_IALFS_EMP_WAP_Q(1.0),,I,FIN,,EMP_WAP,,PT_WAP_SUB,,_Z,,Y,,_T,,Y15T64,,_Z,,Q,,2022-Q3,,74.1674,,,,A,,0,,1,
DATAFLOW,OECD.SDD.TPS:DSD_LFS@DF_IALFS_EMP_WAP_Q(1.0),,I,FIN,,EMP_WAP,,PT_WAP_SUB,,_Z,,Y,,_T,,Y15T64,,_Z,,Q,,2022-Q4,,74.7729,,,,A,,0,,1,
DATAFLOW,OECD.SDD.TPS:DSD_LFS@DF_IALFS_EMP_WAP_Q(1.0),,I,FIN,,EMP_WAP,,PT_WAP_SUB,,_Z,,Y,,_T,,Y15T64,,_Z,,Q,,2023-Q1,,74.3258,,,,A,,0,,1,
DATAFLOW,OECD.SDD.TPS:DSD_LFS@DF_IALFS_EMP_WAP_Q(1.0),,I,FIN,,EMP_WAP,,PT_WAP_SUB,,_Z,,Y,,_T,,Y15T64,,_Z,,Q,,2023-Q2,,74.36562,,,,A,,0,,1,
DATAFLOW,OECD.SDD.TPS:DSD_LFS@DF_IALFS_EMP_WAP_Q(1.0),,I,FIN,,EMP_WAP,,PT_WAP_SUB,,_Z,,Y,,_T,,Y15T64,,_Z,,Q,,2023-Q3,,73.93674,,,,A,,0,,1,
DATAFLOW,OECD.SDD.TPS:DSD_LFS@DF_IALFS_EMP_WAP_Q(1.0),,I,FIN,,EMP_WAP,,PT_WAP_SUB,,_Z,,Y,,_T,,Y15T64,,_Z,,Q,,2023-Q4,,73.46018,,,,A,,0,,1,
DATAFLOW,OECD.SDD.TPS:DSD_LFS@DF_IALFS_EMP_WAP_Q(1.0),,I,FIN,,EMP_WAP,,PT_WAP_SUB,,_Z,,Y,,_T,,Y15T64,,_Z,,Q,,2024-Q1,,73.32044,,,,A,,0,,1,
DATAFLOW,OECD.SDD.TPS:DSD_LFS@DF_IALFS_EMP_WAP_Q(1.0),,I,FIN,,EMP_WAP,,PT_WAP_SUB,,_Z,,Y,,_T,,Y15T64,,_Z,,Q,,2024-Q2,,72.70876,,,,A,,0,,1,
DATAFLOW,OECD.SDD.TPS:DSD_LFS@DF_IALFS_EMP_WAP_Q(1.0),,I,FIN,,EMP_WAP,,PT_WAP_SUB,,_Z,,Y,,_T,,Y15T64,,_Z,,Q,,2024-Q3,,72.39728,,,,A,,0,,1,
DATAFLOW,OECD.SDD.TPS:DSD_LFS@DF_IALFS_EMP_WAP_Q(1.0),,I,FIN,,EMP_WAP,,PT_WAP_SUB,,_Z,,Y,,_T,,Y15T64,,_Z,,Q,,2024-Q4,,71.85138,,,,A,,0,,1,
DATAFLOW,OECD.SDD.TPS:DSD_LFS@DF_IALFS_EMP_WAP_Q(1.0),,I,FIN,,EMP_WAP,,PT_WAP_SUB,,_Z,,Y,,_T,,Y15T64,,_Z,,Q,,2025-Q1,,72.04087,,,,A,,0,,1,
DATAFLOW,OECD.SDD.TPS:DSD_LFS@DF_IALFS_EMP_WAP_Q(1.0),,I,FIN,,EMP_WAP,,PT_WAP_SUB,,_Z,,Y,,_T,,Y15T64,,_Z,,Q,,2025-Q2,,72.17317,,,,A,,0,,1,
DATAFLOW,OECD.SDD.TPS:DSD_LFS@DF_IALFS_EMP_WAP_Q(1.0),,I,FIN,,EMP_WAP,,PT_WAP_SUB,,_Z,,Y,,_T,,Y15T64,,_Z,,Q,,2025-Q3,,71.67973,,,,A,,0,,1,
DATAFLOW,OECD.SDD.TPS:DSD_LFS@DF_IALFS_EMP_WAP_Q(1.0),,I,FIN,,EMP_WAP,,PT_WAP_SUB,,_Z,,Y,,_T,,Y15T64,,_Z,,Q,,2025-Q4,,71.67855,,,,A,,0,,1,
DATAFLOW,OECD.SDD.TPS:DSD_LFS@DF_IALFS_EMP_WAP_Q(1.0),,I,FIN,,EMP_WAP,,PT_WAP_SUB,,_Z,,Y,,_T,,Y15T64,,_Z,,Q,,2026-Q1,,71.58969,,,,A,,0,,1,
DATAFLOW,OECD.SDD.TPS:DSD_LFS@DF_IALFS_EMP_WAP_Q(1.0),,I,GRC,,EMP_WAP,,PT_WAP_SUB,,_Z,,Y,,_T,,Y15T64,,_Z,,Q,,1998-Q1,,55.60656,,,,A,,0,,1,
DATAFLOW,OECD.SDD.TPS:DSD_LFS@DF_IALFS_EMP_WAP_Q(1.0),,I,GRC,,EMP_WAP,,PT_WAP_SUB,,_Z,,Y,,_T,,Y15T64,,_Z,,Q,,1998-Q2,,55.85064,,,,A,,0,,1,
DATAFLOW,OECD.SDD.TPS:DSD_LFS@DF_IALFS_EMP_WAP_Q(1.0),,I,GRC,,EMP_WAP,,PT_WAP_SUB,,_Z,,Y,,_T,,Y15T64,,_Z,,Q,,1998-Q3,,56.13288,,,,A,,0,,1,
DATAFLOW,OECD.SDD.TPS:DSD_LFS@DF_IALFS_EMP_WAP_Q(1.0),,I,GRC,,EMP_WAP,,PT_WAP_SUB,,_Z,,Y,,_T,,Y15T64,,_Z,,Q,,1998-Q4,,56.21347,,,,A,,0,,1,
DATAFLOW,OECD.SDD.TPS:DSD_LFS@DF_IALFS_EMP_WAP_Q(1.0),,I,GRC,,EMP_WAP,,PT_WAP_SUB,,_Z,,Y,,_T,,Y15T64,,_Z,,Q,,1999-Q1,,56.34367,,,,A,,0,,1,
DATAFLOW,OECD.SDD.TPS:DSD_LFS@DF_IALFS_EMP_WAP_Q(1.0),,I,GRC,,EMP_WAP,,PT_WAP_SUB,,_Z,,Y,,_T,,Y15T64,,_Z,,Q,,1999-Q2,,55.80833,,,,A,,0,,1,
DATAFLOW,OECD.SDD.TPS:DSD_LFS@DF_IALFS_EMP_WAP_Q(1.0),,I,GRC,,EMP_WAP,,PT_WAP_SUB,,_Z,,Y,,_T,,Y15T64,,_Z,,Q,,1999-Q3,,55.7033,,,,A,,0,,1,
DATAFLOW,OECD.SDD.TPS:DSD_LFS@DF_IALFS_EMP_WAP_Q(1.0),,I,GRC,,EMP_WAP,,PT_WAP_SUB,,_Z,,Y,,_T,,Y15T64,,_Z,,Q,,1999-Q4,,55.74428,,,,A,,0,,1,
DATAFLOW,OECD.SDD.TPS:DSD_LFS@DF_IALFS_EMP_WAP_Q(1.0),,I,GRC,,EMP_WAP,,PT_WAP_SUB,,_Z,,Y,,_T,,Y15T64,,_Z,,Q,,2000-Q1,,55.97697,,,,A,,0,,1,
DATAFLOW,OECD.SDD.TPS:DSD_LFS@DF_IALFS_EMP_WAP_Q(1.0),,I,GRC,,EMP_WAP,,PT_WAP_SUB,,_Z,,Y,,_T,,Y15T64,,_Z,,Q,,2000-Q2,,56.33573,,,,A,,0,,1,
DATAFLOW,OECD.SDD.TPS:DSD_LFS@DF_IALFS_EMP_WAP_Q(1.0),,I,GRC,,EMP_WAP,,PT_WAP_SUB,,_Z,,Y,,_T,,Y15T64,,_Z,,Q,,2000-Q3,,56.58033,,,,A,,0,,1,
DATAFLOW,OECD.SDD.TPS:DSD_LFS@DF_IALFS_EMP_WAP_Q(1.0),,I,GRC,,EMP_WAP,,PT_WAP_SUB,,_Z,,Y,,_T,,Y15T64,,_Z,,Q,,2000-Q4,,56.92579,,,,A,,0,,1,
DATAFLOW,OECD.SDD.TPS:DSD_LFS@DF_IALFS_EMP_WAP_Q(1.0),,I,GRC,,EMP_WAP,,PT_WAP_SUB,,_Z,,Y,,_T,,Y15T64,,_Z,,Q,,2001-Q1,,56.4291,,,,A,,0,,1,
DATAFLOW,OECD.SDD.TPS:DSD_LFS@DF_IALFS_EMP_WAP_Q(1.0),,I,GRC,,EMP_WAP,,PT_WAP_SUB,,_Z,,Y,,_T,,Y15T64,,_Z,,Q,,2001-Q2,,56.28314,,,,A,,0,,1,
DATAFLOW,OECD.SDD.TPS:DSD_LFS@DF_IALFS_EMP_WAP_Q(1.0),,I,GRC,,EMP_WAP,,PT_WAP_SUB,,_Z,,Y,,_T,,Y15T64,,_Z,,Q,,2001-Q3,,56.48402,,,,A,,0,,1,
DATAFLOW,OECD.SDD.TPS:DSD_LFS@DF_IALFS_EMP_WAP_Q(1.0),,I,GRC,,EMP_WAP,,PT_WAP_SUB,,_Z,,Y,,_T,,Y15T64,,_Z,,Q,,2001-Q4,,56.21948,,,,A,,0,,1,
DATAFLOW,OECD.SDD.TPS:DSD_LFS@DF_IALFS_EMP_WAP_Q(1.0),,I,GRC,,EMP_WAP,,PT_WAP_SUB,,_Z,,Y,,_T,,Y15T64,,_Z,,Q,,2002-Q1,,56.4959,,,,A,,0,,1,
DATAFLOW,OECD.SDD.TPS:DSD_LFS@DF_IALFS_EMP_WAP_Q(1.0),,I,GRC,,EMP_WAP,,PT_WAP_SUB,,_Z,,Y,,_T,,Y15T64,,_Z,,Q,,2002-Q2,,57.36819,,,,A,,0,,1,
DATAFLOW,OECD.SDD.TPS:DSD_LFS@DF_IALFS_EMP_WAP_Q(1.0),,I,GRC,,EMP_WAP,,PT_WAP_SUB,,_Z,,Y,,_T,,Y15T64,,_Z,,Q,,2002-Q3,,57.6744,,,,A,,0,,1,
DATAFLOW,OECD.SDD.TPS:DSD_LFS@DF_IALFS_EMP_WAP_Q(1.0),,I,GRC,,EMP_WAP,,PT_WAP_SUB,,_Z,,Y,,_T,,Y15T64,,_Z,,Q,,2002-Q4,,58.02949,,,,A,,0,,1,
DATAFLOW,OECD.SDD.TPS:DSD_LFS@DF_IALFS_EMP_WAP_Q(1.0),,I,GRC,,EMP_WAP,,PT_WAP_SUB,,_Z,,Y,,_T,,Y15T64,,_Z,,Q,,2003-Q1,,58.2086,,,,A,,0,,1,
DATAFLOW,OECD.SDD.TPS:DSD_LFS@DF_IALFS_EMP_WAP_Q(1.0),,I,GRC,,EMP_WAP,,PT_WAP_SUB,,_Z,,Y,,_T,,Y15T64,,_Z,,Q,,2003-Q2,,58.42614,,,,A,,0,,1,
DATAFLOW,OECD.SDD.TPS:DSD_LFS@DF_IALFS_EMP_WAP_Q(1.0),,I,GRC,,EMP_WAP,,PT_WAP_SUB,,_Z,,Y,,_T,,Y15T64,,_Z,,Q,,2003-Q3,,58.60285,,,,A,,0,,1,
DATAFLOW,OECD.SDD.TPS:DSD_LFS@DF_IALFS_EMP_WAP_Q(1.0),,I,GRC,,EMP_WAP,,PT_WAP_SUB,,_Z,,Y,,_T,,Y15T64,,_Z,,Q,,2003-Q4,,58.68823,,,,A,,0,,1,
DATAFLOW,OECD.SDD.TPS:DSD_LFS@DF_IALFS_EMP_WAP_Q(1.0),,I,GRC,,EMP_WAP,,PT_WAP_SUB,,_Z,,Y,,_T,,Y15T64,,_Z,,Q,,2004-Q1,,58.77253,,,,A,,0,,1,
DATAFLOW,OECD.SDD.TPS:DSD_LFS@DF_IALFS_EMP_WAP_Q(1.0),,I,GRC,,EMP_WAP,,PT_WAP_SUB,,_Z,,Y,,_T,,Y15T64,,_Z,,Q,,2004-Q2,,59.08459,,,,A,,0,,1,
DATAFLOW,OECD.SDD.TPS:DSD_LFS@DF_IALFS_EMP_WAP_Q(1.0),,I,GRC,,EMP_WAP,,PT_WAP_SUB,,_Z,,Y,,_T,,Y15T64,,_Z,,Q,,2004-Q3,,59.03773,,,,A,,0,,1,
DATAFLOW,OECD.SDD.TPS:DSD_LFS@DF_IALFS_EMP_WAP_Q(1.0),,I,GRC,,EMP_WAP,,PT_WAP_SUB,,_Z,,Y,,_T,,Y15T64,,_Z,,Q,,2004-Q4,,59.367,,,,A,,0,,1,
DATAFLOW,OECD.SDD.TPS:DSD_LFS@DF_IALFS_EMP_WAP_Q(1.0),,I,GRC,,EMP_WAP,,PT_WAP_SUB,,_Z,,Y,,_T,,Y15T64,,_Z,,Q,,2005-Q1,,59.46383,,,,A,,0,,1,
DATAFLOW,OECD.SDD.TPS:DSD_LFS@DF_IALFS_EMP_WAP_Q(1.0),,I,GRC,,EMP_WAP,,PT_WAP_SUB,,_Z,,Y,,_T,,Y15T64,,_Z,,Q,,2005-Q2,,59.59544,,,,A,,0,,1,
DATAFLOW,OECD.SDD.TPS:DSD_LFS@DF_IALFS_EMP_WAP_Q(1.0),,I,GRC,,EMP_WAP,,PT_WAP_SUB,,_Z,,Y,,_T,,Y15T64,,_Z,,Q,,2005-Q3,,59.47186,,,,A,,0,,1,
DATAFLOW,OECD.SDD.TPS:DSD_LFS@DF_IALFS_EMP_WAP_Q(1.0),,I,GRC,,EMP_WAP,,PT_WAP_SUB,,_Z,,Y,,_T,,Y15T64,,_Z,,Q,,2005-Q4,,59.9929,,,,A,,0,,1,
DATAFLOW,OECD.SDD.TPS:DSD_LFS@DF_IALFS_EMP_WAP_Q(1.0),,I,GRC,,EMP_WAP,,PT_WAP_SUB,,_Z,,Y,,_T,,Y15T64,,_Z,,Q,,2006-Q1,,60.37054,,,,A,,0,,1,
DATAFLOW,OECD.SDD.TPS:DSD_LFS@DF_IALFS_EMP_WAP_Q(1.0),,I,GRC,,EMP_WAP,,PT_WAP_SUB,,_Z,,Y,,_T,,Y15T64,,_Z,,Q,,2006-Q2,,60.41311,,,,A,,0,,1,
DATAFLOW,OECD.SDD.TPS:DSD_LFS@DF_IALFS_EMP_WAP_Q(1.0),,I,GRC,,EMP_WAP,,PT_WAP_SUB,,_Z,,Y,,_T,,Y15T64,,_Z,,Q,,2006-Q3,,60.7848,,,,A,,0,,1,
DATAFLOW,OECD.SDD.TPS:DSD_LFS@DF_IALFS_EMP_WAP_Q(1.0),,I,GRC,,EMP_WAP,,PT_WAP_SUB,,_Z,,Y,,_T,,Y15T64,,_Z,,Q,,2006-Q4,,60.70437,,,,A,,0,,1,
DATAFLOW,OECD.SDD.TPS:DSD_LFS@DF_IALFS_EMP_WAP_Q(1.0),,I,GRC,,EMP_WAP,,PT_WAP_SUB,,_Z,,Y,,_T,,Y15T64,,_Z,,Q,,2007-Q1,,60.6224,,,,A,,0,,1,
DATAFLOW,OECD.SDD.TPS:DSD_LFS@DF_IALFS_EMP_WAP_Q(1.0),,I,GRC,,EMP_WAP,,PT_WAP_SUB,,_Z,,Y,,_T,,Y15T64,,_Z,,Q,,2007-Q2,,60.75491,,,,A,,0,,1,
DATAFLOW,OECD.SDD.TPS:DSD_LFS@DF_IALFS_EMP_WAP_Q(1.0),,I,GRC,,EMP_WAP,,PT_WAP_SUB,,_Z,,Y,,_T,,Y15T64,,_Z,,Q,,2007-Q3,,60.96249,,,,A,,0,,1,
DATAFLOW,OECD.SDD.TPS:DSD_LFS@DF_IALFS_EMP_WAP_Q(1.0),,I,GRC,,EMP_WAP,,PT_WAP_SUB,,_Z,,Y,,_T,,Y15T64,,_Z,,Q,,2007-Q4,,61.11488,,,,A,,0,,1,
DATAFLOW,OECD.SDD.TPS:DSD_LFS@DF_IALFS_EMP_WAP_Q(1.0),,I,GRC,,EMP_WAP,,PT_WAP_SUB,,_Z,,Y,,_T,,Y15T64,,_Z,,Q,,2008-Q1,,61.17085,,,,A,,0,,1,
DATAFLOW,OECD.SDD.TPS:DSD_LFS@DF_IALFS_EMP_WAP_Q(1.0),,I,GRC,,EMP_WAP,,PT_WAP_SUB,,_Z,,Y,,_T,,Y15T64,,_Z,,Q,,2008-Q2,,61.5702,,,,A,,0,,1,
DATAFLOW,OECD.SDD.TPS:DSD_LFS@DF_IALFS_EMP_WAP_Q(1.0),,I,GRC,,EMP_WAP,,PT_WAP_SUB,,_Z,,Y,,_T,,Y15T64,,_Z,,Q,,2008-Q3,,61.43696,,,,A,,0,,1,
DATAFLOW,OECD.SDD.TPS:DSD_LFS@DF_IALFS_EMP_WAP_Q(1.0),,I,GRC,,EMP_WAP,,PT_WAP_SUB,,_Z,,Y,,_T,,Y15T64,,_Z,,Q,,2009-Q1,,60.81601,,,,A,,0,,1,
DATAFLOW,OECD.SDD.TPS:DSD_LFS@DF_IALFS_EMP_WAP_Q(1.0),,I,GRC,,EMP_WAP,,PT_WAP_SUB,,_Z,,Y,,_T,,Y15T64,,_Z,,Q,,2009-Q2,,60.87345,,,,A,,0,,1,
DATAFLOW,OECD.SDD.TPS:DSD_LFS@DF_IALFS_EMP_WAP_Q(1.0),,I,GRC,,EMP_WAP,,PT_WAP_SUB,,_Z,,Y,,_T,,Y15T64,,_Z,,Q,,2009-Q3,,60.86055,,,,A,,0,,1,
DATAFLOW,OECD.SDD.TPS:DSD_LFS@DF_IALFS_EMP_WAP_Q(1.0),,I,GRC,,EMP_WAP,,PT_WAP_SUB,,_Z,,Y,,_T,,Y15T64,,_Z,,Q,,2009-Q4,,60.26107,,,,A,,0,,1,
DATAFLOW,OECD.SDD.TPS:DSD_LFS@DF_IALFS_EMP_WAP_Q(1.0),,I,GRC,,EMP_WAP,,PT_WAP_SUB,,_Z,,Y,,_T,,Y15T64,,_Z,,Q,,2010-Q1,,59.76537,,,,A,,0,,1,
DATAFLOW,OECD.SDD.TPS:DSD_LFS@DF_IALFS_EMP_WAP_Q(1.0),,I,GRC,,EMP_WAP,,PT_WAP_SUB,,_Z,,Y,,_T,,Y15T64,,_Z,,Q,,2010-Q2,,59.21363,,,,A,,0,,1,
DATAFLOW,OECD.SDD.TPS:DSD_LFS@DF_IALFS_EMP_WAP_Q(1.0),,I,GRC,,EMP_WAP,,PT_WAP_SUB,,_Z,,Y,,_T,,Y15T64,,_Z,,Q,,2010-Q3,,58.57992,,,,A,,0,,1,
DATAFLOW,OECD.SDD.TPS:DSD_LFS@DF_IALFS_EMP_WAP_Q(1.0),,I,GRC,,EMP_WAP,,PT_WAP_SUB,,_Z,,Y,,_T,,Y15T64,,_Z,,Q,,2010-Q4,,57.77303,,,,A,,0,,1,
DATAFLOW,OECD.SDD.TPS:DSD_LFS@DF_IALFS_EMP_WAP_Q(1.0),,I,GRC,,EMP_WAP,,PT_WAP_SUB,,_Z,,Y,,_T,,Y15T64,,_Z,,Q,,2011-Q1,,56.67925,,,,A,,0,,1,
DATAFLOW,OECD.SDD.TPS:DSD_LFS@DF_IALFS_EMP_WAP_Q(1.0),,I,GRC,,EMP_WAP,,PT_WAP_SUB,,_Z,,Y,,_T,,Y15T64,,_Z,,Q,,2011-Q2,,55.53122,,,,A,,0,,1,
DATAFLOW,OECD.SDD.TPS:DSD_LFS@DF_IALFS_EMP_WAP_Q(1.0),,I,GRC,,EMP_WAP,,PT_WAP_SUB,,_Z,,Y,,_T,,Y15T64,,_Z,,Q,,2011-Q3,,54.28323,,,,A,,0,,1,
DATAFLOW,OECD.SDD.TPS:DSD_LFS@DF_IALFS_EMP_WAP_Q(1.0),,I,GRC,,EMP_WAP,,PT_WAP_SUB,,_Z,,Y,,_T,,Y15T64,,_Z,,Q,,2011-Q4,,52.92239,,,,A,,0,,1,
DATAFLOW,OECD.SDD.TPS:DSD_LFS@DF_IALFS_EMP_WAP_Q(1.0),,I,GRC,,EMP_WAP,,PT_WAP_SUB,,_Z,,Y,,_T,,Y15T64,,_Z,,Q,,2012-Q1,,52.10991,,,,A,,0,,1,
DATAFLOW,OECD.SDD.TPS:DSD_LFS@DF_IALFS_EMP_WAP_Q(1.0),,I,GRC,,EMP_WAP,,PT_WAP_SUB,,_Z,,Y,,_T,,Y15T64,,_Z,,Q,,2012-Q2,,50.54094,,,,A,,0,,1,
DATAFLOW,OECD.SDD.TPS:DSD_LFS@DF_IALFS_EMP_WAP_Q(1.0),,I,GRC,,EMP_WAP,,PT_WAP_SUB,,_Z,,Y,,_T,,Y15T64,,_Z,,Q,,2012-Q3,,49.55744,,,,A,,0,,1,
DATAFLOW,OECD.SDD.TPS:DSD_LFS@DF_IALFS_EMP_WAP_Q(1.0),,I,GRC,,EMP_WAP,,PT_WAP_SUB,,_Z,,Y,,_T,,Y15T64,,_Z,,Q,,2012-Q4,,49.49234,,,,A,,0,,1,
DATAFLOW,OECD.SDD.TPS:DSD_LFS@DF_IALFS_EMP_WAP_Q(1.0),,I,GRC,,EMP_WAP,,PT_WAP_SUB,,_Z,,Y,,_T,,Y15T64,,_Z,,Q,,2013-Q1,,48.93181,,,,A,,0,,1,
DATAFLOW,OECD.SDD.TPS:DSD_LFS@DF_IALFS_EMP_WAP_Q(1.0),,I,GRC,,EMP_WAP,,PT_WAP_SUB,,_Z,,Y,,_T,,Y15T64,,_Z,,Q,,2013-Q2,,48.44986,,,,A,,0,,1,
DATAFLOW,OECD.SDD.TPS:DSD_LFS@DF_IALFS_EMP_WAP_Q(1.0),,I,GRC,,EMP_WAP,,PT_WAP_SUB,,_Z,,Y,,_T,,Y15T64,,_Z,,Q,,2013-Q3,,48.12741,,,,A,,0,,1,
DATAFLOW,OECD.SDD.TPS:DSD_LFS@DF_IALFS_EMP_WAP_Q(1.0),,I,GRC,,EMP_WAP,,PT_WAP_SUB,,_Z,,Y,,_T,,Y15T64,,_Z,,Q,,2013-Q4,,48.43401,,,,A,,0,,1,
DATAFLOW,OECD.SDD.TPS:DSD_LFS@DF_IALFS_EMP_WAP_Q(1.0),,I,GRC,,EMP_WAP,,PT_WAP_SUB,,_Z,,Y,,_T,,Y15T64,,_Z,,Q,,2014-Q1,,49.08786,,,,A,,0,,1,
DATAFLOW,OECD.SDD.TPS:DSD_LFS@DF_IALFS_EMP_WAP_Q(1.0),,I,GRC,,EMP_WAP,,PT_WAP_SUB,,_Z,,Y,,_T,,Y15T64,,_Z,,Q,,2014-Q2,,48.7888,,,,A,,0,,1,
DATAFLOW,OECD.SDD.TPS:DSD_LFS@DF_IALFS_EMP_WAP_Q(1.0),,I,GRC,,EMP_WAP,,PT_WAP_SUB,,_Z,,Y,,_T,,Y15T64,,_Z,,Q,,2014-Q3,,49.27468,,,,A,,0,,1,
DATAFLOW,OECD.SDD.TPS:DSD_LFS@DF_IALFS_EMP_WAP_Q(1.0),,I,GRC,,EMP_WAP,,PT_WAP_SUB,,_Z,,Y,,_T,,Y15T64,,_Z,,Q,,2014-Q4,,49.75723,,,,A,,0,,1,
DATAFLOW,OECD.SDD.TPS:DSD_LFS@DF_IALFS_EMP_WAP_Q(1.0),,I,GRC,,EMP_WAP,,PT_WAP_SUB,,_Z,,Y,,_T,,Y15T64,,_Z,,Q,,2015-Q1,,49.96878,,,,A,,0,,1,
DATAFLOW,OECD.SDD.TPS:DSD_LFS@DF_IALFS_EMP_WAP_Q(1.0),,I,GRC,,EMP_WAP,,PT_WAP_SUB,,_Z,,Y,,_T,,Y15T64,,_Z,,Q,,2015-Q2,,50.46013,,,,A,,0,,1,
DATAFLOW,OECD.SDD.TPS:DSD_LFS@DF_IALFS_EMP_WAP_Q(1.0),,I,GRC,,EMP_WAP,,PT_WAP_SUB,,_Z,,Y,,_T,,Y15T64,,_Z,,Q,,2015-Q3,,50.89161,,,,A,,0,,1,
DATAFLOW,OECD.SDD.TPS:DSD_LFS@DF_IALFS_EMP_WAP_Q(1.0),,I,GRC,,EMP_WAP,,PT_WAP_SUB,,_Z,,Y,,_T,,Y15T64,,_Z,,Q,,2015-Q4,,51.5382,,,,A,,0,,1,
DATAFLOW,OECD.SDD.TPS:DSD_LFS@DF_IALFS_EMP_WAP_Q(1.0),,I,GRC,,EMP_WAP,,PT_WAP_SUB,,_Z,,Y,,_T,,Y15T64,,_Z,,Q,,2016-Q1,,51.64987,,,,A,,0,,1,
DATAFLOW,OECD.SDD.TPS:DSD_LFS@DF_IALFS_EMP_WAP_Q(1.0),,I,GRC,,EMP_WAP,,PT_WAP_SUB,,_Z,,Y,,_T,,Y15T64,,_Z,,Q,,2016-Q2,,51.66561,,,,A,,0,,1,
DATAFLOW,OECD.SDD.TPS:DSD_LFS@DF_IALFS_EMP_WAP_Q(1.0),,I,GRC,,EMP_WAP,,PT_WAP_SUB,,_Z,,Y,,_T,,Y15T64,,_Z,,Q,,2016-Q3,,51.86441,,,,A,,0,,1,
DATAFLOW,OECD.SDD.TPS:DSD_LFS@DF_IALFS_EMP_WAP_Q(1.0),,I,GRC,,EMP_WAP,,PT_WAP_SUB,,_Z,,Y,,_T,,Y15T64,,_Z,,Q,,2016-Q4,,51.90697,,,,A,,0,,1,
DATAFLOW,OECD.SDD.TPS:DSD_LFS@DF_IALFS_EMP_WAP_Q(1.0),,I,GRC,,EMP_WAP,,PT_WAP_SUB,,_Z,,Y,,_T,,Y15T64,,_Z,,Q,,2017-Q1,,52.65014,,,,A,,0,,1,
DATAFLOW,OECD.SDD.TPS:DSD_LFS@DF_IALFS_EMP_WAP_Q(1.0),,I,GRC,,EMP_WAP,,PT_WAP_SUB,,_Z,,Y,,_T,,Y15T64,,_Z,,Q,,2017-Q2,,53.11359,,,,A,,0,,1,
DATAFLOW,OECD.SDD.TPS:DSD_LFS@DF_IALFS_EMP_WAP_Q(1.0),,I,GRC,,EMP_WAP,,PT_WAP_SUB,,_Z,,Y,,_T,,Y15T64,,_Z,,Q,,2017-Q3,,53.44217,,,,A,,0,,1,
DATAFLOW,OECD.SDD.TPS:DSD_LFS@DF_IALFS_EMP_WAP_Q(1.0),,I,GRC,,EMP_WAP,,PT_WAP_SUB,,_Z,,Y,,_T,,Y15T64,,_Z,,Q,,2017-Q4,,53.55715,,,,A,,0,,1,
DATAFLOW,OECD.SDD.TPS:DSD_LFS@DF_IALFS_EMP_WAP_Q(1.0),,I,GRC,,EMP_WAP,,PT_WAP_SUB,,_Z,,Y,,_T,,Y15T64,,_Z,,Q,,2018-Q1,,53.80619,,,,A,,0,,1,
DATAFLOW,OECD.SDD.TPS:DSD_LFS@DF_IALFS_EMP_WAP_Q(1.0),,I,GRC,,EMP_WAP,,PT_WAP_SUB,,_Z,,Y,,_T,,Y15T64,,_Z,,Q,,2018-Q2,,54.47659,,,,A,,0,,1,
DATAFLOW,OECD.SDD.TPS:DSD_LFS@DF_IALFS_EMP_WAP_Q(1.0),,I,GRC,,EMP_WAP,,PT_WAP_SUB,,_Z,,Y,,_T,,Y15T64,,_Z,,Q,,2018-Q3,,54.66073,,,,A,,0,,1,
DATAFLOW,OECD.SDD.TPS:DSD_LFS@DF_IALFS_EMP_WAP_Q(1.0),,I,GRC,,EMP_WAP,,PT_WAP_SUB,,_Z,,Y,,_T,,Y15T64,,_Z,,Q,,2018-Q4,,55.13239,,,,A,,0,,1,
DATAFLOW,OECD.SDD.TPS:DSD_LFS@DF_IALFS_EMP_WAP_Q(1.0),,I,GRC,,EMP_WAP,,PT_WAP_SUB,,_Z,,Y,,_T,,Y15T64,,_Z,,Q,,2019-Q1,,55.4657,,,,A,,0,,1,
DATAFLOW,OECD.SDD.TPS:DSD_LFS@DF_IALFS_EMP_WAP_Q(1.0),,I,GRC,,EMP_WAP,,PT_WAP_SUB,,_Z,,Y,,_T,,Y15T64,,_Z,,Q,,2019-Q2,,56.1239,,,,A,,0,,1,
DATAFLOW,OECD.SDD.TPS:DSD_LFS@DF_IALFS_EMP_WAP_Q(1.0),,I,GRC,,EMP_WAP,,PT_WAP_SUB,,_Z,,Y,,_T,,Y15T64,,_Z,,Q,,2019-Q3,,56.14959,,,,A,,0,,1,
DATAFLOW,OECD.SDD.TPS:DSD_LFS@DF_IALFS_EMP_WAP_Q(1.0),,I,GRC,,EMP_WAP,,PT_WAP_SUB,,_Z,,Y,,_T,,Y15T64,,_Z,,Q,,2019-Q4,,56.73659,,,,A,,0,,1,
DATAFLOW,OECD.SDD.TPS:DSD_LFS@DF_IALFS_EMP_WAP_Q(1.0),,I,GRC,,EMP_WAP,,PT_WAP_SUB,,_Z,,Y,,_T,,Y15T64,,_Z,,Q,,2020-Q1,,55.35094,,,,A,,0,,1,
DATAFLOW,OECD.SDD.TPS:DSD_LFS@DF_IALFS_EMP_WAP_Q(1.0),,I,GRC,,EMP_WAP,,PT_WAP_SUB,,_Z,,Y,,_T,,Y15T64,,_Z,,Q,,2020-Q2,,49.76636,,,,A,,0,,1,
DATAFLOW,OECD.SDD.TPS:DSD_LFS@DF_IALFS_EMP_WAP_Q(1.0),,I,GRC,,EMP_WAP,,PT_WAP_SUB,,_Z,,Y,,_T,,Y15T64,,_Z,,Q,,2020-Q3,,55.39745,,,,A,,0,,1,
DATAFLOW,OECD.SDD.TPS:DSD_LFS@DF_IALFS_EMP_WAP_Q(1.0),,I,GRC,,EMP_WAP,,PT_WAP_SUB,,_Z,,Y,,_T,,Y15T64,,_Z,,Q,,2020-Q4,,54.19117,,,,A,,0,,1,
DATAFLOW,OECD.SDD.TPS:DSD_LFS@DF_IALFS_EMP_WAP_Q(1.0),,I,GRC,,EMP_WAP,,PT_WAP_SUB,,_Z,,Y,,_T,,Y15T64,,_Z,,Q,,2021-Q1,,54.01487,,,,A,,0,,1,
DATAFLOW,OECD.SDD.TPS:DSD_LFS@DF_IALFS_EMP_WAP_Q(1.0),,I,GRC,,EMP_WAP,,PT_WAP_SUB,,_Z,,Y,,_T,,Y15T64,,_Z,,Q,,2021-Q2,,56.33608,,,,A,,0,,1,
DATAFLOW,OECD.SDD.TPS:DSD_LFS@DF_IALFS_EMP_WAP_Q(1.0),,I,GRC,,EMP_WAP,,PT_WAP_SUB,,_Z,,Y,,_T,,Y15T64,,_Z,,Q,,2021-Q3,,58.94171,,,,A,,0,,1,
DATAFLOW,OECD.SDD.TPS:DSD_LFS@DF_IALFS_EMP_WAP_Q(1.0),,I,GRC,,EMP_WAP,,PT_WAP_SUB,,_Z,,Y,,_T,,Y15T64,,_Z,,Q,,2021-Q4,,59.70943,,,,A,,0,,1,
DATAFLOW,OECD.SDD.TPS:DSD_LFS@DF_IALFS_EMP_WAP_Q(1.0),,I,GRC,,EMP_WAP,,PT_WAP_SUB,,_Z,,Y,,_T,,Y15T64,,_Z,,Q,,2022-Q1,,60.31907,,,,A,,0,,1,
DATAFLOW,OECD.SDD.TPS:DSD_LFS@DF_IALFS_EMP_WAP_Q(1.0),,I,GRC,,EMP_WAP,,PT_WAP_SUB,,_Z,,Y,,_T,,Y15T64,,_Z,,Q,,2022-Q2,,60.40906,,,,A,,0,,1,
DATAFLOW,OECD.SDD.TPS:DSD_LFS@DF_IALFS_EMP_WAP_Q(1.0),,I,GRC,,EMP_WAP,,PT_WAP_SUB,,_Z,,Y,,_T,,Y15T64,,_Z,,Q,,2022-Q3,,60.86208,,,,A,,0,,1,
DATAFLOW,OECD.SDD.TPS:DSD_LFS@DF_IALFS_EMP_WAP_Q(1.0),,I,GRC,,EMP_WAP,,PT_WAP_SUB,,_Z,,Y,,_T,,Y15T64,,_Z,,Q,,2022-Q4,,61.20695,,,,A,,0,,1,
DATAFLOW,OECD.SDD.TPS:DSD_LFS@DF_IALFS_EMP_WAP_Q(1.0),,I,GRC,,EMP_WAP,,PT_WAP_SUB,,_Z,,Y,,_T,,Y15T64,,_Z,,Q,,2023-Q1,,61.34326,,,,A,,0,,1,
DATAFLOW,OECD.SDD.TPS:DSD_LFS@DF_IALFS_EMP_WAP_Q(1.0),,I,GRC,,EMP_WAP,,PT_WAP_SUB,,_Z,,Y,,_T,,Y15T64,,_Z,,Q,,2023-Q2,,61.69563,,,,A,,0,,1,
DATAFLOW,OECD.SDD.TPS:DSD_LFS@DF_IALFS_EMP_WAP_Q(1.0),,I,GRC,,EMP_WAP,,PT_WAP_SUB,,_Z,,Y,,_T,,Y15T64,,_Z,,Q,,2023-Q3,,61.80975,,,,A,,0,,1,
DATAFLOW,OECD.SDD.TPS:DSD_LFS@DF_IALFS_EMP_WAP_Q(1.0),,I,GRC,,EMP_WAP,,PT_WAP_SUB,,_Z,,Y,,_T,,Y15T64,,_Z,,Q,,2023-Q4,,62.27579,,,,A,,0,,1,
DATAFLOW,OECD.SDD.TPS:DSD_LFS@DF_IALFS_EMP_WAP_Q(1.0),,I,GRC,,EMP_WAP,,PT_WAP_SUB,,_Z,,Y,,_T,,Y15T64,,_Z,,Q,,2024-Q1,,62.62217,,,,A,,0,,1,
DATAFLOW,OECD.SDD.TPS:DSD_LFS@DF_IALFS_EMP_WAP_Q(1.0),,I,GRC,,EMP_WAP,,PT_WAP_SUB,,_Z,,Y,,_T,,Y15T64,,_Z,,Q,,2024-Q2,,63.29656,,,,A,,0,,1,
DATAFLOW,OECD.SDD.TPS:DSD_LFS@DF_IALFS_EMP_WAP_Q(1.0),,I,GRC,,EMP_WAP,,PT_WAP_SUB,,_Z,,Y,,_T,,Y15T64,,_Z,,Q,,2024-Q3,,63.22438,,,,A,,0,,1,
DATAFLOW,OECD.SDD.TPS:DSD_LFS@DF_IALFS_EMP_WAP_Q(1.0),,I,GRC,,EMP_WAP,,PT_WAP_SUB,,_Z,,Y,,_T,,Y15T64,,_Z,,Q,,2024-Q4,,63.98835,,,,A,,0,,1,
DATAFLOW,OECD.SDD.TPS:DSD_LFS@DF_IALFS_EMP_WAP_Q(1.0),,I,GRC,,EMP_WAP,,PT_WAP_SUB,,_Z,,Y,,_T,,Y15T64,,_Z,,Q,,2025-Q1,,63.77782,,,,A,,0,,1,
DATAFLOW,OECD.SDD.TPS:DSD_LFS@DF_IALFS_EMP_WAP_Q(1.0),,I,GRC,,EMP_WAP,,PT_WAP_SUB,,_Z,,Y,,_T,,Y15T64,,_Z,,Q,,2025-Q2,,64.55316,,,,A,,0,,1,
DATAFLOW,OECD.SDD.TPS:DSD_LFS@DF_IALFS_EMP_WAP_Q(1.0),,I,GRC,,EMP_WAP,,PT_WAP_SUB,,_Z,,Y,,_T,,Y15T64,,_Z,,Q,,2025-Q3,,64.7751,,,,A,,0,,1,
DATAFLOW,OECD.SDD.TPS:DSD_LFS@DF_IALFS_EMP_WAP_Q(1.0),,I,GRC,,EMP_WAP,,PT_WAP_SUB,,_Z,,Y,,_T,,Y15T64,,_Z,,Q,,2025-Q4,,65.32879,,,,A,,0,,1,
DATAFLOW,OECD.SDD.TPS:DSD_LFS@DF_IALFS_EMP_WAP_Q(1.0),,I,GRC,,EMP_WAP,,PT_WAP_SUB,,_Z,,Y,,_T,,Y15T64,,_Z,,Q,,2026-Q1,,64.77193,,,,A,,0,,1,
DATAFLOW,OECD.SDD.TPS:DSD_LFS@DF_IALFS_EMP_WAP_Q(1.0),,I,ITA,,EMP_WAP,,PT_WAP_SUB,,_Z,,Y,,_T,,Y15T64,,_Z,,Q,,1998-Q1,,51.63791,,,,A,,0,,1,
DATAFLOW,OECD.SDD.TPS:DSD_LFS@DF_IALFS_EMP_WAP_Q(1.0),,I,ITA,,EMP_WAP,,PT_WAP_SUB,,_Z,,Y,,_T,,Y15T64,,_Z,,Q,,1998-Q2,,51.87399,,,,A,,0,,1,
DATAFLOW,OECD.SDD.TPS:DSD_LFS@DF_IALFS_EMP_WAP_Q(1.0),,I,ITA,,EMP_WAP,,PT_WAP_SUB,,_Z,,Y,,_T,,Y15T64,,_Z,,Q,,1998-Q3,,52.07743,,,,A,,0,,1,
DATAFLOW,OECD.SDD.TPS:DSD_LFS@DF_IALFS_EMP_WAP_Q(1.0),,I,ITA,,EMP_WAP,,PT_WAP_SUB,,_Z,,Y,,_T,,Y15T64,,_Z,,Q,,1998-Q4,,52.19458,,,,A,,0,,1,
DATAFLOW,OECD.SDD.TPS:DSD_LFS@DF_IALFS_EMP_WAP_Q(1.0),,I,ITA,,EMP_WAP,,PT_WAP_SUB,,_Z,,Y,,_T,,Y15T64,,_Z,,Q,,1999-Q1,,52.42956,,,,A,,0,,1,
DATAFLOW,OECD.SDD.TPS:DSD_LFS@DF_IALFS_EMP_WAP_Q(1.0),,I,ITA,,EMP_WAP,,PT_WAP_SUB,,_Z,,Y,,_T,,Y15T64,,_Z,,Q,,1999-Q2,,52.60624,,,,A,,0,,1,
DATAFLOW,OECD.SDD.TPS:DSD_LFS@DF_IALFS_EMP_WAP_Q(1.0),,I,ITA,,EMP_WAP,,PT_WAP_SUB,,_Z,,Y,,_T,,Y15T64,,_Z,,Q,,1999-Q3,,52.79292,,,,A,,0,,1,
DATAFLOW,OECD.SDD.TPS:DSD_LFS@DF_IALFS_EMP_WAP_Q(1.0),,I,ITA,,EMP_WAP,,PT_WAP_SUB,,_Z,,Y,,_T,,Y15T64,,_Z,,Q,,1999-Q4,,52.94587,,,,A,,0,,1,
DATAFLOW,OECD.SDD.TPS:DSD_LFS@DF_IALFS_EMP_WAP_Q(1.0),,I,ITA,,EMP_WAP,,PT_WAP_SUB,,_Z,,Y,,_T,,Y15T64,,_Z,,Q,,2000-Q1,,53.01252,,,,A,,0,,1,
DATAFLOW,OECD.SDD.TPS:DSD_LFS@DF_IALFS_EMP_WAP_Q(1.0),,I,ITA,,EMP_WAP,,PT_WAP_SUB,,_Z,,Y,,_T,,Y15T64,,_Z,,Q,,2000-Q2,,53.45625,,,,A,,0,,1,
DATAFLOW,OECD.SDD.TPS:DSD_LFS@DF_IALFS_EMP_WAP_Q(1.0),,I,ITA,,EMP_WAP,,PT_WAP_SUB,,_Z,,Y,,_T,,Y15T64,,_Z,,Q,,2000-Q3,,53.9325,,,,A,,0,,1,
DATAFLOW,OECD.SDD.TPS:DSD_LFS@DF_IALFS_EMP_WAP_Q(1.0),,I,ITA,,EMP_WAP,,PT_WAP_SUB,,_Z,,Y,,_T,,Y15T64,,_Z,,Q,,2000-Q4,,54.41602,,,,A,,0,,1,
DATAFLOW,OECD.SDD.TPS:DSD_LFS@DF_IALFS_EMP_WAP_Q(1.0),,I,ITA,,EMP_WAP,,PT_WAP_SUB,,_Z,,Y,,_T,,Y15T64,,_Z,,Q,,2001-Q1,,54.58447,,,,A,,0,,1,
DATAFLOW,OECD.SDD.TPS:DSD_LFS@DF_IALFS_EMP_WAP_Q(1.0),,I,ITA,,EMP_WAP,,PT_WAP_SUB,,_Z,,Y,,_T,,Y15T64,,_Z,,Q,,2001-Q2,,54.54468,,,,A,,0,,1,
DATAFLOW,OECD.SDD.TPS:DSD_LFS@DF_IALFS_EMP_WAP_Q(1.0),,I,ITA,,EMP_WAP,,PT_WAP_SUB,,_Z,,Y,,_T,,Y15T64,,_Z,,Q,,2001-Q3,,54.91441,,,,A,,0,,1,
DATAFLOW,OECD.SDD.TPS:DSD_LFS@DF_IALFS_EMP_WAP_Q(1.0),,I,ITA,,EMP_WAP,,PT_WAP_SUB,,_Z,,Y,,_T,,Y15T64,,_Z,,Q,,2001-Q4,,55.06936,,,,A,,0,,1,
DATAFLOW,OECD.SDD.TPS:DSD_LFS@DF_IALFS_EMP_WAP_Q(1.0),,I,ITA,,EMP_WAP,,PT_WAP_SUB,,_Z,,Y,,_T,,Y15T64,,_Z,,Q,,2002-Q1,,55.4556,,,,A,,0,,1,
DATAFLOW,OECD.SDD.TPS:DSD_LFS@DF_IALFS_EMP_WAP_Q(1.0),,I,ITA,,EMP_WAP,,PT_WAP_SUB,,_Z,,Y,,_T,,Y15T64,,_Z,,Q,,2002-Q2,,55.37642,,,,A,,0,,1,
DATAFLOW,OECD.SDD.TPS:DSD_LFS@DF_IALFS_EMP_WAP_Q(1.0),,I,ITA,,EMP_WAP,,PT_WAP_SUB,,_Z,,Y,,_T,,Y15T64,,_Z,,Q,,2002-Q3,,55.60916,,,,A,,0,,1,
DATAFLOW,OECD.SDD.TPS:DSD_LFS@DF_IALFS_EMP_WAP_Q(1.0),,I,ITA,,EMP_WAP,,PT_WAP_SUB,,_Z,,Y,,_T,,Y15T64,,_Z,,Q,,2002-Q4,,55.69104,,,,A,,0,,1,
DATAFLOW,OECD.SDD.TPS:DSD_LFS@DF_IALFS_EMP_WAP_Q(1.0),,I,ITA,,EMP_WAP,,PT_WAP_SUB,,_Z,,Y,,_T,,Y15T64,,_Z,,Q,,2003-Q1,,55.88775,,,,A,,0,,1,
DATAFLOW,OECD.SDD.TPS:DSD_LFS@DF_IALFS_EMP_WAP_Q(1.0),,I,ITA,,EMP_WAP,,PT_WAP_SUB,,_Z,,Y,,_T,,Y15T64,,_Z,,Q,,2003-Q2,,56.06437,,,,A,,0,,1,
DATAFLOW,OECD.SDD.TPS:DSD_LFS@DF_IALFS_EMP_WAP_Q(1.0),,I,ITA,,EMP_WAP,,PT_WAP_SUB,,_Z,,Y,,_T,,Y15T64,,_Z,,Q,,2003-Q3,,56.27249,,,,A,,0,,1,
DATAFLOW,OECD.SDD.TPS:DSD_LFS@DF_IALFS_EMP_WAP_Q(1.0),,I,ITA,,EMP_WAP,,PT_WAP_SUB,,_Z,,Y,,_T,,Y15T64,,_Z,,Q,,2003-Q4,,56.21241,,,,A,,0,,1,
DATAFLOW,OECD.SDD.TPS:DSD_LFS@DF_IALFS_EMP_WAP_Q(1.0),,I,ITA,,EMP_WAP,,PT_WAP_SUB,,_Z,,Y,,_T,,Y15T64,,_Z,,Q,,2004-Q1,,57.46162,,,,A,,0,,1,
DATAFLOW,OECD.SDD.TPS:DSD_LFS@DF_IALFS_EMP_WAP_Q(1.0),,I,ITA,,EMP_WAP,,PT_WAP_SUB,,_Z,,Y,,_T,,Y15T64,,_Z,,Q,,2004-Q2,,57.68956,,,,A,,0,,1,
DATAFLOW,OECD.SDD.TPS:DSD_LFS@DF_IALFS_EMP_WAP_Q(1.0),,I,ITA,,EMP_WAP,,PT_WAP_SUB,,_Z,,Y,,_T,,Y15T64,,_Z,,Q,,2004-Q3,,57.83938,,,,A,,0,,1,
DATAFLOW,OECD.SDD.TPS:DSD_LFS@DF_IALFS_EMP_WAP_Q(1.0),,I,ITA,,EMP_WAP,,PT_WAP_SUB,,_Z,,Y,,_T,,Y15T64,,_Z,,Q,,2004-Q4,,57.90992,,,,A,,0,,1,
DATAFLOW,OECD.SDD.TPS:DSD_LFS@DF_IALFS_EMP_WAP_Q(1.0),,I,ITA,,EMP_WAP,,PT_WAP_SUB,,_Z,,Y,,_T,,Y15T64,,_Z,,Q,,2005-Q1,,57.67964,,,,A,,0,,1,
DATAFLOW,OECD.SDD.TPS:DSD_LFS@DF_IALFS_EMP_WAP_Q(1.0),,I,ITA,,EMP_WAP,,PT_WAP_SUB,,_Z,,Y,,_T,,Y15T64,,_Z,,Q,,2005-Q2,,57.57758,,,,A,,0,,1,
DATAFLOW,OECD.SDD.TPS:DSD_LFS@DF_IALFS_EMP_WAP_Q(1.0),,I,ITA,,EMP_WAP,,PT_WAP_SUB,,_Z,,Y,,_T,,Y15T64,,_Z,,Q,,2005-Q3,,57.30978,,,,A,,0,,1,
DATAFLOW,OECD.SDD.TPS:DSD_LFS@DF_IALFS_EMP_WAP_Q(1.0),,I,ITA,,EMP_WAP,,PT_WAP_SUB,,_Z,,Y,,_T,,Y15T64,,_Z,,Q,,2005-Q4,,57.7489,,,,A,,0,,1,
DATAFLOW,OECD.SDD.TPS:DSD_LFS@DF_IALFS_EMP_WAP_Q(1.0),,I,ITA,,EMP_WAP,,PT_WAP_SUB,,_Z,,Y,,_T,,Y15T64,,_Z,,Q,,2006-Q1,,58.24178,,,,A,,0,,1,
DATAFLOW,OECD.SDD.TPS:DSD_LFS@DF_IALFS_EMP_WAP_Q(1.0),,I,ITA,,EMP_WAP,,PT_WAP_SUB,,_Z,,Y,,_T,,Y15T64,,_Z,,Q,,2006-Q2,,58.5139,,,,A,,0,,1,
DATAFLOW,OECD.SDD.TPS:DSD_LFS@DF_IALFS_EMP_WAP_Q(1.0),,I,ITA,,EMP_WAP,,PT_WAP_SUB,,_Z,,Y,,_T,,Y15T64,,_Z,,Q,,2006-Q3,,58.23264,,,,A,,0,,1,
DATAFLOW,OECD.SDD.TPS:DSD_LFS@DF_IALFS_EMP_WAP_Q(1.0),,I,ITA,,EMP_WAP,,PT_WAP_SUB,,_Z,,Y,,_T,,Y15T64,,_Z,,Q,,2006-Q4,,58.36358,,,,A,,0,,1,
DATAFLOW,OECD.SDD.TPS:DSD_LFS@DF_IALFS_EMP_WAP_Q(1.0),,I,ITA,,EMP_WAP,,PT_WAP_SUB,,_Z,,Y,,_T,,Y15T64,,_Z,,Q,,2007-Q1,,58.25373,,,,A,,0,,1,
DATAFLOW,OECD.SDD.TPS:DSD_LFS@DF_IALFS_EMP_WAP_Q(1.0),,I,ITA,,EMP_WAP,,PT_WAP_SUB,,_Z,,Y,,_T,,Y15T64,,_Z,,Q,,2007-Q2,,58.49183,,,,A,,0,,1,
DATAFLOW,OECD.SDD.TPS:DSD_LFS@DF_IALFS_EMP_WAP_Q(1.0),,I,ITA,,EMP_WAP,,PT_WAP_SUB,,_Z,,Y,,_T,,Y15T64,,_Z,,Q,,2007-Q3,,58.82991,,,,A,,0,,1,
DATAFLOW,OECD.SDD.TPS:DSD_LFS@DF_IALFS_EMP_WAP_Q(1.0),,I,ITA,,EMP_WAP,,PT_WAP_SUB,,_Z,,Y,,_T,,Y15T64,,_Z,,Q,,2007-Q4,,58.66347,,,,A,,0,,1,
DATAFLOW,OECD.SDD.TPS:DSD_LFS@DF_IALFS_EMP_WAP_Q(1.0),,I,ITA,,EMP_WAP,,PT_WAP_SUB,,_Z,,Y,,_T,,Y15T64,,_Z,,Q,,2008-Q1,,58.6857,,,,A,,0,,1,
DATAFLOW,OECD.SDD.TPS:DSD_LFS@DF_IALFS_EMP_WAP_Q(1.0),,I,ITA,,EMP_WAP,,PT_WAP_SUB,,_Z,,Y,,_T,,Y15T64,,_Z,,Q,,2008-Q2,,58.78479,,,,A,,0,,1,
DATAFLOW,OECD.SDD.TPS:DSD_LFS@DF_IALFS_EMP_WAP_Q(1.0),,I,ITA,,EMP_WAP,,PT_WAP_SUB,,_Z,,Y,,_T,,Y15T64,,_Z,,Q,,2008-Q3,,58.72639,,,,A,,0,,1,
DATAFLOW,OECD.SDD.TPS:DSD_LFS@DF_IALFS_EMP_WAP_Q(1.0),,I,ITA,,EMP_WAP,,PT_WAP_SUB,,_Z,,Y,,_T,,Y15T64,,_Z,,Q,,2009-Q1,,57.48766,,,,A,,0,,1,
DATAFLOW,OECD.SDD.TPS:DSD_LFS@DF_IALFS_EMP_WAP_Q(1.0),,I,ITA,,EMP_WAP,,PT_WAP_SUB,,_Z,,Y,,_T,,Y15T64,,_Z,,Q,,2009-Q2,,57.11149,,,,A,,0,,1,
DATAFLOW,OECD.SDD.TPS:DSD_LFS@DF_IALFS_EMP_WAP_Q(1.0),,I,ITA,,EMP_WAP,,PT_WAP_SUB,,_Z,,Y,,_T,,Y15T64,,_Z,,Q,,2009-Q3,,56.71854,,,,A,,0,,1,
DATAFLOW,OECD.SDD.TPS:DSD_LFS@DF_IALFS_EMP_WAP_Q(1.0),,I,ITA,,EMP_WAP,,PT_WAP_SUB,,_Z,,Y,,_T,,Y15T64,,_Z,,Q,,2009-Q4,,56.34469,,,,A,,0,,1,
DATAFLOW,OECD.SDD.TPS:DSD_LFS@DF_IALFS_EMP_WAP_Q(1.0),,I,ITA,,EMP_WAP,,PT_WAP_SUB,,_Z,,Y,,_T,,Y15T64,,_Z,,Q,,2010-Q1,,56.37503,,,,A,,0,,1,
DATAFLOW,OECD.SDD.TPS:DSD_LFS@DF_IALFS_EMP_WAP_Q(1.0),,I,ITA,,EMP_WAP,,PT_WAP_SUB,,_Z,,Y,,_T,,Y15T64,,_Z,,Q,,2010-Q2,,56.32081,,,,A,,0,,1,
DATAFLOW,OECD.SDD.TPS:DSD_LFS@DF_IALFS_EMP_WAP_Q(1.0),,I,ITA,,EMP_WAP,,PT_WAP_SUB,,_Z,,Y,,_T,,Y15T64,,_Z,,Q,,2010-Q3,,56.06112,,,,A,,0,,1,
DATAFLOW,OECD.SDD.TPS:DSD_LFS@DF_IALFS_EMP_WAP_Q(1.0),,I,ITA,,EMP_WAP,,PT_WAP_SUB,,_Z,,Y,,_T,,Y15T64,,_Z,,Q,,2010-Q4,,56.32904,,,,A,,0,,1,
DATAFLOW,OECD.SDD.TPS:DSD_LFS@DF_IALFS_EMP_WAP_Q(1.0),,I,ITA,,EMP_WAP,,PT_WAP_SUB,,_Z,,Y,,_T,,Y15T64,,_Z,,Q,,2011-Q1,,56.54424,,,,A,,0,,1,
DATAFLOW,OECD.SDD.TPS:DSD_LFS@DF_IALFS_EMP_WAP_Q(1.0),,I,ITA,,EMP_WAP,,PT_WAP_SUB,,_Z,,Y,,_T,,Y15T64,,_Z,,Q,,2011-Q2,,56.38056,,,,A,,0,,1,
DATAFLOW,OECD.SDD.TPS:DSD_LFS@DF_IALFS_EMP_WAP_Q(1.0),,I,ITA,,EMP_WAP,,PT_WAP_SUB,,_Z,,Y,,_T,,Y15T64,,_Z,,Q,,2011-Q3,,56.25609,,,,A,,0,,1,
DATAFLOW,OECD.SDD.TPS:DSD_LFS@DF_IALFS_EMP_WAP_Q(1.0),,I,ITA,,EMP_WAP,,PT_WAP_SUB,,_Z,,Y,,_T,,Y15T64,,_Z,,Q,,2011-Q4,,56.17719,,,,A,,0,,1,
DATAFLOW,OECD.SDD.TPS:DSD_LFS@DF_IALFS_EMP_WAP_Q(1.0),,I,ITA,,EMP_WAP,,PT_WAP_SUB,,_Z,,Y,,_T,,Y15T64,,_Z,,Q,,2012-Q1,,56.29459,,,,A,,0,,1,
DATAFLOW,OECD.SDD.TPS:DSD_LFS@DF_IALFS_EMP_WAP_Q(1.0),,I,ITA,,EMP_WAP,,PT_WAP_SUB,,_Z,,Y,,_T,,Y15T64,,_Z,,Q,,2012-Q2,,56.21825,,,,A,,0,,1,
DATAFLOW,OECD.SDD.TPS:DSD_LFS@DF_IALFS_EMP_WAP_Q(1.0),,I,ITA,,EMP_WAP,,PT_WAP_SUB,,_Z,,Y,,_T,,Y15T64,,_Z,,Q,,2012-Q3,,55.99966,,,,A,,0,,1,
DATAFLOW,OECD.SDD.TPS:DSD_LFS@DF_IALFS_EMP_WAP_Q(1.0),,I,ITA,,EMP_WAP,,PT_WAP_SUB,,_Z,,Y,,_T,,Y15T64,,_Z,,Q,,2012-Q4,,55.7644,,,,A,,0,,1,
DATAFLOW,OECD.SDD.TPS:DSD_LFS@DF_IALFS_EMP_WAP_Q(1.0),,I,ITA,,EMP_WAP,,PT_WAP_SUB,,_Z,,Y,,_T,,Y15T64,,_Z,,Q,,2013-Q1,,55.24825,,,,A,,0,,1,
DATAFLOW,OECD.SDD.TPS:DSD_LFS@DF_IALFS_EMP_WAP_Q(1.0),,I,ITA,,EMP_WAP,,PT_WAP_SUB,,_Z,,Y,,_T,,Y15T64,,_Z,,Q,,2013-Q2,,54.82786,,,,A,,0,,1,
DATAFLOW,OECD.SDD.TPS:DSD_LFS@DF_IALFS_EMP_WAP_Q(1.0),,I,ITA,,EMP_WAP,,PT_WAP_SUB,,_Z,,Y,,_T,,Y15T64,,_Z,,Q,,2013-Q3,,54.79887,,,,A,,0,,1,
DATAFLOW,OECD.SDD.TPS:DSD_LFS@DF_IALFS_EMP_WAP_Q(1.0),,I,ITA,,EMP_WAP,,PT_WAP_SUB,,_Z,,Y,,_T,,Y15T64,,_Z,,Q,,2013-Q4,,55.03308,,,,A,,0,,1,
DATAFLOW,OECD.SDD.TPS:DSD_LFS@DF_IALFS_EMP_WAP_Q(1.0),,I,ITA,,EMP_WAP,,PT_WAP_SUB,,_Z,,Y,,_T,,Y15T64,,_Z,,Q,,2014-Q1,,55.14248,,,,A,,0,,1,
DATAFLOW,OECD.SDD.TPS:DSD_LFS@DF_IALFS_EMP_WAP_Q(1.0),,I,ITA,,EMP_WAP,,PT_WAP_SUB,,_Z,,Y,,_T,,Y15T64,,_Z,,Q,,2014-Q2,,55.11817,,,,A,,0,,1,
DATAFLOW,OECD.SDD.TPS:DSD_LFS@DF_IALFS_EMP_WAP_Q(1.0),,I,ITA,,EMP_WAP,,PT_WAP_SUB,,_Z,,Y,,_T,,Y15T64,,_Z,,Q,,2014-Q3,,55.30903,,,,A,,0,,1,
DATAFLOW,OECD.SDD.TPS:DSD_LFS@DF_IALFS_EMP_WAP_Q(1.0),,I,ITA,,EMP_WAP,,PT_WAP_SUB,,_Z,,Y,,_T,,Y15T64,,_Z,,Q,,2014-Q4,,55.5708,,,,A,,0,,1,
DATAFLOW,OECD.SDD.TPS:DSD_LFS@DF_IALFS_EMP_WAP_Q(1.0),,I,ITA,,EMP_WAP,,PT_WAP_SUB,,_Z,,Y,,_T,,Y15T64,,_Z,,Q,,2015-Q1,,55.72449,,,,A,,0,,1,
DATAFLOW,OECD.SDD.TPS:DSD_LFS@DF_IALFS_EMP_WAP_Q(1.0),,I,ITA,,EMP_WAP,,PT_WAP_SUB,,_Z,,Y,,_T,,Y15T64,,_Z,,Q,,2015-Q2,,55.7393,,,,A,,0,,1,
DATAFLOW,OECD.SDD.TPS:DSD_LFS@DF_IALFS_EMP_WAP_Q(1.0),,I,ITA,,EMP_WAP,,PT_WAP_SUB,,_Z,,Y,,_T,,Y15T64,,_Z,,Q,,2015-Q3,,56.20355,,,,A,,0,,1,
DATAFLOW,OECD.SDD.TPS:DSD_LFS@DF_IALFS_EMP_WAP_Q(1.0),,I,ITA,,EMP_WAP,,PT_WAP_SUB,,_Z,,Y,,_T,,Y15T64,,_Z,,Q,,2015-Q4,,56.38248,,,,A,,0,,1,
DATAFLOW,OECD.SDD.TPS:DSD_LFS@DF_IALFS_EMP_WAP_Q(1.0),,I,ITA,,EMP_WAP,,PT_WAP_SUB,,_Z,,Y,,_T,,Y15T64,,_Z,,Q,,2016-Q1,,56.6595,,,,A,,0,,1,
DATAFLOW,OECD.SDD.TPS:DSD_LFS@DF_IALFS_EMP_WAP_Q(1.0),,I,ITA,,EMP_WAP,,PT_WAP_SUB,,_Z,,Y,,_T,,Y15T64,,_Z,,Q,,2016-Q2,,57.16206,,,,A,,0,,1,
DATAFLOW,OECD.SDD.TPS:DSD_LFS@DF_IALFS_EMP_WAP_Q(1.0),,I,ITA,,EMP_WAP,,PT_WAP_SUB,,_Z,,Y,,_T,,Y15T64,,_Z,,Q,,2016-Q3,,57.14484,,,,A,,0,,1,
DATAFLOW,OECD.SDD.TPS:DSD_LFS@DF_IALFS_EMP_WAP_Q(1.0),,I,ITA,,EMP_WAP,,PT_WAP_SUB,,_Z,,Y,,_T,,Y15T64,,_Z,,Q,,2016-Q4,,57.27119,,,,A,,0,,1,
DATAFLOW,OECD.SDD.TPS:DSD_LFS@DF_IALFS_EMP_WAP_Q(1.0),,I,ITA,,EMP_WAP,,PT_WAP_SUB,,_Z,,Y,,_T,,Y15T64,,_Z,,Q,,2017-Q1,,57.66032,,,,A,,0,,1,
DATAFLOW,OECD.SDD.TPS:DSD_LFS@DF_IALFS_EMP_WAP_Q(1.0),,I,ITA,,EMP_WAP,,PT_WAP_SUB,,_Z,,Y,,_T,,Y15T64,,_Z,,Q,,2017-Q2,,57.65213,,,,A,,0,,1,
DATAFLOW,OECD.SDD.TPS:DSD_LFS@DF_IALFS_EMP_WAP_Q(1.0),,I,ITA,,EMP_WAP,,PT_WAP_SUB,,_Z,,Y,,_T,,Y15T64,,_Z,,Q,,2017-Q3,,57.99408,,,,A,,0,,1,
DATAFLOW,OECD.SDD.TPS:DSD_LFS@DF_IALFS_EMP_WAP_Q(1.0),,I,ITA,,EMP_WAP,,PT_WAP_SUB,,_Z,,Y,,_T,,Y15T64,,_Z,,Q,,2017-Q4,,58.13087,,,,A,,0,,1,
DATAFLOW,OECD.SDD.TPS:DSD_LFS@DF_IALFS_EMP_WAP_Q(1.0),,I,ITA,,EMP_WAP,,PT_WAP_SUB,,_Z,,Y,,_T,,Y15T64,,_Z,,Q,,2018-Q1,,58.24571,,,,A,,0,,1,
DATAFLOW,OECD.SDD.TPS:DSD_LFS@DF_IALFS_EMP_WAP_Q(1.0),,I,ITA,,EMP_WAP,,PT_WAP_SUB,,_Z,,Y,,_T,,Y15T64,,_Z,,Q,,2018-Q2,,58.65461,,,,A,,0,,1,
DATAFLOW,OECD.SDD.TPS:DSD_LFS@DF_IALFS_EMP_WAP_Q(1.0),,I,ITA,,EMP_WAP,,PT_WAP_SUB,,_Z,,Y,,_T,,Y15T64,,_Z,,Q,,2018-Q3,,58.61104,,,,A,,0,,1,
DATAFLOW,OECD.SDD.TPS:DSD_LFS@DF_IALFS_EMP_WAP_Q(1.0),,I,ITA,,EMP_WAP,,PT_WAP_SUB,,_Z,,Y,,_T,,Y15T64,,_Z,,Q,,2018-Q4,,58.55861,,,,A,,0,,1,
DATAFLOW,OECD.SDD.TPS:DSD_LFS@DF_IALFS_EMP_WAP_Q(1.0),,I,ITA,,EMP_WAP,,PT_WAP_SUB,,_Z,,Y,,_T,,Y15T64,,_Z,,Q,,2019-Q1,,58.8883,,,,A,,0,,1,
DATAFLOW,OECD.SDD.TPS:DSD_LFS@DF_IALFS_EMP_WAP_Q(1.0),,I,ITA,,EMP_WAP,,PT_WAP_SUB,,_Z,,Y,,_T,,Y15T64,,_Z,,Q,,2019-Q2,,59.05046,,,,A,,0,,1,
DATAFLOW,OECD.SDD.TPS:DSD_LFS@DF_IALFS_EMP_WAP_Q(1.0),,I,ITA,,EMP_WAP,,PT_WAP_SUB,,_Z,,Y,,_T,,Y15T64,,_Z,,Q,,2019-Q3,,59.07858,,,,A,,0,,1,
DATAFLOW,OECD.SDD.TPS:DSD_LFS@DF_IALFS_EMP_WAP_Q(1.0),,I,ITA,,EMP_WAP,,PT_WAP_SUB,,_Z,,Y,,_T,,Y15T64,,_Z,,Q,,2019-Q4,,59.17816,,,,A,,0,,1,
DATAFLOW,OECD.SDD.TPS:DSD_LFS@DF_IALFS_EMP_WAP_Q(1.0),,I,ITA,,EMP_WAP,,PT_WAP_SUB,,_Z,,Y,,_T,,Y15T64,,_Z,,Q,,2020-Q1,,59.01916,,,,A,,0,,1,
DATAFLOW,OECD.SDD.TPS:DSD_LFS@DF_IALFS_EMP_WAP_Q(1.0),,I,ITA,,EMP_WAP,,PT_WAP_SUB,,_Z,,Y,,_T,,Y15T64,,_Z,,Q,,2020-Q2,,56.29076,,,,A,,0,,1,
DATAFLOW,OECD.SDD.TPS:DSD_LFS@DF_IALFS_EMP_WAP_Q(1.0),,I,ITA,,EMP_WAP,,PT_WAP_SUB,,_Z,,Y,,_T,,Y15T64,,_Z,,Q,,2020-Q3,,57.05578,,,,A,,0,,1,
DATAFLOW,OECD.SDD.TPS:DSD_LFS@DF_IALFS_EMP_WAP_Q(1.0),,I,ITA,,EMP_WAP,,PT_WAP_SUB,,_Z,,Y,,_T,,Y15T64,,_Z,,Q,,2020-Q4,,57.49644,,,,A,,0,,1,
DATAFLOW,OECD.SDD.TPS:DSD_LFS@DF_IALFS_EMP_WAP_Q(1.0),,I,ITA,,EMP_WAP,,PT_WAP_SUB,,_Z,,Y,,_T,,Y15T64,,_Z,,Q,,2021-Q1,,56.76253,,,,A,,0,,1,
DATAFLOW,OECD.SDD.TPS:DSD_LFS@DF_IALFS_EMP_WAP_Q(1.0),,I,ITA,,EMP_WAP,,PT_WAP_SUB,,_Z,,Y,,_T,,Y15T64,,_Z,,Q,,2021-Q2,,57.83435,,,,A,,0,,1,
DATAFLOW,OECD.SDD.TPS:DSD_LFS@DF_IALFS_EMP_WAP_Q(1.0),,I,ITA,,EMP_WAP,,PT_WAP_SUB,,_Z,,Y,,_T,,Y15T64,,_Z,,Q,,2021-Q3,,58.87757,,,,A,,0,,1,
DATAFLOW,OECD.SDD.TPS:DSD_LFS@DF_IALFS_EMP_WAP_Q(1.0),,I,ITA,,EMP_WAP,,PT_WAP_SUB,,_Z,,Y,,_T,,Y15T64,,_Z,,Q,,2021-Q4,,59.42949,,,,A,,0,,1,
DATAFLOW,OECD.SDD.TPS:DSD_LFS@DF_IALFS_EMP_WAP_Q(1.0),,I,ITA,,EMP_WAP,,PT_WAP_SUB,,_Z,,Y,,_T,,Y15T64,,_Z,,Q,,2022-Q1,,59.66137,,,,A,,0,,1,
DATAFLOW,OECD.SDD.TPS:DSD_LFS@DF_IALFS_EMP_WAP_Q(1.0),,I,ITA,,EMP_WAP,,PT_WAP_SUB,,_Z,,Y,,_T,,Y15T64,,_Z,,Q,,2022-Q2,,60.12024,,,,A,,0,,1,
DATAFLOW,OECD.SDD.TPS:DSD_LFS@DF_IALFS_EMP_WAP_Q(1.0),,I,ITA,,EMP_WAP,,PT_WAP_SUB,,_Z,,Y,,_T,,Y15T64,,_Z,,Q,,2022-Q3,,60.12218,,,,A,,0,,1,
DATAFLOW,OECD.SDD.TPS:DSD_LFS@DF_IALFS_EMP_WAP_Q(1.0),,I,ITA,,EMP_WAP,,PT_WAP_SUB,,_Z,,Y,,_T,,Y15T64,,_Z,,Q,,2022-Q4,,60.66478,,,,A,,0,,1,
DATAFLOW,OECD.SDD.TPS:DSD_LFS@DF_IALFS_EMP_WAP_Q(1.0),,I,ITA,,EMP_WAP,,PT_WAP_SUB,,_Z,,Y,,_T,,Y15T64,,_Z,,Q,,2023-Q1,,61.09835,,,,A,,0,,1,
DATAFLOW,OECD.SDD.TPS:DSD_LFS@DF_IALFS_EMP_WAP_Q(1.0),,I,ITA,,EMP_WAP,,PT_WAP_SUB,,_Z,,Y,,_T,,Y15T64,,_Z,,Q,,2023-Q2,,61.31993,,,,A,,0,,1,
DATAFLOW,OECD.SDD.TPS:DSD_LFS@DF_IALFS_EMP_WAP_Q(1.0),,I,ITA,,EMP_WAP,,PT_WAP_SUB,,_Z,,Y,,_T,,Y15T64,,_Z,,Q,,2023-Q3,,61.44151,,,,A,,0,,1,
DATAFLOW,OECD.SDD.TPS:DSD_LFS@DF_IALFS_EMP_WAP_Q(1.0),,I,ITA,,EMP_WAP,,PT_WAP_SUB,,_Z,,Y,,_T,,Y15T64,,_Z,,Q,,2023-Q4,,62.05702,,,,A,,0,,1,
DATAFLOW,OECD.SDD.TPS:DSD_LFS@DF_IALFS_EMP_WAP_Q(1.0),,I,ITA,,EMP_WAP,,PT_WAP_SUB,,_Z,,Y,,_T,,Y15T64,,_Z,,Q,,2024-Q1,,61.95531,,,,A,,0,,1,
DATAFLOW,OECD.SDD.TPS:DSD_LFS@DF_IALFS_EMP_WAP_Q(1.0),,I,ITA,,EMP_WAP,,PT_WAP_SUB,,_Z,,Y,,_T,,Y15T64,,_Z,,Q,,2024-Q2,,62.04575,,,,A,,0,,1,
DATAFLOW,OECD.SDD.TPS:DSD_LFS@DF_IALFS_EMP_WAP_Q(1.0),,I,ITA,,EMP_WAP,,PT_WAP_SUB,,_Z,,Y,,_T,,Y15T64,,_Z,,Q,,2024-Q3,,62.46172,,,,A,,0,,1,
DATAFLOW,OECD.SDD.TPS:DSD_LFS@DF_IALFS_EMP_WAP_Q(1.0),,I,ITA,,EMP_WAP,,PT_WAP_SUB,,_Z,,Y,,_T,,Y15T64,,_Z,,Q,,2024-Q4,,62.25823,,,,A,,0,,1,
DATAFLOW,OECD.SDD.TPS:DSD_LFS@DF_IALFS_EMP_WAP_Q(1.0),,I,ITA,,EMP_WAP,,PT_WAP_SUB,,_Z,,Y,,_T,,Y15T64,,_Z,,Q,,2025-Q1,,62.75747,,,,A,,0,,1,
DATAFLOW,OECD.SDD.TPS:DSD_LFS@DF_IALFS_EMP_WAP_Q(1.0),,I,ITA,,EMP_WAP,,PT_WAP_SUB,,_Z,,Y,,_T,,Y15T64,,_Z,,Q,,2025-Q2,,62.46006,,,,A,,0,,1,
DATAFLOW,OECD.SDD.TPS:DSD_LFS@DF_IALFS_EMP_WAP_Q(1.0),,I,ITA,,EMP_WAP,,PT_WAP_SUB,,_Z,,Y,,_T,,Y15T64,,_Z,,Q,,2025-Q3,,62.4482,,,,A,,0,,1,
DATAFLOW,OECD.SDD.TPS:DSD_LFS@DF_IALFS_EMP_WAP_Q(1.0),,I,ITA,,EMP_WAP,,PT_WAP_SUB,,_Z,,Y,,_T,,Y15T64,,_Z,,Q,,2025-Q4,,62.43931,,,,A,,0,,1,
DATAFLOW,OECD.SDD.TPS:DSD_LFS@DF_IALFS_EMP_WAP_Q(1.0),,I,ITA,,EMP_WAP,,PT_WAP_SUB,,_Z,,Y,,_T,,Y15T64,,_Z,,Q,,2026-Q1,,62.80353,,,,A,,0,,1,
DATAFLOW,OECD.SDD.TPS:DSD_LFS@DF_IALFS_EMP_WAP_Q(1.0),,I,PRT,,EMP_WAP,,PT_WAP_SUB,,_Z,,Y,,_T,,Y15T64,,_Z,,Q,,1998-Q1,,66.53934,,,,A,,0,,1,
DATAFLOW,OECD.SDD.TPS:DSD_LFS@DF_IALFS_EMP_WAP_Q(1.0),,I,PRT,,EMP_WAP,,PT_WAP_SUB,,_Z,,Y,,_T,,Y15T64,,_Z,,Q,,1998-Q2,,66.93438,,,,A,,0,,1,
DATAFLOW,OECD.SDD.TPS:DSD_LFS@DF_IALFS_EMP_WAP_Q(1.0),,I,PRT,,EMP_WAP,,PT_WAP_SUB,,_Z,,Y,,_T,,Y15T64,,_Z,,Q,,1998-Q3,,66.79893,,,,A,,0,,1,
DATAFLOW,OECD.SDD.TPS:DSD_LFS@DF_IALFS_EMP_WAP_Q(1.0),,I,PRT,,EMP_WAP,,PT_WAP_SUB,,_Z,,Y,,_T,,Y15T64,,_Z,,Q,,1998-Q4,,67.12978,,,,A,,0,,1,
DATAFLOW,OECD.SDD.TPS:DSD_LFS@DF_IALFS_EMP_WAP_Q(1.0),,I,PRT,,EMP_WAP,,PT_WAP_SUB,,_Z,,Y,,_T,,Y15T64,,_Z,,Q,,1999-Q1,,67.3469,,,,A,,0,,1,
DATAFLOW,OECD.SDD.TPS:DSD_LFS@DF_IALFS_EMP_WAP_Q(1.0),,I,PRT,,EMP_WAP,,PT_WAP_SUB,,_Z,,Y,,_T,,Y15T64,,_Z,,Q,,1999-Q2,,67.31715,,,,A,,0,,1,
DATAFLOW,OECD.SDD.TPS:DSD_LFS@DF_IALFS_EMP_WAP_Q(1.0),,I,PRT,,EMP_WAP,,PT_WAP_SUB,,_Z,,Y,,_T,,Y15T64,,_Z,,Q,,1999-Q3,,67.60715,,,,A,,0,,1,
DATAFLOW,OECD.SDD.TPS:DSD_LFS@DF_IALFS_EMP_WAP_Q(1.0),,I,PRT,,EMP_WAP,,PT_WAP_SUB,,_Z,,Y,,_T,,Y15T64,,_Z,,Q,,1999-Q4,,67.77253,,,,A,,0,,1,
DATAFLOW,OECD.SDD.TPS:DSD_LFS@DF_IALFS_EMP_WAP_Q(1.0),,I,PRT,,EMP_WAP,,PT_WAP_SUB,,_Z,,Y,,_T,,Y15T64,,_Z,,Q,,2000-Q1,,68.13086,,,,A,,0,,1,
DATAFLOW,OECD.SDD.TPS:DSD_LFS@DF_IALFS_EMP_WAP_Q(1.0),,I,PRT,,EMP_WAP,,PT_WAP_SUB,,_Z,,Y,,_T,,Y15T64,,_Z,,Q,,2000-Q2,,68.14333,,,,A,,0,,1,
DATAFLOW,OECD.SDD.TPS:DSD_LFS@DF_IALFS_EMP_WAP_Q(1.0),,I,PRT,,EMP_WAP,,PT_WAP_SUB,,_Z,,Y,,_T,,Y15T64,,_Z,,Q,,2000-Q3,,68.50874,,,,A,,0,,1,
DATAFLOW,OECD.SDD.TPS:DSD_LFS@DF_IALFS_EMP_WAP_Q(1.0),,I,PRT,,EMP_WAP,,PT_WAP_SUB,,_Z,,Y,,_T,,Y15T64,,_Z,,Q,,2000-Q4,,68.72691,,,,A,,0,,1,
DATAFLOW,OECD.SDD.TPS:DSD_LFS@DF_IALFS_EMP_WAP_Q(1.0),,I,PRT,,EMP_WAP,,PT_WAP_SUB,,_Z,,Y,,_T,,Y15T64,,_Z,,Q,,2001-Q1,,68.96098,,,,A,,0,,1,
DATAFLOW,OECD.SDD.TPS:DSD_LFS@DF_IALFS_EMP_WAP_Q(1.0),,I,PRT,,EMP_WAP,,PT_WAP_SUB,,_Z,,Y,,_T,,Y15T64,,_Z,,Q,,2001-Q2,,68.8167,,,,A,,0,,1,
DATAFLOW,OECD.SDD.TPS:DSD_LFS@DF_IALFS_EMP_WAP_Q(1.0),,I,PRT,,EMP_WAP,,PT_WAP_SUB,,_Z,,Y,,_T,,Y15T64,,_Z,,Q,,2001-Q3,,68.97389,,,,A,,0,,1,
DATAFLOW,OECD.SDD.TPS:DSD_LFS@DF_IALFS_EMP_WAP_Q(1.0),,I,PRT,,EMP_WAP,,PT_WAP_SUB,,_Z,,Y,,_T,,Y15T64,,_Z,,Q,,2001-Q4,,69.19976,,,,A,,0,,1,
DATAFLOW,OECD.SDD.TPS:DSD_LFS@DF_IALFS_EMP_WAP_Q(1.0),,I,PRT,,EMP_WAP,,PT_WAP_SUB,,_Z,,Y,,_T,,Y15T64,,_Z,,Q,,2002-Q1,,69.18144,,,,A,,0,,1,
DATAFLOW,OECD.SDD.TPS:DSD_LFS@DF_IALFS_EMP_WAP_Q(1.0),,I,PRT,,EMP_WAP,,PT_WAP_SUB,,_Z,,Y,,_T,,Y15T64,,_Z,,Q,,2002-Q2,,68.98397,,,,A,,0,,1,
DATAFLOW,OECD.SDD.TPS:DSD_LFS@DF_IALFS_EMP_WAP_Q(1.0),,I,PRT,,EMP_WAP,,PT_WAP_SUB,,_Z,,Y,,_T,,Y15T64,,_Z,,Q,,2002-Q3,,68.88342,,,,A,,0,,1,
DATAFLOW,OECD.SDD.TPS:DSD_LFS@DF_IALFS_EMP_WAP_Q(1.0),,I,PRT,,EMP_WAP,,PT_WAP_SUB,,_Z,,Y,,_T,,Y15T64,,_Z,,Q,,2002-Q4,,68.18814,,,,A,,0,,1,
DATAFLOW,OECD.SDD.TPS:DSD_LFS@DF_IALFS_EMP_WAP_Q(1.0),,I,PRT,,EMP_WAP,,PT_WAP_SUB,,_Z,,Y,,_T,,Y15T64,,_Z,,Q,,2003-Q1,,68.29013,,,,A,,0,,1,
DATAFLOW,OECD.SDD.TPS:DSD_LFS@DF_IALFS_EMP_WAP_Q(1.0),,I,PRT,,EMP_WAP,,PT_WAP_SUB,,_Z,,Y,,_T,,Y15T64,,_Z,,Q,,2003-Q2,,67.95918,,,,A,,0,,1,
DATAFLOW,OECD.SDD.TPS:DSD_LFS@DF_IALFS_EMP_WAP_Q(1.0),,I,PRT,,EMP_WAP,,PT_WAP_SUB,,_Z,,Y,,_T,,Y15T64,,_Z,,Q,,2003-Q3,,67.91685,,,,A,,0,,1,
DATAFLOW,OECD.SDD.TPS:DSD_LFS@DF_IALFS_EMP_WAP_Q(1.0),,I,PRT,,EMP_WAP,,PT_WAP_SUB,,_Z,,Y,,_T,,Y15T64,,_Z,,Q,,2003-Q4,,67.81767,,,,A,,0,,1,
DATAFLOW,OECD.SDD.TPS:DSD_LFS@DF_IALFS_EMP_WAP_Q(1.0),,I,PRT,,EMP_WAP,,PT_WAP_SUB,,_Z,,Y,,_T,,Y15T64,,_Z,,Q,,2004-Q1,,67.76858,,,,A,,0,,1,
DATAFLOW,OECD.SDD.TPS:DSD_LFS@DF_IALFS_EMP_WAP_Q(1.0),,I,PRT,,EMP_WAP,,PT_WAP_SUB,,_Z,,Y,,_T,,Y15T64,,_Z,,Q,,2004-Q2,,67.60622,,,,A,,0,,1,
DATAFLOW,OECD.SDD.TPS:DSD_LFS@DF_IALFS_EMP_WAP_Q(1.0),,I,PRT,,EMP_WAP,,PT_WAP_SUB,,_Z,,Y,,_T,,Y15T64,,_Z,,Q,,2004-Q3,,67.5101,,,,A,,0,,1,
DATAFLOW,OECD.SDD.TPS:DSD_LFS@DF_IALFS_EMP_WAP_Q(1.0),,I,PRT,,EMP_WAP,,PT_WAP_SUB,,_Z,,Y,,_T,,Y15T64,,_Z,,Q,,2004-Q4,,67.62835,,,,A,,0,,1,
DATAFLOW,OECD.SDD.TPS:DSD_LFS@DF_IALFS_EMP_WAP_Q(1.0),,I,PRT,,EMP_WAP,,PT_WAP_SUB,,_Z,,Y,,_T,,Y15T64,,_Z,,Q,,2005-Q1,,67.32996,,,,A,,0,,1,
DATAFLOW,OECD.SDD.TPS:DSD_LFS@DF_IALFS_EMP_WAP_Q(1.0),,I,PRT,,EMP_WAP,,PT_WAP_SUB,,_Z,,Y,,_T,,Y15T64,,_Z,,Q,,2005-Q2,,67.28195,,,,A,,0,,1,
DATAFLOW,OECD.SDD.TPS:DSD_LFS@DF_IALFS_EMP_WAP_Q(1.0),,I,PRT,,EMP_WAP,,PT_WAP_SUB,,_Z,,Y,,_T,,Y15T64,,_Z,,Q,,2005-Q3,,67.28088,,,,A,,0,,1,
DATAFLOW,OECD.SDD.TPS:DSD_LFS@DF_IALFS_EMP_WAP_Q(1.0),,I,PRT,,EMP_WAP,,PT_WAP_SUB,,_Z,,Y,,_T,,Y15T64,,_Z,,Q,,2005-Q4,,67.34006,,,,A,,0,,1,
DATAFLOW,OECD.SDD.TPS:DSD_LFS@DF_IALFS_EMP_WAP_Q(1.0),,I,PRT,,EMP_WAP,,PT_WAP_SUB,,_Z,,Y,,_T,,Y15T64,,_Z,,Q,,2006-Q1,,67.55726,,,,A,,0,,1,
DATAFLOW,OECD.SDD.TPS:DSD_LFS@DF_IALFS_EMP_WAP_Q(1.0),,I,PRT,,EMP_WAP,,PT_WAP_SUB,,_Z,,Y,,_T,,Y15T64,,_Z,,Q,,2006-Q2,,67.759,,,,A,,0,,1,
DATAFLOW,OECD.SDD.TPS:DSD_LFS@DF_IALFS_EMP_WAP_Q(1.0),,I,PRT,,EMP_WAP,,PT_WAP_SUB,,_Z,,Y,,_T,,Y15T64,,_Z,,Q,,2006-Q3,,67.78779,,,,A,,0,,1,
DATAFLOW,OECD.SDD.TPS:DSD_LFS@DF_IALFS_EMP_WAP_Q(1.0),,I,PRT,,EMP_WAP,,PT_WAP_SUB,,_Z,,Y,,_T,,Y15T64,,_Z,,Q,,2006-Q4,,67.4277,,,,A,,0,,1,
DATAFLOW,OECD.SDD.TPS:DSD_LFS@DF_IALFS_EMP_WAP_Q(1.0),,I,PRT,,EMP_WAP,,PT_WAP_SUB,,_Z,,Y,,_T,,Y15T64,,_Z,,Q,,2007-Q1,,67.39532,,,,A,,0,,1,
DATAFLOW,OECD.SDD.TPS:DSD_LFS@DF_IALFS_EMP_WAP_Q(1.0),,I,PRT,,EMP_WAP,,PT_WAP_SUB,,_Z,,Y,,_T,,Y15T64,,_Z,,Q,,2007-Q2,,67.32216,,,,A,,0,,1,
DATAFLOW,OECD.SDD.TPS:DSD_LFS@DF_IALFS_EMP_WAP_Q(1.0),,I,PRT,,EMP_WAP,,PT_WAP_SUB,,_Z,,Y,,_T,,Y15T64,,_Z,,Q,,2007-Q3,,67.82754,,,,A,,0,,1,
DATAFLOW,OECD.SDD.TPS:DSD_LFS@DF_IALFS_EMP_WAP_Q(1.0),,I,PRT,,EMP_WAP,,PT_WAP_SUB,,_Z,,Y,,_T,,Y15T64,,_Z,,Q,,2007-Q4,,67.89227,,,,A,,0,,1,
DATAFLOW,OECD.SDD.TPS:DSD_LFS@DF_IALFS_EMP_WAP_Q(1.0),,I,PRT,,EMP_WAP,,PT_WAP_SUB,,_Z,,Y,,_T,,Y15T64,,_Z,,Q,,2008-Q1,,68.08667,,,,A,,0,,1,
DATAFLOW,OECD.SDD.TPS:DSD_LFS@DF_IALFS_EMP_WAP_Q(1.0),,I,PRT,,EMP_WAP,,PT_WAP_SUB,,_Z,,Y,,_T,,Y15T64,,_Z,,Q,,2008-Q2,,68.2988,,,,A,,0,,1,
DATAFLOW,OECD.SDD.TPS:DSD_LFS@DF_IALFS_EMP_WAP_Q(1.0),,I,PRT,,EMP_WAP,,PT_WAP_SUB,,_Z,,Y,,_T,,Y15T64,,_Z,,Q,,2008-Q3,,67.96066,,,,A,,0,,1,
DATAFLOW,OECD.SDD.TPS:DSD_LFS@DF_IALFS_EMP_WAP_Q(1.0),,I,PRT,,EMP_WAP,,PT_WAP_SUB,,_Z,,Y,,_T,,Y15T64,,_Z,,Q,,2009-Q1,,63.75662,,,,A,,0,,1,
DATAFLOW,OECD.SDD.TPS:DSD_LFS@DF_IALFS_EMP_WAP_Q(1.0),,I,PRT,,EMP_WAP,,PT_WAP_SUB,,_Z,,Y,,_T,,Y15T64,,_Z,,Q,,2009-Q2,,63.24987,,,,A,,0,,1,
DATAFLOW,OECD.SDD.TPS:DSD_LFS@DF_IALFS_EMP_WAP_Q(1.0),,I,PRT,,EMP_WAP,,PT_WAP_SUB,,_Z,,Y,,_T,,Y15T64,,_Z,,Q,,2009-Q3,,62.42385,,,,A,,0,,1,
DATAFLOW,OECD.SDD.TPS:DSD_LFS@DF_IALFS_EMP_WAP_Q(1.0),,I,PRT,,EMP_WAP,,PT_WAP_SUB,,_Z,,Y,,_T,,Y15T64,,_Z,,Q,,2009-Q4,,62.47001,,,,A,,0,,1,
DATAFLOW,OECD.SDD.TPS:DSD_LFS@DF_IALFS_EMP_WAP_Q(1.0),,I,PRT,,EMP_WAP,,PT_WAP_SUB,,_Z,,Y,,_T,,Y15T64,,_Z,,Q,,2010-Q1,,62.54497,,,,A,,0,,1,
DATAFLOW,OECD.SDD.TPS:DSD_LFS@DF_IALFS_EMP_WAP_Q(1.0),,I,PRT,,EMP_WAP,,PT_WAP_SUB,,_Z,,Y,,_T,,Y15T64,,_Z,,Q,,2010-Q2,,62.19012,,,,A,,0,,1,
DATAFLOW,OECD.SDD.TPS:DSD_LFS@DF_IALFS_EMP_WAP_Q(1.0),,I,PRT,,EMP_WAP,,PT_WAP_SUB,,_Z,,Y,,_T,,Y15T64,,_Z,,Q,,2010-Q3,,62.08232,,,,A,,0,,1,
DATAFLOW,OECD.SDD.TPS:DSD_LFS@DF_IALFS_EMP_WAP_Q(1.0),,I,PRT,,EMP_WAP,,PT_WAP_SUB,,_Z,,Y,,_T,,Y15T64,,_Z,,Q,,2010-Q4,,62.18097,,,,A,,0,,1,
DATAFLOW,OECD.SDD.TPS:DSD_LFS@DF_IALFS_EMP_WAP_Q(1.0),,I,PRT,,EMP_WAP,,PT_WAP_SUB,,_Z,,Y,,_T,,Y15T64,,_Z,,Q,,2011-Q1,,62.42255,,,,A,,0,,1,
DATAFLOW,OECD.SDD.TPS:DSD_LFS@DF_IALFS_EMP_WAP_Q(1.0),,I,PRT,,EMP_WAP,,PT_WAP_SUB,,_Z,,Y,,_T,,Y15T64,,_Z,,Q,,2011-Q2,,62.08424,,,,A,,0,,1,
DATAFLOW,OECD.SDD.TPS:DSD_LFS@DF_IALFS_EMP_WAP_Q(1.0),,I,PRT,,EMP_WAP,,PT_WAP_SUB,,_Z,,Y,,_T,,Y15T64,,_Z,,Q,,2011-Q3,,61.61784,,,,A,,0,,1,
DATAFLOW,OECD.SDD.TPS:DSD_LFS@DF_IALFS_EMP_WAP_Q(1.0),,I,PRT,,EMP_WAP,,PT_WAP_SUB,,_Z,,Y,,_T,,Y15T64,,_Z,,Q,,2011-Q4,,60.78076,,,,A,,0,,1,
DATAFLOW,OECD.SDD.TPS:DSD_LFS@DF_IALFS_EMP_WAP_Q(1.0),,I,PRT,,EMP_WAP,,PT_WAP_SUB,,_Z,,Y,,_T,,Y15T64,,_Z,,Q,,2012-Q1,,60.08368,,,,A,,0,,1,
DATAFLOW,OECD.SDD.TPS:DSD_LFS@DF_IALFS_EMP_WAP_Q(1.0),,I,PRT,,EMP_WAP,,PT_WAP_SUB,,_Z,,Y,,_T,,Y15T64,,_Z,,Q,,2012-Q2,,59.74934,,,,A,,0,,1,
DATAFLOW,OECD.SDD.TPS:DSD_LFS@DF_IALFS_EMP_WAP_Q(1.0),,I,PRT,,EMP_WAP,,PT_WAP_SUB,,_Z,,Y,,_T,,Y15T64,,_Z,,Q,,2012-Q3,,59.02945,,,,A,,0,,1,
DATAFLOW,OECD.SDD.TPS:DSD_LFS@DF_IALFS_EMP_WAP_Q(1.0),,I,PRT,,EMP_WAP,,PT_WAP_SUB,,_Z,,Y,,_T,,Y15T64,,_Z,,Q,,2012-Q4,,58.08657,,,,A,,0,,1,
DATAFLOW,OECD.SDD.TPS:DSD_LFS@DF_IALFS_EMP_WAP_Q(1.0),,I,PRT,,EMP_WAP,,PT_WAP_SUB,,_Z,,Y,,_T,,Y15T64,,_Z,,Q,,2013-Q1,,57.98347,,,,A,,0,,1,
DATAFLOW,OECD.SDD.TPS:DSD_LFS@DF_IALFS_EMP_WAP_Q(1.0),,I,PRT,,EMP_WAP,,PT_WAP_SUB,,_Z,,Y,,_T,,Y15T64,,_Z,,Q,,2013-Q2,,58.0796,,,,A,,0,,1,
DATAFLOW,OECD.SDD.TPS:DSD_LFS@DF_IALFS_EMP_WAP_Q(1.0),,I,PRT,,EMP_WAP,,PT_WAP_SUB,,_Z,,Y,,_T,,Y15T64,,_Z,,Q,,2013-Q3,,58.87582,,,,A,,0,,1,
DATAFLOW,OECD.SDD.TPS:DSD_LFS@DF_IALFS_EMP_WAP_Q(1.0),,I,PRT,,EMP_WAP,,PT_WAP_SUB,,_Z,,Y,,_T,,Y15T64,,_Z,,Q,,2013-Q4,,59.93617,,,,A,,0,,1,
DATAFLOW,OECD.SDD.TPS:DSD_LFS@DF_IALFS_EMP_WAP_Q(1.0),,I,PRT,,EMP_WAP,,PT_WAP_SUB,,_Z,,Y,,_T,,Y15T64,,_Z,,Q,,2014-Q1,,60.346,,,,A,,0,,1,
DATAFLOW,OECD.SDD.TPS:DSD_LFS@DF_IALFS_EMP_WAP_Q(1.0),,I,PRT,,EMP_WAP,,PT_WAP_SUB,,_Z,,Y,,_T,,Y15T64,,_Z,,Q,,2014-Q2,,60.85079,,,,A,,0,,1,
DATAFLOW,OECD.SDD.TPS:DSD_LFS@DF_IALFS_EMP_WAP_Q(1.0),,I,PRT,,EMP_WAP,,PT_WAP_SUB,,_Z,,Y,,_T,,Y15T64,,_Z,,Q,,2014-Q3,,61.77143,,,,A,,0,,1,
DATAFLOW,OECD.SDD.TPS:DSD_LFS@DF_IALFS_EMP_WAP_Q(1.0),,I,PRT,,EMP_WAP,,PT_WAP_SUB,,_Z,,Y,,_T,,Y15T64,,_Z,,Q,,2014-Q4,,61.82978,,,,A,,0,,1,
DATAFLOW,OECD.SDD.TPS:DSD_LFS@DF_IALFS_EMP_WAP_Q(1.0),,I,PRT,,EMP_WAP,,PT_WAP_SUB,,_Z,,Y,,_T,,Y15T64,,_Z,,Q,,2015-Q1,,62.08683,,,,A,,0,,1,
DATAFLOW,OECD.SDD.TPS:DSD_LFS@DF_IALFS_EMP_WAP_Q(1.0),,I,PRT,,EMP_WAP,,PT_WAP_SUB,,_Z,,Y,,_T,,Y15T64,,_Z,,Q,,2015-Q2,,62.83198,,,,A,,0,,1,
DATAFLOW,OECD.SDD.TPS:DSD_LFS@DF_IALFS_EMP_WAP_Q(1.0),,I,PRT,,EMP_WAP,,PT_WAP_SUB,,_Z,,Y,,_T,,Y15T64,,_Z,,Q,,2015-Q3,,62.91412,,,,A,,0,,1,
DATAFLOW,OECD.SDD.TPS:DSD_LFS@DF_IALFS_EMP_WAP_Q(1.0),,I,PRT,,EMP_WAP,,PT_WAP_SUB,,_Z,,Y,,_T,,Y15T64,,_Z,,Q,,2015-Q4,,63.45707,,,,A,,0,,1,
DATAFLOW,OECD.SDD.TPS:DSD_LFS@DF_IALFS_EMP_WAP_Q(1.0),,I,PRT,,EMP_WAP,,PT_WAP_SUB,,_Z,,Y,,_T,,Y15T64,,_Z,,Q,,2016-Q1,,63.51,,,,A,,0,,1,
DATAFLOW,OECD.SDD.TPS:DSD_LFS@DF_IALFS_EMP_WAP_Q(1.0),,I,PRT,,EMP_WAP,,PT_WAP_SUB,,_Z,,Y,,_T,,Y15T64,,_Z,,Q,,2016-Q2,,64.02275,,,,A,,0,,1,
DATAFLOW,OECD.SDD.TPS:DSD_LFS@DF_IALFS_EMP_WAP_Q(1.0),,I,PRT,,EMP_WAP,,PT_WAP_SUB,,_Z,,Y,,_T,,Y15T64,,_Z,,Q,,2016-Q3,,64.71611,,,,A,,0,,1,
DATAFLOW,OECD.SDD.TPS:DSD_LFS@DF_IALFS_EMP_WAP_Q(1.0),,I,PRT,,EMP_WAP,,PT_WAP_SUB,,_Z,,Y,,_T,,Y15T64,,_Z,,Q,,2016-Q4,,65.11754,,,,A,,0,,1,
DATAFLOW,OECD.SDD.TPS:DSD_LFS@DF_IALFS_EMP_WAP_Q(1.0),,I,PRT,,EMP_WAP,,PT_WAP_SUB,,_Z,,Y,,_T,,Y15T64,,_Z,,Q,,2017-Q1,,65.89361,,,,A,,0,,1,
DATAFLOW,OECD.SDD.TPS:DSD_LFS@DF_IALFS_EMP_WAP_Q(1.0),,I,PRT,,EMP_WAP,,PT_WAP_SUB,,_Z,,Y,,_T,,Y15T64,,_Z,,Q,,2017-Q2,,66.62291,,,,A,,0,,1,
DATAFLOW,OECD.SDD.TPS:DSD_LFS@DF_IALFS_EMP_WAP_Q(1.0),,I,PRT,,EMP_WAP,,PT_WAP_SUB,,_Z,,Y,,_T,,Y15T64,,_Z,,Q,,2017-Q3,,67.49671,,,,A,,0,,1,
DATAFLOW,OECD.SDD.TPS:DSD_LFS@DF_IALFS_EMP_WAP_Q(1.0),,I,PRT,,EMP_WAP,,PT_WAP_SUB,,_Z,,Y,,_T,,Y15T64,,_Z,,Q,,2017-Q4,,68.33255,,,,A,,0,,1,
DATAFLOW,OECD.SDD.TPS:DSD_LFS@DF_IALFS_EMP_WAP_Q(1.0),,I,PRT,,EMP_WAP,,PT_WAP_SUB,,_Z,,Y,,_T,,Y15T64,,_Z,,Q,,2018-Q1,,68.72348,,,,A,,0,,1,
DATAFLOW,OECD.SDD.TPS:DSD_LFS@DF_IALFS_EMP_WAP_Q(1.0),,I,PRT,,EMP_WAP,,PT_WAP_SUB,,_Z,,Y,,_T,,Y15T64,,_Z,,Q,,2018-Q2,,69.05254,,,,A,,0,,1,
DATAFLOW,OECD.SDD.TPS:DSD_LFS@DF_IALFS_EMP_WAP_Q(1.0),,I,PRT,,EMP_WAP,,PT_WAP_SUB,,_Z,,Y,,_T,,Y15T64,,_Z,,Q,,2018-Q3,,69.40557,,,,A,,0,,1,
DATAFLOW,OECD.SDD.TPS:DSD_LFS@DF_IALFS_EMP_WAP_Q(1.0),,I,PRT,,EMP_WAP,,PT_WAP_SUB,,_Z,,Y,,_T,,Y15T64,,_Z,,Q,,2018-Q4,,69.61324,,,,A,,0,,1,
DATAFLOW,OECD.SDD.TPS:DSD_LFS@DF_IALFS_EMP_WAP_Q(1.0),,I,PRT,,EMP_WAP,,PT_WAP_SUB,,_Z,,Y,,_T,,Y15T64,,_Z,,Q,,2019-Q1,,69.64187,,,,A,,0,,1,
DATAFLOW,OECD.SDD.TPS:DSD_LFS@DF_IALFS_EMP_WAP_Q(1.0),,I,PRT,,EMP_WAP,,PT_WAP_SUB,,_Z,,Y,,_T,,Y15T64,,_Z,,Q,,2019-Q2,,69.84199,,,,A,,0,,1,
DATAFLOW,OECD.SDD.TPS:DSD_LFS@DF_IALFS_EMP_WAP_Q(1.0),,I,PRT,,EMP_WAP,,PT_WAP_SUB,,_Z,,Y,,_T,,Y15T64,,_Z,,Q,,2019-Q3,,70.27219,,,,A,,0,,1,
DATAFLOW,OECD.SDD.TPS:DSD_LFS@DF_IALFS_EMP_WAP_Q(1.0),,I,PRT,,EMP_WAP,,PT_WAP_SUB,,_Z,,Y,,_T,,Y15T64,,_Z,,Q,,2019-Q4,,70.23706,,,,A,,0,,1,
DATAFLOW,OECD.SDD.TPS:DSD_LFS@DF_IALFS_EMP_WAP_Q(1.0),,I,PRT,,EMP_WAP,,PT_WAP_SUB,,_Z,,Y,,_T,,Y15T64,,_Z,,Q,,2020-Q1,,69.6806,,,,A,,0,,1,
DATAFLOW,OECD.SDD.TPS:DSD_LFS@DF_IALFS_EMP_WAP_Q(1.0),,I,PRT,,EMP_WAP,,PT_WAP_SUB,,_Z,,Y,,_T,,Y15T64,,_Z,,Q,,2020-Q2,,67.24908,,,,A,,0,,1,
DATAFLOW,OECD.SDD.TPS:DSD_LFS@DF_IALFS_EMP_WAP_Q(1.0),,I,PRT,,EMP_WAP,,PT_WAP_SUB,,_Z,,Y,,_T,,Y15T64,,_Z,,Q,,2020-Q3,,67.84151,,,,A,,0,,1,
DATAFLOW,OECD.SDD.TPS:DSD_LFS@DF_IALFS_EMP_WAP_Q(1.0),,I,PRT,,EMP_WAP,,PT_WAP_SUB,,_Z,,Y,,_T,,Y15T64,,_Z,,Q,,2020-Q4,,68.9177,,,,A,,0,,1,
DATAFLOW,OECD.SDD.TPS:DSD_LFS@DF_IALFS_EMP_WAP_Q(1.0),,I,PRT,,EMP_WAP,,PT_WAP_SUB,,_Z,,Y,,_T,,Y15T64,,_Z,,Q,,2021-Q1,,68.08268,,,,A,,0,,1,
DATAFLOW,OECD.SDD.TPS:DSD_LFS@DF_IALFS_EMP_WAP_Q(1.0),,I,PRT,,EMP_WAP,,PT_WAP_SUB,,_Z,,Y,,_T,,Y15T64,,_Z,,Q,,2021-Q2,,69.67561,,,,A,,0,,1,
DATAFLOW,OECD.SDD.TPS:DSD_LFS@DF_IALFS_EMP_WAP_Q(1.0),,I,PRT,,EMP_WAP,,PT_WAP_SUB,,_Z,,Y,,_T,,Y15T64,,_Z,,Q,,2021-Q3,,70.17118,,,,A,,0,,1,
DATAFLOW,OECD.SDD.TPS:DSD_LFS@DF_IALFS_EMP_WAP_Q(1.0),,I,PRT,,EMP_WAP,,PT_WAP_SUB,,_Z,,Y,,_T,,Y15T64,,_Z,,Q,,2021-Q4,,70.60374,,,,A,,0,,1,
DATAFLOW,OECD.SDD.TPS:DSD_LFS@DF_IALFS_EMP_WAP_Q(1.0),,I,PRT,,EMP_WAP,,PT_WAP_SUB,,_Z,,Y,,_T,,Y15T64,,_Z,,Q,,2022-Q1,,71.26125,,,,A,,0,,1,
DATAFLOW,OECD.SDD.TPS:DSD_LFS@DF_IALFS_EMP_WAP_Q(1.0),,I,PRT,,EMP_WAP,,PT_WAP_SUB,,_Z,,Y,,_T,,Y15T64,,_Z,,Q,,2022-Q2,,70.99843,,,,A,,0,,1,
DATAFLOW,OECD.SDD.TPS:DSD_LFS@DF_IALFS_EMP_WAP_Q(1.0),,I,PRT,,EMP_WAP,,PT_WAP_SUB,,_Z,,Y,,_T,,Y15T64,,_Z,,Q,,2022-Q3,,71.5992,,,,A,,0,,1,
DATAFLOW,OECD.SDD.TPS:DSD_LFS@DF_IALFS_EMP_WAP_Q(1.0),,I,PRT,,EMP_WAP,,PT_WAP_SUB,,_Z,,Y,,_T,,Y15T64,,_Z,,Q,,2022-Q4,,71.57288,,,,A,,0,,1,
DATAFLOW,OECD.SDD.TPS:DSD_LFS@DF_IALFS_EMP_WAP_Q(1.0),,I,PRT,,EMP_WAP,,PT_WAP_SUB,,_Z,,Y,,_T,,Y15T64,,_Z,,Q,,2023-Q1,,71.8098,,,,A,,0,,1,
DATAFLOW,OECD.SDD.TPS:DSD_LFS@DF_IALFS_EMP_WAP_Q(1.0),,I,PRT,,EMP_WAP,,PT_WAP_SUB,,_Z,,Y,,_T,,Y15T64,,_Z,,Q,,2023-Q2,,72.47975,,,,A,,0,,1,
DATAFLOW,OECD.SDD.TPS:DSD_LFS@DF_IALFS_EMP_WAP_Q(1.0),,I,PRT,,EMP_WAP,,PT_WAP_SUB,,_Z,,Y,,_T,,Y15T64,,_Z,,Q,,2023-Q3,,72.50832,,,,A,,0,,1,
DATAFLOW,OECD.SDD.TPS:DSD_LFS@DF_IALFS_EMP_WAP_Q(1.0),,I,PRT,,EMP_WAP,,PT_WAP_SUB,,_Z,,Y,,_T,,Y15T64,,_Z,,Q,,2023-Q4,,72.7739,,,,A,,0,,1,
DATAFLOW,OECD.SDD.TPS:DSD_LFS@DF_IALFS_EMP_WAP_Q(1.0),,I,PRT,,EMP_WAP,,PT_WAP_SUB,,_Z,,Y,,_T,,Y15T64,,_Z,,Q,,2024-Q1,,72.54615,,,,A,,0,,1,
DATAFLOW,OECD.SDD.TPS:DSD_LFS@DF_IALFS_EMP_WAP_Q(1.0),,I,PRT,,EMP_WAP,,PT_WAP_SUB,,_Z,,Y,,_T,,Y15T64,,_Z,,Q,,2024-Q2,,72.66348,,,,A,,0,,1,
DATAFLOW,OECD.SDD.TPS:DSD_LFS@DF_IALFS_EMP_WAP_Q(1.0),,I,PRT,,EMP_WAP,,PT_WAP_SUB,,_Z,,Y,,_T,,Y15T64,,_Z,,Q,,2024-Q3,,72.89784,,,,A,,0,,1,
DATAFLOW,OECD.SDD.TPS:DSD_LFS@DF_IALFS_EMP_WAP_Q(1.0),,I,PRT,,EMP_WAP,,PT_WAP_SUB,,_Z,,Y,,_T,,Y15T64,,_Z,,Q,,2024-Q4,,73.09161,,,,A,,0,,1,
DATAFLOW,OECD.SDD.TPS:DSD_LFS@DF_IALFS_EMP_WAP_Q(1.0),,I,PRT,,EMP_WAP,,PT_WAP_SUB,,_Z,,Y,,_T,,Y15T64,,_Z,,Q,,2025-Q1,,73.42979,,,,A,,0,,1,
DATAFLOW,OECD.SDD.TPS:DSD_LFS@DF_IALFS_EMP_WAP_Q(1.0),,I,PRT,,EMP_WAP,,PT_WAP_SUB,,_Z,,Y,,_T,,Y15T64,,_Z,,Q,,2025-Q2,,73.65275,,,,A,,0,,1,
DATAFLOW,OECD.SDD.TPS:DSD_LFS@DF_IALFS_EMP_WAP_Q(1.0),,I,PRT,,EMP_WAP,,PT_WAP_SUB,,_Z,,Y,,_T,,Y15T64,,_Z,,Q,,2025-Q3,,74.18227,,,,A,,0,,1,
DATAFLOW,OECD.SDD.TPS:DSD_LFS@DF_IALFS_EMP_WAP_Q(1.0),,I,PRT,,EMP_WAP,,PT_WAP_SUB,,_Z,,Y,,_T,,Y15T64,,_Z,,Q,,2025-Q4,,74.35054,,,,A,,0,,1,
DATAFLOW,OECD.SDD.TPS:DSD_LFS@DF_IALFS_EMP_WAP_Q(1.0),,I,PRT,,EMP_WAP,,PT_WAP_SUB,,_Z,,Y,,_T,,Y15T64,,_Z,,Q,,2026-Q1,,74.1614,,,,A,,0,,1,
DATAFLOW,OECD.SDD.TPS:DSD_LFS@DF_IALFS_EMP_WAP_Q(1.0),,I,ROU,,EMP_WAP,,PT_WAP_SUB,,_Z,,Y,,_T,,Y15T64,,_Z,,Q,,1998-Q2,,64.32048,,,,A,,0,,1,
DATAFLOW,OECD.SDD.TPS:DSD_LFS@DF_IALFS_EMP_WAP_Q(1.0),,I,ROU,,EMP_WAP,,PT_WAP_SUB,,_Z,,Y,,_T,,Y15T64,,_Z,,Q,,1998-Q3,,63.90361,,,,A,,0,,1,
DATAFLOW,OECD.SDD.TPS:DSD_LFS@DF_IALFS_EMP_WAP_Q(1.0),,I,ROU,,EMP_WAP,,PT_WAP_SUB,,_Z,,Y,,_T,,Y15T64,,_Z,,Q,,1998-Q4,,63.53415,,,,A,,0,,1,
DATAFLOW,OECD.SDD.TPS:DSD_LFS@DF_IALFS_EMP_WAP_Q(1.0),,I,ROU,,EMP_WAP,,PT_WAP_SUB,,_Z,,Y,,_T,,Y15T64,,_Z,,Q,,1999-Q1,,63.06691,,,,A,,0,,1,
DATAFLOW,OECD.SDD.TPS:DSD_LFS@DF_IALFS_EMP_WAP_Q(1.0),,I,ROU,,EMP_WAP,,PT_WAP_SUB,,_Z,,Y,,_T,,Y15T64,,_Z,,Q,,1999-Q2,,63.48303,,,,A,,0,,1,
DATAFLOW,OECD.SDD.TPS:DSD_LFS@DF_IALFS_EMP_WAP_Q(1.0),,I,ROU,,EMP_WAP,,PT_WAP_SUB,,_Z,,Y,,_T,,Y15T64,,_Z,,Q,,1999-Q3,,63.41801,,,,A,,0,,1,
DATAFLOW,OECD.SDD.TPS:DSD_LFS@DF_IALFS_EMP_WAP_Q(1.0),,I,ROU,,EMP_WAP,,PT_WAP_SUB,,_Z,,Y,,_T,,Y15T64,,_Z,,Q,,1999-Q4,,62.80748,,,,A,,0,,1,
DATAFLOW,OECD.SDD.TPS:DSD_LFS@DF_IALFS_EMP_WAP_Q(1.0),,I,ROU,,EMP_WAP,,PT_WAP_SUB,,_Z,,Y,,_T,,Y15T64,,_Z,,Q,,2000-Q1,,62.84395,,,,A,,0,,1,
DATAFLOW,OECD.SDD.TPS:DSD_LFS@DF_IALFS_EMP_WAP_Q(1.0),,I,ROU,,EMP_WAP,,PT_WAP_SUB,,_Z,,Y,,_T,,Y15T64,,_Z,,Q,,2000-Q2,,62.93383,,,,A,,0,,1,
DATAFLOW,OECD.SDD.TPS:DSD_LFS@DF_IALFS_EMP_WAP_Q(1.0),,I,ROU,,EMP_WAP,,PT_WAP_SUB,,_Z,,Y,,_T,,Y15T64,,_Z,,Q,,2000-Q3,,62.80697,,,,A,,0,,1,
DATAFLOW,OECD.SDD.TPS:DSD_LFS@DF_IALFS_EMP_WAP_Q(1.0),,I,ROU,,EMP_WAP,,PT_WAP_SUB,,_Z,,Y,,_T,,Y15T64,,_Z,,Q,,2000-Q4,,63.26322,,,,A,,0,,1,
DATAFLOW,OECD.SDD.TPS:DSD_LFS@DF_IALFS_EMP_WAP_Q(1.0),,I,ROU,,EMP_WAP,,PT_WAP_SUB,,_Z,,Y,,_T,,Y15T64,,_Z,,Q,,2001-Q1,,62.6906,,,,A,,0,,1,
DATAFLOW,OECD.SDD.TPS:DSD_LFS@DF_IALFS_EMP_WAP_Q(1.0),,I,ROU,,EMP_WAP,,PT_WAP_SUB,,_Z,,Y,,_T,,Y15T64,,_Z,,Q,,2001-Q2,,62.27806,,,,A,,0,,1,
DATAFLOW,OECD.SDD.TPS:DSD_LFS@DF_IALFS_EMP_WAP_Q(1.0),,I,ROU,,EMP_WAP,,PT_WAP_SUB,,_Z,,Y,,_T,,Y15T64,,_Z,,Q,,2001-Q3,,62.61702,,,,A,,0,,1,
DATAFLOW,OECD.SDD.TPS:DSD_LFS@DF_IALFS_EMP_WAP_Q(1.0),,I,ROU,,EMP_WAP,,PT_WAP_SUB,,_Z,,Y,,_T,,Y15T64,,_Z,,Q,,2001-Q4,,61.91554,,,,A,,0,,1,
DATAFLOW,OECD.SDD.TPS:DSD_LFS@DF_IALFS_EMP_WAP_Q(1.0),,I,ROU,,EMP_WAP,,PT_WAP_SUB,,_Z,,Y,,_T,,Y15T64,,_Z,,Q,,2002-Q1,,57.82887,,,,A,,0,,1,
DATAFLOW,OECD.SDD.TPS:DSD_LFS@DF_IALFS_EMP_WAP_Q(1.0),,I,ROU,,EMP_WAP,,PT_WAP_SUB,,_Z,,Y,,_T,,Y15T64,,_Z,,Q,,2002-Q2,,57.57193,,,,A,,0,,1,
DATAFLOW,OECD.SDD.TPS:DSD_LFS@DF_IALFS_EMP_WAP_Q(1.0),,I,ROU,,EMP_WAP,,PT_WAP_SUB,,_Z,,Y,,_T,,Y15T64,,_Z,,Q,,2002-Q3,,57.4854,,,,A,,0,,1,
DATAFLOW,OECD.SDD.TPS:DSD_LFS@DF_IALFS_EMP_WAP_Q(1.0),,I,ROU,,EMP_WAP,,PT_WAP_SUB,,_Z,,Y,,_T,,Y15T64,,_Z,,Q,,2002-Q4,,57.63896,,,,A,,0,,1,
DATAFLOW,OECD.SDD.TPS:DSD_LFS@DF_IALFS_EMP_WAP_Q(1.0),,I,ROU,,EMP_WAP,,PT_WAP_SUB,,_Z,,Y,,_T,,Y15T64,,_Z,,Q,,2003-Q1,,57.42385,,,,A,,0,,1,
DATAFLOW,OECD.SDD.TPS:DSD_LFS@DF_IALFS_EMP_WAP_Q(1.0),,I,ROU,,EMP_WAP,,PT_WAP_SUB,,_Z,,Y,,_T,,Y15T64,,_Z,,Q,,2003-Q2,,57.63688,,,,A,,0,,1,
DATAFLOW,OECD.SDD.TPS:DSD_LFS@DF_IALFS_EMP_WAP_Q(1.0),,I,ROU,,EMP_WAP,,PT_WAP_SUB,,_Z,,Y,,_T,,Y15T64,,_Z,,Q,,2003-Q3,,57.79895,,,,A,,0,,1,
DATAFLOW,OECD.SDD.TPS:DSD_LFS@DF_IALFS_EMP_WAP_Q(1.0),,I,ROU,,EMP_WAP,,PT_WAP_SUB,,_Z,,Y,,_T,,Y15T64,,_Z,,Q,,2003-Q4,,57.55185,,,,A,,0,,1,
DATAFLOW,OECD.SDD.TPS:DSD_LFS@DF_IALFS_EMP_WAP_Q(1.0),,I,ROU,,EMP_WAP,,PT_WAP_SUB,,_Z,,Y,,_T,,Y15T64,,_Z,,Q,,2004-Q1,,57.38867,,,,A,,0,,1,
DATAFLOW,OECD.SDD.TPS:DSD_LFS@DF_IALFS_EMP_WAP_Q(1.0),,I,ROU,,EMP_WAP,,PT_WAP_SUB,,_Z,,Y,,_T,,Y15T64,,_Z,,Q,,2004-Q2,,57.77193,,,,A,,0,,1,
DATAFLOW,OECD.SDD.TPS:DSD_LFS@DF_IALFS_EMP_WAP_Q(1.0),,I,ROU,,EMP_WAP,,PT_WAP_SUB,,_Z,,Y,,_T,,Y15T64,,_Z,,Q,,2004-Q3,,57.42939,,,,A,,0,,1,
DATAFLOW,OECD.SDD.TPS:DSD_LFS@DF_IALFS_EMP_WAP_Q(1.0),,I,ROU,,EMP_WAP,,PT_WAP_SUB,,_Z,,Y,,_T,,Y15T64,,_Z,,Q,,2004-Q4,,58.23433,,,,A,,0,,1,
DATAFLOW,OECD.SDD.TPS:DSD_LFS@DF_IALFS_EMP_WAP_Q(1.0),,I,ROU,,EMP_WAP,,PT_WAP_SUB,,_Z,,Y,,_T,,Y15T64,,_Z,,Q,,2005-Q1,,58.25939,,,,A,,0,,1,
DATAFLOW,OECD.SDD.TPS:DSD_LFS@DF_IALFS_EMP_WAP_Q(1.0),,I,ROU,,EMP_WAP,,PT_WAP_SUB,,_Z,,Y,,_T,,Y15T64,,_Z,,Q,,2005-Q2,,57.87141,,,,A,,0,,1,
DATAFLOW,OECD.SDD.TPS:DSD_LFS@DF_IALFS_EMP_WAP_Q(1.0),,I,ROU,,EMP_WAP,,PT_WAP_SUB,,_Z,,Y,,_T,,Y15T64,,_Z,,Q,,2005-Q3,,55.96932,,,,A,,0,,1,
DATAFLOW,OECD.SDD.TPS:DSD_LFS@DF_IALFS_EMP_WAP_Q(1.0),,I,ROU,,EMP_WAP,,PT_WAP_SUB,,_Z,,Y,,_T,,Y15T64,,_Z,,Q,,2005-Q4,,58.27956,,,,A,,0,,1,
DATAFLOW,OECD.SDD.TPS:DSD_LFS@DF_IALFS_EMP_WAP_Q(1.0),,I,ROU,,EMP_WAP,,PT_WAP_SUB,,_Z,,Y,,_T,,Y15T64,,_Z,,Q,,2006-Q1,,58.7259,,,,A,,0,,1,
DATAFLOW,OECD.SDD.TPS:DSD_LFS@DF_IALFS_EMP_WAP_Q(1.0),,I,ROU,,EMP_WAP,,PT_WAP_SUB,,_Z,,Y,,_T,,Y15T64,,_Z,,Q,,2006-Q2,,58.78765,,,,A,,0,,1,
DATAFLOW,OECD.SDD.TPS:DSD_LFS@DF_IALFS_EMP_WAP_Q(1.0),,I,ROU,,EMP_WAP,,PT_WAP_SUB,,_Z,,Y,,_T,,Y15T64,,_Z,,Q,,2006-Q3,,59.04107,,,,A,,0,,1,
DATAFLOW,OECD.SDD.TPS:DSD_LFS@DF_IALFS_EMP_WAP_Q(1.0),,I,ROU,,EMP_WAP,,PT_WAP_SUB,,_Z,,Y,,_T,,Y15T64,,_Z,,Q,,2006-Q4,,58.56225,,,,A,,0,,1,
DATAFLOW,OECD.SDD.TPS:DSD_LFS@DF_IALFS_EMP_WAP_Q(1.0),,I,ROU,,EMP_WAP,,PT_WAP_SUB,,_Z,,Y,,_T,,Y15T64,,_Z,,Q,,2007-Q1,,58.65978,,,,A,,0,,1,
DATAFLOW,OECD.SDD.TPS:DSD_LFS@DF_IALFS_EMP_WAP_Q(1.0),,I,ROU,,EMP_WAP,,PT_WAP_SUB,,_Z,,Y,,_T,,Y15T64,,_Z,,Q,,2007-Q2,,58.75422,,,,A,,0,,1,
DATAFLOW,OECD.SDD.TPS:DSD_LFS@DF_IALFS_EMP_WAP_Q(1.0),,I,ROU,,EMP_WAP,,PT_WAP_SUB,,_Z,,Y,,_T,,Y15T64,,_Z,,Q,,2007-Q3,,58.74323,,,,A,,0,,1,
DATAFLOW,OECD.SDD.TPS:DSD_LFS@DF_IALFS_EMP_WAP_Q(1.0),,I,ROU,,EMP_WAP,,PT_WAP_SUB,,_Z,,Y,,_T,,Y15T64,,_Z,,Q,,2007-Q4,,58.91641,,,,A,,0,,1,
DATAFLOW,OECD.SDD.TPS:DSD_LFS@DF_IALFS_EMP_WAP_Q(1.0),,I,ROU,,EMP_WAP,,PT_WAP_SUB,,_Z,,Y,,_T,,Y15T64,,_Z,,Q,,2008-Q1,,59.05321,,,,A,,0,,1,
DATAFLOW,OECD.SDD.TPS:DSD_LFS@DF_IALFS_EMP_WAP_Q(1.0),,I,ROU,,EMP_WAP,,PT_WAP_SUB,,_Z,,Y,,_T,,Y15T64,,_Z,,Q,,2008-Q2,,58.99959,,,,A,,0,,1,
DATAFLOW,OECD.SDD.TPS:DSD_LFS@DF_IALFS_EMP_WAP_Q(1.0),,I,ROU,,EMP_WAP,,PT_WAP_SUB,,_Z,,Y,,_T,,Y15T64,,_Z,,Q,,2008-Q3,,58.89702,,,,A,,0,,1,
DATAFLOW,OECD.SDD.TPS:DSD_LFS@DF_IALFS_EMP_WAP_Q(1.0),,I,ROU,,EMP_WAP,,PT_WAP_SUB,,_Z,,Y,,_T,,Y15T64,,_Z,,Q,,2008-Q4,,59.2428,,,,A,,0,,1,
DATAFLOW,OECD.SDD.TPS:DSD_LFS@DF_IALFS_EMP_WAP_Q(1.0),,I,ROU,,EMP_WAP,,PT_WAP_SUB,,_Z,,Y,,_T,,Y15T64,,_Z,,Q,,2009-Q1,,54.95422,,,,A,,0,,1,
DATAFLOW,OECD.SDD.TPS:DSD_LFS@DF_IALFS_EMP_WAP_Q(1.0),,I,ROU,,EMP_WAP,,PT_WAP_SUB,,_Z,,Y,,_T,,Y15T64,,_Z,,Q,,2009-Q2,,54.42953,,,,A,,0,,1,
DATAFLOW,OECD.SDD.TPS:DSD_LFS@DF_IALFS_EMP_WAP_Q(1.0),,I,ROU,,EMP_WAP,,PT_WAP_SUB,,_Z,,Y,,_T,,Y15T64,,_Z,,Q,,2009-Q3,,54.48112,,,,A,,0,,1,
DATAFLOW,OECD.SDD.TPS:DSD_LFS@DF_IALFS_EMP_WAP_Q(1.0),,I,ROU,,EMP_WAP,,PT_WAP_SUB,,_Z,,Y,,_T,,Y15T64,,_Z,,Q,,2009-Q4,,53.85798,,,,A,,0,,1,
DATAFLOW,OECD.SDD.TPS:DSD_LFS@DF_IALFS_EMP_WAP_Q(1.0),,I,ROU,,EMP_WAP,,PT_WAP_SUB,,_Z,,Y,,_T,,Y15T64,,_Z,,Q,,2010-Q1,,56.31416,,,,A,,0,,1,
DATAFLOW,OECD.SDD.TPS:DSD_LFS@DF_IALFS_EMP_WAP_Q(1.0),,I,ROU,,EMP_WAP,,PT_WAP_SUB,,_Z,,Y,,_T,,Y15T64,,_Z,,Q,,2010-Q2,,57.28092,,,,A,,0,,1,
DATAFLOW,OECD.SDD.TPS:DSD_LFS@DF_IALFS_EMP_WAP_Q(1.0),,I,ROU,,EMP_WAP,,PT_WAP_SUB,,_Z,,Y,,_T,,Y15T64,,_Z,,Q,,2010-Q3,,56.81067,,,,A,,0,,1,
DATAFLOW,OECD.SDD.TPS:DSD_LFS@DF_IALFS_EMP_WAP_Q(1.0),,I,ROU,,EMP_WAP,,PT_WAP_SUB,,_Z,,Y,,_T,,Y15T64,,_Z,,Q,,2010-Q4,,56.39698,,,,A,,0,,1,
DATAFLOW,OECD.SDD.TPS:DSD_LFS@DF_IALFS_EMP_WAP_Q(1.0),,I,ROU,,EMP_WAP,,PT_WAP_SUB,,_Z,,Y,,_T,,Y15T64,,_Z,,Q,,2011-Q1,,56.53858,,,,A,,0,,1,
DATAFLOW,OECD.SDD.TPS:DSD_LFS@DF_IALFS_EMP_WAP_Q(1.0),,I,ROU,,EMP_WAP,,PT_WAP_SUB,,_Z,,Y,,_T,,Y15T64,,_Z,,Q,,2011-Q2,,55.72381,,,,A,,0,,1,
DATAFLOW,OECD.SDD.TPS:DSD_LFS@DF_IALFS_EMP_WAP_Q(1.0),,I,ROU,,EMP_WAP,,PT_WAP_SUB,,_Z,,Y,,_T,,Y15T64,,_Z,,Q,,2011-Q3,,55.68061,,,,A,,0,,1,
DATAFLOW,OECD.SDD.TPS:DSD_LFS@DF_IALFS_EMP_WAP_Q(1.0),,I,ROU,,EMP_WAP,,PT_WAP_SUB,,_Z,,Y,,_T,,Y15T64,,_Z,,Q,,2011-Q4,,56.15393,,,,A,,0,,1,
DATAFLOW,OECD.SDD.TPS:DSD_LFS@DF_IALFS_EMP_WAP_Q(1.0),,I,ROU,,EMP_WAP,,PT_WAP_SUB,,_Z,,Y,,_T,,Y15T64,,_Z,,Q,,2012-Q1,,56.59912,,,,A,,0,,1,
DATAFLOW,OECD.SDD.TPS:DSD_LFS@DF_IALFS_EMP_WAP_Q(1.0),,I,ROU,,EMP_WAP,,PT_WAP_SUB,,_Z,,Y,,_T,,Y15T64,,_Z,,Q,,2012-Q2,,56.83168,,,,A,,0,,1,
DATAFLOW,OECD.SDD.TPS:DSD_LFS@DF_IALFS_EMP_WAP_Q(1.0),,I,ROU,,EMP_WAP,,PT_WAP_SUB,,_Z,,Y,,_T,,Y15T64,,_Z,,Q,,2012-Q3,,57.03052,,,,A,,0,,1,
DATAFLOW,OECD.SDD.TPS:DSD_LFS@DF_IALFS_EMP_WAP_Q(1.0),,I,ROU,,EMP_WAP,,PT_WAP_SUB,,_Z,,Y,,_T,,Y15T64,,_Z,,Q,,2012-Q4,,57.15017,,,,A,,0,,1,
DATAFLOW,OECD.SDD.TPS:DSD_LFS@DF_IALFS_EMP_WAP_Q(1.0),,I,ROU,,EMP_WAP,,PT_WAP_SUB,,_Z,,Y,,_T,,Y15T64,,_Z,,Q,,2013-Q1,,56.6778,,,,A,,0,,1,
DATAFLOW,OECD.SDD.TPS:DSD_LFS@DF_IALFS_EMP_WAP_Q(1.0),,I,ROU,,EMP_WAP,,PT_WAP_SUB,,_Z,,Y,,_T,,Y15T64,,_Z,,Q,,2013-Q2,,56.8762,,,,A,,0,,1,
DATAFLOW,OECD.SDD.TPS:DSD_LFS@DF_IALFS_EMP_WAP_Q(1.0),,I,ROU,,EMP_WAP,,PT_WAP_SUB,,_Z,,Y,,_T,,Y15T64,,_Z,,Q,,2013-Q3,,56.81479,,,,A,,0,,1,
DATAFLOW,OECD.SDD.TPS:DSD_LFS@DF_IALFS_EMP_WAP_Q(1.0),,I,ROU,,EMP_WAP,,PT_WAP_SUB,,_Z,,Y,,_T,,Y15T64,,_Z,,Q,,2013-Q4,,57.1558,,,,A,,0,,1,
DATAFLOW,OECD.SDD.TPS:DSD_LFS@DF_IALFS_EMP_WAP_Q(1.0),,I,ROU,,EMP_WAP,,PT_WAP_SUB,,_Z,,Y,,_T,,Y15T64,,_Z,,Q,,2014-Q1,,57.75794,,,,A,,0,,1,
DATAFLOW,OECD.SDD.TPS:DSD_LFS@DF_IALFS_EMP_WAP_Q(1.0),,I,ROU,,EMP_WAP,,PT_WAP_SUB,,_Z,,Y,,_T,,Y15T64,,_Z,,Q,,2014-Q2,,57.60912,,,,A,,0,,1,
DATAFLOW,OECD.SDD.TPS:DSD_LFS@DF_IALFS_EMP_WAP_Q(1.0),,I,ROU,,EMP_WAP,,PT_WAP_SUB,,_Z,,Y,,_T,,Y15T64,,_Z,,Q,,2014-Q3,,58.16945,,,,A,,0,,1,
DATAFLOW,OECD.SDD.TPS:DSD_LFS@DF_IALFS_EMP_WAP_Q(1.0),,I,ROU,,EMP_WAP,,PT_WAP_SUB,,_Z,,Y,,_T,,Y15T64,,_Z,,Q,,2014-Q4,,58.18233,,,,A,,0,,1,
DATAFLOW,OECD.SDD.TPS:DSD_LFS@DF_IALFS_EMP_WAP_Q(1.0),,I,ROU,,EMP_WAP,,PT_WAP_SUB,,_Z,,Y,,_T,,Y15T64,,_Z,,Q,,2015-Q1,,58.03408,,,,A,,0,,1,
DATAFLOW,OECD.SDD.TPS:DSD_LFS@DF_IALFS_EMP_WAP_Q(1.0),,I,ROU,,EMP_WAP,,PT_WAP_SUB,,_Z,,Y,,_T,,Y15T64,,_Z,,Q,,2015-Q2,,58.70652,,,,A,,0,,1,
DATAFLOW,OECD.SDD.TPS:DSD_LFS@DF_IALFS_EMP_WAP_Q(1.0),,I,ROU,,EMP_WAP,,PT_WAP_SUB,,_Z,,Y,,_T,,Y15T64,,_Z,,Q,,2015-Q3,,58.99234,,,,A,,0,,1,
DATAFLOW,OECD.SDD.TPS:DSD_LFS@DF_IALFS_EMP_WAP_Q(1.0),,I,ROU,,EMP_WAP,,PT_WAP_SUB,,_Z,,Y,,_T,,Y15T64,,_Z,,Q,,2015-Q4,,59.14959,,,,A,,0,,1,
DATAFLOW,OECD.SDD.TPS:DSD_LFS@DF_IALFS_EMP_WAP_Q(1.0),,I,ROU,,EMP_WAP,,PT_WAP_SUB,,_Z,,Y,,_T,,Y15T64,,_Z,,Q,,2016-Q1,,58.95095,,,,A,,0,,1,
DATAFLOW,OECD.SDD.TPS:DSD_LFS@DF_IALFS_EMP_WAP_Q(1.0),,I,ROU,,EMP_WAP,,PT_WAP_SUB,,_Z,,Y,,_T,,Y15T64,,_Z,,Q,,2016-Q2,,58.66454,,,,A,,0,,1,
DATAFLOW,OECD.SDD.TPS:DSD_LFS@DF_IALFS_EMP_WAP_Q(1.0),,I,ROU,,EMP_WAP,,PT_WAP_SUB,,_Z,,Y,,_T,,Y15T64,,_Z,,Q,,2016-Q3,,59.34716,,,,A,,0,,1,
DATAFLOW,OECD.SDD.TPS:DSD_LFS@DF_IALFS_EMP_WAP_Q(1.0),,I,ROU,,EMP_WAP,,PT_WAP_SUB,,_Z,,Y,,_T,,Y15T64,,_Z,,Q,,2016-Q4,,59.90152,,,,A,,0,,1,
DATAFLOW,OECD.SDD.TPS:DSD_LFS@DF_IALFS_EMP_WAP_Q(1.0),,I,ROU,,EMP_WAP,,PT_WAP_SUB,,_Z,,Y,,_T,,Y15T64,,_Z,,Q,,2017-Q1,,60.51755,,,,A,,0,,1,
DATAFLOW,OECD.SDD.TPS:DSD_LFS@DF_IALFS_EMP_WAP_Q(1.0),,I,ROU,,EMP_WAP,,PT_WAP_SUB,,_Z,,Y,,_T,,Y15T64,,_Z,,Q,,2017-Q2,,62.19151,,,,A,,0,,1,
DATAFLOW,OECD.SDD.TPS:DSD_LFS@DF_IALFS_EMP_WAP_Q(1.0),,I,ROU,,EMP_WAP,,PT_WAP_SUB,,_Z,,Y,,_T,,Y15T64,,_Z,,Q,,2017-Q3,,61.87738,,,,A,,0,,1,
DATAFLOW,OECD.SDD.TPS:DSD_LFS@DF_IALFS_EMP_WAP_Q(1.0),,I,ROU,,EMP_WAP,,PT_WAP_SUB,,_Z,,Y,,_T,,Y15T64,,_Z,,Q,,2017-Q4,,61.90073,,,,A,,0,,1,
DATAFLOW,OECD.SDD.TPS:DSD_LFS@DF_IALFS_EMP_WAP_Q(1.0),,I,ROU,,EMP_WAP,,PT_WAP_SUB,,_Z,,Y,,_T,,Y15T64,,_Z,,Q,,2018-Q1,,62.26784,,,,A,,0,,1,
DATAFLOW,OECD.SDD.TPS:DSD_LFS@DF_IALFS_EMP_WAP_Q(1.0),,I,ROU,,EMP_WAP,,PT_WAP_SUB,,_Z,,Y,,_T,,Y15T64,,_Z,,Q,,2018-Q2,,62.47923,,,,A,,0,,1,
DATAFLOW,OECD.SDD.TPS:DSD_LFS@DF_IALFS_EMP_WAP_Q(1.0),,I,ROU,,EMP_WAP,,PT_WAP_SUB,,_Z,,Y,,_T,,Y15T64,,_Z,,Q,,2018-Q3,,63.00384,,,,A,,0,,1,
DATAFLOW,OECD.SDD.TPS:DSD_LFS@DF_IALFS_EMP_WAP_Q(1.0),,I,ROU,,EMP_WAP,,PT_WAP_SUB,,_Z,,Y,,_T,,Y15T64,,_Z,,Q,,2018-Q4,,62.91728,,,,A,,0,,1,
DATAFLOW,OECD.SDD.TPS:DSD_LFS@DF_IALFS_EMP_WAP_Q(1.0),,I,ROU,,EMP_WAP,,PT_WAP_SUB,,_Z,,Y,,_T,,Y15T64,,_Z,,Q,,2019-Q1,,63.2708,,,,A,,0,,1,
DATAFLOW,OECD.SDD.TPS:DSD_LFS@DF_IALFS_EMP_WAP_Q(1.0),,I,ROU,,EMP_WAP,,PT_WAP_SUB,,_Z,,Y,,_T,,Y15T64,,_Z,,Q,,2019-Q2,,63.84288,,,,A,,0,,1,
DATAFLOW,OECD.SDD.TPS:DSD_LFS@DF_IALFS_EMP_WAP_Q(1.0),,I,ROU,,EMP_WAP,,PT_WAP_SUB,,_Z,,Y,,_T,,Y15T64,,_Z,,Q,,2019-Q3,,63.828,,,,A,,0,,1,
DATAFLOW,OECD.SDD.TPS:DSD_LFS@DF_IALFS_EMP_WAP_Q(1.0),,I,ROU,,EMP_WAP,,PT_WAP_SUB,,_Z,,Y,,_T,,Y15T64,,_Z,,Q,,2019-Q4,,64.20805,,,,A,,0,,1,
DATAFLOW,OECD.SDD.TPS:DSD_LFS@DF_IALFS_EMP_WAP_Q(1.0),,I,ROU,,EMP_WAP,,PT_WAP_SUB,,_Z,,Y,,_T,,Y15T64,,_Z,,Q,,2020-Q1,,64.21825,,,,A,,0,,1,
DATAFLOW,OECD.SDD.TPS:DSD_LFS@DF_IALFS_EMP_WAP_Q(1.0),,I,ROU,,EMP_WAP,,PT_WAP_SUB,,_Z,,Y,,_T,,Y15T64,,_Z,,Q,,2020-Q2,,62.8146,,,,A,,0,,1,
DATAFLOW,OECD.SDD.TPS:DSD_LFS@DF_IALFS_EMP_WAP_Q(1.0),,I,ROU,,EMP_WAP,,PT_WAP_SUB,,_Z,,Y,,_T,,Y15T64,,_Z,,Q,,2020-Q3,,63.52056,,,,A,,0,,1,
DATAFLOW,OECD.SDD.TPS:DSD_LFS@DF_IALFS_EMP_WAP_Q(1.0),,I,ROU,,EMP_WAP,,PT_WAP_SUB,,_Z,,Y,,_T,,Y15T64,,_Z,,Q,,2020-Q4,,63.9881,,,,A,,0,,1,
DATAFLOW,OECD.SDD.TPS:DSD_LFS@DF_IALFS_EMP_WAP_Q(1.0),,I,ROU,,EMP_WAP,,PT_WAP_SUB,,_Z,,Y,,_T,,Y15T64,,_Z,,Q,,2021-Q1,,61.30786,,,,A,,0,,1,
DATAFLOW,OECD.SDD.TPS:DSD_LFS@DF_IALFS_EMP_WAP_Q(1.0),,I,ROU,,EMP_WAP,,PT_WAP_SUB,,_Z,,Y,,_T,,Y15T64,,_Z,,Q,,2021-Q2,,61.99411,,,,A,,0,,1,
DATAFLOW,OECD.SDD.TPS:DSD_LFS@DF_IALFS_EMP_WAP_Q(1.0),,I,ROU,,EMP_WAP,,PT_WAP_SUB,,_Z,,Y,,_T,,Y15T64,,_Z,,Q,,2021-Q3,,61.97457,,,,A,,0,,1,
DATAFLOW,OECD.SDD.TPS:DSD_LFS@DF_IALFS_EMP_WAP_Q(1.0),,I,ROU,,EMP_WAP,,PT_WAP_SUB,,_Z,,Y,,_T,,Y15T64,,_Z,,Q,,2021-Q4,,62.36502,,,,A,,0,,1,
DATAFLOW,OECD.SDD.TPS:DSD_LFS@DF_IALFS_EMP_WAP_Q(1.0),,I,ROU,,EMP_WAP,,PT_WAP_SUB,,_Z,,Y,,_T,,Y15T64,,_Z,,Q,,2022-Q1,,62.81993,,,,A,,0,,1,
DATAFLOW,OECD.SDD.TPS:DSD_LFS@DF_IALFS_EMP_WAP_Q(1.0),,I,ROU,,EMP_WAP,,PT_WAP_SUB,,_Z,,Y,,_T,,Y15T64,,_Z,,Q,,2022-Q2,,63.14581,,,,A,,0,,1,
DATAFLOW,OECD.SDD.TPS:DSD_LFS@DF_IALFS_EMP_WAP_Q(1.0),,I,ROU,,EMP_WAP,,PT_WAP_SUB,,_Z,,Y,,_T,,Y15T64,,_Z,,Q,,2022-Q3,,63.18082,,,,A,,0,,1,
DATAFLOW,OECD.SDD.TPS:DSD_LFS@DF_IALFS_EMP_WAP_Q(1.0),,I,ROU,,EMP_WAP,,PT_WAP_SUB,,_Z,,Y,,_T,,Y15T64,,_Z,,Q,,2022-Q4,,63.09267,,,,A,,0,,1,
DATAFLOW,OECD.SDD.TPS:DSD_LFS@DF_IALFS_EMP_WAP_Q(1.0),,I,ROU,,EMP_WAP,,PT_WAP_SUB,,_Z,,Y,,_T,,Y15T64,,_Z,,Q,,2023-Q1,,63.15027,,,,A,,0,,1,
DATAFLOW,OECD.SDD.TPS:DSD_LFS@DF_IALFS_EMP_WAP_Q(1.0),,I,ROU,,EMP_WAP,,PT_WAP_SUB,,_Z,,Y,,_T,,Y15T64,,_Z,,Q,,2023-Q2,,62.73197,,,,A,,0,,1,
DATAFLOW,OECD.SDD.TPS:DSD_LFS@DF_IALFS_EMP_WAP_Q(1.0),,I,ROU,,EMP_WAP,,PT_WAP_SUB,,_Z,,Y,,_T,,Y15T64,,_Z,,Q,,2023-Q3,,63.1319,,,,A,,0,,1,
DATAFLOW,OECD.SDD.TPS:DSD_LFS@DF_IALFS_EMP_WAP_Q(1.0),,I,ROU,,EMP_WAP,,PT_WAP_SUB,,_Z,,Y,,_T,,Y15T64,,_Z,,Q,,2023-Q4,,63.17793,,,,A,,0,,1,
DATAFLOW,OECD.SDD.TPS:DSD_LFS@DF_IALFS_EMP_WAP_Q(1.0),,I,ROU,,EMP_WAP,,PT_WAP_SUB,,_Z,,Y,,_T,,Y15T64,,_Z,,Q,,2024-Q1,,64.40776,,,,A,,0,,1,
DATAFLOW,OECD.SDD.TPS:DSD_LFS@DF_IALFS_EMP_WAP_Q(1.0),,I,ROU,,EMP_WAP,,PT_WAP_SUB,,_Z,,Y,,_T,,Y15T64,,_Z,,Q,,2024-Q2,,64.08628,,,,A,,0,,1,
DATAFLOW,OECD.SDD.TPS:DSD_LFS@DF_IALFS_EMP_WAP_Q(1.0),,I,ROU,,EMP_WAP,,PT_WAP_SUB,,_Z,,Y,,_T,,Y15T64,,_Z,,Q,,2024-Q3,,63.21277,,,,A,,0,,1,
DATAFLOW,OECD.SDD.TPS:DSD_LFS@DF_IALFS_EMP_WAP_Q(1.0),,I,ROU,,EMP_WAP,,PT_WAP_SUB,,_Z,,Y,,_T,,Y15T64,,_Z,,Q,,2024-Q4,,63.31058,,,,A,,0,,1,
DATAFLOW,OECD.SDD.TPS:DSD_LFS@DF_IALFS_EMP_WAP_Q(1.0),,I,ROU,,EMP_WAP,,PT_WAP_SUB,,_Z,,Y,,_T,,Y15T64,,_Z,,Q,,2025-Q1,,62.96917,,,,A,,0,,1,
DATAFLOW,OECD.SDD.TPS:DSD_LFS@DF_IALFS_EMP_WAP_Q(1.0),,I,ROU,,EMP_WAP,,PT_WAP_SUB,,_Z,,Y,,_T,,Y15T64,,_Z,,Q,,2025-Q2,,62.91667,,,,A,,0,,1,
DATAFLOW,OECD.SDD.TPS:DSD_LFS@DF_IALFS_EMP_WAP_Q(1.0),,I,ROU,,EMP_WAP,,PT_WAP_SUB,,_Z,,Y,,_T,,Y15T64,,_Z,,Q,,2025-Q3,,63.17191,,,,A,,0,,1,
DATAFLOW,OECD.SDD.TPS:DSD_LFS@DF_IALFS_EMP_WAP_Q(1.0),,I,ROU,,EMP_WAP,,PT_WAP_SUB,,_Z,,Y,,_T,,Y15T64,,_Z,,Q,,2025-Q4,,62.95663,,,,A,,0,,1,
DATAFLOW,OECD.SDD.TPS:DSD_LFS@DF_IALFS_EMP_WAP_Q(1.0),,I,ROU,,EMP_WAP,,PT_WAP_SUB,,_Z,,Y,,_T,,Y15T64,,_Z,,Q,,2026-Q1,,62.95501,,,,A,,0,,1,
DATAFLOW,OECD.SDD.TPS:DSD_LFS@DF_IALFS_EMP_WAP_Q(1.0),,I,AUT,,EMP_WAP,,PT_WAP_SUB,,_Z,,Y,,_T,,Y15T64,,_Z,,Q,,1999-Q1,,68.6656,,,,A,,0,,1,
DATAFLOW,OECD.SDD.TPS:DSD_LFS@DF_IALFS_EMP_WAP_Q(1.0),,I,AUT,,EMP_WAP,,PT_WAP_SUB,,_Z,,Y,,_T,,Y15T64,,_Z,,Q,,1999-Q2,,68.58568,,,,A,,0,,1,
DATAFLOW,OECD.SDD.TPS:DSD_LFS@DF_IALFS_EMP_WAP_Q(1.0),,I,AUT,,EMP_WAP,,PT_WAP_SUB,,_Z,,Y,,_T,,Y15T64,,_Z,,Q,,1999-Q3,,68.56554,,,,A,,0,,1,
DATAFLOW,OECD.SDD.TPS:DSD_LFS@DF_IALFS_EMP_WAP_Q(1.0),,I,AUT,,EMP_WAP,,PT_WAP_SUB,,_Z,,Y,,_T,,Y15T64,,_Z,,Q,,1999-Q4,,68.35089,,,,A,,0,,1,
DATAFLOW,OECD.SDD.TPS:DSD_LFS@DF_IALFS_EMP_WAP_Q(1.0),,I,AUT,,EMP_WAP,,PT_WAP_SUB,,_Z,,Y,,_T,,Y15T64,,_Z,,Q,,2000-Q1,,68.46355,,,,A,,0,,1,
DATAFLOW,OECD.SDD.TPS:DSD_LFS@DF_IALFS_EMP_WAP_Q(1.0),,I,AUT,,EMP_WAP,,PT_WAP_SUB,,_Z,,Y,,_T,,Y15T64,,_Z,,Q,,2000-Q2,,68.51994,,,,A,,0,,1,
DATAFLOW,OECD.SDD.TPS:DSD_LFS@DF_IALFS_EMP_WAP_Q(1.0),,I,AUT,,EMP_WAP,,PT_WAP_SUB,,_Z,,Y,,_T,,Y15T64,,_Z,,Q,,2000-Q3,,68.42101,,,,A,,0,,1,
DATAFLOW,OECD.SDD.TPS:DSD_LFS@DF_IALFS_EMP_WAP_Q(1.0),,I,AUT,,EMP_WAP,,PT_WAP_SUB,,_Z,,Y,,_T,,Y15T64,,_Z,,Q,,2000-Q4,,68.4961,,,,A,,0,,1,
DATAFLOW,OECD.SDD.TPS:DSD_LFS@DF_IALFS_EMP_WAP_Q(1.0),,I,AUT,,EMP_WAP,,PT_WAP_SUB,,_Z,,Y,,_T,,Y15T64,,_Z,,Q,,2001-Q1,,68.31284,,,,A,,0,,1,
DATAFLOW,OECD.SDD.TPS:DSD_LFS@DF_IALFS_EMP_WAP_Q(1.0),,I,AUT,,EMP_WAP,,PT_WAP_SUB,,_Z,,Y,,_T,,Y15T64,,_Z,,Q,,2001-Q2,,68.44992,,,,A,,0,,1,
DATAFLOW,OECD.SDD.TPS:DSD_LFS@DF_IALFS_EMP_WAP_Q(1.0),,I,AUT,,EMP_WAP,,PT_WAP_SUB,,_Z,,Y,,_T,,Y15T64,,_Z,,Q,,2001-Q3,,68.33821,,,,A,,0,,1,
DATAFLOW,OECD.SDD.TPS:DSD_LFS@DF_IALFS_EMP_WAP_Q(1.0),,I,AUT,,EMP_WAP,,PT_WAP_SUB,,_Z,,Y,,_T,,Y15T64,,_Z,,Q,,2001-Q4,,68.45759,,,,A,,0,,1,
DATAFLOW,OECD.SDD.TPS:DSD_LFS@DF_IALFS_EMP_WAP_Q(1.0),,I,AUT,,EMP_WAP,,PT_WAP_SUB,,_Z,,Y,,_T,,Y15T64,,_Z,,Q,,2002-Q1,,68.70898,,,,A,,0,,1,
DATAFLOW,OECD.SDD.TPS:DSD_LFS@DF_IALFS_EMP_WAP_Q(1.0),,I,AUT,,EMP_WAP,,PT_WAP_SUB,,_Z,,Y,,_T,,Y15T64,,_Z,,Q,,2002-Q2,,68.72655,,,,A,,0,,1,
DATAFLOW,OECD.SDD.TPS:DSD_LFS@DF_IALFS_EMP_WAP_Q(1.0),,I,AUT,,EMP_WAP,,PT_WAP_SUB,,_Z,,Y,,_T,,Y15T64,,_Z,,Q,,2002-Q3,,68.64375,,,,A,,0,,1,
DATAFLOW,OECD.SDD.TPS:DSD_LFS@DF_IALFS_EMP_WAP_Q(1.0),,I,AUT,,EMP_WAP,,PT_WAP_SUB,,_Z,,Y,,_T,,Y15T64,,_Z,,Q,,2002-Q4,,68.86227,,,,A,,0,,1,
DATAFLOW,OECD.SDD.TPS:DSD_LFS@DF_IALFS_EMP_WAP_Q(1.0),,I,AUT,,EMP_WAP,,PT_WAP_SUB,,_Z,,Y,,_T,,Y15T64,,_Z,,Q,,2003-Q1,,69.0119,,,,A,,0,,1,
DATAFLOW,OECD.SDD.TPS:DSD_LFS@DF_IALFS_EMP_WAP_Q(1.0),,I,AUT,,EMP_WAP,,PT_WAP_SUB,,_Z,,Y,,_T,,Y15T64,,_Z,,Q,,2003-Q2,,69.04374,,,,A,,0,,1,
DATAFLOW,OECD.SDD.TPS:DSD_LFS@DF_IALFS_EMP_WAP_Q(1.0),,I,AUT,,EMP_WAP,,PT_WAP_SUB,,_Z,,Y,,_T,,Y15T64,,_Z,,Q,,2003-Q3,,68.86893,,,,A,,0,,1,
DATAFLOW,OECD.SDD.TPS:DSD_LFS@DF_IALFS_EMP_WAP_Q(1.0),,I,AUT,,EMP_WAP,,PT_WAP_SUB,,_Z,,Y,,_T,,Y15T64,,_Z,,Q,,2003-Q4,,68.81342,,,,A,,0,,1,
DATAFLOW,OECD.SDD.TPS:DSD_LFS@DF_IALFS_EMP_WAP_Q(1.0),,I,AUT,,EMP_WAP,,PT_WAP_SUB,,_Z,,Y,,_T,,Y15T64,,_Z,,Q,,2004-Q1,,66.34579,,,,A,,0,,1,
DATAFLOW,OECD.SDD.TPS:DSD_LFS@DF_IALFS_EMP_WAP_Q(1.0),,I,AUT,,EMP_WAP,,PT_WAP_SUB,,_Z,,Y,,_T,,Y15T64,,_Z,,Q,,2004-Q2,,66.40423,,,,A,,0,,1,
DATAFLOW,OECD.SDD.TPS:DSD_LFS@DF_IALFS_EMP_WAP_Q(1.0),,I,AUT,,EMP_WAP,,PT_WAP_SUB,,_Z,,Y,,_T,,Y15T64,,_Z,,Q,,2004-Q3,,66.54659,,,,A,,0,,1,
DATAFLOW,OECD.SDD.TPS:DSD_LFS@DF_IALFS_EMP_WAP_Q(1.0),,I,AUT,,EMP_WAP,,PT_WAP_SUB,,_Z,,Y,,_T,,Y15T64,,_Z,,Q,,2004-Q4,,66.71136,,,,A,,0,,1,
DATAFLOW,OECD.SDD.TPS:DSD_LFS@DF_IALFS_EMP_WAP_Q(1.0),,I,AUT,,EMP_WAP,,PT_WAP_SUB,,_Z,,Y,,_T,,Y15T64,,_Z,,Q,,2005-Q1,,67.06626,,,,A,,0,,1,
DATAFLOW,OECD.SDD.TPS:DSD_LFS@DF_IALFS_EMP_WAP_Q(1.0),,I,AUT,,EMP_WAP,,PT_WAP_SUB,,_Z,,Y,,_T,,Y15T64,,_Z,,Q,,2005-Q2,,67.2053,,,,A,,0,,1,
DATAFLOW,OECD.SDD.TPS:DSD_LFS@DF_IALFS_EMP_WAP_Q(1.0),,I,AUT,,EMP_WAP,,PT_WAP_SUB,,_Z,,Y,,_T,,Y15T64,,_Z,,Q,,2005-Q3,,67.59825,,,,A,,0,,1,
DATAFLOW,OECD.SDD.TPS:DSD_LFS@DF_IALFS_EMP_WAP_Q(1.0),,I,AUT,,EMP_WAP,,PT_WAP_SUB,,_Z,,Y,,_T,,Y15T64,,_Z,,Q,,2005-Q4,,67.69161,,,,A,,0,,1,
DATAFLOW,OECD.SDD.TPS:DSD_LFS@DF_IALFS_EMP_WAP_Q(1.0),,I,AUT,,EMP_WAP,,PT_WAP_SUB,,_Z,,Y,,_T,,Y15T64,,_Z,,Q,,2006-Q1,,67.91628,,,,A,,0,,1,
DATAFLOW,OECD.SDD.TPS:DSD_LFS@DF_IALFS_EMP_WAP_Q(1.0),,I,AUT,,EMP_WAP,,PT_WAP_SUB,,_Z,,Y,,_T,,Y15T64,,_Z,,Q,,2006-Q2,,68.42107,,,,A,,0,,1,
DATAFLOW,OECD.SDD.TPS:DSD_LFS@DF_IALFS_EMP_WAP_Q(1.0),,I,AUT,,EMP_WAP,,PT_WAP_SUB,,_Z,,Y,,_T,,Y15T64,,_Z,,Q,,2006-Q3,,68.88259,,,,A,,0,,1,
DATAFLOW,OECD.SDD.TPS:DSD_LFS@DF_IALFS_EMP_WAP_Q(1.0),,I,AUT,,EMP_WAP,,PT_WAP_SUB,,_Z,,Y,,_T,,Y15T64,,_Z,,Q,,2006-Q4,,69.00742,,,,A,,0,,1,
DATAFLOW,OECD.SDD.TPS:DSD_LFS@DF_IALFS_EMP_WAP_Q(1.0),,I,AUT,,EMP_WAP,,PT_WAP_SUB,,_Z,,Y,,_T,,Y15T64,,_Z,,Q,,2007-Q1,,69.51543,,,,A,,0,,1,
DATAFLOW,OECD.SDD.TPS:DSD_LFS@DF_IALFS_EMP_WAP_Q(1.0),,I,AUT,,EMP_WAP,,PT_WAP_SUB,,_Z,,Y,,_T,,Y15T64,,_Z,,Q,,2007-Q2,,69.64874,,,,A,,0,,1,
DATAFLOW,OECD.SDD.TPS:DSD_LFS@DF_IALFS_EMP_WAP_Q(1.0),,I,AUT,,EMP_WAP,,PT_WAP_SUB,,_Z,,Y,,_T,,Y15T64,,_Z,,Q,,2007-Q3,,70.18504,,,,A,,0,,1,
DATAFLOW,OECD.SDD.TPS:DSD_LFS@DF_IALFS_EMP_WAP_Q(1.0),,I,AUT,,EMP_WAP,,PT_WAP_SUB,,_Z,,Y,,_T,,Y15T64,,_Z,,Q,,2007-Q4,,70.16466,,,,A,,0,,1,
DATAFLOW,OECD.SDD.TPS:DSD_LFS@DF_IALFS_EMP_WAP_Q(1.0),,I,AUT,,EMP_WAP,,PT_WAP_SUB,,_Z,,Y,,_T,,Y15T64,,_Z,,Q,,2008-Q1,,70.80128,,,,A,,0,,1,
DATAFLOW,OECD.SDD.TPS:DSD_LFS@DF_IALFS_EMP_WAP_Q(1.0),,I,AUT,,EMP_WAP,,PT_WAP_SUB,,_Z,,Y,,_T,,Y15T64,,_Z,,Q,,2008-Q2,,70.9827,,,,A,,0,,1,
DATAFLOW,OECD.SDD.TPS:DSD_LFS@DF_IALFS_EMP_WAP_Q(1.0),,I,AUT,,EMP_WAP,,PT_WAP_SUB,,_Z,,Y,,_T,,Y15T64,,_Z,,Q,,2008-Q3,,70.60652,,,,A,,0,,1,
DATAFLOW,OECD.SDD.TPS:DSD_LFS@DF_IALFS_EMP_WAP_Q(1.0),,I,AUT,,EMP_WAP,,PT_WAP_SUB,,_Z,,Y,,_T,,Y15T64,,_Z,,Q,,2008-Q4,,70.79346,,,,A,,0,,1,
DATAFLOW,OECD.SDD.TPS:DSD_LFS@DF_IALFS_EMP_WAP_Q(1.0),,I,AUT,,EMP_WAP,,PT_WAP_SUB,,_Z,,Y,,_T,,Y15T64,,_Z,,Q,,2009-Q1,,70.50921,,,,A,,0,,1,
DATAFLOW,OECD.SDD.TPS:DSD_LFS@DF_IALFS_EMP_WAP_Q(1.0),,I,AUT,,EMP_WAP,,PT_WAP_SUB,,_Z,,Y,,_T,,Y15T64,,_Z,,Q,,2009-Q2,,70.30152,,,,A,,0,,1,
DATAFLOW,OECD.SDD.TPS:DSD_LFS@DF_IALFS_EMP_WAP_Q(1.0),,I,AUT,,EMP_WAP,,PT_WAP_SUB,,_Z,,Y,,_T,,Y15T64,,_Z,,Q,,2009-Q3,,70.1678,,,,A,,0,,1,
DATAFLOW,OECD.SDD.TPS:DSD_LFS@DF_IALFS_EMP_WAP_Q(1.0),,I,AUT,,EMP_WAP,,PT_WAP_SUB,,_Z,,Y,,_T,,Y15T64,,_Z,,Q,,2009-Q4,,70.37729,,,,A,,0,,1,
DATAFLOW,OECD.SDD.TPS:DSD_LFS@DF_IALFS_EMP_WAP_Q(1.0),,I,AUT,,EMP_WAP,,PT_WAP_SUB,,_Z,,Y,,_T,,Y15T64,,_Z,,Q,,2010-Q1,,70.4816,,,,A,,0,,1,
DATAFLOW,OECD.SDD.TPS:DSD_LFS@DF_IALFS_EMP_WAP_Q(1.0),,I,AUT,,EMP_WAP,,PT_WAP_SUB,,_Z,,Y,,_T,,Y15T64,,_Z,,Q,,2010-Q2,,70.57645,,,,A,,0,,1,
DATAFLOW,OECD.SDD.TPS:DSD_LFS@DF_IALFS_EMP_WAP_Q(1.0),,I,AUT,,EMP_WAP,,PT_WAP_SUB,,_Z,,Y,,_T,,Y15T64,,_Z,,Q,,2010-Q3,,70.83257,,,,A,,0,,1,
DATAFLOW,OECD.SDD.TPS:DSD_LFS@DF_IALFS_EMP_WAP_Q(1.0),,I,AUT,,EMP_WAP,,PT_WAP_SUB,,_Z,,Y,,_T,,Y15T64,,_Z,,Q,,2010-Q4,,71.21545,,,,A,,0,,1,
DATAFLOW,OECD.SDD.TPS:DSD_LFS@DF_IALFS_EMP_WAP_Q(1.0),,I,AUT,,EMP_WAP,,PT_WAP_SUB,,_Z,,Y,,_T,,Y15T64,,_Z,,Q,,2011-Q1,,70.88941,,,,A,,0,,1,
DATAFLOW,OECD.SDD.TPS:DSD_LFS@DF_IALFS_EMP_WAP_Q(1.0),,I,AUT,,EMP_WAP,,PT_WAP_SUB,,_Z,,Y,,_T,,Y15T64,,_Z,,Q,,2011-Q2,,71.08695,,,,A,,0,,1,
DATAFLOW,OECD.SDD.TPS:DSD_LFS@DF_IALFS_EMP_WAP_Q(1.0),,I,AUT,,EMP_WAP,,PT_WAP_SUB,,_Z,,Y,,_T,,Y15T64,,_Z,,Q,,2011-Q3,,71.34908,,,,A,,0,,1,
DATAFLOW,OECD.SDD.TPS:DSD_LFS@DF_IALFS_EMP_WAP_Q(1.0),,I,AUT,,EMP_WAP,,PT_WAP_SUB,,_Z,,Y,,_T,,Y15T64,,_Z,,Q,,2011-Q4,,71.04675,,,,A,,0,,1,
DATAFLOW,OECD.SDD.TPS:DSD_LFS@DF_IALFS_EMP_WAP_Q(1.0),,I,AUT,,EMP_WAP,,PT_WAP_SUB,,_Z,,Y,,_T,,Y15T64,,_Z,,Q,,2012-Q1,,71.20834,,,,A,,0,,1,
DATAFLOW,OECD.SDD.TPS:DSD_LFS@DF_IALFS_EMP_WAP_Q(1.0),,I,AUT,,EMP_WAP,,PT_WAP_SUB,,_Z,,Y,,_T,,Y15T64,,_Z,,Q,,2012-Q2,,71.5187,,,,A,,0,,1,
DATAFLOW,OECD.SDD.TPS:DSD_LFS@DF_IALFS_EMP_WAP_Q(1.0),,I,AUT,,EMP_WAP,,PT_WAP_SUB,,_Z,,Y,,_T,,Y15T64,,_Z,,Q,,2012-Q3,,71.43436,,,,A,,0,,1,
DATAFLOW,OECD.SDD.TPS:DSD_LFS@DF_IALFS_EMP_WAP_Q(1.0),,I,AUT,,EMP_WAP,,PT_WAP_SUB,,_Z,,Y,,_T,,Y15T64,,_Z,,Q,,2012-Q4,,71.45628,,,,A,,0,,1,
DATAFLOW,OECD.SDD.TPS:DSD_LFS@DF_IALFS_EMP_WAP_Q(1.0),,I,AUT,,EMP_WAP,,PT_WAP_SUB,,_Z,,Y,,_T,,Y15T64,,_Z,,Q,,2013-Q1,,71.25835,,,,A,,0,,1,
DATAFLOW,OECD.SDD.TPS:DSD_LFS@DF_IALFS_EMP_WAP_Q(1.0),,I,AUT,,EMP_WAP,,PT_WAP_SUB,,_Z,,Y,,_T,,Y15T64,,_Z,,Q,,2013-Q2,,71.69866,,,,A,,0,,1,
DATAFLOW,OECD.SDD.TPS:DSD_LFS@DF_IALFS_EMP_WAP_Q(1.0),,I,AUT,,EMP_WAP,,PT_WAP_SUB,,_Z,,Y,,_T,,Y15T64,,_Z,,Q,,2013-Q3,,71.51421,,,,A,,0,,1,
DATAFLOW,OECD.SDD.TPS:DSD_LFS@DF_IALFS_EMP_WAP_Q(1.0),,I,AUT,,EMP_WAP,,PT_WAP_SUB,,_Z,,Y,,_T,,Y15T64,,_Z,,Q,,2013-Q4,,71.18264,,,,A,,0,,1,
DATAFLOW,OECD.SDD.TPS:DSD_LFS@DF_IALFS_EMP_WAP_Q(1.0),,I,AUT,,EMP_WAP,,PT_WAP_SUB,,_Z,,Y,,_T,,Y15T64,,_Z,,Q,,2014-Q1,,70.98418,,,,A,,0,,1,
DATAFLOW,OECD.SDD.TPS:DSD_LFS@DF_IALFS_EMP_WAP_Q(1.0),,I,AUT,,EMP_WAP,,PT_WAP_SUB,,_Z,,Y,,_T,,Y15T64,,_Z,,Q,,2014-Q2,,71.32307,,,,A,,0,,1,
DATAFLOW,OECD.SDD.TPS:DSD_LFS@DF_IALFS_EMP_WAP_Q(1.0),,I,AUT,,EMP_WAP,,PT_WAP_SUB,,_Z,,Y,,_T,,Y15T64,,_Z,,Q,,2014-Q3,,70.97826,,,,A,,0,,1,
DATAFLOW,OECD.SDD.TPS:DSD_LFS@DF_IALFS_EMP_WAP_Q(1.0),,I,AUT,,EMP_WAP,,PT_WAP_SUB,,_Z,,Y,,_T,,Y15T64,,_Z,,Q,,2014-Q4,,71.04507,,,,A,,0,,1,
DATAFLOW,OECD.SDD.TPS:DSD_LFS@DF_IALFS_EMP_WAP_Q(1.0),,I,AUT,,EMP_WAP,,PT_WAP_SUB,,_Z,,Y,,_T,,Y15T64,,_Z,,Q,,2015-Q1,,71.06293,,,,A,,0,,1,
DATAFLOW,OECD.SDD.TPS:DSD_LFS@DF_IALFS_EMP_WAP_Q(1.0),,I,AUT,,EMP_WAP,,PT_WAP_SUB,,_Z,,Y,,_T,,Y15T64,,_Z,,Q,,2015-Q2,,70.93311,,,,A,,0,,1,
DATAFLOW,OECD.SDD.TPS:DSD_LFS@DF_IALFS_EMP_WAP_Q(1.0),,I,AUT,,EMP_WAP,,PT_WAP_SUB,,_Z,,Y,,_T,,Y15T64,,_Z,,Q,,2015-Q3,,71.18329,,,,A,,0,,1,
DATAFLOW,OECD.SDD.TPS:DSD_LFS@DF_IALFS_EMP_WAP_Q(1.0),,I,AUT,,EMP_WAP,,PT_WAP_SUB,,_Z,,Y,,_T,,Y15T64,,_Z,,Q,,2015-Q4,,71.25244,,,,A,,0,,1,
DATAFLOW,OECD.SDD.TPS:DSD_LFS@DF_IALFS_EMP_WAP_Q(1.0),,I,AUT,,EMP_WAP,,PT_WAP_SUB,,_Z,,Y,,_T,,Y15T64,,_Z,,Q,,2016-Q1,,71.26647,,,,A,,0,,1,
DATAFLOW,OECD.SDD.TPS:DSD_LFS@DF_IALFS_EMP_WAP_Q(1.0),,I,AUT,,EMP_WAP,,PT_WAP_SUB,,_Z,,Y,,_T,,Y15T64,,_Z,,Q,,2016-Q2,,71.45552,,,,A,,0,,1,
DATAFLOW,OECD.SDD.TPS:DSD_LFS@DF_IALFS_EMP_WAP_Q(1.0),,I,AUT,,EMP_WAP,,PT_WAP_SUB,,_Z,,Y,,_T,,Y15T64,,_Z,,Q,,2016-Q3,,71.69796,,,,A,,0,,1,
DATAFLOW,OECD.SDD.TPS:DSD_LFS@DF_IALFS_EMP_WAP_Q(1.0),,I,AUT,,EMP_WAP,,PT_WAP_SUB,,_Z,,Y,,_T,,Y15T64,,_Z,,Q,,2016-Q4,,71.74828,,,,A,,0,,1,
DATAFLOW,OECD.SDD.TPS:DSD_LFS@DF_IALFS_EMP_WAP_Q(1.0),,I,AUT,,EMP_WAP,,PT_WAP_SUB,,_Z,,Y,,_T,,Y15T64,,_Z,,Q,,2017-Q1,,71.7738,,,,A,,0,,1,
DATAFLOW,OECD.SDD.TPS:DSD_LFS@DF_IALFS_EMP_WAP_Q(1.0),,I,AUT,,EMP_WAP,,PT_WAP_SUB,,_Z,,Y,,_T,,Y15T64,,_Z,,Q,,2017-Q2,,72.25496,,,,A,,0,,1,
DATAFLOW,OECD.SDD.TPS:DSD_LFS@DF_IALFS_EMP_WAP_Q(1.0),,I,AUT,,EMP_WAP,,PT_WAP_SUB,,_Z,,Y,,_T,,Y15T64,,_Z,,Q,,2017-Q3,,72.04759,,,,A,,0,,1,
DATAFLOW,OECD.SDD.TPS:DSD_LFS@DF_IALFS_EMP_WAP_Q(1.0),,I,AUT,,EMP_WAP,,PT_WAP_SUB,,_Z,,Y,,_T,,Y15T64,,_Z,,Q,,2017-Q4,,72.57668,,,,A,,0,,1,
DATAFLOW,OECD.SDD.TPS:DSD_LFS@DF_IALFS_EMP_WAP_Q(1.0),,I,AUT,,EMP_WAP,,PT_WAP_SUB,,_Z,,Y,,_T,,Y15T64,,_Z,,Q,,2018-Q1,,72.70151,,,,A,,0,,1,
DATAFLOW,OECD.SDD.TPS:DSD_LFS@DF_IALFS_EMP_WAP_Q(1.0),,I,AUT,,EMP_WAP,,PT_WAP_SUB,,_Z,,Y,,_T,,Y15T64,,_Z,,Q,,2018-Q2,,73.12766,,,,A,,0,,1,
DATAFLOW,OECD.SDD.TPS:DSD_LFS@DF_IALFS_EMP_WAP_Q(1.0),,I,AUT,,EMP_WAP,,PT_WAP_SUB,,_Z,,Y,,_T,,Y15T64,,_Z,,Q,,2018-Q3,,73.03733,,,,A,,0,,1,
DATAFLOW,OECD.SDD.TPS:DSD_LFS@DF_IALFS_EMP_WAP_Q(1.0),,I,AUT,,EMP_WAP,,PT_WAP_SUB,,_Z,,Y,,_T,,Y15T64,,_Z,,Q,,2018-Q4,,73.18697,,,,A,,0,,1,
DATAFLOW,OECD.SDD.TPS:DSD_LFS@DF_IALFS_EMP_WAP_Q(1.0),,I,AUT,,EMP_WAP,,PT_WAP_SUB,,_Z,,Y,,_T,,Y15T64,,_Z,,Q,,2019-Q1,,73.40407,,,,A,,0,,1,
DATAFLOW,OECD.SDD.TPS:DSD_LFS@DF_IALFS_EMP_WAP_Q(1.0),,I,AUT,,EMP_WAP,,PT_WAP_SUB,,_Z,,Y,,_T,,Y15T64,,_Z,,Q,,2019-Q2,,73.55183,,,,A,,0,,1,
DATAFLOW,OECD.SDD.TPS:DSD_LFS@DF_IALFS_EMP_WAP_Q(1.0),,I,AUT,,EMP_WAP,,PT_WAP_SUB,,_Z,,Y,,_T,,Y15T64,,_Z,,Q,,2019-Q3,,73.44674,,,,A,,0,,1,
DATAFLOW,OECD.SDD.TPS:DSD_LFS@DF_IALFS_EMP_WAP_Q(1.0),,I,AUT,,EMP_WAP,,PT_WAP_SUB,,_Z,,Y,,_T,,Y15T64,,_Z,,Q,,2019-Q4,,73.80087,,,,A,,0,,1,
DATAFLOW,OECD.SDD.TPS:DSD_LFS@DF_IALFS_EMP_WAP_Q(1.0),,I,AUT,,EMP_WAP,,PT_WAP_SUB,,_Z,,Y,,_T,,Y15T64,,_Z,,Q,,2020-Q1,,73.1648,,,,A,,0,,1,
DATAFLOW,OECD.SDD.TPS:DSD_LFS@DF_IALFS_EMP_WAP_Q(1.0),,I,AUT,,EMP_WAP,,PT_WAP_SUB,,_Z,,Y,,_T,,Y15T64,,_Z,,Q,,2020-Q2,,70.01302,,,,A,,0,,1,
DATAFLOW,OECD.SDD.TPS:DSD_LFS@DF_IALFS_EMP_WAP_Q(1.0),,I,AUT,,EMP_WAP,,PT_WAP_SUB,,_Z,,Y,,_T,,Y15T64,,_Z,,Q,,2020-Q3,,71.91267,,,,A,,0,,1,
DATAFLOW,OECD.SDD.TPS:DSD_LFS@DF_IALFS_EMP_WAP_Q(1.0),,I,AUT,,EMP_WAP,,PT_WAP_SUB,,_Z,,Y,,_T,,Y15T64,,_Z,,Q,,2020-Q4,,71.81072,,,,A,,0,,1,
DATAFLOW,OECD.SDD.TPS:DSD_LFS@DF_IALFS_EMP_WAP_Q(1.0),,I,AUT,,EMP_WAP,,PT_WAP_SUB,,_Z,,Y,,_T,,Y15T64,,_Z,,Q,,2021-Q1,,71.31188,,,,A,,0,,1,
DATAFLOW,OECD.SDD.TPS:DSD_LFS@DF_IALFS_EMP_WAP_Q(1.0),,I,AUT,,EMP_WAP,,PT_WAP_SUB,,_Z,,Y,,_T,,Y15T64,,_Z,,Q,,2021-Q2,,71.69197,,,,A,,0,,1,
DATAFLOW,OECD.SDD.TPS:DSD_LFS@DF_IALFS_EMP_WAP_Q(1.0),,I,AUT,,EMP_WAP,,PT_WAP_SUB,,_Z,,Y,,_T,,Y15T64,,_Z,,Q,,2021-Q3,,73.12997,,,,A,,0,,1,
DATAFLOW,OECD.SDD.TPS:DSD_LFS@DF_IALFS_EMP_WAP_Q(1.0),,I,AUT,,EMP_WAP,,PT_WAP_SUB,,_Z,,Y,,_T,,Y15T64,,_Z,,Q,,2021-Q4,,73.467,,,,A,,0,,1,
DATAFLOW,OECD.SDD.TPS:DSD_LFS@DF_IALFS_EMP_WAP_Q(1.0),,I,AUT,,EMP_WAP,,PT_WAP_SUB,,_Z,,Y,,_T,,Y15T64,,_Z,,Q,,2022-Q1,,73.99101,,,,A,,0,,1,
DATAFLOW,OECD.SDD.TPS:DSD_LFS@DF_IALFS_EMP_WAP_Q(1.0),,I,AUT,,EMP_WAP,,PT_WAP_SUB,,_Z,,Y,,_T,,Y15T64,,_Z,,Q,,2022-Q2,,74.22749,,,,A,,0,,1,
DATAFLOW,OECD.SDD.TPS:DSD_LFS@DF_IALFS_EMP_WAP_Q(1.0),,I,AUT,,EMP_WAP,,PT_WAP_SUB,,_Z,,Y,,_T,,Y15T64,,_Z,,Q,,2022-Q3,,73.88067,,,,A,,0,,1,
DATAFLOW,OECD.SDD.TPS:DSD_LFS@DF_IALFS_EMP_WAP_Q(1.0),,I,AUT,,EMP_WAP,,PT_WAP_SUB,,_Z,,Y,,_T,,Y15T64,,_Z,,Q,,2022-Q4,,73.96451,,,,A,,0,,1,
DATAFLOW,OECD.SDD.TPS:DSD_LFS@DF_IALFS_EMP_WAP_Q(1.0),,I,AUT,,EMP_WAP,,PT_WAP_SUB,,_Z,,Y,,_T,,Y15T64,,_Z,,Q,,2023-Q1,,73.99316,,,,A,,0,,1,
DATAFLOW,OECD.SDD.TPS:DSD_LFS@DF_IALFS_EMP_WAP_Q(1.0),,I,AUT,,EMP_WAP,,PT_WAP_SUB,,_Z,,Y,,_T,,Y15T64,,_Z,,Q,,2023-Q2,,74.23154,,,,A,,0,,1,
DATAFLOW,OECD.SDD.TPS:DSD_LFS@DF_IALFS_EMP_WAP_Q(1.0),,I,AUT,,EMP_WAP,,PT_WAP_SUB,,_Z,,Y,,_T,,Y15T64,,_Z,,Q,,2023-Q3,,74.08781,,,,A,,0,,1,
DATAFLOW,OECD.SDD.TPS:DSD_LFS@DF_IALFS_EMP_WAP_Q(1.0),,I,AUT,,EMP_WAP,,PT_WAP_SUB,,_Z,,Y,,_T,,Y15T64,,_Z,,Q,,2023-Q4,,74.13258,,,,A,,0,,1,
DATAFLOW,OECD.SDD.TPS:DSD_LFS@DF_IALFS_EMP_WAP_Q(1.0),,I,AUT,,EMP_WAP,,PT_WAP_SUB,,_Z,,Y,,_T,,Y15T64,,_Z,,Q,,2024-Q1,,74.12432,,,,A,,0,,1,
DATAFLOW,OECD.SDD.TPS:DSD_LFS@DF_IALFS_EMP_WAP_Q(1.0),,I,AUT,,EMP_WAP,,PT_WAP_SUB,,_Z,,Y,,_T,,Y15T64,,_Z,,Q,,2024-Q2,,74.10262,,,,A,,0,,1,
DATAFLOW,OECD.SDD.TPS:DSD_LFS@DF_IALFS_EMP_WAP_Q(1.0),,I,AUT,,EMP_WAP,,PT_WAP_SUB,,_Z,,Y,,_T,,Y15T64,,_Z,,Q,,2024-Q3,,73.99598,,,,A,,0,,1,
DATAFLOW,OECD.SDD.TPS:DSD_LFS@DF_IALFS_EMP_WAP_Q(1.0),,I,AUT,,EMP_WAP,,PT_WAP_SUB,,_Z,,Y,,_T,,Y15T64,,_Z,,Q,,2024-Q4,,74.13471,,,,A,,0,,1,
DATAFLOW,OECD.SDD.TPS:DSD_LFS@DF_IALFS_EMP_WAP_Q(1.0),,I,AUT,,EMP_WAP,,PT_WAP_SUB,,_Z,,Y,,_T,,Y15T64,,_Z,,Q,,2025-Q1,,74.22377,,,,A,,0,,1,
DATAFLOW,OECD.SDD.TPS:DSD_LFS@DF_IALFS_EMP_WAP_Q(1.0),,I,AUT,,EMP_WAP,,PT_WAP_SUB,,_Z,,Y,,_T,,Y15T64,,_Z,,Q,,2025-Q2,,74.35279,,,,A,,0,,1,
DATAFLOW,OECD.SDD.TPS:DSD_LFS@DF_IALFS_EMP_WAP_Q(1.0),,I,AUT,,EMP_WAP,,PT_WAP_SUB,,_Z,,Y,,_T,,Y15T64,,_Z,,Q,,2025-Q3,,74.26231,,,,A,,0,,1,
DATAFLOW,OECD.SDD.TPS:DSD_LFS@DF_IALFS_EMP_WAP_Q(1.0),,I,AUT,,EMP_WAP,,PT_WAP_SUB,,_Z,,Y,,_T,,Y15T64,,_Z,,Q,,2025-Q4,,74.54406,,,,A,,0,,1,
DATAFLOW,OECD.SDD.TPS:DSD_LFS@DF_IALFS_EMP_WAP_Q(1.0),,I,AUT,,EMP_WAP,,PT_WAP_SUB,,_Z,,Y,,_T,,Y15T64,,_Z,,Q,,2026-Q1,,74.66296,,,,A,,0,,1,
DATAFLOW,OECD.SDD.TPS:DSD_LFS@DF_IALFS_EMP_WAP_Q(1.0),,I,DNK,,EMP_WAP,,PT_WAP_SUB,,_Z,,Y,,_T,,Y15T64,,_Z,,Q,,1999-Q1,,76.23036,,,,A,,0,,1,
DATAFLOW,OECD.SDD.TPS:DSD_LFS@DF_IALFS_EMP_WAP_Q(1.0),,I,DNK,,EMP_WAP,,PT_WAP_SUB,,_Z,,Y,,_T,,Y15T64,,_Z,,Q,,1999-Q2,,76.2831,,,,A,,0,,1,
DATAFLOW,OECD.SDD.TPS:DSD_LFS@DF_IALFS_EMP_WAP_Q(1.0),,I,DNK,,EMP_WAP,,PT_WAP_SUB,,_Z,,Y,,_T,,Y15T64,,_Z,,Q,,1999-Q3,,76.19152,,,,A,,0,,1,
DATAFLOW,OECD.SDD.TPS:DSD_LFS@DF_IALFS_EMP_WAP_Q(1.0),,I,DNK,,EMP_WAP,,PT_WAP_SUB,,_Z,,Y,,_T,,Y15T64,,_Z,,Q,,1999-Q4,,75.45797,,,,A,,0,,1,
DATAFLOW,OECD.SDD.TPS:DSD_LFS@DF_IALFS_EMP_WAP_Q(1.0),,I,DNK,,EMP_WAP,,PT_WAP_SUB,,_Z,,Y,,_T,,Y15T64,,_Z,,Q,,2000-Q1,,76.23196,,,,A,,0,,1,
DATAFLOW,OECD.SDD.TPS:DSD_LFS@DF_IALFS_EMP_WAP_Q(1.0),,I,DNK,,EMP_WAP,,PT_WAP_SUB,,_Z,,Y,,_T,,Y15T64,,_Z,,Q,,2000-Q2,,76.29978,,,,A,,0,,1,
DATAFLOW,OECD.SDD.TPS:DSD_LFS@DF_IALFS_EMP_WAP_Q(1.0),,I,DNK,,EMP_WAP,,PT_WAP_SUB,,_Z,,Y,,_T,,Y15T64,,_Z,,Q,,2000-Q3,,75.99363,,,,A,,0,,1,
DATAFLOW,OECD.SDD.TPS:DSD_LFS@DF_IALFS_EMP_WAP_Q(1.0),,I,DNK,,EMP_WAP,,PT_WAP_SUB,,_Z,,Y,,_T,,Y15T64,,_Z,,Q,,2000-Q4,,76.50726,,,,A,,0,,1,
DATAFLOW,OECD.SDD.TPS:DSD_LFS@DF_IALFS_EMP_WAP_Q(1.0),,I,DNK,,EMP_WAP,,PT_WAP_SUB,,_Z,,Y,,_T,,Y15T64,,_Z,,Q,,2001-Q1,,75.85252,,,,A,,0,,1,
DATAFLOW,OECD.SDD.TPS:DSD_LFS@DF_IALFS_EMP_WAP_Q(1.0),,I,DNK,,EMP_WAP,,PT_WAP_SUB,,_Z,,Y,,_T,,Y15T64,,_Z,,Q,,2001-Q2,,75.77052,,,,A,,0,,1,
DATAFLOW,OECD.SDD.TPS:DSD_LFS@DF_IALFS_EMP_WAP_Q(1.0),,I,DNK,,EMP_WAP,,PT_WAP_SUB,,_Z,,Y,,_T,,Y15T64,,_Z,,Q,,2001-Q3,,76.39447,,,,A,,0,,1,
DATAFLOW,OECD.SDD.TPS:DSD_LFS@DF_IALFS_EMP_WAP_Q(1.0),,I,DNK,,EMP_WAP,,PT_WAP_SUB,,_Z,,Y,,_T,,Y15T64,,_Z,,Q,,2001-Q4,,76.64211,,,,A,,0,,1,
DATAFLOW,OECD.SDD.TPS:DSD_LFS@DF_IALFS_EMP_WAP_Q(1.0),,I,DNK,,EMP_WAP,,PT_WAP_SUB,,_Z,,Y,,_T,,Y15T64,,_Z,,Q,,2002-Q1,,76.12943,,,,A,,0,,1,
DATAFLOW,OECD.SDD.TPS:DSD_LFS@DF_IALFS_EMP_WAP_Q(1.0),,I,DNK,,EMP_WAP,,PT_WAP_SUB,,_Z,,Y,,_T,,Y15T64,,_Z,,Q,,2002-Q2,,76.34785,,,,A,,0,,1,
DATAFLOW,OECD.SDD.TPS:DSD_LFS@DF_IALFS_EMP_WAP_Q(1.0),,I,DNK,,EMP_WAP,,PT_WAP_SUB,,_Z,,Y,,_T,,Y15T64,,_Z,,Q,,2002-Q3,,75.55202,,,,A,,0,,1,
DATAFLOW,OECD.SDD.TPS:DSD_LFS@DF_IALFS_EMP_WAP_Q(1.0),,I,DNK,,EMP_WAP,,PT_WAP_SUB,,_Z,,Y,,_T,,Y15T64,,_Z,,Q,,2002-Q4,,75.47443,,,,A,,0,,1,
DATAFLOW,OECD.SDD.TPS:DSD_LFS@DF_IALFS_EMP_WAP_Q(1.0),,I,DNK,,EMP_WAP,,PT_WAP_SUB,,_Z,,Y,,_T,,Y15T64,,_Z,,Q,,2003-Q1,,75.1536,,,,A,,0,,1,
DATAFLOW,OECD.SDD.TPS:DSD_LFS@DF_IALFS_EMP_WAP_Q(1.0),,I,DNK,,EMP_WAP,,PT_WAP_SUB,,_Z,,Y,,_T,,Y15T64,,_Z,,Q,,2003-Q2,,75.02673,,,,A,,0,,1,
DATAFLOW,OECD.SDD.TPS:DSD_LFS@DF_IALFS_EMP_WAP_Q(1.0),,I,DNK,,EMP_WAP,,PT_WAP_SUB,,_Z,,Y,,_T,,Y15T64,,_Z,,Q,,2003-Q3,,75.46121,,,,A,,0,,1,
DATAFLOW,OECD.SDD.TPS:DSD_LFS@DF_IALFS_EMP_WAP_Q(1.0),,I,DNK,,EMP_WAP,,PT_WAP_SUB,,_Z,,Y,,_T,,Y15T64,,_Z,,Q,,2003-Q4,,74.90863,,,,A,,0,,1,
DATAFLOW,OECD.SDD.TPS:DSD_LFS@DF_IALFS_EMP_WAP_Q(1.0),,I,DNK,,EMP_WAP,,PT_WAP_SUB,,_Z,,Y,,_T,,Y15T64,,_Z,,Q,,2004-Q1,,75.19052,,,,A,,0,,1,
DATAFLOW,OECD.SDD.TPS:DSD_LFS@DF_IALFS_EMP_WAP_Q(1.0),,I,DNK,,EMP_WAP,,PT_WAP_SUB,,_Z,,Y,,_T,,Y15T64,,_Z,,Q,,2004-Q2,,75.91872,,,,A,,0,,1,
DATAFLOW,OECD.SDD.TPS:DSD_LFS@DF_IALFS_EMP_WAP_Q(1.0),,I,DNK,,EMP_WAP,,PT_WAP_SUB,,_Z,,Y,,_T,,Y15T64,,_Z,,Q,,2004-Q3,,76.11991,,,,A,,0,,1,
DATAFLOW,OECD.SDD.TPS:DSD_LFS@DF_IALFS_EMP_WAP_Q(1.0),,I,DNK,,EMP_WAP,,PT_WAP_SUB,,_Z,,Y,,_T,,Y15T64,,_Z,,Q,,2004-Q4,,75.46352,,,,A,,0,,1,
DATAFLOW,OECD.SDD.TPS:DSD_LFS@DF_IALFS_EMP_WAP_Q(1.0),,I,DNK,,EMP_WAP,,PT_WAP_SUB,,_Z,,Y,,_T,,Y15T64,,_Z,,Q,,2005-Q1,,75.82848,,,,A,,0,,1,
DATAFLOW,OECD.SDD.TPS:DSD_LFS@DF_IALFS_EMP_WAP_Q(1.0),,I,DNK,,EMP_WAP,,PT_WAP_SUB,,_Z,,Y,,_T,,Y15T64,,_Z,,Q,,2005-Q2,,75.44421,,,,A,,0,,1,
DATAFLOW,OECD.SDD.TPS:DSD_LFS@DF_IALFS_EMP_WAP_Q(1.0),,I,DNK,,EMP_WAP,,PT_WAP_SUB,,_Z,,Y,,_T,,Y15T64,,_Z,,Q,,2005-Q3,,75.64292,,,,A,,0,,1,
DATAFLOW,OECD.SDD.TPS:DSD_LFS@DF_IALFS_EMP_WAP_Q(1.0),,I,DNK,,EMP_WAP,,PT_WAP_SUB,,_Z,,Y,,_T,,Y15T64,,_Z,,Q,,2005-Q4,,76.66906,,,,A,,0,,1,
DATAFLOW,OECD.SDD.TPS:DSD_LFS@DF_IALFS_EMP_WAP_Q(1.0),,I,DNK,,EMP_WAP,,PT_WAP_SUB,,_Z,,Y,,_T,,Y15T64,,_Z,,Q,,2006-Q1,,77.09027,,,,A,,0,,1,
DATAFLOW,OECD.SDD.TPS:DSD_LFS@DF_IALFS_EMP_WAP_Q(1.0),,I,DNK,,EMP_WAP,,PT_WAP_SUB,,_Z,,Y,,_T,,Y15T64,,_Z,,Q,,2006-Q2,,76.85973,,,,A,,0,,1,
DATAFLOW,OECD.SDD.TPS:DSD_LFS@DF_IALFS_EMP_WAP_Q(1.0),,I,DNK,,EMP_WAP,,PT_WAP_SUB,,_Z,,Y,,_T,,Y15T64,,_Z,,Q,,2006-Q3,,77.72849,,,,A,,0,,1,
DATAFLOW,OECD.SDD.TPS:DSD_LFS@DF_IALFS_EMP_WAP_Q(1.0),,I,DNK,,EMP_WAP,,PT_WAP_SUB,,_Z,,Y,,_T,,Y15T64,,_Z,,Q,,2006-Q4,,77.80993,,,,A,,0,,1,
DATAFLOW,OECD.SDD.TPS:DSD_LFS@DF_IALFS_EMP_WAP_Q(1.0),,I,DNK,,EMP_WAP,,PT_WAP_SUB,,_Z,,Y,,_T,,Y15T64,,_Z,,Q,,2007-Q1,,77.51102,,,,A,,0,,1,
DATAFLOW,OECD.SDD.TPS:DSD_LFS@DF_IALFS_EMP_WAP_Q(1.0),,I,DNK,,EMP_WAP,,PT_WAP_SUB,,_Z,,Y,,_T,,Y15T64,,_Z,,Q,,2007-Q2,,77.13626,,,,A,,0,,1,
DATAFLOW,OECD.SDD.TPS:DSD_LFS@DF_IALFS_EMP_WAP_Q(1.0),,I,DNK,,EMP_WAP,,PT_WAP_SUB,,_Z,,Y,,_T,,Y15T64,,_Z,,Q,,2007-Q3,,76.56695,,,,A,,0,,1,
DATAFLOW,OECD.SDD.TPS:DSD_LFS@DF_IALFS_EMP_WAP_Q(1.0),,I,DNK,,EMP_WAP,,PT_WAP_SUB,,_Z,,Y,,_T,,Y15T64,,_Z,,Q,,2007-Q4,,76.84611,,,,A,,0,,1,
DATAFLOW,OECD.SDD.TPS:DSD_LFS@DF_IALFS_EMP_WAP_Q(1.0),,I,DNK,,EMP_WAP,,PT_WAP_SUB,,_Z,,Y,,_T,,Y15T64,,_Z,,Q,,2008-Q1,,76.21871,,,,A,,0,,1,
DATAFLOW,OECD.SDD.TPS:DSD_LFS@DF_IALFS_EMP_WAP_Q(1.0),,I,DNK,,EMP_WAP,,PT_WAP_SUB,,_Z,,Y,,_T,,Y15T64,,_Z,,Q,,2008-Q2,,76.64254,,,,A,,0,,1,
DATAFLOW,OECD.SDD.TPS:DSD_LFS@DF_IALFS_EMP_WAP_Q(1.0),,I,DNK,,EMP_WAP,,PT_WAP_SUB,,_Z,,Y,,_T,,Y15T64,,_Z,,Q,,2008-Q3,,76.41454,,,,A,,0,,1,
DATAFLOW,OECD.SDD.TPS:DSD_LFS@DF_IALFS_EMP_WAP_Q(1.0),,I,DNK,,EMP_WAP,,PT_WAP_SUB,,_Z,,Y,,_T,,Y15T64,,_Z,,Q,,2008-Q4,,76.07382,,,,A,,0,,1,
DATAFLOW,OECD.SDD.TPS:DSD_LFS@DF_IALFS_EMP_WAP_Q(1.0),,I,DNK,,EMP_WAP,,PT_WAP_SUB,,_Z,,Y,,_T,,Y15T64,,_Z,,Q,,2009-Q1,,74.92273,,,,A,,0,,1,
DATAFLOW,OECD.SDD.TPS:DSD_LFS@DF_IALFS_EMP_WAP_Q(1.0),,I,DNK,,EMP_WAP,,PT_WAP_SUB,,_Z,,Y,,_T,,Y15T64,,_Z,,Q,,2009-Q2,,73.69305,,,,A,,0,,1,
DATAFLOW,OECD.SDD.TPS:DSD_LFS@DF_IALFS_EMP_WAP_Q(1.0),,I,DNK,,EMP_WAP,,PT_WAP_SUB,,_Z,,Y,,_T,,Y15T64,,_Z,,Q,,2009-Q3,,73.3668,,,,A,,0,,1,
DATAFLOW,OECD.SDD.TPS:DSD_LFS@DF_IALFS_EMP_WAP_Q(1.0),,I,DNK,,EMP_WAP,,PT_WAP_SUB,,_Z,,Y,,_T,,Y15T64,,_Z,,Q,,2009-Q4,,72.11955,,,,A,,0,,1,
DATAFLOW,OECD.SDD.TPS:DSD_LFS@DF_IALFS_EMP_WAP_Q(1.0),,I,DNK,,EMP_WAP,,PT_WAP_SUB,,_Z,,Y,,_T,,Y15T64,,_Z,,Q,,2010-Q1,,71.82664,,,,A,,0,,1,
DATAFLOW,OECD.SDD.TPS:DSD_LFS@DF_IALFS_EMP_WAP_Q(1.0),,I,DNK,,EMP_WAP,,PT_WAP_SUB,,_Z,,Y,,_T,,Y15T64,,_Z,,Q,,2010-Q2,,71.82893,,,,A,,0,,1,
DATAFLOW,OECD.SDD.TPS:DSD_LFS@DF_IALFS_EMP_WAP_Q(1.0),,I,DNK,,EMP_WAP,,PT_WAP_SUB,,_Z,,Y,,_T,,Y15T64,,_Z,,Q,,2010-Q3,,71.97131,,,,A,,0,,1,
DATAFLOW,OECD.SDD.TPS:DSD_LFS@DF_IALFS_EMP_WAP_Q(1.0),,I,DNK,,EMP_WAP,,PT_WAP_SUB,,_Z,,Y,,_T,,Y15T64,,_Z,,Q,,2010-Q4,,71.6488,,,,A,,0,,1,
DATAFLOW,OECD.SDD.TPS:DSD_LFS@DF_IALFS_EMP_WAP_Q(1.0),,I,DNK,,EMP_WAP,,PT_WAP_SUB,,_Z,,Y,,_T,,Y15T64,,_Z,,Q,,2011-Q1,,71.72758,,,,A,,0,,1,
DATAFLOW,OECD.SDD.TPS:DSD_LFS@DF_IALFS_EMP_WAP_Q(1.0),,I,DNK,,EMP_WAP,,PT_WAP_SUB,,_Z,,Y,,_T,,Y15T64,,_Z,,Q,,2011-Q2,,71.71755,,,,A,,0,,1,
DATAFLOW,OECD.SDD.TPS:DSD_LFS@DF_IALFS_EMP_WAP_Q(1.0),,I,DNK,,EMP_WAP,,PT_WAP_SUB,,_Z,,Y,,_T,,Y15T64,,_Z,,Q,,2011-Q3,,71.79532,,,,A,,0,,1,
DATAFLOW,OECD.SDD.TPS:DSD_LFS@DF_IALFS_EMP_WAP_Q(1.0),,I,DNK,,EMP_WAP,,PT_WAP_SUB,,_Z,,Y,,_T,,Y15T64,,_Z,,Q,,2011-Q4,,71.2459,,,,A,,0,,1,
DATAFLOW,OECD.SDD.TPS:DSD_LFS@DF_IALFS_EMP_WAP_Q(1.0),,I,DNK,,EMP_WAP,,PT_WAP_SUB,,_Z,,Y,,_T,,Y15T64,,_Z,,Q,,2012-Q1,,71.17537,,,,A,,0,,1,
DATAFLOW,OECD.SDD.TPS:DSD_LFS@DF_IALFS_EMP_WAP_Q(1.0),,I,DNK,,EMP_WAP,,PT_WAP_SUB,,_Z,,Y,,_T,,Y15T64,,_Z,,Q,,2012-Q2,,70.99651,,,,A,,0,,1,
DATAFLOW,OECD.SDD.TPS:DSD_LFS@DF_IALFS_EMP_WAP_Q(1.0),,I,DNK,,EMP_WAP,,PT_WAP_SUB,,_Z,,Y,,_T,,Y15T64,,_Z,,Q,,2012-Q3,,70.91137,,,,A,,0,,1,
DATAFLOW,OECD.SDD.TPS:DSD_LFS@DF_IALFS_EMP_WAP_Q(1.0),,I,DNK,,EMP_WAP,,PT_WAP_SUB,,_Z,,Y,,_T,,Y15T64,,_Z,,Q,,2012-Q4,,71.07446,,,,A,,0,,1,
DATAFLOW,OECD.SDD.TPS:DSD_LFS@DF_IALFS_EMP_WAP_Q(1.0),,I,DNK,,EMP_WAP,,PT_WAP_SUB,,_Z,,Y,,_T,,Y15T64,,_Z,,Q,,2013-Q1,,70.88172,,,,A,,0,,1,
DATAFLOW,OECD.SDD.TPS:DSD_LFS@DF_IALFS_EMP_WAP_Q(1.0),,I,DNK,,EMP_WAP,,PT_WAP_SUB,,_Z,,Y,,_T,,Y15T64,,_Z,,Q,,2013-Q2,,70.69862,,,,A,,0,,1,
DATAFLOW,OECD.SDD.TPS:DSD_LFS@DF_IALFS_EMP_WAP_Q(1.0),,I,DNK,,EMP_WAP,,PT_WAP_SUB,,_Z,,Y,,_T,,Y15T64,,_Z,,Q,,2013-Q3,,70.73991,,,,A,,0,,1,
DATAFLOW,OECD.SDD.TPS:DSD_LFS@DF_IALFS_EMP_WAP_Q(1.0),,I,DNK,,EMP_WAP,,PT_WAP_SUB,,_Z,,Y,,_T,,Y15T64,,_Z,,Q,,2013-Q4,,70.66133,,,,A,,0,,1,
DATAFLOW,OECD.SDD.TPS:DSD_LFS@DF_IALFS_EMP_WAP_Q(1.0),,I,DNK,,EMP_WAP,,PT_WAP_SUB,,_Z,,Y,,_T,,Y15T64,,_Z,,Q,,2014-Q1,,70.53887,,,,A,,0,,1,
DATAFLOW,OECD.SDD.TPS:DSD_LFS@DF_IALFS_EMP_WAP_Q(1.0),,I,DNK,,EMP_WAP,,PT_WAP_SUB,,_Z,,Y,,_T,,Y15T64,,_Z,,Q,,2014-Q2,,70.88956,,,,A,,0,,1,
DATAFLOW,OECD.SDD.TPS:DSD_LFS@DF_IALFS_EMP_WAP_Q(1.0),,I,DNK,,EMP_WAP,,PT_WAP_SUB,,_Z,,Y,,_T,,Y15T64,,_Z,,Q,,2014-Q3,,71.19688,,,,A,,0,,1,
DATAFLOW,OECD.SDD.TPS:DSD_LFS@DF_IALFS_EMP_WAP_Q(1.0),,I,DNK,,EMP_WAP,,PT_WAP_SUB,,_Z,,Y,,_T,,Y15T64,,_Z,,Q,,2014-Q4,,71.82134,,,,A,,0,,1,
DATAFLOW,OECD.SDD.TPS:DSD_LFS@DF_IALFS_EMP_WAP_Q(1.0),,I,DNK,,EMP_WAP,,PT_WAP_SUB,,_Z,,Y,,_T,,Y15T64,,_Z,,Q,,2015-Q1,,72.04044,,,,A,,0,,1,
DATAFLOW,OECD.SDD.TPS:DSD_LFS@DF_IALFS_EMP_WAP_Q(1.0),,I,DNK,,EMP_WAP,,PT_WAP_SUB,,_Z,,Y,,_T,,Y15T64,,_Z,,Q,,2015-Q2,,71.94414,,,,A,,0,,1,
DATAFLOW,OECD.SDD.TPS:DSD_LFS@DF_IALFS_EMP_WAP_Q(1.0),,I,DNK,,EMP_WAP,,PT_WAP_SUB,,_Z,,Y,,_T,,Y15T64,,_Z,,Q,,2015-Q3,,71.78602,,,,A,,0,,1,
DATAFLOW,OECD.SDD.TPS:DSD_LFS@DF_IALFS_EMP_WAP_Q(1.0),,I,DNK,,EMP_WAP,,PT_WAP_SUB,,_Z,,Y,,_T,,Y15T64,,_Z,,Q,,2015-Q4,,72.14905,,,,A,,0,,1,
DATAFLOW,OECD.SDD.TPS:DSD_LFS@DF_IALFS_EMP_WAP_Q(1.0),,I,DNK,,EMP_WAP,,PT_WAP_SUB,,_Z,,Y,,_T,,Y15T64,,_Z,,Q,,2016-Q1,,72.41917,,,,A,,0,,1,
DATAFLOW,OECD.SDD.TPS:DSD_LFS@DF_IALFS_EMP_WAP_Q(1.0),,I,DNK,,EMP_WAP,,PT_WAP_SUB,,_Z,,Y,,_T,,Y15T64,,_Z,,Q,,2016-Q2,,72.71749,,,,A,,0,,1,
DATAFLOW,OECD.SDD.TPS:DSD_LFS@DF_IALFS_EMP_WAP_Q(1.0),,I,DNK,,EMP_WAP,,PT_WAP_SUB,,_Z,,Y,,_T,,Y15T64,,_Z,,Q,,2016-Q3,,72.79404,,,,A,,0,,1,
DATAFLOW,OECD.SDD.TPS:DSD_LFS@DF_IALFS_EMP_WAP_Q(1.0),,I,DNK,,EMP_WAP,,PT_WAP_SUB,,_Z,,Y,,_T,,Y15T64,,_Z,,Q,,2016-Q4,,72.86008,,,,A,,0,,1,
DATAFLOW,OECD.SDD.TPS:DSD_LFS@DF_IALFS_EMP_WAP_Q(1.0),,I,DNK,,EMP_WAP,,PT_WAP_SUB,,_Z,,Y,,_T,,Y15T64,,_Z,,Q,,2017-Q1,,72.98186,,,,A,,0,,1,
DATAFLOW,OECD.SDD.TPS:DSD_LFS@DF_IALFS_EMP_WAP_Q(1.0),,I,DNK,,EMP_WAP,,PT_WAP_SUB,,_Z,,Y,,_T,,Y15T64,,_Z,,Q,,2017-Q2,,73.00881,,,,A,,0,,1,
DATAFLOW,OECD.SDD.TPS:DSD_LFS@DF_IALFS_EMP_WAP_Q(1.0),,I,DNK,,EMP_WAP,,PT_WAP_SUB,,_Z,,Y,,_T,,Y15T64,,_Z,,Q,,2017-Q3,,73.32329,,,,A,,0,,1,
DATAFLOW,OECD.SDD.TPS:DSD_LFS@DF_IALFS_EMP_WAP_Q(1.0),,I,DNK,,EMP_WAP,,PT_WAP_SUB,,_Z,,Y,,_T,,Y15T64,,_Z,,Q,,2017-Q4,,73.63993,,,,A,,0,,1,
DATAFLOW,OECD.SDD.TPS:DSD_LFS@DF_IALFS_EMP_WAP_Q(1.0),,I,DNK,,EMP_WAP,,PT_WAP_SUB,,_Z,,Y,,_T,,Y15T64,,_Z,,Q,,2018-Q1,,73.79225,,,,A,,0,,1,
DATAFLOW,OECD.SDD.TPS:DSD_LFS@DF_IALFS_EMP_WAP_Q(1.0),,I,DNK,,EMP_WAP,,PT_WAP_SUB,,_Z,,Y,,_T,,Y15T64,,_Z,,Q,,2018-Q2,,74.15555,,,,A,,0,,1,
DATAFLOW,OECD.SDD.TPS:DSD_LFS@DF_IALFS_EMP_WAP_Q(1.0),,I,DNK,,EMP_WAP,,PT_WAP_SUB,,_Z,,Y,,_T,,Y15T64,,_Z,,Q,,2018-Q3,,74.33353,,,,A,,0,,1,
DATAFLOW,OECD.SDD.TPS:DSD_LFS@DF_IALFS_EMP_WAP_Q(1.0),,I,DNK,,EMP_WAP,,PT_WAP_SUB,,_Z,,Y,,_T,,Y15T64,,_Z,,Q,,2018-Q4,,74.23545,,,,A,,0,,1,
DATAFLOW,OECD.SDD.TPS:DSD_LFS@DF_IALFS_EMP_WAP_Q(1.0),,I,DNK,,EMP_WAP,,PT_WAP_SUB,,_Z,,Y,,_T,,Y15T64,,_Z,,Q,,2019-Q1,,74.66228,,,,A,,0,,1,
DATAFLOW,OECD.SDD.TPS:DSD_LFS@DF_IALFS_EMP_WAP_Q(1.0),,I,DNK,,EMP_WAP,,PT_WAP_SUB,,_Z,,Y,,_T,,Y15T64,,_Z,,Q,,2019-Q2,,75.01671,,,,A,,0,,1,
DATAFLOW,OECD.SDD.TPS:DSD_LFS@DF_IALFS_EMP_WAP_Q(1.0),,I,DNK,,EMP_WAP,,PT_WAP_SUB,,_Z,,Y,,_T,,Y15T64,,_Z,,Q,,2019-Q3,,75.17776,,,,A,,0,,1,
DATAFLOW,OECD.SDD.TPS:DSD_LFS@DF_IALFS_EMP_WAP_Q(1.0),,I,DNK,,EMP_WAP,,PT_WAP_SUB,,_Z,,Y,,_T,,Y15T64,,_Z,,Q,,2019-Q4,,75.22874,,,,A,,0,,1,
DATAFLOW,OECD.SDD.TPS:DSD_LFS@DF_IALFS_EMP_WAP_Q(1.0),,I,DNK,,EMP_WAP,,PT_WAP_SUB,,_Z,,Y,,_T,,Y15T64,,_Z,,Q,,2020-Q1,,75.16772,,,,A,,0,,1,
DATAFLOW,OECD.SDD.TPS:DSD_LFS@DF_IALFS_EMP_WAP_Q(1.0),,I,DNK,,EMP_WAP,,PT_WAP_SUB,,_Z,,Y,,_T,,Y15T64,,_Z,,Q,,2020-Q2,,73.98324,,,,A,,0,,1,
DATAFLOW,OECD.SDD.TPS:DSD_LFS@DF_IALFS_EMP_WAP_Q(1.0),,I,DNK,,EMP_WAP,,PT_WAP_SUB,,_Z,,Y,,_T,,Y15T64,,_Z,,Q,,2020-Q3,,74.00798,,,,A,,0,,1,
DATAFLOW,OECD.SDD.TPS:DSD_LFS@DF_IALFS_EMP_WAP_Q(1.0),,I,DNK,,EMP_WAP,,PT_WAP_SUB,,_Z,,Y,,_T,,Y15T64,,_Z,,Q,,2020-Q4,,74.45525,,,,A,,0,,1,
DATAFLOW,OECD.SDD.TPS:DSD_LFS@DF_IALFS_EMP_WAP_Q(1.0),,I,DNK,,EMP_WAP,,PT_WAP_SUB,,_Z,,Y,,_T,,Y15T64,,_Z,,Q,,2021-Q1,,74.13992,,,,A,,0,,1,
DATAFLOW,OECD.SDD.TPS:DSD_LFS@DF_IALFS_EMP_WAP_Q(1.0),,I,DNK,,EMP_WAP,,PT_WAP_SUB,,_Z,,Y,,_T,,Y15T64,,_Z,,Q,,2021-Q2,,75.60761,,,,A,,0,,1,
DATAFLOW,OECD.SDD.TPS:DSD_LFS@DF_IALFS_EMP_WAP_Q(1.0),,I,DNK,,EMP_WAP,,PT_WAP_SUB,,_Z,,Y,,_T,,Y15T64,,_Z,,Q,,2021-Q3,,75.74865,,,,A,,0,,1,
DATAFLOW,OECD.SDD.TPS:DSD_LFS@DF_IALFS_EMP_WAP_Q(1.0),,I,DNK,,EMP_WAP,,PT_WAP_SUB,,_Z,,Y,,_T,,Y15T64,,_Z,,Q,,2021-Q4,,76.45384,,,,A,,0,,1,
DATAFLOW,OECD.SDD.TPS:DSD_LFS@DF_IALFS_EMP_WAP_Q(1.0),,I,DNK,,EMP_WAP,,PT_WAP_SUB,,_Z,,Y,,_T,,Y15T64,,_Z,,Q,,2022-Q1,,76.59937,,,,A,,0,,1,
DATAFLOW,OECD.SDD.TPS:DSD_LFS@DF_IALFS_EMP_WAP_Q(1.0),,I,DNK,,EMP_WAP,,PT_WAP_SUB,,_Z,,Y,,_T,,Y15T64,,_Z,,Q,,2022-Q2,,76.96664,,,,A,,0,,1,
DATAFLOW,OECD.SDD.TPS:DSD_LFS@DF_IALFS_EMP_WAP_Q(1.0),,I,DNK,,EMP_WAP,,PT_WAP_SUB,,_Z,,Y,,_T,,Y15T64,,_Z,,Q,,2022-Q3,,76.95509,,,,A,,0,,1,
DATAFLOW,OECD.SDD.TPS:DSD_LFS@DF_IALFS_EMP_WAP_Q(1.0),,I,DNK,,EMP_WAP,,PT_WAP_SUB,,_Z,,Y,,_T,,Y15T64,,_Z,,Q,,2022-Q4,,76.59783,,,,A,,0,,1,
DATAFLOW,OECD.SDD.TPS:DSD_LFS@DF_IALFS_EMP_WAP_Q(1.0),,I,DNK,,EMP_WAP,,PT_WAP_SUB,,_Z,,Y,,_T,,Y15T64,,_Z,,Q,,2023-Q1,,76.76595,,,,A,,0,,1,
DATAFLOW,OECD.SDD.TPS:DSD_LFS@DF_IALFS_EMP_WAP_Q(1.0),,I,DNK,,EMP_WAP,,PT_WAP_SUB,,_Z,,Y,,_T,,Y15T64,,_Z,,Q,,2023-Q2,,76.22287,,,,A,,0,,1,
DATAFLOW,OECD.SDD.TPS:DSD_LFS@DF_IALFS_EMP_WAP_Q(1.0),,I,DNK,,EMP_WAP,,PT_WAP_SUB,,_Z,,Y,,_T,,Y15T64,,_Z,,Q,,2023-Q3,,76.58871,,,,A,,0,,1,
DATAFLOW,OECD.SDD.TPS:DSD_LFS@DF_IALFS_EMP_WAP_Q(1.0),,I,DNK,,EMP_WAP,,PT_WAP_SUB,,_Z,,Y,,_T,,Y15T64,,_Z,,Q,,2023-Q4,,76.68406,,,,A,,0,,1,
DATAFLOW,OECD.SDD.TPS:DSD_LFS@DF_IALFS_EMP_WAP_Q(1.0),,I,DNK,,EMP_WAP,,PT_WAP_SUB,,_Z,,Y,,_T,,Y15T64,,_Z,,Q,,2024-Q1,,77.31006,,,,A,,0,,1,
DATAFLOW,OECD.SDD.TPS:DSD_LFS@DF_IALFS_EMP_WAP_Q(1.0),,I,DNK,,EMP_WAP,,PT_WAP_SUB,,_Z,,Y,,_T,,Y15T64,,_Z,,Q,,2024-Q2,,77.36304,,,,A,,0,,1,
DATAFLOW,OECD.SDD.TPS:DSD_LFS@DF_IALFS_EMP_WAP_Q(1.0),,I,DNK,,EMP_WAP,,PT_WAP_SUB,,_Z,,Y,,_T,,Y15T64,,_Z,,Q,,2024-Q3,,77.23763,,,,A,,0,,1,
DATAFLOW,OECD.SDD.TPS:DSD_LFS@DF_IALFS_EMP_WAP_Q(1.0),,I,DNK,,EMP_WAP,,PT_WAP_SUB,,_Z,,Y,,_T,,Y15T64,,_Z,,Q,,2024-Q4,,76.97288,,,,A,,0,,1,
DATAFLOW,OECD.SDD.TPS:DSD_LFS@DF_IALFS_EMP_WAP_Q(1.0),,I,DNK,,EMP_WAP,,PT_WAP_SUB,,_Z,,Y,,_T,,Y15T64,,_Z,,Q,,2025-Q1,,77.14678,,,,A,,0,,1,
DATAFLOW,OECD.SDD.TPS:DSD_LFS@DF_IALFS_EMP_WAP_Q(1.0),,I,DNK,,EMP_WAP,,PT_WAP_SUB,,_Z,,Y,,_T,,Y15T64,,_Z,,Q,,2025-Q2,,77.23908,,,,A,,0,,1,
DATAFLOW,OECD.SDD.TPS:DSD_LFS@DF_IALFS_EMP_WAP_Q(1.0),,I,DNK,,EMP_WAP,,PT_WAP_SUB,,_Z,,Y,,_T,,Y15T64,,_Z,,Q,,2025-Q3,,76.91302,,,,A,,0,,1,
DATAFLOW,OECD.SDD.TPS:DSD_LFS@DF_IALFS_EMP_WAP_Q(1.0),,I,DNK,,EMP_WAP,,PT_WAP_SUB,,_Z,,Y,,_T,,Y15T64,,_Z,,Q,,2025-Q4,,76.39925,,,,A,,0,,1,
DATAFLOW,OECD.SDD.TPS:DSD_LFS@DF_IALFS_EMP_WAP_Q(1.0),,I,DNK,,EMP_WAP,,PT_WAP_SUB,,_Z,,Y,,_T,,Y15T64,,_Z,,Q,,2026-Q1,,76.61509,,,,A,,0,,1,
DATAFLOW,OECD.SDD.TPS:DSD_LFS@DF_IALFS_EMP_WAP_Q(1.0),,I,ESP,,EMP_WAP,,PT_WAP_SUB,,_Z,,Y,,_T,,Y15T64,,_Z,,Q,,1999-Q1,,52.92431,,,,A,,0,,1,
DATAFLOW,OECD.SDD.TPS:DSD_LFS@DF_IALFS_EMP_WAP_Q(1.0),,I,ESP,,EMP_WAP,,PT_WAP_SUB,,_Z,,Y,,_T,,Y15T64,,_Z,,Q,,1999-Q2,,53.5539,,,,A,,0,,1,
DATAFLOW,OECD.SDD.TPS:DSD_LFS@DF_IALFS_EMP_WAP_Q(1.0),,I,ESP,,EMP_WAP,,PT_WAP_SUB,,_Z,,Y,,_T,,Y15T64,,_Z,,Q,,1999-Q3,,54.1268,,,,A,,0,,1,
DATAFLOW,OECD.SDD.TPS:DSD_LFS@DF_IALFS_EMP_WAP_Q(1.0),,I,ESP,,EMP_WAP,,PT_WAP_SUB,,_Z,,Y,,_T,,Y15T64,,_Z,,Q,,1999-Q4,,54.76043,,,,A,,0,,1,
DATAFLOW,OECD.SDD.TPS:DSD_LFS@DF_IALFS_EMP_WAP_Q(1.0),,I,ESP,,EMP_WAP,,PT_WAP_SUB,,_Z,,Y,,_T,,Y15T64,,_Z,,Q,,2000-Q1,,55.4664,,,,A,,0,,1,
DATAFLOW,OECD.SDD.TPS:DSD_LFS@DF_IALFS_EMP_WAP_Q(1.0),,I,ESP,,EMP_WAP,,PT_WAP_SUB,,_Z,,Y,,_T,,Y15T64,,_Z,,Q,,2000-Q2,,56.01584,,,,A,,0,,1,
DATAFLOW,OECD.SDD.TPS:DSD_LFS@DF_IALFS_EMP_WAP_Q(1.0),,I,ESP,,EMP_WAP,,PT_WAP_SUB,,_Z,,Y,,_T,,Y15T64,,_Z,,Q,,2000-Q3,,56.50467,,,,A,,0,,1,
DATAFLOW,OECD.SDD.TPS:DSD_LFS@DF_IALFS_EMP_WAP_Q(1.0),,I,ESP,,EMP_WAP,,PT_WAP_SUB,,_Z,,Y,,_T,,Y15T64,,_Z,,Q,,2000-Q4,,57.0307,,,,A,,0,,1,
DATAFLOW,OECD.SDD.TPS:DSD_LFS@DF_IALFS_EMP_WAP_Q(1.0),,I,ESP,,EMP_WAP,,PT_WAP_SUB,,_Z,,Y,,_T,,Y15T64,,_Z,,Q,,2001-Q1,,57.41948,,,,A,,0,,1,
DATAFLOW,OECD.SDD.TPS:DSD_LFS@DF_IALFS_EMP_WAP_Q(1.0),,I,ESP,,EMP_WAP,,PT_WAP_SUB,,_Z,,Y,,_T,,Y15T64,,_Z,,Q,,2001-Q2,,57.58123,,,,A,,0,,1,
DATAFLOW,OECD.SDD.TPS:DSD_LFS@DF_IALFS_EMP_WAP_Q(1.0),,I,ESP,,EMP_WAP,,PT_WAP_SUB,,_Z,,Y,,_T,,Y15T64,,_Z,,Q,,2001-Q3,,58.00433,,,,A,,0,,1,
DATAFLOW,OECD.SDD.TPS:DSD_LFS@DF_IALFS_EMP_WAP_Q(1.0),,I,ESP,,EMP_WAP,,PT_WAP_SUB,,_Z,,Y,,_T,,Y15T64,,_Z,,Q,,2001-Q4,,58.25555,,,,A,,0,,1,
DATAFLOW,OECD.SDD.TPS:DSD_LFS@DF_IALFS_EMP_WAP_Q(1.0),,I,ESP,,EMP_WAP,,PT_WAP_SUB,,_Z,,Y,,_T,,Y15T64,,_Z,,Q,,2002-Q1,,58.55236,,,,A,,0,,1,
DATAFLOW,OECD.SDD.TPS:DSD_LFS@DF_IALFS_EMP_WAP_Q(1.0),,I,ESP,,EMP_WAP,,PT_WAP_SUB,,_Z,,Y,,_T,,Y15T64,,_Z,,Q,,2002-Q2,,58.88678,,,,A,,0,,1,
DATAFLOW,OECD.SDD.TPS:DSD_LFS@DF_IALFS_EMP_WAP_Q(1.0),,I,ESP,,EMP_WAP,,PT_WAP_SUB,,_Z,,Y,,_T,,Y15T64,,_Z,,Q,,2002-Q3,,59.00801,,,,A,,0,,1,
DATAFLOW,OECD.SDD.TPS:DSD_LFS@DF_IALFS_EMP_WAP_Q(1.0),,I,ESP,,EMP_WAP,,PT_WAP_SUB,,_Z,,Y,,_T,,Y15T64,,_Z,,Q,,2002-Q4,,59.28777,,,,A,,0,,1,
DATAFLOW,OECD.SDD.TPS:DSD_LFS@DF_IALFS_EMP_WAP_Q(1.0),,I,ESP,,EMP_WAP,,PT_WAP_SUB,,_Z,,Y,,_T,,Y15T64,,_Z,,Q,,2003-Q1,,59.5823,,,,A,,0,,1,
DATAFLOW,OECD.SDD.TPS:DSD_LFS@DF_IALFS_EMP_WAP_Q(1.0),,I,ESP,,EMP_WAP,,PT_WAP_SUB,,_Z,,Y,,_T,,Y15T64,,_Z,,Q,,2003-Q2,,59.98309,,,,A,,0,,1,
DATAFLOW,OECD.SDD.TPS:DSD_LFS@DF_IALFS_EMP_WAP_Q(1.0),,I,ESP,,EMP_WAP,,PT_WAP_SUB,,_Z,,Y,,_T,,Y15T64,,_Z,,Q,,2003-Q3,,60.3773,,,,A,,0,,1,
DATAFLOW,OECD.SDD.TPS:DSD_LFS@DF_IALFS_EMP_WAP_Q(1.0),,I,ESP,,EMP_WAP,,PT_WAP_SUB,,_Z,,Y,,_T,,Y15T64,,_Z,,Q,,2003-Q4,,60.71799,,,,A,,0,,1,
DATAFLOW,OECD.SDD.TPS:DSD_LFS@DF_IALFS_EMP_WAP_Q(1.0),,I,ESP,,EMP_WAP,,PT_WAP_SUB,,_Z,,Y,,_T,,Y15T64,,_Z,,Q,,2004-Q1,,60.87252,,,,A,,0,,1,
DATAFLOW,OECD.SDD.TPS:DSD_LFS@DF_IALFS_EMP_WAP_Q(1.0),,I,ESP,,EMP_WAP,,PT_WAP_SUB,,_Z,,Y,,_T,,Y15T64,,_Z,,Q,,2004-Q2,,60.97043,,,,A,,0,,1,
DATAFLOW,OECD.SDD.TPS:DSD_LFS@DF_IALFS_EMP_WAP_Q(1.0),,I,ESP,,EMP_WAP,,PT_WAP_SUB,,_Z,,Y,,_T,,Y15T64,,_Z,,Q,,2004-Q3,,61.43408,,,,A,,0,,1,
DATAFLOW,OECD.SDD.TPS:DSD_LFS@DF_IALFS_EMP_WAP_Q(1.0),,I,ESP,,EMP_WAP,,PT_WAP_SUB,,_Z,,Y,,_T,,Y15T64,,_Z,,Q,,2004-Q4,,62.03017,,,,A,,0,,1,
DATAFLOW,OECD.SDD.TPS:DSD_LFS@DF_IALFS_EMP_WAP_Q(1.0),,I,ESP,,EMP_WAP,,PT_WAP_SUB,,_Z,,Y,,_T,,Y15T64,,_Z,,Q,,2005-Q1,,62.69128,,,,A,,0,,1,
DATAFLOW,OECD.SDD.TPS:DSD_LFS@DF_IALFS_EMP_WAP_Q(1.0),,I,ESP,,EMP_WAP,,PT_WAP_SUB,,_Z,,Y,,_T,,Y15T64,,_Z,,Q,,2005-Q2,,63.42702,,,,A,,0,,1,
DATAFLOW,OECD.SDD.TPS:DSD_LFS@DF_IALFS_EMP_WAP_Q(1.0),,I,ESP,,EMP_WAP,,PT_WAP_SUB,,_Z,,Y,,_T,,Y15T64,,_Z,,Q,,2005-Q3,,63.93763,,,,A,,0,,1,
DATAFLOW,OECD.SDD.TPS:DSD_LFS@DF_IALFS_EMP_WAP_Q(1.0),,I,ESP,,EMP_WAP,,PT_WAP_SUB,,_Z,,Y,,_T,,Y15T64,,_Z,,Q,,2005-Q4,,64.25174,,,,A,,0,,1,
DATAFLOW,OECD.SDD.TPS:DSD_LFS@DF_IALFS_EMP_WAP_Q(1.0),,I,ESP,,EMP_WAP,,PT_WAP_SUB,,_Z,,Y,,_T,,Y15T64,,_Z,,Q,,2006-Q1,,64.64392,,,,A,,0,,1,
DATAFLOW,OECD.SDD.TPS:DSD_LFS@DF_IALFS_EMP_WAP_Q(1.0),,I,ESP,,EMP_WAP,,PT_WAP_SUB,,_Z,,Y,,_T,,Y15T64,,_Z,,Q,,2006-Q2,,64.91988,,,,A,,0,,1,
DATAFLOW,OECD.SDD.TPS:DSD_LFS@DF_IALFS_EMP_WAP_Q(1.0),,I,ESP,,EMP_WAP,,PT_WAP_SUB,,_Z,,Y,,_T,,Y15T64,,_Z,,Q,,2006-Q3,,65.09422,,,,A,,0,,1,
DATAFLOW,OECD.SDD.TPS:DSD_LFS@DF_IALFS_EMP_WAP_Q(1.0),,I,ESP,,EMP_WAP,,PT_WAP_SUB,,_Z,,Y,,_T,,Y15T64,,_Z,,Q,,2006-Q4,,65.47921,,,,A,,0,,1,
DATAFLOW,OECD.SDD.TPS:DSD_LFS@DF_IALFS_EMP_WAP_Q(1.0),,I,ESP,,EMP_WAP,,PT_WAP_SUB,,_Z,,Y,,_T,,Y15T64,,_Z,,Q,,2007-Q1,,65.68576,,,,A,,0,,1,
DATAFLOW,OECD.SDD.TPS:DSD_LFS@DF_IALFS_EMP_WAP_Q(1.0),,I,ESP,,EMP_WAP,,PT_WAP_SUB,,_Z,,Y,,_T,,Y15T64,,_Z,,Q,,2007-Q2,,65.92802,,,,A,,0,,1,
DATAFLOW,OECD.SDD.TPS:DSD_LFS@DF_IALFS_EMP_WAP_Q(1.0),,I,ESP,,EMP_WAP,,PT_WAP_SUB,,_Z,,Y,,_T,,Y15T64,,_Z,,Q,,2007-Q3,,65.86322,,,,A,,0,,1,
DATAFLOW,OECD.SDD.TPS:DSD_LFS@DF_IALFS_EMP_WAP_Q(1.0),,I,ESP,,EMP_WAP,,PT_WAP_SUB,,_Z,,Y,,_T,,Y15T64,,_Z,,Q,,2007-Q4,,65.77824,,,,A,,0,,1,
DATAFLOW,OECD.SDD.TPS:DSD_LFS@DF_IALFS_EMP_WAP_Q(1.0),,I,ESP,,EMP_WAP,,PT_WAP_SUB,,_Z,,Y,,_T,,Y15T64,,_Z,,Q,,2008-Q1,,65.64638,,,,A,,0,,1,
DATAFLOW,OECD.SDD.TPS:DSD_LFS@DF_IALFS_EMP_WAP_Q(1.0),,I,ESP,,EMP_WAP,,PT_WAP_SUB,,_Z,,Y,,_T,,Y15T64,,_Z,,Q,,2008-Q2,,65.02801,,,,A,,0,,1,
DATAFLOW,OECD.SDD.TPS:DSD_LFS@DF_IALFS_EMP_WAP_Q(1.0),,I,ESP,,EMP_WAP,,PT_WAP_SUB,,_Z,,Y,,_T,,Y15T64,,_Z,,Q,,2008-Q3,,64.26681,,,,A,,0,,1,
DATAFLOW,OECD.SDD.TPS:DSD_LFS@DF_IALFS_EMP_WAP_Q(1.0),,I,ESP,,EMP_WAP,,PT_WAP_SUB,,_Z,,Y,,_T,,Y15T64,,_Z,,Q,,2008-Q4,,62.99928,,,,A,,0,,1,
DATAFLOW,OECD.SDD.TPS:DSD_LFS@DF_IALFS_EMP_WAP_Q(1.0),,I,ESP,,EMP_WAP,,PT_WAP_SUB,,_Z,,Y,,_T,,Y15T64,,_Z,,Q,,2009-Q1,,60.91354,,,,A,,0,,1,
DATAFLOW,OECD.SDD.TPS:DSD_LFS@DF_IALFS_EMP_WAP_Q(1.0),,I,ESP,,EMP_WAP,,PT_WAP_SUB,,_Z,,Y,,_T,,Y15T64,,_Z,,Q,,2009-Q2,,60.12658,,,,A,,0,,1,
DATAFLOW,OECD.SDD.TPS:DSD_LFS@DF_IALFS_EMP_WAP_Q(1.0),,I,ESP,,EMP_WAP,,PT_WAP_SUB,,_Z,,Y,,_T,,Y15T64,,_Z,,Q,,2009-Q3,,59.58107,,,,A,,0,,1,
DATAFLOW,OECD.SDD.TPS:DSD_LFS@DF_IALFS_EMP_WAP_Q(1.0),,I,ESP,,EMP_WAP,,PT_WAP_SUB,,_Z,,Y,,_T,,Y15T64,,_Z,,Q,,2009-Q4,,59.21822,,,,A,,0,,1,
DATAFLOW,OECD.SDD.TPS:DSD_LFS@DF_IALFS_EMP_WAP_Q(1.0),,I,ESP,,EMP_WAP,,PT_WAP_SUB,,_Z,,Y,,_T,,Y15T64,,_Z,,Q,,2010-Q1,,59.00583,,,,A,,0,,1,
DATAFLOW,OECD.SDD.TPS:DSD_LFS@DF_IALFS_EMP_WAP_Q(1.0),,I,ESP,,EMP_WAP,,PT_WAP_SUB,,_Z,,Y,,_T,,Y15T64,,_Z,,Q,,2010-Q2,,58.8608,,,,A,,0,,1,
DATAFLOW,OECD.SDD.TPS:DSD_LFS@DF_IALFS_EMP_WAP_Q(1.0),,I,ESP,,EMP_WAP,,PT_WAP_SUB,,_Z,,Y,,_T,,Y15T64,,_Z,,Q,,2010-Q3,,58.79845,,,,A,,0,,1,
DATAFLOW,OECD.SDD.TPS:DSD_LFS@DF_IALFS_EMP_WAP_Q(1.0),,I,ESP,,EMP_WAP,,PT_WAP_SUB,,_Z,,Y,,_T,,Y15T64,,_Z,,Q,,2010-Q4,,58.68799,,,,A,,0,,1,
DATAFLOW,OECD.SDD.TPS:DSD_LFS@DF_IALFS_EMP_WAP_Q(1.0),,I,ESP,,EMP_WAP,,PT_WAP_SUB,,_Z,,Y,,_T,,Y15T64,,_Z,,Q,,2011-Q1,,58.49208,,,,A,,0,,1,
DATAFLOW,OECD.SDD.TPS:DSD_LFS@DF_IALFS_EMP_WAP_Q(1.0),,I,ESP,,EMP_WAP,,PT_WAP_SUB,,_Z,,Y,,_T,,Y15T64,,_Z,,Q,,2011-Q2,,58.4756,,,,A,,0,,1,
DATAFLOW,OECD.SDD.TPS:DSD_LFS@DF_IALFS_EMP_WAP_Q(1.0),,I,ESP,,EMP_WAP,,PT_WAP_SUB,,_Z,,Y,,_T,,Y15T64,,_Z,,Q,,2011-Q3,,57.87128,,,,A,,0,,1,
DATAFLOW,OECD.SDD.TPS:DSD_LFS@DF_IALFS_EMP_WAP_Q(1.0),,I,ESP,,EMP_WAP,,PT_WAP_SUB,,_Z,,Y,,_T,,Y15T64,,_Z,,Q,,2011-Q4,,57.19746,,,,A,,0,,1,
DATAFLOW,OECD.SDD.TPS:DSD_LFS@DF_IALFS_EMP_WAP_Q(1.0),,I,ESP,,EMP_WAP,,PT_WAP_SUB,,_Z,,Y,,_T,,Y15T64,,_Z,,Q,,2012-Q1,,56.56503,,,,A,,0,,1,
DATAFLOW,OECD.SDD.TPS:DSD_LFS@DF_IALFS_EMP_WAP_Q(1.0),,I,ESP,,EMP_WAP,,PT_WAP_SUB,,_Z,,Y,,_T,,Y15T64,,_Z,,Q,,2012-Q2,,55.95526,,,,A,,0,,1,
DATAFLOW,OECD.SDD.TPS:DSD_LFS@DF_IALFS_EMP_WAP_Q(1.0),,I,ESP,,EMP_WAP,,PT_WAP_SUB,,_Z,,Y,,_T,,Y15T64,,_Z,,Q,,2012-Q3,,55.4834,,,,A,,0,,1,
DATAFLOW,OECD.SDD.TPS:DSD_LFS@DF_IALFS_EMP_WAP_Q(1.0),,I,ESP,,EMP_WAP,,PT_WAP_SUB,,_Z,,Y,,_T,,Y15T64,,_Z,,Q,,2012-Q4,,54.99212,,,,A,,0,,1,
DATAFLOW,OECD.SDD.TPS:DSD_LFS@DF_IALFS_EMP_WAP_Q(1.0),,I,ESP,,EMP_WAP,,PT_WAP_SUB,,_Z,,Y,,_T,,Y15T64,,_Z,,Q,,2013-Q1,,54.72241,,,,A,,0,,1,
DATAFLOW,OECD.SDD.TPS:DSD_LFS@DF_IALFS_EMP_WAP_Q(1.0),,I,ESP,,EMP_WAP,,PT_WAP_SUB,,_Z,,Y,,_T,,Y15T64,,_Z,,Q,,2013-Q2,,54.64114,,,,A,,0,,1,
DATAFLOW,OECD.SDD.TPS:DSD_LFS@DF_IALFS_EMP_WAP_Q(1.0),,I,ESP,,EMP_WAP,,PT_WAP_SUB,,_Z,,Y,,_T,,Y15T64,,_Z,,Q,,2013-Q3,,54.80428,,,,A,,0,,1,
DATAFLOW,OECD.SDD.TPS:DSD_LFS@DF_IALFS_EMP_WAP_Q(1.0),,I,ESP,,EMP_WAP,,PT_WAP_SUB,,_Z,,Y,,_T,,Y15T64,,_Z,,Q,,2013-Q4,,55.03915,,,,A,,0,,1,
DATAFLOW,OECD.SDD.TPS:DSD_LFS@DF_IALFS_EMP_WAP_Q(1.0),,I,ESP,,EMP_WAP,,PT_WAP_SUB,,_Z,,Y,,_T,,Y15T64,,_Z,,Q,,2014-Q1,,55.24466,,,,A,,0,,1,
DATAFLOW,OECD.SDD.TPS:DSD_LFS@DF_IALFS_EMP_WAP_Q(1.0),,I,ESP,,EMP_WAP,,PT_WAP_SUB,,_Z,,Y,,_T,,Y15T64,,_Z,,Q,,2014-Q2,,55.81434,,,,A,,0,,1,
DATAFLOW,OECD.SDD.TPS:DSD_LFS@DF_IALFS_EMP_WAP_Q(1.0),,I,ESP,,EMP_WAP,,PT_WAP_SUB,,_Z,,Y,,_T,,Y15T64,,_Z,,Q,,2014-Q3,,56.14568,,,,A,,0,,1,
DATAFLOW,OECD.SDD.TPS:DSD_LFS@DF_IALFS_EMP_WAP_Q(1.0),,I,ESP,,EMP_WAP,,PT_WAP_SUB,,_Z,,Y,,_T,,Y15T64,,_Z,,Q,,2014-Q4,,56.67128,,,,A,,0,,1,
DATAFLOW,OECD.SDD.TPS:DSD_LFS@DF_IALFS_EMP_WAP_Q(1.0),,I,ESP,,EMP_WAP,,PT_WAP_SUB,,_Z,,Y,,_T,,Y15T64,,_Z,,Q,,2015-Q1,,57.03143,,,,A,,0,,1,
DATAFLOW,OECD.SDD.TPS:DSD_LFS@DF_IALFS_EMP_WAP_Q(1.0),,I,ESP,,EMP_WAP,,PT_WAP_SUB,,_Z,,Y,,_T,,Y15T64,,_Z,,Q,,2015-Q2,,57.64761,,,,A,,0,,1,
DATAFLOW,OECD.SDD.TPS:DSD_LFS@DF_IALFS_EMP_WAP_Q(1.0),,I,ESP,,EMP_WAP,,PT_WAP_SUB,,_Z,,Y,,_T,,Y15T64,,_Z,,Q,,2015-Q3,,58.0664,,,,A,,0,,1,
DATAFLOW,OECD.SDD.TPS:DSD_LFS@DF_IALFS_EMP_WAP_Q(1.0),,I,ESP,,EMP_WAP,,PT_WAP_SUB,,_Z,,Y,,_T,,Y15T64,,_Z,,Q,,2015-Q4,,58.54506,,,,A,,0,,1,
DATAFLOW,OECD.SDD.TPS:DSD_LFS@DF_IALFS_EMP_WAP_Q(1.0),,I,ESP,,EMP_WAP,,PT_WAP_SUB,,_Z,,Y,,_T,,Y15T64,,_Z,,Q,,2016-Q1,,59.1272,,,,A,,0,,1,
DATAFLOW,OECD.SDD.TPS:DSD_LFS@DF_IALFS_EMP_WAP_Q(1.0),,I,ESP,,EMP_WAP,,PT_WAP_SUB,,_Z,,Y,,_T,,Y15T64,,_Z,,Q,,2016-Q2,,59.27536,,,,A,,0,,1,
DATAFLOW,OECD.SDD.TPS:DSD_LFS@DF_IALFS_EMP_WAP_Q(1.0),,I,ESP,,EMP_WAP,,PT_WAP_SUB,,_Z,,Y,,_T,,Y15T64,,_Z,,Q,,2016-Q3,,59.71858,,,,A,,0,,1,
DATAFLOW,OECD.SDD.TPS:DSD_LFS@DF_IALFS_EMP_WAP_Q(1.0),,I,ESP,,EMP_WAP,,PT_WAP_SUB,,_Z,,Y,,_T,,Y15T64,,_Z,,Q,,2016-Q4,,60.06525,,,,A,,0,,1,
DATAFLOW,OECD.SDD.TPS:DSD_LFS@DF_IALFS_EMP_WAP_Q(1.0),,I,ESP,,EMP_WAP,,PT_WAP_SUB,,_Z,,Y,,_T,,Y15T64,,_Z,,Q,,2017-Q1,,60.52336,,,,A,,0,,1,
DATAFLOW,OECD.SDD.TPS:DSD_LFS@DF_IALFS_EMP_WAP_Q(1.0),,I,ESP,,EMP_WAP,,PT_WAP_SUB,,_Z,,Y,,_T,,Y15T64,,_Z,,Q,,2017-Q2,,60.91324,,,,A,,0,,1,
DATAFLOW,OECD.SDD.TPS:DSD_LFS@DF_IALFS_EMP_WAP_Q(1.0),,I,ESP,,EMP_WAP,,PT_WAP_SUB,,_Z,,Y,,_T,,Y15T64,,_Z,,Q,,2017-Q3,,61.35435,,,,A,,0,,1,
DATAFLOW,OECD.SDD.TPS:DSD_LFS@DF_IALFS_EMP_WAP_Q(1.0),,I,ESP,,EMP_WAP,,PT_WAP_SUB,,_Z,,Y,,_T,,Y15T64,,_Z,,Q,,2017-Q4,,61.52647,,,,A,,0,,1,
DATAFLOW,OECD.SDD.TPS:DSD_LFS@DF_IALFS_EMP_WAP_Q(1.0),,I,ESP,,EMP_WAP,,PT_WAP_SUB,,_Z,,Y,,_T,,Y15T64,,_Z,,Q,,2018-Q1,,61.8009,,,,A,,0,,1,
DATAFLOW,OECD.SDD.TPS:DSD_LFS@DF_IALFS_EMP_WAP_Q(1.0),,I,ESP,,EMP_WAP,,PT_WAP_SUB,,_Z,,Y,,_T,,Y15T64,,_Z,,Q,,2018-Q2,,62.3321,,,,A,,0,,1,
DATAFLOW,OECD.SDD.TPS:DSD_LFS@DF_IALFS_EMP_WAP_Q(1.0),,I,ESP,,EMP_WAP,,PT_WAP_SUB,,_Z,,Y,,_T,,Y15T64,,_Z,,Q,,2018-Q3,,62.57384,,,,A,,0,,1,
DATAFLOW,OECD.SDD.TPS:DSD_LFS@DF_IALFS_EMP_WAP_Q(1.0),,I,ESP,,EMP_WAP,,PT_WAP_SUB,,_Z,,Y,,_T,,Y15T64,,_Z,,Q,,2018-Q4,,62.8632,,,,A,,0,,1,
DATAFLOW,OECD.SDD.TPS:DSD_LFS@DF_IALFS_EMP_WAP_Q(1.0),,I,ESP,,EMP_WAP,,PT_WAP_SUB,,_Z,,Y,,_T,,Y15T64,,_Z,,Q,,2019-Q1,,63.21319,,,,A,,0,,1,
DATAFLOW,OECD.SDD.TPS:DSD_LFS@DF_IALFS_EMP_WAP_Q(1.0),,I,ESP,,EMP_WAP,,PT_WAP_SUB,,_Z,,Y,,_T,,Y15T64,,_Z,,Q,,2019-Q2,,63.31629,,,,A,,0,,1,
DATAFLOW,OECD.SDD.TPS:DSD_LFS@DF_IALFS_EMP_WAP_Q(1.0),,I,ESP,,EMP_WAP,,PT_WAP_SUB,,_Z,,Y,,_T,,Y15T64,,_Z,,Q,,2019-Q3,,63.1798,,,,A,,0,,1,
DATAFLOW,OECD.SDD.TPS:DSD_LFS@DF_IALFS_EMP_WAP_Q(1.0),,I,ESP,,EMP_WAP,,PT_WAP_SUB,,_Z,,Y,,_T,,Y15T64,,_Z,,Q,,2019-Q4,,63.52295,,,,A,,0,,1,
DATAFLOW,OECD.SDD.TPS:DSD_LFS@DF_IALFS_EMP_WAP_Q(1.0),,I,ESP,,EMP_WAP,,PT_WAP_SUB,,_Z,,Y,,_T,,Y15T64,,_Z,,Q,,2020-Q1,,63.24827,,,,A,,0,,1,
DATAFLOW,OECD.SDD.TPS:DSD_LFS@DF_IALFS_EMP_WAP_Q(1.0),,I,ESP,,EMP_WAP,,PT_WAP_SUB,,_Z,,Y,,_T,,Y15T64,,_Z,,Q,,2020-Q2,,58.97472,,,,A,,0,,1,
DATAFLOW,OECD.SDD.TPS:DSD_LFS@DF_IALFS_EMP_WAP_Q(1.0),,I,ESP,,EMP_WAP,,PT_WAP_SUB,,_Z,,Y,,_T,,Y15T64,,_Z,,Q,,2020-Q3,,60.4065,,,,A,,0,,1,
DATAFLOW,OECD.SDD.TPS:DSD_LFS@DF_IALFS_EMP_WAP_Q(1.0),,I,ESP,,EMP_WAP,,PT_WAP_SUB,,_Z,,Y,,_T,,Y15T64,,_Z,,Q,,2020-Q4,,61.11876,,,,A,,0,,1,
DATAFLOW,OECD.SDD.TPS:DSD_LFS@DF_IALFS_EMP_WAP_Q(1.0),,I,ESP,,EMP_WAP,,PT_WAP_SUB,,_Z,,Y,,_T,,Y15T64,,_Z,,Q,,2021-Q1,,61.43223,,,,A,,0,,1,
DATAFLOW,OECD.SDD.TPS:DSD_LFS@DF_IALFS_EMP_WAP_Q(1.0),,I,ESP,,EMP_WAP,,PT_WAP_SUB,,_Z,,Y,,_T,,Y15T64,,_Z,,Q,,2021-Q2,,62.25451,,,,A,,0,,1,
DATAFLOW,OECD.SDD.TPS:DSD_LFS@DF_IALFS_EMP_WAP_Q(1.0),,I,ESP,,EMP_WAP,,PT_WAP_SUB,,_Z,,Y,,_T,,Y15T64,,_Z,,Q,,2021-Q3,,63.06594,,,,A,,0,,1,
DATAFLOW,OECD.SDD.TPS:DSD_LFS@DF_IALFS_EMP_WAP_Q(1.0),,I,ESP,,EMP_WAP,,PT_WAP_SUB,,_Z,,Y,,_T,,Y15T64,,_Z,,Q,,2021-Q4,,63.76564,,,,A,,0,,1,
DATAFLOW,OECD.SDD.TPS:DSD_LFS@DF_IALFS_EMP_WAP_Q(1.0),,I,ESP,,EMP_WAP,,PT_WAP_SUB,,_Z,,Y,,_T,,Y15T64,,_Z,,Q,,2022-Q1,,64.12834,,,,A,,0,,1,
DATAFLOW,OECD.SDD.TPS:DSD_LFS@DF_IALFS_EMP_WAP_Q(1.0),,I,ESP,,EMP_WAP,,PT_WAP_SUB,,_Z,,Y,,_T,,Y15T64,,_Z,,Q,,2022-Q2,,64.3507,,,,A,,0,,1,
DATAFLOW,OECD.SDD.TPS:DSD_LFS@DF_IALFS_EMP_WAP_Q(1.0),,I,ESP,,EMP_WAP,,PT_WAP_SUB,,_Z,,Y,,_T,,Y15T64,,_Z,,Q,,2022-Q3,,64.40109,,,,A,,0,,1,
DATAFLOW,OECD.SDD.TPS:DSD_LFS@DF_IALFS_EMP_WAP_Q(1.0),,I,ESP,,EMP_WAP,,PT_WAP_SUB,,_Z,,Y,,_T,,Y15T64,,_Z,,Q,,2022-Q4,,64.2699,,,,A,,0,,1,
DATAFLOW,OECD.SDD.TPS:DSD_LFS@DF_IALFS_EMP_WAP_Q(1.0),,I,ESP,,EMP_WAP,,PT_WAP_SUB,,_Z,,Y,,_T,,Y15T64,,_Z,,Q,,2023-Q1,,64.68814,,,,A,,0,,1,
DATAFLOW,OECD.SDD.TPS:DSD_LFS@DF_IALFS_EMP_WAP_Q(1.0),,I,ESP,,EMP_WAP,,PT_WAP_SUB,,_Z,,Y,,_T,,Y15T64,,_Z,,Q,,2023-Q2,,65.3744,,,,A,,0,,1,
DATAFLOW,OECD.SDD.TPS:DSD_LFS@DF_IALFS_EMP_WAP_Q(1.0),,I,ESP,,EMP_WAP,,PT_WAP_SUB,,_Z,,Y,,_T,,Y15T64,,_Z,,Q,,2023-Q3,,65.60914,,,,A,,0,,1,
DATAFLOW,OECD.SDD.TPS:DSD_LFS@DF_IALFS_EMP_WAP_Q(1.0),,I,ESP,,EMP_WAP,,PT_WAP_SUB,,_Z,,Y,,_T,,Y15T64,,_Z,,Q,,2023-Q4,,65.70911,,,,A,,0,,1,
DATAFLOW,OECD.SDD.TPS:DSD_LFS@DF_IALFS_EMP_WAP_Q(1.0),,I,ESP,,EMP_WAP,,PT_WAP_SUB,,_Z,,Y,,_T,,Y15T64,,_Z,,Q,,2024-Q1,,65.90666,,,,A,,0,,1,
DATAFLOW,OECD.SDD.TPS:DSD_LFS@DF_IALFS_EMP_WAP_Q(1.0),,I,ESP,,EMP_WAP,,PT_WAP_SUB,,_Z,,Y,,_T,,Y15T64,,_Z,,Q,,2024-Q2,,65.95263,,,,A,,0,,1,
DATAFLOW,OECD.SDD.TPS:DSD_LFS@DF_IALFS_EMP_WAP_Q(1.0),,I,ESP,,EMP_WAP,,PT_WAP_SUB,,_Z,,Y,,_T,,Y15T64,,_Z,,Q,,2024-Q3,,66.14578,,,,A,,0,,1,
DATAFLOW,OECD.SDD.TPS:DSD_LFS@DF_IALFS_EMP_WAP_Q(1.0),,I,ESP,,EMP_WAP,,PT_WAP_SUB,,_Z,,Y,,_T,,Y15T64,,_Z,,Q,,2024-Q4,,66.38423,,,,A,,0,,1,
DATAFLOW,OECD.SDD.TPS:DSD_LFS@DF_IALFS_EMP_WAP_Q(1.0),,I,ESP,,EMP_WAP,,PT_WAP_SUB,,_Z,,Y,,_T,,Y15T64,,_Z,,Q,,2025-Q1,,66.62291,,,,A,,0,,1,
DATAFLOW,OECD.SDD.TPS:DSD_LFS@DF_IALFS_EMP_WAP_Q(1.0),,I,ESP,,EMP_WAP,,PT_WAP_SUB,,_Z,,Y,,_T,,Y15T64,,_Z,,Q,,2025-Q2,,66.94083,,,,A,,0,,1,
DATAFLOW,OECD.SDD.TPS:DSD_LFS@DF_IALFS_EMP_WAP_Q(1.0),,I,ESP,,EMP_WAP,,PT_WAP_SUB,,_Z,,Y,,_T,,Y15T64,,_Z,,Q,,2025-Q3,,67.01908,,,,A,,0,,1,
DATAFLOW,OECD.SDD.TPS:DSD_LFS@DF_IALFS_EMP_WAP_Q(1.0),,I,ESP,,EMP_WAP,,PT_WAP_SUB,,_Z,,Y,,_T,,Y15T64,,_Z,,Q,,2025-Q4,,67.28735,,,,A,,0,,1,
DATAFLOW,OECD.SDD.TPS:DSD_LFS@DF_IALFS_EMP_WAP_Q(1.0),,I,ESP,,EMP_WAP,,PT_WAP_SUB,,_Z,,Y,,_T,,Y15T64,,_Z,,Q,,2026-Q1,,67.31373,,,,A,,0,,1,
DATAFLOW,OECD.SDD.TPS:DSD_LFS@DF_IALFS_EMP_WAP_Q(1.0),,I,BEL,,EMP_WAP,,PT_WAP_SUB,,_Z,,Y,,_T,,Y15T64,,_Z,,Q,,1999-Q1,,59.19458,,,,A,,0,,1,
DATAFLOW,OECD.SDD.TPS:DSD_LFS@DF_IALFS_EMP_WAP_Q(1.0),,I,BEL,,EMP_WAP,,PT_WAP_SUB,,_Z,,Y,,_T,,Y15T64,,_Z,,Q,,1999-Q2,,59.02541,,,,A,,0,,1,
DATAFLOW,OECD.SDD.TPS:DSD_LFS@DF_IALFS_EMP_WAP_Q(1.0),,I,BEL,,EMP_WAP,,PT_WAP_SUB,,_Z,,Y,,_T,,Y15T64,,_Z,,Q,,1999-Q3,,59.5428,,,,A,,0,,1,
DATAFLOW,OECD.SDD.TPS:DSD_LFS@DF_IALFS_EMP_WAP_Q(1.0),,I,BEL,,EMP_WAP,,PT_WAP_SUB,,_Z,,Y,,_T,,Y15T64,,_Z,,Q,,1999-Q4,,59.48914,,,,A,,0,,1,
DATAFLOW,OECD.SDD.TPS:DSD_LFS@DF_IALFS_EMP_WAP_Q(1.0),,I,BEL,,EMP_WAP,,PT_WAP_SUB,,_Z,,Y,,_T,,Y15T64,,_Z,,Q,,2000-Q1,,60.0768,,,,A,,0,,1,
DATAFLOW,OECD.SDD.TPS:DSD_LFS@DF_IALFS_EMP_WAP_Q(1.0),,I,BEL,,EMP_WAP,,PT_WAP_SUB,,_Z,,Y,,_T,,Y15T64,,_Z,,Q,,2000-Q2,,60.99867,,,,A,,0,,1,
DATAFLOW,OECD.SDD.TPS:DSD_LFS@DF_IALFS_EMP_WAP_Q(1.0),,I,BEL,,EMP_WAP,,PT_WAP_SUB,,_Z,,Y,,_T,,Y15T64,,_Z,,Q,,2000-Q3,,60.83659,,,,A,,0,,1,
DATAFLOW,OECD.SDD.TPS:DSD_LFS@DF_IALFS_EMP_WAP_Q(1.0),,I,BEL,,EMP_WAP,,PT_WAP_SUB,,_Z,,Y,,_T,,Y15T64,,_Z,,Q,,2000-Q4,,60.2291,,,,A,,0,,1,
DATAFLOW,OECD.SDD.TPS:DSD_LFS@DF_IALFS_EMP_WAP_Q(1.0),,I,BEL,,EMP_WAP,,PT_WAP_SUB,,_Z,,Y,,_T,,Y15T64,,_Z,,Q,,2001-Q1,,60.34664,,,,A,,0,,1,
DATAFLOW,OECD.SDD.TPS:DSD_LFS@DF_IALFS_EMP_WAP_Q(1.0),,I,BEL,,EMP_WAP,,PT_WAP_SUB,,_Z,,Y,,_T,,Y15T64,,_Z,,Q,,2001-Q2,,59.82,,,,A,,0,,1,
DATAFLOW,OECD.SDD.TPS:DSD_LFS@DF_IALFS_EMP_WAP_Q(1.0),,I,BEL,,EMP_WAP,,PT_WAP_SUB,,_Z,,Y,,_T,,Y15T64,,_Z,,Q,,2001-Q3,,60.11423,,,,A,,0,,1,
DATAFLOW,OECD.SDD.TPS:DSD_LFS@DF_IALFS_EMP_WAP_Q(1.0),,I,BEL,,EMP_WAP,,PT_WAP_SUB,,_Z,,Y,,_T,,Y15T64,,_Z,,Q,,2001-Q4,,59.48209,,,,A,,0,,1,
DATAFLOW,OECD.SDD.TPS:DSD_LFS@DF_IALFS_EMP_WAP_Q(1.0),,I,BEL,,EMP_WAP,,PT_WAP_SUB,,_Z,,Y,,_T,,Y15T64,,_Z,,Q,,2002-Q1,,59.79707,,,,A,,0,,1,
DATAFLOW,OECD.SDD.TPS:DSD_LFS@DF_IALFS_EMP_WAP_Q(1.0),,I,BEL,,EMP_WAP,,PT_WAP_SUB,,_Z,,Y,,_T,,Y15T64,,_Z,,Q,,2002-Q2,,59.79333,,,,A,,0,,1,
DATAFLOW,OECD.SDD.TPS:DSD_LFS@DF_IALFS_EMP_WAP_Q(1.0),,I,BEL,,EMP_WAP,,PT_WAP_SUB,,_Z,,Y,,_T,,Y15T64,,_Z,,Q,,2002-Q3,,60.0922,,,,A,,0,,1,
DATAFLOW,OECD.SDD.TPS:DSD_LFS@DF_IALFS_EMP_WAP_Q(1.0),,I,BEL,,EMP_WAP,,PT_WAP_SUB,,_Z,,Y,,_T,,Y15T64,,_Z,,Q,,2002-Q4,,59.86895,,,,A,,0,,1,
DATAFLOW,OECD.SDD.TPS:DSD_LFS@DF_IALFS_EMP_WAP_Q(1.0),,I,BEL,,EMP_WAP,,PT_WAP_SUB,,_Z,,Y,,_T,,Y15T64,,_Z,,Q,,2003-Q1,,59.31549,,,,A,,0,,1,
DATAFLOW,OECD.SDD.TPS:DSD_LFS@DF_IALFS_EMP_WAP_Q(1.0),,I,BEL,,EMP_WAP,,PT_WAP_SUB,,_Z,,Y,,_T,,Y15T64,,_Z,,Q,,2003-Q2,,59.45819,,,,A,,0,,1,
DATAFLOW,OECD.SDD.TPS:DSD_LFS@DF_IALFS_EMP_WAP_Q(1.0),,I,BEL,,EMP_WAP,,PT_WAP_SUB,,_Z,,Y,,_T,,Y15T64,,_Z,,Q,,2003-Q3,,59.36152,,,,A,,0,,1,
DATAFLOW,OECD.SDD.TPS:DSD_LFS@DF_IALFS_EMP_WAP_Q(1.0),,I,BEL,,EMP_WAP,,PT_WAP_SUB,,_Z,,Y,,_T,,Y15T64,,_Z,,Q,,2003-Q4,,60.22667,,,,A,,0,,1,
DATAFLOW,OECD.SDD.TPS:DSD_LFS@DF_IALFS_EMP_WAP_Q(1.0),,I,BEL,,EMP_WAP,,PT_WAP_SUB,,_Z,,Y,,_T,,Y15T64,,_Z,,Q,,2004-Q1,,60.07957,,,,A,,0,,1,
DATAFLOW,OECD.SDD.TPS:DSD_LFS@DF_IALFS_EMP_WAP_Q(1.0),,I,BEL,,EMP_WAP,,PT_WAP_SUB,,_Z,,Y,,_T,,Y15T64,,_Z,,Q,,2004-Q2,,60.58495,,,,A,,0,,1,
DATAFLOW,OECD.SDD.TPS:DSD_LFS@DF_IALFS_EMP_WAP_Q(1.0),,I,BEL,,EMP_WAP,,PT_WAP_SUB,,_Z,,Y,,_T,,Y15T64,,_Z,,Q,,2004-Q3,,60.1418,,,,A,,0,,1,
DATAFLOW,OECD.SDD.TPS:DSD_LFS@DF_IALFS_EMP_WAP_Q(1.0),,I,BEL,,EMP_WAP,,PT_WAP_SUB,,_Z,,Y,,_T,,Y15T64,,_Z,,Q,,2004-Q4,,60.51474,,,,A,,0,,1,
DATAFLOW,OECD.SDD.TPS:DSD_LFS@DF_IALFS_EMP_WAP_Q(1.0),,I,BEL,,EMP_WAP,,PT_WAP_SUB,,_Z,,Y,,_T,,Y15T64,,_Z,,Q,,2005-Q1,,61.20214,,,,A,,0,,1,
DATAFLOW,OECD.SDD.TPS:DSD_LFS@DF_IALFS_EMP_WAP_Q(1.0),,I,BEL,,EMP_WAP,,PT_WAP_SUB,,_Z,,Y,,_T,,Y15T64,,_Z,,Q,,2005-Q2,,61.13789,,,,A,,0,,1,
DATAFLOW,OECD.SDD.TPS:DSD_LFS@DF_IALFS_EMP_WAP_Q(1.0),,I,BEL,,EMP_WAP,,PT_WAP_SUB,,_Z,,Y,,_T,,Y15T64,,_Z,,Q,,2005-Q3,,61.00241,,,,A,,0,,1,
DATAFLOW,OECD.SDD.TPS:DSD_LFS@DF_IALFS_EMP_WAP_Q(1.0),,I,BEL,,EMP_WAP,,PT_WAP_SUB,,_Z,,Y,,_T,,Y15T64,,_Z,,Q,,2005-Q4,,60.95309,,,,A,,0,,1,
DATAFLOW,OECD.SDD.TPS:DSD_LFS@DF_IALFS_EMP_WAP_Q(1.0),,I,BEL,,EMP_WAP,,PT_WAP_SUB,,_Z,,Y,,_T,,Y15T64,,_Z,,Q,,2006-Q1,,60.52936,,,,A,,0,,1,
DATAFLOW,OECD.SDD.TPS:DSD_LFS@DF_IALFS_EMP_WAP_Q(1.0),,I,BEL,,EMP_WAP,,PT_WAP_SUB,,_Z,,Y,,_T,,Y15T64,,_Z,,Q,,2006-Q2,,60.60076,,,,A,,0,,1,
DATAFLOW,OECD.SDD.TPS:DSD_LFS@DF_IALFS_EMP_WAP_Q(1.0),,I,BEL,,EMP_WAP,,PT_WAP_SUB,,_Z,,Y,,_T,,Y15T64,,_Z,,Q,,2006-Q3,,61.02234,,,,A,,0,,1,
DATAFLOW,OECD.SDD.TPS:DSD_LFS@DF_IALFS_EMP_WAP_Q(1.0),,I,BEL,,EMP_WAP,,PT_WAP_SUB,,_Z,,Y,,_T,,Y15T64,,_Z,,Q,,2006-Q4,,61.78792,,,,A,,0,,1,
DATAFLOW,OECD.SDD.TPS:DSD_LFS@DF_IALFS_EMP_WAP_Q(1.0),,I,BEL,,EMP_WAP,,PT_WAP_SUB,,_Z,,Y,,_T,,Y15T64,,_Z,,Q,,2007-Q1,,61.82721,,,,A,,0,,1,
DATAFLOW,OECD.SDD.TPS:DSD_LFS@DF_IALFS_EMP_WAP_Q(1.0),,I,BEL,,EMP_WAP,,PT_WAP_SUB,,_Z,,Y,,_T,,Y15T64,,_Z,,Q,,2007-Q2,,61.79429,,,,A,,0,,1,
DATAFLOW,OECD.SDD.TPS:DSD_LFS@DF_IALFS_EMP_WAP_Q(1.0),,I,BEL,,EMP_WAP,,PT_WAP_SUB,,_Z,,Y,,_T,,Y15T64,,_Z,,Q,,2007-Q3,,62.02352,,,,A,,0,,1,
DATAFLOW,OECD.SDD.TPS:DSD_LFS@DF_IALFS_EMP_WAP_Q(1.0),,I,BEL,,EMP_WAP,,PT_WAP_SUB,,_Z,,Y,,_T,,Y15T64,,_Z,,Q,,2007-Q4,,62.53598,,,,A,,0,,1,
DATAFLOW,OECD.SDD.TPS:DSD_LFS@DF_IALFS_EMP_WAP_Q(1.0),,I,BEL,,EMP_WAP,,PT_WAP_SUB,,_Z,,Y,,_T,,Y15T64,,_Z,,Q,,2008-Q1,,62.72627,,,,A,,0,,1,
DATAFLOW,OECD.SDD.TPS:DSD_LFS@DF_IALFS_EMP_WAP_Q(1.0),,I,BEL,,EMP_WAP,,PT_WAP_SUB,,_Z,,Y,,_T,,Y15T64,,_Z,,Q,,2008-Q2,,62.27111,,,,A,,0,,1,
DATAFLOW,OECD.SDD.TPS:DSD_LFS@DF_IALFS_EMP_WAP_Q(1.0),,I,BEL,,EMP_WAP,,PT_WAP_SUB,,_Z,,Y,,_T,,Y15T64,,_Z,,Q,,2008-Q3,,62.43763,,,,A,,0,,1,
DATAFLOW,OECD.SDD.TPS:DSD_LFS@DF_IALFS_EMP_WAP_Q(1.0),,I,BEL,,EMP_WAP,,PT_WAP_SUB,,_Z,,Y,,_T,,Y15T64,,_Z,,Q,,2009-Q1,,61.93139,,,,A,,0,,1,
DATAFLOW,OECD.SDD.TPS:DSD_LFS@DF_IALFS_EMP_WAP_Q(1.0),,I,BEL,,EMP_WAP,,PT_WAP_SUB,,_Z,,Y,,_T,,Y15T64,,_Z,,Q,,2009-Q2,,61.6736,,,,A,,0,,1,
DATAFLOW,OECD.SDD.TPS:DSD_LFS@DF_IALFS_EMP_WAP_Q(1.0),,I,BEL,,EMP_WAP,,PT_WAP_SUB,,_Z,,Y,,_T,,Y15T64,,_Z,,Q,,2009-Q3,,61.21628,,,,A,,0,,1,
DATAFLOW,OECD.SDD.TPS:DSD_LFS@DF_IALFS_EMP_WAP_Q(1.0),,I,BEL,,EMP_WAP,,PT_WAP_SUB,,_Z,,Y,,_T,,Y15T64,,_Z,,Q,,2009-Q4,,61.5923,,,,A,,0,,1,
DATAFLOW,OECD.SDD.TPS:DSD_LFS@DF_IALFS_EMP_WAP_Q(1.0),,I,BEL,,EMP_WAP,,PT_WAP_SUB,,_Z,,Y,,_T,,Y15T64,,_Z,,Q,,2010-Q1,,62.08502,,,,A,,0,,1,
DATAFLOW,OECD.SDD.TPS:DSD_LFS@DF_IALFS_EMP_WAP_Q(1.0),,I,BEL,,EMP_WAP,,PT_WAP_SUB,,_Z,,Y,,_T,,Y15T64,,_Z,,Q,,2010-Q2,,61.63995,,,,A,,0,,1,
DATAFLOW,OECD.SDD.TPS:DSD_LFS@DF_IALFS_EMP_WAP_Q(1.0),,I,BEL,,EMP_WAP,,PT_WAP_SUB,,_Z,,Y,,_T,,Y15T64,,_Z,,Q,,2010-Q3,,61.77692,,,,A,,0,,1,
DATAFLOW,OECD.SDD.TPS:DSD_LFS@DF_IALFS_EMP_WAP_Q(1.0),,I,BEL,,EMP_WAP,,PT_WAP_SUB,,_Z,,Y,,_T,,Y15T64,,_Z,,Q,,2010-Q4,,62.54488,,,,A,,0,,1,
DATAFLOW,OECD.SDD.TPS:DSD_LFS@DF_IALFS_EMP_WAP_Q(1.0),,I,BEL,,EMP_WAP,,PT_WAP_SUB,,_Z,,Y,,_T,,Y15T64,,_Z,,Q,,2011-Q1,,61.50322,,,,A,,0,,1,
DATAFLOW,OECD.SDD.TPS:DSD_LFS@DF_IALFS_EMP_WAP_Q(1.0),,I,BEL,,EMP_WAP,,PT_WAP_SUB,,_Z,,Y,,_T,,Y15T64,,_Z,,Q,,2011-Q2,,62.63687,,,,A,,0,,1,
DATAFLOW,OECD.SDD.TPS:DSD_LFS@DF_IALFS_EMP_WAP_Q(1.0),,I,BEL,,EMP_WAP,,PT_WAP_SUB,,_Z,,Y,,_T,,Y15T64,,_Z,,Q,,2011-Q3,,61.49774,,,,A,,0,,1,
DATAFLOW,OECD.SDD.TPS:DSD_LFS@DF_IALFS_EMP_WAP_Q(1.0),,I,BEL,,EMP_WAP,,PT_WAP_SUB,,_Z,,Y,,_T,,Y15T64,,_Z,,Q,,2011-Q4,,62.04883,,,,A,,0,,1,
DATAFLOW,OECD.SDD.TPS:DSD_LFS@DF_IALFS_EMP_WAP_Q(1.0),,I,BEL,,EMP_WAP,,PT_WAP_SUB,,_Z,,Y,,_T,,Y15T64,,_Z,,Q,,2012-Q1,,61.7212,,,,A,,0,,1,
DATAFLOW,OECD.SDD.TPS:DSD_LFS@DF_IALFS_EMP_WAP_Q(1.0),,I,BEL,,EMP_WAP,,PT_WAP_SUB,,_Z,,Y,,_T,,Y15T64,,_Z,,Q,,2012-Q2,,61.94318,,,,A,,0,,1,
DATAFLOW,OECD.SDD.TPS:DSD_LFS@DF_IALFS_EMP_WAP_Q(1.0),,I,BEL,,EMP_WAP,,PT_WAP_SUB,,_Z,,Y,,_T,,Y15T64,,_Z,,Q,,2012-Q3,,61.92614,,,,A,,0,,1,
DATAFLOW,OECD.SDD.TPS:DSD_LFS@DF_IALFS_EMP_WAP_Q(1.0),,I,BEL,,EMP_WAP,,PT_WAP_SUB,,_Z,,Y,,_T,,Y15T64,,_Z,,Q,,2012-Q4,,61.8014,,,,A,,0,,1,
DATAFLOW,OECD.SDD.TPS:DSD_LFS@DF_IALFS_EMP_WAP_Q(1.0),,I,BEL,,EMP_WAP,,PT_WAP_SUB,,_Z,,Y,,_T,,Y15T64,,_Z,,Q,,2013-Q1,,61.53014,,,,A,,0,,1,
DATAFLOW,OECD.SDD.TPS:DSD_LFS@DF_IALFS_EMP_WAP_Q(1.0),,I,BEL,,EMP_WAP,,PT_WAP_SUB,,_Z,,Y,,_T,,Y15T64,,_Z,,Q,,2013-Q2,,62.10281,,,,A,,0,,1,
DATAFLOW,OECD.SDD.TPS:DSD_LFS@DF_IALFS_EMP_WAP_Q(1.0),,I,BEL,,EMP_WAP,,PT_WAP_SUB,,_Z,,Y,,_T,,Y15T64,,_Z,,Q,,2013-Q3,,62.10939,,,,A,,0,,1,
DATAFLOW,OECD.SDD.TPS:DSD_LFS@DF_IALFS_EMP_WAP_Q(1.0),,I,BEL,,EMP_WAP,,PT_WAP_SUB,,_Z,,Y,,_T,,Y15T64,,_Z,,Q,,2013-Q4,,61.45316,,,,A,,0,,1,
DATAFLOW,OECD.SDD.TPS:DSD_LFS@DF_IALFS_EMP_WAP_Q(1.0),,I,BEL,,EMP_WAP,,PT_WAP_SUB,,_Z,,Y,,_T,,Y15T64,,_Z,,Q,,2014-Q1,,61.7478,,,,A,,0,,1,
DATAFLOW,OECD.SDD.TPS:DSD_LFS@DF_IALFS_EMP_WAP_Q(1.0),,I,BEL,,EMP_WAP,,PT_WAP_SUB,,_Z,,Y,,_T,,Y15T64,,_Z,,Q,,2014-Q2,,62.08104,,,,A,,0,,1,
DATAFLOW,OECD.SDD.TPS:DSD_LFS@DF_IALFS_EMP_WAP_Q(1.0),,I,BEL,,EMP_WAP,,PT_WAP_SUB,,_Z,,Y,,_T,,Y15T64,,_Z,,Q,,2014-Q3,,61.81878,,,,A,,0,,1,
DATAFLOW,OECD.SDD.TPS:DSD_LFS@DF_IALFS_EMP_WAP_Q(1.0),,I,BEL,,EMP_WAP,,PT_WAP_SUB,,_Z,,Y,,_T,,Y15T64,,_Z,,Q,,2014-Q4,,61.95998,,,,A,,0,,1,
DATAFLOW,OECD.SDD.TPS:DSD_LFS@DF_IALFS_EMP_WAP_Q(1.0),,I,BEL,,EMP_WAP,,PT_WAP_SUB,,_Z,,Y,,_T,,Y15T64,,_Z,,Q,,2015-Q1,,62.15299,,,,A,,0,,1,
DATAFLOW,OECD.SDD.TPS:DSD_LFS@DF_IALFS_EMP_WAP_Q(1.0),,I,BEL,,EMP_WAP,,PT_WAP_SUB,,_Z,,Y,,_T,,Y15T64,,_Z,,Q,,2015-Q2,,61.55541,,,,A,,0,,1,
DATAFLOW,OECD.SDD.TPS:DSD_LFS@DF_IALFS_EMP_WAP_Q(1.0),,I,BEL,,EMP_WAP,,PT_WAP_SUB,,_Z,,Y,,_T,,Y15T64,,_Z,,Q,,2015-Q3,,61.87204,,,,A,,0,,1,
DATAFLOW,OECD.SDD.TPS:DSD_LFS@DF_IALFS_EMP_WAP_Q(1.0),,I,BEL,,EMP_WAP,,PT_WAP_SUB,,_Z,,Y,,_T,,Y15T64,,_Z,,Q,,2015-Q4,,61.60606,,,,A,,0,,1,
DATAFLOW,OECD.SDD.TPS:DSD_LFS@DF_IALFS_EMP_WAP_Q(1.0),,I,BEL,,EMP_WAP,,PT_WAP_SUB,,_Z,,Y,,_T,,Y15T64,,_Z,,Q,,2016-Q1,,61.84739,,,,A,,0,,1,
DATAFLOW,OECD.SDD.TPS:DSD_LFS@DF_IALFS_EMP_WAP_Q(1.0),,I,BEL,,EMP_WAP,,PT_WAP_SUB,,_Z,,Y,,_T,,Y15T64,,_Z,,Q,,2016-Q2,,62.13826,,,,A,,0,,1,
DATAFLOW,OECD.SDD.TPS:DSD_LFS@DF_IALFS_EMP_WAP_Q(1.0),,I,BEL,,EMP_WAP,,PT_WAP_SUB,,_Z,,Y,,_T,,Y15T64,,_Z,,Q,,2016-Q3,,61.95839,,,,A,,0,,1,
DATAFLOW,OECD.SDD.TPS:DSD_LFS@DF_IALFS_EMP_WAP_Q(1.0),,I,BEL,,EMP_WAP,,PT_WAP_SUB,,_Z,,Y,,_T,,Y15T64,,_Z,,Q,,2016-Q4,,63.22239,,,,A,,0,,1,
DATAFLOW,OECD.SDD.TPS:DSD_LFS@DF_IALFS_EMP_WAP_Q(1.0),,I,BEL,,EMP_WAP,,PT_WAP_SUB,,_Z,,Y,,_T,,Y15T64,,_Z,,Q,,2017-Q1,,62.43983,,,,A,,0,,1,
DATAFLOW,OECD.SDD.TPS:DSD_LFS@DF_IALFS_EMP_WAP_Q(1.0),,I,BEL,,EMP_WAP,,PT_WAP_SUB,,_Z,,Y,,_T,,Y15T64,,_Z,,Q,,2017-Q2,,63.05025,,,,A,,0,,1,
DATAFLOW,OECD.SDD.TPS:DSD_LFS@DF_IALFS_EMP_WAP_Q(1.0),,I,BEL,,EMP_WAP,,PT_WAP_SUB,,_Z,,Y,,_T,,Y15T64,,_Z,,Q,,2017-Q3,,63.17884,,,,A,,0,,1,
DATAFLOW,OECD.SDD.TPS:DSD_LFS@DF_IALFS_EMP_WAP_Q(1.0),,I,BEL,,EMP_WAP,,PT_WAP_SUB,,_Z,,Y,,_T,,Y15T64,,_Z,,Q,,2017-Q4,,63.8869,,,,A,,0,,1,
DATAFLOW,OECD.SDD.TPS:DSD_LFS@DF_IALFS_EMP_WAP_Q(1.0),,I,BEL,,EMP_WAP,,PT_WAP_SUB,,_Z,,Y,,_T,,Y15T64,,_Z,,Q,,2018-Q1,,64.12953,,,,A,,0,,1,
DATAFLOW,OECD.SDD.TPS:DSD_LFS@DF_IALFS_EMP_WAP_Q(1.0),,I,BEL,,EMP_WAP,,PT_WAP_SUB,,_Z,,Y,,_T,,Y15T64,,_Z,,Q,,2018-Q2,,63.94098,,,,A,,0,,1,
DATAFLOW,OECD.SDD.TPS:DSD_LFS@DF_IALFS_EMP_WAP_Q(1.0),,I,BEL,,EMP_WAP,,PT_WAP_SUB,,_Z,,Y,,_T,,Y15T64,,_Z,,Q,,2018-Q3,,64.82653,,,,A,,0,,1,
DATAFLOW,OECD.SDD.TPS:DSD_LFS@DF_IALFS_EMP_WAP_Q(1.0),,I,BEL,,EMP_WAP,,PT_WAP_SUB,,_Z,,Y,,_T,,Y15T64,,_Z,,Q,,2018-Q4,,64.98666,,,,A,,0,,1,
DATAFLOW,OECD.SDD.TPS:DSD_LFS@DF_IALFS_EMP_WAP_Q(1.0),,I,BEL,,EMP_WAP,,PT_WAP_SUB,,_Z,,Y,,_T,,Y15T64,,_Z,,Q,,2019-Q1,,64.744,,,,A,,0,,1,
DATAFLOW,OECD.SDD.TPS:DSD_LFS@DF_IALFS_EMP_WAP_Q(1.0),,I,BEL,,EMP_WAP,,PT_WAP_SUB,,_Z,,Y,,_T,,Y15T64,,_Z,,Q,,2019-Q2,,65.71057,,,,A,,0,,1,
DATAFLOW,OECD.SDD.TPS:DSD_LFS@DF_IALFS_EMP_WAP_Q(1.0),,I,BEL,,EMP_WAP,,PT_WAP_SUB,,_Z,,Y,,_T,,Y15T64,,_Z,,Q,,2019-Q3,,65.57361,,,,A,,0,,1,
DATAFLOW,OECD.SDD.TPS:DSD_LFS@DF_IALFS_EMP_WAP_Q(1.0),,I,BEL,,EMP_WAP,,PT_WAP_SUB,,_Z,,Y,,_T,,Y15T64,,_Z,,Q,,2019-Q4,,65.13662,,,,A,,0,,1,
DATAFLOW,OECD.SDD.TPS:DSD_LFS@DF_IALFS_EMP_WAP_Q(1.0),,I,BEL,,EMP_WAP,,PT_WAP_SUB,,_Z,,Y,,_T,,Y15T64,,_Z,,Q,,2020-Q1,,65.33693,,,,A,,0,,1,
DATAFLOW,OECD.SDD.TPS:DSD_LFS@DF_IALFS_EMP_WAP_Q(1.0),,I,BEL,,EMP_WAP,,PT_WAP_SUB,,_Z,,Y,,_T,,Y15T64,,_Z,,Q,,2020-Q2,,63.98773,,,,A,,0,,1,
DATAFLOW,OECD.SDD.TPS:DSD_LFS@DF_IALFS_EMP_WAP_Q(1.0),,I,BEL,,EMP_WAP,,PT_WAP_SUB,,_Z,,Y,,_T,,Y15T64,,_Z,,Q,,2020-Q3,,64.35303,,,,A,,0,,1,
DATAFLOW,OECD.SDD.TPS:DSD_LFS@DF_IALFS_EMP_WAP_Q(1.0),,I,BEL,,EMP_WAP,,PT_WAP_SUB,,_Z,,Y,,_T,,Y15T64,,_Z,,Q,,2020-Q4,,64.05997,,,,A,,0,,1,
DATAFLOW,OECD.SDD.TPS:DSD_LFS@DF_IALFS_EMP_WAP_Q(1.0),,I,BEL,,EMP_WAP,,PT_WAP_SUB,,_Z,,Y,,_T,,Y15T64,,_Z,,Q,,2021-Q1,,63.85244,,,,A,,0,,1,
DATAFLOW,OECD.SDD.TPS:DSD_LFS@DF_IALFS_EMP_WAP_Q(1.0),,I,BEL,,EMP_WAP,,PT_WAP_SUB,,_Z,,Y,,_T,,Y15T64,,_Z,,Q,,2021-Q2,,65.12377,,,,A,,0,,1,
DATAFLOW,OECD.SDD.TPS:DSD_LFS@DF_IALFS_EMP_WAP_Q(1.0),,I,BEL,,EMP_WAP,,PT_WAP_SUB,,_Z,,Y,,_T,,Y15T64,,_Z,,Q,,2021-Q3,,66.12699,,,,A,,0,,1,
DATAFLOW,OECD.SDD.TPS:DSD_LFS@DF_IALFS_EMP_WAP_Q(1.0),,I,BEL,,EMP_WAP,,PT_WAP_SUB,,_Z,,Y,,_T,,Y15T64,,_Z,,Q,,2021-Q4,,66.0081,,,,A,,0,,1,
DATAFLOW,OECD.SDD.TPS:DSD_LFS@DF_IALFS_EMP_WAP_Q(1.0),,I,BEL,,EMP_WAP,,PT_WAP_SUB,,_Z,,Y,,_T,,Y15T64,,_Z,,Q,,2022-Q1,,66.62666,,,,A,,0,,1,
DATAFLOW,OECD.SDD.TPS:DSD_LFS@DF_IALFS_EMP_WAP_Q(1.0),,I,BEL,,EMP_WAP,,PT_WAP_SUB,,_Z,,Y,,_T,,Y15T64,,_Z,,Q,,2022-Q2,,66.2106,,,,A,,0,,1,
DATAFLOW,OECD.SDD.TPS:DSD_LFS@DF_IALFS_EMP_WAP_Q(1.0),,I,BEL,,EMP_WAP,,PT_WAP_SUB,,_Z,,Y,,_T,,Y15T64,,_Z,,Q,,2022-Q3,,66.73437,,,,A,,0,,1,
DATAFLOW,OECD.SDD.TPS:DSD_LFS@DF_IALFS_EMP_WAP_Q(1.0),,I,BEL,,EMP_WAP,,PT_WAP_SUB,,_Z,,Y,,_T,,Y15T64,,_Z,,Q,,2022-Q4,,66.57156,,,,A,,0,,1,
DATAFLOW,OECD.SDD.TPS:DSD_LFS@DF_IALFS_EMP_WAP_Q(1.0),,I,BEL,,EMP_WAP,,PT_WAP_SUB,,_Z,,Y,,_T,,Y15T64,,_Z,,Q,,2023-Q1,,66.78436,,,,A,,0,,1,
DATAFLOW,OECD.SDD.TPS:DSD_LFS@DF_IALFS_EMP_WAP_Q(1.0),,I,BEL,,EMP_WAP,,PT_WAP_SUB,,_Z,,Y,,_T,,Y15T64,,_Z,,Q,,2023-Q2,,66.1884,,,,A,,0,,1,
DATAFLOW,OECD.SDD.TPS:DSD_LFS@DF_IALFS_EMP_WAP_Q(1.0),,I,BEL,,EMP_WAP,,PT_WAP_SUB,,_Z,,Y,,_T,,Y15T64,,_Z,,Q,,2023-Q3,,66.63824,,,,A,,0,,1,
DATAFLOW,OECD.SDD.TPS:DSD_LFS@DF_IALFS_EMP_WAP_Q(1.0),,I,BEL,,EMP_WAP,,PT_WAP_SUB,,_Z,,Y,,_T,,Y15T64,,_Z,,Q,,2023-Q4,,66.69518,,,,A,,0,,1,
DATAFLOW,OECD.SDD.TPS:DSD_LFS@DF_IALFS_EMP_WAP_Q(1.0),,I,BEL,,EMP_WAP,,PT_WAP_SUB,,_Z,,Y,,_T,,Y15T64,,_Z,,Q,,2024-Q1,,66.45617,,,,A,,0,,1,
DATAFLOW,OECD.SDD.TPS:DSD_LFS@DF_IALFS_EMP_WAP_Q(1.0),,I,BEL,,EMP_WAP,,PT_WAP_SUB,,_Z,,Y,,_T,,Y15T64,,_Z,,Q,,2024-Q2,,66.76624,,,,A,,0,,1,
DATAFLOW,OECD.SDD.TPS:DSD_LFS@DF_IALFS_EMP_WAP_Q(1.0),,I,BEL,,EMP_WAP,,PT_WAP_SUB,,_Z,,Y,,_T,,Y15T64,,_Z,,Q,,2024-Q3,,66.6774,,,,A,,0,,1,
DATAFLOW,OECD.SDD.TPS:DSD_LFS@DF_IALFS_EMP_WAP_Q(1.0),,I,BEL,,EMP_WAP,,PT_WAP_SUB,,_Z,,Y,,_T,,Y15T64,,_Z,,Q,,2024-Q4,,67.05193,,,,A,,0,,1,
DATAFLOW,OECD.SDD.TPS:DSD_LFS@DF_IALFS_EMP_WAP_Q(1.0),,I,BEL,,EMP_WAP,,PT_WAP_SUB,,_Z,,Y,,_T,,Y15T64,,_Z,,Q,,2025-Q1,,67.28238,,,,A,,0,,1,
DATAFLOW,OECD.SDD.TPS:DSD_LFS@DF_IALFS_EMP_WAP_Q(1.0),,I,BEL,,EMP_WAP,,PT_WAP_SUB,,_Z,,Y,,_T,,Y15T64,,_Z,,Q,,2025-Q2,,67.87619,,,,A,,0,,1,
DATAFLOW,OECD.SDD.TPS:DSD_LFS@DF_IALFS_EMP_WAP_Q(1.0),,I,BEL,,EMP_WAP,,PT_WAP_SUB,,_Z,,Y,,_T,,Y15T64,,_Z,,Q,,2025-Q3,,67.2649,,,,A,,0,,1,
DATAFLOW,OECD.SDD.TPS:DSD_LFS@DF_IALFS_EMP_WAP_Q(1.0),,I,BEL,,EMP_WAP,,PT_WAP_SUB,,_Z,,Y,,_T,,Y15T64,,_Z,,Q,,2025-Q4,,67.12679,,,,A,,0,,1,
DATAFLOW,OECD.SDD.TPS:DSD_LFS@DF_IALFS_EMP_WAP_Q(1.0),,I,BEL,,EMP_WAP,,PT_WAP_SUB,,_Z,,Y,,_T,,Y15T64,,_Z,,Q,,2026-Q1,,67.27311,,,,A,,0,,1,
DATAFLOW,OECD.SDD.TPS:DSD_LFS@DF_IALFS_EMP_WAP_Q(1.0),,I,HUN,,EMP_WAP,,PT_WAP_SUB,,_Z,,Y,,_T,,Y15T64,,_Z,,Q,,1999-Q1,,55.20819,,,,A,,0,,1,
DATAFLOW,OECD.SDD.TPS:DSD_LFS@DF_IALFS_EMP_WAP_Q(1.0),,I,HUN,,EMP_WAP,,PT_WAP_SUB,,_Z,,Y,,_T,,Y15T64,,_Z,,Q,,1999-Q2,,55.51739,,,,A,,0,,1,
DATAFLOW,OECD.SDD.TPS:DSD_LFS@DF_IALFS_EMP_WAP_Q(1.0),,I,HUN,,EMP_WAP,,PT_WAP_SUB,,_Z,,Y,,_T,,Y15T64,,_Z,,Q,,1999-Q3,,55.66936,,,,A,,0,,1,
DATAFLOW,OECD.SDD.TPS:DSD_LFS@DF_IALFS_EMP_WAP_Q(1.0),,I,HUN,,EMP_WAP,,PT_WAP_SUB,,_Z,,Y,,_T,,Y15T64,,_Z,,Q,,1999-Q4,,55.87065,,,,A,,0,,1,
DATAFLOW,OECD.SDD.TPS:DSD_LFS@DF_IALFS_EMP_WAP_Q(1.0),,I,HUN,,EMP_WAP,,PT_WAP_SUB,,_Z,,Y,,_T,,Y15T64,,_Z,,Q,,2000-Q1,,56.00743,,,,A,,0,,1,
DATAFLOW,OECD.SDD.TPS:DSD_LFS@DF_IALFS_EMP_WAP_Q(1.0),,I,HUN,,EMP_WAP,,PT_WAP_SUB,,_Z,,Y,,_T,,Y15T64,,_Z,,Q,,2000-Q2,,56.07438,,,,A,,0,,1,
DATAFLOW,OECD.SDD.TPS:DSD_LFS@DF_IALFS_EMP_WAP_Q(1.0),,I,HUN,,EMP_WAP,,PT_WAP_SUB,,_Z,,Y,,_T,,Y15T64,,_Z,,Q,,2000-Q3,,56.30701,,,,A,,0,,1,
DATAFLOW,OECD.SDD.TPS:DSD_LFS@DF_IALFS_EMP_WAP_Q(1.0),,I,HUN,,EMP_WAP,,PT_WAP_SUB,,_Z,,Y,,_T,,Y15T64,,_Z,,Q,,2000-Q4,,56.65417,,,,A,,0,,1,
DATAFLOW,OECD.SDD.TPS:DSD_LFS@DF_IALFS_EMP_WAP_Q(1.0),,I,HUN,,EMP_WAP,,PT_WAP_SUB,,_Z,,Y,,_T,,Y15T64,,_Z,,Q,,2001-Q1,,56.46556,,,,A,,0,,1,
DATAFLOW,OECD.SDD.TPS:DSD_LFS@DF_IALFS_EMP_WAP_Q(1.0),,I,HUN,,EMP_WAP,,PT_WAP_SUB,,_Z,,Y,,_T,,Y15T64,,_Z,,Q,,2001-Q2,,56.15623,,,,A,,0,,1,
DATAFLOW,OECD.SDD.TPS:DSD_LFS@DF_IALFS_EMP_WAP_Q(1.0),,I,HUN,,EMP_WAP,,PT_WAP_SUB,,_Z,,Y,,_T,,Y15T64,,_Z,,Q,,2001-Q3,,56.1875,,,,A,,0,,1,
DATAFLOW,OECD.SDD.TPS:DSD_LFS@DF_IALFS_EMP_WAP_Q(1.0),,I,HUN,,EMP_WAP,,PT_WAP_SUB,,_Z,,Y,,_T,,Y15T64,,_Z,,Q,,2001-Q4,,55.95285,,,,A,,0,,1,
DATAFLOW,OECD.SDD.TPS:DSD_LFS@DF_IALFS_EMP_WAP_Q(1.0),,I,HUN,,EMP_WAP,,PT_WAP_SUB,,_Z,,Y,,_T,,Y15T64,,_Z,,Q,,2002-Q1,,56.20013,,,,A,,0,,1,
DATAFLOW,OECD.SDD.TPS:DSD_LFS@DF_IALFS_EMP_WAP_Q(1.0),,I,HUN,,EMP_WAP,,PT_WAP_SUB,,_Z,,Y,,_T,,Y15T64,,_Z,,Q,,2002-Q2,,56.21382,,,,A,,0,,1,
DATAFLOW,OECD.SDD.TPS:DSD_LFS@DF_IALFS_EMP_WAP_Q(1.0),,I,HUN,,EMP_WAP,,PT_WAP_SUB,,_Z,,Y,,_T,,Y15T64,,_Z,,Q,,2002-Q3,,56.15952,,,,A,,0,,1,
DATAFLOW,OECD.SDD.TPS:DSD_LFS@DF_IALFS_EMP_WAP_Q(1.0),,I,HUN,,EMP_WAP,,PT_WAP_SUB,,_Z,,Y,,_T,,Y15T64,,_Z,,Q,,2002-Q4,,56.28788,,,,A,,0,,1,
DATAFLOW,OECD.SDD.TPS:DSD_LFS@DF_IALFS_EMP_WAP_Q(1.0),,I,HUN,,EMP_WAP,,PT_WAP_SUB,,_Z,,Y,,_T,,Y15T64,,_Z,,Q,,2003-Q1,,56.54531,,,,A,,0,,1,
DATAFLOW,OECD.SDD.TPS:DSD_LFS@DF_IALFS_EMP_WAP_Q(1.0),,I,HUN,,EMP_WAP,,PT_WAP_SUB,,_Z,,Y,,_T,,Y15T64,,_Z,,Q,,2003-Q2,,57.08412,,,,A,,0,,1,
DATAFLOW,OECD.SDD.TPS:DSD_LFS@DF_IALFS_EMP_WAP_Q(1.0),,I,HUN,,EMP_WAP,,PT_WAP_SUB,,_Z,,Y,,_T,,Y15T64,,_Z,,Q,,2003-Q3,,57.17626,,,,A,,0,,1,
DATAFLOW,OECD.SDD.TPS:DSD_LFS@DF_IALFS_EMP_WAP_Q(1.0),,I,HUN,,EMP_WAP,,PT_WAP_SUB,,_Z,,Y,,_T,,Y15T64,,_Z,,Q,,2003-Q4,,57.24734,,,,A,,0,,1,
DATAFLOW,OECD.SDD.TPS:DSD_LFS@DF_IALFS_EMP_WAP_Q(1.0),,I,HUN,,EMP_WAP,,PT_WAP_SUB,,_Z,,Y,,_T,,Y15T64,,_Z,,Q,,2004-Q1,,57.04515,,,,A,,0,,1,
DATAFLOW,OECD.SDD.TPS:DSD_LFS@DF_IALFS_EMP_WAP_Q(1.0),,I,HUN,,EMP_WAP,,PT_WAP_SUB,,_Z,,Y,,_T,,Y15T64,,_Z,,Q,,2004-Q2,,56.67309,,,,A,,0,,1,
DATAFLOW,OECD.SDD.TPS:DSD_LFS@DF_IALFS_EMP_WAP_Q(1.0),,I,HUN,,EMP_WAP,,PT_WAP_SUB,,_Z,,Y,,_T,,Y15T64,,_Z,,Q,,2004-Q3,,56.5415,,,,A,,0,,1,
DATAFLOW,OECD.SDD.TPS:DSD_LFS@DF_IALFS_EMP_WAP_Q(1.0),,I,HUN,,EMP_WAP,,PT_WAP_SUB,,_Z,,Y,,_T,,Y15T64,,_Z,,Q,,2004-Q4,,56.78144,,,,A,,0,,1,
DATAFLOW,OECD.SDD.TPS:DSD_LFS@DF_IALFS_EMP_WAP_Q(1.0),,I,HUN,,EMP_WAP,,PT_WAP_SUB,,_Z,,Y,,_T,,Y15T64,,_Z,,Q,,2005-Q1,,56.84849,,,,A,,0,,1,
DATAFLOW,OECD.SDD.TPS:DSD_LFS@DF_IALFS_EMP_WAP_Q(1.0),,I,HUN,,EMP_WAP,,PT_WAP_SUB,,_Z,,Y,,_T,,Y15T64,,_Z,,Q,,2005-Q2,,56.82535,,,,A,,0,,1,
DATAFLOW,OECD.SDD.TPS:DSD_LFS@DF_IALFS_EMP_WAP_Q(1.0),,I,HUN,,EMP_WAP,,PT_WAP_SUB,,_Z,,Y,,_T,,Y15T64,,_Z,,Q,,2005-Q3,,57.02572,,,,A,,0,,1,
DATAFLOW,OECD.SDD.TPS:DSD_LFS@DF_IALFS_EMP_WAP_Q(1.0),,I,HUN,,EMP_WAP,,PT_WAP_SUB,,_Z,,Y,,_T,,Y15T64,,_Z,,Q,,2005-Q4,,56.96516,,,,A,,0,,1,
DATAFLOW,OECD.SDD.TPS:DSD_LFS@DF_IALFS_EMP_WAP_Q(1.0),,I,HUN,,EMP_WAP,,PT_WAP_SUB,,_Z,,Y,,_T,,Y15T64,,_Z,,Q,,2006-Q1,,57.3451,,,,A,,0,,1,
DATAFLOW,OECD.SDD.TPS:DSD_LFS@DF_IALFS_EMP_WAP_Q(1.0),,I,HUN,,EMP_WAP,,PT_WAP_SUB,,_Z,,Y,,_T,,Y15T64,,_Z,,Q,,2006-Q2,,57.44542,,,,A,,0,,1,
DATAFLOW,OECD.SDD.TPS:DSD_LFS@DF_IALFS_EMP_WAP_Q(1.0),,I,HUN,,EMP_WAP,,PT_WAP_SUB,,_Z,,Y,,_T,,Y15T64,,_Z,,Q,,2006-Q3,,57.19133,,,,A,,0,,1,
DATAFLOW,OECD.SDD.TPS:DSD_LFS@DF_IALFS_EMP_WAP_Q(1.0),,I,HUN,,EMP_WAP,,PT_WAP_SUB,,_Z,,Y,,_T,,Y15T64,,_Z,,Q,,2006-Q4,,57.42239,,,,A,,0,,1,
DATAFLOW,OECD.SDD.TPS:DSD_LFS@DF_IALFS_EMP_WAP_Q(1.0),,I,HUN,,EMP_WAP,,PT_WAP_SUB,,_Z,,Y,,_T,,Y15T64,,_Z,,Q,,2007-Q1,,57.39531,,,,A,,0,,1,
DATAFLOW,OECD.SDD.TPS:DSD_LFS@DF_IALFS_EMP_WAP_Q(1.0),,I,HUN,,EMP_WAP,,PT_WAP_SUB,,_Z,,Y,,_T,,Y15T64,,_Z,,Q,,2007-Q2,,57.18367,,,,A,,0,,1,
DATAFLOW,OECD.SDD.TPS:DSD_LFS@DF_IALFS_EMP_WAP_Q(1.0),,I,HUN,,EMP_WAP,,PT_WAP_SUB,,_Z,,Y,,_T,,Y15T64,,_Z,,Q,,2007-Q3,,56.94158,,,,A,,0,,1,
DATAFLOW,OECD.SDD.TPS:DSD_LFS@DF_IALFS_EMP_WAP_Q(1.0),,I,HUN,,EMP_WAP,,PT_WAP_SUB,,_Z,,Y,,_T,,Y15T64,,_Z,,Q,,2007-Q4,,56.62767,,,,A,,0,,1,
DATAFLOW,OECD.SDD.TPS:DSD_LFS@DF_IALFS_EMP_WAP_Q(1.0),,I,HUN,,EMP_WAP,,PT_WAP_SUB,,_Z,,Y,,_T,,Y15T64,,_Z,,Q,,2008-Q1,,56.50154,,,,A,,0,,1,
DATAFLOW,OECD.SDD.TPS:DSD_LFS@DF_IALFS_EMP_WAP_Q(1.0),,I,HUN,,EMP_WAP,,PT_WAP_SUB,,_Z,,Y,,_T,,Y15T64,,_Z,,Q,,2008-Q2,,56.26581,,,,A,,0,,1,
DATAFLOW,OECD.SDD.TPS:DSD_LFS@DF_IALFS_EMP_WAP_Q(1.0),,I,HUN,,EMP_WAP,,PT_WAP_SUB,,_Z,,Y,,_T,,Y15T64,,_Z,,Q,,2008-Q3,,56.5273,,,,A,,0,,1,
DATAFLOW,OECD.SDD.TPS:DSD_LFS@DF_IALFS_EMP_WAP_Q(1.0),,I,HUN,,EMP_WAP,,PT_WAP_SUB,,_Z,,Y,,_T,,Y15T64,,_Z,,Q,,2009-Q1,,55.41042,,,,A,,0,,1,
DATAFLOW,OECD.SDD.TPS:DSD_LFS@DF_IALFS_EMP_WAP_Q(1.0),,I,HUN,,EMP_WAP,,PT_WAP_SUB,,_Z,,Y,,_T,,Y15T64,,_Z,,Q,,2009-Q2,,55.22398,,,,A,,0,,1,
DATAFLOW,OECD.SDD.TPS:DSD_LFS@DF_IALFS_EMP_WAP_Q(1.0),,I,HUN,,EMP_WAP,,PT_WAP_SUB,,_Z,,Y,,_T,,Y15T64,,_Z,,Q,,2009-Q3,,54.6725,,,,A,,0,,1,
DATAFLOW,OECD.SDD.TPS:DSD_LFS@DF_IALFS_EMP_WAP_Q(1.0),,I,HUN,,EMP_WAP,,PT_WAP_SUB,,_Z,,Y,,_T,,Y15T64,,_Z,,Q,,2009-Q4,,54.85847,,,,A,,0,,1,
DATAFLOW,OECD.SDD.TPS:DSD_LFS@DF_IALFS_EMP_WAP_Q(1.0),,I,HUN,,EMP_WAP,,PT_WAP_SUB,,_Z,,Y,,_T,,Y15T64,,_Z,,Q,,2010-Q1,,54.77301,,,,A,,0,,1,
DATAFLOW,OECD.SDD.TPS:DSD_LFS@DF_IALFS_EMP_WAP_Q(1.0),,I,HUN,,EMP_WAP,,PT_WAP_SUB,,_Z,,Y,,_T,,Y15T64,,_Z,,Q,,2010-Q2,,54.84165,,,,A,,0,,1,
DATAFLOW,OECD.SDD.TPS:DSD_LFS@DF_IALFS_EMP_WAP_Q(1.0),,I,HUN,,EMP_WAP,,PT_WAP_SUB,,_Z,,Y,,_T,,Y15T64,,_Z,,Q,,2010-Q3,,55.09917,,,,A,,0,,1,
DATAFLOW,OECD.SDD.TPS:DSD_LFS@DF_IALFS_EMP_WAP_Q(1.0),,I,HUN,,EMP_WAP,,PT_WAP_SUB,,_Z,,Y,,_T,,Y15T64,,_Z,,Q,,2010-Q4,,55.08164,,,,A,,0,,1,
DATAFLOW,OECD.SDD.TPS:DSD_LFS@DF_IALFS_EMP_WAP_Q(1.0),,I,HUN,,EMP_WAP,,PT_WAP_SUB,,_Z,,Y,,_T,,Y15T64,,_Z,,Q,,2011-Q1,,55.02571,,,,A,,0,,1,
DATAFLOW,OECD.SDD.TPS:DSD_LFS@DF_IALFS_EMP_WAP_Q(1.0),,I,HUN,,EMP_WAP,,PT_WAP_SUB,,_Z,,Y,,_T,,Y15T64,,_Z,,Q,,2011-Q2,,55.39285,,,,A,,0,,1,
DATAFLOW,OECD.SDD.TPS:DSD_LFS@DF_IALFS_EMP_WAP_Q(1.0),,I,HUN,,EMP_WAP,,PT_WAP_SUB,,_Z,,Y,,_T,,Y15T64,,_Z,,Q,,2011-Q3,,55.51683,,,,A,,0,,1,
DATAFLOW,OECD.SDD.TPS:DSD_LFS@DF_IALFS_EMP_WAP_Q(1.0),,I,HUN,,EMP_WAP,,PT_WAP_SUB,,_Z,,Y,,_T,,Y15T64,,_Z,,Q,,2011-Q4,,55.79525,,,,A,,0,,1,
DATAFLOW,OECD.SDD.TPS:DSD_LFS@DF_IALFS_EMP_WAP_Q(1.0),,I,HUN,,EMP_WAP,,PT_WAP_SUB,,_Z,,Y,,_T,,Y15T64,,_Z,,Q,,2012-Q1,,55.91693,,,,A,,0,,1,
DATAFLOW,OECD.SDD.TPS:DSD_LFS@DF_IALFS_EMP_WAP_Q(1.0),,I,HUN,,EMP_WAP,,PT_WAP_SUB,,_Z,,Y,,_T,,Y15T64,,_Z,,Q,,2012-Q2,,56.47734,,,,A,,0,,1,
DATAFLOW,OECD.SDD.TPS:DSD_LFS@DF_IALFS_EMP_WAP_Q(1.0),,I,HUN,,EMP_WAP,,PT_WAP_SUB,,_Z,,Y,,_T,,Y15T64,,_Z,,Q,,2012-Q3,,57.07249,,,,A,,0,,1,
DATAFLOW,OECD.SDD.TPS:DSD_LFS@DF_IALFS_EMP_WAP_Q(1.0),,I,HUN,,EMP_WAP,,PT_WAP_SUB,,_Z,,Y,,_T,,Y15T64,,_Z,,Q,,2012-Q4,,57.16953,,,,A,,0,,1,
DATAFLOW,OECD.SDD.TPS:DSD_LFS@DF_IALFS_EMP_WAP_Q(1.0),,I,HUN,,EMP_WAP,,PT_WAP_SUB,,_Z,,Y,,_T,,Y15T64,,_Z,,Q,,2013-Q1,,56.77782,,,,A,,0,,1,
DATAFLOW,OECD.SDD.TPS:DSD_LFS@DF_IALFS_EMP_WAP_Q(1.0),,I,HUN,,EMP_WAP,,PT_WAP_SUB,,_Z,,Y,,_T,,Y15T64,,_Z,,Q,,2013-Q2,,57.9473,,,,A,,0,,1,
DATAFLOW,OECD.SDD.TPS:DSD_LFS@DF_IALFS_EMP_WAP_Q(1.0),,I,HUN,,EMP_WAP,,PT_WAP_SUB,,_Z,,Y,,_T,,Y15T64,,_Z,,Q,,2013-Q3,,58.38384,,,,A,,0,,1,
DATAFLOW,OECD.SDD.TPS:DSD_LFS@DF_IALFS_EMP_WAP_Q(1.0),,I,HUN,,EMP_WAP,,PT_WAP_SUB,,_Z,,Y,,_T,,Y15T64,,_Z,,Q,,2013-Q4,,59.19354,,,,A,,0,,1,
DATAFLOW,OECD.SDD.TPS:DSD_LFS@DF_IALFS_EMP_WAP_Q(1.0),,I,HUN,,EMP_WAP,,PT_WAP_SUB,,_Z,,Y,,_T,,Y15T64,,_Z,,Q,,2014-Q1,,61.09782,,,,A,,0,,1,
DATAFLOW,OECD.SDD.TPS:DSD_LFS@DF_IALFS_EMP_WAP_Q(1.0),,I,HUN,,EMP_WAP,,PT_WAP_SUB,,_Z,,Y,,_T,,Y15T64,,_Z,,Q,,2014-Q2,,61.34019,,,,A,,0,,1,
DATAFLOW,OECD.SDD.TPS:DSD_LFS@DF_IALFS_EMP_WAP_Q(1.0),,I,HUN,,EMP_WAP,,PT_WAP_SUB,,_Z,,Y,,_T,,Y15T64,,_Z,,Q,,2014-Q3,,62.17931,,,,A,,0,,1,
DATAFLOW,OECD.SDD.TPS:DSD_LFS@DF_IALFS_EMP_WAP_Q(1.0),,I,HUN,,EMP_WAP,,PT_WAP_SUB,,_Z,,Y,,_T,,Y15T64,,_Z,,Q,,2014-Q4,,62.51408,,,,A,,0,,1,
DATAFLOW,OECD.SDD.TPS:DSD_LFS@DF_IALFS_EMP_WAP_Q(1.0),,I,HUN,,EMP_WAP,,PT_WAP_SUB,,_Z,,Y,,_T,,Y15T64,,_Z,,Q,,2015-Q1,,62.8752,,,,A,,0,,1,
DATAFLOW,OECD.SDD.TPS:DSD_LFS@DF_IALFS_EMP_WAP_Q(1.0),,I,HUN,,EMP_WAP,,PT_WAP_SUB,,_Z,,Y,,_T,,Y15T64,,_Z,,Q,,2015-Q2,,63.71901,,,,A,,0,,1,
DATAFLOW,OECD.SDD.TPS:DSD_LFS@DF_IALFS_EMP_WAP_Q(1.0),,I,HUN,,EMP_WAP,,PT_WAP_SUB,,_Z,,Y,,_T,,Y15T64,,_Z,,Q,,2015-Q3,,64.4021,,,,A,,0,,1,
DATAFLOW,OECD.SDD.TPS:DSD_LFS@DF_IALFS_EMP_WAP_Q(1.0),,I,HUN,,EMP_WAP,,PT_WAP_SUB,,_Z,,Y,,_T,,Y15T64,,_Z,,Q,,2015-Q4,,64.78772,,,,A,,0,,1,
DATAFLOW,OECD.SDD.TPS:DSD_LFS@DF_IALFS_EMP_WAP_Q(1.0),,I,HUN,,EMP_WAP,,PT_WAP_SUB,,_Z,,Y,,_T,,Y15T64,,_Z,,Q,,2016-Q1,,65.55463,,,,A,,0,,1,
DATAFLOW,OECD.SDD.TPS:DSD_LFS@DF_IALFS_EMP_WAP_Q(1.0),,I,HUN,,EMP_WAP,,PT_WAP_SUB,,_Z,,Y,,_T,,Y15T64,,_Z,,Q,,2016-Q2,,66.37605,,,,A,,0,,1,
DATAFLOW,OECD.SDD.TPS:DSD_LFS@DF_IALFS_EMP_WAP_Q(1.0),,I,HUN,,EMP_WAP,,PT_WAP_SUB,,_Z,,Y,,_T,,Y15T64,,_Z,,Q,,2016-Q3,,66.76743,,,,A,,0,,1,
DATAFLOW,OECD.SDD.TPS:DSD_LFS@DF_IALFS_EMP_WAP_Q(1.0),,I,HUN,,EMP_WAP,,PT_WAP_SUB,,_Z,,Y,,_T,,Y15T64,,_Z,,Q,,2016-Q4,,67.40547,,,,A,,0,,1,
DATAFLOW,OECD.SDD.TPS:DSD_LFS@DF_IALFS_EMP_WAP_Q(1.0),,I,HUN,,EMP_WAP,,PT_WAP_SUB,,_Z,,Y,,_T,,Y15T64,,_Z,,Q,,2017-Q1,,67.49393,,,,A,,0,,1,
DATAFLOW,OECD.SDD.TPS:DSD_LFS@DF_IALFS_EMP_WAP_Q(1.0),,I,HUN,,EMP_WAP,,PT_WAP_SUB,,_Z,,Y,,_T,,Y15T64,,_Z,,Q,,2017-Q2,,68.04664,,,,A,,0,,1,
DATAFLOW,OECD.SDD.TPS:DSD_LFS@DF_IALFS_EMP_WAP_Q(1.0),,I,HUN,,EMP_WAP,,PT_WAP_SUB,,_Z,,Y,,_T,,Y15T64,,_Z,,Q,,2017-Q3,,68.45605,,,,A,,0,,1,
DATAFLOW,OECD.SDD.TPS:DSD_LFS@DF_IALFS_EMP_WAP_Q(1.0),,I,HUN,,EMP_WAP,,PT_WAP_SUB,,_Z,,Y,,_T,,Y15T64,,_Z,,Q,,2017-Q4,,68.69982,,,,A,,0,,1,
DATAFLOW,OECD.SDD.TPS:DSD_LFS@DF_IALFS_EMP_WAP_Q(1.0),,I,HUN,,EMP_WAP,,PT_WAP_SUB,,_Z,,Y,,_T,,Y15T64,,_Z,,Q,,2018-Q1,,69.15491,,,,A,,0,,1,
DATAFLOW,OECD.SDD.TPS:DSD_LFS@DF_IALFS_EMP_WAP_Q(1.0),,I,HUN,,EMP_WAP,,PT_WAP_SUB,,_Z,,Y,,_T,,Y15T64,,_Z,,Q,,2018-Q2,,69.41695,,,,A,,0,,1,
DATAFLOW,OECD.SDD.TPS:DSD_LFS@DF_IALFS_EMP_WAP_Q(1.0),,I,HUN,,EMP_WAP,,PT_WAP_SUB,,_Z,,Y,,_T,,Y15T64,,_Z,,Q,,2018-Q3,,69.53009,,,,A,,0,,1,
DATAFLOW,OECD.SDD.TPS:DSD_LFS@DF_IALFS_EMP_WAP_Q(1.0),,I,HUN,,EMP_WAP,,PT_WAP_SUB,,_Z,,Y,,_T,,Y15T64,,_Z,,Q,,2018-Q4,,69.68813,,,,A,,0,,1,
DATAFLOW,OECD.SDD.TPS:DSD_LFS@DF_IALFS_EMP_WAP_Q(1.0),,I,HUN,,EMP_WAP,,PT_WAP_SUB,,_Z,,Y,,_T,,Y15T64,,_Z,,Q,,2019-Q1,,70.39851,,,,A,,0,,1,
DATAFLOW,OECD.SDD.TPS:DSD_LFS@DF_IALFS_EMP_WAP_Q(1.0),,I,HUN,,EMP_WAP,,PT_WAP_SUB,,_Z,,Y,,_T,,Y15T64,,_Z,,Q,,2019-Q2,,70.23205,,,,A,,0,,1,
DATAFLOW,OECD.SDD.TPS:DSD_LFS@DF_IALFS_EMP_WAP_Q(1.0),,I,HUN,,EMP_WAP,,PT_WAP_SUB,,_Z,,Y,,_T,,Y15T64,,_Z,,Q,,2019-Q3,,70.22093,,,,A,,0,,1,
DATAFLOW,OECD.SDD.TPS:DSD_LFS@DF_IALFS_EMP_WAP_Q(1.0),,I,HUN,,EMP_WAP,,PT_WAP_SUB,,_Z,,Y,,_T,,Y15T64,,_Z,,Q,,2019-Q4,,70.4314,,,,A,,0,,1,
DATAFLOW,OECD.SDD.TPS:DSD_LFS@DF_IALFS_EMP_WAP_Q(1.0),,I,HUN,,EMP_WAP,,PT_WAP_SUB,,_Z,,Y,,_T,,Y15T64,,_Z,,Q,,2020-Q1,,70.20206,,,,A,,0,,1,
DATAFLOW,OECD.SDD.TPS:DSD_LFS@DF_IALFS_EMP_WAP_Q(1.0),,I,HUN,,EMP_WAP,,PT_WAP_SUB,,_Z,,Y,,_T,,Y15T64,,_Z,,Q,,2020-Q2,,68.90449,,,,A,,0,,1,
DATAFLOW,OECD.SDD.TPS:DSD_LFS@DF_IALFS_EMP_WAP_Q(1.0),,I,HUN,,EMP_WAP,,PT_WAP_SUB,,_Z,,Y,,_T,,Y15T64,,_Z,,Q,,2020-Q3,,70.09512,,,,A,,0,,1,
DATAFLOW,OECD.SDD.TPS:DSD_LFS@DF_IALFS_EMP_WAP_Q(1.0),,I,HUN,,EMP_WAP,,PT_WAP_SUB,,_Z,,Y,,_T,,Y15T64,,_Z,,Q,,2020-Q4,,70.33361,,,,A,,0,,1,
DATAFLOW,OECD.SDD.TPS:DSD_LFS@DF_IALFS_EMP_WAP_Q(1.0),,I,HUN,,EMP_WAP,,PT_WAP_SUB,,_Z,,Y,,_T,,Y15T64,,_Z,,Q,,2021-Q1,,72.32705,,,,A,,0,,1,
DATAFLOW,OECD.SDD.TPS:DSD_LFS@DF_IALFS_EMP_WAP_Q(1.0),,I,HUN,,EMP_WAP,,PT_WAP_SUB,,_Z,,Y,,_T,,Y15T64,,_Z,,Q,,2021-Q2,,73.062,,,,A,,0,,1,
DATAFLOW,OECD.SDD.TPS:DSD_LFS@DF_IALFS_EMP_WAP_Q(1.0),,I,HUN,,EMP_WAP,,PT_WAP_SUB,,_Z,,Y,,_T,,Y15T64,,_Z,,Q,,2021-Q3,,73.49171,,,,A,,0,,1,
DATAFLOW,OECD.SDD.TPS:DSD_LFS@DF_IALFS_EMP_WAP_Q(1.0),,I,HUN,,EMP_WAP,,PT_WAP_SUB,,_Z,,Y,,_T,,Y15T64,,_Z,,Q,,2021-Q4,,74.14256,,,,A,,0,,1,
DATAFLOW,OECD.SDD.TPS:DSD_LFS@DF_IALFS_EMP_WAP_Q(1.0),,I,HUN,,EMP_WAP,,PT_WAP_SUB,,_Z,,Y,,_T,,Y15T64,,_Z,,Q,,2022-Q1,,74.45153,,,,A,,0,,1,
DATAFLOW,OECD.SDD.TPS:DSD_LFS@DF_IALFS_EMP_WAP_Q(1.0),,I,HUN,,EMP_WAP,,PT_WAP_SUB,,_Z,,Y,,_T,,Y15T64,,_Z,,Q,,2022-Q2,,74.45885,,,,A,,0,,1,
DATAFLOW,OECD.SDD.TPS:DSD_LFS@DF_IALFS_EMP_WAP_Q(1.0),,I,HUN,,EMP_WAP,,PT_WAP_SUB,,_Z,,Y,,_T,,Y15T64,,_Z,,Q,,2022-Q3,,74.47616,,,,A,,0,,1,
DATAFLOW,OECD.SDD.TPS:DSD_LFS@DF_IALFS_EMP_WAP_Q(1.0),,I,HUN,,EMP_WAP,,PT_WAP_SUB,,_Z,,Y,,_T,,Y15T64,,_Z,,Q,,2022-Q4,,74.59322,,,,A,,0,,1,
DATAFLOW,OECD.SDD.TPS:DSD_LFS@DF_IALFS_EMP_WAP_Q(1.0),,I,HUN,,EMP_WAP,,PT_WAP_SUB,,_Z,,Y,,_T,,Y15T64,,_Z,,Q,,2023-Q1,,74.686,,,,A,,0,,1,
DATAFLOW,OECD.SDD.TPS:DSD_LFS@DF_IALFS_EMP_WAP_Q(1.0),,I,HUN,,EMP_WAP,,PT_WAP_SUB,,_Z,,Y,,_T,,Y15T64,,_Z,,Q,,2023-Q2,,74.90971,,,,A,,0,,1,
DATAFLOW,OECD.SDD.TPS:DSD_LFS@DF_IALFS_EMP_WAP_Q(1.0),,I,HUN,,EMP_WAP,,PT_WAP_SUB,,_Z,,Y,,_T,,Y15T64,,_Z,,Q,,2023-Q3,,74.90124,,,,A,,0,,1,
DATAFLOW,OECD.SDD.TPS:DSD_LFS@DF_IALFS_EMP_WAP_Q(1.0),,I,HUN,,EMP_WAP,,PT_WAP_SUB,,_Z,,Y,,_T,,Y15T64,,_Z,,Q,,2023-Q4,,75.14584,,,,A,,0,,1,
DATAFLOW,OECD.SDD.TPS:DSD_LFS@DF_IALFS_EMP_WAP_Q(1.0),,I,HUN,,EMP_WAP,,PT_WAP_SUB,,_Z,,Y,,_T,,Y15T64,,_Z,,Q,,2024-Q1,,75.00664,,,,A,,0,,1,
DATAFLOW,OECD.SDD.TPS:DSD_LFS@DF_IALFS_EMP_WAP_Q(1.0),,I,HUN,,EMP_WAP,,PT_WAP_SUB,,_Z,,Y,,_T,,Y15T64,,_Z,,Q,,2024-Q2,,75.19544,,,,A,,0,,1,
DATAFLOW,OECD.SDD.TPS:DSD_LFS@DF_IALFS_EMP_WAP_Q(1.0),,I,HUN,,EMP_WAP,,PT_WAP_SUB,,_Z,,Y,,_T,,Y15T64,,_Z,,Q,,2024-Q3,,75.06568,,,,A,,0,,1,
DATAFLOW,OECD.SDD.TPS:DSD_LFS@DF_IALFS_EMP_WAP_Q(1.0),,I,HUN,,EMP_WAP,,PT_WAP_SUB,,_Z,,Y,,_T,,Y15T64,,_Z,,Q,,2024-Q4,,75.04649,,,,A,,0,,1,
DATAFLOW,OECD.SDD.TPS:DSD_LFS@DF_IALFS_EMP_WAP_Q(1.0),,I,HUN,,EMP_WAP,,PT_WAP_SUB,,_Z,,Y,,_T,,Y15T64,,_Z,,Q,,2025-Q1,,75.40321,,,,A,,0,,1,
DATAFLOW,OECD.SDD.TPS:DSD_LFS@DF_IALFS_EMP_WAP_Q(1.0),,I,HUN,,EMP_WAP,,PT_WAP_SUB,,_Z,,Y,,_T,,Y15T64,,_Z,,Q,,2025-Q2,,74.99836,,,,A,,0,,1,
DATAFLOW,OECD.SDD.TPS:DSD_LFS@DF_IALFS_EMP_WAP_Q(1.0),,I,HUN,,EMP_WAP,,PT_WAP_SUB,,_Z,,Y,,_T,,Y15T64,,_Z,,Q,,2025-Q3,,75.13343,,,,A,,0,,1,
DATAFLOW,OECD.SDD.TPS:DSD_LFS@DF_IALFS_EMP_WAP_Q(1.0),,I,HUN,,EMP_WAP,,PT_WAP_SUB,,_Z,,Y,,_T,,Y15T64,,_Z,,Q,,2025-Q4,,74.81865,,,,A,,0,,1,
DATAFLOW,OECD.SDD.TPS:DSD_LFS@DF_IALFS_EMP_WAP_Q(1.0),,I,HUN,,EMP_WAP,,PT_WAP_SUB,,_Z,,Y,,_T,,Y15T64,,_Z,,Q,,2026-Q1,,74.99785,,,,A,,0,,1,
DATAFLOW,OECD.SDD.TPS:DSD_LFS@DF_IALFS_EMP_WAP_Q(1.0),,I,SVK,,EMP_WAP,,PT_WAP_SUB,,_Z,,Y,,_T,,Y15T64,,_Z,,Q,,1999-Q1,,59.08059,,,,A,,0,,1,
DATAFLOW,OECD.SDD.TPS:DSD_LFS@DF_IALFS_EMP_WAP_Q(1.0),,I,SVK,,EMP_WAP,,PT_WAP_SUB,,_Z,,Y,,_T,,Y15T64,,_Z,,Q,,1999-Q2,,58.30381,,,,A,,0,,1,
DATAFLOW,OECD.SDD.TPS:DSD_LFS@DF_IALFS_EMP_WAP_Q(1.0),,I,SVK,,EMP_WAP,,PT_WAP_SUB,,_Z,,Y,,_T,,Y15T64,,_Z,,Q,,1999-Q3,,57.81701,,,,A,,0,,1,
DATAFLOW,OECD.SDD.TPS:DSD_LFS@DF_IALFS_EMP_WAP_Q(1.0),,I,SVK,,EMP_WAP,,PT_WAP_SUB,,_Z,,Y,,_T,,Y15T64,,_Z,,Q,,1999-Q4,,57.27406,,,,A,,0,,1,
DATAFLOW,OECD.SDD.TPS:DSD_LFS@DF_IALFS_EMP_WAP_Q(1.0),,I,SVK,,EMP_WAP,,PT_WAP_SUB,,_Z,,Y,,_T,,Y15T64,,_Z,,Q,,2000-Q1,,56.97126,,,,A,,0,,1,
DATAFLOW,OECD.SDD.TPS:DSD_LFS@DF_IALFS_EMP_WAP_Q(1.0),,I,SVK,,EMP_WAP,,PT_WAP_SUB,,_Z,,Y,,_T,,Y15T64,,_Z,,Q,,2000-Q2,,56.60039,,,,A,,0,,1,
DATAFLOW,OECD.SDD.TPS:DSD_LFS@DF_IALFS_EMP_WAP_Q(1.0),,I,SVK,,EMP_WAP,,PT_WAP_SUB,,_Z,,Y,,_T,,Y15T64,,_Z,,Q,,2000-Q3,,56.67196,,,,A,,0,,1,
DATAFLOW,OECD.SDD.TPS:DSD_LFS@DF_IALFS_EMP_WAP_Q(1.0),,I,SVK,,EMP_WAP,,PT_WAP_SUB,,_Z,,Y,,_T,,Y15T64,,_Z,,Q,,2000-Q4,,56.7969,,,,A,,0,,1,
DATAFLOW,OECD.SDD.TPS:DSD_LFS@DF_IALFS_EMP_WAP_Q(1.0),,I,SVK,,EMP_WAP,,PT_WAP_SUB,,_Z,,Y,,_T,,Y15T64,,_Z,,Q,,2001-Q1,,56.72049,,,,A,,0,,1,
DATAFLOW,OECD.SDD.TPS:DSD_LFS@DF_IALFS_EMP_WAP_Q(1.0),,I,SVK,,EMP_WAP,,PT_WAP_SUB,,_Z,,Y,,_T,,Y15T64,,_Z,,Q,,2001-Q2,,56.96682,,,,A,,0,,1,
DATAFLOW,OECD.SDD.TPS:DSD_LFS@DF_IALFS_EMP_WAP_Q(1.0),,I,SVK,,EMP_WAP,,PT_WAP_SUB,,_Z,,Y,,_T,,Y15T64,,_Z,,Q,,2001-Q3,,56.85981,,,,A,,0,,1,
DATAFLOW,OECD.SDD.TPS:DSD_LFS@DF_IALFS_EMP_WAP_Q(1.0),,I,SVK,,EMP_WAP,,PT_WAP_SUB,,_Z,,Y,,_T,,Y15T64,,_Z,,Q,,2001-Q4,,56.7561,,,,A,,0,,1,
DATAFLOW,OECD.SDD.TPS:DSD_LFS@DF_IALFS_EMP_WAP_Q(1.0),,I,SVK,,EMP_WAP,,PT_WAP_SUB,,_Z,,Y,,_T,,Y15T64,,_Z,,Q,,2002-Q1,,56.72777,,,,A,,0,,1,
DATAFLOW,OECD.SDD.TPS:DSD_LFS@DF_IALFS_EMP_WAP_Q(1.0),,I,SVK,,EMP_WAP,,PT_WAP_SUB,,_Z,,Y,,_T,,Y15T64,,_Z,,Q,,2002-Q2,,56.58161,,,,A,,0,,1,
DATAFLOW,OECD.SDD.TPS:DSD_LFS@DF_IALFS_EMP_WAP_Q(1.0),,I,SVK,,EMP_WAP,,PT_WAP_SUB,,_Z,,Y,,_T,,Y15T64,,_Z,,Q,,2002-Q3,,56.77299,,,,A,,0,,1,
DATAFLOW,OECD.SDD.TPS:DSD_LFS@DF_IALFS_EMP_WAP_Q(1.0),,I,SVK,,EMP_WAP,,PT_WAP_SUB,,_Z,,Y,,_T,,Y15T64,,_Z,,Q,,2002-Q4,,57.1622,,,,A,,0,,1,
DATAFLOW,OECD.SDD.TPS:DSD_LFS@DF_IALFS_EMP_WAP_Q(1.0),,I,SVK,,EMP_WAP,,PT_WAP_SUB,,_Z,,Y,,_T,,Y15T64,,_Z,,Q,,2003-Q1,,57.55635,,,,A,,0,,1,
DATAFLOW,OECD.SDD.TPS:DSD_LFS@DF_IALFS_EMP_WAP_Q(1.0),,I,SVK,,EMP_WAP,,PT_WAP_SUB,,_Z,,Y,,_T,,Y15T64,,_Z,,Q,,2003-Q2,,57.94778,,,,A,,0,,1,
DATAFLOW,OECD.SDD.TPS:DSD_LFS@DF_IALFS_EMP_WAP_Q(1.0),,I,SVK,,EMP_WAP,,PT_WAP_SUB,,_Z,,Y,,_T,,Y15T64,,_Z,,Q,,2003-Q3,,57.83381,,,,A,,0,,1,
DATAFLOW,OECD.SDD.TPS:DSD_LFS@DF_IALFS_EMP_WAP_Q(1.0),,I,SVK,,EMP_WAP,,PT_WAP_SUB,,_Z,,Y,,_T,,Y15T64,,_Z,,Q,,2003-Q4,,57.5051,,,,A,,0,,1,
DATAFLOW,OECD.SDD.TPS:DSD_LFS@DF_IALFS_EMP_WAP_Q(1.0),,I,SVK,,EMP_WAP,,PT_WAP_SUB,,_Z,,Y,,_T,,Y15T64,,_Z,,Q,,2004-Q1,,56.85486,,,,A,,0,,1,
DATAFLOW,OECD.SDD.TPS:DSD_LFS@DF_IALFS_EMP_WAP_Q(1.0),,I,SVK,,EMP_WAP,,PT_WAP_SUB,,_Z,,Y,,_T,,Y15T64,,_Z,,Q,,2004-Q2,,56.88708,,,,A,,0,,1,
DATAFLOW,OECD.SDD.TPS:DSD_LFS@DF_IALFS_EMP_WAP_Q(1.0),,I,SVK,,EMP_WAP,,PT_WAP_SUB,,_Z,,Y,,_T,,Y15T64,,_Z,,Q,,2004-Q3,,57.072,,,,A,,0,,1,
DATAFLOW,OECD.SDD.TPS:DSD_LFS@DF_IALFS_EMP_WAP_Q(1.0),,I,SVK,,EMP_WAP,,PT_WAP_SUB,,_Z,,Y,,_T,,Y15T64,,_Z,,Q,,2004-Q4,,57.07287,,,,A,,0,,1,
DATAFLOW,OECD.SDD.TPS:DSD_LFS@DF_IALFS_EMP_WAP_Q(1.0),,I,SVK,,EMP_WAP,,PT_WAP_SUB,,_Z,,Y,,_T,,Y15T64,,_Z,,Q,,2005-Q1,,57.38262,,,,A,,0,,1,
DATAFLOW,OECD.SDD.TPS:DSD_LFS@DF_IALFS_EMP_WAP_Q(1.0),,I,SVK,,EMP_WAP,,PT_WAP_SUB,,_Z,,Y,,_T,,Y15T64,,_Z,,Q,,2005-Q2,,57.50358,,,,A,,0,,1,
DATAFLOW,OECD.SDD.TPS:DSD_LFS@DF_IALFS_EMP_WAP_Q(1.0),,I,SVK,,EMP_WAP,,PT_WAP_SUB,,_Z,,Y,,_T,,Y15T64,,_Z,,Q,,2005-Q3,,57.70213,,,,A,,0,,1,
DATAFLOW,OECD.SDD.TPS:DSD_LFS@DF_IALFS_EMP_WAP_Q(1.0),,I,SVK,,EMP_WAP,,PT_WAP_SUB,,_Z,,Y,,_T,,Y15T64,,_Z,,Q,,2005-Q4,,58.26858,,,,A,,0,,1,
DATAFLOW,OECD.SDD.TPS:DSD_LFS@DF_IALFS_EMP_WAP_Q(1.0),,I,SVK,,EMP_WAP,,PT_WAP_SUB,,_Z,,Y,,_T,,Y15T64,,_Z,,Q,,2006-Q1,,58.70778,,,,A,,0,,1,
DATAFLOW,OECD.SDD.TPS:DSD_LFS@DF_IALFS_EMP_WAP_Q(1.0),,I,SVK,,EMP_WAP,,PT_WAP_SUB,,_Z,,Y,,_T,,Y15T64,,_Z,,Q,,2006-Q2,,59.33108,,,,A,,0,,1,
DATAFLOW,OECD.SDD.TPS:DSD_LFS@DF_IALFS_EMP_WAP_Q(1.0),,I,SVK,,EMP_WAP,,PT_WAP_SUB,,_Z,,Y,,_T,,Y15T64,,_Z,,Q,,2006-Q3,,59.73254,,,,A,,0,,1,
DATAFLOW,OECD.SDD.TPS:DSD_LFS@DF_IALFS_EMP_WAP_Q(1.0),,I,SVK,,EMP_WAP,,PT_WAP_SUB,,_Z,,Y,,_T,,Y15T64,,_Z,,Q,,2006-Q4,,59.95398,,,,A,,0,,1,
DATAFLOW,OECD.SDD.TPS:DSD_LFS@DF_IALFS_EMP_WAP_Q(1.0),,I,SVK,,EMP_WAP,,PT_WAP_SUB,,_Z,,Y,,_T,,Y15T64,,_Z,,Q,,2007-Q1,,60.34769,,,,A,,0,,1,
DATAFLOW,OECD.SDD.TPS:DSD_LFS@DF_IALFS_EMP_WAP_Q(1.0),,I,SVK,,EMP_WAP,,PT_WAP_SUB,,_Z,,Y,,_T,,Y15T64,,_Z,,Q,,2007-Q2,,60.4796,,,,A,,0,,1,
DATAFLOW,OECD.SDD.TPS:DSD_LFS@DF_IALFS_EMP_WAP_Q(1.0),,I,SVK,,EMP_WAP,,PT_WAP_SUB,,_Z,,Y,,_T,,Y15T64,,_Z,,Q,,2007-Q3,,60.64641,,,,A,,0,,1,
DATAFLOW,OECD.SDD.TPS:DSD_LFS@DF_IALFS_EMP_WAP_Q(1.0),,I,SVK,,EMP_WAP,,PT_WAP_SUB,,_Z,,Y,,_T,,Y15T64,,_Z,,Q,,2007-Q4,,61.27518,,,,A,,0,,1,
DATAFLOW,OECD.SDD.TPS:DSD_LFS@DF_IALFS_EMP_WAP_Q(1.0),,I,SVK,,EMP_WAP,,PT_WAP_SUB,,_Z,,Y,,_T,,Y15T64,,_Z,,Q,,2008-Q1,,61.64273,,,,A,,0,,1,
DATAFLOW,OECD.SDD.TPS:DSD_LFS@DF_IALFS_EMP_WAP_Q(1.0),,I,SVK,,EMP_WAP,,PT_WAP_SUB,,_Z,,Y,,_T,,Y15T64,,_Z,,Q,,2008-Q2,,61.84643,,,,A,,0,,1,
DATAFLOW,OECD.SDD.TPS:DSD_LFS@DF_IALFS_EMP_WAP_Q(1.0),,I,SVK,,EMP_WAP,,PT_WAP_SUB,,_Z,,Y,,_T,,Y15T64,,_Z,,Q,,2008-Q3,,62.88668,,,,A,,0,,1,
DATAFLOW,OECD.SDD.TPS:DSD_LFS@DF_IALFS_EMP_WAP_Q(1.0),,I,SVK,,EMP_WAP,,PT_WAP_SUB,,_Z,,Y,,_T,,Y15T64,,_Z,,Q,,2009-Q1,,63.02515,,,,A,,0,,1,
DATAFLOW,OECD.SDD.TPS:DSD_LFS@DF_IALFS_EMP_WAP_Q(1.0),,I,SVK,,EMP_WAP,,PT_WAP_SUB,,_Z,,Y,,_T,,Y15T64,,_Z,,Q,,2009-Q2,,62.1836,,,,A,,0,,1,
DATAFLOW,OECD.SDD.TPS:DSD_LFS@DF_IALFS_EMP_WAP_Q(1.0),,I,SVK,,EMP_WAP,,PT_WAP_SUB,,_Z,,Y,,_T,,Y15T64,,_Z,,Q,,2009-Q3,,61.44462,,,,A,,0,,1,
DATAFLOW,OECD.SDD.TPS:DSD_LFS@DF_IALFS_EMP_WAP_Q(1.0),,I,SVK,,EMP_WAP,,PT_WAP_SUB,,_Z,,Y,,_T,,Y15T64,,_Z,,Q,,2009-Q4,,60.64978,,,,A,,0,,1,
DATAFLOW,OECD.SDD.TPS:DSD_LFS@DF_IALFS_EMP_WAP_Q(1.0),,I,SVK,,EMP_WAP,,PT_WAP_SUB,,_Z,,Y,,_T,,Y15T64,,_Z,,Q,,2010-Q1,,60.08656,,,,A,,0,,1,
DATAFLOW,OECD.SDD.TPS:DSD_LFS@DF_IALFS_EMP_WAP_Q(1.0),,I,SVK,,EMP_WAP,,PT_WAP_SUB,,_Z,,Y,,_T,,Y15T64,,_Z,,Q,,2010-Q2,,60.32132,,,,A,,0,,1,
DATAFLOW,OECD.SDD.TPS:DSD_LFS@DF_IALFS_EMP_WAP_Q(1.0),,I,SVK,,EMP_WAP,,PT_WAP_SUB,,_Z,,Y,,_T,,Y15T64,,_Z,,Q,,2010-Q3,,60.48103,,,,A,,0,,1,
DATAFLOW,OECD.SDD.TPS:DSD_LFS@DF_IALFS_EMP_WAP_Q(1.0),,I,SVK,,EMP_WAP,,PT_WAP_SUB,,_Z,,Y,,_T,,Y15T64,,_Z,,Q,,2010-Q4,,60.79603,,,,A,,0,,1,
DATAFLOW,OECD.SDD.TPS:DSD_LFS@DF_IALFS_EMP_WAP_Q(1.0),,I,SVK,,EMP_WAP,,PT_WAP_SUB,,_Z,,Y,,_T,,Y15T64,,_Z,,Q,,2011-Q1,,60.77141,,,,A,,0,,1,
DATAFLOW,OECD.SDD.TPS:DSD_LFS@DF_IALFS_EMP_WAP_Q(1.0),,I,SVK,,EMP_WAP,,PT_WAP_SUB,,_Z,,Y,,_T,,Y15T64,,_Z,,Q,,2011-Q2,,61.11378,,,,A,,0,,1,
DATAFLOW,OECD.SDD.TPS:DSD_LFS@DF_IALFS_EMP_WAP_Q(1.0),,I,SVK,,EMP_WAP,,PT_WAP_SUB,,_Z,,Y,,_T,,Y15T64,,_Z,,Q,,2011-Q3,,61.09874,,,,A,,0,,1,
DATAFLOW,OECD.SDD.TPS:DSD_LFS@DF_IALFS_EMP_WAP_Q(1.0),,I,SVK,,EMP_WAP,,PT_WAP_SUB,,_Z,,Y,,_T,,Y15T64,,_Z,,Q,,2011-Q4,,60.99432,,,,A,,0,,1,
DATAFLOW,OECD.SDD.TPS:DSD_LFS@DF_IALFS_EMP_WAP_Q(1.0),,I,SVK,,EMP_WAP,,PT_WAP_SUB,,_Z,,Y,,_T,,Y15T64,,_Z,,Q,,2012-Q1,,61.34606,,,,A,,0,,1,
DATAFLOW,OECD.SDD.TPS:DSD_LFS@DF_IALFS_EMP_WAP_Q(1.0),,I,SVK,,EMP_WAP,,PT_WAP_SUB,,_Z,,Y,,_T,,Y15T64,,_Z,,Q,,2012-Q2,,61.43135,,,,A,,0,,1,
DATAFLOW,OECD.SDD.TPS:DSD_LFS@DF_IALFS_EMP_WAP_Q(1.0),,I,SVK,,EMP_WAP,,PT_WAP_SUB,,_Z,,Y,,_T,,Y15T64,,_Z,,Q,,2012-Q3,,61.50769,,,,A,,0,,1,
DATAFLOW,OECD.SDD.TPS:DSD_LFS@DF_IALFS_EMP_WAP_Q(1.0),,I,SVK,,EMP_WAP,,PT_WAP_SUB,,_Z,,Y,,_T,,Y15T64,,_Z,,Q,,2012-Q4,,61.21835,,,,A,,0,,1,
DATAFLOW,OECD.SDD.TPS:DSD_LFS@DF_IALFS_EMP_WAP_Q(1.0),,I,SVK,,EMP_WAP,,PT_WAP_SUB,,_Z,,Y,,_T,,Y15T64,,_Z,,Q,,2013-Q1,,61.61515,,,,A,,0,,1,
DATAFLOW,OECD.SDD.TPS:DSD_LFS@DF_IALFS_EMP_WAP_Q(1.0),,I,SVK,,EMP_WAP,,PT_WAP_SUB,,_Z,,Y,,_T,,Y15T64,,_Z,,Q,,2013-Q2,,61.50056,,,,A,,0,,1,
DATAFLOW,OECD.SDD.TPS:DSD_LFS@DF_IALFS_EMP_WAP_Q(1.0),,I,SVK,,EMP_WAP,,PT_WAP_SUB,,_Z,,Y,,_T,,Y15T64,,_Z,,Q,,2013-Q3,,61.53877,,,,A,,0,,1,
DATAFLOW,OECD.SDD.TPS:DSD_LFS@DF_IALFS_EMP_WAP_Q(1.0),,I,SVK,,EMP_WAP,,PT_WAP_SUB,,_Z,,Y,,_T,,Y15T64,,_Z,,Q,,2013-Q4,,61.65066,,,,A,,0,,1,
DATAFLOW,OECD.SDD.TPS:DSD_LFS@DF_IALFS_EMP_WAP_Q(1.0),,I,SVK,,EMP_WAP,,PT_WAP_SUB,,_Z,,Y,,_T,,Y15T64,,_Z,,Q,,2014-Q1,,62.00998,,,,A,,0,,1,
DATAFLOW,OECD.SDD.TPS:DSD_LFS@DF_IALFS_EMP_WAP_Q(1.0),,I,SVK,,EMP_WAP,,PT_WAP_SUB,,_Z,,Y,,_T,,Y15T64,,_Z,,Q,,2014-Q2,,62.45678,,,,A,,0,,1,
DATAFLOW,OECD.SDD.TPS:DSD_LFS@DF_IALFS_EMP_WAP_Q(1.0),,I,SVK,,EMP_WAP,,PT_WAP_SUB,,_Z,,Y,,_T,,Y15T64,,_Z,,Q,,2014-Q3,,62.93727,,,,A,,0,,1,
DATAFLOW,OECD.SDD.TPS:DSD_LFS@DF_IALFS_EMP_WAP_Q(1.0),,I,SVK,,EMP_WAP,,PT_WAP_SUB,,_Z,,Y,,_T,,Y15T64,,_Z,,Q,,2014-Q4,,63.40581,,,,A,,0,,1,
DATAFLOW,OECD.SDD.TPS:DSD_LFS@DF_IALFS_EMP_WAP_Q(1.0),,I,SVK,,EMP_WAP,,PT_WAP_SUB,,_Z,,Y,,_T,,Y15T64,,_Z,,Q,,2015-Q1,,63.73664,,,,A,,0,,1,
DATAFLOW,OECD.SDD.TPS:DSD_LFS@DF_IALFS_EMP_WAP_Q(1.0),,I,SVK,,EMP_WAP,,PT_WAP_SUB,,_Z,,Y,,_T,,Y15T64,,_Z,,Q,,2015-Q2,,64.21838,,,,A,,0,,1,
DATAFLOW,OECD.SDD.TPS:DSD_LFS@DF_IALFS_EMP_WAP_Q(1.0),,I,SVK,,EMP_WAP,,PT_WAP_SUB,,_Z,,Y,,_T,,Y15T64,,_Z,,Q,,2015-Q3,,64.73837,,,,A,,0,,1,
DATAFLOW,OECD.SDD.TPS:DSD_LFS@DF_IALFS_EMP_WAP_Q(1.0),,I,SVK,,EMP_WAP,,PT_WAP_SUB,,_Z,,Y,,_T,,Y15T64,,_Z,,Q,,2015-Q4,,65.33985,,,,A,,0,,1,
DATAFLOW,OECD.SDD.TPS:DSD_LFS@DF_IALFS_EMP_WAP_Q(1.0),,I,SVK,,EMP_WAP,,PT_WAP_SUB,,_Z,,Y,,_T,,Y15T64,,_Z,,Q,,2016-Q1,,65.98441,,,,A,,0,,1,
DATAFLOW,OECD.SDD.TPS:DSD_LFS@DF_IALFS_EMP_WAP_Q(1.0),,I,SVK,,EMP_WAP,,PT_WAP_SUB,,_Z,,Y,,_T,,Y15T64,,_Z,,Q,,2016-Q2,,66.65025,,,,A,,0,,1,
DATAFLOW,OECD.SDD.TPS:DSD_LFS@DF_IALFS_EMP_WAP_Q(1.0),,I,SVK,,EMP_WAP,,PT_WAP_SUB,,_Z,,Y,,_T,,Y15T64,,_Z,,Q,,2016-Q3,,66.96415,,,,A,,0,,1,
DATAFLOW,OECD.SDD.TPS:DSD_LFS@DF_IALFS_EMP_WAP_Q(1.0),,I,SVK,,EMP_WAP,,PT_WAP_SUB,,_Z,,Y,,_T,,Y15T64,,_Z,,Q,,2016-Q4,,67.31345,,,,A,,0,,1,
DATAFLOW,OECD.SDD.TPS:DSD_LFS@DF_IALFS_EMP_WAP_Q(1.0),,I,SVK,,EMP_WAP,,PT_WAP_SUB,,_Z,,Y,,_T,,Y15T64,,_Z,,Q,,2017-Q1,,67.73954,,,,A,,0,,1,
DATAFLOW,OECD.SDD.TPS:DSD_LFS@DF_IALFS_EMP_WAP_Q(1.0),,I,SVK,,EMP_WAP,,PT_WAP_SUB,,_Z,,Y,,_T,,Y15T64,,_Z,,Q,,2017-Q2,,68.04369,,,,A,,0,,1,
DATAFLOW,OECD.SDD.TPS:DSD_LFS@DF_IALFS_EMP_WAP_Q(1.0),,I,SVK,,EMP_WAP,,PT_WAP_SUB,,_Z,,Y,,_T,,Y15T64,,_Z,,Q,,2017-Q3,,68.24916,,,,A,,0,,1,
DATAFLOW,OECD.SDD.TPS:DSD_LFS@DF_IALFS_EMP_WAP_Q(1.0),,I,SVK,,EMP_WAP,,PT_WAP_SUB,,_Z,,Y,,_T,,Y15T64,,_Z,,Q,,2017-Q4,,68.31433,,,,A,,0,,1,
DATAFLOW,OECD.SDD.TPS:DSD_LFS@DF_IALFS_EMP_WAP_Q(1.0),,I,SVK,,EMP_WAP,,PT_WAP_SUB,,_Z,,Y,,_T,,Y15T64,,_Z,,Q,,2018-Q1,,68.98595,,,,A,,0,,1,
DATAFLOW,OECD.SDD.TPS:DSD_LFS@DF_IALFS_EMP_WAP_Q(1.0),,I,SVK,,EMP_WAP,,PT_WAP_SUB,,_Z,,Y,,_T,,Y15T64,,_Z,,Q,,2018-Q2,,69.26593,,,,A,,0,,1,
DATAFLOW,OECD.SDD.TPS:DSD_LFS@DF_IALFS_EMP_WAP_Q(1.0),,I,SVK,,EMP_WAP,,PT_WAP_SUB,,_Z,,Y,,_T,,Y15T64,,_Z,,Q,,2018-Q3,,69.80968,,,,A,,0,,1,
DATAFLOW,OECD.SDD.TPS:DSD_LFS@DF_IALFS_EMP_WAP_Q(1.0),,I,SVK,,EMP_WAP,,PT_WAP_SUB,,_Z,,Y,,_T,,Y15T64,,_Z,,Q,,2018-Q4,,69.99998,,,,A,,0,,1,
DATAFLOW,OECD.SDD.TPS:DSD_LFS@DF_IALFS_EMP_WAP_Q(1.0),,I,SVK,,EMP_WAP,,PT_WAP_SUB,,_Z,,Y,,_T,,Y15T64,,_Z,,Q,,2019-Q1,,70.53744,,,,A,,0,,1,
DATAFLOW,OECD.SDD.TPS:DSD_LFS@DF_IALFS_EMP_WAP_Q(1.0),,I,SVK,,EMP_WAP,,PT_WAP_SUB,,_Z,,Y,,_T,,Y15T64,,_Z,,Q,,2019-Q2,,70.39054,,,,A,,0,,1,
DATAFLOW,OECD.SDD.TPS:DSD_LFS@DF_IALFS_EMP_WAP_Q(1.0),,I,SVK,,EMP_WAP,,PT_WAP_SUB,,_Z,,Y,,_T,,Y15T64,,_Z,,Q,,2019-Q3,,70.40829,,,,A,,0,,1,
DATAFLOW,OECD.SDD.TPS:DSD_LFS@DF_IALFS_EMP_WAP_Q(1.0),,I,SVK,,EMP_WAP,,PT_WAP_SUB,,_Z,,Y,,_T,,Y15T64,,_Z,,Q,,2019-Q4,,70.31992,,,,A,,0,,1,
DATAFLOW,OECD.SDD.TPS:DSD_LFS@DF_IALFS_EMP_WAP_Q(1.0),,I,SVK,,EMP_WAP,,PT_WAP_SUB,,_Z,,Y,,_T,,Y15T64,,_Z,,Q,,2020-Q1,,70.04575,,,,A,,0,,1,
DATAFLOW,OECD.SDD.TPS:DSD_LFS@DF_IALFS_EMP_WAP_Q(1.0),,I,SVK,,EMP_WAP,,PT_WAP_SUB,,_Z,,Y,,_T,,Y15T64,,_Z,,Q,,2020-Q2,,69.07681,,,,A,,0,,1,
DATAFLOW,OECD.SDD.TPS:DSD_LFS@DF_IALFS_EMP_WAP_Q(1.0),,I,SVK,,EMP_WAP,,PT_WAP_SUB,,_Z,,Y,,_T,,Y15T64,,_Z,,Q,,2020-Q3,,69.34119,,,,A,,0,,1,
DATAFLOW,OECD.SDD.TPS:DSD_LFS@DF_IALFS_EMP_WAP_Q(1.0),,I,SVK,,EMP_WAP,,PT_WAP_SUB,,_Z,,Y,,_T,,Y15T64,,_Z,,Q,,2020-Q4,,69.49646,,,,A,,0,,1,
DATAFLOW,OECD.SDD.TPS:DSD_LFS@DF_IALFS_EMP_WAP_Q(1.0),,I,SVK,,EMP_WAP,,PT_WAP_SUB,,_Z,,Y,,_T,,Y15T64,,_Z,,Q,,2021-Q1,,68.0219,,,,A,,0,,1,
DATAFLOW,OECD.SDD.TPS:DSD_LFS@DF_IALFS_EMP_WAP_Q(1.0),,I,SVK,,EMP_WAP,,PT_WAP_SUB,,_Z,,Y,,_T,,Y15T64,,_Z,,Q,,2021-Q2,,68.99258,,,,A,,0,,1,
DATAFLOW,OECD.SDD.TPS:DSD_LFS@DF_IALFS_EMP_WAP_Q(1.0),,I,SVK,,EMP_WAP,,PT_WAP_SUB,,_Z,,Y,,_T,,Y15T64,,_Z,,Q,,2021-Q3,,70.1776,,,,A,,0,,1,
DATAFLOW,OECD.SDD.TPS:DSD_LFS@DF_IALFS_EMP_WAP_Q(1.0),,I,SVK,,EMP_WAP,,PT_WAP_SUB,,_Z,,Y,,_T,,Y15T64,,_Z,,Q,,2021-Q4,,70.58349,,,,A,,0,,1,
DATAFLOW,OECD.SDD.TPS:DSD_LFS@DF_IALFS_EMP_WAP_Q(1.0),,I,SVK,,EMP_WAP,,PT_WAP_SUB,,_Z,,Y,,_T,,Y15T64,,_Z,,Q,,2022-Q1,,70.85431,,,,A,,0,,1,
DATAFLOW,OECD.SDD.TPS:DSD_LFS@DF_IALFS_EMP_WAP_Q(1.0),,I,SVK,,EMP_WAP,,PT_WAP_SUB,,_Z,,Y,,_T,,Y15T64,,_Z,,Q,,2022-Q2,,71.41252,,,,A,,0,,1,
DATAFLOW,OECD.SDD.TPS:DSD_LFS@DF_IALFS_EMP_WAP_Q(1.0),,I,SVK,,EMP_WAP,,PT_WAP_SUB,,_Z,,Y,,_T,,Y15T64,,_Z,,Q,,2022-Q3,,71.5405,,,,A,,0,,1,
DATAFLOW,OECD.SDD.TPS:DSD_LFS@DF_IALFS_EMP_WAP_Q(1.0),,I,SVK,,EMP_WAP,,PT_WAP_SUB,,_Z,,Y,,_T,,Y15T64,,_Z,,Q,,2022-Q4,,71.50723,,,,A,,0,,1,
DATAFLOW,OECD.SDD.TPS:DSD_LFS@DF_IALFS_EMP_WAP_Q(1.0),,I,SVK,,EMP_WAP,,PT_WAP_SUB,,_Z,,Y,,_T,,Y15T64,,_Z,,Q,,2023-Q1,,71.59267,,,,A,,0,,1,
DATAFLOW,OECD.SDD.TPS:DSD_LFS@DF_IALFS_EMP_WAP_Q(1.0),,I,SVK,,EMP_WAP,,PT_WAP_SUB,,_Z,,Y,,_T,,Y15T64,,_Z,,Q,,2023-Q2,,71.91198,,,,A,,0,,1,
DATAFLOW,OECD.SDD.TPS:DSD_LFS@DF_IALFS_EMP_WAP_Q(1.0),,I,SVK,,EMP_WAP,,PT_WAP_SUB,,_Z,,Y,,_T,,Y15T64,,_Z,,Q,,2023-Q3,,71.95358,,,,A,,0,,1,
DATAFLOW,OECD.SDD.TPS:DSD_LFS@DF_IALFS_EMP_WAP_Q(1.0),,I,SVK,,EMP_WAP,,PT_WAP_SUB,,_Z,,Y,,_T,,Y15T64,,_Z,,Q,,2023-Q4,,72.34991,,,,A,,0,,1,
DATAFLOW,OECD.SDD.TPS:DSD_LFS@DF_IALFS_EMP_WAP_Q(1.0),,I,SVK,,EMP_WAP,,PT_WAP_SUB,,_Z,,Y,,_T,,Y15T64,,_Z,,Q,,2024-Q1,,72.3158,,,,A,,0,,1,
DATAFLOW,OECD.SDD.TPS:DSD_LFS@DF_IALFS_EMP_WAP_Q(1.0),,I,SVK,,EMP_WAP,,PT_WAP_SUB,,_Z,,Y,,_T,,Y15T64,,_Z,,Q,,2024-Q2,,72.45559,,,,A,,0,,1,
DATAFLOW,OECD.SDD.TPS:DSD_LFS@DF_IALFS_EMP_WAP_Q(1.0),,I,SVK,,EMP_WAP,,PT_WAP_SUB,,_Z,,Y,,_T,,Y15T64,,_Z,,Q,,2024-Q3,,72.33797,,,,A,,0,,1,
DATAFLOW,OECD.SDD.TPS:DSD_LFS@DF_IALFS_EMP_WAP_Q(1.0),,I,SVK,,EMP_WAP,,PT_WAP_SUB,,_Z,,Y,,_T,,Y15T64,,_Z,,Q,,2024-Q4,,72.58746,,,,A,,0,,1,
DATAFLOW,OECD.SDD.TPS:DSD_LFS@DF_IALFS_EMP_WAP_Q(1.0),,I,SVK,,EMP_WAP,,PT_WAP_SUB,,_Z,,Y,,_T,,Y15T64,,_Z,,Q,,2025-Q1,,72.46259,,,,A,,0,,1,
DATAFLOW,OECD.SDD.TPS:DSD_LFS@DF_IALFS_EMP_WAP_Q(1.0),,I,SVK,,EMP_WAP,,PT_WAP_SUB,,_Z,,Y,,_T,,Y15T64,,_Z,,Q,,2025-Q2,,72.32065,,,,A,,0,,1,
DATAFLOW,OECD.SDD.TPS:DSD_LFS@DF_IALFS_EMP_WAP_Q(1.0),,I,SVK,,EMP_WAP,,PT_WAP_SUB,,_Z,,Y,,_T,,Y15T64,,_Z,,Q,,2025-Q3,,72.25716,,,,A,,0,,1,
DATAFLOW,OECD.SDD.TPS:DSD_LFS@DF_IALFS_EMP_WAP_Q(1.0),,I,SVK,,EMP_WAP,,PT_WAP_SUB,,_Z,,Y,,_T,,Y15T64,,_Z,,Q,,2025-Q4,,72.22301,,,,A,,0,,1,
DATAFLOW,OECD.SDD.TPS:DSD_LFS@DF_IALFS_EMP_WAP_Q(1.0),,I,SVK,,EMP_WAP,,PT_WAP_SUB,,_Z,,Y,,_T,,Y15T64,,_Z,,Q,,2026-Q1,,71.99937,,,,A,,0,,1,
DATAFLOW,OECD.SDD.TPS:DSD_LFS@DF_IALFS_EMP_WAP_Q(1.0),,I,SVN,,EMP_WAP,,PT_WAP_SUB,,_Z,,Y,,_T,,Y15T64,,_Z,,Q,,1999-Q1,,62.27492,,,,A,,0,,1,
DATAFLOW,OECD.SDD.TPS:DSD_LFS@DF_IALFS_EMP_WAP_Q(1.0),,I,SVN,,EMP_WAP,,PT_WAP_SUB,,_Z,,Y,,_T,,Y15T64,,_Z,,Q,,1999-Q2,,62.38001,,,,A,,0,,1,
DATAFLOW,OECD.SDD.TPS:DSD_LFS@DF_IALFS_EMP_WAP_Q(1.0),,I,SVN,,EMP_WAP,,PT_WAP_SUB,,_Z,,Y,,_T,,Y15T64,,_Z,,Q,,1999-Q3,,61.95286,,,,A,,0,,1,
DATAFLOW,OECD.SDD.TPS:DSD_LFS@DF_IALFS_EMP_WAP_Q(1.0),,I,SVN,,EMP_WAP,,PT_WAP_SUB,,_Z,,Y,,_T,,Y15T64,,_Z,,Q,,1999-Q4,,62.12201,,,,A,,0,,1,
DATAFLOW,OECD.SDD.TPS:DSD_LFS@DF_IALFS_EMP_WAP_Q(1.0),,I,SVN,,EMP_WAP,,PT_WAP_SUB,,_Z,,Y,,_T,,Y15T64,,_Z,,Q,,2000-Q1,,62.11891,,,,A,,0,,1,
DATAFLOW,OECD.SDD.TPS:DSD_LFS@DF_IALFS_EMP_WAP_Q(1.0),,I,SVN,,EMP_WAP,,PT_WAP_SUB,,_Z,,Y,,_T,,Y15T64,,_Z,,Q,,2000-Q2,,62.48549,,,,A,,0,,1,
DATAFLOW,OECD.SDD.TPS:DSD_LFS@DF_IALFS_EMP_WAP_Q(1.0),,I,SVN,,EMP_WAP,,PT_WAP_SUB,,_Z,,Y,,_T,,Y15T64,,_Z,,Q,,2000-Q3,,63.40491,,,,A,,0,,1,
DATAFLOW,OECD.SDD.TPS:DSD_LFS@DF_IALFS_EMP_WAP_Q(1.0),,I,SVN,,EMP_WAP,,PT_WAP_SUB,,_Z,,Y,,_T,,Y15T64,,_Z,,Q,,2000-Q4,,63.30103,,,,A,,0,,1,
DATAFLOW,OECD.SDD.TPS:DSD_LFS@DF_IALFS_EMP_WAP_Q(1.0),,I,SVN,,EMP_WAP,,PT_WAP_SUB,,_Z,,Y,,_T,,Y15T64,,_Z,,Q,,2001-Q1,,63.73252,,,,A,,0,,1,
DATAFLOW,OECD.SDD.TPS:DSD_LFS@DF_IALFS_EMP_WAP_Q(1.0),,I,SVN,,EMP_WAP,,PT_WAP_SUB,,_Z,,Y,,_T,,Y15T64,,_Z,,Q,,2001-Q2,,63.3608,,,,A,,0,,1,
DATAFLOW,OECD.SDD.TPS:DSD_LFS@DF_IALFS_EMP_WAP_Q(1.0),,I,SVN,,EMP_WAP,,PT_WAP_SUB,,_Z,,Y,,_T,,Y15T64,,_Z,,Q,,2001-Q3,,64.42924,,,,A,,0,,1,
DATAFLOW,OECD.SDD.TPS:DSD_LFS@DF_IALFS_EMP_WAP_Q(1.0),,I,SVN,,EMP_WAP,,PT_WAP_SUB,,_Z,,Y,,_T,,Y15T64,,_Z,,Q,,2001-Q4,,63.69827,,,,A,,0,,1,
DATAFLOW,OECD.SDD.TPS:DSD_LFS@DF_IALFS_EMP_WAP_Q(1.0),,I,SVN,,EMP_WAP,,PT_WAP_SUB,,_Z,,Y,,_T,,Y15T64,,_Z,,Q,,2002-Q1,,64.51485,,,,A,,0,,1,
DATAFLOW,OECD.SDD.TPS:DSD_LFS@DF_IALFS_EMP_WAP_Q(1.0),,I,SVN,,EMP_WAP,,PT_WAP_SUB,,_Z,,Y,,_T,,Y15T64,,_Z,,Q,,2002-Q2,,64.08062,,,,A,,0,,1,
DATAFLOW,OECD.SDD.TPS:DSD_LFS@DF_IALFS_EMP_WAP_Q(1.0),,I,SVN,,EMP_WAP,,PT_WAP_SUB,,_Z,,Y,,_T,,Y15T64,,_Z,,Q,,2002-Q3,,62.67928,,,,A,,0,,1,
DATAFLOW,OECD.SDD.TPS:DSD_LFS@DF_IALFS_EMP_WAP_Q(1.0),,I,SVN,,EMP_WAP,,PT_WAP_SUB,,_Z,,Y,,_T,,Y15T64,,_Z,,Q,,2002-Q4,,62.47449,,,,A,,0,,1,
DATAFLOW,OECD.SDD.TPS:DSD_LFS@DF_IALFS_EMP_WAP_Q(1.0),,I,SVN,,EMP_WAP,,PT_WAP_SUB,,_Z,,Y,,_T,,Y15T64,,_Z,,Q,,2003-Q1,,62.6809,,,,A,,0,,1,
DATAFLOW,OECD.SDD.TPS:DSD_LFS@DF_IALFS_EMP_WAP_Q(1.0),,I,SVN,,EMP_WAP,,PT_WAP_SUB,,_Z,,Y,,_T,,Y15T64,,_Z,,Q,,2003-Q2,,62.28661,,,,A,,0,,1,
DATAFLOW,OECD.SDD.TPS:DSD_LFS@DF_IALFS_EMP_WAP_Q(1.0),,I,SVN,,EMP_WAP,,PT_WAP_SUB,,_Z,,Y,,_T,,Y15T64,,_Z,,Q,,2003-Q3,,61.73469,,,,A,,0,,1,
DATAFLOW,OECD.SDD.TPS:DSD_LFS@DF_IALFS_EMP_WAP_Q(1.0),,I,SVN,,EMP_WAP,,PT_WAP_SUB,,_Z,,Y,,_T,,Y15T64,,_Z,,Q,,2003-Q4,,63.53072,,,,A,,0,,1,
DATAFLOW,OECD.SDD.TPS:DSD_LFS@DF_IALFS_EMP_WAP_Q(1.0),,I,SVN,,EMP_WAP,,PT_WAP_SUB,,_Z,,Y,,_T,,Y15T64,,_Z,,Q,,2004-Q1,,64.46694,,,,A,,0,,1,
DATAFLOW,OECD.SDD.TPS:DSD_LFS@DF_IALFS_EMP_WAP_Q(1.0),,I,SVN,,EMP_WAP,,PT_WAP_SUB,,_Z,,Y,,_T,,Y15T64,,_Z,,Q,,2004-Q2,,65.42506,,,,A,,0,,1,
DATAFLOW,OECD.SDD.TPS:DSD_LFS@DF_IALFS_EMP_WAP_Q(1.0),,I,SVN,,EMP_WAP,,PT_WAP_SUB,,_Z,,Y,,_T,,Y15T64,,_Z,,Q,,2004-Q3,,66.06341,,,,A,,0,,1,
DATAFLOW,OECD.SDD.TPS:DSD_LFS@DF_IALFS_EMP_WAP_Q(1.0),,I,SVN,,EMP_WAP,,PT_WAP_SUB,,_Z,,Y,,_T,,Y15T64,,_Z,,Q,,2004-Q4,,65.18873,,,,A,,0,,1,
DATAFLOW,OECD.SDD.TPS:DSD_LFS@DF_IALFS_EMP_WAP_Q(1.0),,I,SVN,,EMP_WAP,,PT_WAP_SUB,,_Z,,Y,,_T,,Y15T64,,_Z,,Q,,2005-Q1,,65.94121,,,,A,,0,,1,
DATAFLOW,OECD.SDD.TPS:DSD_LFS@DF_IALFS_EMP_WAP_Q(1.0),,I,SVN,,EMP_WAP,,PT_WAP_SUB,,_Z,,Y,,_T,,Y15T64,,_Z,,Q,,2005-Q2,,65.73303,,,,A,,0,,1,
DATAFLOW,OECD.SDD.TPS:DSD_LFS@DF_IALFS_EMP_WAP_Q(1.0),,I,SVN,,EMP_WAP,,PT_WAP_SUB,,_Z,,Y,,_T,,Y15T64,,_Z,,Q,,2005-Q3,,65.80481,,,,A,,0,,1,
DATAFLOW,OECD.SDD.TPS:DSD_LFS@DF_IALFS_EMP_WAP_Q(1.0),,I,SVN,,EMP_WAP,,PT_WAP_SUB,,_Z,,Y,,_T,,Y15T64,,_Z,,Q,,2005-Q4,,66.33722,,,,A,,0,,1,
DATAFLOW,OECD.SDD.TPS:DSD_LFS@DF_IALFS_EMP_WAP_Q(1.0),,I,SVN,,EMP_WAP,,PT_WAP_SUB,,_Z,,Y,,_T,,Y15T64,,_Z,,Q,,2006-Q1,,66.73712,,,,A,,0,,1,
DATAFLOW,OECD.SDD.TPS:DSD_LFS@DF_IALFS_EMP_WAP_Q(1.0),,I,SVN,,EMP_WAP,,PT_WAP_SUB,,_Z,,Y,,_T,,Y15T64,,_Z,,Q,,2006-Q2,,66.89896,,,,A,,0,,1,
DATAFLOW,OECD.SDD.TPS:DSD_LFS@DF_IALFS_EMP_WAP_Q(1.0),,I,SVN,,EMP_WAP,,PT_WAP_SUB,,_Z,,Y,,_T,,Y15T64,,_Z,,Q,,2006-Q3,,66.38535,,,,A,,0,,1,
DATAFLOW,OECD.SDD.TPS:DSD_LFS@DF_IALFS_EMP_WAP_Q(1.0),,I,SVN,,EMP_WAP,,PT_WAP_SUB,,_Z,,Y,,_T,,Y15T64,,_Z,,Q,,2006-Q4,,66.27369,,,,A,,0,,1,
DATAFLOW,OECD.SDD.TPS:DSD_LFS@DF_IALFS_EMP_WAP_Q(1.0),,I,SVN,,EMP_WAP,,PT_WAP_SUB,,_Z,,Y,,_T,,Y15T64,,_Z,,Q,,2007-Q1,,66.80905,,,,A,,0,,1,
DATAFLOW,OECD.SDD.TPS:DSD_LFS@DF_IALFS_EMP_WAP_Q(1.0),,I,SVN,,EMP_WAP,,PT_WAP_SUB,,_Z,,Y,,_T,,Y15T64,,_Z,,Q,,2007-Q2,,68.16347,,,,A,,0,,1,
DATAFLOW,OECD.SDD.TPS:DSD_LFS@DF_IALFS_EMP_WAP_Q(1.0),,I,SVN,,EMP_WAP,,PT_WAP_SUB,,_Z,,Y,,_T,,Y15T64,,_Z,,Q,,2007-Q3,,68.23823,,,,A,,0,,1,
DATAFLOW,OECD.SDD.TPS:DSD_LFS@DF_IALFS_EMP_WAP_Q(1.0),,I,SVN,,EMP_WAP,,PT_WAP_SUB,,_Z,,Y,,_T,,Y15T64,,_Z,,Q,,2007-Q4,,67.8708,,,,A,,0,,1,
DATAFLOW,OECD.SDD.TPS:DSD_LFS@DF_IALFS_EMP_WAP_Q(1.0),,I,SVN,,EMP_WAP,,PT_WAP_SUB,,_Z,,Y,,_T,,Y15T64,,_Z,,Q,,2008-Q1,,67.90482,,,,A,,0,,1,
DATAFLOW,OECD.SDD.TPS:DSD_LFS@DF_IALFS_EMP_WAP_Q(1.0),,I,SVN,,EMP_WAP,,PT_WAP_SUB,,_Z,,Y,,_T,,Y15T64,,_Z,,Q,,2008-Q2,,68.19833,,,,A,,0,,1,
DATAFLOW,OECD.SDD.TPS:DSD_LFS@DF_IALFS_EMP_WAP_Q(1.0),,I,SVN,,EMP_WAP,,PT_WAP_SUB,,_Z,,Y,,_T,,Y15T64,,_Z,,Q,,2008-Q3,,69.27701,,,,A,,0,,1,
DATAFLOW,OECD.SDD.TPS:DSD_LFS@DF_IALFS_EMP_WAP_Q(1.0),,I,SVN,,EMP_WAP,,PT_WAP_SUB,,_Z,,Y,,_T,,Y15T64,,_Z,,Q,,2009-Q1,,66.50471,,,,A,,0,,1,
DATAFLOW,OECD.SDD.TPS:DSD_LFS@DF_IALFS_EMP_WAP_Q(1.0),,I,SVN,,EMP_WAP,,PT_WAP_SUB,,_Z,,Y,,_T,,Y15T64,,_Z,,Q,,2009-Q2,,67.22559,,,,A,,0,,1,
DATAFLOW,OECD.SDD.TPS:DSD_LFS@DF_IALFS_EMP_WAP_Q(1.0),,I,SVN,,EMP_WAP,,PT_WAP_SUB,,_Z,,Y,,_T,,Y15T64,,_Z,,Q,,2009-Q3,,67.59486,,,,A,,0,,1,
DATAFLOW,OECD.SDD.TPS:DSD_LFS@DF_IALFS_EMP_WAP_Q(1.0),,I,SVN,,EMP_WAP,,PT_WAP_SUB,,_Z,,Y,,_T,,Y15T64,,_Z,,Q,,2009-Q4,,66.94002,,,,A,,0,,1,
DATAFLOW,OECD.SDD.TPS:DSD_LFS@DF_IALFS_EMP_WAP_Q(1.0),,I,SVN,,EMP_WAP,,PT_WAP_SUB,,_Z,,Y,,_T,,Y15T64,,_Z,,Q,,2010-Q1,,65.95018,,,,A,,0,,1,
DATAFLOW,OECD.SDD.TPS:DSD_LFS@DF_IALFS_EMP_WAP_Q(1.0),,I,SVN,,EMP_WAP,,PT_WAP_SUB,,_Z,,Y,,_T,,Y15T64,,_Z,,Q,,2010-Q2,,65.85054,,,,A,,0,,1,
DATAFLOW,OECD.SDD.TPS:DSD_LFS@DF_IALFS_EMP_WAP_Q(1.0),,I,SVN,,EMP_WAP,,PT_WAP_SUB,,_Z,,Y,,_T,,Y15T64,,_Z,,Q,,2010-Q3,,65.25632,,,,A,,0,,1,
DATAFLOW,OECD.SDD.TPS:DSD_LFS@DF_IALFS_EMP_WAP_Q(1.0),,I,SVN,,EMP_WAP,,PT_WAP_SUB,,_Z,,Y,,_T,,Y15T64,,_Z,,Q,,2010-Q4,,65.2122,,,,A,,0,,1,
DATAFLOW,OECD.SDD.TPS:DSD_LFS@DF_IALFS_EMP_WAP_Q(1.0),,I,SVN,,EMP_WAP,,PT_WAP_SUB,,_Z,,Y,,_T,,Y15T64,,_Z,,Q,,2011-Q1,,63.55937,,,,A,,0,,1,
DATAFLOW,OECD.SDD.TPS:DSD_LFS@DF_IALFS_EMP_WAP_Q(1.0),,I,SVN,,EMP_WAP,,PT_WAP_SUB,,_Z,,Y,,_T,,Y15T64,,_Z,,Q,,2011-Q2,,63.80893,,,,A,,0,,1,
DATAFLOW,OECD.SDD.TPS:DSD_LFS@DF_IALFS_EMP_WAP_Q(1.0),,I,SVN,,EMP_WAP,,PT_WAP_SUB,,_Z,,Y,,_T,,Y15T64,,_Z,,Q,,2011-Q3,,64.04334,,,,A,,0,,1,
DATAFLOW,OECD.SDD.TPS:DSD_LFS@DF_IALFS_EMP_WAP_Q(1.0),,I,SVN,,EMP_WAP,,PT_WAP_SUB,,_Z,,Y,,_T,,Y15T64,,_Z,,Q,,2011-Q4,,63.92767,,,,A,,0,,1,
DATAFLOW,OECD.SDD.TPS:DSD_LFS@DF_IALFS_EMP_WAP_Q(1.0),,I,SVN,,EMP_WAP,,PT_WAP_SUB,,_Z,,Y,,_T,,Y15T64,,_Z,,Q,,2012-Q1,,63.90477,,,,A,,0,,1,
DATAFLOW,OECD.SDD.TPS:DSD_LFS@DF_IALFS_EMP_WAP_Q(1.0),,I,SVN,,EMP_WAP,,PT_WAP_SUB,,_Z,,Y,,_T,,Y15T64,,_Z,,Q,,2012-Q2,,63.23299,,,,A,,0,,1,
DATAFLOW,OECD.SDD.TPS:DSD_LFS@DF_IALFS_EMP_WAP_Q(1.0),,I,SVN,,EMP_WAP,,PT_WAP_SUB,,_Z,,Y,,_T,,Y15T64,,_Z,,Q,,2012-Q3,,63.52574,,,,A,,0,,1,
DATAFLOW,OECD.SDD.TPS:DSD_LFS@DF_IALFS_EMP_WAP_Q(1.0),,I,SVN,,EMP_WAP,,PT_WAP_SUB,,_Z,,Y,,_T,,Y15T64,,_Z,,Q,,2012-Q4,,63.65919,,,,A,,0,,1,
DATAFLOW,OECD.SDD.TPS:DSD_LFS@DF_IALFS_EMP_WAP_Q(1.0),,I,SVN,,EMP_WAP,,PT_WAP_SUB,,_Z,,Y,,_T,,Y15T64,,_Z,,Q,,2013-Q1,,62.3312,,,,A,,0,,1,
DATAFLOW,OECD.SDD.TPS:DSD_LFS@DF_IALFS_EMP_WAP_Q(1.0),,I,SVN,,EMP_WAP,,PT_WAP_SUB,,_Z,,Y,,_T,,Y15T64,,_Z,,Q,,2013-Q2,,62.53437,,,,A,,0,,1,
DATAFLOW,OECD.SDD.TPS:DSD_LFS@DF_IALFS_EMP_WAP_Q(1.0),,I,SVN,,EMP_WAP,,PT_WAP_SUB,,_Z,,Y,,_T,,Y15T64,,_Z,,Q,,2013-Q3,,63.57153,,,,A,,0,,1,
DATAFLOW,OECD.SDD.TPS:DSD_LFS@DF_IALFS_EMP_WAP_Q(1.0),,I,SVN,,EMP_WAP,,PT_WAP_SUB,,_Z,,Y,,_T,,Y15T64,,_Z,,Q,,2013-Q4,,62.62826,,,,A,,0,,1,
DATAFLOW,OECD.SDD.TPS:DSD_LFS@DF_IALFS_EMP_WAP_Q(1.0),,I,SVN,,EMP_WAP,,PT_WAP_SUB,,_Z,,Y,,_T,,Y15T64,,_Z,,Q,,2014-Q1,,62.49105,,,,A,,0,,1,
DATAFLOW,OECD.SDD.TPS:DSD_LFS@DF_IALFS_EMP_WAP_Q(1.0),,I,SVN,,EMP_WAP,,PT_WAP_SUB,,_Z,,Y,,_T,,Y15T64,,_Z,,Q,,2014-Q2,,63.92022,,,,A,,0,,1,
DATAFLOW,OECD.SDD.TPS:DSD_LFS@DF_IALFS_EMP_WAP_Q(1.0),,I,SVN,,EMP_WAP,,PT_WAP_SUB,,_Z,,Y,,_T,,Y15T64,,_Z,,Q,,2014-Q3,,63.69484,,,,A,,0,,1,
DATAFLOW,OECD.SDD.TPS:DSD_LFS@DF_IALFS_EMP_WAP_Q(1.0),,I,SVN,,EMP_WAP,,PT_WAP_SUB,,_Z,,Y,,_T,,Y15T64,,_Z,,Q,,2014-Q4,,63.39656,,,,A,,0,,1,
DATAFLOW,OECD.SDD.TPS:DSD_LFS@DF_IALFS_EMP_WAP_Q(1.0),,I,SVN,,EMP_WAP,,PT_WAP_SUB,,_Z,,Y,,_T,,Y15T64,,_Z,,Q,,2015-Q1,,63.42734,,,,A,,0,,1,
DATAFLOW,OECD.SDD.TPS:DSD_LFS@DF_IALFS_EMP_WAP_Q(1.0),,I,SVN,,EMP_WAP,,PT_WAP_SUB,,_Z,,Y,,_T,,Y15T64,,_Z,,Q,,2015-Q2,,64.91816,,,,A,,0,,1,
DATAFLOW,OECD.SDD.TPS:DSD_LFS@DF_IALFS_EMP_WAP_Q(1.0),,I,SVN,,EMP_WAP,,PT_WAP_SUB,,_Z,,Y,,_T,,Y15T64,,_Z,,Q,,2015-Q3,,65.69891,,,,A,,0,,1,
DATAFLOW,OECD.SDD.TPS:DSD_LFS@DF_IALFS_EMP_WAP_Q(1.0),,I,SVN,,EMP_WAP,,PT_WAP_SUB,,_Z,,Y,,_T,,Y15T64,,_Z,,Q,,2015-Q4,,64.62968,,,,A,,0,,1,
DATAFLOW,OECD.SDD.TPS:DSD_LFS@DF_IALFS_EMP_WAP_Q(1.0),,I,SVN,,EMP_WAP,,PT_WAP_SUB,,_Z,,Y,,_T,,Y15T64,,_Z,,Q,,2016-Q1,,64.06122,,,,A,,0,,1,
DATAFLOW,OECD.SDD.TPS:DSD_LFS@DF_IALFS_EMP_WAP_Q(1.0),,I,SVN,,EMP_WAP,,PT_WAP_SUB,,_Z,,Y,,_T,,Y15T64,,_Z,,Q,,2016-Q2,,65.68571,,,,A,,0,,1,
DATAFLOW,OECD.SDD.TPS:DSD_LFS@DF_IALFS_EMP_WAP_Q(1.0),,I,SVN,,EMP_WAP,,PT_WAP_SUB,,_Z,,Y,,_T,,Y15T64,,_Z,,Q,,2016-Q3,,65.53205,,,,A,,0,,1,
DATAFLOW,OECD.SDD.TPS:DSD_LFS@DF_IALFS_EMP_WAP_Q(1.0),,I,SVN,,EMP_WAP,,PT_WAP_SUB,,_Z,,Y,,_T,,Y15T64,,_Z,,Q,,2016-Q4,,66.13744,,,,A,,0,,1,
DATAFLOW,OECD.SDD.TPS:DSD_LFS@DF_IALFS_EMP_WAP_Q(1.0),,I,SVN,,EMP_WAP,,PT_WAP_SUB,,_Z,,Y,,_T,,Y15T64,,_Z,,Q,,2017-Q1,,67.12087,,,,A,,0,,1,
DATAFLOW,OECD.SDD.TPS:DSD_LFS@DF_IALFS_EMP_WAP_Q(1.0),,I,SVN,,EMP_WAP,,PT_WAP_SUB,,_Z,,Y,,_T,,Y15T64,,_Z,,Q,,2017-Q2,,68.41422,,,,A,,0,,1,
DATAFLOW,OECD.SDD.TPS:DSD_LFS@DF_IALFS_EMP_WAP_Q(1.0),,I,SVN,,EMP_WAP,,PT_WAP_SUB,,_Z,,Y,,_T,,Y15T64,,_Z,,Q,,2017-Q3,,69.50256,,,,A,,0,,1,
DATAFLOW,OECD.SDD.TPS:DSD_LFS@DF_IALFS_EMP_WAP_Q(1.0),,I,SVN,,EMP_WAP,,PT_WAP_SUB,,_Z,,Y,,_T,,Y15T64,,_Z,,Q,,2017-Q4,,69.7495,,,,A,,0,,1,
DATAFLOW,OECD.SDD.TPS:DSD_LFS@DF_IALFS_EMP_WAP_Q(1.0),,I,SVN,,EMP_WAP,,PT_WAP_SUB,,_Z,,Y,,_T,,Y15T64,,_Z,,Q,,2018-Q1,,69.44729,,,,A,,0,,1,
DATAFLOW,OECD.SDD.TPS:DSD_LFS@DF_IALFS_EMP_WAP_Q(1.0),,I,SVN,,EMP_WAP,,PT_WAP_SUB,,_Z,,Y,,_T,,Y15T64,,_Z,,Q,,2018-Q2,,70.47522,,,,A,,0,,1,
DATAFLOW,OECD.SDD.TPS:DSD_LFS@DF_IALFS_EMP_WAP_Q(1.0),,I,SVN,,EMP_WAP,,PT_WAP_SUB,,_Z,,Y,,_T,,Y15T64,,_Z,,Q,,2018-Q3,,71.21927,,,,A,,0,,1,
DATAFLOW,OECD.SDD.TPS:DSD_LFS@DF_IALFS_EMP_WAP_Q(1.0),,I,SVN,,EMP_WAP,,PT_WAP_SUB,,_Z,,Y,,_T,,Y15T64,,_Z,,Q,,2018-Q4,,71.18481,,,,A,,0,,1,
DATAFLOW,OECD.SDD.TPS:DSD_LFS@DF_IALFS_EMP_WAP_Q(1.0),,I,SVN,,EMP_WAP,,PT_WAP_SUB,,_Z,,Y,,_T,,Y15T64,,_Z,,Q,,2019-Q1,,71.09882,,,,A,,0,,1,
DATAFLOW,OECD.SDD.TPS:DSD_LFS@DF_IALFS_EMP_WAP_Q(1.0),,I,SVN,,EMP_WAP,,PT_WAP_SUB,,_Z,,Y,,_T,,Y15T64,,_Z,,Q,,2019-Q2,,71.87078,,,,A,,0,,1,
DATAFLOW,OECD.SDD.TPS:DSD_LFS@DF_IALFS_EMP_WAP_Q(1.0),,I,SVN,,EMP_WAP,,PT_WAP_SUB,,_Z,,Y,,_T,,Y15T64,,_Z,,Q,,2019-Q3,,71.27618,,,,A,,0,,1,
DATAFLOW,OECD.SDD.TPS:DSD_LFS@DF_IALFS_EMP_WAP_Q(1.0),,I,SVN,,EMP_WAP,,PT_WAP_SUB,,_Z,,Y,,_T,,Y15T64,,_Z,,Q,,2019-Q4,,70.93462,,,,A,,0,,1,
DATAFLOW,OECD.SDD.TPS:DSD_LFS@DF_IALFS_EMP_WAP_Q(1.0),,I,SVN,,EMP_WAP,,PT_WAP_SUB,,_Z,,Y,,_T,,Y15T64,,_Z,,Q,,2020-Q1,,71.02171,,,,A,,0,,1,
DATAFLOW,OECD.SDD.TPS:DSD_LFS@DF_IALFS_EMP_WAP_Q(1.0),,I,SVN,,EMP_WAP,,PT_WAP_SUB,,_Z,,Y,,_T,,Y15T64,,_Z,,Q,,2020-Q2,,69.37265,,,,A,,0,,1,
DATAFLOW,OECD.SDD.TPS:DSD_LFS@DF_IALFS_EMP_WAP_Q(1.0),,I,SVN,,EMP_WAP,,PT_WAP_SUB,,_Z,,Y,,_T,,Y15T64,,_Z,,Q,,2020-Q3,,69.77814,,,,A,,0,,1,
DATAFLOW,OECD.SDD.TPS:DSD_LFS@DF_IALFS_EMP_WAP_Q(1.0),,I,SVN,,EMP_WAP,,PT_WAP_SUB,,_Z,,Y,,_T,,Y15T64,,_Z,,Q,,2020-Q4,,70.10432,,,,A,,0,,1,
DATAFLOW,OECD.SDD.TPS:DSD_LFS@DF_IALFS_EMP_WAP_Q(1.0),,I,SVN,,EMP_WAP,,PT_WAP_SUB,,_Z,,Y,,_T,,Y15T64,,_Z,,Q,,2021-Q1,,68.41698,,,,A,,0,,1,
DATAFLOW,OECD.SDD.TPS:DSD_LFS@DF_IALFS_EMP_WAP_Q(1.0),,I,SVN,,EMP_WAP,,PT_WAP_SUB,,_Z,,Y,,_T,,Y15T64,,_Z,,Q,,2021-Q2,,71.86315,,,,A,,0,,1,
DATAFLOW,OECD.SDD.TPS:DSD_LFS@DF_IALFS_EMP_WAP_Q(1.0),,I,SVN,,EMP_WAP,,PT_WAP_SUB,,_Z,,Y,,_T,,Y15T64,,_Z,,Q,,2021-Q3,,73.12302,,,,A,,0,,1,
DATAFLOW,OECD.SDD.TPS:DSD_LFS@DF_IALFS_EMP_WAP_Q(1.0),,I,SVN,,EMP_WAP,,PT_WAP_SUB,,_Z,,Y,,_T,,Y15T64,,_Z,,Q,,2021-Q4,,72.32893,,,,A,,0,,1,
DATAFLOW,OECD.SDD.TPS:DSD_LFS@DF_IALFS_EMP_WAP_Q(1.0),,I,SVN,,EMP_WAP,,PT_WAP_SUB,,_Z,,Y,,_T,,Y15T64,,_Z,,Q,,2022-Q1,,72.73499,,,,A,,0,,1,
DATAFLOW,OECD.SDD.TPS:DSD_LFS@DF_IALFS_EMP_WAP_Q(1.0),,I,SVN,,EMP_WAP,,PT_WAP_SUB,,_Z,,Y,,_T,,Y15T64,,_Z,,Q,,2022-Q2,,73.13305,,,,A,,0,,1,
DATAFLOW,OECD.SDD.TPS:DSD_LFS@DF_IALFS_EMP_WAP_Q(1.0),,I,SVN,,EMP_WAP,,PT_WAP_SUB,,_Z,,Y,,_T,,Y15T64,,_Z,,Q,,2022-Q3,,73.7159,,,,A,,0,,1,
DATAFLOW,OECD.SDD.TPS:DSD_LFS@DF_IALFS_EMP_WAP_Q(1.0),,I,SVN,,EMP_WAP,,PT_WAP_SUB,,_Z,,Y,,_T,,Y15T64,,_Z,,Q,,2022-Q4,,72.93266,,,,A,,0,,1,
DATAFLOW,OECD.SDD.TPS:DSD_LFS@DF_IALFS_EMP_WAP_Q(1.0),,I,SVN,,EMP_WAP,,PT_WAP_SUB,,_Z,,Y,,_T,,Y15T64,,_Z,,Q,,2023-Q1,,71.55362,,,,A,,0,,1,
DATAFLOW,OECD.SDD.TPS:DSD_LFS@DF_IALFS_EMP_WAP_Q(1.0),,I,SVN,,EMP_WAP,,PT_WAP_SUB,,_Z,,Y,,_T,,Y15T64,,_Z,,Q,,2023-Q2,,73.04463,,,,A,,0,,1,
DATAFLOW,OECD.SDD.TPS:DSD_LFS@DF_IALFS_EMP_WAP_Q(1.0),,I,SVN,,EMP_WAP,,PT_WAP_SUB,,_Z,,Y,,_T,,Y15T64,,_Z,,Q,,2023-Q3,,72.63137,,,,A,,0,,1,
DATAFLOW,OECD.SDD.TPS:DSD_LFS@DF_IALFS_EMP_WAP_Q(1.0),,I,SVN,,EMP_WAP,,PT_WAP_SUB,,_Z,,Y,,_T,,Y15T64,,_Z,,Q,,2023-Q4,,72.80184,,,,A,,0,,1,
DATAFLOW,OECD.SDD.TPS:DSD_LFS@DF_IALFS_EMP_WAP_Q(1.0),,I,SVN,,EMP_WAP,,PT_WAP_SUB,,_Z,,Y,,_T,,Y15T64,,_Z,,Q,,2024-Q1,,73.89993,,,,A,,0,,1,
DATAFLOW,OECD.SDD.TPS:DSD_LFS@DF_IALFS_EMP_WAP_Q(1.0),,I,SVN,,EMP_WAP,,PT_WAP_SUB,,_Z,,Y,,_T,,Y15T64,,_Z,,Q,,2024-Q2,,73.16968,,,,A,,0,,1,
DATAFLOW,OECD.SDD.TPS:DSD_LFS@DF_IALFS_EMP_WAP_Q(1.0),,I,SVN,,EMP_WAP,,PT_WAP_SUB,,_Z,,Y,,_T,,Y15T64,,_Z,,Q,,2024-Q3,,72.61011,,,,A,,0,,1,
DATAFLOW,OECD.SDD.TPS:DSD_LFS@DF_IALFS_EMP_WAP_Q(1.0),,I,SVN,,EMP_WAP,,PT_WAP_SUB,,_Z,,Y,,_T,,Y15T64,,_Z,,Q,,2024-Q4,,72.89968,,,,A,,0,,1,
DATAFLOW,OECD.SDD.TPS:DSD_LFS@DF_IALFS_EMP_WAP_Q(1.0),,I,SVN,,EMP_WAP,,PT_WAP_SUB,,_Z,,Y,,_T,,Y15T64,,_Z,,Q,,2025-Q1,,72.85069,,,,A,,0,,1,
DATAFLOW,OECD.SDD.TPS:DSD_LFS@DF_IALFS_EMP_WAP_Q(1.0),,I,SVN,,EMP_WAP,,PT_WAP_SUB,,_Z,,Y,,_T,,Y15T64,,_Z,,Q,,2025-Q2,,72.3306,,,,A,,0,,1,
DATAFLOW,OECD.SDD.TPS:DSD_LFS@DF_IALFS_EMP_WAP_Q(1.0),,I,SVN,,EMP_WAP,,PT_WAP_SUB,,_Z,,Y,,_T,,Y15T64,,_Z,,Q,,2025-Q3,,73.32149,,,,A,,0,,1,
DATAFLOW,OECD.SDD.TPS:DSD_LFS@DF_IALFS_EMP_WAP_Q(1.0),,I,SVN,,EMP_WAP,,PT_WAP_SUB,,_Z,,Y,,_T,,Y15T64,,_Z,,Q,,2025-Q4,,73.02173,,,,A,,0,,1,
DATAFLOW,OECD.SDD.TPS:DSD_LFS@DF_IALFS_EMP_WAP_Q(1.0),,I,SVN,,EMP_WAP,,PT_WAP_SUB,,_Z,,Y,,_T,,Y15T64,,_Z,,Q,,2026-Q1,,72.59639,,,,A,,0,,1,
DATAFLOW,OECD.SDD.TPS:DSD_LFS@DF_IALFS_EMP_WAP_Q(1.0),,I,IRL,,EMP_WAP,,PT_WAP_SUB,,_Z,,Y,,_T,,Y15T64,,_Z,,Q,,1999-Q2,,63.08013,,,,A,,0,,1,
DATAFLOW,OECD.SDD.TPS:DSD_LFS@DF_IALFS_EMP_WAP_Q(1.0),,I,IRL,,EMP_WAP,,PT_WAP_SUB,,_Z,,Y,,_T,,Y15T64,,_Z,,Q,,1999-Q3,,63.77315,,,,A,,0,,1,
DATAFLOW,OECD.SDD.TPS:DSD_LFS@DF_IALFS_EMP_WAP_Q(1.0),,I,IRL,,EMP_WAP,,PT_WAP_SUB,,_Z,,Y,,_T,,Y15T64,,_Z,,Q,,1999-Q4,,64.18932,,,,A,,0,,1,
DATAFLOW,OECD.SDD.TPS:DSD_LFS@DF_IALFS_EMP_WAP_Q(1.0),,I,IRL,,EMP_WAP,,PT_WAP_SUB,,_Z,,Y,,_T,,Y15T64,,_Z,,Q,,2000-Q1,,64.62188,,,,A,,0,,1,
DATAFLOW,OECD.SDD.TPS:DSD_LFS@DF_IALFS_EMP_WAP_Q(1.0),,I,IRL,,EMP_WAP,,PT_WAP_SUB,,_Z,,Y,,_T,,Y15T64,,_Z,,Q,,2000-Q2,,65.12254,,,,A,,0,,1,
DATAFLOW,OECD.SDD.TPS:DSD_LFS@DF_IALFS_EMP_WAP_Q(1.0),,I,IRL,,EMP_WAP,,PT_WAP_SUB,,_Z,,Y,,_T,,Y15T64,,_Z,,Q,,2000-Q3,,65.43256,,,,A,,0,,1,
DATAFLOW,OECD.SDD.TPS:DSD_LFS@DF_IALFS_EMP_WAP_Q(1.0),,I,IRL,,EMP_WAP,,PT_WAP_SUB,,_Z,,Y,,_T,,Y15T64,,_Z,,Q,,2000-Q4,,65.54397,,,,A,,0,,1,
DATAFLOW,OECD.SDD.TPS:DSD_LFS@DF_IALFS_EMP_WAP_Q(1.0),,I,IRL,,EMP_WAP,,PT_WAP_SUB,,_Z,,Y,,_T,,Y15T64,,_Z,,Q,,2001-Q1,,65.73882,,,,A,,0,,1,
DATAFLOW,OECD.SDD.TPS:DSD_LFS@DF_IALFS_EMP_WAP_Q(1.0),,I,IRL,,EMP_WAP,,PT_WAP_SUB,,_Z,,Y,,_T,,Y15T64,,_Z,,Q,,2001-Q2,,65.72372,,,,A,,0,,1,
DATAFLOW,OECD.SDD.TPS:DSD_LFS@DF_IALFS_EMP_WAP_Q(1.0),,I,IRL,,EMP_WAP,,PT_WAP_SUB,,_Z,,Y,,_T,,Y15T64,,_Z,,Q,,2001-Q3,,66.00138,,,,A,,0,,1,
DATAFLOW,OECD.SDD.TPS:DSD_LFS@DF_IALFS_EMP_WAP_Q(1.0),,I,IRL,,EMP_WAP,,PT_WAP_SUB,,_Z,,Y,,_T,,Y15T64,,_Z,,Q,,2001-Q4,,65.83277,,,,A,,0,,1,
DATAFLOW,OECD.SDD.TPS:DSD_LFS@DF_IALFS_EMP_WAP_Q(1.0),,I,IRL,,EMP_WAP,,PT_WAP_SUB,,_Z,,Y,,_T,,Y15T64,,_Z,,Q,,2002-Q1,,65.62794,,,,A,,0,,1,
DATAFLOW,OECD.SDD.TPS:DSD_LFS@DF_IALFS_EMP_WAP_Q(1.0),,I,IRL,,EMP_WAP,,PT_WAP_SUB,,_Z,,Y,,_T,,Y15T64,,_Z,,Q,,2002-Q2,,65.59035,,,,A,,0,,1,
DATAFLOW,OECD.SDD.TPS:DSD_LFS@DF_IALFS_EMP_WAP_Q(1.0),,I,IRL,,EMP_WAP,,PT_WAP_SUB,,_Z,,Y,,_T,,Y15T64,,_Z,,Q,,2002-Q3,,65.34321,,,,A,,0,,1,
DATAFLOW,OECD.SDD.TPS:DSD_LFS@DF_IALFS_EMP_WAP_Q(1.0),,I,IRL,,EMP_WAP,,PT_WAP_SUB,,_Z,,Y,,_T,,Y15T64,,_Z,,Q,,2002-Q4,,65.26238,,,,A,,0,,1,
DATAFLOW,OECD.SDD.TPS:DSD_LFS@DF_IALFS_EMP_WAP_Q(1.0),,I,IRL,,EMP_WAP,,PT_WAP_SUB,,_Z,,Y,,_T,,Y15T64,,_Z,,Q,,2003-Q1,,65.29475,,,,A,,0,,1,
DATAFLOW,OECD.SDD.TPS:DSD_LFS@DF_IALFS_EMP_WAP_Q(1.0),,I,IRL,,EMP_WAP,,PT_WAP_SUB,,_Z,,Y,,_T,,Y15T64,,_Z,,Q,,2003-Q2,,65.49341,,,,A,,0,,1,
DATAFLOW,OECD.SDD.TPS:DSD_LFS@DF_IALFS_EMP_WAP_Q(1.0),,I,IRL,,EMP_WAP,,PT_WAP_SUB,,_Z,,Y,,_T,,Y15T64,,_Z,,Q,,2003-Q3,,65.40244,,,,A,,0,,1,
DATAFLOW,OECD.SDD.TPS:DSD_LFS@DF_IALFS_EMP_WAP_Q(1.0),,I,IRL,,EMP_WAP,,PT_WAP_SUB,,_Z,,Y,,_T,,Y15T64,,_Z,,Q,,2003-Q4,,65.8063,,,,A,,0,,1,
DATAFLOW,OECD.SDD.TPS:DSD_LFS@DF_IALFS_EMP_WAP_Q(1.0),,I,IRL,,EMP_WAP,,PT_WAP_SUB,,_Z,,Y,,_T,,Y15T64,,_Z,,Q,,2004-Q1,,66.04763,,,,A,,0,,1,
DATAFLOW,OECD.SDD.TPS:DSD_LFS@DF_IALFS_EMP_WAP_Q(1.0),,I,IRL,,EMP_WAP,,PT_WAP_SUB,,_Z,,Y,,_T,,Y15T64,,_Z,,Q,,2004-Q2,,65.96355,,,,A,,0,,1,
DATAFLOW,OECD.SDD.TPS:DSD_LFS@DF_IALFS_EMP_WAP_Q(1.0),,I,IRL,,EMP_WAP,,PT_WAP_SUB,,_Z,,Y,,_T,,Y15T64,,_Z,,Q,,2004-Q3,,66.28184,,,,A,,0,,1,
DATAFLOW,OECD.SDD.TPS:DSD_LFS@DF_IALFS_EMP_WAP_Q(1.0),,I,IRL,,EMP_WAP,,PT_WAP_SUB,,_Z,,Y,,_T,,Y15T64,,_Z,,Q,,2004-Q4,,66.81186,,,,A,,0,,1,
DATAFLOW,OECD.SDD.TPS:DSD_LFS@DF_IALFS_EMP_WAP_Q(1.0),,I,IRL,,EMP_WAP,,PT_WAP_SUB,,_Z,,Y,,_T,,Y15T64,,_Z,,Q,,2005-Q1,,67.18142,,,,A,,0,,1,
DATAFLOW,OECD.SDD.TPS:DSD_LFS@DF_IALFS_EMP_WAP_Q(1.0),,I,IRL,,EMP_WAP,,PT_WAP_SUB,,_Z,,Y,,_T,,Y15T64,,_Z,,Q,,2005-Q2,,67.51587,,,,A,,0,,1,
DATAFLOW,OECD.SDD.TPS:DSD_LFS@DF_IALFS_EMP_WAP_Q(1.0),,I,IRL,,EMP_WAP,,PT_WAP_SUB,,_Z,,Y,,_T,,Y15T64,,_Z,,Q,,2005-Q3,,67.89343,,,,A,,0,,1,
DATAFLOW,OECD.SDD.TPS:DSD_LFS@DF_IALFS_EMP_WAP_Q(1.0),,I,IRL,,EMP_WAP,,PT_WAP_SUB,,_Z,,Y,,_T,,Y15T64,,_Z,,Q,,2005-Q4,,67.99429,,,,A,,0,,1,
DATAFLOW,OECD.SDD.TPS:DSD_LFS@DF_IALFS_EMP_WAP_Q(1.0),,I,IRL,,EMP_WAP,,PT_WAP_SUB,,_Z,,Y,,_T,,Y15T64,,_Z,,Q,,2006-Q1,,68.48476,,,,A,,0,,1,
DATAFLOW,OECD.SDD.TPS:DSD_LFS@DF_IALFS_EMP_WAP_Q(1.0),,I,IRL,,EMP_WAP,,PT_WAP_SUB,,_Z,,Y,,_T,,Y15T64,,_Z,,Q,,2006-Q2,,68.45834,,,,A,,0,,1,
DATAFLOW,OECD.SDD.TPS:DSD_LFS@DF_IALFS_EMP_WAP_Q(1.0),,I,IRL,,EMP_WAP,,PT_WAP_SUB,,_Z,,Y,,_T,,Y15T64,,_Z,,Q,,2006-Q3,,68.71059,,,,A,,0,,1,
DATAFLOW,OECD.SDD.TPS:DSD_LFS@DF_IALFS_EMP_WAP_Q(1.0),,I,IRL,,EMP_WAP,,PT_WAP_SUB,,_Z,,Y,,_T,,Y15T64,,_Z,,Q,,2006-Q4,,69.00396,,,,A,,0,,1,
DATAFLOW,OECD.SDD.TPS:DSD_LFS@DF_IALFS_EMP_WAP_Q(1.0),,I,IRL,,EMP_WAP,,PT_WAP_SUB,,_Z,,Y,,_T,,Y15T64,,_Z,,Q,,2007-Q1,,71.805,,,,A,,0,,1,
DATAFLOW,OECD.SDD.TPS:DSD_LFS@DF_IALFS_EMP_WAP_Q(1.0),,I,IRL,,EMP_WAP,,PT_WAP_SUB,,_Z,,Y,,_T,,Y15T64,,_Z,,Q,,2007-Q2,,71.81419,,,,A,,0,,1,
DATAFLOW,OECD.SDD.TPS:DSD_LFS@DF_IALFS_EMP_WAP_Q(1.0),,I,IRL,,EMP_WAP,,PT_WAP_SUB,,_Z,,Y,,_T,,Y15T64,,_Z,,Q,,2007-Q3,,71.83748,,,,A,,0,,1,
DATAFLOW,OECD.SDD.TPS:DSD_LFS@DF_IALFS_EMP_WAP_Q(1.0),,I,IRL,,EMP_WAP,,PT_WAP_SUB,,_Z,,Y,,_T,,Y15T64,,_Z,,Q,,2007-Q4,,71.50362,,,,A,,0,,1,
DATAFLOW,OECD.SDD.TPS:DSD_LFS@DF_IALFS_EMP_WAP_Q(1.0),,I,IRL,,EMP_WAP,,PT_WAP_SUB,,_Z,,Y,,_T,,Y15T64,,_Z,,Q,,2008-Q1,,71.05537,,,,A,,0,,1,
DATAFLOW,OECD.SDD.TPS:DSD_LFS@DF_IALFS_EMP_WAP_Q(1.0),,I,IRL,,EMP_WAP,,PT_WAP_SUB,,_Z,,Y,,_T,,Y15T64,,_Z,,Q,,2008-Q2,,70.32677,,,,A,,0,,1,
DATAFLOW,OECD.SDD.TPS:DSD_LFS@DF_IALFS_EMP_WAP_Q(1.0),,I,IRL,,EMP_WAP,,PT_WAP_SUB,,_Z,,Y,,_T,,Y15T64,,_Z,,Q,,2008-Q3,,69.35559,,,,A,,0,,1,
DATAFLOW,OECD.SDD.TPS:DSD_LFS@DF_IALFS_EMP_WAP_Q(1.0),,I,IRL,,EMP_WAP,,PT_WAP_SUB,,_Z,,Y,,_T,,Y15T64,,_Z,,Q,,2009-Q1,,65.49395,,,,A,,0,,1,
DATAFLOW,OECD.SDD.TPS:DSD_LFS@DF_IALFS_EMP_WAP_Q(1.0),,I,IRL,,EMP_WAP,,PT_WAP_SUB,,_Z,,Y,,_T,,Y15T64,,_Z,,Q,,2009-Q2,,63.93127,,,,A,,0,,1,
DATAFLOW,OECD.SDD.TPS:DSD_LFS@DF_IALFS_EMP_WAP_Q(1.0),,I,IRL,,EMP_WAP,,PT_WAP_SUB,,_Z,,Y,,_T,,Y15T64,,_Z,,Q,,2009-Q3,,62.89785,,,,A,,0,,1,
DATAFLOW,OECD.SDD.TPS:DSD_LFS@DF_IALFS_EMP_WAP_Q(1.0),,I,IRL,,EMP_WAP,,PT_WAP_SUB,,_Z,,Y,,_T,,Y15T64,,_Z,,Q,,2009-Q4,,62.16056,,,,A,,0,,1,
DATAFLOW,OECD.SDD.TPS:DSD_LFS@DF_IALFS_EMP_WAP_Q(1.0),,I,IRL,,EMP_WAP,,PT_WAP_SUB,,_Z,,Y,,_T,,Y15T64,,_Z,,Q,,2010-Q1,,61.67893,,,,A,,0,,1,
DATAFLOW,OECD.SDD.TPS:DSD_LFS@DF_IALFS_EMP_WAP_Q(1.0),,I,IRL,,EMP_WAP,,PT_WAP_SUB,,_Z,,Y,,_T,,Y15T64,,_Z,,Q,,2010-Q2,,61.19973,,,,A,,0,,1,
DATAFLOW,OECD.SDD.TPS:DSD_LFS@DF_IALFS_EMP_WAP_Q(1.0),,I,IRL,,EMP_WAP,,PT_WAP_SUB,,_Z,,Y,,_T,,Y15T64,,_Z,,Q,,2010-Q3,,60.84038,,,,A,,0,,1,
DATAFLOW,OECD.SDD.TPS:DSD_LFS@DF_IALFS_EMP_WAP_Q(1.0),,I,IRL,,EMP_WAP,,PT_WAP_SUB,,_Z,,Y,,_T,,Y15T64,,_Z,,Q,,2010-Q4,,60.10406,,,,A,,0,,1,
DATAFLOW,OECD.SDD.TPS:DSD_LFS@DF_IALFS_EMP_WAP_Q(1.0),,I,IRL,,EMP_WAP,,PT_WAP_SUB,,_Z,,Y,,_T,,Y15T64,,_Z,,Q,,2011-Q1,,60.08484,,,,A,,0,,1,
DATAFLOW,OECD.SDD.TPS:DSD_LFS@DF_IALFS_EMP_WAP_Q(1.0),,I,IRL,,EMP_WAP,,PT_WAP_SUB,,_Z,,Y,,_T,,Y15T64,,_Z,,Q,,2011-Q2,,60.30217,,,,A,,0,,1,
DATAFLOW,OECD.SDD.TPS:DSD_LFS@DF_IALFS_EMP_WAP_Q(1.0),,I,IRL,,EMP_WAP,,PT_WAP_SUB,,_Z,,Y,,_T,,Y15T64,,_Z,,Q,,2011-Q3,,59.78864,,,,A,,0,,1,
DATAFLOW,OECD.SDD.TPS:DSD_LFS@DF_IALFS_EMP_WAP_Q(1.0),,I,IRL,,EMP_WAP,,PT_WAP_SUB,,_Z,,Y,,_T,,Y15T64,,_Z,,Q,,2011-Q4,,59.88621,,,,A,,0,,1,
DATAFLOW,OECD.SDD.TPS:DSD_LFS@DF_IALFS_EMP_WAP_Q(1.0),,I,IRL,,EMP_WAP,,PT_WAP_SUB,,_Z,,Y,,_T,,Y15T64,,_Z,,Q,,2012-Q1,,59.70051,,,,A,,0,,1,
DATAFLOW,OECD.SDD.TPS:DSD_LFS@DF_IALFS_EMP_WAP_Q(1.0),,I,IRL,,EMP_WAP,,PT_WAP_SUB,,_Z,,Y,,_T,,Y15T64,,_Z,,Q,,2012-Q2,,59.79069,,,,A,,0,,1,
DATAFLOW,OECD.SDD.TPS:DSD_LFS@DF_IALFS_EMP_WAP_Q(1.0),,I,IRL,,EMP_WAP,,PT_WAP_SUB,,_Z,,Y,,_T,,Y15T64,,_Z,,Q,,2012-Q3,,59.94754,,,,A,,0,,1,
DATAFLOW,OECD.SDD.TPS:DSD_LFS@DF_IALFS_EMP_WAP_Q(1.0),,I,IRL,,EMP_WAP,,PT_WAP_SUB,,_Z,,Y,,_T,,Y15T64,,_Z,,Q,,2012-Q4,,60.22909,,,,A,,0,,1,
DATAFLOW,OECD.SDD.TPS:DSD_LFS@DF_IALFS_EMP_WAP_Q(1.0),,I,IRL,,EMP_WAP,,PT_WAP_SUB,,_Z,,Y,,_T,,Y15T64,,_Z,,Q,,2013-Q1,,60.94439,,,,A,,0,,1,
DATAFLOW,OECD.SDD.TPS:DSD_LFS@DF_IALFS_EMP_WAP_Q(1.0),,I,IRL,,EMP_WAP,,PT_WAP_SUB,,_Z,,Y,,_T,,Y15T64,,_Z,,Q,,2013-Q2,,61.40505,,,,A,,0,,1,
DATAFLOW,OECD.SDD.TPS:DSD_LFS@DF_IALFS_EMP_WAP_Q(1.0),,I,IRL,,EMP_WAP,,PT_WAP_SUB,,_Z,,Y,,_T,,Y15T64,,_Z,,Q,,2013-Q3,,62.07256,,,,A,,0,,1,
DATAFLOW,OECD.SDD.TPS:DSD_LFS@DF_IALFS_EMP_WAP_Q(1.0),,I,IRL,,EMP_WAP,,PT_WAP_SUB,,_Z,,Y,,_T,,Y15T64,,_Z,,Q,,2013-Q4,,62.46483,,,,A,,0,,1,
DATAFLOW,OECD.SDD.TPS:DSD_LFS@DF_IALFS_EMP_WAP_Q(1.0),,I,IRL,,EMP_WAP,,PT_WAP_SUB,,_Z,,Y,,_T,,Y15T64,,_Z,,Q,,2014-Q1,,62.44971,,,,A,,0,,1,
DATAFLOW,OECD.SDD.TPS:DSD_LFS@DF_IALFS_EMP_WAP_Q(1.0),,I,IRL,,EMP_WAP,,PT_WAP_SUB,,_Z,,Y,,_T,,Y15T64,,_Z,,Q,,2014-Q2,,62.72094,,,,A,,0,,1,
DATAFLOW,OECD.SDD.TPS:DSD_LFS@DF_IALFS_EMP_WAP_Q(1.0),,I,IRL,,EMP_WAP,,PT_WAP_SUB,,_Z,,Y,,_T,,Y15T64,,_Z,,Q,,2014-Q3,,63.37901,,,,A,,0,,1,
DATAFLOW,OECD.SDD.TPS:DSD_LFS@DF_IALFS_EMP_WAP_Q(1.0),,I,IRL,,EMP_WAP,,PT_WAP_SUB,,_Z,,Y,,_T,,Y15T64,,_Z,,Q,,2014-Q4,,63.89713,,,,A,,0,,1,
DATAFLOW,OECD.SDD.TPS:DSD_LFS@DF_IALFS_EMP_WAP_Q(1.0),,I,IRL,,EMP_WAP,,PT_WAP_SUB,,_Z,,Y,,_T,,Y15T64,,_Z,,Q,,2015-Q1,,64.0822,,,,A,,0,,1,
DATAFLOW,OECD.SDD.TPS:DSD_LFS@DF_IALFS_EMP_WAP_Q(1.0),,I,IRL,,EMP_WAP,,PT_WAP_SUB,,_Z,,Y,,_T,,Y15T64,,_Z,,Q,,2015-Q2,,64.57698,,,,A,,0,,1,
DATAFLOW,OECD.SDD.TPS:DSD_LFS@DF_IALFS_EMP_WAP_Q(1.0),,I,IRL,,EMP_WAP,,PT_WAP_SUB,,_Z,,Y,,_T,,Y15T64,,_Z,,Q,,2015-Q3,,64.92361,,,,A,,0,,1,
DATAFLOW,OECD.SDD.TPS:DSD_LFS@DF_IALFS_EMP_WAP_Q(1.0),,I,IRL,,EMP_WAP,,PT_WAP_SUB,,_Z,,Y,,_T,,Y15T64,,_Z,,Q,,2015-Q4,,65.25786,,,,A,,0,,1,
DATAFLOW,OECD.SDD.TPS:DSD_LFS@DF_IALFS_EMP_WAP_Q(1.0),,I,IRL,,EMP_WAP,,PT_WAP_SUB,,_Z,,Y,,_T,,Y15T64,,_Z,,Q,,2016-Q1,,65.67157,,,,A,,0,,1,
DATAFLOW,OECD.SDD.TPS:DSD_LFS@DF_IALFS_EMP_WAP_Q(1.0),,I,IRL,,EMP_WAP,,PT_WAP_SUB,,_Z,,Y,,_T,,Y15T64,,_Z,,Q,,2016-Q2,,66.24326,,,,A,,0,,1,
DATAFLOW,OECD.SDD.TPS:DSD_LFS@DF_IALFS_EMP_WAP_Q(1.0),,I,IRL,,EMP_WAP,,PT_WAP_SUB,,_Z,,Y,,_T,,Y15T64,,_Z,,Q,,2016-Q3,,66.72852,,,,A,,0,,1,
DATAFLOW,OECD.SDD.TPS:DSD_LFS@DF_IALFS_EMP_WAP_Q(1.0),,I,IRL,,EMP_WAP,,PT_WAP_SUB,,_Z,,Y,,_T,,Y15T64,,_Z,,Q,,2016-Q4,,66.95636,,,,A,,0,,1,
DATAFLOW,OECD.SDD.TPS:DSD_LFS@DF_IALFS_EMP_WAP_Q(1.0),,I,IRL,,EMP_WAP,,PT_WAP_SUB,,_Z,,Y,,_T,,Y15T64,,_Z,,Q,,2017-Q1,,67.30123,,,,A,,0,,1,
DATAFLOW,OECD.SDD.TPS:DSD_LFS@DF_IALFS_EMP_WAP_Q(1.0),,I,IRL,,EMP_WAP,,PT_WAP_SUB,,_Z,,Y,,_T,,Y15T64,,_Z,,Q,,2017-Q2,,67.49038,,,,A,,0,,1,
DATAFLOW,OECD.SDD.TPS:DSD_LFS@DF_IALFS_EMP_WAP_Q(1.0),,I,IRL,,EMP_WAP,,PT_WAP_SUB,,_Z,,Y,,_T,,Y15T64,,_Z,,Q,,2017-Q3,,67.57098,,,,A,,0,,1,
DATAFLOW,OECD.SDD.TPS:DSD_LFS@DF_IALFS_EMP_WAP_Q(1.0),,I,IRL,,EMP_WAP,,PT_WAP_SUB,,_Z,,Y,,_T,,Y15T64,,_Z,,Q,,2017-Q4,,67.95394,,,,A,,0,,1,
DATAFLOW,OECD.SDD.TPS:DSD_LFS@DF_IALFS_EMP_WAP_Q(1.0),,I,IRL,,EMP_WAP,,PT_WAP_SUB,,_Z,,Y,,_T,,Y15T64,,_Z,,Q,,2018-Q1,,68.19379,,,,A,,0,,1,
DATAFLOW,OECD.SDD.TPS:DSD_LFS@DF_IALFS_EMP_WAP_Q(1.0),,I,IRL,,EMP_WAP,,PT_WAP_SUB,,_Z,,Y,,_T,,Y15T64,,_Z,,Q,,2018-Q2,,68.43781,,,,A,,0,,1,
DATAFLOW,OECD.SDD.TPS:DSD_LFS@DF_IALFS_EMP_WAP_Q(1.0),,I,IRL,,EMP_WAP,,PT_WAP_SUB,,_Z,,Y,,_T,,Y15T64,,_Z,,Q,,2018-Q3,,68.66427,,,,A,,0,,1,
DATAFLOW,OECD.SDD.TPS:DSD_LFS@DF_IALFS_EMP_WAP_Q(1.0),,I,IRL,,EMP_WAP,,PT_WAP_SUB,,_Z,,Y,,_T,,Y15T64,,_Z,,Q,,2018-Q4,,68.71471,,,,A,,0,,1,
DATAFLOW,OECD.SDD.TPS:DSD_LFS@DF_IALFS_EMP_WAP_Q(1.0),,I,IRL,,EMP_WAP,,PT_WAP_SUB,,_Z,,Y,,_T,,Y15T64,,_Z,,Q,,2019-Q1,,69.5563,,,,A,,0,,1,
DATAFLOW,OECD.SDD.TPS:DSD_LFS@DF_IALFS_EMP_WAP_Q(1.0),,I,IRL,,EMP_WAP,,PT_WAP_SUB,,_Z,,Y,,_T,,Y15T64,,_Z,,Q,,2019-Q2,,69.11974,,,,A,,0,,1,
DATAFLOW,OECD.SDD.TPS:DSD_LFS@DF_IALFS_EMP_WAP_Q(1.0),,I,IRL,,EMP_WAP,,PT_WAP_SUB,,_Z,,Y,,_T,,Y15T64,,_Z,,Q,,2019-Q3,,69.16756,,,,A,,0,,1,
DATAFLOW,OECD.SDD.TPS:DSD_LFS@DF_IALFS_EMP_WAP_Q(1.0),,I,IRL,,EMP_WAP,,PT_WAP_SUB,,_Z,,Y,,_T,,Y15T64,,_Z,,Q,,2019-Q4,,69.82173,,,,A,,0,,1,
DATAFLOW,OECD.SDD.TPS:DSD_LFS@DF_IALFS_EMP_WAP_Q(1.0),,I,IRL,,EMP_WAP,,PT_WAP_SUB,,_Z,,Y,,_T,,Y15T64,,_Z,,Q,,2020-Q1,,70.04011,,,,A,,0,,1,
DATAFLOW,OECD.SDD.TPS:DSD_LFS@DF_IALFS_EMP_WAP_Q(1.0),,I,IRL,,EMP_WAP,,PT_WAP_SUB,,_Z,,Y,,_T,,Y15T64,,_Z,,Q,,2020-Q2,,63.33472,,,,A,,0,,1,
DATAFLOW,OECD.SDD.TPS:DSD_LFS@DF_IALFS_EMP_WAP_Q(1.0),,I,IRL,,EMP_WAP,,PT_WAP_SUB,,_Z,,Y,,_T,,Y15T64,,_Z,,Q,,2020-Q3,,66.09607,,,,A,,0,,1,
DATAFLOW,OECD.SDD.TPS:DSD_LFS@DF_IALFS_EMP_WAP_Q(1.0),,I,IRL,,EMP_WAP,,PT_WAP_SUB,,_Z,,Y,,_T,,Y15T64,,_Z,,Q,,2020-Q4,,66.73193,,,,A,,0,,1,
DATAFLOW,OECD.SDD.TPS:DSD_LFS@DF_IALFS_EMP_WAP_Q(1.0),,I,IRL,,EMP_WAP,,PT_WAP_SUB,,_Z,,Y,,_T,,Y15T64,,_Z,,Q,,2021-Q1,,65.93638,,,,A,,0,,1,
DATAFLOW,OECD.SDD.TPS:DSD_LFS@DF_IALFS_EMP_WAP_Q(1.0),,I,IRL,,EMP_WAP,,PT_WAP_SUB,,_Z,,Y,,_T,,Y15T64,,_Z,,Q,,2021-Q2,,68.79409,,,,A,,0,,1,
DATAFLOW,OECD.SDD.TPS:DSD_LFS@DF_IALFS_EMP_WAP_Q(1.0),,I,IRL,,EMP_WAP,,PT_WAP_SUB,,_Z,,Y,,_T,,Y15T64,,_Z,,Q,,2021-Q3,,71.82034,,,,A,,0,,1,
DATAFLOW,OECD.SDD.TPS:DSD_LFS@DF_IALFS_EMP_WAP_Q(1.0),,I,IRL,,EMP_WAP,,PT_WAP_SUB,,_Z,,Y,,_T,,Y15T64,,_Z,,Q,,2021-Q4,,72.70541,,,,A,,0,,1,
DATAFLOW,OECD.SDD.TPS:DSD_LFS@DF_IALFS_EMP_WAP_Q(1.0),,I,IRL,,EMP_WAP,,PT_WAP_SUB,,_Z,,Y,,_T,,Y15T64,,_Z,,Q,,2022-Q1,,73.11217,,,,A,,0,,1,
DATAFLOW,OECD.SDD.TPS:DSD_LFS@DF_IALFS_EMP_WAP_Q(1.0),,I,IRL,,EMP_WAP,,PT_WAP_SUB,,_Z,,Y,,_T,,Y15T64,,_Z,,Q,,2022-Q2,,73.58344,,,,A,,0,,1,
DATAFLOW,OECD.SDD.TPS:DSD_LFS@DF_IALFS_EMP_WAP_Q(1.0),,I,IRL,,EMP_WAP,,PT_WAP_SUB,,_Z,,Y,,_T,,Y15T64,,_Z,,Q,,2022-Q3,,73.05009,,,,A,,0,,1,
DATAFLOW,OECD.SDD.TPS:DSD_LFS@DF_IALFS_EMP_WAP_Q(1.0),,I,IRL,,EMP_WAP,,PT_WAP_SUB,,_Z,,Y,,_T,,Y15T64,,_Z,,Q,,2022-Q4,,73.30494,,,,A,,0,,1,
DATAFLOW,OECD.SDD.TPS:DSD_LFS@DF_IALFS_EMP_WAP_Q(1.0),,I,IRL,,EMP_WAP,,PT_WAP_SUB,,_Z,,Y,,_T,,Y15T64,,_Z,,Q,,2023-Q1,,73.88615,,,,A,,0,,1,
DATAFLOW,OECD.SDD.TPS:DSD_LFS@DF_IALFS_EMP_WAP_Q(1.0),,I,IRL,,EMP_WAP,,PT_WAP_SUB,,_Z,,Y,,_T,,Y15T64,,_Z,,Q,,2023-Q2,,74.32948,,,,A,,0,,1,
DATAFLOW,OECD.SDD.TPS:DSD_LFS@DF_IALFS_EMP_WAP_Q(1.0),,I,IRL,,EMP_WAP,,PT_WAP_SUB,,_Z,,Y,,_T,,Y15T64,,_Z,,Q,,2023-Q3,,73.89976,,,,A,,0,,1,
DATAFLOW,OECD.SDD.TPS:DSD_LFS@DF_IALFS_EMP_WAP_Q(1.0),,I,IRL,,EMP_WAP,,PT_WAP_SUB,,_Z,,Y,,_T,,Y15T64,,_Z,,Q,,2023-Q4,,74.00393,,,,A,,0,,1,
DATAFLOW,OECD.SDD.TPS:DSD_LFS@DF_IALFS_EMP_WAP_Q(1.0),,I,IRL,,EMP_WAP,,PT_WAP_SUB,,_Z,,Y,,_T,,Y15T64,,_Z,,Q,,2024-Q1,,74.24599,,,,A,,0,,1,
DATAFLOW,OECD.SDD.TPS:DSD_LFS@DF_IALFS_EMP_WAP_Q(1.0),,I,IRL,,EMP_WAP,,PT_WAP_SUB,,_Z,,Y,,_T,,Y15T64,,_Z,,Q,,2024-Q2,,74.41618,,,,A,,0,,1,
DATAFLOW,OECD.SDD.TPS:DSD_LFS@DF_IALFS_EMP_WAP_Q(1.0),,I,IRL,,EMP_WAP,,PT_WAP_SUB,,_Z,,Y,,_T,,Y15T64,,_Z,,Q,,2024-Q3,,74.85366,,,,A,,0,,1,
DATAFLOW,OECD.SDD.TPS:DSD_LFS@DF_IALFS_EMP_WAP_Q(1.0),,I,IRL,,EMP_WAP,,PT_WAP_SUB,,_Z,,Y,,_T,,Y15T64,,_Z,,Q,,2024-Q4,,74.32618,,,,A,,0,,1,
DATAFLOW,OECD.SDD.TPS:DSD_LFS@DF_IALFS_EMP_WAP_Q(1.0),,I,IRL,,EMP_WAP,,PT_WAP_SUB,,_Z,,Y,,_T,,Y15T64,,_Z,,Q,,2025-Q1,,74.97644,,,,A,,0,,1,
DATAFLOW,OECD.SDD.TPS:DSD_LFS@DF_IALFS_EMP_WAP_Q(1.0),,I,IRL,,EMP_WAP,,PT_WAP_SUB,,_Z,,Y,,_T,,Y15T64,,_Z,,Q,,2025-Q2,,74.7321,,,,A,,0,,1,
DATAFLOW,OECD.SDD.TPS:DSD_LFS@DF_IALFS_EMP_WAP_Q(1.0),,I,IRL,,EMP_WAP,,PT_WAP_SUB,,_Z,,Y,,_T,,Y15T64,,_Z,,Q,,2025-Q3,,74.34791,,,,A,,0,,1,
DATAFLOW,OECD.SDD.TPS:DSD_LFS@DF_IALFS_EMP_WAP_Q(1.0),,I,IRL,,EMP_WAP,,PT_WAP_SUB,,_Z,,Y,,_T,,Y15T64,,_Z,,Q,,2025-Q4,,74.43325,,,,A,,0,,1,
DATAFLOW,OECD.SDD.TPS:DSD_LFS@DF_IALFS_EMP_WAP_Q(1.0),,I,IRL,,EMP_WAP,,PT_WAP_SUB,,_Z,,Y,,_T,,Y15T64,,_Z,,Q,,2026-Q1,,73.9012,,,,A,,0,,1,
DATAFLOW,OECD.SDD.TPS:DSD_LFS@DF_IALFS_EMP_WAP_Q(1.0),,I,NOR,,EMP_WAP,,PT_WAP_SUB,,_Z,,Y,,_T,,Y15T64,,_Z,,Q,,2000-Q1,,77.42034,,,,A,,0,,1,
DATAFLOW,OECD.SDD.TPS:DSD_LFS@DF_IALFS_EMP_WAP_Q(1.0),,I,NOR,,EMP_WAP,,PT_WAP_SUB,,_Z,,Y,,_T,,Y15T64,,_Z,,Q,,2000-Q2,,77.60725,,,,A,,0,,1,
DATAFLOW,OECD.SDD.TPS:DSD_LFS@DF_IALFS_EMP_WAP_Q(1.0),,I,NOR,,EMP_WAP,,PT_WAP_SUB,,_Z,,Y,,_T,,Y15T64,,_Z,,Q,,2000-Q3,,77.52644,,,,A,,0,,1,
DATAFLOW,OECD.SDD.TPS:DSD_LFS@DF_IALFS_EMP_WAP_Q(1.0),,I,NOR,,EMP_WAP,,PT_WAP_SUB,,_Z,,Y,,_T,,Y15T64,,_Z,,Q,,2000-Q4,,77.46281,,,,A,,0,,1,
DATAFLOW,OECD.SDD.TPS:DSD_LFS@DF_IALFS_EMP_WAP_Q(1.0),,I,NOR,,EMP_WAP,,PT_WAP_SUB,,_Z,,Y,,_T,,Y15T64,,_Z,,Q,,2001-Q1,,77.28835,,,,A,,0,,1,
DATAFLOW,OECD.SDD.TPS:DSD_LFS@DF_IALFS_EMP_WAP_Q(1.0),,I,NOR,,EMP_WAP,,PT_WAP_SUB,,_Z,,Y,,_T,,Y15T64,,_Z,,Q,,2001-Q2,,77.27651,,,,A,,0,,1,
DATAFLOW,OECD.SDD.TPS:DSD_LFS@DF_IALFS_EMP_WAP_Q(1.0),,I,NOR,,EMP_WAP,,PT_WAP_SUB,,_Z,,Y,,_T,,Y15T64,,_Z,,Q,,2001-Q3,,77.04218,,,,A,,0,,1,
DATAFLOW,OECD.SDD.TPS:DSD_LFS@DF_IALFS_EMP_WAP_Q(1.0),,I,NOR,,EMP_WAP,,PT_WAP_SUB,,_Z,,Y,,_T,,Y15T64,,_Z,,Q,,2001-Q4,,77.11557,,,,A,,0,,1,
DATAFLOW,OECD.SDD.TPS:DSD_LFS@DF_IALFS_EMP_WAP_Q(1.0),,I,NOR,,EMP_WAP,,PT_WAP_SUB,,_Z,,Y,,_T,,Y15T64,,_Z,,Q,,2002-Q1,,77.11416,,,,A,,0,,1,
DATAFLOW,OECD.SDD.TPS:DSD_LFS@DF_IALFS_EMP_WAP_Q(1.0),,I,NOR,,EMP_WAP,,PT_WAP_SUB,,_Z,,Y,,_T,,Y15T64,,_Z,,Q,,2002-Q2,,77.15443,,,,A,,0,,1,
DATAFLOW,OECD.SDD.TPS:DSD_LFS@DF_IALFS_EMP_WAP_Q(1.0),,I,NOR,,EMP_WAP,,PT_WAP_SUB,,_Z,,Y,,_T,,Y15T64,,_Z,,Q,,2002-Q3,,76.81587,,,,A,,0,,1,
DATAFLOW,OECD.SDD.TPS:DSD_LFS@DF_IALFS_EMP_WAP_Q(1.0),,I,NOR,,EMP_WAP,,PT_WAP_SUB,,_Z,,Y,,_T,,Y15T64,,_Z,,Q,,2002-Q4,,76.22813,,,,A,,0,,1,
DATAFLOW,OECD.SDD.TPS:DSD_LFS@DF_IALFS_EMP_WAP_Q(1.0),,I,NOR,,EMP_WAP,,PT_WAP_SUB,,_Z,,Y,,_T,,Y15T64,,_Z,,Q,,2003-Q1,,75.86675,,,,A,,0,,1,
DATAFLOW,OECD.SDD.TPS:DSD_LFS@DF_IALFS_EMP_WAP_Q(1.0),,I,NOR,,EMP_WAP,,PT_WAP_SUB,,_Z,,Y,,_T,,Y15T64,,_Z,,Q,,2003-Q2,,75.42261,,,,A,,0,,1,
DATAFLOW,OECD.SDD.TPS:DSD_LFS@DF_IALFS_EMP_WAP_Q(1.0),,I,NOR,,EMP_WAP,,PT_WAP_SUB,,_Z,,Y,,_T,,Y15T64,,_Z,,Q,,2003-Q3,,75.36467,,,,A,,0,,1,
DATAFLOW,OECD.SDD.TPS:DSD_LFS@DF_IALFS_EMP_WAP_Q(1.0),,I,NOR,,EMP_WAP,,PT_WAP_SUB,,_Z,,Y,,_T,,Y15T64,,_Z,,Q,,2003-Q4,,75.24102,,,,A,,0,,1,
DATAFLOW,OECD.SDD.TPS:DSD_LFS@DF_IALFS_EMP_WAP_Q(1.0),,I,NOR,,EMP_WAP,,PT_WAP_SUB,,_Z,,Y,,_T,,Y15T64,,_Z,,Q,,2004-Q1,,75.04458,,,,A,,0,,1,
DATAFLOW,OECD.SDD.TPS:DSD_LFS@DF_IALFS_EMP_WAP_Q(1.0),,I,NOR,,EMP_WAP,,PT_WAP_SUB,,_Z,,Y,,_T,,Y15T64,,_Z,,Q,,2004-Q2,,75.16496,,,,A,,0,,1,
DATAFLOW,OECD.SDD.TPS:DSD_LFS@DF_IALFS_EMP_WAP_Q(1.0),,I,NOR,,EMP_WAP,,PT_WAP_SUB,,_Z,,Y,,_T,,Y15T64,,_Z,,Q,,2004-Q3,,75.21415,,,,A,,0,,1,
DATAFLOW,OECD.SDD.TPS:DSD_LFS@DF_IALFS_EMP_WAP_Q(1.0),,I,NOR,,EMP_WAP,,PT_WAP_SUB,,_Z,,Y,,_T,,Y15T64,,_Z,,Q,,2004-Q4,,75.06038,,,,A,,0,,1,
DATAFLOW,OECD.SDD.TPS:DSD_LFS@DF_IALFS_EMP_WAP_Q(1.0),,I,NOR,,EMP_WAP,,PT_WAP_SUB,,_Z,,Y,,_T,,Y15T64,,_Z,,Q,,2005-Q1,,74.67531,,,,A,,0,,1,
DATAFLOW,OECD.SDD.TPS:DSD_LFS@DF_IALFS_EMP_WAP_Q(1.0),,I,NOR,,EMP_WAP,,PT_WAP_SUB,,_Z,,Y,,_T,,Y15T64,,_Z,,Q,,2005-Q2,,74.58788,,,,A,,0,,1,
DATAFLOW,OECD.SDD.TPS:DSD_LFS@DF_IALFS_EMP_WAP_Q(1.0),,I,NOR,,EMP_WAP,,PT_WAP_SUB,,_Z,,Y,,_T,,Y15T64,,_Z,,Q,,2005-Q3,,74.93803,,,,A,,0,,1,
DATAFLOW,OECD.SDD.TPS:DSD_LFS@DF_IALFS_EMP_WAP_Q(1.0),,I,NOR,,EMP_WAP,,PT_WAP_SUB,,_Z,,Y,,_T,,Y15T64,,_Z,,Q,,2005-Q4,,75.12254,,,,A,,0,,1,
DATAFLOW,OECD.SDD.TPS:DSD_LFS@DF_IALFS_EMP_WAP_Q(1.0),,I,NOR,,EMP_WAP,,PT_WAP_SUB,,_Z,,Y,,_T,,Y15T64,,_Z,,Q,,2006-Q1,,75.22269,,,,A,,0,,1,
DATAFLOW,OECD.SDD.TPS:DSD_LFS@DF_IALFS_EMP_WAP_Q(1.0),,I,NOR,,EMP_WAP,,PT_WAP_SUB,,_Z,,Y,,_T,,Y15T64,,_Z,,Q,,2006-Q2,,75.15418,,,,A,,0,,1,
DATAFLOW,OECD.SDD.TPS:DSD_LFS@DF_IALFS_EMP_WAP_Q(1.0),,I,NOR,,EMP_WAP,,PT_WAP_SUB,,_Z,,Y,,_T,,Y15T64,,_Z,,Q,,2006-Q3,,75.47379,,,,A,,0,,1,
DATAFLOW,OECD.SDD.TPS:DSD_LFS@DF_IALFS_EMP_WAP_Q(1.0),,I,NOR,,EMP_WAP,,PT_WAP_SUB,,_Z,,Y,,_T,,Y15T64,,_Z,,Q,,2006-Q4,,75.58801,,,,A,,0,,1,
DATAFLOW,OECD.SDD.TPS:DSD_LFS@DF_IALFS_EMP_WAP_Q(1.0),,I,NOR,,EMP_WAP,,PT_WAP_SUB,,_Z,,Y,,_T,,Y15T64,,_Z,,Q,,2007-Q1,,76.21169,,,,A,,0,,1,
DATAFLOW,OECD.SDD.TPS:DSD_LFS@DF_IALFS_EMP_WAP_Q(1.0),,I,NOR,,EMP_WAP,,PT_WAP_SUB,,_Z,,Y,,_T,,Y15T64,,_Z,,Q,,2007-Q2,,76.46023,,,,A,,0,,1,
DATAFLOW,OECD.SDD.TPS:DSD_LFS@DF_IALFS_EMP_WAP_Q(1.0),,I,NOR,,EMP_WAP,,PT_WAP_SUB,,_Z,,Y,,_T,,Y15T64,,_Z,,Q,,2007-Q3,,76.89859,,,,A,,0,,1,
DATAFLOW,OECD.SDD.TPS:DSD_LFS@DF_IALFS_EMP_WAP_Q(1.0),,I,NOR,,EMP_WAP,,PT_WAP_SUB,,_Z,,Y,,_T,,Y15T64,,_Z,,Q,,2007-Q4,,77.62964,,,,A,,0,,1,
DATAFLOW,OECD.SDD.TPS:DSD_LFS@DF_IALFS_EMP_WAP_Q(1.0),,I,NOR,,EMP_WAP,,PT_WAP_SUB,,_Z,,Y,,_T,,Y15T64,,_Z,,Q,,2008-Q1,,78.06128,,,,A,,0,,1,
DATAFLOW,OECD.SDD.TPS:DSD_LFS@DF_IALFS_EMP_WAP_Q(1.0),,I,NOR,,EMP_WAP,,PT_WAP_SUB,,_Z,,Y,,_T,,Y15T64,,_Z,,Q,,2008-Q2,,78.06707,,,,A,,0,,1,
DATAFLOW,OECD.SDD.TPS:DSD_LFS@DF_IALFS_EMP_WAP_Q(1.0),,I,NOR,,EMP_WAP,,PT_WAP_SUB,,_Z,,Y,,_T,,Y15T64,,_Z,,Q,,2008-Q3,,78.11668,,,,A,,0,,1,
DATAFLOW,OECD.SDD.TPS:DSD_LFS@DF_IALFS_EMP_WAP_Q(1.0),,I,NOR,,EMP_WAP,,PT_WAP_SUB,,_Z,,Y,,_T,,Y15T64,,_Z,,Q,,2008-Q4,,77.58599,,,,A,,0,,1,
DATAFLOW,OECD.SDD.TPS:DSD_LFS@DF_IALFS_EMP_WAP_Q(1.0),,I,NOR,,EMP_WAP,,PT_WAP_SUB,,_Z,,Y,,_T,,Y15T64,,_Z,,Q,,2009-Q1,,77.36285,,,,A,,0,,1,
DATAFLOW,OECD.SDD.TPS:DSD_LFS@DF_IALFS_EMP_WAP_Q(1.0),,I,NOR,,EMP_WAP,,PT_WAP_SUB,,_Z,,Y,,_T,,Y15T64,,_Z,,Q,,2009-Q2,,76.90456,,,,A,,0,,1,
DATAFLOW,OECD.SDD.TPS:DSD_LFS@DF_IALFS_EMP_WAP_Q(1.0),,I,NOR,,EMP_WAP,,PT_WAP_SUB,,_Z,,Y,,_T,,Y15T64,,_Z,,Q,,2009-Q3,,76.01849,,,,A,,0,,1,
DATAFLOW,OECD.SDD.TPS:DSD_LFS@DF_IALFS_EMP_WAP_Q(1.0),,I,NOR,,EMP_WAP,,PT_WAP_SUB,,_Z,,Y,,_T,,Y15T64,,_Z,,Q,,2009-Q4,,75.8276,,,,A,,0,,1,
DATAFLOW,OECD.SDD.TPS:DSD_LFS@DF_IALFS_EMP_WAP_Q(1.0),,I,NOR,,EMP_WAP,,PT_WAP_SUB,,_Z,,Y,,_T,,Y15T64,,_Z,,Q,,2010-Q1,,75.62852,,,,A,,0,,1,
DATAFLOW,OECD.SDD.TPS:DSD_LFS@DF_IALFS_EMP_WAP_Q(1.0),,I,NOR,,EMP_WAP,,PT_WAP_SUB,,_Z,,Y,,_T,,Y15T64,,_Z,,Q,,2010-Q2,,75.54956,,,,A,,0,,1,
DATAFLOW,OECD.SDD.TPS:DSD_LFS@DF_IALFS_EMP_WAP_Q(1.0),,I,NOR,,EMP_WAP,,PT_WAP_SUB,,_Z,,Y,,_T,,Y15T64,,_Z,,Q,,2010-Q3,,75.22289,,,,A,,0,,1,
DATAFLOW,OECD.SDD.TPS:DSD_LFS@DF_IALFS_EMP_WAP_Q(1.0),,I,NOR,,EMP_WAP,,PT_WAP_SUB,,_Z,,Y,,_T,,Y15T64,,_Z,,Q,,2010-Q4,,75.3475,,,,A,,0,,1,
DATAFLOW,OECD.SDD.TPS:DSD_LFS@DF_IALFS_EMP_WAP_Q(1.0),,I,NOR,,EMP_WAP,,PT_WAP_SUB,,_Z,,Y,,_T,,Y15T64,,_Z,,Q,,2011-Q1,,75.36546,,,,A,,0,,1,
DATAFLOW,OECD.SDD.TPS:DSD_LFS@DF_IALFS_EMP_WAP_Q(1.0),,I,NOR,,EMP_WAP,,PT_WAP_SUB,,_Z,,Y,,_T,,Y15T64,,_Z,,Q,,2011-Q2,,75.23061,,,,A,,0,,1,
DATAFLOW,OECD.SDD.TPS:DSD_LFS@DF_IALFS_EMP_WAP_Q(1.0),,I,NOR,,EMP_WAP,,PT_WAP_SUB,,_Z,,Y,,_T,,Y15T64,,_Z,,Q,,2011-Q3,,75.63144,,,,A,,0,,1,
DATAFLOW,OECD.SDD.TPS:DSD_LFS@DF_IALFS_EMP_WAP_Q(1.0),,I,NOR,,EMP_WAP,,PT_WAP_SUB,,_Z,,Y,,_T,,Y15T64,,_Z,,Q,,2011-Q4,,75.75311,,,,A,,0,,1,
DATAFLOW,OECD.SDD.TPS:DSD_LFS@DF_IALFS_EMP_WAP_Q(1.0),,I,NOR,,EMP_WAP,,PT_WAP_SUB,,_Z,,Y,,_T,,Y15T64,,_Z,,Q,,2012-Q1,,75.95963,,,,A,,0,,1,
DATAFLOW,OECD.SDD.TPS:DSD_LFS@DF_IALFS_EMP_WAP_Q(1.0),,I,NOR,,EMP_WAP,,PT_WAP_SUB,,_Z,,Y,,_T,,Y15T64,,_Z,,Q,,2012-Q2,,76.00811,,,,A,,0,,1,
DATAFLOW,OECD.SDD.TPS:DSD_LFS@DF_IALFS_EMP_WAP_Q(1.0),,I,NOR,,EMP_WAP,,PT_WAP_SUB,,_Z,,Y,,_T,,Y15T64,,_Z,,Q,,2012-Q3,,75.85536,,,,A,,0,,1,
DATAFLOW,OECD.SDD.TPS:DSD_LFS@DF_IALFS_EMP_WAP_Q(1.0),,I,NOR,,EMP_WAP,,PT_WAP_SUB,,_Z,,Y,,_T,,Y15T64,,_Z,,Q,,2012-Q4,,75.69082,,,,A,,0,,1,
DATAFLOW,OECD.SDD.TPS:DSD_LFS@DF_IALFS_EMP_WAP_Q(1.0),,I,NOR,,EMP_WAP,,PT_WAP_SUB,,_Z,,Y,,_T,,Y15T64,,_Z,,Q,,2013-Q1,,75.57787,,,,A,,0,,1,
DATAFLOW,OECD.SDD.TPS:DSD_LFS@DF_IALFS_EMP_WAP_Q(1.0),,I,NOR,,EMP_WAP,,PT_WAP_SUB,,_Z,,Y,,_T,,Y15T64,,_Z,,Q,,2013-Q2,,75.46276,,,,A,,0,,1,
DATAFLOW,OECD.SDD.TPS:DSD_LFS@DF_IALFS_EMP_WAP_Q(1.0),,I,NOR,,EMP_WAP,,PT_WAP_SUB,,_Z,,Y,,_T,,Y15T64,,_Z,,Q,,2013-Q3,,75.62962,,,,A,,0,,1,
DATAFLOW,OECD.SDD.TPS:DSD_LFS@DF_IALFS_EMP_WAP_Q(1.0),,I,NOR,,EMP_WAP,,PT_WAP_SUB,,_Z,,Y,,_T,,Y15T64,,_Z,,Q,,2013-Q4,,75.56541,,,,A,,0,,1,
DATAFLOW,OECD.SDD.TPS:DSD_LFS@DF_IALFS_EMP_WAP_Q(1.0),,I,NOR,,EMP_WAP,,PT_WAP_SUB,,_Z,,Y,,_T,,Y15T64,,_Z,,Q,,2014-Q1,,75.25643,,,,A,,0,,1,
DATAFLOW,OECD.SDD.TPS:DSD_LFS@DF_IALFS_EMP_WAP_Q(1.0),,I,NOR,,EMP_WAP,,PT_WAP_SUB,,_Z,,Y,,_T,,Y15T64,,_Z,,Q,,2014-Q2,,75.61295,,,,A,,0,,1,
DATAFLOW,OECD.SDD.TPS:DSD_LFS@DF_IALFS_EMP_WAP_Q(1.0),,I,NOR,,EMP_WAP,,PT_WAP_SUB,,_Z,,Y,,_T,,Y15T64,,_Z,,Q,,2014-Q3,,75.25542,,,,A,,0,,1,
DATAFLOW,OECD.SDD.TPS:DSD_LFS@DF_IALFS_EMP_WAP_Q(1.0),,I,NOR,,EMP_WAP,,PT_WAP_SUB,,_Z,,Y,,_T,,Y15T64,,_Z,,Q,,2014-Q4,,75.33471,,,,A,,0,,1,
DATAFLOW,OECD.SDD.TPS:DSD_LFS@DF_IALFS_EMP_WAP_Q(1.0),,I,NOR,,EMP_WAP,,PT_WAP_SUB,,_Z,,Y,,_T,,Y15T64,,_Z,,Q,,2015-Q1,,75.01408,,,,A,,0,,1,
DATAFLOW,OECD.SDD.TPS:DSD_LFS@DF_IALFS_EMP_WAP_Q(1.0),,I,NOR,,EMP_WAP,,PT_WAP_SUB,,_Z,,Y,,_T,,Y15T64,,_Z,,Q,,2015-Q2,,75.16142,,,,A,,0,,1,
DATAFLOW,OECD.SDD.TPS:DSD_LFS@DF_IALFS_EMP_WAP_Q(1.0),,I,NOR,,EMP_WAP,,PT_WAP_SUB,,_Z,,Y,,_T,,Y15T64,,_Z,,Q,,2015-Q3,,74.90707,,,,A,,0,,1,
DATAFLOW,OECD.SDD.TPS:DSD_LFS@DF_IALFS_EMP_WAP_Q(1.0),,I,NOR,,EMP_WAP,,PT_WAP_SUB,,_Z,,Y,,_T,,Y15T64,,_Z,,Q,,2015-Q4,,74.68019,,,,A,,0,,1,
DATAFLOW,OECD.SDD.TPS:DSD_LFS@DF_IALFS_EMP_WAP_Q(1.0),,I,NOR,,EMP_WAP,,PT_WAP_SUB,,_Z,,Y,,_T,,Y15T64,,_Z,,Q,,2016-Q1,,74.84248,,,,A,,0,,1,
DATAFLOW,OECD.SDD.TPS:DSD_LFS@DF_IALFS_EMP_WAP_Q(1.0),,I,NOR,,EMP_WAP,,PT_WAP_SUB,,_Z,,Y,,_T,,Y15T64,,_Z,,Q,,2016-Q2,,74.46253,,,,A,,0,,1,
DATAFLOW,OECD.SDD.TPS:DSD_LFS@DF_IALFS_EMP_WAP_Q(1.0),,I,NOR,,EMP_WAP,,PT_WAP_SUB,,_Z,,Y,,_T,,Y15T64,,_Z,,Q,,2016-Q3,,74.46879,,,,A,,0,,1,
DATAFLOW,OECD.SDD.TPS:DSD_LFS@DF_IALFS_EMP_WAP_Q(1.0),,I,NOR,,EMP_WAP,,PT_WAP_SUB,,_Z,,Y,,_T,,Y15T64,,_Z,,Q,,2016-Q4,,74.22654,,,,A,,0,,1,
DATAFLOW,OECD.SDD.TPS:DSD_LFS@DF_IALFS_EMP_WAP_Q(1.0),,I,NOR,,EMP_WAP,,PT_WAP_SUB,,_Z,,Y,,_T,,Y15T64,,_Z,,Q,,2017-Q1,,74.17795,,,,A,,0,,1,
DATAFLOW,OECD.SDD.TPS:DSD_LFS@DF_IALFS_EMP_WAP_Q(1.0),,I,NOR,,EMP_WAP,,PT_WAP_SUB,,_Z,,Y,,_T,,Y15T64,,_Z,,Q,,2017-Q2,,74.27009,,,,A,,0,,1,
DATAFLOW,OECD.SDD.TPS:DSD_LFS@DF_IALFS_EMP_WAP_Q(1.0),,I,NOR,,EMP_WAP,,PT_WAP_SUB,,_Z,,Y,,_T,,Y15T64,,_Z,,Q,,2017-Q3,,74.16365,,,,A,,0,,1,
DATAFLOW,OECD.SDD.TPS:DSD_LFS@DF_IALFS_EMP_WAP_Q(1.0),,I,NOR,,EMP_WAP,,PT_WAP_SUB,,_Z,,Y,,_T,,Y15T64,,_Z,,Q,,2017-Q4,,74.3726,,,,A,,0,,1,
DATAFLOW,OECD.SDD.TPS:DSD_LFS@DF_IALFS_EMP_WAP_Q(1.0),,I,NOR,,EMP_WAP,,PT_WAP_SUB,,_Z,,Y,,_T,,Y15T64,,_Z,,Q,,2018-Q1,,74.79597,,,,A,,0,,1,
DATAFLOW,OECD.SDD.TPS:DSD_LFS@DF_IALFS_EMP_WAP_Q(1.0),,I,NOR,,EMP_WAP,,PT_WAP_SUB,,_Z,,Y,,_T,,Y15T64,,_Z,,Q,,2018-Q2,,75.10317,,,,A,,0,,1,
DATAFLOW,OECD.SDD.TPS:DSD_LFS@DF_IALFS_EMP_WAP_Q(1.0),,I,NOR,,EMP_WAP,,PT_WAP_SUB,,_Z,,Y,,_T,,Y15T64,,_Z,,Q,,2018-Q3,,74.96193,,,,A,,0,,1,
DATAFLOW,OECD.SDD.TPS:DSD_LFS@DF_IALFS_EMP_WAP_Q(1.0),,I,NOR,,EMP_WAP,,PT_WAP_SUB,,_Z,,Y,,_T,,Y15T64,,_Z,,Q,,2018-Q4,,75.25522,,,,A,,0,,1,
DATAFLOW,OECD.SDD.TPS:DSD_LFS@DF_IALFS_EMP_WAP_Q(1.0),,I,NOR,,EMP_WAP,,PT_WAP_SUB,,_Z,,Y,,_T,,Y15T64,,_Z,,Q,,2019-Q1,,75.19862,,,,A,,0,,1,
DATAFLOW,OECD.SDD.TPS:DSD_LFS@DF_IALFS_EMP_WAP_Q(1.0),,I,NOR,,EMP_WAP,,PT_WAP_SUB,,_Z,,Y,,_T,,Y15T64,,_Z,,Q,,2019-Q2,,75.25303,,,,A,,0,,1,
DATAFLOW,OECD.SDD.TPS:DSD_LFS@DF_IALFS_EMP_WAP_Q(1.0),,I,NOR,,EMP_WAP,,PT_WAP_SUB,,_Z,,Y,,_T,,Y15T64,,_Z,,Q,,2019-Q3,,75.94601,,,,A,,0,,1,
DATAFLOW,OECD.SDD.TPS:DSD_LFS@DF_IALFS_EMP_WAP_Q(1.0),,I,NOR,,EMP_WAP,,PT_WAP_SUB,,_Z,,Y,,_T,,Y15T64,,_Z,,Q,,2019-Q4,,75.64845,,,,A,,0,,1,
DATAFLOW,OECD.SDD.TPS:DSD_LFS@DF_IALFS_EMP_WAP_Q(1.0),,I,NOR,,EMP_WAP,,PT_WAP_SUB,,_Z,,Y,,_T,,Y15T64,,_Z,,Q,,2020-Q1,,75.85331,,,,A,,0,,1,
DATAFLOW,OECD.SDD.TPS:DSD_LFS@DF_IALFS_EMP_WAP_Q(1.0),,I,NOR,,EMP_WAP,,PT_WAP_SUB,,_Z,,Y,,_T,,Y15T64,,_Z,,Q,,2020-Q2,,74.48823,,,,A,,0,,1,
DATAFLOW,OECD.SDD.TPS:DSD_LFS@DF_IALFS_EMP_WAP_Q(1.0),,I,NOR,,EMP_WAP,,PT_WAP_SUB,,_Z,,Y,,_T,,Y15T64,,_Z,,Q,,2020-Q3,,74.39703,,,,A,,0,,1,
DATAFLOW,OECD.SDD.TPS:DSD_LFS@DF_IALFS_EMP_WAP_Q(1.0),,I,NOR,,EMP_WAP,,PT_WAP_SUB,,_Z,,Y,,_T,,Y15T64,,_Z,,Q,,2020-Q4,,74.77039,,,,A,,0,,1,
DATAFLOW,OECD.SDD.TPS:DSD_LFS@DF_IALFS_EMP_WAP_Q(1.0),,I,NOR,,EMP_WAP,,PT_WAP_SUB,,_Z,,Y,,_T,,Y15T64,,_Z,,Q,,2021-Q1,,74.80029,,,,A,,0,,1,
DATAFLOW,OECD.SDD.TPS:DSD_LFS@DF_IALFS_EMP_WAP_Q(1.0),,I,NOR,,EMP_WAP,,PT_WAP_SUB,,_Z,,Y,,_T,,Y15T64,,_Z,,Q,,2021-Q2,,76.19217,,,,A,,0,,1,
DATAFLOW,OECD.SDD.TPS:DSD_LFS@DF_IALFS_EMP_WAP_Q(1.0),,I,NOR,,EMP_WAP,,PT_WAP_SUB,,_Z,,Y,,_T,,Y15T64,,_Z,,Q,,2021-Q3,,76.88879,,,,A,,0,,1,
DATAFLOW,OECD.SDD.TPS:DSD_LFS@DF_IALFS_EMP_WAP_Q(1.0),,I,NOR,,EMP_WAP,,PT_WAP_SUB,,_Z,,Y,,_T,,Y15T64,,_Z,,Q,,2021-Q4,,77.30189,,,,A,,0,,1,
DATAFLOW,OECD.SDD.TPS:DSD_LFS@DF_IALFS_EMP_WAP_Q(1.0),,I,NOR,,EMP_WAP,,PT_WAP_SUB,,_Z,,Y,,_T,,Y15T64,,_Z,,Q,,2022-Q1,,77.75224,,,,A,,0,,1,
DATAFLOW,OECD.SDD.TPS:DSD_LFS@DF_IALFS_EMP_WAP_Q(1.0),,I,NOR,,EMP_WAP,,PT_WAP_SUB,,_Z,,Y,,_T,,Y15T64,,_Z,,Q,,2022-Q2,,77.98325,,,,A,,0,,1,
DATAFLOW,OECD.SDD.TPS:DSD_LFS@DF_IALFS_EMP_WAP_Q(1.0),,I,NOR,,EMP_WAP,,PT_WAP_SUB,,_Z,,Y,,_T,,Y15T64,,_Z,,Q,,2022-Q3,,77.62984,,,,A,,0,,1,
DATAFLOW,OECD.SDD.TPS:DSD_LFS@DF_IALFS_EMP_WAP_Q(1.0),,I,NOR,,EMP_WAP,,PT_WAP_SUB,,_Z,,Y,,_T,,Y15T64,,_Z,,Q,,2022-Q4,,77.53149,,,,A,,0,,1,
DATAFLOW,OECD.SDD.TPS:DSD_LFS@DF_IALFS_EMP_WAP_Q(1.0),,I,NOR,,EMP_WAP,,PT_WAP_SUB,,_Z,,Y,,_T,,Y15T64,,_Z,,Q,,2023-Q1,,77.25367,,,,A,,0,,1,
DATAFLOW,OECD.SDD.TPS:DSD_LFS@DF_IALFS_EMP_WAP_Q(1.0),,I,NOR,,EMP_WAP,,PT_WAP_SUB,,_Z,,Y,,_T,,Y15T64,,_Z,,Q,,2023-Q2,,77.47551,,,,A,,0,,1,
DATAFLOW,OECD.SDD.TPS:DSD_LFS@DF_IALFS_EMP_WAP_Q(1.0),,I,NOR,,EMP_WAP,,PT_WAP_SUB,,_Z,,Y,,_T,,Y15T64,,_Z,,Q,,2023-Q3,,77.59842,,,,A,,0,,1,
DATAFLOW,OECD.SDD.TPS:DSD_LFS@DF_IALFS_EMP_WAP_Q(1.0),,I,NOR,,EMP_WAP,,PT_WAP_SUB,,_Z,,Y,,_T,,Y15T64,,_Z,,Q,,2023-Q4,,77.2199,,,,A,,0,,1,
DATAFLOW,OECD.SDD.TPS:DSD_LFS@DF_IALFS_EMP_WAP_Q(1.0),,I,NOR,,EMP_WAP,,PT_WAP_SUB,,_Z,,Y,,_T,,Y15T64,,_Z,,Q,,2024-Q1,,77.12543,,,,A,,0,,1,
DATAFLOW,OECD.SDD.TPS:DSD_LFS@DF_IALFS_EMP_WAP_Q(1.0),,I,NOR,,EMP_WAP,,PT_WAP_SUB,,_Z,,Y,,_T,,Y15T64,,_Z,,Q,,2024-Q2,,77.13822,,,,A,,0,,1,
DATAFLOW,OECD.SDD.TPS:DSD_LFS@DF_IALFS_EMP_WAP_Q(1.0),,I,NOR,,EMP_WAP,,PT_WAP_SUB,,_Z,,Y,,_T,,Y15T64,,_Z,,Q,,2024-Q3,,77.06548,,,,A,,0,,1,
DATAFLOW,OECD.SDD.TPS:DSD_LFS@DF_IALFS_EMP_WAP_Q(1.0),,I,NOR,,EMP_WAP,,PT_WAP_SUB,,_Z,,Y,,_T,,Y15T64,,_Z,,Q,,2024-Q4,,76.97026,,,,A,,0,,1,
DATAFLOW,OECD.SDD.TPS:DSD_LFS@DF_IALFS_EMP_WAP_Q(1.0),,I,NOR,,EMP_WAP,,PT_WAP_SUB,,_Z,,Y,,_T,,Y15T64,,_Z,,Q,,2025-Q1,,76.8261,,,,A,,0,,1,
DATAFLOW,OECD.SDD.TPS:DSD_LFS@DF_IALFS_EMP_WAP_Q(1.0),,I,NOR,,EMP_WAP,,PT_WAP_SUB,,_Z,,Y,,_T,,Y15T64,,_Z,,Q,,2025-Q2,,76.49046,,,,A,,0,,1,
DATAFLOW,OECD.SDD.TPS:DSD_LFS@DF_IALFS_EMP_WAP_Q(1.0),,I,NOR,,EMP_WAP,,PT_WAP_SUB,,_Z,,Y,,_T,,Y15T64,,_Z,,Q,,2025-Q3,,76.54423,,,,A,,0,,1,
DATAFLOW,OECD.SDD.TPS:DSD_LFS@DF_IALFS_EMP_WAP_Q(1.0),,I,NOR,,EMP_WAP,,PT_WAP_SUB,,_Z,,Y,,_T,,Y15T64,,_Z,,Q,,2025-Q4,,76.59856,,,,A,,0,,1,
DATAFLOW,OECD.SDD.TPS:DSD_LFS@DF_IALFS_EMP_WAP_Q(1.0),,I,NOR,,EMP_WAP,,PT_WAP_SUB,,_Z,,Y,,_T,,Y15T64,,_Z,,Q,,2026-Q1,,76.55563,,,,A,,0,,1,
DATAFLOW,OECD.SDD.TPS:DSD_LFS@DF_IALFS_EMP_WAP_Q(1.0),,I,BGR,,EMP_WAP,,PT_WAP_SUB,,_Z,,Y,,_T,,Y15T64,,_Z,,Q,,2000-Q1,,50.39597,,,,A,,0,,1,
DATAFLOW,OECD.SDD.TPS:DSD_LFS@DF_IALFS_EMP_WAP_Q(1.0),,I,BGR,,EMP_WAP,,PT_WAP_SUB,,_Z,,Y,,_T,,Y15T64,,_Z,,Q,,2000-Q2,,50.60468,,,,A,,0,,1,
DATAFLOW,OECD.SDD.TPS:DSD_LFS@DF_IALFS_EMP_WAP_Q(1.0),,I,BGR,,EMP_WAP,,PT_WAP_SUB,,_Z,,Y,,_T,,Y15T64,,_Z,,Q,,2000-Q3,,50.16908,,,,A,,0,,1,
DATAFLOW,OECD.SDD.TPS:DSD_LFS@DF_IALFS_EMP_WAP_Q(1.0),,I,BGR,,EMP_WAP,,PT_WAP_SUB,,_Z,,Y,,_T,,Y15T64,,_Z,,Q,,2000-Q4,,50.48376,,,,A,,0,,1,
DATAFLOW,OECD.SDD.TPS:DSD_LFS@DF_IALFS_EMP_WAP_Q(1.0),,I,BGR,,EMP_WAP,,PT_WAP_SUB,,_Z,,Y,,_T,,Y15T64,,_Z,,Q,,2001-Q1,,49.92287,,,,A,,0,,1,
DATAFLOW,OECD.SDD.TPS:DSD_LFS@DF_IALFS_EMP_WAP_Q(1.0),,I,BGR,,EMP_WAP,,PT_WAP_SUB,,_Z,,Y,,_T,,Y15T64,,_Z,,Q,,2001-Q2,,49.80843,,,,A,,0,,1,
DATAFLOW,OECD.SDD.TPS:DSD_LFS@DF_IALFS_EMP_WAP_Q(1.0),,I,BGR,,EMP_WAP,,PT_WAP_SUB,,_Z,,Y,,_T,,Y15T64,,_Z,,Q,,2001-Q3,,49.82843,,,,A,,0,,1,
DATAFLOW,OECD.SDD.TPS:DSD_LFS@DF_IALFS_EMP_WAP_Q(1.0),,I,BGR,,EMP_WAP,,PT_WAP_SUB,,_Z,,Y,,_T,,Y15T64,,_Z,,Q,,2001-Q4,,49.26223,,,,A,,0,,1,
DATAFLOW,OECD.SDD.TPS:DSD_LFS@DF_IALFS_EMP_WAP_Q(1.0),,I,BGR,,EMP_WAP,,PT_WAP_SUB,,_Z,,Y,,_T,,Y15T64,,_Z,,Q,,2002-Q1,,50.13278,,,,A,,0,,1,
DATAFLOW,OECD.SDD.TPS:DSD_LFS@DF_IALFS_EMP_WAP_Q(1.0),,I,BGR,,EMP_WAP,,PT_WAP_SUB,,_Z,,Y,,_T,,Y15T64,,_Z,,Q,,2002-Q2,,50.25535,,,,A,,0,,1,
DATAFLOW,OECD.SDD.TPS:DSD_LFS@DF_IALFS_EMP_WAP_Q(1.0),,I,BGR,,EMP_WAP,,PT_WAP_SUB,,_Z,,Y,,_T,,Y15T64,,_Z,,Q,,2002-Q3,,50.64069,,,,A,,0,,1,
DATAFLOW,OECD.SDD.TPS:DSD_LFS@DF_IALFS_EMP_WAP_Q(1.0),,I,BGR,,EMP_WAP,,PT_WAP_SUB,,_Z,,Y,,_T,,Y15T64,,_Z,,Q,,2002-Q4,,51.23373,,,,A,,0,,1,
DATAFLOW,OECD.SDD.TPS:DSD_LFS@DF_IALFS_EMP_WAP_Q(1.0),,I,BGR,,EMP_WAP,,PT_WAP_SUB,,_Z,,Y,,_T,,Y15T64,,_Z,,Q,,2003-Q1,,51.67433,,,,A,,0,,1,
DATAFLOW,OECD.SDD.TPS:DSD_LFS@DF_IALFS_EMP_WAP_Q(1.0),,I,BGR,,EMP_WAP,,PT_WAP_SUB,,_Z,,Y,,_T,,Y15T64,,_Z,,Q,,2003-Q2,,52.24544,,,,A,,0,,1,
DATAFLOW,OECD.SDD.TPS:DSD_LFS@DF_IALFS_EMP_WAP_Q(1.0),,I,BGR,,EMP_WAP,,PT_WAP_SUB,,_Z,,Y,,_T,,Y15T64,,_Z,,Q,,2003-Q3,,52.78685,,,,A,,0,,1,
DATAFLOW,OECD.SDD.TPS:DSD_LFS@DF_IALFS_EMP_WAP_Q(1.0),,I,BGR,,EMP_WAP,,PT_WAP_SUB,,_Z,,Y,,_T,,Y15T64,,_Z,,Q,,2003-Q4,,53.16629,,,,A,,0,,1,
DATAFLOW,OECD.SDD.TPS:DSD_LFS@DF_IALFS_EMP_WAP_Q(1.0),,I,BGR,,EMP_WAP,,PT_WAP_SUB,,_Z,,Y,,_T,,Y15T64,,_Z,,Q,,2004-Q1,,53.37925,,,,A,,0,,1,
DATAFLOW,OECD.SDD.TPS:DSD_LFS@DF_IALFS_EMP_WAP_Q(1.0),,I,BGR,,EMP_WAP,,PT_WAP_SUB,,_Z,,Y,,_T,,Y15T64,,_Z,,Q,,2004-Q2,,54.35079,,,,A,,0,,1,
DATAFLOW,OECD.SDD.TPS:DSD_LFS@DF_IALFS_EMP_WAP_Q(1.0),,I,BGR,,EMP_WAP,,PT_WAP_SUB,,_Z,,Y,,_T,,Y15T64,,_Z,,Q,,2004-Q3,,54.50274,,,,A,,0,,1,
DATAFLOW,OECD.SDD.TPS:DSD_LFS@DF_IALFS_EMP_WAP_Q(1.0),,I,BGR,,EMP_WAP,,PT_WAP_SUB,,_Z,,Y,,_T,,Y15T64,,_Z,,Q,,2004-Q4,,54.6714,,,,A,,0,,1,
DATAFLOW,OECD.SDD.TPS:DSD_LFS@DF_IALFS_EMP_WAP_Q(1.0),,I,BGR,,EMP_WAP,,PT_WAP_SUB,,_Z,,Y,,_T,,Y15T64,,_Z,,Q,,2005-Q1,,54.83825,,,,A,,0,,1,
DATAFLOW,OECD.SDD.TPS:DSD_LFS@DF_IALFS_EMP_WAP_Q(1.0),,I,BGR,,EMP_WAP,,PT_WAP_SUB,,_Z,,Y,,_T,,Y15T64,,_Z,,Q,,2005-Q2,,55.5118,,,,A,,0,,1,
DATAFLOW,OECD.SDD.TPS:DSD_LFS@DF_IALFS_EMP_WAP_Q(1.0),,I,BGR,,EMP_WAP,,PT_WAP_SUB,,_Z,,Y,,_T,,Y15T64,,_Z,,Q,,2005-Q3,,56.32515,,,,A,,0,,1,
DATAFLOW,OECD.SDD.TPS:DSD_LFS@DF_IALFS_EMP_WAP_Q(1.0),,I,BGR,,EMP_WAP,,PT_WAP_SUB,,_Z,,Y,,_T,,Y15T64,,_Z,,Q,,2005-Q4,,56.47029,,,,A,,0,,1,
DATAFLOW,OECD.SDD.TPS:DSD_LFS@DF_IALFS_EMP_WAP_Q(1.0),,I,BGR,,EMP_WAP,,PT_WAP_SUB,,_Z,,Y,,_T,,Y15T64,,_Z,,Q,,2006-Q1,,57.0821,,,,A,,0,,1,
DATAFLOW,OECD.SDD.TPS:DSD_LFS@DF_IALFS_EMP_WAP_Q(1.0),,I,BGR,,EMP_WAP,,PT_WAP_SUB,,_Z,,Y,,_T,,Y15T64,,_Z,,Q,,2006-Q2,,58.5205,,,,A,,0,,1,
DATAFLOW,OECD.SDD.TPS:DSD_LFS@DF_IALFS_EMP_WAP_Q(1.0),,I,BGR,,EMP_WAP,,PT_WAP_SUB,,_Z,,Y,,_T,,Y15T64,,_Z,,Q,,2006-Q3,,58.99038,,,,A,,0,,1,
DATAFLOW,OECD.SDD.TPS:DSD_LFS@DF_IALFS_EMP_WAP_Q(1.0),,I,BGR,,EMP_WAP,,PT_WAP_SUB,,_Z,,Y,,_T,,Y15T64,,_Z,,Q,,2006-Q4,,60.00588,,,,A,,0,,1,
DATAFLOW,OECD.SDD.TPS:DSD_LFS@DF_IALFS_EMP_WAP_Q(1.0),,I,BGR,,EMP_WAP,,PT_WAP_SUB,,_Z,,Y,,_T,,Y15T64,,_Z,,Q,,2007-Q1,,60.94976,,,,A,,0,,1,
DATAFLOW,OECD.SDD.TPS:DSD_LFS@DF_IALFS_EMP_WAP_Q(1.0),,I,BGR,,EMP_WAP,,PT_WAP_SUB,,_Z,,Y,,_T,,Y15T64,,_Z,,Q,,2007-Q2,,61.20862,,,,A,,0,,1,
DATAFLOW,OECD.SDD.TPS:DSD_LFS@DF_IALFS_EMP_WAP_Q(1.0),,I,BGR,,EMP_WAP,,PT_WAP_SUB,,_Z,,Y,,_T,,Y15T64,,_Z,,Q,,2007-Q3,,61.73669,,,,A,,0,,1,
DATAFLOW,OECD.SDD.TPS:DSD_LFS@DF_IALFS_EMP_WAP_Q(1.0),,I,BGR,,EMP_WAP,,PT_WAP_SUB,,_Z,,Y,,_T,,Y15T64,,_Z,,Q,,2007-Q4,,63.02293,,,,A,,0,,1,
DATAFLOW,OECD.SDD.TPS:DSD_LFS@DF_IALFS_EMP_WAP_Q(1.0),,I,BGR,,EMP_WAP,,PT_WAP_SUB,,_Z,,Y,,_T,,Y15T64,,_Z,,Q,,2008-Q1,,63.73579,,,,A,,0,,1,
DATAFLOW,OECD.SDD.TPS:DSD_LFS@DF_IALFS_EMP_WAP_Q(1.0),,I,BGR,,EMP_WAP,,PT_WAP_SUB,,_Z,,Y,,_T,,Y15T64,,_Z,,Q,,2008-Q2,,63.75227,,,,A,,0,,1,
DATAFLOW,OECD.SDD.TPS:DSD_LFS@DF_IALFS_EMP_WAP_Q(1.0),,I,BGR,,EMP_WAP,,PT_WAP_SUB,,_Z,,Y,,_T,,Y15T64,,_Z,,Q,,2008-Q3,,64.03064,,,,A,,0,,1,
DATAFLOW,OECD.SDD.TPS:DSD_LFS@DF_IALFS_EMP_WAP_Q(1.0),,I,BGR,,EMP_WAP,,PT_WAP_SUB,,_Z,,Y,,_T,,Y15T64,,_Z,,Q,,2008-Q4,,64.3159,,,,A,,0,,1,
DATAFLOW,OECD.SDD.TPS:DSD_LFS@DF_IALFS_EMP_WAP_Q(1.0),,I,BGR,,EMP_WAP,,PT_WAP_SUB,,_Z,,Y,,_T,,Y15T64,,_Z,,Q,,2009-Q1,,63.49482,,,,A,,0,,1,
DATAFLOW,OECD.SDD.TPS:DSD_LFS@DF_IALFS_EMP_WAP_Q(1.0),,I,BGR,,EMP_WAP,,PT_WAP_SUB,,_Z,,Y,,_T,,Y15T64,,_Z,,Q,,2009-Q2,,62.79487,,,,A,,0,,1,
DATAFLOW,OECD.SDD.TPS:DSD_LFS@DF_IALFS_EMP_WAP_Q(1.0),,I,BGR,,EMP_WAP,,PT_WAP_SUB,,_Z,,Y,,_T,,Y15T64,,_Z,,Q,,2009-Q3,,61.71419,,,,A,,0,,1,
DATAFLOW,OECD.SDD.TPS:DSD_LFS@DF_IALFS_EMP_WAP_Q(1.0),,I,BGR,,EMP_WAP,,PT_WAP_SUB,,_Z,,Y,,_T,,Y15T64,,_Z,,Q,,2009-Q4,,60.83856,,,,A,,0,,1,
DATAFLOW,OECD.SDD.TPS:DSD_LFS@DF_IALFS_EMP_WAP_Q(1.0),,I,BGR,,EMP_WAP,,PT_WAP_SUB,,_Z,,Y,,_T,,Y15T64,,_Z,,Q,,2010-Q1,,60.00902,,,,A,,0,,1,
DATAFLOW,OECD.SDD.TPS:DSD_LFS@DF_IALFS_EMP_WAP_Q(1.0),,I,BGR,,EMP_WAP,,PT_WAP_SUB,,_Z,,Y,,_T,,Y15T64,,_Z,,Q,,2010-Q2,,59.82962,,,,A,,0,,1,
DATAFLOW,OECD.SDD.TPS:DSD_LFS@DF_IALFS_EMP_WAP_Q(1.0),,I,BGR,,EMP_WAP,,PT_WAP_SUB,,_Z,,Y,,_T,,Y15T64,,_Z,,Q,,2010-Q3,,59.22016,,,,A,,0,,1,
DATAFLOW,OECD.SDD.TPS:DSD_LFS@DF_IALFS_EMP_WAP_Q(1.0),,I,BGR,,EMP_WAP,,PT_WAP_SUB,,_Z,,Y,,_T,,Y15T64,,_Z,,Q,,2010-Q4,,58.64906,,,,A,,0,,1,
DATAFLOW,OECD.SDD.TPS:DSD_LFS@DF_IALFS_EMP_WAP_Q(1.0),,I,BGR,,EMP_WAP,,PT_WAP_SUB,,_Z,,Y,,_T,,Y15T64,,_Z,,Q,,2011-Q1,,58.38129,,,,A,,0,,1,
DATAFLOW,OECD.SDD.TPS:DSD_LFS@DF_IALFS_EMP_WAP_Q(1.0),,I,BGR,,EMP_WAP,,PT_WAP_SUB,,_Z,,Y,,_T,,Y15T64,,_Z,,Q,,2011-Q2,,57.86798,,,,A,,0,,1,
DATAFLOW,OECD.SDD.TPS:DSD_LFS@DF_IALFS_EMP_WAP_Q(1.0),,I,BGR,,EMP_WAP,,PT_WAP_SUB,,_Z,,Y,,_T,,Y15T64,,_Z,,Q,,2011-Q3,,58.05261,,,,A,,0,,1,
DATAFLOW,OECD.SDD.TPS:DSD_LFS@DF_IALFS_EMP_WAP_Q(1.0),,I,BGR,,EMP_WAP,,PT_WAP_SUB,,_Z,,Y,,_T,,Y15T64,,_Z,,Q,,2011-Q4,,58.02023,,,,A,,0,,1,
DATAFLOW,OECD.SDD.TPS:DSD_LFS@DF_IALFS_EMP_WAP_Q(1.0),,I,BGR,,EMP_WAP,,PT_WAP_SUB,,_Z,,Y,,_T,,Y15T64,,_Z,,Q,,2012-Q1,,58.03599,,,,A,,0,,1,
DATAFLOW,OECD.SDD.TPS:DSD_LFS@DF_IALFS_EMP_WAP_Q(1.0),,I,BGR,,EMP_WAP,,PT_WAP_SUB,,_Z,,Y,,_T,,Y15T64,,_Z,,Q,,2012-Q2,,58.11061,,,,A,,0,,1,
DATAFLOW,OECD.SDD.TPS:DSD_LFS@DF_IALFS_EMP_WAP_Q(1.0),,I,BGR,,EMP_WAP,,PT_WAP_SUB,,_Z,,Y,,_T,,Y15T64,,_Z,,Q,,2012-Q3,,58.7478,,,,A,,0,,1,
DATAFLOW,OECD.SDD.TPS:DSD_LFS@DF_IALFS_EMP_WAP_Q(1.0),,I,BGR,,EMP_WAP,,PT_WAP_SUB,,_Z,,Y,,_T,,Y15T64,,_Z,,Q,,2012-Q4,,58.9127,,,,A,,0,,1,
DATAFLOW,OECD.SDD.TPS:DSD_LFS@DF_IALFS_EMP_WAP_Q(1.0),,I,BGR,,EMP_WAP,,PT_WAP_SUB,,_Z,,Y,,_T,,Y15T64,,_Z,,Q,,2013-Q1,,58.76385,,,,A,,0,,1,
DATAFLOW,OECD.SDD.TPS:DSD_LFS@DF_IALFS_EMP_WAP_Q(1.0),,I,BGR,,EMP_WAP,,PT_WAP_SUB,,_Z,,Y,,_T,,Y15T64,,_Z,,Q,,2013-Q2,,59.07287,,,,A,,0,,1,
DATAFLOW,OECD.SDD.TPS:DSD_LFS@DF_IALFS_EMP_WAP_Q(1.0),,I,BGR,,EMP_WAP,,PT_WAP_SUB,,_Z,,Y,,_T,,Y15T64,,_Z,,Q,,2013-Q3,,59.33302,,,,A,,0,,1,
DATAFLOW,OECD.SDD.TPS:DSD_LFS@DF_IALFS_EMP_WAP_Q(1.0),,I,BGR,,EMP_WAP,,PT_WAP_SUB,,_Z,,Y,,_T,,Y15T64,,_Z,,Q,,2013-Q4,,59.32658,,,,A,,0,,1,
DATAFLOW,OECD.SDD.TPS:DSD_LFS@DF_IALFS_EMP_WAP_Q(1.0),,I,BGR,,EMP_WAP,,PT_WAP_SUB,,_Z,,Y,,_T,,Y15T64,,_Z,,Q,,2014-Q1,,60.06979,,,,A,,0,,1,
DATAFLOW,OECD.SDD.TPS:DSD_LFS@DF_IALFS_EMP_WAP_Q(1.0),,I,BGR,,EMP_WAP,,PT_WAP_SUB,,_Z,,Y,,_T,,Y15T64,,_Z,,Q,,2014-Q2,,60.56706,,,,A,,0,,1,
DATAFLOW,OECD.SDD.TPS:DSD_LFS@DF_IALFS_EMP_WAP_Q(1.0),,I,BGR,,EMP_WAP,,PT_WAP_SUB,,_Z,,Y,,_T,,Y15T64,,_Z,,Q,,2014-Q3,,61.05897,,,,A,,0,,1,
DATAFLOW,OECD.SDD.TPS:DSD_LFS@DF_IALFS_EMP_WAP_Q(1.0),,I,BGR,,EMP_WAP,,PT_WAP_SUB,,_Z,,Y,,_T,,Y15T64,,_Z,,Q,,2014-Q4,,61.17827,,,,A,,0,,1,
DATAFLOW,OECD.SDD.TPS:DSD_LFS@DF_IALFS_EMP_WAP_Q(1.0),,I,BGR,,EMP_WAP,,PT_WAP_SUB,,_Z,,Y,,_T,,Y15T64,,_Z,,Q,,2015-Q1,,61.99625,,,,A,,0,,1,
DATAFLOW,OECD.SDD.TPS:DSD_LFS@DF_IALFS_EMP_WAP_Q(1.0),,I,BGR,,EMP_WAP,,PT_WAP_SUB,,_Z,,Y,,_T,,Y15T64,,_Z,,Q,,2015-Q2,,62.12099,,,,A,,0,,1,
DATAFLOW,OECD.SDD.TPS:DSD_LFS@DF_IALFS_EMP_WAP_Q(1.0),,I,BGR,,EMP_WAP,,PT_WAP_SUB,,_Z,,Y,,_T,,Y15T64,,_Z,,Q,,2015-Q3,,62.89651,,,,A,,0,,1,
DATAFLOW,OECD.SDD.TPS:DSD_LFS@DF_IALFS_EMP_WAP_Q(1.0),,I,BGR,,EMP_WAP,,PT_WAP_SUB,,_Z,,Y,,_T,,Y15T64,,_Z,,Q,,2015-Q4,,63.37572,,,,A,,0,,1,
DATAFLOW,OECD.SDD.TPS:DSD_LFS@DF_IALFS_EMP_WAP_Q(1.0),,I,BGR,,EMP_WAP,,PT_WAP_SUB,,_Z,,Y,,_T,,Y15T64,,_Z,,Q,,2016-Q1,,63.15794,,,,A,,0,,1,
DATAFLOW,OECD.SDD.TPS:DSD_LFS@DF_IALFS_EMP_WAP_Q(1.0),,I,BGR,,EMP_WAP,,PT_WAP_SUB,,_Z,,Y,,_T,,Y15T64,,_Z,,Q,,2016-Q2,,63.16859,,,,A,,0,,1,
DATAFLOW,OECD.SDD.TPS:DSD_LFS@DF_IALFS_EMP_WAP_Q(1.0),,I,BGR,,EMP_WAP,,PT_WAP_SUB,,_Z,,Y,,_T,,Y15T64,,_Z,,Q,,2016-Q3,,62.79035,,,,A,,0,,1,
DATAFLOW,OECD.SDD.TPS:DSD_LFS@DF_IALFS_EMP_WAP_Q(1.0),,I,BGR,,EMP_WAP,,PT_WAP_SUB,,_Z,,Y,,_T,,Y15T64,,_Z,,Q,,2016-Q4,,63.31101,,,,A,,0,,1,
DATAFLOW,OECD.SDD.TPS:DSD_LFS@DF_IALFS_EMP_WAP_Q(1.0),,I,BGR,,EMP_WAP,,PT_WAP_SUB,,_Z,,Y,,_T,,Y15T64,,_Z,,Q,,2017-Q1,,65.25967,,,,A,,0,,1,
DATAFLOW,OECD.SDD.TPS:DSD_LFS@DF_IALFS_EMP_WAP_Q(1.0),,I,BGR,,EMP_WAP,,PT_WAP_SUB,,_Z,,Y,,_T,,Y15T64,,_Z,,Q,,2017-Q2,,66.60717,,,,A,,0,,1,
DATAFLOW,OECD.SDD.TPS:DSD_LFS@DF_IALFS_EMP_WAP_Q(1.0),,I,BGR,,EMP_WAP,,PT_WAP_SUB,,_Z,,Y,,_T,,Y15T64,,_Z,,Q,,2017-Q3,,67.06094,,,,A,,0,,1,
DATAFLOW,OECD.SDD.TPS:DSD_LFS@DF_IALFS_EMP_WAP_Q(1.0),,I,BGR,,EMP_WAP,,PT_WAP_SUB,,_Z,,Y,,_T,,Y15T64,,_Z,,Q,,2017-Q4,,67.40189,,,,A,,0,,1,
DATAFLOW,OECD.SDD.TPS:DSD_LFS@DF_IALFS_EMP_WAP_Q(1.0),,I,BGR,,EMP_WAP,,PT_WAP_SUB,,_Z,,Y,,_T,,Y15T64,,_Z,,Q,,2018-Q1,,67.49392,,,,A,,0,,1,
DATAFLOW,OECD.SDD.TPS:DSD_LFS@DF_IALFS_EMP_WAP_Q(1.0),,I,BGR,,EMP_WAP,,PT_WAP_SUB,,_Z,,Y,,_T,,Y15T64,,_Z,,Q,,2018-Q2,,67.38388,,,,A,,0,,1,
DATAFLOW,OECD.SDD.TPS:DSD_LFS@DF_IALFS_EMP_WAP_Q(1.0),,I,BGR,,EMP_WAP,,PT_WAP_SUB,,_Z,,Y,,_T,,Y15T64,,_Z,,Q,,2018-Q3,,67.41361,,,,A,,0,,1,
DATAFLOW,OECD.SDD.TPS:DSD_LFS@DF_IALFS_EMP_WAP_Q(1.0),,I,BGR,,EMP_WAP,,PT_WAP_SUB,,_Z,,Y,,_T,,Y15T64,,_Z,,Q,,2018-Q4,,67.47179,,,,A,,0,,1,
DATAFLOW,OECD.SDD.TPS:DSD_LFS@DF_IALFS_EMP_WAP_Q(1.0),,I,BGR,,EMP_WAP,,PT_WAP_SUB,,_Z,,Y,,_T,,Y15T64,,_Z,,Q,,2019-Q1,,69.54486,,,,A,,0,,1,
DATAFLOW,OECD.SDD.TPS:DSD_LFS@DF_IALFS_EMP_WAP_Q(1.0),,I,BGR,,EMP_WAP,,PT_WAP_SUB,,_Z,,Y,,_T,,Y15T64,,_Z,,Q,,2019-Q2,,70.73244,,,,A,,0,,1,
DATAFLOW,OECD.SDD.TPS:DSD_LFS@DF_IALFS_EMP_WAP_Q(1.0),,I,BGR,,EMP_WAP,,PT_WAP_SUB,,_Z,,Y,,_T,,Y15T64,,_Z,,Q,,2019-Q3,,70.3976,,,,A,,0,,1,
DATAFLOW,OECD.SDD.TPS:DSD_LFS@DF_IALFS_EMP_WAP_Q(1.0),,I,BGR,,EMP_WAP,,PT_WAP_SUB,,_Z,,Y,,_T,,Y15T64,,_Z,,Q,,2019-Q4,,70.04357,,,,A,,0,,1,
DATAFLOW,OECD.SDD.TPS:DSD_LFS@DF_IALFS_EMP_WAP_Q(1.0),,I,BGR,,EMP_WAP,,PT_WAP_SUB,,_Z,,Y,,_T,,Y15T64,,_Z,,Q,,2020-Q1,,69.32825,,,,A,,0,,1,
DATAFLOW,OECD.SDD.TPS:DSD_LFS@DF_IALFS_EMP_WAP_Q(1.0),,I,BGR,,EMP_WAP,,PT_WAP_SUB,,_Z,,Y,,_T,,Y15T64,,_Z,,Q,,2020-Q2,,67.78118,,,,A,,0,,1,
DATAFLOW,OECD.SDD.TPS:DSD_LFS@DF_IALFS_EMP_WAP_Q(1.0),,I,BGR,,EMP_WAP,,PT_WAP_SUB,,_Z,,Y,,_T,,Y15T64,,_Z,,Q,,2020-Q3,,68.56371,,,,A,,0,,1,
DATAFLOW,OECD.SDD.TPS:DSD_LFS@DF_IALFS_EMP_WAP_Q(1.0),,I,BGR,,EMP_WAP,,PT_WAP_SUB,,_Z,,Y,,_T,,Y15T64,,_Z,,Q,,2020-Q4,,68.81112,,,,A,,0,,1,
DATAFLOW,OECD.SDD.TPS:DSD_LFS@DF_IALFS_EMP_WAP_Q(1.0),,I,BGR,,EMP_WAP,,PT_WAP_SUB,,_Z,,Y,,_T,,Y15T64,,_Z,,Q,,2021-Q1,,68.16531,,,,A,,0,,1,
DATAFLOW,OECD.SDD.TPS:DSD_LFS@DF_IALFS_EMP_WAP_Q(1.0),,I,BGR,,EMP_WAP,,PT_WAP_SUB,,_Z,,Y,,_T,,Y15T64,,_Z,,Q,,2021-Q2,,68.30371,,,,A,,0,,1,
DATAFLOW,OECD.SDD.TPS:DSD_LFS@DF_IALFS_EMP_WAP_Q(1.0),,I,BGR,,EMP_WAP,,PT_WAP_SUB,,_Z,,Y,,_T,,Y15T64,,_Z,,Q,,2021-Q3,,68.62948,,,,A,,0,,1,
DATAFLOW,OECD.SDD.TPS:DSD_LFS@DF_IALFS_EMP_WAP_Q(1.0),,I,BGR,,EMP_WAP,,PT_WAP_SUB,,_Z,,Y,,_T,,Y15T64,,_Z,,Q,,2021-Q4,,68.78168,,,,A,,0,,1,
DATAFLOW,OECD.SDD.TPS:DSD_LFS@DF_IALFS_EMP_WAP_Q(1.0),,I,BGR,,EMP_WAP,,PT_WAP_SUB,,_Z,,Y,,_T,,Y15T64,,_Z,,Q,,2022-Q1,,69.68861,,,,A,,0,,1,
DATAFLOW,OECD.SDD.TPS:DSD_LFS@DF_IALFS_EMP_WAP_Q(1.0),,I,BGR,,EMP_WAP,,PT_WAP_SUB,,_Z,,Y,,_T,,Y15T64,,_Z,,Q,,2022-Q2,,70.23254,,,,A,,0,,1,
DATAFLOW,OECD.SDD.TPS:DSD_LFS@DF_IALFS_EMP_WAP_Q(1.0),,I,BGR,,EMP_WAP,,PT_WAP_SUB,,_Z,,Y,,_T,,Y15T64,,_Z,,Q,,2022-Q3,,71.03052,,,,A,,0,,1,
DATAFLOW,OECD.SDD.TPS:DSD_LFS@DF_IALFS_EMP_WAP_Q(1.0),,I,BGR,,EMP_WAP,,PT_WAP_SUB,,_Z,,Y,,_T,,Y15T64,,_Z,,Q,,2022-Q4,,71.55392,,,,A,,0,,1,
DATAFLOW,OECD.SDD.TPS:DSD_LFS@DF_IALFS_EMP_WAP_Q(1.0),,I,BGR,,EMP_WAP,,PT_WAP_SUB,,_Z,,Y,,_T,,Y15T64,,_Z,,Q,,2023-Q1,,71.16225,,,,A,,0,,1,
DATAFLOW,OECD.SDD.TPS:DSD_LFS@DF_IALFS_EMP_WAP_Q(1.0),,I,BGR,,EMP_WAP,,PT_WAP_SUB,,_Z,,Y,,_T,,Y15T64,,_Z,,Q,,2023-Q2,,70.48145,,,,A,,0,,1,
DATAFLOW,OECD.SDD.TPS:DSD_LFS@DF_IALFS_EMP_WAP_Q(1.0),,I,BGR,,EMP_WAP,,PT_WAP_SUB,,_Z,,Y,,_T,,Y15T64,,_Z,,Q,,2023-Q3,,70.59152,,,,A,,0,,1,
DATAFLOW,OECD.SDD.TPS:DSD_LFS@DF_IALFS_EMP_WAP_Q(1.0),,I,BGR,,EMP_WAP,,PT_WAP_SUB,,_Z,,Y,,_T,,Y15T64,,_Z,,Q,,2023-Q4,,70.45847,,,,A,,0,,1,
DATAFLOW,OECD.SDD.TPS:DSD_LFS@DF_IALFS_EMP_WAP_Q(1.0),,I,BGR,,EMP_WAP,,PT_WAP_SUB,,_Z,,Y,,_T,,Y15T64,,_Z,,Q,,2024-Q1,,70.86559,,,,A,,0,,1,
DATAFLOW,OECD.SDD.TPS:DSD_LFS@DF_IALFS_EMP_WAP_Q(1.0),,I,BGR,,EMP_WAP,,PT_WAP_SUB,,_Z,,Y,,_T,,Y15T64,,_Z,,Q,,2024-Q2,,71.03625,,,,A,,0,,1,
DATAFLOW,OECD.SDD.TPS:DSD_LFS@DF_IALFS_EMP_WAP_Q(1.0),,I,BGR,,EMP_WAP,,PT_WAP_SUB,,_Z,,Y,,_T,,Y15T64,,_Z,,Q,,2024-Q3,,70.86727,,,,A,,0,,1,
DATAFLOW,OECD.SDD.TPS:DSD_LFS@DF_IALFS_EMP_WAP_Q(1.0),,I,BGR,,EMP_WAP,,PT_WAP_SUB,,_Z,,Y,,_T,,Y15T64,,_Z,,Q,,2024-Q4,,70.81225,,,,A,,0,,1,
DATAFLOW,OECD.SDD.TPS:DSD_LFS@DF_IALFS_EMP_WAP_Q(1.0),,I,BGR,,EMP_WAP,,PT_WAP_SUB,,_Z,,Y,,_T,,Y15T64,,_Z,,Q,,2025-Q1,,71.01983,,,,A,,0,,1,
DATAFLOW,OECD.SDD.TPS:DSD_LFS@DF_IALFS_EMP_WAP_Q(1.0),,I,BGR,,EMP_WAP,,PT_WAP_SUB,,_Z,,Y,,_T,,Y15T64,,_Z,,Q,,2025-Q2,,71.01704,,,,A,,0,,1,
DATAFLOW,OECD.SDD.TPS:DSD_LFS@DF_IALFS_EMP_WAP_Q(1.0),,I,BGR,,EMP_WAP,,PT_WAP_SUB,,_Z,,Y,,_T,,Y15T64,,_Z,,Q,,2025-Q3,,70.65165,,,,A,,0,,1,
DATAFLOW,OECD.SDD.TPS:DSD_LFS@DF_IALFS_EMP_WAP_Q(1.0),,I,BGR,,EMP_WAP,,PT_WAP_SUB,,_Z,,Y,,_T,,Y15T64,,_Z,,Q,,2025-Q4,,70.81652,,,,A,,0,,1,
DATAFLOW,OECD.SDD.TPS:DSD_LFS@DF_IALFS_EMP_WAP_Q(1.0),,I,BGR,,EMP_WAP,,PT_WAP_SUB,,_Z,,Y,,_T,,Y15T64,,_Z,,Q,,2026-Q1,,71.06049,,,,A,,0,,1,
DATAFLOW,OECD.SDD.TPS:DSD_LFS@DF_IALFS_EMP_WAP_Q(1.0),,I,EST,,EMP_WAP,,PT_WAP_SUB,,_Z,,Y,,_T,,Y15T64,,_Z,,Q,,2000-Q1,,59.58578,,,,A,,0,,1,
DATAFLOW,OECD.SDD.TPS:DSD_LFS@DF_IALFS_EMP_WAP_Q(1.0),,I,EST,,EMP_WAP,,PT_WAP_SUB,,_Z,,Y,,_T,,Y15T64,,_Z,,Q,,2000-Q2,,60.94443,,,,A,,0,,1,
DATAFLOW,OECD.SDD.TPS:DSD_LFS@DF_IALFS_EMP_WAP_Q(1.0),,I,EST,,EMP_WAP,,PT_WAP_SUB,,_Z,,Y,,_T,,Y15T64,,_Z,,Q,,2000-Q3,,60.55774,,,,A,,0,,1,
DATAFLOW,OECD.SDD.TPS:DSD_LFS@DF_IALFS_EMP_WAP_Q(1.0),,I,EST,,EMP_WAP,,PT_WAP_SUB,,_Z,,Y,,_T,,Y15T64,,_Z,,Q,,2000-Q4,,59.99264,,,,A,,0,,1,
DATAFLOW,OECD.SDD.TPS:DSD_LFS@DF_IALFS_EMP_WAP_Q(1.0),,I,EST,,EMP_WAP,,PT_WAP_SUB,,_Z,,Y,,_T,,Y15T64,,_Z,,Q,,2001-Q1,,60.12241,,,,A,,0,,1,
DATAFLOW,OECD.SDD.TPS:DSD_LFS@DF_IALFS_EMP_WAP_Q(1.0),,I,EST,,EMP_WAP,,PT_WAP_SUB,,_Z,,Y,,_T,,Y15T64,,_Z,,Q,,2001-Q2,,60.77932,,,,A,,0,,1,
DATAFLOW,OECD.SDD.TPS:DSD_LFS@DF_IALFS_EMP_WAP_Q(1.0),,I,EST,,EMP_WAP,,PT_WAP_SUB,,_Z,,Y,,_T,,Y15T64,,_Z,,Q,,2001-Q3,,61.96704,,,,A,,0,,1,
DATAFLOW,OECD.SDD.TPS:DSD_LFS@DF_IALFS_EMP_WAP_Q(1.0),,I,EST,,EMP_WAP,,PT_WAP_SUB,,_Z,,Y,,_T,,Y15T64,,_Z,,Q,,2001-Q4,,61.4602,,,,A,,0,,1,
DATAFLOW,OECD.SDD.TPS:DSD_LFS@DF_IALFS_EMP_WAP_Q(1.0),,I,EST,,EMP_WAP,,PT_WAP_SUB,,_Z,,Y,,_T,,Y15T64,,_Z,,Q,,2002-Q1,,61.09154,,,,A,,0,,1,
DATAFLOW,OECD.SDD.TPS:DSD_LFS@DF_IALFS_EMP_WAP_Q(1.0),,I,EST,,EMP_WAP,,PT_WAP_SUB,,_Z,,Y,,_T,,Y15T64,,_Z,,Q,,2002-Q2,,61.57651,,,,A,,0,,1,
DATAFLOW,OECD.SDD.TPS:DSD_LFS@DF_IALFS_EMP_WAP_Q(1.0),,I,EST,,EMP_WAP,,PT_WAP_SUB,,_Z,,Y,,_T,,Y15T64,,_Z,,Q,,2002-Q3,,61.53005,,,,A,,0,,1,
DATAFLOW,OECD.SDD.TPS:DSD_LFS@DF_IALFS_EMP_WAP_Q(1.0),,I,EST,,EMP_WAP,,PT_WAP_SUB,,_Z,,Y,,_T,,Y15T64,,_Z,,Q,,2002-Q4,,61.10823,,,,A,,0,,1,
DATAFLOW,OECD.SDD.TPS:DSD_LFS@DF_IALFS_EMP_WAP_Q(1.0),,I,EST,,EMP_WAP,,PT_WAP_SUB,,_Z,,Y,,_T,,Y15T64,,_Z,,Q,,2003-Q1,,61.83889,,,,A,,0,,1,
DATAFLOW,OECD.SDD.TPS:DSD_LFS@DF_IALFS_EMP_WAP_Q(1.0),,I,EST,,EMP_WAP,,PT_WAP_SUB,,_Z,,Y,,_T,,Y15T64,,_Z,,Q,,2003-Q2,,62.53241,,,,A,,0,,1,
DATAFLOW,OECD.SDD.TPS:DSD_LFS@DF_IALFS_EMP_WAP_Q(1.0),,I,EST,,EMP_WAP,,PT_WAP_SUB,,_Z,,Y,,_T,,Y15T64,,_Z,,Q,,2003-Q3,,63.6369,,,,A,,0,,1,
DATAFLOW,OECD.SDD.TPS:DSD_LFS@DF_IALFS_EMP_WAP_Q(1.0),,I,EST,,EMP_WAP,,PT_WAP_SUB,,_Z,,Y,,_T,,Y15T64,,_Z,,Q,,2003-Q4,,63.84103,,,,A,,0,,1,
DATAFLOW,OECD.SDD.TPS:DSD_LFS@DF_IALFS_EMP_WAP_Q(1.0),,I,EST,,EMP_WAP,,PT_WAP_SUB,,_Z,,Y,,_T,,Y15T64,,_Z,,Q,,2004-Q1,,63.48733,,,,A,,0,,1,
DATAFLOW,OECD.SDD.TPS:DSD_LFS@DF_IALFS_EMP_WAP_Q(1.0),,I,EST,,EMP_WAP,,PT_WAP_SUB,,_Z,,Y,,_T,,Y15T64,,_Z,,Q,,2004-Q2,,63.33897,,,,A,,0,,1,
DATAFLOW,OECD.SDD.TPS:DSD_LFS@DF_IALFS_EMP_WAP_Q(1.0),,I,EST,,EMP_WAP,,PT_WAP_SUB,,_Z,,Y,,_T,,Y15T64,,_Z,,Q,,2004-Q3,,62.76983,,,,A,,0,,1,
DATAFLOW,OECD.SDD.TPS:DSD_LFS@DF_IALFS_EMP_WAP_Q(1.0),,I,EST,,EMP_WAP,,PT_WAP_SUB,,_Z,,Y,,_T,,Y15T64,,_Z,,Q,,2004-Q4,,62.8777,,,,A,,0,,1,
DATAFLOW,OECD.SDD.TPS:DSD_LFS@DF_IALFS_EMP_WAP_Q(1.0),,I,EST,,EMP_WAP,,PT_WAP_SUB,,_Z,,Y,,_T,,Y15T64,,_Z,,Q,,2005-Q1,,63.98173,,,,A,,0,,1,
DATAFLOW,OECD.SDD.TPS:DSD_LFS@DF_IALFS_EMP_WAP_Q(1.0),,I,EST,,EMP_WAP,,PT_WAP_SUB,,_Z,,Y,,_T,,Y15T64,,_Z,,Q,,2005-Q2,,65.14344,,,,A,,0,,1,
DATAFLOW,OECD.SDD.TPS:DSD_LFS@DF_IALFS_EMP_WAP_Q(1.0),,I,EST,,EMP_WAP,,PT_WAP_SUB,,_Z,,Y,,_T,,Y15T64,,_Z,,Q,,2005-Q3,,64.53651,,,,A,,0,,1,
DATAFLOW,OECD.SDD.TPS:DSD_LFS@DF_IALFS_EMP_WAP_Q(1.0),,I,EST,,EMP_WAP,,PT_WAP_SUB,,_Z,,Y,,_T,,Y15T64,,_Z,,Q,,2005-Q4,,65.69772,,,,A,,0,,1,
DATAFLOW,OECD.SDD.TPS:DSD_LFS@DF_IALFS_EMP_WAP_Q(1.0),,I,EST,,EMP_WAP,,PT_WAP_SUB,,_Z,,Y,,_T,,Y15T64,,_Z,,Q,,2006-Q1,,67.6328,,,,A,,0,,1,
DATAFLOW,OECD.SDD.TPS:DSD_LFS@DF_IALFS_EMP_WAP_Q(1.0),,I,EST,,EMP_WAP,,PT_WAP_SUB,,_Z,,Y,,_T,,Y15T64,,_Z,,Q,,2006-Q2,,69.08283,,,,A,,0,,1,
DATAFLOW,OECD.SDD.TPS:DSD_LFS@DF_IALFS_EMP_WAP_Q(1.0),,I,EST,,EMP_WAP,,PT_WAP_SUB,,_Z,,Y,,_T,,Y15T64,,_Z,,Q,,2006-Q3,,68.19662,,,,A,,0,,1,
DATAFLOW,OECD.SDD.TPS:DSD_LFS@DF_IALFS_EMP_WAP_Q(1.0),,I,EST,,EMP_WAP,,PT_WAP_SUB,,_Z,,Y,,_T,,Y15T64,,_Z,,Q,,2006-Q4,,68.74133,,,,A,,0,,1,
DATAFLOW,OECD.SDD.TPS:DSD_LFS@DF_IALFS_EMP_WAP_Q(1.0),,I,EST,,EMP_WAP,,PT_WAP_SUB,,_Z,,Y,,_T,,Y15T64,,_Z,,Q,,2007-Q1,,69.07504,,,,A,,0,,1,
DATAFLOW,OECD.SDD.TPS:DSD_LFS@DF_IALFS_EMP_WAP_Q(1.0),,I,EST,,EMP_WAP,,PT_WAP_SUB,,_Z,,Y,,_T,,Y15T64,,_Z,,Q,,2007-Q2,,70.13586,,,,A,,0,,1,
DATAFLOW,OECD.SDD.TPS:DSD_LFS@DF_IALFS_EMP_WAP_Q(1.0),,I,EST,,EMP_WAP,,PT_WAP_SUB,,_Z,,Y,,_T,,Y15T64,,_Z,,Q,,2007-Q3,,70.42564,,,,A,,0,,1,
DATAFLOW,OECD.SDD.TPS:DSD_LFS@DF_IALFS_EMP_WAP_Q(1.0),,I,EST,,EMP_WAP,,PT_WAP_SUB,,_Z,,Y,,_T,,Y15T64,,_Z,,Q,,2007-Q4,,69.37706,,,,A,,0,,1,
DATAFLOW,OECD.SDD.TPS:DSD_LFS@DF_IALFS_EMP_WAP_Q(1.0),,I,EST,,EMP_WAP,,PT_WAP_SUB,,_Z,,Y,,_T,,Y15T64,,_Z,,Q,,2008-Q1,,70.24913,,,,A,,0,,1,
DATAFLOW,OECD.SDD.TPS:DSD_LFS@DF_IALFS_EMP_WAP_Q(1.0),,I,EST,,EMP_WAP,,PT_WAP_SUB,,_Z,,Y,,_T,,Y15T64,,_Z,,Q,,2008-Q2,,70.15253,,,,A,,0,,1,
DATAFLOW,OECD.SDD.TPS:DSD_LFS@DF_IALFS_EMP_WAP_Q(1.0),,I,EST,,EMP_WAP,,PT_WAP_SUB,,_Z,,Y,,_T,,Y15T64,,_Z,,Q,,2008-Q3,,70.14323,,,,A,,0,,1,
DATAFLOW,OECD.SDD.TPS:DSD_LFS@DF_IALFS_EMP_WAP_Q(1.0),,I,EST,,EMP_WAP,,PT_WAP_SUB,,_Z,,Y,,_T,,Y15T64,,_Z,,Q,,2009-Q1,,66.18999,,,,A,,0,,1,
DATAFLOW,OECD.SDD.TPS:DSD_LFS@DF_IALFS_EMP_WAP_Q(1.0),,I,EST,,EMP_WAP,,PT_WAP_SUB,,_Z,,Y,,_T,,Y15T64,,_Z,,Q,,2009-Q2,,64.81149,,,,A,,0,,1,
DATAFLOW,OECD.SDD.TPS:DSD_LFS@DF_IALFS_EMP_WAP_Q(1.0),,I,EST,,EMP_WAP,,PT_WAP_SUB,,_Z,,Y,,_T,,Y15T64,,_Z,,Q,,2009-Q3,,63.43618,,,,A,,0,,1,
DATAFLOW,OECD.SDD.TPS:DSD_LFS@DF_IALFS_EMP_WAP_Q(1.0),,I,EST,,EMP_WAP,,PT_WAP_SUB,,_Z,,Y,,_T,,Y15T64,,_Z,,Q,,2009-Q4,,62.33466,,,,A,,0,,1,
DATAFLOW,OECD.SDD.TPS:DSD_LFS@DF_IALFS_EMP_WAP_Q(1.0),,I,EST,,EMP_WAP,,PT_WAP_SUB,,_Z,,Y,,_T,,Y15T64,,_Z,,Q,,2010-Q1,,60.39947,,,,A,,0,,1,
DATAFLOW,OECD.SDD.TPS:DSD_LFS@DF_IALFS_EMP_WAP_Q(1.0),,I,EST,,EMP_WAP,,PT_WAP_SUB,,_Z,,Y,,_T,,Y15T64,,_Z,,Q,,2010-Q2,,60.48227,,,,A,,0,,1,
DATAFLOW,OECD.SDD.TPS:DSD_LFS@DF_IALFS_EMP_WAP_Q(1.0),,I,EST,,EMP_WAP,,PT_WAP_SUB,,_Z,,Y,,_T,,Y15T64,,_Z,,Q,,2010-Q3,,62.48605,,,,A,,0,,1,
DATAFLOW,OECD.SDD.TPS:DSD_LFS@DF_IALFS_EMP_WAP_Q(1.0),,I,EST,,EMP_WAP,,PT_WAP_SUB,,_Z,,Y,,_T,,Y15T64,,_Z,,Q,,2010-Q4,,64.13149,,,,A,,0,,1,
DATAFLOW,OECD.SDD.TPS:DSD_LFS@DF_IALFS_EMP_WAP_Q(1.0),,I,EST,,EMP_WAP,,PT_WAP_SUB,,_Z,,Y,,_T,,Y15T64,,_Z,,Q,,2011-Q1,,63.96778,,,,A,,0,,1,
DATAFLOW,OECD.SDD.TPS:DSD_LFS@DF_IALFS_EMP_WAP_Q(1.0),,I,EST,,EMP_WAP,,PT_WAP_SUB,,_Z,,Y,,_T,,Y15T64,,_Z,,Q,,2011-Q2,,65.24251,,,,A,,0,,1,
DATAFLOW,OECD.SDD.TPS:DSD_LFS@DF_IALFS_EMP_WAP_Q(1.0),,I,EST,,EMP_WAP,,PT_WAP_SUB,,_Z,,Y,,_T,,Y15T64,,_Z,,Q,,2011-Q3,,67.16556,,,,A,,0,,1,
DATAFLOW,OECD.SDD.TPS:DSD_LFS@DF_IALFS_EMP_WAP_Q(1.0),,I,EST,,EMP_WAP,,PT_WAP_SUB,,_Z,,Y,,_T,,Y15T64,,_Z,,Q,,2011-Q4,,66.63718,,,,A,,0,,1,
DATAFLOW,OECD.SDD.TPS:DSD_LFS@DF_IALFS_EMP_WAP_Q(1.0),,I,EST,,EMP_WAP,,PT_WAP_SUB,,_Z,,Y,,_T,,Y15T64,,_Z,,Q,,2012-Q1,,67.00966,,,,A,,0,,1,
DATAFLOW,OECD.SDD.TPS:DSD_LFS@DF_IALFS_EMP_WAP_Q(1.0),,I,EST,,EMP_WAP,,PT_WAP_SUB,,_Z,,Y,,_T,,Y15T64,,_Z,,Q,,2012-Q2,,68.07401,,,,A,,0,,1,
DATAFLOW,OECD.SDD.TPS:DSD_LFS@DF_IALFS_EMP_WAP_Q(1.0),,I,EST,,EMP_WAP,,PT_WAP_SUB,,_Z,,Y,,_T,,Y15T64,,_Z,,Q,,2012-Q3,,68.77049,,,,A,,0,,1,
DATAFLOW,OECD.SDD.TPS:DSD_LFS@DF_IALFS_EMP_WAP_Q(1.0),,I,EST,,EMP_WAP,,PT_WAP_SUB,,_Z,,Y,,_T,,Y15T64,,_Z,,Q,,2012-Q4,,68.14999,,,,A,,0,,1,
DATAFLOW,OECD.SDD.TPS:DSD_LFS@DF_IALFS_EMP_WAP_Q(1.0),,I,EST,,EMP_WAP,,PT_WAP_SUB,,_Z,,Y,,_T,,Y15T64,,_Z,,Q,,2013-Q1,,68.79759,,,,A,,0,,1,
DATAFLOW,OECD.SDD.TPS:DSD_LFS@DF_IALFS_EMP_WAP_Q(1.0),,I,EST,,EMP_WAP,,PT_WAP_SUB,,_Z,,Y,,_T,,Y15T64,,_Z,,Q,,2013-Q2,,70.04494,,,,A,,0,,1,
DATAFLOW,OECD.SDD.TPS:DSD_LFS@DF_IALFS_EMP_WAP_Q(1.0),,I,EST,,EMP_WAP,,PT_WAP_SUB,,_Z,,Y,,_T,,Y15T64,,_Z,,Q,,2013-Q3,,69.00235,,,,A,,0,,1,
DATAFLOW,OECD.SDD.TPS:DSD_LFS@DF_IALFS_EMP_WAP_Q(1.0),,I,EST,,EMP_WAP,,PT_WAP_SUB,,_Z,,Y,,_T,,Y15T64,,_Z,,Q,,2013-Q4,,68.82258,,,,A,,0,,1,
DATAFLOW,OECD.SDD.TPS:DSD_LFS@DF_IALFS_EMP_WAP_Q(1.0),,I,EST,,EMP_WAP,,PT_WAP_SUB,,_Z,,Y,,_T,,Y15T64,,_Z,,Q,,2014-Q1,,68.85885,,,,A,,0,,1,
DATAFLOW,OECD.SDD.TPS:DSD_LFS@DF_IALFS_EMP_WAP_Q(1.0),,I,EST,,EMP_WAP,,PT_WAP_SUB,,_Z,,Y,,_T,,Y15T64,,_Z,,Q,,2014-Q2,,70.64079,,,,A,,0,,1,
DATAFLOW,OECD.SDD.TPS:DSD_LFS@DF_IALFS_EMP_WAP_Q(1.0),,I,EST,,EMP_WAP,,PT_WAP_SUB,,_Z,,Y,,_T,,Y15T64,,_Z,,Q,,2014-Q3,,70.50428,,,,A,,0,,1,
DATAFLOW,OECD.SDD.TPS:DSD_LFS@DF_IALFS_EMP_WAP_Q(1.0),,I,EST,,EMP_WAP,,PT_WAP_SUB,,_Z,,Y,,_T,,Y15T64,,_Z,,Q,,2014-Q4,,71.02171,,,,A,,0,,1,
DATAFLOW,OECD.SDD.TPS:DSD_LFS@DF_IALFS_EMP_WAP_Q(1.0),,I,EST,,EMP_WAP,,PT_WAP_SUB,,_Z,,Y,,_T,,Y15T64,,_Z,,Q,,2015-Q1,,70.20225,,,,A,,0,,1,
DATAFLOW,OECD.SDD.TPS:DSD_LFS@DF_IALFS_EMP_WAP_Q(1.0),,I,EST,,EMP_WAP,,PT_WAP_SUB,,_Z,,Y,,_T,,Y15T64,,_Z,,Q,,2015-Q2,,71.63949,,,,A,,0,,1,
DATAFLOW,OECD.SDD.TPS:DSD_LFS@DF_IALFS_EMP_WAP_Q(1.0),,I,EST,,EMP_WAP,,PT_WAP_SUB,,_Z,,Y,,_T,,Y15T64,,_Z,,Q,,2015-Q3,,73.23314,,,,A,,0,,1,
DATAFLOW,OECD.SDD.TPS:DSD_LFS@DF_IALFS_EMP_WAP_Q(1.0),,I,EST,,EMP_WAP,,PT_WAP_SUB,,_Z,,Y,,_T,,Y15T64,,_Z,,Q,,2015-Q4,,71.70911,,,,A,,0,,1,
DATAFLOW,OECD.SDD.TPS:DSD_LFS@DF_IALFS_EMP_WAP_Q(1.0),,I,EST,,EMP_WAP,,PT_WAP_SUB,,_Z,,Y,,_T,,Y15T64,,_Z,,Q,,2016-Q1,,70.34141,,,,A,,0,,1,
DATAFLOW,OECD.SDD.TPS:DSD_LFS@DF_IALFS_EMP_WAP_Q(1.0),,I,EST,,EMP_WAP,,PT_WAP_SUB,,_Z,,Y,,_T,,Y15T64,,_Z,,Q,,2016-Q2,,73.34094,,,,A,,0,,1,
DATAFLOW,OECD.SDD.TPS:DSD_LFS@DF_IALFS_EMP_WAP_Q(1.0),,I,EST,,EMP_WAP,,PT_WAP_SUB,,_Z,,Y,,_T,,Y15T64,,_Z,,Q,,2016-Q3,,72.8996,,,,A,,0,,1,
DATAFLOW,OECD.SDD.TPS:DSD_LFS@DF_IALFS_EMP_WAP_Q(1.0),,I,EST,,EMP_WAP,,PT_WAP_SUB,,_Z,,Y,,_T,,Y15T64,,_Z,,Q,,2016-Q4,,71.56091,,,,A,,0,,1,
DATAFLOW,OECD.SDD.TPS:DSD_LFS@DF_IALFS_EMP_WAP_Q(1.0),,I,EST,,EMP_WAP,,PT_WAP_SUB,,_Z,,Y,,_T,,Y15T64,,_Z,,Q,,2017-Q1,,73.51266,,,,A,,0,,1,
DATAFLOW,OECD.SDD.TPS:DSD_LFS@DF_IALFS_EMP_WAP_Q(1.0),,I,EST,,EMP_WAP,,PT_WAP_SUB,,_Z,,Y,,_T,,Y15T64,,_Z,,Q,,2017-Q2,,73.25969,,,,A,,0,,1,
DATAFLOW,OECD.SDD.TPS:DSD_LFS@DF_IALFS_EMP_WAP_Q(1.0),,I,EST,,EMP_WAP,,PT_WAP_SUB,,_Z,,Y,,_T,,Y15T64,,_Z,,Q,,2017-Q3,,74.162,,,,A,,0,,1,
DATAFLOW,OECD.SDD.TPS:DSD_LFS@DF_IALFS_EMP_WAP_Q(1.0),,I,EST,,EMP_WAP,,PT_WAP_SUB,,_Z,,Y,,_T,,Y15T64,,_Z,,Q,,2017-Q4,,75.1413,,,,A,,0,,1,
DATAFLOW,OECD.SDD.TPS:DSD_LFS@DF_IALFS_EMP_WAP_Q(1.0),,I,EST,,EMP_WAP,,PT_WAP_SUB,,_Z,,Y,,_T,,Y15T64,,_Z,,Q,,2018-Q1,,73.88728,,,,A,,0,,1,
DATAFLOW,OECD.SDD.TPS:DSD_LFS@DF_IALFS_EMP_WAP_Q(1.0),,I,EST,,EMP_WAP,,PT_WAP_SUB,,_Z,,Y,,_T,,Y15T64,,_Z,,Q,,2018-Q2,,74.4495,,,,A,,0,,1,
DATAFLOW,OECD.SDD.TPS:DSD_LFS@DF_IALFS_EMP_WAP_Q(1.0),,I,EST,,EMP_WAP,,PT_WAP_SUB,,_Z,,Y,,_T,,Y15T64,,_Z,,Q,,2018-Q3,,74.13327,,,,A,,0,,1,
DATAFLOW,OECD.SDD.TPS:DSD_LFS@DF_IALFS_EMP_WAP_Q(1.0),,I,EST,,EMP_WAP,,PT_WAP_SUB,,_Z,,Y,,_T,,Y15T64,,_Z,,Q,,2018-Q4,,75.19656,,,,A,,0,,1,
DATAFLOW,OECD.SDD.TPS:DSD_LFS@DF_IALFS_EMP_WAP_Q(1.0),,I,EST,,EMP_WAP,,PT_WAP_SUB,,_Z,,Y,,_T,,Y15T64,,_Z,,Q,,2019-Q1,,74.25098,,,,A,,0,,1,
DATAFLOW,OECD.SDD.TPS:DSD_LFS@DF_IALFS_EMP_WAP_Q(1.0),,I,EST,,EMP_WAP,,PT_WAP_SUB,,_Z,,Y,,_T,,Y15T64,,_Z,,Q,,2019-Q2,,74.40363,,,,A,,0,,1,
DATAFLOW,OECD.SDD.TPS:DSD_LFS@DF_IALFS_EMP_WAP_Q(1.0),,I,EST,,EMP_WAP,,PT_WAP_SUB,,_Z,,Y,,_T,,Y15T64,,_Z,,Q,,2019-Q3,,75.626,,,,A,,0,,1,
DATAFLOW,OECD.SDD.TPS:DSD_LFS@DF_IALFS_EMP_WAP_Q(1.0),,I,EST,,EMP_WAP,,PT_WAP_SUB,,_Z,,Y,,_T,,Y15T64,,_Z,,Q,,2019-Q4,,76.14236,,,,A,,0,,1,
DATAFLOW,OECD.SDD.TPS:DSD_LFS@DF_IALFS_EMP_WAP_Q(1.0),,I,EST,,EMP_WAP,,PT_WAP_SUB,,_Z,,Y,,_T,,Y15T64,,_Z,,Q,,2020-Q1,,74.85895,,,,A,,0,,1,
DATAFLOW,OECD.SDD.TPS:DSD_LFS@DF_IALFS_EMP_WAP_Q(1.0),,I,EST,,EMP_WAP,,PT_WAP_SUB,,_Z,,Y,,_T,,Y15T64,,_Z,,Q,,2020-Q2,,72.18752,,,,A,,0,,1,
DATAFLOW,OECD.SDD.TPS:DSD_LFS@DF_IALFS_EMP_WAP_Q(1.0),,I,EST,,EMP_WAP,,PT_WAP_SUB,,_Z,,Y,,_T,,Y15T64,,_Z,,Q,,2020-Q3,,73.1796,,,,A,,0,,1,
DATAFLOW,OECD.SDD.TPS:DSD_LFS@DF_IALFS_EMP_WAP_Q(1.0),,I,EST,,EMP_WAP,,PT_WAP_SUB,,_Z,,Y,,_T,,Y15T64,,_Z,,Q,,2020-Q4,,73.73222,,,,A,,0,,1,
DATAFLOW,OECD.SDD.TPS:DSD_LFS@DF_IALFS_EMP_WAP_Q(1.0),,I,EST,,EMP_WAP,,PT_WAP_SUB,,_Z,,Y,,_T,,Y15T64,,_Z,,Q,,2021-Q1,,73.77081,,,,A,,0,,1,
DATAFLOW,OECD.SDD.TPS:DSD_LFS@DF_IALFS_EMP_WAP_Q(1.0),,I,EST,,EMP_WAP,,PT_WAP_SUB,,_Z,,Y,,_T,,Y15T64,,_Z,,Q,,2021-Q2,,72.79367,,,,A,,0,,1,
DATAFLOW,OECD.SDD.TPS:DSD_LFS@DF_IALFS_EMP_WAP_Q(1.0),,I,EST,,EMP_WAP,,PT_WAP_SUB,,_Z,,Y,,_T,,Y15T64,,_Z,,Q,,2021-Q3,,74.37754,,,,A,,0,,1,
DATAFLOW,OECD.SDD.TPS:DSD_LFS@DF_IALFS_EMP_WAP_Q(1.0),,I,EST,,EMP_WAP,,PT_WAP_SUB,,_Z,,Y,,_T,,Y15T64,,_Z,,Q,,2021-Q4,,75.03003,,,,A,,0,,1,
DATAFLOW,OECD.SDD.TPS:DSD_LFS@DF_IALFS_EMP_WAP_Q(1.0),,I,EST,,EMP_WAP,,PT_WAP_SUB,,_Z,,Y,,_T,,Y15T64,,_Z,,Q,,2022-Q1,,76.50092,,,,A,,0,,1,
DATAFLOW,OECD.SDD.TPS:DSD_LFS@DF_IALFS_EMP_WAP_Q(1.0),,I,EST,,EMP_WAP,,PT_WAP_SUB,,_Z,,Y,,_T,,Y15T64,,_Z,,Q,,2022-Q2,,76.15868,,,,A,,0,,1,
DATAFLOW,OECD.SDD.TPS:DSD_LFS@DF_IALFS_EMP_WAP_Q(1.0),,I,EST,,EMP_WAP,,PT_WAP_SUB,,_Z,,Y,,_T,,Y15T64,,_Z,,Q,,2022-Q3,,76.22622,,,,A,,0,,1,
DATAFLOW,OECD.SDD.TPS:DSD_LFS@DF_IALFS_EMP_WAP_Q(1.0),,I,EST,,EMP_WAP,,PT_WAP_SUB,,_Z,,Y,,_T,,Y15T64,,_Z,,Q,,2022-Q4,,76.82007,,,,A,,0,,1,
DATAFLOW,OECD.SDD.TPS:DSD_LFS@DF_IALFS_EMP_WAP_Q(1.0),,I,EST,,EMP_WAP,,PT_WAP_SUB,,_Z,,Y,,_T,,Y15T64,,_Z,,Q,,2023-Q1,,76.58009,,,,A,,0,,1,
DATAFLOW,OECD.SDD.TPS:DSD_LFS@DF_IALFS_EMP_WAP_Q(1.0),,I,EST,,EMP_WAP,,PT_WAP_SUB,,_Z,,Y,,_T,,Y15T64,,_Z,,Q,,2023-Q2,,76.63889,,,,A,,0,,1,
DATAFLOW,OECD.SDD.TPS:DSD_LFS@DF_IALFS_EMP_WAP_Q(1.0),,I,EST,,EMP_WAP,,PT_WAP_SUB,,_Z,,Y,,_T,,Y15T64,,_Z,,Q,,2023-Q3,,75.98705,,,,A,,0,,1,
DATAFLOW,OECD.SDD.TPS:DSD_LFS@DF_IALFS_EMP_WAP_Q(1.0),,I,EST,,EMP_WAP,,PT_WAP_SUB,,_Z,,Y,,_T,,Y15T64,,_Z,,Q,,2023-Q4,,75.81911,,,,A,,0,,1,
DATAFLOW,OECD.SDD.TPS:DSD_LFS@DF_IALFS_EMP_WAP_Q(1.0),,I,EST,,EMP_WAP,,PT_WAP_SUB,,_Z,,Y,,_T,,Y15T64,,_Z,,Q,,2024-Q1,,75.73769,,,,A,,0,,1,
DATAFLOW,OECD.SDD.TPS:DSD_LFS@DF_IALFS_EMP_WAP_Q(1.0),,I,EST,,EMP_WAP,,PT_WAP_SUB,,_Z,,Y,,_T,,Y15T64,,_Z,,Q,,2024-Q2,,76.52576,,,,A,,0,,1,
DATAFLOW,OECD.SDD.TPS:DSD_LFS@DF_IALFS_EMP_WAP_Q(1.0),,I,EST,,EMP_WAP,,PT_WAP_SUB,,_Z,,Y,,_T,,Y15T64,,_Z,,Q,,2024-Q3,,75.49187,,,,A,,0,,1,
DATAFLOW,OECD.SDD.TPS:DSD_LFS@DF_IALFS_EMP_WAP_Q(1.0),,I,EST,,EMP_WAP,,PT_WAP_SUB,,_Z,,Y,,_T,,Y15T64,,_Z,,Q,,2024-Q4,,75.01138,,,,A,,0,,1,
DATAFLOW,OECD.SDD.TPS:DSD_LFS@DF_IALFS_EMP_WAP_Q(1.0),,I,EST,,EMP_WAP,,PT_WAP_SUB,,_Z,,Y,,_T,,Y15T64,,_Z,,Q,,2025-Q1,,74.3275,,,,A,,0,,1,
DATAFLOW,OECD.SDD.TPS:DSD_LFS@DF_IALFS_EMP_WAP_Q(1.0),,I,EST,,EMP_WAP,,PT_WAP_SUB,,_Z,,Y,,_T,,Y15T64,,_Z,,Q,,2025-Q2,,75.74081,,,,A,,0,,1,
DATAFLOW,OECD.SDD.TPS:DSD_LFS@DF_IALFS_EMP_WAP_Q(1.0),,I,EST,,EMP_WAP,,PT_WAP_SUB,,_Z,,Y,,_T,,Y15T64,,_Z,,Q,,2025-Q3,,76.44505,,,,A,,0,,1,
DATAFLOW,OECD.SDD.TPS:DSD_LFS@DF_IALFS_EMP_WAP_Q(1.0),,I,EST,,EMP_WAP,,PT_WAP_SUB,,_Z,,Y,,_T,,Y15T64,,_Z,,Q,,2025-Q4,,74.91585,,,,A,,0,,1,
DATAFLOW,OECD.SDD.TPS:DSD_LFS@DF_IALFS_EMP_WAP_Q(1.0),,I,EST,,EMP_WAP,,PT_WAP_SUB,,_Z,,Y,,_T,,Y15T64,,_Z,,Q,,2026-Q1,,74.85088,,,,A,,0,,1,
DATAFLOW,OECD.SDD.TPS:DSD_LFS@DF_IALFS_EMP_WAP_Q(1.0),,I,NLD,,EMP_WAP,,PT_WAP_SUB,,_Z,,Y,,_T,,Y15T64,,_Z,,Q,,2000-Q1,,71.81953,,,,A,,0,,1,
DATAFLOW,OECD.SDD.TPS:DSD_LFS@DF_IALFS_EMP_WAP_Q(1.0),,I,NLD,,EMP_WAP,,PT_WAP_SUB,,_Z,,Y,,_T,,Y15T64,,_Z,,Q,,2000-Q2,,72.70621,,,,A,,0,,1,
DATAFLOW,OECD.SDD.TPS:DSD_LFS@DF_IALFS_EMP_WAP_Q(1.0),,I,NLD,,EMP_WAP,,PT_WAP_SUB,,_Z,,Y,,_T,,Y15T64,,_Z,,Q,,2000-Q3,,73.33804,,,,A,,0,,1,
DATAFLOW,OECD.SDD.TPS:DSD_LFS@DF_IALFS_EMP_WAP_Q(1.0),,I,NLD,,EMP_WAP,,PT_WAP_SUB,,_Z,,Y,,_T,,Y15T64,,_Z,,Q,,2000-Q4,,73.83019,,,,A,,0,,1,
DATAFLOW,OECD.SDD.TPS:DSD_LFS@DF_IALFS_EMP_WAP_Q(1.0),,I,NLD,,EMP_WAP,,PT_WAP_SUB,,_Z,,Y,,_T,,Y15T64,,_Z,,Q,,2001-Q1,,73.94598,,,,A,,0,,1,
DATAFLOW,OECD.SDD.TPS:DSD_LFS@DF_IALFS_EMP_WAP_Q(1.0),,I,NLD,,EMP_WAP,,PT_WAP_SUB,,_Z,,Y,,_T,,Y15T64,,_Z,,Q,,2001-Q2,,73.97926,,,,A,,0,,1,
DATAFLOW,OECD.SDD.TPS:DSD_LFS@DF_IALFS_EMP_WAP_Q(1.0),,I,NLD,,EMP_WAP,,PT_WAP_SUB,,_Z,,Y,,_T,,Y15T64,,_Z,,Q,,2001-Q3,,74.20334,,,,A,,0,,1,
DATAFLOW,OECD.SDD.TPS:DSD_LFS@DF_IALFS_EMP_WAP_Q(1.0),,I,NLD,,EMP_WAP,,PT_WAP_SUB,,_Z,,Y,,_T,,Y15T64,,_Z,,Q,,2001-Q4,,74.3256,,,,A,,0,,1,
DATAFLOW,OECD.SDD.TPS:DSD_LFS@DF_IALFS_EMP_WAP_Q(1.0),,I,NLD,,EMP_WAP,,PT_WAP_SUB,,_Z,,Y,,_T,,Y15T64,,_Z,,Q,,2002-Q1,,74.26822,,,,A,,0,,1,
DATAFLOW,OECD.SDD.TPS:DSD_LFS@DF_IALFS_EMP_WAP_Q(1.0),,I,NLD,,EMP_WAP,,PT_WAP_SUB,,_Z,,Y,,_T,,Y15T64,,_Z,,Q,,2002-Q2,,74.43726,,,,A,,0,,1,
DATAFLOW,OECD.SDD.TPS:DSD_LFS@DF_IALFS_EMP_WAP_Q(1.0),,I,NLD,,EMP_WAP,,PT_WAP_SUB,,_Z,,Y,,_T,,Y15T64,,_Z,,Q,,2002-Q3,,74.48672,,,,A,,0,,1,
DATAFLOW,OECD.SDD.TPS:DSD_LFS@DF_IALFS_EMP_WAP_Q(1.0),,I,NLD,,EMP_WAP,,PT_WAP_SUB,,_Z,,Y,,_T,,Y15T64,,_Z,,Q,,2002-Q4,,74.45969,,,,A,,0,,1,
DATAFLOW,OECD.SDD.TPS:DSD_LFS@DF_IALFS_EMP_WAP_Q(1.0),,I,NLD,,EMP_WAP,,PT_WAP_SUB,,_Z,,Y,,_T,,Y15T64,,_Z,,Q,,2003-Q1,,74.07298,,,,A,,0,,1,
DATAFLOW,OECD.SDD.TPS:DSD_LFS@DF_IALFS_EMP_WAP_Q(1.0),,I,NLD,,EMP_WAP,,PT_WAP_SUB,,_Z,,Y,,_T,,Y15T64,,_Z,,Q,,2003-Q2,,73.75138,,,,A,,0,,1,
DATAFLOW,OECD.SDD.TPS:DSD_LFS@DF_IALFS_EMP_WAP_Q(1.0),,I,NLD,,EMP_WAP,,PT_WAP_SUB,,_Z,,Y,,_T,,Y15T64,,_Z,,Q,,2003-Q3,,73.55392,,,,A,,0,,1,
DATAFLOW,OECD.SDD.TPS:DSD_LFS@DF_IALFS_EMP_WAP_Q(1.0),,I,NLD,,EMP_WAP,,PT_WAP_SUB,,_Z,,Y,,_T,,Y15T64,,_Z,,Q,,2003-Q4,,73.17964,,,,A,,0,,1,
DATAFLOW,OECD.SDD.TPS:DSD_LFS@DF_IALFS_EMP_WAP_Q(1.0),,I,NLD,,EMP_WAP,,PT_WAP_SUB,,_Z,,Y,,_T,,Y15T64,,_Z,,Q,,2004-Q1,,73.22832,,,,A,,0,,1,
DATAFLOW,OECD.SDD.TPS:DSD_LFS@DF_IALFS_EMP_WAP_Q(1.0),,I,NLD,,EMP_WAP,,PT_WAP_SUB,,_Z,,Y,,_T,,Y15T64,,_Z,,Q,,2004-Q2,,73.10111,,,,A,,0,,1,
DATAFLOW,OECD.SDD.TPS:DSD_LFS@DF_IALFS_EMP_WAP_Q(1.0),,I,NLD,,EMP_WAP,,PT_WAP_SUB,,_Z,,Y,,_T,,Y15T64,,_Z,,Q,,2004-Q3,,73.19926,,,,A,,0,,1,
DATAFLOW,OECD.SDD.TPS:DSD_LFS@DF_IALFS_EMP_WAP_Q(1.0),,I,NLD,,EMP_WAP,,PT_WAP_SUB,,_Z,,Y,,_T,,Y15T64,,_Z,,Q,,2004-Q4,,72.94102,,,,A,,0,,1,
DATAFLOW,OECD.SDD.TPS:DSD_LFS@DF_IALFS_EMP_WAP_Q(1.0),,I,NLD,,EMP_WAP,,PT_WAP_SUB,,_Z,,Y,,_T,,Y15T64,,_Z,,Q,,2005-Q1,,70.41714,,,,A,,0,,1,
DATAFLOW,OECD.SDD.TPS:DSD_LFS@DF_IALFS_EMP_WAP_Q(1.0),,I,NLD,,EMP_WAP,,PT_WAP_SUB,,_Z,,Y,,_T,,Y15T64,,_Z,,Q,,2005-Q2,,70.51377,,,,A,,0,,1,
DATAFLOW,OECD.SDD.TPS:DSD_LFS@DF_IALFS_EMP_WAP_Q(1.0),,I,NLD,,EMP_WAP,,PT_WAP_SUB,,_Z,,Y,,_T,,Y15T64,,_Z,,Q,,2005-Q3,,70.61476,,,,A,,0,,1,
DATAFLOW,OECD.SDD.TPS:DSD_LFS@DF_IALFS_EMP_WAP_Q(1.0),,I,NLD,,EMP_WAP,,PT_WAP_SUB,,_Z,,Y,,_T,,Y15T64,,_Z,,Q,,2005-Q4,,70.9585,,,,A,,0,,1,
DATAFLOW,OECD.SDD.TPS:DSD_LFS@DF_IALFS_EMP_WAP_Q(1.0),,I,NLD,,EMP_WAP,,PT_WAP_SUB,,_Z,,Y,,_T,,Y15T64,,_Z,,Q,,2006-Q1,,71.11403,,,,A,,0,,1,
DATAFLOW,OECD.SDD.TPS:DSD_LFS@DF_IALFS_EMP_WAP_Q(1.0),,I,NLD,,EMP_WAP,,PT_WAP_SUB,,_Z,,Y,,_T,,Y15T64,,_Z,,Q,,2006-Q2,,71.2098,,,,A,,0,,1,
DATAFLOW,OECD.SDD.TPS:DSD_LFS@DF_IALFS_EMP_WAP_Q(1.0),,I,NLD,,EMP_WAP,,PT_WAP_SUB,,_Z,,Y,,_T,,Y15T64,,_Z,,Q,,2006-Q3,,71.65397,,,,A,,0,,1,
DATAFLOW,OECD.SDD.TPS:DSD_LFS@DF_IALFS_EMP_WAP_Q(1.0),,I,NLD,,EMP_WAP,,PT_WAP_SUB,,_Z,,Y,,_T,,Y15T64,,_Z,,Q,,2006-Q4,,72.28758,,,,A,,0,,1,
DATAFLOW,OECD.SDD.TPS:DSD_LFS@DF_IALFS_EMP_WAP_Q(1.0),,I,NLD,,EMP_WAP,,PT_WAP_SUB,,_Z,,Y,,_T,,Y15T64,,_Z,,Q,,2007-Q1,,72.77247,,,,A,,0,,1,
DATAFLOW,OECD.SDD.TPS:DSD_LFS@DF_IALFS_EMP_WAP_Q(1.0),,I,NLD,,EMP_WAP,,PT_WAP_SUB,,_Z,,Y,,_T,,Y15T64,,_Z,,Q,,2007-Q2,,73.2823,,,,A,,0,,1,
DATAFLOW,OECD.SDD.TPS:DSD_LFS@DF_IALFS_EMP_WAP_Q(1.0),,I,NLD,,EMP_WAP,,PT_WAP_SUB,,_Z,,Y,,_T,,Y15T64,,_Z,,Q,,2007-Q3,,73.75451,,,,A,,0,,1,
DATAFLOW,OECD.SDD.TPS:DSD_LFS@DF_IALFS_EMP_WAP_Q(1.0),,I,NLD,,EMP_WAP,,PT_WAP_SUB,,_Z,,Y,,_T,,Y15T64,,_Z,,Q,,2007-Q4,,74.03915,,,,A,,0,,1,
DATAFLOW,OECD.SDD.TPS:DSD_LFS@DF_IALFS_EMP_WAP_Q(1.0),,I,NLD,,EMP_WAP,,PT_WAP_SUB,,_Z,,Y,,_T,,Y15T64,,_Z,,Q,,2008-Q1,,74.50661,,,,A,,0,,1,
DATAFLOW,OECD.SDD.TPS:DSD_LFS@DF_IALFS_EMP_WAP_Q(1.0),,I,NLD,,EMP_WAP,,PT_WAP_SUB,,_Z,,Y,,_T,,Y15T64,,_Z,,Q,,2008-Q2,,74.98191,,,,A,,0,,1,
DATAFLOW,OECD.SDD.TPS:DSD_LFS@DF_IALFS_EMP_WAP_Q(1.0),,I,NLD,,EMP_WAP,,PT_WAP_SUB,,_Z,,Y,,_T,,Y15T64,,_Z,,Q,,2008-Q3,,75.1141,,,,A,,0,,1,
DATAFLOW,OECD.SDD.TPS:DSD_LFS@DF_IALFS_EMP_WAP_Q(1.0),,I,NLD,,EMP_WAP,,PT_WAP_SUB,,_Z,,Y,,_T,,Y15T64,,_Z,,Q,,2009-Q1,,76.8266,,,,A,,0,,1,
DATAFLOW,OECD.SDD.TPS:DSD_LFS@DF_IALFS_EMP_WAP_Q(1.0),,I,NLD,,EMP_WAP,,PT_WAP_SUB,,_Z,,Y,,_T,,Y15T64,,_Z,,Q,,2009-Q2,,76.39329,,,,A,,0,,1,
DATAFLOW,OECD.SDD.TPS:DSD_LFS@DF_IALFS_EMP_WAP_Q(1.0),,I,NLD,,EMP_WAP,,PT_WAP_SUB,,_Z,,Y,,_T,,Y15T64,,_Z,,Q,,2009-Q3,,75.94629,,,,A,,0,,1,
DATAFLOW,OECD.SDD.TPS:DSD_LFS@DF_IALFS_EMP_WAP_Q(1.0),,I,NLD,,EMP_WAP,,PT_WAP_SUB,,_Z,,Y,,_T,,Y15T64,,_Z,,Q,,2009-Q4,,75.48879,,,,A,,0,,1,
DATAFLOW,OECD.SDD.TPS:DSD_LFS@DF_IALFS_EMP_WAP_Q(1.0),,I,NLD,,EMP_WAP,,PT_WAP_SUB,,_Z,,Y,,_T,,Y15T64,,_Z,,Q,,2010-Q1,,75.348,,,,A,,0,,1,
DATAFLOW,OECD.SDD.TPS:DSD_LFS@DF_IALFS_EMP_WAP_Q(1.0),,I,NLD,,EMP_WAP,,PT_WAP_SUB,,_Z,,Y,,_T,,Y15T64,,_Z,,Q,,2010-Q2,,75.42548,,,,A,,0,,1,
DATAFLOW,OECD.SDD.TPS:DSD_LFS@DF_IALFS_EMP_WAP_Q(1.0),,I,NLD,,EMP_WAP,,PT_WAP_SUB,,_Z,,Y,,_T,,Y15T64,,_Z,,Q,,2010-Q3,,75.44112,,,,A,,0,,1,
DATAFLOW,OECD.SDD.TPS:DSD_LFS@DF_IALFS_EMP_WAP_Q(1.0),,I,NLD,,EMP_WAP,,PT_WAP_SUB,,_Z,,Y,,_T,,Y15T64,,_Z,,Q,,2010-Q4,,75.59052,,,,A,,0,,1,
DATAFLOW,OECD.SDD.TPS:DSD_LFS@DF_IALFS_EMP_WAP_Q(1.0),,I,NLD,,EMP_WAP,,PT_WAP_SUB,,_Z,,Y,,_T,,Y15T64,,_Z,,Q,,2011-Q1,,75.54424,,,,A,,0,,1,
DATAFLOW,OECD.SDD.TPS:DSD_LFS@DF_IALFS_EMP_WAP_Q(1.0),,I,NLD,,EMP_WAP,,PT_WAP_SUB,,_Z,,Y,,_T,,Y15T64,,_Z,,Q,,2011-Q2,,75.51767,,,,A,,0,,1,
DATAFLOW,OECD.SDD.TPS:DSD_LFS@DF_IALFS_EMP_WAP_Q(1.0),,I,NLD,,EMP_WAP,,PT_WAP_SUB,,_Z,,Y,,_T,,Y15T64,,_Z,,Q,,2011-Q3,,75.64465,,,,A,,0,,1,
DATAFLOW,OECD.SDD.TPS:DSD_LFS@DF_IALFS_EMP_WAP_Q(1.0),,I,NLD,,EMP_WAP,,PT_WAP_SUB,,_Z,,Y,,_T,,Y15T64,,_Z,,Q,,2011-Q4,,76.00917,,,,A,,0,,1,
DATAFLOW,OECD.SDD.TPS:DSD_LFS@DF_IALFS_EMP_WAP_Q(1.0),,I,NLD,,EMP_WAP,,PT_WAP_SUB,,_Z,,Y,,_T,,Y15T64,,_Z,,Q,,2012-Q1,,75.98927,,,,A,,0,,1,
DATAFLOW,OECD.SDD.TPS:DSD_LFS@DF_IALFS_EMP_WAP_Q(1.0),,I,NLD,,EMP_WAP,,PT_WAP_SUB,,_Z,,Y,,_T,,Y15T64,,_Z,,Q,,2012-Q2,,75.90644,,,,A,,0,,1,
DATAFLOW,OECD.SDD.TPS:DSD_LFS@DF_IALFS_EMP_WAP_Q(1.0),,I,NLD,,EMP_WAP,,PT_WAP_SUB,,_Z,,Y,,_T,,Y15T64,,_Z,,Q,,2012-Q3,,75.93427,,,,A,,0,,1,
DATAFLOW,OECD.SDD.TPS:DSD_LFS@DF_IALFS_EMP_WAP_Q(1.0),,I,NLD,,EMP_WAP,,PT_WAP_SUB,,_Z,,Y,,_T,,Y15T64,,_Z,,Q,,2012-Q4,,75.74627,,,,A,,0,,1,
DATAFLOW,OECD.SDD.TPS:DSD_LFS@DF_IALFS_EMP_WAP_Q(1.0),,I,NLD,,EMP_WAP,,PT_WAP_SUB,,_Z,,Y,,_T,,Y15T64,,_Z,,Q,,2013-Q1,,75.39236,,,,A,,0,,1,
DATAFLOW,OECD.SDD.TPS:DSD_LFS@DF_IALFS_EMP_WAP_Q(1.0),,I,NLD,,EMP_WAP,,PT_WAP_SUB,,_Z,,Y,,_T,,Y15T64,,_Z,,Q,,2013-Q2,,75.21082,,,,A,,0,,1,
DATAFLOW,OECD.SDD.TPS:DSD_LFS@DF_IALFS_EMP_WAP_Q(1.0),,I,NLD,,EMP_WAP,,PT_WAP_SUB,,_Z,,Y,,_T,,Y15T64,,_Z,,Q,,2013-Q3,,74.9735,,,,A,,0,,1,
DATAFLOW,OECD.SDD.TPS:DSD_LFS@DF_IALFS_EMP_WAP_Q(1.0),,I,NLD,,EMP_WAP,,PT_WAP_SUB,,_Z,,Y,,_T,,Y15T64,,_Z,,Q,,2013-Q4,,74.83656,,,,A,,0,,1,
DATAFLOW,OECD.SDD.TPS:DSD_LFS@DF_IALFS_EMP_WAP_Q(1.0),,I,NLD,,EMP_WAP,,PT_WAP_SUB,,_Z,,Y,,_T,,Y15T64,,_Z,,Q,,2014-Q1,,74.31104,,,,A,,0,,1,
DATAFLOW,OECD.SDD.TPS:DSD_LFS@DF_IALFS_EMP_WAP_Q(1.0),,I,NLD,,EMP_WAP,,PT_WAP_SUB,,_Z,,Y,,_T,,Y15T64,,_Z,,Q,,2014-Q2,,74.41469,,,,A,,0,,1,
DATAFLOW,OECD.SDD.TPS:DSD_LFS@DF_IALFS_EMP_WAP_Q(1.0),,I,NLD,,EMP_WAP,,PT_WAP_SUB,,_Z,,Y,,_T,,Y15T64,,_Z,,Q,,2014-Q3,,74.77731,,,,A,,0,,1,
DATAFLOW,OECD.SDD.TPS:DSD_LFS@DF_IALFS_EMP_WAP_Q(1.0),,I,NLD,,EMP_WAP,,PT_WAP_SUB,,_Z,,Y,,_T,,Y15T64,,_Z,,Q,,2014-Q4,,75.0963,,,,A,,0,,1,
DATAFLOW,OECD.SDD.TPS:DSD_LFS@DF_IALFS_EMP_WAP_Q(1.0),,I,NLD,,EMP_WAP,,PT_WAP_SUB,,_Z,,Y,,_T,,Y15T64,,_Z,,Q,,2015-Q1,,75.3832,,,,A,,0,,1,
DATAFLOW,OECD.SDD.TPS:DSD_LFS@DF_IALFS_EMP_WAP_Q(1.0),,I,NLD,,EMP_WAP,,PT_WAP_SUB,,_Z,,Y,,_T,,Y15T64,,_Z,,Q,,2015-Q2,,75.66001,,,,A,,0,,1,
DATAFLOW,OECD.SDD.TPS:DSD_LFS@DF_IALFS_EMP_WAP_Q(1.0),,I,NLD,,EMP_WAP,,PT_WAP_SUB,,_Z,,Y,,_T,,Y15T64,,_Z,,Q,,2015-Q3,,75.76581,,,,A,,0,,1,
DATAFLOW,OECD.SDD.TPS:DSD_LFS@DF_IALFS_EMP_WAP_Q(1.0),,I,NLD,,EMP_WAP,,PT_WAP_SUB,,_Z,,Y,,_T,,Y15T64,,_Z,,Q,,2015-Q4,,75.76348,,,,A,,0,,1,
DATAFLOW,OECD.SDD.TPS:DSD_LFS@DF_IALFS_EMP_WAP_Q(1.0),,I,NLD,,EMP_WAP,,PT_WAP_SUB,,_Z,,Y,,_T,,Y15T64,,_Z,,Q,,2016-Q1,,75.87326,,,,A,,0,,1,
DATAFLOW,OECD.SDD.TPS:DSD_LFS@DF_IALFS_EMP_WAP_Q(1.0),,I,NLD,,EMP_WAP,,PT_WAP_SUB,,_Z,,Y,,_T,,Y15T64,,_Z,,Q,,2016-Q2,,76.29498,,,,A,,0,,1,
DATAFLOW,OECD.SDD.TPS:DSD_LFS@DF_IALFS_EMP_WAP_Q(1.0),,I,NLD,,EMP_WAP,,PT_WAP_SUB,,_Z,,Y,,_T,,Y15T64,,_Z,,Q,,2016-Q3,,76.59196,,,,A,,0,,1,
DATAFLOW,OECD.SDD.TPS:DSD_LFS@DF_IALFS_EMP_WAP_Q(1.0),,I,NLD,,EMP_WAP,,PT_WAP_SUB,,_Z,,Y,,_T,,Y15T64,,_Z,,Q,,2016-Q4,,76.71891,,,,A,,0,,1,
DATAFLOW,OECD.SDD.TPS:DSD_LFS@DF_IALFS_EMP_WAP_Q(1.0),,I,NLD,,EMP_WAP,,PT_WAP_SUB,,_Z,,Y,,_T,,Y15T64,,_Z,,Q,,2017-Q1,,76.90231,,,,A,,0,,1,
DATAFLOW,OECD.SDD.TPS:DSD_LFS@DF_IALFS_EMP_WAP_Q(1.0),,I,NLD,,EMP_WAP,,PT_WAP_SUB,,_Z,,Y,,_T,,Y15T64,,_Z,,Q,,2017-Q2,,77.22865,,,,A,,0,,1,
DATAFLOW,OECD.SDD.TPS:DSD_LFS@DF_IALFS_EMP_WAP_Q(1.0),,I,NLD,,EMP_WAP,,PT_WAP_SUB,,_Z,,Y,,_T,,Y15T64,,_Z,,Q,,2017-Q3,,77.57301,,,,A,,0,,1,
DATAFLOW,OECD.SDD.TPS:DSD_LFS@DF_IALFS_EMP_WAP_Q(1.0),,I,NLD,,EMP_WAP,,PT_WAP_SUB,,_Z,,Y,,_T,,Y15T64,,_Z,,Q,,2017-Q4,,77.78006,,,,A,,0,,1,
DATAFLOW,OECD.SDD.TPS:DSD_LFS@DF_IALFS_EMP_WAP_Q(1.0),,I,NLD,,EMP_WAP,,PT_WAP_SUB,,_Z,,Y,,_T,,Y15T64,,_Z,,Q,,2018-Q1,,78.00131,,,,A,,0,,1,
DATAFLOW,OECD.SDD.TPS:DSD_LFS@DF_IALFS_EMP_WAP_Q(1.0),,I,NLD,,EMP_WAP,,PT_WAP_SUB,,_Z,,Y,,_T,,Y15T64,,_Z,,Q,,2018-Q2,,78.48804,,,,A,,0,,1,
DATAFLOW,OECD.SDD.TPS:DSD_LFS@DF_IALFS_EMP_WAP_Q(1.0),,I,NLD,,EMP_WAP,,PT_WAP_SUB,,_Z,,Y,,_T,,Y15T64,,_Z,,Q,,2018-Q3,,79.01231,,,,A,,0,,1,
DATAFLOW,OECD.SDD.TPS:DSD_LFS@DF_IALFS_EMP_WAP_Q(1.0),,I,NLD,,EMP_WAP,,PT_WAP_SUB,,_Z,,Y,,_T,,Y15T64,,_Z,,Q,,2018-Q4,,79.27871,,,,A,,0,,1,
DATAFLOW,OECD.SDD.TPS:DSD_LFS@DF_IALFS_EMP_WAP_Q(1.0),,I,NLD,,EMP_WAP,,PT_WAP_SUB,,_Z,,Y,,_T,,Y15T64,,_Z,,Q,,2019-Q1,,79.43697,,,,A,,0,,1,
DATAFLOW,OECD.SDD.TPS:DSD_LFS@DF_IALFS_EMP_WAP_Q(1.0),,I,NLD,,EMP_WAP,,PT_WAP_SUB,,_Z,,Y,,_T,,Y15T64,,_Z,,Q,,2019-Q2,,79.68678,,,,A,,0,,1,
DATAFLOW,OECD.SDD.TPS:DSD_LFS@DF_IALFS_EMP_WAP_Q(1.0),,I,NLD,,EMP_WAP,,PT_WAP_SUB,,_Z,,Y,,_T,,Y15T64,,_Z,,Q,,2019-Q3,,79.84711,,,,A,,0,,1,
DATAFLOW,OECD.SDD.TPS:DSD_LFS@DF_IALFS_EMP_WAP_Q(1.0),,I,NLD,,EMP_WAP,,PT_WAP_SUB,,_Z,,Y,,_T,,Y15T64,,_Z,,Q,,2019-Q4,,79.74941,,,,A,,0,,1,
DATAFLOW,OECD.SDD.TPS:DSD_LFS@DF_IALFS_EMP_WAP_Q(1.0),,I,NLD,,EMP_WAP,,PT_WAP_SUB,,_Z,,Y,,_T,,Y15T64,,_Z,,Q,,2020-Q1,,80.02873,,,,A,,0,,1,
DATAFLOW,OECD.SDD.TPS:DSD_LFS@DF_IALFS_EMP_WAP_Q(1.0),,I,NLD,,EMP_WAP,,PT_WAP_SUB,,_Z,,Y,,_T,,Y15T64,,_Z,,Q,,2020-Q2,,78.78909,,,,A,,0,,1,
DATAFLOW,OECD.SDD.TPS:DSD_LFS@DF_IALFS_EMP_WAP_Q(1.0),,I,NLD,,EMP_WAP,,PT_WAP_SUB,,_Z,,Y,,_T,,Y15T64,,_Z,,Q,,2020-Q3,,79.03035,,,,A,,0,,1,
DATAFLOW,OECD.SDD.TPS:DSD_LFS@DF_IALFS_EMP_WAP_Q(1.0),,I,NLD,,EMP_WAP,,PT_WAP_SUB,,_Z,,Y,,_T,,Y15T64,,_Z,,Q,,2020-Q4,,79.32193,,,,A,,0,,1,
DATAFLOW,OECD.SDD.TPS:DSD_LFS@DF_IALFS_EMP_WAP_Q(1.0),,I,NLD,,EMP_WAP,,PT_WAP_SUB,,_Z,,Y,,_T,,Y15T64,,_Z,,Q,,2021-Q1,,79.35207,,,,A,,0,,1,
DATAFLOW,OECD.SDD.TPS:DSD_LFS@DF_IALFS_EMP_WAP_Q(1.0),,I,NLD,,EMP_WAP,,PT_WAP_SUB,,_Z,,Y,,_T,,Y15T64,,_Z,,Q,,2021-Q2,,79.65285,,,,A,,0,,1,
DATAFLOW,OECD.SDD.TPS:DSD_LFS@DF_IALFS_EMP_WAP_Q(1.0),,I,NLD,,EMP_WAP,,PT_WAP_SUB,,_Z,,Y,,_T,,Y15T64,,_Z,,Q,,2021-Q3,,80.61615,,,,A,,0,,1,
DATAFLOW,OECD.SDD.TPS:DSD_LFS@DF_IALFS_EMP_WAP_Q(1.0),,I,NLD,,EMP_WAP,,PT_WAP_SUB,,_Z,,Y,,_T,,Y15T64,,_Z,,Q,,2021-Q4,,80.92056,,,,A,,0,,1,
DATAFLOW,OECD.SDD.TPS:DSD_LFS@DF_IALFS_EMP_WAP_Q(1.0),,I,NLD,,EMP_WAP,,PT_WAP_SUB,,_Z,,Y,,_T,,Y15T64,,_Z,,Q,,2022-Q1,,81.33604,,,,A,,0,,1,
DATAFLOW,OECD.SDD.TPS:DSD_LFS@DF_IALFS_EMP_WAP_Q(1.0),,I,NLD,,EMP_WAP,,PT_WAP_SUB,,_Z,,Y,,_T,,Y15T64,,_Z,,Q,,2022-Q2,,81.68979,,,,A,,0,,1,
DATAFLOW,OECD.SDD.TPS:DSD_LFS@DF_IALFS_EMP_WAP_Q(1.0),,I,NLD,,EMP_WAP,,PT_WAP_SUB,,_Z,,Y,,_T,,Y15T64,,_Z,,Q,,2022-Q3,,81.87979,,,,A,,0,,1,
DATAFLOW,OECD.SDD.TPS:DSD_LFS@DF_IALFS_EMP_WAP_Q(1.0),,I,NLD,,EMP_WAP,,PT_WAP_SUB,,_Z,,Y,,_T,,Y15T64,,_Z,,Q,,2022-Q4,,82.134,,,,A,,0,,1,
DATAFLOW,OECD.SDD.TPS:DSD_LFS@DF_IALFS_EMP_WAP_Q(1.0),,I,NLD,,EMP_WAP,,PT_WAP_SUB,,_Z,,Y,,_T,,Y15T64,,_Z,,Q,,2023-Q1,,82.2948,,,,A,,0,,1,
DATAFLOW,OECD.SDD.TPS:DSD_LFS@DF_IALFS_EMP_WAP_Q(1.0),,I,NLD,,EMP_WAP,,PT_WAP_SUB,,_Z,,Y,,_T,,Y15T64,,_Z,,Q,,2023-Q2,,82.38885,,,,A,,0,,1,
DATAFLOW,OECD.SDD.TPS:DSD_LFS@DF_IALFS_EMP_WAP_Q(1.0),,I,NLD,,EMP_WAP,,PT_WAP_SUB,,_Z,,Y,,_T,,Y15T64,,_Z,,Q,,2023-Q3,,82.5719,,,,A,,0,,1,
DATAFLOW,OECD.SDD.TPS:DSD_LFS@DF_IALFS_EMP_WAP_Q(1.0),,I,NLD,,EMP_WAP,,PT_WAP_SUB,,_Z,,Y,,_T,,Y15T64,,_Z,,Q,,2023-Q4,,82.45852,,,,A,,0,,1,
DATAFLOW,OECD.SDD.TPS:DSD_LFS@DF_IALFS_EMP_WAP_Q(1.0),,I,NLD,,EMP_WAP,,PT_WAP_SUB,,_Z,,Y,,_T,,Y15T64,,_Z,,Q,,2024-Q1,,82.32034,,,,A,,0,,1,
DATAFLOW,OECD.SDD.TPS:DSD_LFS@DF_IALFS_EMP_WAP_Q(1.0),,I,NLD,,EMP_WAP,,PT_WAP_SUB,,_Z,,Y,,_T,,Y15T64,,_Z,,Q,,2024-Q2,,82.39175,,,,A,,0,,1,
DATAFLOW,OECD.SDD.TPS:DSD_LFS@DF_IALFS_EMP_WAP_Q(1.0),,I,NLD,,EMP_WAP,,PT_WAP_SUB,,_Z,,Y,,_T,,Y15T64,,_Z,,Q,,2024-Q3,,82.38751,,,,A,,0,,1,
DATAFLOW,OECD.SDD.TPS:DSD_LFS@DF_IALFS_EMP_WAP_Q(1.0),,I,NLD,,EMP_WAP,,PT_WAP_SUB,,_Z,,Y,,_T,,Y15T64,,_Z,,Q,,2024-Q4,,82.24068,,,,A,,0,,1,
DATAFLOW,OECD.SDD.TPS:DSD_LFS@DF_IALFS_EMP_WAP_Q(1.0),,I,NLD,,EMP_WAP,,PT_WAP_SUB,,_Z,,Y,,_T,,Y15T64,,_Z,,Q,,2025-Q1,,82.20505,,,,A,,0,,1,
DATAFLOW,OECD.SDD.TPS:DSD_LFS@DF_IALFS_EMP_WAP_Q(1.0),,I,NLD,,EMP_WAP,,PT_WAP_SUB,,_Z,,Y,,_T,,Y15T64,,_Z,,Q,,2025-Q2,,82.30032,,,,A,,0,,1,
DATAFLOW,OECD.SDD.TPS:DSD_LFS@DF_IALFS_EMP_WAP_Q(1.0),,I,NLD,,EMP_WAP,,PT_WAP_SUB,,_Z,,Y,,_T,,Y15T64,,_Z,,Q,,2025-Q3,,82.42419,,,,A,,0,,1,
DATAFLOW,OECD.SDD.TPS:DSD_LFS@DF_IALFS_EMP_WAP_Q(1.0),,I,NLD,,EMP_WAP,,PT_WAP_SUB,,_Z,,Y,,_T,,Y15T64,,_Z,,Q,,2025-Q4,,82.28919,,,,A,,0,,1,
DATAFLOW,OECD.SDD.TPS:DSD_LFS@DF_IALFS_EMP_WAP_Q(1.0),,I,NLD,,EMP_WAP,,PT_WAP_SUB,,_Z,,Y,,_T,,Y15T64,,_Z,,Q,,2026-Q1,,82.18178,,,,A,,0,,1,
DATAFLOW,OECD.SDD.TPS:DSD_LFS@DF_IALFS_EMP_WAP_Q(1.0),,I,POL,,EMP_WAP,,PT_WAP_SUB,,_Z,,Y,,_T,,Y15T64,,_Z,,Q,,2000-Q1,,55.40475,,,,A,,0,,1,
DATAFLOW,OECD.SDD.TPS:DSD_LFS@DF_IALFS_EMP_WAP_Q(1.0),,I,POL,,EMP_WAP,,PT_WAP_SUB,,_Z,,Y,,_T,,Y15T64,,_Z,,Q,,2000-Q2,,55.13938,,,,A,,0,,1,
DATAFLOW,OECD.SDD.TPS:DSD_LFS@DF_IALFS_EMP_WAP_Q(1.0),,I,POL,,EMP_WAP,,PT_WAP_SUB,,_Z,,Y,,_T,,Y15T64,,_Z,,Q,,2000-Q3,,54.82799,,,,A,,0,,1,
DATAFLOW,OECD.SDD.TPS:DSD_LFS@DF_IALFS_EMP_WAP_Q(1.0),,I,POL,,EMP_WAP,,PT_WAP_SUB,,_Z,,Y,,_T,,Y15T64,,_Z,,Q,,2000-Q4,,54.60408,,,,A,,0,,1,
DATAFLOW,OECD.SDD.TPS:DSD_LFS@DF_IALFS_EMP_WAP_Q(1.0),,I,POL,,EMP_WAP,,PT_WAP_SUB,,_Z,,Y,,_T,,Y15T64,,_Z,,Q,,2001-Q1,,54.17782,,,,A,,0,,1,
DATAFLOW,OECD.SDD.TPS:DSD_LFS@DF_IALFS_EMP_WAP_Q(1.0),,I,POL,,EMP_WAP,,PT_WAP_SUB,,_Z,,Y,,_T,,Y15T64,,_Z,,Q,,2001-Q2,,53.60994,,,,A,,0,,1,
DATAFLOW,OECD.SDD.TPS:DSD_LFS@DF_IALFS_EMP_WAP_Q(1.0),,I,POL,,EMP_WAP,,PT_WAP_SUB,,_Z,,Y,,_T,,Y15T64,,_Z,,Q,,2001-Q3,,53.16905,,,,A,,0,,1,
DATAFLOW,OECD.SDD.TPS:DSD_LFS@DF_IALFS_EMP_WAP_Q(1.0),,I,POL,,EMP_WAP,,PT_WAP_SUB,,_Z,,Y,,_T,,Y15T64,,_Z,,Q,,2001-Q4,,52.49646,,,,A,,0,,1,
DATAFLOW,OECD.SDD.TPS:DSD_LFS@DF_IALFS_EMP_WAP_Q(1.0),,I,POL,,EMP_WAP,,PT_WAP_SUB,,_Z,,Y,,_T,,Y15T64,,_Z,,Q,,2002-Q1,,52.04525,,,,A,,0,,1,
DATAFLOW,OECD.SDD.TPS:DSD_LFS@DF_IALFS_EMP_WAP_Q(1.0),,I,POL,,EMP_WAP,,PT_WAP_SUB,,_Z,,Y,,_T,,Y15T64,,_Z,,Q,,2002-Q2,,51.63474,,,,A,,0,,1,
DATAFLOW,OECD.SDD.TPS:DSD_LFS@DF_IALFS_EMP_WAP_Q(1.0),,I,POL,,EMP_WAP,,PT_WAP_SUB,,_Z,,Y,,_T,,Y15T64,,_Z,,Q,,2002-Q3,,51.23455,,,,A,,0,,1,
DATAFLOW,OECD.SDD.TPS:DSD_LFS@DF_IALFS_EMP_WAP_Q(1.0),,I,POL,,EMP_WAP,,PT_WAP_SUB,,_Z,,Y,,_T,,Y15T64,,_Z,,Q,,2002-Q4,,51.05988,,,,A,,0,,1,
DATAFLOW,OECD.SDD.TPS:DSD_LFS@DF_IALFS_EMP_WAP_Q(1.0),,I,POL,,EMP_WAP,,PT_WAP_SUB,,_Z,,Y,,_T,,Y15T64,,_Z,,Q,,2003-Q1,,51.05812,,,,A,,0,,1,
DATAFLOW,OECD.SDD.TPS:DSD_LFS@DF_IALFS_EMP_WAP_Q(1.0),,I,POL,,EMP_WAP,,PT_WAP_SUB,,_Z,,Y,,_T,,Y15T64,,_Z,,Q,,2003-Q2,,51.2817,,,,A,,0,,1,
DATAFLOW,OECD.SDD.TPS:DSD_LFS@DF_IALFS_EMP_WAP_Q(1.0),,I,POL,,EMP_WAP,,PT_WAP_SUB,,_Z,,Y,,_T,,Y15T64,,_Z,,Q,,2003-Q3,,51.16547,,,,A,,0,,1,
DATAFLOW,OECD.SDD.TPS:DSD_LFS@DF_IALFS_EMP_WAP_Q(1.0),,I,POL,,EMP_WAP,,PT_WAP_SUB,,_Z,,Y,,_T,,Y15T64,,_Z,,Q,,2003-Q4,,51.23969,,,,A,,0,,1,
DATAFLOW,OECD.SDD.TPS:DSD_LFS@DF_IALFS_EMP_WAP_Q(1.0),,I,POL,,EMP_WAP,,PT_WAP_SUB,,_Z,,Y,,_T,,Y15T64,,_Z,,Q,,2004-Q1,,51.40385,,,,A,,0,,1,
DATAFLOW,OECD.SDD.TPS:DSD_LFS@DF_IALFS_EMP_WAP_Q(1.0),,I,POL,,EMP_WAP,,PT_WAP_SUB,,_Z,,Y,,_T,,Y15T64,,_Z,,Q,,2004-Q2,,51.47269,,,,A,,0,,1,
DATAFLOW,OECD.SDD.TPS:DSD_LFS@DF_IALFS_EMP_WAP_Q(1.0),,I,POL,,EMP_WAP,,PT_WAP_SUB,,_Z,,Y,,_T,,Y15T64,,_Z,,Q,,2004-Q3,,51.62759,,,,A,,0,,1,
DATAFLOW,OECD.SDD.TPS:DSD_LFS@DF_IALFS_EMP_WAP_Q(1.0),,I,POL,,EMP_WAP,,PT_WAP_SUB,,_Z,,Y,,_T,,Y15T64,,_Z,,Q,,2004-Q4,,52.11121,,,,A,,0,,1,
DATAFLOW,OECD.SDD.TPS:DSD_LFS@DF_IALFS_EMP_WAP_Q(1.0),,I,POL,,EMP_WAP,,PT_WAP_SUB,,_Z,,Y,,_T,,Y15T64,,_Z,,Q,,2005-Q1,,52.37425,,,,A,,0,,1,
DATAFLOW,OECD.SDD.TPS:DSD_LFS@DF_IALFS_EMP_WAP_Q(1.0),,I,POL,,EMP_WAP,,PT_WAP_SUB,,_Z,,Y,,_T,,Y15T64,,_Z,,Q,,2005-Q2,,52.42052,,,,A,,0,,1,
DATAFLOW,OECD.SDD.TPS:DSD_LFS@DF_IALFS_EMP_WAP_Q(1.0),,I,POL,,EMP_WAP,,PT_WAP_SUB,,_Z,,Y,,_T,,Y15T64,,_Z,,Q,,2005-Q3,,53.00558,,,,A,,0,,1,
DATAFLOW,OECD.SDD.TPS:DSD_LFS@DF_IALFS_EMP_WAP_Q(1.0),,I,POL,,EMP_WAP,,PT_WAP_SUB,,_Z,,Y,,_T,,Y15T64,,_Z,,Q,,2005-Q4,,53.3204,,,,A,,0,,1,
DATAFLOW,OECD.SDD.TPS:DSD_LFS@DF_IALFS_EMP_WAP_Q(1.0),,I,POL,,EMP_WAP,,PT_WAP_SUB,,_Z,,Y,,_T,,Y15T64,,_Z,,Q,,2006-Q1,,53.41032,,,,A,,0,,1,
DATAFLOW,OECD.SDD.TPS:DSD_LFS@DF_IALFS_EMP_WAP_Q(1.0),,I,POL,,EMP_WAP,,PT_WAP_SUB,,_Z,,Y,,_T,,Y15T64,,_Z,,Q,,2006-Q2,,54.06461,,,,A,,0,,1,
DATAFLOW,OECD.SDD.TPS:DSD_LFS@DF_IALFS_EMP_WAP_Q(1.0),,I,POL,,EMP_WAP,,PT_WAP_SUB,,_Z,,Y,,_T,,Y15T64,,_Z,,Q,,2006-Q3,,54.9022,,,,A,,0,,1,
DATAFLOW,OECD.SDD.TPS:DSD_LFS@DF_IALFS_EMP_WAP_Q(1.0),,I,POL,,EMP_WAP,,PT_WAP_SUB,,_Z,,Y,,_T,,Y15T64,,_Z,,Q,,2006-Q4,,55.49374,,,,A,,0,,1,
DATAFLOW,OECD.SDD.TPS:DSD_LFS@DF_IALFS_EMP_WAP_Q(1.0),,I,POL,,EMP_WAP,,PT_WAP_SUB,,_Z,,Y,,_T,,Y15T64,,_Z,,Q,,2007-Q1,,56.15842,,,,A,,0,,1,
DATAFLOW,OECD.SDD.TPS:DSD_LFS@DF_IALFS_EMP_WAP_Q(1.0),,I,POL,,EMP_WAP,,PT_WAP_SUB,,_Z,,Y,,_T,,Y15T64,,_Z,,Q,,2007-Q2,,56.87173,,,,A,,0,,1,
DATAFLOW,OECD.SDD.TPS:DSD_LFS@DF_IALFS_EMP_WAP_Q(1.0),,I,POL,,EMP_WAP,,PT_WAP_SUB,,_Z,,Y,,_T,,Y15T64,,_Z,,Q,,2007-Q3,,57.16132,,,,A,,0,,1,
DATAFLOW,OECD.SDD.TPS:DSD_LFS@DF_IALFS_EMP_WAP_Q(1.0),,I,POL,,EMP_WAP,,PT_WAP_SUB,,_Z,,Y,,_T,,Y15T64,,_Z,,Q,,2007-Q4,,57.90667,,,,A,,0,,1,
DATAFLOW,OECD.SDD.TPS:DSD_LFS@DF_IALFS_EMP_WAP_Q(1.0),,I,POL,,EMP_WAP,,PT_WAP_SUB,,_Z,,Y,,_T,,Y15T64,,_Z,,Q,,2008-Q1,,58.7517,,,,A,,0,,1,
DATAFLOW,OECD.SDD.TPS:DSD_LFS@DF_IALFS_EMP_WAP_Q(1.0),,I,POL,,EMP_WAP,,PT_WAP_SUB,,_Z,,Y,,_T,,Y15T64,,_Z,,Q,,2008-Q2,,59.05636,,,,A,,0,,1,
DATAFLOW,OECD.SDD.TPS:DSD_LFS@DF_IALFS_EMP_WAP_Q(1.0),,I,POL,,EMP_WAP,,PT_WAP_SUB,,_Z,,Y,,_T,,Y15T64,,_Z,,Q,,2008-Q3,,59.45158,,,,A,,0,,1,
DATAFLOW,OECD.SDD.TPS:DSD_LFS@DF_IALFS_EMP_WAP_Q(1.0),,I,POL,,EMP_WAP,,PT_WAP_SUB,,_Z,,Y,,_T,,Y15T64,,_Z,,Q,,2009-Q1,,57.39162,,,,A,,0,,1,
DATAFLOW,OECD.SDD.TPS:DSD_LFS@DF_IALFS_EMP_WAP_Q(1.0),,I,POL,,EMP_WAP,,PT_WAP_SUB,,_Z,,Y,,_T,,Y15T64,,_Z,,Q,,2009-Q2,,57.09005,,,,A,,0,,1,
DATAFLOW,OECD.SDD.TPS:DSD_LFS@DF_IALFS_EMP_WAP_Q(1.0),,I,POL,,EMP_WAP,,PT_WAP_SUB,,_Z,,Y,,_T,,Y15T64,,_Z,,Q,,2009-Q3,,57.0558,,,,A,,0,,1,
DATAFLOW,OECD.SDD.TPS:DSD_LFS@DF_IALFS_EMP_WAP_Q(1.0),,I,POL,,EMP_WAP,,PT_WAP_SUB,,_Z,,Y,,_T,,Y15T64,,_Z,,Q,,2009-Q4,,57.16142,,,,A,,0,,1,
DATAFLOW,OECD.SDD.TPS:DSD_LFS@DF_IALFS_EMP_WAP_Q(1.0),,I,POL,,EMP_WAP,,PT_WAP_SUB,,_Z,,Y,,_T,,Y15T64,,_Z,,Q,,2010-Q1,,56.70237,,,,A,,0,,1,
DATAFLOW,OECD.SDD.TPS:DSD_LFS@DF_IALFS_EMP_WAP_Q(1.0),,I,POL,,EMP_WAP,,PT_WAP_SUB,,_Z,,Y,,_T,,Y15T64,,_Z,,Q,,2010-Q2,,57.03222,,,,A,,0,,1,
DATAFLOW,OECD.SDD.TPS:DSD_LFS@DF_IALFS_EMP_WAP_Q(1.0),,I,POL,,EMP_WAP,,PT_WAP_SUB,,_Z,,Y,,_T,,Y15T64,,_Z,,Q,,2010-Q3,,57.16048,,,,A,,0,,1,
DATAFLOW,OECD.SDD.TPS:DSD_LFS@DF_IALFS_EMP_WAP_Q(1.0),,I,POL,,EMP_WAP,,PT_WAP_SUB,,_Z,,Y,,_T,,Y15T64,,_Z,,Q,,2010-Q4,,57.08555,,,,A,,0,,1,
DATAFLOW,OECD.SDD.TPS:DSD_LFS@DF_IALFS_EMP_WAP_Q(1.0),,I,POL,,EMP_WAP,,PT_WAP_SUB,,_Z,,Y,,_T,,Y15T64,,_Z,,Q,,2011-Q1,,57.28918,,,,A,,0,,1,
DATAFLOW,OECD.SDD.TPS:DSD_LFS@DF_IALFS_EMP_WAP_Q(1.0),,I,POL,,EMP_WAP,,PT_WAP_SUB,,_Z,,Y,,_T,,Y15T64,,_Z,,Q,,2011-Q2,,57.44242,,,,A,,0,,1,
DATAFLOW,OECD.SDD.TPS:DSD_LFS@DF_IALFS_EMP_WAP_Q(1.0),,I,POL,,EMP_WAP,,PT_WAP_SUB,,_Z,,Y,,_T,,Y15T64,,_Z,,Q,,2011-Q3,,57.50393,,,,A,,0,,1,
DATAFLOW,OECD.SDD.TPS:DSD_LFS@DF_IALFS_EMP_WAP_Q(1.0),,I,POL,,EMP_WAP,,PT_WAP_SUB,,_Z,,Y,,_T,,Y15T64,,_Z,,Q,,2011-Q4,,57.62996,,,,A,,0,,1,
DATAFLOW,OECD.SDD.TPS:DSD_LFS@DF_IALFS_EMP_WAP_Q(1.0),,I,POL,,EMP_WAP,,PT_WAP_SUB,,_Z,,Y,,_T,,Y15T64,,_Z,,Q,,2012-Q1,,57.90361,,,,A,,0,,1,
DATAFLOW,OECD.SDD.TPS:DSD_LFS@DF_IALFS_EMP_WAP_Q(1.0),,I,POL,,EMP_WAP,,PT_WAP_SUB,,_Z,,Y,,_T,,Y15T64,,_Z,,Q,,2012-Q2,,58.0664,,,,A,,0,,1,
DATAFLOW,OECD.SDD.TPS:DSD_LFS@DF_IALFS_EMP_WAP_Q(1.0),,I,POL,,EMP_WAP,,PT_WAP_SUB,,_Z,,Y,,_T,,Y15T64,,_Z,,Q,,2012-Q3,,57.98288,,,,A,,0,,1,
DATAFLOW,OECD.SDD.TPS:DSD_LFS@DF_IALFS_EMP_WAP_Q(1.0),,I,POL,,EMP_WAP,,PT_WAP_SUB,,_Z,,Y,,_T,,Y15T64,,_Z,,Q,,2012-Q4,,58.15278,,,,A,,0,,1,
DATAFLOW,OECD.SDD.TPS:DSD_LFS@DF_IALFS_EMP_WAP_Q(1.0),,I,POL,,EMP_WAP,,PT_WAP_SUB,,_Z,,Y,,_T,,Y15T64,,_Z,,Q,,2013-Q1,,57.98697,,,,A,,0,,1,
DATAFLOW,OECD.SDD.TPS:DSD_LFS@DF_IALFS_EMP_WAP_Q(1.0),,I,POL,,EMP_WAP,,PT_WAP_SUB,,_Z,,Y,,_T,,Y15T64,,_Z,,Q,,2013-Q2,,58.21822,,,,A,,0,,1,
DATAFLOW,OECD.SDD.TPS:DSD_LFS@DF_IALFS_EMP_WAP_Q(1.0),,I,POL,,EMP_WAP,,PT_WAP_SUB,,_Z,,Y,,_T,,Y15T64,,_Z,,Q,,2013-Q3,,58.55865,,,,A,,0,,1,
DATAFLOW,OECD.SDD.TPS:DSD_LFS@DF_IALFS_EMP_WAP_Q(1.0),,I,POL,,EMP_WAP,,PT_WAP_SUB,,_Z,,Y,,_T,,Y15T64,,_Z,,Q,,2013-Q4,,58.87132,,,,A,,0,,1,
DATAFLOW,OECD.SDD.TPS:DSD_LFS@DF_IALFS_EMP_WAP_Q(1.0),,I,POL,,EMP_WAP,,PT_WAP_SUB,,_Z,,Y,,_T,,Y15T64,,_Z,,Q,,2014-Q1,,59.41488,,,,A,,0,,1,
DATAFLOW,OECD.SDD.TPS:DSD_LFS@DF_IALFS_EMP_WAP_Q(1.0),,I,POL,,EMP_WAP,,PT_WAP_SUB,,_Z,,Y,,_T,,Y15T64,,_Z,,Q,,2014-Q2,,59.97758,,,,A,,0,,1,
DATAFLOW,OECD.SDD.TPS:DSD_LFS@DF_IALFS_EMP_WAP_Q(1.0),,I,POL,,EMP_WAP,,PT_WAP_SUB,,_Z,,Y,,_T,,Y15T64,,_Z,,Q,,2014-Q3,,60.58583,,,,A,,0,,1,
DATAFLOW,OECD.SDD.TPS:DSD_LFS@DF_IALFS_EMP_WAP_Q(1.0),,I,POL,,EMP_WAP,,PT_WAP_SUB,,_Z,,Y,,_T,,Y15T64,,_Z,,Q,,2014-Q4,,60.90472,,,,A,,0,,1,
DATAFLOW,OECD.SDD.TPS:DSD_LFS@DF_IALFS_EMP_WAP_Q(1.0),,I,POL,,EMP_WAP,,PT_WAP_SUB,,_Z,,Y,,_T,,Y15T64,,_Z,,Q,,2015-Q1,,61.02985,,,,A,,0,,1,
DATAFLOW,OECD.SDD.TPS:DSD_LFS@DF_IALFS_EMP_WAP_Q(1.0),,I,POL,,EMP_WAP,,PT_WAP_SUB,,_Z,,Y,,_T,,Y15T64,,_Z,,Q,,2015-Q2,,61.27641,,,,A,,0,,1,
DATAFLOW,OECD.SDD.TPS:DSD_LFS@DF_IALFS_EMP_WAP_Q(1.0),,I,POL,,EMP_WAP,,PT_WAP_SUB,,_Z,,Y,,_T,,Y15T64,,_Z,,Q,,2015-Q3,,61.81033,,,,A,,0,,1,
DATAFLOW,OECD.SDD.TPS:DSD_LFS@DF_IALFS_EMP_WAP_Q(1.0),,I,POL,,EMP_WAP,,PT_WAP_SUB,,_Z,,Y,,_T,,Y15T64,,_Z,,Q,,2015-Q4,,62.29166,,,,A,,0,,1,
DATAFLOW,OECD.SDD.TPS:DSD_LFS@DF_IALFS_EMP_WAP_Q(1.0),,I,POL,,EMP_WAP,,PT_WAP_SUB,,_Z,,Y,,_T,,Y15T64,,_Z,,Q,,2016-Q1,,62.84708,,,,A,,0,,1,
DATAFLOW,OECD.SDD.TPS:DSD_LFS@DF_IALFS_EMP_WAP_Q(1.0),,I,POL,,EMP_WAP,,PT_WAP_SUB,,_Z,,Y,,_T,,Y15T64,,_Z,,Q,,2016-Q2,,63.23361,,,,A,,0,,1,
DATAFLOW,OECD.SDD.TPS:DSD_LFS@DF_IALFS_EMP_WAP_Q(1.0),,I,POL,,EMP_WAP,,PT_WAP_SUB,,_Z,,Y,,_T,,Y15T64,,_Z,,Q,,2016-Q3,,63.58414,,,,A,,0,,1,
DATAFLOW,OECD.SDD.TPS:DSD_LFS@DF_IALFS_EMP_WAP_Q(1.0),,I,POL,,EMP_WAP,,PT_WAP_SUB,,_Z,,Y,,_T,,Y15T64,,_Z,,Q,,2016-Q4,,64.2337,,,,A,,0,,1,
DATAFLOW,OECD.SDD.TPS:DSD_LFS@DF_IALFS_EMP_WAP_Q(1.0),,I,POL,,EMP_WAP,,PT_WAP_SUB,,_Z,,Y,,_T,,Y15T64,,_Z,,Q,,2017-Q1,,64.77615,,,,A,,0,,1,
DATAFLOW,OECD.SDD.TPS:DSD_LFS@DF_IALFS_EMP_WAP_Q(1.0),,I,POL,,EMP_WAP,,PT_WAP_SUB,,_Z,,Y,,_T,,Y15T64,,_Z,,Q,,2017-Q2,,65.09638,,,,A,,0,,1,
DATAFLOW,OECD.SDD.TPS:DSD_LFS@DF_IALFS_EMP_WAP_Q(1.0),,I,POL,,EMP_WAP,,PT_WAP_SUB,,_Z,,Y,,_T,,Y15T64,,_Z,,Q,,2017-Q3,,65.43719,,,,A,,0,,1,
DATAFLOW,OECD.SDD.TPS:DSD_LFS@DF_IALFS_EMP_WAP_Q(1.0),,I,POL,,EMP_WAP,,PT_WAP_SUB,,_Z,,Y,,_T,,Y15T64,,_Z,,Q,,2017-Q4,,65.77624,,,,A,,0,,1,
DATAFLOW,OECD.SDD.TPS:DSD_LFS@DF_IALFS_EMP_WAP_Q(1.0),,I,POL,,EMP_WAP,,PT_WAP_SUB,,_Z,,Y,,_T,,Y15T64,,_Z,,Q,,2018-Q1,,66.17899,,,,A,,0,,1,
DATAFLOW,OECD.SDD.TPS:DSD_LFS@DF_IALFS_EMP_WAP_Q(1.0),,I,POL,,EMP_WAP,,PT_WAP_SUB,,_Z,,Y,,_T,,Y15T64,,_Z,,Q,,2018-Q2,,66.68784,,,,A,,0,,1,
DATAFLOW,OECD.SDD.TPS:DSD_LFS@DF_IALFS_EMP_WAP_Q(1.0),,I,POL,,EMP_WAP,,PT_WAP_SUB,,_Z,,Y,,_T,,Y15T64,,_Z,,Q,,2018-Q3,,66.83128,,,,A,,0,,1,
DATAFLOW,OECD.SDD.TPS:DSD_LFS@DF_IALFS_EMP_WAP_Q(1.0),,I,POL,,EMP_WAP,,PT_WAP_SUB,,_Z,,Y,,_T,,Y15T64,,_Z,,Q,,2018-Q4,,66.88123,,,,A,,0,,1,
DATAFLOW,OECD.SDD.TPS:DSD_LFS@DF_IALFS_EMP_WAP_Q(1.0),,I,POL,,EMP_WAP,,PT_WAP_SUB,,_Z,,Y,,_T,,Y15T64,,_Z,,Q,,2019-Q1,,67.27992,,,,A,,0,,1,
DATAFLOW,OECD.SDD.TPS:DSD_LFS@DF_IALFS_EMP_WAP_Q(1.0),,I,POL,,EMP_WAP,,PT_WAP_SUB,,_Z,,Y,,_T,,Y15T64,,_Z,,Q,,2019-Q2,,67.80431,,,,A,,0,,1,
DATAFLOW,OECD.SDD.TPS:DSD_LFS@DF_IALFS_EMP_WAP_Q(1.0),,I,POL,,EMP_WAP,,PT_WAP_SUB,,_Z,,Y,,_T,,Y15T64,,_Z,,Q,,2019-Q3,,67.96927,,,,A,,0,,1,
DATAFLOW,OECD.SDD.TPS:DSD_LFS@DF_IALFS_EMP_WAP_Q(1.0),,I,POL,,EMP_WAP,,PT_WAP_SUB,,_Z,,Y,,_T,,Y15T64,,_Z,,Q,,2019-Q4,,68.10538,,,,A,,0,,1,
DATAFLOW,OECD.SDD.TPS:DSD_LFS@DF_IALFS_EMP_WAP_Q(1.0),,I,POL,,EMP_WAP,,PT_WAP_SUB,,_Z,,Y,,_T,,Y15T64,,_Z,,Q,,2020-Q1,,68.21095,,,,A,,0,,1,
DATAFLOW,OECD.SDD.TPS:DSD_LFS@DF_IALFS_EMP_WAP_Q(1.0),,I,POL,,EMP_WAP,,PT_WAP_SUB,,_Z,,Y,,_T,,Y15T64,,_Z,,Q,,2020-Q2,,67.17195,,,,A,,0,,1,
DATAFLOW,OECD.SDD.TPS:DSD_LFS@DF_IALFS_EMP_WAP_Q(1.0),,I,POL,,EMP_WAP,,PT_WAP_SUB,,_Z,,Y,,_T,,Y15T64,,_Z,,Q,,2020-Q3,,67.93349,,,,A,,0,,1,
DATAFLOW,OECD.SDD.TPS:DSD_LFS@DF_IALFS_EMP_WAP_Q(1.0),,I,POL,,EMP_WAP,,PT_WAP_SUB,,_Z,,Y,,_T,,Y15T64,,_Z,,Q,,2020-Q4,,68.56245,,,,A,,0,,1,
DATAFLOW,OECD.SDD.TPS:DSD_LFS@DF_IALFS_EMP_WAP_Q(1.0),,I,POL,,EMP_WAP,,PT_WAP_SUB,,_Z,,Y,,_T,,Y15T64,,_Z,,Q,,2021-Q1,,69.57225,,,,A,,0,,1,
DATAFLOW,OECD.SDD.TPS:DSD_LFS@DF_IALFS_EMP_WAP_Q(1.0),,I,POL,,EMP_WAP,,PT_WAP_SUB,,_Z,,Y,,_T,,Y15T64,,_Z,,Q,,2021-Q2,,70.17117,,,,A,,0,,1,
DATAFLOW,OECD.SDD.TPS:DSD_LFS@DF_IALFS_EMP_WAP_Q(1.0),,I,POL,,EMP_WAP,,PT_WAP_SUB,,_Z,,Y,,_T,,Y15T64,,_Z,,Q,,2021-Q3,,70.81617,,,,A,,0,,1,
DATAFLOW,OECD.SDD.TPS:DSD_LFS@DF_IALFS_EMP_WAP_Q(1.0),,I,POL,,EMP_WAP,,PT_WAP_SUB,,_Z,,Y,,_T,,Y15T64,,_Z,,Q,,2021-Q4,,71.07689,,,,A,,0,,1,
DATAFLOW,OECD.SDD.TPS:DSD_LFS@DF_IALFS_EMP_WAP_Q(1.0),,I,POL,,EMP_WAP,,PT_WAP_SUB,,_Z,,Y,,_T,,Y15T64,,_Z,,Q,,2022-Q1,,71.28683,,,,A,,0,,1,
DATAFLOW,OECD.SDD.TPS:DSD_LFS@DF_IALFS_EMP_WAP_Q(1.0),,I,POL,,EMP_WAP,,PT_WAP_SUB,,_Z,,Y,,_T,,Y15T64,,_Z,,Q,,2022-Q2,,71.60371,,,,A,,0,,1,
DATAFLOW,OECD.SDD.TPS:DSD_LFS@DF_IALFS_EMP_WAP_Q(1.0),,I,POL,,EMP_WAP,,PT_WAP_SUB,,_Z,,Y,,_T,,Y15T64,,_Z,,Q,,2022-Q3,,71.22474,,,,A,,0,,1,
DATAFLOW,OECD.SDD.TPS:DSD_LFS@DF_IALFS_EMP_WAP_Q(1.0),,I,POL,,EMP_WAP,,PT_WAP_SUB,,_Z,,Y,,_T,,Y15T64,,_Z,,Q,,2022-Q4,,71.83559,,,,A,,0,,1,
DATAFLOW,OECD.SDD.TPS:DSD_LFS@DF_IALFS_EMP_WAP_Q(1.0),,I,POL,,EMP_WAP,,PT_WAP_SUB,,_Z,,Y,,_T,,Y15T64,,_Z,,Q,,2023-Q1,,72.30592,,,,A,,0,,1,
DATAFLOW,OECD.SDD.TPS:DSD_LFS@DF_IALFS_EMP_WAP_Q(1.0),,I,POL,,EMP_WAP,,PT_WAP_SUB,,_Z,,Y,,_T,,Y15T64,,_Z,,Q,,2023-Q2,,72.35082,,,,A,,0,,1,
DATAFLOW,OECD.SDD.TPS:DSD_LFS@DF_IALFS_EMP_WAP_Q(1.0),,I,POL,,EMP_WAP,,PT_WAP_SUB,,_Z,,Y,,_T,,Y15T64,,_Z,,Q,,2023-Q3,,72.34187,,,,A,,0,,1,
DATAFLOW,OECD.SDD.TPS:DSD_LFS@DF_IALFS_EMP_WAP_Q(1.0),,I,POL,,EMP_WAP,,PT_WAP_SUB,,_Z,,Y,,_T,,Y15T64,,_Z,,Q,,2023-Q4,,72.51733,,,,A,,0,,1,
DATAFLOW,OECD.SDD.TPS:DSD_LFS@DF_IALFS_EMP_WAP_Q(1.0),,I,POL,,EMP_WAP,,PT_WAP_SUB,,_Z,,Y,,_T,,Y15T64,,_Z,,Q,,2024-Q1,,72.55174,,,,A,,0,,1,
DATAFLOW,OECD.SDD.TPS:DSD_LFS@DF_IALFS_EMP_WAP_Q(1.0),,I,POL,,EMP_WAP,,PT_WAP_SUB,,_Z,,Y,,_T,,Y15T64,,_Z,,Q,,2024-Q2,,72.43021,,,,A,,0,,1,
DATAFLOW,OECD.SDD.TPS:DSD_LFS@DF_IALFS_EMP_WAP_Q(1.0),,I,POL,,EMP_WAP,,PT_WAP_SUB,,_Z,,Y,,_T,,Y15T64,,_Z,,Q,,2024-Q3,,72.54482,,,,A,,0,,1,
DATAFLOW,OECD.SDD.TPS:DSD_LFS@DF_IALFS_EMP_WAP_Q(1.0),,I,POL,,EMP_WAP,,PT_WAP_SUB,,_Z,,Y,,_T,,Y15T64,,_Z,,Q,,2024-Q4,,72.59386,,,,A,,0,,1,
DATAFLOW,OECD.SDD.TPS:DSD_LFS@DF_IALFS_EMP_WAP_Q(1.0),,I,POL,,EMP_WAP,,PT_WAP_SUB,,_Z,,Y,,_T,,Y15T64,,_Z,,Q,,2025-Q1,,72.41258,,,,A,,0,,1,
DATAFLOW,OECD.SDD.TPS:DSD_LFS@DF_IALFS_EMP_WAP_Q(1.0),,I,POL,,EMP_WAP,,PT_WAP_SUB,,_Z,,Y,,_T,,Y15T64,,_Z,,Q,,2025-Q2,,72.69163,,,,A,,0,,1,
DATAFLOW,OECD.SDD.TPS:DSD_LFS@DF_IALFS_EMP_WAP_Q(1.0),,I,POL,,EMP_WAP,,PT_WAP_SUB,,_Z,,Y,,_T,,Y15T64,,_Z,,Q,,2025-Q3,,72.96048,,,,A,,0,,1,
DATAFLOW,OECD.SDD.TPS:DSD_LFS@DF_IALFS_EMP_WAP_Q(1.0),,I,POL,,EMP_WAP,,PT_WAP_SUB,,_Z,,Y,,_T,,Y15T64,,_Z,,Q,,2025-Q4,,73.04755,,,,A,,0,,1,
DATAFLOW,OECD.SDD.TPS:DSD_LFS@DF_IALFS_EMP_WAP_Q(1.0),,I,POL,,EMP_WAP,,PT_WAP_SUB,,_Z,,Y,,_T,,Y15T64,,_Z,,Q,,2026-Q1,,73.33945,,,,A,,0,,1,
DATAFLOW,OECD.SDD.TPS:DSD_LFS@DF_IALFS_EMP_WAP_Q(1.0),,I,SWE,,EMP_WAP,,PT_WAP_SUB,,_Z,,Y,,_T,,Y15T64,,_Z,,Q,,2001-Q1,,74.07256,,,,A,,0,,1,
DATAFLOW,OECD.SDD.TPS:DSD_LFS@DF_IALFS_EMP_WAP_Q(1.0),,I,SWE,,EMP_WAP,,PT_WAP_SUB,,_Z,,Y,,_T,,Y15T64,,_Z,,Q,,2001-Q2,,74.08021,,,,A,,0,,1,
DATAFLOW,OECD.SDD.TPS:DSD_LFS@DF_IALFS_EMP_WAP_Q(1.0),,I,SWE,,EMP_WAP,,PT_WAP_SUB,,_Z,,Y,,_T,,Y15T64,,_Z,,Q,,2001-Q3,,74.02587,,,,A,,0,,1,
DATAFLOW,OECD.SDD.TPS:DSD_LFS@DF_IALFS_EMP_WAP_Q(1.0),,I,SWE,,EMP_WAP,,PT_WAP_SUB,,_Z,,Y,,_T,,Y15T64,,_Z,,Q,,2001-Q4,,73.96308,,,,A,,0,,1,
DATAFLOW,OECD.SDD.TPS:DSD_LFS@DF_IALFS_EMP_WAP_Q(1.0),,I,SWE,,EMP_WAP,,PT_WAP_SUB,,_Z,,Y,,_T,,Y15T64,,_Z,,Q,,2002-Q1,,73.90697,,,,A,,0,,1,
DATAFLOW,OECD.SDD.TPS:DSD_LFS@DF_IALFS_EMP_WAP_Q(1.0),,I,SWE,,EMP_WAP,,PT_WAP_SUB,,_Z,,Y,,_T,,Y15T64,,_Z,,Q,,2002-Q2,,73.66109,,,,A,,0,,1,
DATAFLOW,OECD.SDD.TPS:DSD_LFS@DF_IALFS_EMP_WAP_Q(1.0),,I,SWE,,EMP_WAP,,PT_WAP_SUB,,_Z,,Y,,_T,,Y15T64,,_Z,,Q,,2002-Q3,,73.4949,,,,A,,0,,1,
DATAFLOW,OECD.SDD.TPS:DSD_LFS@DF_IALFS_EMP_WAP_Q(1.0),,I,SWE,,EMP_WAP,,PT_WAP_SUB,,_Z,,Y,,_T,,Y15T64,,_Z,,Q,,2002-Q4,,73.40354,,,,A,,0,,1,
DATAFLOW,OECD.SDD.TPS:DSD_LFS@DF_IALFS_EMP_WAP_Q(1.0),,I,SWE,,EMP_WAP,,PT_WAP_SUB,,_Z,,Y,,_T,,Y15T64,,_Z,,Q,,2003-Q1,,73.16942,,,,A,,0,,1,
DATAFLOW,OECD.SDD.TPS:DSD_LFS@DF_IALFS_EMP_WAP_Q(1.0),,I,SWE,,EMP_WAP,,PT_WAP_SUB,,_Z,,Y,,_T,,Y15T64,,_Z,,Q,,2003-Q2,,73.15317,,,,A,,0,,1,
DATAFLOW,OECD.SDD.TPS:DSD_LFS@DF_IALFS_EMP_WAP_Q(1.0),,I,SWE,,EMP_WAP,,PT_WAP_SUB,,_Z,,Y,,_T,,Y15T64,,_Z,,Q,,2003-Q3,,72.72859,,,,A,,0,,1,
DATAFLOW,OECD.SDD.TPS:DSD_LFS@DF_IALFS_EMP_WAP_Q(1.0),,I,SWE,,EMP_WAP,,PT_WAP_SUB,,_Z,,Y,,_T,,Y15T64,,_Z,,Q,,2003-Q4,,72.44544,,,,A,,0,,1,
DATAFLOW,OECD.SDD.TPS:DSD_LFS@DF_IALFS_EMP_WAP_Q(1.0),,I,SWE,,EMP_WAP,,PT_WAP_SUB,,_Z,,Y,,_T,,Y15T64,,_Z,,Q,,2004-Q1,,72.27095,,,,A,,0,,1,
DATAFLOW,OECD.SDD.TPS:DSD_LFS@DF_IALFS_EMP_WAP_Q(1.0),,I,SWE,,EMP_WAP,,PT_WAP_SUB,,_Z,,Y,,_T,,Y15T64,,_Z,,Q,,2004-Q2,,72.01968,,,,A,,0,,1,
DATAFLOW,OECD.SDD.TPS:DSD_LFS@DF_IALFS_EMP_WAP_Q(1.0),,I,SWE,,EMP_WAP,,PT_WAP_SUB,,_Z,,Y,,_T,,Y15T64,,_Z,,Q,,2004-Q3,,72.07546,,,,A,,0,,1,
DATAFLOW,OECD.SDD.TPS:DSD_LFS@DF_IALFS_EMP_WAP_Q(1.0),,I,SWE,,EMP_WAP,,PT_WAP_SUB,,_Z,,Y,,_T,,Y15T64,,_Z,,Q,,2004-Q4,,71.94139,,,,A,,0,,1,
DATAFLOW,OECD.SDD.TPS:DSD_LFS@DF_IALFS_EMP_WAP_Q(1.0),,I,SWE,,EMP_WAP,,PT_WAP_SUB,,_Z,,Y,,_T,,Y15T64,,_Z,,Q,,2005-Q1,,71.89323,,,,A,,0,,1,
DATAFLOW,OECD.SDD.TPS:DSD_LFS@DF_IALFS_EMP_WAP_Q(1.0),,I,SWE,,EMP_WAP,,PT_WAP_SUB,,_Z,,Y,,_T,,Y15T64,,_Z,,Q,,2005-Q2,,72.27639,,,,A,,0,,1,
DATAFLOW,OECD.SDD.TPS:DSD_LFS@DF_IALFS_EMP_WAP_Q(1.0),,I,SWE,,EMP_WAP,,PT_WAP_SUB,,_Z,,Y,,_T,,Y15T64,,_Z,,Q,,2005-Q3,,72.30096,,,,A,,0,,1,
DATAFLOW,OECD.SDD.TPS:DSD_LFS@DF_IALFS_EMP_WAP_Q(1.0),,I,SWE,,EMP_WAP,,PT_WAP_SUB,,_Z,,Y,,_T,,Y15T64,,_Z,,Q,,2005-Q4,,72.66914,,,,A,,0,,1,
DATAFLOW,OECD.SDD.TPS:DSD_LFS@DF_IALFS_EMP_WAP_Q(1.0),,I,SWE,,EMP_WAP,,PT_WAP_SUB,,_Z,,Y,,_T,,Y15T64,,_Z,,Q,,2006-Q1,,72.73934,,,,A,,0,,1,
DATAFLOW,OECD.SDD.TPS:DSD_LFS@DF_IALFS_EMP_WAP_Q(1.0),,I,SWE,,EMP_WAP,,PT_WAP_SUB,,_Z,,Y,,_T,,Y15T64,,_Z,,Q,,2006-Q2,,72.84044,,,,A,,0,,1,
DATAFLOW,OECD.SDD.TPS:DSD_LFS@DF_IALFS_EMP_WAP_Q(1.0),,I,SWE,,EMP_WAP,,PT_WAP_SUB,,_Z,,Y,,_T,,Y15T64,,_Z,,Q,,2006-Q3,,73.37576,,,,A,,0,,1,
DATAFLOW,OECD.SDD.TPS:DSD_LFS@DF_IALFS_EMP_WAP_Q(1.0),,I,SWE,,EMP_WAP,,PT_WAP_SUB,,_Z,,Y,,_T,,Y15T64,,_Z,,Q,,2006-Q4,,73.56237,,,,A,,0,,1,
DATAFLOW,OECD.SDD.TPS:DSD_LFS@DF_IALFS_EMP_WAP_Q(1.0),,I,SWE,,EMP_WAP,,PT_WAP_SUB,,_Z,,Y,,_T,,Y15T64,,_Z,,Q,,2007-Q1,,73.84193,,,,A,,0,,1,
DATAFLOW,OECD.SDD.TPS:DSD_LFS@DF_IALFS_EMP_WAP_Q(1.0),,I,SWE,,EMP_WAP,,PT_WAP_SUB,,_Z,,Y,,_T,,Y15T64,,_Z,,Q,,2007-Q2,,74.03589,,,,A,,0,,1,
DATAFLOW,OECD.SDD.TPS:DSD_LFS@DF_IALFS_EMP_WAP_Q(1.0),,I,SWE,,EMP_WAP,,PT_WAP_SUB,,_Z,,Y,,_T,,Y15T64,,_Z,,Q,,2007-Q3,,74.41867,,,,A,,0,,1,
DATAFLOW,OECD.SDD.TPS:DSD_LFS@DF_IALFS_EMP_WAP_Q(1.0),,I,SWE,,EMP_WAP,,PT_WAP_SUB,,_Z,,Y,,_T,,Y15T64,,_Z,,Q,,2007-Q4,,74.48616,,,,A,,0,,1,
DATAFLOW,OECD.SDD.TPS:DSD_LFS@DF_IALFS_EMP_WAP_Q(1.0),,I,SWE,,EMP_WAP,,PT_WAP_SUB,,_Z,,Y,,_T,,Y15T64,,_Z,,Q,,2008-Q1,,74.5787,,,,A,,0,,1,
DATAFLOW,OECD.SDD.TPS:DSD_LFS@DF_IALFS_EMP_WAP_Q(1.0),,I,SWE,,EMP_WAP,,PT_WAP_SUB,,_Z,,Y,,_T,,Y15T64,,_Z,,Q,,2008-Q2,,74.49498,,,,A,,0,,1,
DATAFLOW,OECD.SDD.TPS:DSD_LFS@DF_IALFS_EMP_WAP_Q(1.0),,I,SWE,,EMP_WAP,,PT_WAP_SUB,,_Z,,Y,,_T,,Y15T64,,_Z,,Q,,2008-Q3,,74.41269,,,,A,,0,,1,
DATAFLOW,OECD.SDD.TPS:DSD_LFS@DF_IALFS_EMP_WAP_Q(1.0),,I,SWE,,EMP_WAP,,PT_WAP_SUB,,_Z,,Y,,_T,,Y15T64,,_Z,,Q,,2009-Q1,,72.46187,,,,A,,0,,1,
DATAFLOW,OECD.SDD.TPS:DSD_LFS@DF_IALFS_EMP_WAP_Q(1.0),,I,SWE,,EMP_WAP,,PT_WAP_SUB,,_Z,,Y,,_T,,Y15T64,,_Z,,Q,,2009-Q2,,71.7517,,,,A,,0,,1,
DATAFLOW,OECD.SDD.TPS:DSD_LFS@DF_IALFS_EMP_WAP_Q(1.0),,I,SWE,,EMP_WAP,,PT_WAP_SUB,,_Z,,Y,,_T,,Y15T64,,_Z,,Q,,2009-Q3,,71.13364,,,,A,,0,,1,
DATAFLOW,OECD.SDD.TPS:DSD_LFS@DF_IALFS_EMP_WAP_Q(1.0),,I,SWE,,EMP_WAP,,PT_WAP_SUB,,_Z,,Y,,_T,,Y15T64,,_Z,,Q,,2009-Q4,,71.09283,,,,A,,0,,1,
DATAFLOW,OECD.SDD.TPS:DSD_LFS@DF_IALFS_EMP_WAP_Q(1.0),,I,SWE,,EMP_WAP,,PT_WAP_SUB,,_Z,,Y,,_T,,Y15T64,,_Z,,Q,,2010-Q1,,70.97021,,,,A,,0,,1,
DATAFLOW,OECD.SDD.TPS:DSD_LFS@DF_IALFS_EMP_WAP_Q(1.0),,I,SWE,,EMP_WAP,,PT_WAP_SUB,,_Z,,Y,,_T,,Y15T64,,_Z,,Q,,2010-Q2,,71.34966,,,,A,,0,,1,
DATAFLOW,OECD.SDD.TPS:DSD_LFS@DF_IALFS_EMP_WAP_Q(1.0),,I,SWE,,EMP_WAP,,PT_WAP_SUB,,_Z,,Y,,_T,,Y15T64,,_Z,,Q,,2010-Q3,,71.7742,,,,A,,0,,1,
DATAFLOW,OECD.SDD.TPS:DSD_LFS@DF_IALFS_EMP_WAP_Q(1.0),,I,SWE,,EMP_WAP,,PT_WAP_SUB,,_Z,,Y,,_T,,Y15T64,,_Z,,Q,,2010-Q4,,72.04729,,,,A,,0,,1,
DATAFLOW,OECD.SDD.TPS:DSD_LFS@DF_IALFS_EMP_WAP_Q(1.0),,I,SWE,,EMP_WAP,,PT_WAP_SUB,,_Z,,Y,,_T,,Y15T64,,_Z,,Q,,2011-Q1,,72.68736,,,,A,,0,,1,
DATAFLOW,OECD.SDD.TPS:DSD_LFS@DF_IALFS_EMP_WAP_Q(1.0),,I,SWE,,EMP_WAP,,PT_WAP_SUB,,_Z,,Y,,_T,,Y15T64,,_Z,,Q,,2011-Q2,,72.94245,,,,A,,0,,1,
DATAFLOW,OECD.SDD.TPS:DSD_LFS@DF_IALFS_EMP_WAP_Q(1.0),,I,SWE,,EMP_WAP,,PT_WAP_SUB,,_Z,,Y,,_T,,Y15T64,,_Z,,Q,,2011-Q3,,73.09154,,,,A,,0,,1,
DATAFLOW,OECD.SDD.TPS:DSD_LFS@DF_IALFS_EMP_WAP_Q(1.0),,I,SWE,,EMP_WAP,,PT_WAP_SUB,,_Z,,Y,,_T,,Y15T64,,_Z,,Q,,2011-Q4,,73.19186,,,,A,,0,,1,
DATAFLOW,OECD.SDD.TPS:DSD_LFS@DF_IALFS_EMP_WAP_Q(1.0),,I,SWE,,EMP_WAP,,PT_WAP_SUB,,_Z,,Y,,_T,,Y15T64,,_Z,,Q,,2012-Q1,,73.10806,,,,A,,0,,1,
DATAFLOW,OECD.SDD.TPS:DSD_LFS@DF_IALFS_EMP_WAP_Q(1.0),,I,SWE,,EMP_WAP,,PT_WAP_SUB,,_Z,,Y,,_T,,Y15T64,,_Z,,Q,,2012-Q2,,73.25048,,,,A,,0,,1,
DATAFLOW,OECD.SDD.TPS:DSD_LFS@DF_IALFS_EMP_WAP_Q(1.0),,I,SWE,,EMP_WAP,,PT_WAP_SUB,,_Z,,Y,,_T,,Y15T64,,_Z,,Q,,2012-Q3,,73.19487,,,,A,,0,,1,
DATAFLOW,OECD.SDD.TPS:DSD_LFS@DF_IALFS_EMP_WAP_Q(1.0),,I,SWE,,EMP_WAP,,PT_WAP_SUB,,_Z,,Y,,_T,,Y15T64,,_Z,,Q,,2012-Q4,,73.21718,,,,A,,0,,1,
DATAFLOW,OECD.SDD.TPS:DSD_LFS@DF_IALFS_EMP_WAP_Q(1.0),,I,SWE,,EMP_WAP,,PT_WAP_SUB,,_Z,,Y,,_T,,Y15T64,,_Z,,Q,,2013-Q1,,73.5013,,,,A,,0,,1,
DATAFLOW,OECD.SDD.TPS:DSD_LFS@DF_IALFS_EMP_WAP_Q(1.0),,I,SWE,,EMP_WAP,,PT_WAP_SUB,,_Z,,Y,,_T,,Y15T64,,_Z,,Q,,2013-Q2,,73.67351,,,,A,,0,,1,
DATAFLOW,OECD.SDD.TPS:DSD_LFS@DF_IALFS_EMP_WAP_Q(1.0),,I,SWE,,EMP_WAP,,PT_WAP_SUB,,_Z,,Y,,_T,,Y15T64,,_Z,,Q,,2013-Q3,,73.95684,,,,A,,0,,1,
DATAFLOW,OECD.SDD.TPS:DSD_LFS@DF_IALFS_EMP_WAP_Q(1.0),,I,SWE,,EMP_WAP,,PT_WAP_SUB,,_Z,,Y,,_T,,Y15T64,,_Z,,Q,,2013-Q4,,74.10022,,,,A,,0,,1,
DATAFLOW,OECD.SDD.TPS:DSD_LFS@DF_IALFS_EMP_WAP_Q(1.0),,I,SWE,,EMP_WAP,,PT_WAP_SUB,,_Z,,Y,,_T,,Y15T64,,_Z,,Q,,2014-Q1,,73.98288,,,,A,,0,,1,
DATAFLOW,OECD.SDD.TPS:DSD_LFS@DF_IALFS_EMP_WAP_Q(1.0),,I,SWE,,EMP_WAP,,PT_WAP_SUB,,_Z,,Y,,_T,,Y15T64,,_Z,,Q,,2014-Q2,,74.14333,,,,A,,0,,1,
DATAFLOW,OECD.SDD.TPS:DSD_LFS@DF_IALFS_EMP_WAP_Q(1.0),,I,SWE,,EMP_WAP,,PT_WAP_SUB,,_Z,,Y,,_T,,Y15T64,,_Z,,Q,,2014-Q3,,74.65775,,,,A,,0,,1,
DATAFLOW,OECD.SDD.TPS:DSD_LFS@DF_IALFS_EMP_WAP_Q(1.0),,I,SWE,,EMP_WAP,,PT_WAP_SUB,,_Z,,Y,,_T,,Y15T64,,_Z,,Q,,2014-Q4,,74.31622,,,,A,,0,,1,
DATAFLOW,OECD.SDD.TPS:DSD_LFS@DF_IALFS_EMP_WAP_Q(1.0),,I,SWE,,EMP_WAP,,PT_WAP_SUB,,_Z,,Y,,_T,,Y15T64,,_Z,,Q,,2015-Q1,,74.55003,,,,A,,0,,1,
DATAFLOW,OECD.SDD.TPS:DSD_LFS@DF_IALFS_EMP_WAP_Q(1.0),,I,SWE,,EMP_WAP,,PT_WAP_SUB,,_Z,,Y,,_T,,Y15T64,,_Z,,Q,,2015-Q2,,74.59025,,,,A,,0,,1,
DATAFLOW,OECD.SDD.TPS:DSD_LFS@DF_IALFS_EMP_WAP_Q(1.0),,I,SWE,,EMP_WAP,,PT_WAP_SUB,,_Z,,Y,,_T,,Y15T64,,_Z,,Q,,2015-Q3,,75.10046,,,,A,,0,,1,
DATAFLOW,OECD.SDD.TPS:DSD_LFS@DF_IALFS_EMP_WAP_Q(1.0),,I,SWE,,EMP_WAP,,PT_WAP_SUB,,_Z,,Y,,_T,,Y15T64,,_Z,,Q,,2015-Q4,,75.3273,,,,A,,0,,1,
DATAFLOW,OECD.SDD.TPS:DSD_LFS@DF_IALFS_EMP_WAP_Q(1.0),,I,SWE,,EMP_WAP,,PT_WAP_SUB,,_Z,,Y,,_T,,Y15T64,,_Z,,Q,,2016-Q1,,75.33109,,,,A,,0,,1,
DATAFLOW,OECD.SDD.TPS:DSD_LFS@DF_IALFS_EMP_WAP_Q(1.0),,I,SWE,,EMP_WAP,,PT_WAP_SUB,,_Z,,Y,,_T,,Y15T64,,_Z,,Q,,2016-Q2,,75.59523,,,,A,,0,,1,
DATAFLOW,OECD.SDD.TPS:DSD_LFS@DF_IALFS_EMP_WAP_Q(1.0),,I,SWE,,EMP_WAP,,PT_WAP_SUB,,_Z,,Y,,_T,,Y15T64,,_Z,,Q,,2016-Q3,,75.57861,,,,A,,0,,1,
DATAFLOW,OECD.SDD.TPS:DSD_LFS@DF_IALFS_EMP_WAP_Q(1.0),,I,SWE,,EMP_WAP,,PT_WAP_SUB,,_Z,,Y,,_T,,Y15T64,,_Z,,Q,,2016-Q4,,75.76915,,,,A,,0,,1,
DATAFLOW,OECD.SDD.TPS:DSD_LFS@DF_IALFS_EMP_WAP_Q(1.0),,I,SWE,,EMP_WAP,,PT_WAP_SUB,,_Z,,Y,,_T,,Y15T64,,_Z,,Q,,2017-Q1,,76.15757,,,,A,,0,,1,
DATAFLOW,OECD.SDD.TPS:DSD_LFS@DF_IALFS_EMP_WAP_Q(1.0),,I,SWE,,EMP_WAP,,PT_WAP_SUB,,_Z,,Y,,_T,,Y15T64,,_Z,,Q,,2017-Q2,,76.01356,,,,A,,0,,1,
DATAFLOW,OECD.SDD.TPS:DSD_LFS@DF_IALFS_EMP_WAP_Q(1.0),,I,SWE,,EMP_WAP,,PT_WAP_SUB,,_Z,,Y,,_T,,Y15T64,,_Z,,Q,,2017-Q3,,76.23718,,,,A,,0,,1,
DATAFLOW,OECD.SDD.TPS:DSD_LFS@DF_IALFS_EMP_WAP_Q(1.0),,I,SWE,,EMP_WAP,,PT_WAP_SUB,,_Z,,Y,,_T,,Y15T64,,_Z,,Q,,2017-Q4,,76.3845,,,,A,,0,,1,
DATAFLOW,OECD.SDD.TPS:DSD_LFS@DF_IALFS_EMP_WAP_Q(1.0),,I,SWE,,EMP_WAP,,PT_WAP_SUB,,_Z,,Y,,_T,,Y15T64,,_Z,,Q,,2018-Q1,,76.65048,,,,A,,0,,1,
DATAFLOW,OECD.SDD.TPS:DSD_LFS@DF_IALFS_EMP_WAP_Q(1.0),,I,SWE,,EMP_WAP,,PT_WAP_SUB,,_Z,,Y,,_T,,Y15T64,,_Z,,Q,,2018-Q2,,76.5816,,,,A,,0,,1,
DATAFLOW,OECD.SDD.TPS:DSD_LFS@DF_IALFS_EMP_WAP_Q(1.0),,I,SWE,,EMP_WAP,,PT_WAP_SUB,,_Z,,Y,,_T,,Y15T64,,_Z,,Q,,2018-Q3,,76.74536,,,,A,,0,,1,
DATAFLOW,OECD.SDD.TPS:DSD_LFS@DF_IALFS_EMP_WAP_Q(1.0),,I,SWE,,EMP_WAP,,PT_WAP_SUB,,_Z,,Y,,_T,,Y15T64,,_Z,,Q,,2018-Q4,,76.81153,,,,A,,0,,1,
DATAFLOW,OECD.SDD.TPS:DSD_LFS@DF_IALFS_EMP_WAP_Q(1.0),,I,SWE,,EMP_WAP,,PT_WAP_SUB,,_Z,,Y,,_T,,Y15T64,,_Z,,Q,,2019-Q1,,76.64552,,,,A,,0,,1,
DATAFLOW,OECD.SDD.TPS:DSD_LFS@DF_IALFS_EMP_WAP_Q(1.0),,I,SWE,,EMP_WAP,,PT_WAP_SUB,,_Z,,Y,,_T,,Y15T64,,_Z,,Q,,2019-Q2,,76.23887,,,,A,,0,,1,
DATAFLOW,OECD.SDD.TPS:DSD_LFS@DF_IALFS_EMP_WAP_Q(1.0),,I,SWE,,EMP_WAP,,PT_WAP_SUB,,_Z,,Y,,_T,,Y15T64,,_Z,,Q,,2019-Q3,,76.36252,,,,A,,0,,1,
DATAFLOW,OECD.SDD.TPS:DSD_LFS@DF_IALFS_EMP_WAP_Q(1.0),,I,SWE,,EMP_WAP,,PT_WAP_SUB,,_Z,,Y,,_T,,Y15T64,,_Z,,Q,,2019-Q4,,76.53946,,,,A,,0,,1,
DATAFLOW,OECD.SDD.TPS:DSD_LFS@DF_IALFS_EMP_WAP_Q(1.0),,I,SWE,,EMP_WAP,,PT_WAP_SUB,,_Z,,Y,,_T,,Y15T64,,_Z,,Q,,2020-Q1,,75.8681,,,,A,,0,,1,
DATAFLOW,OECD.SDD.TPS:DSD_LFS@DF_IALFS_EMP_WAP_Q(1.0),,I,SWE,,EMP_WAP,,PT_WAP_SUB,,_Z,,Y,,_T,,Y15T64,,_Z,,Q,,2020-Q2,,73.79826,,,,A,,0,,1,
DATAFLOW,OECD.SDD.TPS:DSD_LFS@DF_IALFS_EMP_WAP_Q(1.0),,I,SWE,,EMP_WAP,,PT_WAP_SUB,,_Z,,Y,,_T,,Y15T64,,_Z,,Q,,2020-Q3,,74.0659,,,,A,,0,,1,
DATAFLOW,OECD.SDD.TPS:DSD_LFS@DF_IALFS_EMP_WAP_Q(1.0),,I,SWE,,EMP_WAP,,PT_WAP_SUB,,_Z,,Y,,_T,,Y15T64,,_Z,,Q,,2020-Q4,,74.73679,,,,A,,0,,1,
DATAFLOW,OECD.SDD.TPS:DSD_LFS@DF_IALFS_EMP_WAP_Q(1.0),,I,SWE,,EMP_WAP,,PT_WAP_SUB,,_Z,,Y,,_T,,Y15T64,,_Z,,Q,,2021-Q1,,74.31052,,,,A,,0,,1,
DATAFLOW,OECD.SDD.TPS:DSD_LFS@DF_IALFS_EMP_WAP_Q(1.0),,I,SWE,,EMP_WAP,,PT_WAP_SUB,,_Z,,Y,,_T,,Y15T64,,_Z,,Q,,2021-Q2,,74.88724,,,,A,,0,,1,
DATAFLOW,OECD.SDD.TPS:DSD_LFS@DF_IALFS_EMP_WAP_Q(1.0),,I,SWE,,EMP_WAP,,PT_WAP_SUB,,_Z,,Y,,_T,,Y15T64,,_Z,,Q,,2021-Q3,,75.35616,,,,A,,0,,1,
DATAFLOW,OECD.SDD.TPS:DSD_LFS@DF_IALFS_EMP_WAP_Q(1.0),,I,SWE,,EMP_WAP,,PT_WAP_SUB,,_Z,,Y,,_T,,Y15T64,,_Z,,Q,,2021-Q4,,75.85236,,,,A,,0,,1,
DATAFLOW,OECD.SDD.TPS:DSD_LFS@DF_IALFS_EMP_WAP_Q(1.0),,I,SWE,,EMP_WAP,,PT_WAP_SUB,,_Z,,Y,,_T,,Y15T64,,_Z,,Q,,2022-Q1,,76.4019,,,,A,,0,,1,
DATAFLOW,OECD.SDD.TPS:DSD_LFS@DF_IALFS_EMP_WAP_Q(1.0),,I,SWE,,EMP_WAP,,PT_WAP_SUB,,_Z,,Y,,_T,,Y15T64,,_Z,,Q,,2022-Q2,,76.91165,,,,A,,0,,1,
DATAFLOW,OECD.SDD.TPS:DSD_LFS@DF_IALFS_EMP_WAP_Q(1.0),,I,SWE,,EMP_WAP,,PT_WAP_SUB,,_Z,,Y,,_T,,Y15T64,,_Z,,Q,,2022-Q3,,77.38986,,,,A,,0,,1,
DATAFLOW,OECD.SDD.TPS:DSD_LFS@DF_IALFS_EMP_WAP_Q(1.0),,I,SWE,,EMP_WAP,,PT_WAP_SUB,,_Z,,Y,,_T,,Y15T64,,_Z,,Q,,2022-Q4,,77.16955,,,,A,,0,,1,
DATAFLOW,OECD.SDD.TPS:DSD_LFS@DF_IALFS_EMP_WAP_Q(1.0),,I,SWE,,EMP_WAP,,PT_WAP_SUB,,_Z,,Y,,_T,,Y15T64,,_Z,,Q,,2023-Q1,,77.52766,,,,A,,0,,1,
DATAFLOW,OECD.SDD.TPS:DSD_LFS@DF_IALFS_EMP_WAP_Q(1.0),,I,SWE,,EMP_WAP,,PT_WAP_SUB,,_Z,,Y,,_T,,Y15T64,,_Z,,Q,,2023-Q2,,77.41668,,,,A,,0,,1,
DATAFLOW,OECD.SDD.TPS:DSD_LFS@DF_IALFS_EMP_WAP_Q(1.0),,I,SWE,,EMP_WAP,,PT_WAP_SUB,,_Z,,Y,,_T,,Y15T64,,_Z,,Q,,2023-Q3,,77.44819,,,,A,,0,,1,
DATAFLOW,OECD.SDD.TPS:DSD_LFS@DF_IALFS_EMP_WAP_Q(1.0),,I,SWE,,EMP_WAP,,PT_WAP_SUB,,_Z,,Y,,_T,,Y15T64,,_Z,,Q,,2023-Q4,,77.23988,,,,A,,0,,1,
DATAFLOW,OECD.SDD.TPS:DSD_LFS@DF_IALFS_EMP_WAP_Q(1.0),,I,SWE,,EMP_WAP,,PT_WAP_SUB,,_Z,,Y,,_T,,Y15T64,,_Z,,Q,,2024-Q1,,76.92322,,,,A,,0,,1,
DATAFLOW,OECD.SDD.TPS:DSD_LFS@DF_IALFS_EMP_WAP_Q(1.0),,I,SWE,,EMP_WAP,,PT_WAP_SUB,,_Z,,Y,,_T,,Y15T64,,_Z,,Q,,2024-Q2,,76.86488,,,,A,,0,,1,
DATAFLOW,OECD.SDD.TPS:DSD_LFS@DF_IALFS_EMP_WAP_Q(1.0),,I,SWE,,EMP_WAP,,PT_WAP_SUB,,_Z,,Y,,_T,,Y15T64,,_Z,,Q,,2024-Q3,,76.60262,,,,A,,0,,1,
DATAFLOW,OECD.SDD.TPS:DSD_LFS@DF_IALFS_EMP_WAP_Q(1.0),,I,SWE,,EMP_WAP,,PT_WAP_SUB,,_Z,,Y,,_T,,Y15T64,,_Z,,Q,,2024-Q4,,76.29171,,,,A,,0,,1,
DATAFLOW,OECD.SDD.TPS:DSD_LFS@DF_IALFS_EMP_WAP_Q(1.0),,I,SWE,,EMP_WAP,,PT_WAP_SUB,,_Z,,Y,,_T,,Y15T64,,_Z,,Q,,2025-Q1,,76.48675,,,,A,,0,,1,
DATAFLOW,OECD.SDD.TPS:DSD_LFS@DF_IALFS_EMP_WAP_Q(1.0),,I,SWE,,EMP_WAP,,PT_WAP_SUB,,_Z,,Y,,_T,,Y15T64,,_Z,,Q,,2025-Q2,,76.43897,,,,A,,0,,1,
DATAFLOW,OECD.SDD.TPS:DSD_LFS@DF_IALFS_EMP_WAP_Q(1.0),,I,SWE,,EMP_WAP,,PT_WAP_SUB,,_Z,,Y,,_T,,Y15T64,,_Z,,Q,,2025-Q3,,76.25885,,,,A,,0,,1,
DATAFLOW,OECD.SDD.TPS:DSD_LFS@DF_IALFS_EMP_WAP_Q(1.0),,I,SWE,,EMP_WAP,,PT_WAP_SUB,,_Z,,Y,,_T,,Y15T64,,_Z,,Q,,2025-Q4,,76.51019,,,,A,,0,,1,
DATAFLOW,OECD.SDD.TPS:DSD_LFS@DF_IALFS_EMP_WAP_Q(1.0),,I,SWE,,EMP_WAP,,PT_WAP_SUB,,_Z,,Y,,_T,,Y15T64,,_Z,,Q,,2026-Q1,,76.84229,,,,A,,0,,1,
DATAFLOW,OECD.SDD.TPS:DSD_LFS@DF_IALFS_EMP_WAP_Q(1.0),,I,HRV,,EMP_WAP,,PT_WAP_SUB,,_Z,,Y,,_T,,Y15T64,,_Z,,Q,,2002-Q1,,53.30312,,,,A,,0,,1,
DATAFLOW,OECD.SDD.TPS:DSD_LFS@DF_IALFS_EMP_WAP_Q(1.0),,I,HRV,,EMP_WAP,,PT_WAP_SUB,,_Z,,Y,,_T,,Y15T64,,_Z,,Q,,2002-Q2,,53.06746,,,,A,,0,,1,
DATAFLOW,OECD.SDD.TPS:DSD_LFS@DF_IALFS_EMP_WAP_Q(1.0),,I,HRV,,EMP_WAP,,PT_WAP_SUB,,_Z,,Y,,_T,,Y15T64,,_Z,,Q,,2002-Q3,,53.61712,,,,A,,0,,1,
DATAFLOW,OECD.SDD.TPS:DSD_LFS@DF_IALFS_EMP_WAP_Q(1.0),,I,HRV,,EMP_WAP,,PT_WAP_SUB,,_Z,,Y,,_T,,Y15T64,,_Z,,Q,,2002-Q4,,53.80929,,,,A,,0,,1,
DATAFLOW,OECD.SDD.TPS:DSD_LFS@DF_IALFS_EMP_WAP_Q(1.0),,I,HRV,,EMP_WAP,,PT_WAP_SUB,,_Z,,Y,,_T,,Y15T64,,_Z,,Q,,2003-Q1,,53.2748,,,,A,,0,,1,
DATAFLOW,OECD.SDD.TPS:DSD_LFS@DF_IALFS_EMP_WAP_Q(1.0),,I,HRV,,EMP_WAP,,PT_WAP_SUB,,_Z,,Y,,_T,,Y15T64,,_Z,,Q,,2003-Q2,,53.24325,,,,A,,0,,1,
DATAFLOW,OECD.SDD.TPS:DSD_LFS@DF_IALFS_EMP_WAP_Q(1.0),,I,HRV,,EMP_WAP,,PT_WAP_SUB,,_Z,,Y,,_T,,Y15T64,,_Z,,Q,,2003-Q3,,53.30769,,,,A,,0,,1,
DATAFLOW,OECD.SDD.TPS:DSD_LFS@DF_IALFS_EMP_WAP_Q(1.0),,I,HRV,,EMP_WAP,,PT_WAP_SUB,,_Z,,Y,,_T,,Y15T64,,_Z,,Q,,2003-Q4,,53.64307,,,,A,,0,,1,
DATAFLOW,OECD.SDD.TPS:DSD_LFS@DF_IALFS_EMP_WAP_Q(1.0),,I,HRV,,EMP_WAP,,PT_WAP_SUB,,_Z,,Y,,_T,,Y15T64,,_Z,,Q,,2004-Q1,,54.75546,,,,A,,0,,1,
DATAFLOW,OECD.SDD.TPS:DSD_LFS@DF_IALFS_EMP_WAP_Q(1.0),,I,HRV,,EMP_WAP,,PT_WAP_SUB,,_Z,,Y,,_T,,Y15T64,,_Z,,Q,,2004-Q2,,54.76712,,,,A,,0,,1,
DATAFLOW,OECD.SDD.TPS:DSD_LFS@DF_IALFS_EMP_WAP_Q(1.0),,I,HRV,,EMP_WAP,,PT_WAP_SUB,,_Z,,Y,,_T,,Y15T64,,_Z,,Q,,2004-Q3,,54.60137,,,,A,,0,,1,
DATAFLOW,OECD.SDD.TPS:DSD_LFS@DF_IALFS_EMP_WAP_Q(1.0),,I,HRV,,EMP_WAP,,PT_WAP_SUB,,_Z,,Y,,_T,,Y15T64,,_Z,,Q,,2004-Q4,,54.83128,,,,A,,0,,1,
DATAFLOW,OECD.SDD.TPS:DSD_LFS@DF_IALFS_EMP_WAP_Q(1.0),,I,HRV,,EMP_WAP,,PT_WAP_SUB,,_Z,,Y,,_T,,Y15T64,,_Z,,Q,,2005-Q1,,55.31107,,,,A,,0,,1,
DATAFLOW,OECD.SDD.TPS:DSD_LFS@DF_IALFS_EMP_WAP_Q(1.0),,I,HRV,,EMP_WAP,,PT_WAP_SUB,,_Z,,Y,,_T,,Y15T64,,_Z,,Q,,2005-Q2,,54.98819,,,,A,,0,,1,
DATAFLOW,OECD.SDD.TPS:DSD_LFS@DF_IALFS_EMP_WAP_Q(1.0),,I,HRV,,EMP_WAP,,PT_WAP_SUB,,_Z,,Y,,_T,,Y15T64,,_Z,,Q,,2005-Q3,,54.84613,,,,A,,0,,1,
DATAFLOW,OECD.SDD.TPS:DSD_LFS@DF_IALFS_EMP_WAP_Q(1.0),,I,HRV,,EMP_WAP,,PT_WAP_SUB,,_Z,,Y,,_T,,Y15T64,,_Z,,Q,,2005-Q4,,54.90942,,,,A,,0,,1,
DATAFLOW,OECD.SDD.TPS:DSD_LFS@DF_IALFS_EMP_WAP_Q(1.0),,I,HRV,,EMP_WAP,,PT_WAP_SUB,,_Z,,Y,,_T,,Y15T64,,_Z,,Q,,2006-Q1,,55.13419,,,,A,,0,,1,
DATAFLOW,OECD.SDD.TPS:DSD_LFS@DF_IALFS_EMP_WAP_Q(1.0),,I,HRV,,EMP_WAP,,PT_WAP_SUB,,_Z,,Y,,_T,,Y15T64,,_Z,,Q,,2006-Q2,,54.939,,,,A,,0,,1,
DATAFLOW,OECD.SDD.TPS:DSD_LFS@DF_IALFS_EMP_WAP_Q(1.0),,I,HRV,,EMP_WAP,,PT_WAP_SUB,,_Z,,Y,,_T,,Y15T64,,_Z,,Q,,2006-Q3,,55.98939,,,,A,,0,,1,
DATAFLOW,OECD.SDD.TPS:DSD_LFS@DF_IALFS_EMP_WAP_Q(1.0),,I,HRV,,EMP_WAP,,PT_WAP_SUB,,_Z,,Y,,_T,,Y15T64,,_Z,,Q,,2006-Q4,,56.28884,,,,A,,0,,1,
DATAFLOW,OECD.SDD.TPS:DSD_LFS@DF_IALFS_EMP_WAP_Q(1.0),,I,HRV,,EMP_WAP,,PT_WAP_SUB,,_Z,,Y,,_T,,Y15T64,,_Z,,Q,,2007-Q1,,58.37111,,,,A,,0,,1,
DATAFLOW,OECD.SDD.TPS:DSD_LFS@DF_IALFS_EMP_WAP_Q(1.0),,I,HRV,,EMP_WAP,,PT_WAP_SUB,,_Z,,Y,,_T,,Y15T64,,_Z,,Q,,2007-Q2,,59.32601,,,,A,,0,,1,
DATAFLOW,OECD.SDD.TPS:DSD_LFS@DF_IALFS_EMP_WAP_Q(1.0),,I,HRV,,EMP_WAP,,PT_WAP_SUB,,_Z,,Y,,_T,,Y15T64,,_Z,,Q,,2007-Q3,,59.85879,,,,A,,0,,1,
DATAFLOW,OECD.SDD.TPS:DSD_LFS@DF_IALFS_EMP_WAP_Q(1.0),,I,HRV,,EMP_WAP,,PT_WAP_SUB,,_Z,,Y,,_T,,Y15T64,,_Z,,Q,,2007-Q4,,59.35056,,,,A,,0,,1,
DATAFLOW,OECD.SDD.TPS:DSD_LFS@DF_IALFS_EMP_WAP_Q(1.0),,I,HRV,,EMP_WAP,,PT_WAP_SUB,,_Z,,Y,,_T,,Y15T64,,_Z,,Q,,2008-Q1,,59.14863,,,,A,,0,,1,
DATAFLOW,OECD.SDD.TPS:DSD_LFS@DF_IALFS_EMP_WAP_Q(1.0),,I,HRV,,EMP_WAP,,PT_WAP_SUB,,_Z,,Y,,_T,,Y15T64,,_Z,,Q,,2008-Q2,,60.30993,,,,A,,0,,1,
DATAFLOW,OECD.SDD.TPS:DSD_LFS@DF_IALFS_EMP_WAP_Q(1.0),,I,HRV,,EMP_WAP,,PT_WAP_SUB,,_Z,,Y,,_T,,Y15T64,,_Z,,Q,,2008-Q3,,61.21605,,,,A,,0,,1,
DATAFLOW,OECD.SDD.TPS:DSD_LFS@DF_IALFS_EMP_WAP_Q(1.0),,I,HRV,,EMP_WAP,,PT_WAP_SUB,,_Z,,Y,,_T,,Y15T64,,_Z,,Q,,2008-Q4,,59.86079,,,,A,,0,,1,
DATAFLOW,OECD.SDD.TPS:DSD_LFS@DF_IALFS_EMP_WAP_Q(1.0),,I,HRV,,EMP_WAP,,PT_WAP_SUB,,_Z,,Y,,_T,,Y15T64,,_Z,,Q,,2009-Q1,,58.8831,,,,A,,0,,1,
DATAFLOW,OECD.SDD.TPS:DSD_LFS@DF_IALFS_EMP_WAP_Q(1.0),,I,HRV,,EMP_WAP,,PT_WAP_SUB,,_Z,,Y,,_T,,Y15T64,,_Z,,Q,,2009-Q2,,59.68157,,,,A,,0,,1,
DATAFLOW,OECD.SDD.TPS:DSD_LFS@DF_IALFS_EMP_WAP_Q(1.0),,I,HRV,,EMP_WAP,,PT_WAP_SUB,,_Z,,Y,,_T,,Y15T64,,_Z,,Q,,2009-Q3,,59.5995,,,,A,,0,,1,
DATAFLOW,OECD.SDD.TPS:DSD_LFS@DF_IALFS_EMP_WAP_Q(1.0),,I,HRV,,EMP_WAP,,PT_WAP_SUB,,_Z,,Y,,_T,,Y15T64,,_Z,,Q,,2009-Q4,,58.99226,,,,A,,0,,1,
DATAFLOW,OECD.SDD.TPS:DSD_LFS@DF_IALFS_EMP_WAP_Q(1.0),,I,HRV,,EMP_WAP,,PT_WAP_SUB,,_Z,,Y,,_T,,Y15T64,,_Z,,Q,,2010-Q1,,57.70342,,,,A,,0,,1,
DATAFLOW,OECD.SDD.TPS:DSD_LFS@DF_IALFS_EMP_WAP_Q(1.0),,I,HRV,,EMP_WAP,,PT_WAP_SUB,,_Z,,Y,,_T,,Y15T64,,_Z,,Q,,2010-Q2,,56.63036,,,,A,,0,,1,
DATAFLOW,OECD.SDD.TPS:DSD_LFS@DF_IALFS_EMP_WAP_Q(1.0),,I,HRV,,EMP_WAP,,PT_WAP_SUB,,_Z,,Y,,_T,,Y15T64,,_Z,,Q,,2010-Q3,,57.01092,,,,A,,0,,1,
DATAFLOW,OECD.SDD.TPS:DSD_LFS@DF_IALFS_EMP_WAP_Q(1.0),,I,HRV,,EMP_WAP,,PT_WAP_SUB,,_Z,,Y,,_T,,Y15T64,,_Z,,Q,,2010-Q4,,57.37044,,,,A,,0,,1,
DATAFLOW,OECD.SDD.TPS:DSD_LFS@DF_IALFS_EMP_WAP_Q(1.0),,I,HRV,,EMP_WAP,,PT_WAP_SUB,,_Z,,Y,,_T,,Y15T64,,_Z,,Q,,2011-Q1,,55.71318,,,,A,,0,,1,
DATAFLOW,OECD.SDD.TPS:DSD_LFS@DF_IALFS_EMP_WAP_Q(1.0),,I,HRV,,EMP_WAP,,PT_WAP_SUB,,_Z,,Y,,_T,,Y15T64,,_Z,,Q,,2011-Q2,,54.86587,,,,A,,0,,1,
DATAFLOW,OECD.SDD.TPS:DSD_LFS@DF_IALFS_EMP_WAP_Q(1.0),,I,HRV,,EMP_WAP,,PT_WAP_SUB,,_Z,,Y,,_T,,Y15T64,,_Z,,Q,,2011-Q3,,55.87843,,,,A,,0,,1,
DATAFLOW,OECD.SDD.TPS:DSD_LFS@DF_IALFS_EMP_WAP_Q(1.0),,I,HRV,,EMP_WAP,,PT_WAP_SUB,,_Z,,Y,,_T,,Y15T64,,_Z,,Q,,2011-Q4,,55.06759,,,,A,,0,,1,
DATAFLOW,OECD.SDD.TPS:DSD_LFS@DF_IALFS_EMP_WAP_Q(1.0),,I,HRV,,EMP_WAP,,PT_WAP_SUB,,_Z,,Y,,_T,,Y15T64,,_Z,,Q,,2012-Q1,,52.9965,,,,A,,0,,1,
DATAFLOW,OECD.SDD.TPS:DSD_LFS@DF_IALFS_EMP_WAP_Q(1.0),,I,HRV,,EMP_WAP,,PT_WAP_SUB,,_Z,,Y,,_T,,Y15T64,,_Z,,Q,,2012-Q2,,54.08773,,,,A,,0,,1,
DATAFLOW,OECD.SDD.TPS:DSD_LFS@DF_IALFS_EMP_WAP_Q(1.0),,I,HRV,,EMP_WAP,,PT_WAP_SUB,,_Z,,Y,,_T,,Y15T64,,_Z,,Q,,2012-Q3,,55.01347,,,,A,,0,,1,
DATAFLOW,OECD.SDD.TPS:DSD_LFS@DF_IALFS_EMP_WAP_Q(1.0),,I,HRV,,EMP_WAP,,PT_WAP_SUB,,_Z,,Y,,_T,,Y15T64,,_Z,,Q,,2012-Q4,,51.74582,,,,A,,0,,1,
DATAFLOW,OECD.SDD.TPS:DSD_LFS@DF_IALFS_EMP_WAP_Q(1.0),,I,HRV,,EMP_WAP,,PT_WAP_SUB,,_Z,,Y,,_T,,Y15T64,,_Z,,Q,,2013-Q1,,51.2439,,,,A,,0,,1,
DATAFLOW,OECD.SDD.TPS:DSD_LFS@DF_IALFS_EMP_WAP_Q(1.0),,I,HRV,,EMP_WAP,,PT_WAP_SUB,,_Z,,Y,,_T,,Y15T64,,_Z,,Q,,2013-Q2,,52.84977,,,,A,,0,,1,
DATAFLOW,OECD.SDD.TPS:DSD_LFS@DF_IALFS_EMP_WAP_Q(1.0),,I,HRV,,EMP_WAP,,PT_WAP_SUB,,_Z,,Y,,_T,,Y15T64,,_Z,,Q,,2013-Q3,,53.19978,,,,A,,0,,1,
DATAFLOW,OECD.SDD.TPS:DSD_LFS@DF_IALFS_EMP_WAP_Q(1.0),,I,HRV,,EMP_WAP,,PT_WAP_SUB,,_Z,,Y,,_T,,Y15T64,,_Z,,Q,,2013-Q4,,52.93251,,,,A,,0,,1,
DATAFLOW,OECD.SDD.TPS:DSD_LFS@DF_IALFS_EMP_WAP_Q(1.0),,I,HRV,,EMP_WAP,,PT_WAP_SUB,,_Z,,Y,,_T,,Y15T64,,_Z,,Q,,2014-Q1,,52.95569,,,,A,,0,,1,
DATAFLOW,OECD.SDD.TPS:DSD_LFS@DF_IALFS_EMP_WAP_Q(1.0),,I,HRV,,EMP_WAP,,PT_WAP_SUB,,_Z,,Y,,_T,,Y15T64,,_Z,,Q,,2014-Q2,,54.7613,,,,A,,0,,1,
DATAFLOW,OECD.SDD.TPS:DSD_LFS@DF_IALFS_EMP_WAP_Q(1.0),,I,HRV,,EMP_WAP,,PT_WAP_SUB,,_Z,,Y,,_T,,Y15T64,,_Z,,Q,,2014-Q3,,56.40289,,,,A,,0,,1,
DATAFLOW,OECD.SDD.TPS:DSD_LFS@DF_IALFS_EMP_WAP_Q(1.0),,I,HRV,,EMP_WAP,,PT_WAP_SUB,,_Z,,Y,,_T,,Y15T64,,_Z,,Q,,2014-Q4,,54.00217,,,,A,,0,,1,
DATAFLOW,OECD.SDD.TPS:DSD_LFS@DF_IALFS_EMP_WAP_Q(1.0),,I,HRV,,EMP_WAP,,PT_WAP_SUB,,_Z,,Y,,_T,,Y15T64,,_Z,,Q,,2015-Q1,,54.80692,,,,A,,0,,1,
DATAFLOW,OECD.SDD.TPS:DSD_LFS@DF_IALFS_EMP_WAP_Q(1.0),,I,HRV,,EMP_WAP,,PT_WAP_SUB,,_Z,,Y,,_T,,Y15T64,,_Z,,Q,,2015-Q2,,56.2496,,,,A,,0,,1,
DATAFLOW,OECD.SDD.TPS:DSD_LFS@DF_IALFS_EMP_WAP_Q(1.0),,I,HRV,,EMP_WAP,,PT_WAP_SUB,,_Z,,Y,,_T,,Y15T64,,_Z,,Q,,2015-Q3,,56.88712,,,,A,,0,,1,
DATAFLOW,OECD.SDD.TPS:DSD_LFS@DF_IALFS_EMP_WAP_Q(1.0),,I,HRV,,EMP_WAP,,PT_WAP_SUB,,_Z,,Y,,_T,,Y15T64,,_Z,,Q,,2015-Q4,,55.85084,,,,A,,0,,1,
DATAFLOW,OECD.SDD.TPS:DSD_LFS@DF_IALFS_EMP_WAP_Q(1.0),,I,HRV,,EMP_WAP,,PT_WAP_SUB,,_Z,,Y,,_T,,Y15T64,,_Z,,Q,,2016-Q1,,55.53384,,,,A,,0,,1,
DATAFLOW,OECD.SDD.TPS:DSD_LFS@DF_IALFS_EMP_WAP_Q(1.0),,I,HRV,,EMP_WAP,,PT_WAP_SUB,,_Z,,Y,,_T,,Y15T64,,_Z,,Q,,2016-Q2,,57.40531,,,,A,,0,,1,
DATAFLOW,OECD.SDD.TPS:DSD_LFS@DF_IALFS_EMP_WAP_Q(1.0),,I,HRV,,EMP_WAP,,PT_WAP_SUB,,_Z,,Y,,_T,,Y15T64,,_Z,,Q,,2016-Q3,,57.85796,,,,A,,0,,1,
DATAFLOW,OECD.SDD.TPS:DSD_LFS@DF_IALFS_EMP_WAP_Q(1.0),,I,HRV,,EMP_WAP,,PT_WAP_SUB,,_Z,,Y,,_T,,Y15T64,,_Z,,Q,,2016-Q4,,56.78668,,,,A,,0,,1,
DATAFLOW,OECD.SDD.TPS:DSD_LFS@DF_IALFS_EMP_WAP_Q(1.0),,I,HRV,,EMP_WAP,,PT_WAP_SUB,,_Z,,Y,,_T,,Y15T64,,_Z,,Q,,2017-Q1,,56.41515,,,,A,,0,,1,
DATAFLOW,OECD.SDD.TPS:DSD_LFS@DF_IALFS_EMP_WAP_Q(1.0),,I,HRV,,EMP_WAP,,PT_WAP_SUB,,_Z,,Y,,_T,,Y15T64,,_Z,,Q,,2017-Q2,,58.92133,,,,A,,0,,1,
DATAFLOW,OECD.SDD.TPS:DSD_LFS@DF_IALFS_EMP_WAP_Q(1.0),,I,HRV,,EMP_WAP,,PT_WAP_SUB,,_Z,,Y,,_T,,Y15T64,,_Z,,Q,,2017-Q3,,60.61066,,,,A,,0,,1,
DATAFLOW,OECD.SDD.TPS:DSD_LFS@DF_IALFS_EMP_WAP_Q(1.0),,I,HRV,,EMP_WAP,,PT_WAP_SUB,,_Z,,Y,,_T,,Y15T64,,_Z,,Q,,2017-Q4,,59.4087,,,,A,,0,,1,
DATAFLOW,OECD.SDD.TPS:DSD_LFS@DF_IALFS_EMP_WAP_Q(1.0),,I,HRV,,EMP_WAP,,PT_WAP_SUB,,_Z,,Y,,_T,,Y15T64,,_Z,,Q,,2018-Q1,,59.06461,,,,A,,0,,1,
DATAFLOW,OECD.SDD.TPS:DSD_LFS@DF_IALFS_EMP_WAP_Q(1.0),,I,HRV,,EMP_WAP,,PT_WAP_SUB,,_Z,,Y,,_T,,Y15T64,,_Z,,Q,,2018-Q2,,60.78332,,,,A,,0,,1,
DATAFLOW,OECD.SDD.TPS:DSD_LFS@DF_IALFS_EMP_WAP_Q(1.0),,I,HRV,,EMP_WAP,,PT_WAP_SUB,,_Z,,Y,,_T,,Y15T64,,_Z,,Q,,2018-Q3,,61.68967,,,,A,,0,,1,
DATAFLOW,OECD.SDD.TPS:DSD_LFS@DF_IALFS_EMP_WAP_Q(1.0),,I,HRV,,EMP_WAP,,PT_WAP_SUB,,_Z,,Y,,_T,,Y15T64,,_Z,,Q,,2018-Q4,,60.63575,,,,A,,0,,1,
DATAFLOW,OECD.SDD.TPS:DSD_LFS@DF_IALFS_EMP_WAP_Q(1.0),,I,HRV,,EMP_WAP,,PT_WAP_SUB,,_Z,,Y,,_T,,Y15T64,,_Z,,Q,,2019-Q1,,61.46143,,,,A,,0,,1,
DATAFLOW,OECD.SDD.TPS:DSD_LFS@DF_IALFS_EMP_WAP_Q(1.0),,I,HRV,,EMP_WAP,,PT_WAP_SUB,,_Z,,Y,,_T,,Y15T64,,_Z,,Q,,2019-Q2,,61.54198,,,,A,,0,,1,
DATAFLOW,OECD.SDD.TPS:DSD_LFS@DF_IALFS_EMP_WAP_Q(1.0),,I,HRV,,EMP_WAP,,PT_WAP_SUB,,_Z,,Y,,_T,,Y15T64,,_Z,,Q,,2019-Q3,,62.812,,,,A,,0,,1,
DATAFLOW,OECD.SDD.TPS:DSD_LFS@DF_IALFS_EMP_WAP_Q(1.0),,I,HRV,,EMP_WAP,,PT_WAP_SUB,,_Z,,Y,,_T,,Y15T64,,_Z,,Q,,2019-Q4,,62.16953,,,,A,,0,,1,
DATAFLOW,OECD.SDD.TPS:DSD_LFS@DF_IALFS_EMP_WAP_Q(1.0),,I,HRV,,EMP_WAP,,PT_WAP_SUB,,_Z,,Y,,_T,,Y15T64,,_Z,,Q,,2020-Q1,,61.87655,,,,A,,0,,1,
DATAFLOW,OECD.SDD.TPS:DSD_LFS@DF_IALFS_EMP_WAP_Q(1.0),,I,HRV,,EMP_WAP,,PT_WAP_SUB,,_Z,,Y,,_T,,Y15T64,,_Z,,Q,,2020-Q2,,62.04795,,,,A,,0,,1,
DATAFLOW,OECD.SDD.TPS:DSD_LFS@DF_IALFS_EMP_WAP_Q(1.0),,I,HRV,,EMP_WAP,,PT_WAP_SUB,,_Z,,Y,,_T,,Y15T64,,_Z,,Q,,2020-Q3,,62.94418,,,,A,,0,,1,
DATAFLOW,OECD.SDD.TPS:DSD_LFS@DF_IALFS_EMP_WAP_Q(1.0),,I,HRV,,EMP_WAP,,PT_WAP_SUB,,_Z,,Y,,_T,,Y15T64,,_Z,,Q,,2020-Q4,,61.91951,,,,A,,0,,1,
DATAFLOW,OECD.SDD.TPS:DSD_LFS@DF_IALFS_EMP_WAP_Q(1.0),,I,HRV,,EMP_WAP,,PT_WAP_SUB,,_Z,,Y,,_T,,Y15T64,,_Z,,Q,,2021-Q1,,62.32584,,,,A,,0,,1,
DATAFLOW,OECD.SDD.TPS:DSD_LFS@DF_IALFS_EMP_WAP_Q(1.0),,I,HRV,,EMP_WAP,,PT_WAP_SUB,,_Z,,Y,,_T,,Y15T64,,_Z,,Q,,2021-Q2,,63.49339,,,,A,,0,,1,
DATAFLOW,OECD.SDD.TPS:DSD_LFS@DF_IALFS_EMP_WAP_Q(1.0),,I,HRV,,EMP_WAP,,PT_WAP_SUB,,_Z,,Y,,_T,,Y15T64,,_Z,,Q,,2021-Q3,,64.43778,,,,A,,0,,1,
DATAFLOW,OECD.SDD.TPS:DSD_LFS@DF_IALFS_EMP_WAP_Q(1.0),,I,HRV,,EMP_WAP,,PT_WAP_SUB,,_Z,,Y,,_T,,Y15T64,,_Z,,Q,,2021-Q4,,65.11259,,,,A,,0,,1,
DATAFLOW,OECD.SDD.TPS:DSD_LFS@DF_IALFS_EMP_WAP_Q(1.0),,I,HRV,,EMP_WAP,,PT_WAP_SUB,,_Z,,Y,,_T,,Y15T64,,_Z,,Q,,2022-Q1,,65.28153,,,,A,,0,,1,
DATAFLOW,OECD.SDD.TPS:DSD_LFS@DF_IALFS_EMP_WAP_Q(1.0),,I,HRV,,EMP_WAP,,PT_WAP_SUB,,_Z,,Y,,_T,,Y15T64,,_Z,,Q,,2022-Q2,,65.00446,,,,A,,0,,1,
DATAFLOW,OECD.SDD.TPS:DSD_LFS@DF_IALFS_EMP_WAP_Q(1.0),,I,HRV,,EMP_WAP,,PT_WAP_SUB,,_Z,,Y,,_T,,Y15T64,,_Z,,Q,,2022-Q3,,65.0392,,,,A,,0,,1,
DATAFLOW,OECD.SDD.TPS:DSD_LFS@DF_IALFS_EMP_WAP_Q(1.0),,I,HRV,,EMP_WAP,,PT_WAP_SUB,,_Z,,Y,,_T,,Y15T64,,_Z,,Q,,2022-Q4,,65.71636,,,,A,,0,,1,
DATAFLOW,OECD.SDD.TPS:DSD_LFS@DF_IALFS_EMP_WAP_Q(1.0),,I,HRV,,EMP_WAP,,PT_WAP_SUB,,_Z,,Y,,_T,,Y15T64,,_Z,,Q,,2023-Q1,,65.14135,,,,A,,0,,1,
DATAFLOW,OECD.SDD.TPS:DSD_LFS@DF_IALFS_EMP_WAP_Q(1.0),,I,HRV,,EMP_WAP,,PT_WAP_SUB,,_Z,,Y,,_T,,Y15T64,,_Z,,Q,,2023-Q2,,65.64153,,,,A,,0,,1,
DATAFLOW,OECD.SDD.TPS:DSD_LFS@DF_IALFS_EMP_WAP_Q(1.0),,I,HRV,,EMP_WAP,,PT_WAP_SUB,,_Z,,Y,,_T,,Y15T64,,_Z,,Q,,2023-Q3,,65.49266,,,,A,,0,,1,
DATAFLOW,OECD.SDD.TPS:DSD_LFS@DF_IALFS_EMP_WAP_Q(1.0),,I,HRV,,EMP_WAP,,PT_WAP_SUB,,_Z,,Y,,_T,,Y15T64,,_Z,,Q,,2023-Q4,,66.75437,,,,A,,0,,1,
DATAFLOW,OECD.SDD.TPS:DSD_LFS@DF_IALFS_EMP_WAP_Q(1.0),,I,HRV,,EMP_WAP,,PT_WAP_SUB,,_Z,,Y,,_T,,Y15T64,,_Z,,Q,,2024-Q1,,68.14597,,,,A,,0,,1,
DATAFLOW,OECD.SDD.TPS:DSD_LFS@DF_IALFS_EMP_WAP_Q(1.0),,I,HRV,,EMP_WAP,,PT_WAP_SUB,,_Z,,Y,,_T,,Y15T64,,_Z,,Q,,2024-Q2,,68.41213,,,,A,,0,,1,
DATAFLOW,OECD.SDD.TPS:DSD_LFS@DF_IALFS_EMP_WAP_Q(1.0),,I,HRV,,EMP_WAP,,PT_WAP_SUB,,_Z,,Y,,_T,,Y15T64,,_Z,,Q,,2024-Q3,,68.25795,,,,A,,0,,1,
DATAFLOW,OECD.SDD.TPS:DSD_LFS@DF_IALFS_EMP_WAP_Q(1.0),,I,HRV,,EMP_WAP,,PT_WAP_SUB,,_Z,,Y,,_T,,Y15T64,,_Z,,Q,,2024-Q4,,68.21822,,,,A,,0,,1,
DATAFLOW,OECD.SDD.TPS:DSD_LFS@DF_IALFS_EMP_WAP_Q(1.0),,I,HRV,,EMP_WAP,,PT_WAP_SUB,,_Z,,Y,,_T,,Y15T64,,_Z,,Q,,2025-Q1,,68.49707,,,,A,,0,,1,
DATAFLOW,OECD.SDD.TPS:DSD_LFS@DF_IALFS_EMP_WAP_Q(1.0),,I,HRV,,EMP_WAP,,PT_WAP_SUB,,_Z,,Y,,_T,,Y15T64,,_Z,,Q,,2025-Q2,,68.56812,,,,A,,0,,1,
DATAFLOW,OECD.SDD.TPS:DSD_LFS@DF_IALFS_EMP_WAP_Q(1.0),,I,HRV,,EMP_WAP,,PT_WAP_SUB,,_Z,,Y,,_T,,Y15T64,,_Z,,Q,,2025-Q3,,69.1814,,,,A,,0,,1,
DATAFLOW,OECD.SDD.TPS:DSD_LFS@DF_IALFS_EMP_WAP_Q(1.0),,I,HRV,,EMP_WAP,,PT_WAP_SUB,,_Z,,Y,,_T,,Y15T64,,_Z,,Q,,2025-Q4,,68.95385,,,,A,,0,,1,
DATAFLOW,OECD.SDD.TPS:DSD_LFS@DF_IALFS_EMP_WAP_Q(1.0),,I,HRV,,EMP_WAP,,PT_WAP_SUB,,_Z,,Y,,_T,,Y15T64,,_Z,,Q,,2026-Q1,,68.93215,,,,A,,0,,1,
DATAFLOW,OECD.SDD.TPS:DSD_LFS@DF_IALFS_EMP_WAP_Q(1.0),,I,LVA,,EMP_WAP,,PT_WAP_SUB,,_Z,,Y,,_T,,Y15T64,,_Z,,Q,,2002-Q1,,58.35804,,,,A,,0,,1,
DATAFLOW,OECD.SDD.TPS:DSD_LFS@DF_IALFS_EMP_WAP_Q(1.0),,I,LVA,,EMP_WAP,,PT_WAP_SUB,,_Z,,Y,,_T,,Y15T64,,_Z,,Q,,2002-Q2,,59.91259,,,,A,,0,,1,
DATAFLOW,OECD.SDD.TPS:DSD_LFS@DF_IALFS_EMP_WAP_Q(1.0),,I,LVA,,EMP_WAP,,PT_WAP_SUB,,_Z,,Y,,_T,,Y15T64,,_Z,,Q,,2002-Q3,,60.4763,,,,A,,0,,1,
DATAFLOW,OECD.SDD.TPS:DSD_LFS@DF_IALFS_EMP_WAP_Q(1.0),,I,LVA,,EMP_WAP,,PT_WAP_SUB,,_Z,,Y,,_T,,Y15T64,,_Z,,Q,,2002-Q4,,60.99664,,,,A,,0,,1,
DATAFLOW,OECD.SDD.TPS:DSD_LFS@DF_IALFS_EMP_WAP_Q(1.0),,I,LVA,,EMP_WAP,,PT_WAP_SUB,,_Z,,Y,,_T,,Y15T64,,_Z,,Q,,2003-Q1,,60.59153,,,,A,,0,,1,
DATAFLOW,OECD.SDD.TPS:DSD_LFS@DF_IALFS_EMP_WAP_Q(1.0),,I,LVA,,EMP_WAP,,PT_WAP_SUB,,_Z,,Y,,_T,,Y15T64,,_Z,,Q,,2003-Q2,,60.63219,,,,A,,0,,1,
DATAFLOW,OECD.SDD.TPS:DSD_LFS@DF_IALFS_EMP_WAP_Q(1.0),,I,LVA,,EMP_WAP,,PT_WAP_SUB,,_Z,,Y,,_T,,Y15T64,,_Z,,Q,,2003-Q3,,61.38045,,,,A,,0,,1,
DATAFLOW,OECD.SDD.TPS:DSD_LFS@DF_IALFS_EMP_WAP_Q(1.0),,I,LVA,,EMP_WAP,,PT_WAP_SUB,,_Z,,Y,,_T,,Y15T64,,_Z,,Q,,2003-Q4,,60.45506,,,,A,,0,,1,
DATAFLOW,OECD.SDD.TPS:DSD_LFS@DF_IALFS_EMP_WAP_Q(1.0),,I,LVA,,EMP_WAP,,PT_WAP_SUB,,_Z,,Y,,_T,,Y15T64,,_Z,,Q,,2004-Q1,,60.81841,,,,A,,0,,1,
DATAFLOW,OECD.SDD.TPS:DSD_LFS@DF_IALFS_EMP_WAP_Q(1.0),,I,LVA,,EMP_WAP,,PT_WAP_SUB,,_Z,,Y,,_T,,Y15T64,,_Z,,Q,,2004-Q2,,60.74508,,,,A,,0,,1,
DATAFLOW,OECD.SDD.TPS:DSD_LFS@DF_IALFS_EMP_WAP_Q(1.0),,I,LVA,,EMP_WAP,,PT_WAP_SUB,,_Z,,Y,,_T,,Y15T64,,_Z,,Q,,2004-Q3,,61.28568,,,,A,,0,,1,
DATAFLOW,OECD.SDD.TPS:DSD_LFS@DF_IALFS_EMP_WAP_Q(1.0),,I,LVA,,EMP_WAP,,PT_WAP_SUB,,_Z,,Y,,_T,,Y15T64,,_Z,,Q,,2004-Q4,,61.249,,,,A,,0,,1,
DATAFLOW,OECD.SDD.TPS:DSD_LFS@DF_IALFS_EMP_WAP_Q(1.0),,I,LVA,,EMP_WAP,,PT_WAP_SUB,,_Z,,Y,,_T,,Y15T64,,_Z,,Q,,2005-Q1,,60.97728,,,,A,,0,,1,
DATAFLOW,OECD.SDD.TPS:DSD_LFS@DF_IALFS_EMP_WAP_Q(1.0),,I,LVA,,EMP_WAP,,PT_WAP_SUB,,_Z,,Y,,_T,,Y15T64,,_Z,,Q,,2005-Q2,,62.20335,,,,A,,0,,1,
DATAFLOW,OECD.SDD.TPS:DSD_LFS@DF_IALFS_EMP_WAP_Q(1.0),,I,LVA,,EMP_WAP,,PT_WAP_SUB,,_Z,,Y,,_T,,Y15T64,,_Z,,Q,,2005-Q3,,62.04746,,,,A,,0,,1,
DATAFLOW,OECD.SDD.TPS:DSD_LFS@DF_IALFS_EMP_WAP_Q(1.0),,I,LVA,,EMP_WAP,,PT_WAP_SUB,,_Z,,Y,,_T,,Y15T64,,_Z,,Q,,2005-Q4,,63.27558,,,,A,,0,,1,
DATAFLOW,OECD.SDD.TPS:DSD_LFS@DF_IALFS_EMP_WAP_Q(1.0),,I,LVA,,EMP_WAP,,PT_WAP_SUB,,_Z,,Y,,_T,,Y15T64,,_Z,,Q,,2006-Q1,,64.01485,,,,A,,0,,1,
DATAFLOW,OECD.SDD.TPS:DSD_LFS@DF_IALFS_EMP_WAP_Q(1.0),,I,LVA,,EMP_WAP,,PT_WAP_SUB,,_Z,,Y,,_T,,Y15T64,,_Z,,Q,,2006-Q2,,65.83732,,,,A,,0,,1,
DATAFLOW,OECD.SDD.TPS:DSD_LFS@DF_IALFS_EMP_WAP_Q(1.0),,I,LVA,,EMP_WAP,,PT_WAP_SUB,,_Z,,Y,,_T,,Y15T64,,_Z,,Q,,2006-Q3,,67.02328,,,,A,,0,,1,
DATAFLOW,OECD.SDD.TPS:DSD_LFS@DF_IALFS_EMP_WAP_Q(1.0),,I,LVA,,EMP_WAP,,PT_WAP_SUB,,_Z,,Y,,_T,,Y15T64,,_Z,,Q,,2006-Q4,,66.74684,,,,A,,0,,1,
DATAFLOW,OECD.SDD.TPS:DSD_LFS@DF_IALFS_EMP_WAP_Q(1.0),,I,LVA,,EMP_WAP,,PT_WAP_SUB,,_Z,,Y,,_T,,Y15T64,,_Z,,Q,,2007-Q1,,66.47098,,,,A,,0,,1,
DATAFLOW,OECD.SDD.TPS:DSD_LFS@DF_IALFS_EMP_WAP_Q(1.0),,I,LVA,,EMP_WAP,,PT_WAP_SUB,,_Z,,Y,,_T,,Y15T64,,_Z,,Q,,2007-Q2,,67.67873,,,,A,,0,,1,
DATAFLOW,OECD.SDD.TPS:DSD_LFS@DF_IALFS_EMP_WAP_Q(1.0),,I,LVA,,EMP_WAP,,PT_WAP_SUB,,_Z,,Y,,_T,,Y15T64,,_Z,,Q,,2007-Q3,,68.64681,,,,A,,0,,1,
DATAFLOW,OECD.SDD.TPS:DSD_LFS@DF_IALFS_EMP_WAP_Q(1.0),,I,LVA,,EMP_WAP,,PT_WAP_SUB,,_Z,,Y,,_T,,Y15T64,,_Z,,Q,,2007-Q4,,69.73606,,,,A,,0,,1,
DATAFLOW,OECD.SDD.TPS:DSD_LFS@DF_IALFS_EMP_WAP_Q(1.0),,I,LVA,,EMP_WAP,,PT_WAP_SUB,,_Z,,Y,,_T,,Y15T64,,_Z,,Q,,2008-Q1,,69.30283,,,,A,,0,,1,
DATAFLOW,OECD.SDD.TPS:DSD_LFS@DF_IALFS_EMP_WAP_Q(1.0),,I,LVA,,EMP_WAP,,PT_WAP_SUB,,_Z,,Y,,_T,,Y15T64,,_Z,,Q,,2008-Q2,,69.21611,,,,A,,0,,1,
DATAFLOW,OECD.SDD.TPS:DSD_LFS@DF_IALFS_EMP_WAP_Q(1.0),,I,LVA,,EMP_WAP,,PT_WAP_SUB,,_Z,,Y,,_T,,Y15T64,,_Z,,Q,,2008-Q3,,68.08095,,,,A,,0,,1,
DATAFLOW,OECD.SDD.TPS:DSD_LFS@DF_IALFS_EMP_WAP_Q(1.0),,I,LVA,,EMP_WAP,,PT_WAP_SUB,,_Z,,Y,,_T,,Y15T64,,_Z,,Q,,2009-Q1,,63.62231,,,,A,,0,,1,
DATAFLOW,OECD.SDD.TPS:DSD_LFS@DF_IALFS_EMP_WAP_Q(1.0),,I,LVA,,EMP_WAP,,PT_WAP_SUB,,_Z,,Y,,_T,,Y15T64,,_Z,,Q,,2009-Q2,,60.43868,,,,A,,0,,1,
DATAFLOW,OECD.SDD.TPS:DSD_LFS@DF_IALFS_EMP_WAP_Q(1.0),,I,LVA,,EMP_WAP,,PT_WAP_SUB,,_Z,,Y,,_T,,Y15T64,,_Z,,Q,,2009-Q3,,58.53812,,,,A,,0,,1,
DATAFLOW,OECD.SDD.TPS:DSD_LFS@DF_IALFS_EMP_WAP_Q(1.0),,I,LVA,,EMP_WAP,,PT_WAP_SUB,,_Z,,Y,,_T,,Y15T64,,_Z,,Q,,2009-Q4,,57.64664,,,,A,,0,,1,
DATAFLOW,OECD.SDD.TPS:DSD_LFS@DF_IALFS_EMP_WAP_Q(1.0),,I,LVA,,EMP_WAP,,PT_WAP_SUB,,_Z,,Y,,_T,,Y15T64,,_Z,,Q,,2010-Q1,,57.01539,,,,A,,0,,1,
DATAFLOW,OECD.SDD.TPS:DSD_LFS@DF_IALFS_EMP_WAP_Q(1.0),,I,LVA,,EMP_WAP,,PT_WAP_SUB,,_Z,,Y,,_T,,Y15T64,,_Z,,Q,,2010-Q2,,57.52146,,,,A,,0,,1,
DATAFLOW,OECD.SDD.TPS:DSD_LFS@DF_IALFS_EMP_WAP_Q(1.0),,I,LVA,,EMP_WAP,,PT_WAP_SUB,,_Z,,Y,,_T,,Y15T64,,_Z,,Q,,2010-Q3,,59.07993,,,,A,,0,,1,
DATAFLOW,OECD.SDD.TPS:DSD_LFS@DF_IALFS_EMP_WAP_Q(1.0),,I,LVA,,EMP_WAP,,PT_WAP_SUB,,_Z,,Y,,_T,,Y15T64,,_Z,,Q,,2010-Q4,,59.15847,,,,A,,0,,1,
DATAFLOW,OECD.SDD.TPS:DSD_LFS@DF_IALFS_EMP_WAP_Q(1.0),,I,LVA,,EMP_WAP,,PT_WAP_SUB,,_Z,,Y,,_T,,Y15T64,,_Z,,Q,,2011-Q1,,59.1177,,,,A,,0,,1,
DATAFLOW,OECD.SDD.TPS:DSD_LFS@DF_IALFS_EMP_WAP_Q(1.0),,I,LVA,,EMP_WAP,,PT_WAP_SUB,,_Z,,Y,,_T,,Y15T64,,_Z,,Q,,2011-Q2,,60.3369,,,,A,,0,,1,
DATAFLOW,OECD.SDD.TPS:DSD_LFS@DF_IALFS_EMP_WAP_Q(1.0),,I,LVA,,EMP_WAP,,PT_WAP_SUB,,_Z,,Y,,_T,,Y15T64,,_Z,,Q,,2011-Q3,,61.15442,,,,A,,0,,1,
DATAFLOW,OECD.SDD.TPS:DSD_LFS@DF_IALFS_EMP_WAP_Q(1.0),,I,LVA,,EMP_WAP,,PT_WAP_SUB,,_Z,,Y,,_T,,Y15T64,,_Z,,Q,,2011-Q4,,61.77638,,,,A,,0,,1,
DATAFLOW,OECD.SDD.TPS:DSD_LFS@DF_IALFS_EMP_WAP_Q(1.0),,I,LVA,,EMP_WAP,,PT_WAP_SUB,,_Z,,Y,,_T,,Y15T64,,_Z,,Q,,2012-Q1,,61.15044,,,,A,,0,,1,
DATAFLOW,OECD.SDD.TPS:DSD_LFS@DF_IALFS_EMP_WAP_Q(1.0),,I,LVA,,EMP_WAP,,PT_WAP_SUB,,_Z,,Y,,_T,,Y15T64,,_Z,,Q,,2012-Q2,,62.25886,,,,A,,0,,1,
DATAFLOW,OECD.SDD.TPS:DSD_LFS@DF_IALFS_EMP_WAP_Q(1.0),,I,LVA,,EMP_WAP,,PT_WAP_SUB,,_Z,,Y,,_T,,Y15T64,,_Z,,Q,,2012-Q3,,63.85508,,,,A,,0,,1,
DATAFLOW,OECD.SDD.TPS:DSD_LFS@DF_IALFS_EMP_WAP_Q(1.0),,I,LVA,,EMP_WAP,,PT_WAP_SUB,,_Z,,Y,,_T,,Y15T64,,_Z,,Q,,2012-Q4,,63.97528,,,,A,,0,,1,
DATAFLOW,OECD.SDD.TPS:DSD_LFS@DF_IALFS_EMP_WAP_Q(1.0),,I,LVA,,EMP_WAP,,PT_WAP_SUB,,_Z,,Y,,_T,,Y15T64,,_Z,,Q,,2013-Q1,,64.21014,,,,A,,0,,1,
DATAFLOW,OECD.SDD.TPS:DSD_LFS@DF_IALFS_EMP_WAP_Q(1.0),,I,LVA,,EMP_WAP,,PT_WAP_SUB,,_Z,,Y,,_T,,Y15T64,,_Z,,Q,,2013-Q2,,64.56439,,,,A,,0,,1,
DATAFLOW,OECD.SDD.TPS:DSD_LFS@DF_IALFS_EMP_WAP_Q(1.0),,I,LVA,,EMP_WAP,,PT_WAP_SUB,,_Z,,Y,,_T,,Y15T64,,_Z,,Q,,2013-Q3,,65.41346,,,,A,,0,,1,
DATAFLOW,OECD.SDD.TPS:DSD_LFS@DF_IALFS_EMP_WAP_Q(1.0),,I,LVA,,EMP_WAP,,PT_WAP_SUB,,_Z,,Y,,_T,,Y15T64,,_Z,,Q,,2013-Q4,,65.17483,,,,A,,0,,1,
DATAFLOW,OECD.SDD.TPS:DSD_LFS@DF_IALFS_EMP_WAP_Q(1.0),,I,LVA,,EMP_WAP,,PT_WAP_SUB,,_Z,,Y,,_T,,Y15T64,,_Z,,Q,,2014-Q1,,65.81797,,,,A,,0,,1,
DATAFLOW,OECD.SDD.TPS:DSD_LFS@DF_IALFS_EMP_WAP_Q(1.0),,I,LVA,,EMP_WAP,,PT_WAP_SUB,,_Z,,Y,,_T,,Y15T64,,_Z,,Q,,2014-Q2,,66.30306,,,,A,,0,,1,
DATAFLOW,OECD.SDD.TPS:DSD_LFS@DF_IALFS_EMP_WAP_Q(1.0),,I,LVA,,EMP_WAP,,PT_WAP_SUB,,_Z,,Y,,_T,,Y15T64,,_Z,,Q,,2014-Q3,,65.98688,,,,A,,0,,1,
DATAFLOW,OECD.SDD.TPS:DSD_LFS@DF_IALFS_EMP_WAP_Q(1.0),,I,LVA,,EMP_WAP,,PT_WAP_SUB,,_Z,,Y,,_T,,Y15T64,,_Z,,Q,,2014-Q4,,66.46806,,,,A,,0,,1,
DATAFLOW,OECD.SDD.TPS:DSD_LFS@DF_IALFS_EMP_WAP_Q(1.0),,I,LVA,,EMP_WAP,,PT_WAP_SUB,,_Z,,Y,,_T,,Y15T64,,_Z,,Q,,2015-Q1,,66.94198,,,,A,,0,,1,
DATAFLOW,OECD.SDD.TPS:DSD_LFS@DF_IALFS_EMP_WAP_Q(1.0),,I,LVA,,EMP_WAP,,PT_WAP_SUB,,_Z,,Y,,_T,,Y15T64,,_Z,,Q,,2015-Q2,,68.16939,,,,A,,0,,1,
DATAFLOW,OECD.SDD.TPS:DSD_LFS@DF_IALFS_EMP_WAP_Q(1.0),,I,LVA,,EMP_WAP,,PT_WAP_SUB,,_Z,,Y,,_T,,Y15T64,,_Z,,Q,,2015-Q3,,68.32855,,,,A,,0,,1,
DATAFLOW,OECD.SDD.TPS:DSD_LFS@DF_IALFS_EMP_WAP_Q(1.0),,I,LVA,,EMP_WAP,,PT_WAP_SUB,,_Z,,Y,,_T,,Y15T64,,_Z,,Q,,2015-Q4,,68.82716,,,,A,,0,,1,
DATAFLOW,OECD.SDD.TPS:DSD_LFS@DF_IALFS_EMP_WAP_Q(1.0),,I,LVA,,EMP_WAP,,PT_WAP_SUB,,_Z,,Y,,_T,,Y15T64,,_Z,,Q,,2016-Q1,,68.35863,,,,A,,0,,1,
DATAFLOW,OECD.SDD.TPS:DSD_LFS@DF_IALFS_EMP_WAP_Q(1.0),,I,LVA,,EMP_WAP,,PT_WAP_SUB,,_Z,,Y,,_T,,Y15T64,,_Z,,Q,,2016-Q2,,68.64117,,,,A,,0,,1,
DATAFLOW,OECD.SDD.TPS:DSD_LFS@DF_IALFS_EMP_WAP_Q(1.0),,I,LVA,,EMP_WAP,,PT_WAP_SUB,,_Z,,Y,,_T,,Y15T64,,_Z,,Q,,2016-Q3,,68.4605,,,,A,,0,,1,
DATAFLOW,OECD.SDD.TPS:DSD_LFS@DF_IALFS_EMP_WAP_Q(1.0),,I,LVA,,EMP_WAP,,PT_WAP_SUB,,_Z,,Y,,_T,,Y15T64,,_Z,,Q,,2016-Q4,,68.77142,,,,A,,0,,1,
DATAFLOW,OECD.SDD.TPS:DSD_LFS@DF_IALFS_EMP_WAP_Q(1.0),,I,LVA,,EMP_WAP,,PT_WAP_SUB,,_Z,,Y,,_T,,Y15T64,,_Z,,Q,,2017-Q1,,68.83162,,,,A,,0,,1,
DATAFLOW,OECD.SDD.TPS:DSD_LFS@DF_IALFS_EMP_WAP_Q(1.0),,I,LVA,,EMP_WAP,,PT_WAP_SUB,,_Z,,Y,,_T,,Y15T64,,_Z,,Q,,2017-Q2,,69.73174,,,,A,,0,,1,
DATAFLOW,OECD.SDD.TPS:DSD_LFS@DF_IALFS_EMP_WAP_Q(1.0),,I,LVA,,EMP_WAP,,PT_WAP_SUB,,_Z,,Y,,_T,,Y15T64,,_Z,,Q,,2017-Q3,,70.547,,,,A,,0,,1,
DATAFLOW,OECD.SDD.TPS:DSD_LFS@DF_IALFS_EMP_WAP_Q(1.0),,I,LVA,,EMP_WAP,,PT_WAP_SUB,,_Z,,Y,,_T,,Y15T64,,_Z,,Q,,2017-Q4,,70.86385,,,,A,,0,,1,
DATAFLOW,OECD.SDD.TPS:DSD_LFS@DF_IALFS_EMP_WAP_Q(1.0),,I,LVA,,EMP_WAP,,PT_WAP_SUB,,_Z,,Y,,_T,,Y15T64,,_Z,,Q,,2018-Q1,,71.04746,,,,A,,0,,1,
DATAFLOW,OECD.SDD.TPS:DSD_LFS@DF_IALFS_EMP_WAP_Q(1.0),,I,LVA,,EMP_WAP,,PT_WAP_SUB,,_Z,,Y,,_T,,Y15T64,,_Z,,Q,,2018-Q2,,71.69704,,,,A,,0,,1,
DATAFLOW,OECD.SDD.TPS:DSD_LFS@DF_IALFS_EMP_WAP_Q(1.0),,I,LVA,,EMP_WAP,,PT_WAP_SUB,,_Z,,Y,,_T,,Y15T64,,_Z,,Q,,2018-Q3,,72.41138,,,,A,,0,,1,
DATAFLOW,OECD.SDD.TPS:DSD_LFS@DF_IALFS_EMP_WAP_Q(1.0),,I,LVA,,EMP_WAP,,PT_WAP_SUB,,_Z,,Y,,_T,,Y15T64,,_Z,,Q,,2018-Q4,,71.67767,,,,A,,0,,1,
DATAFLOW,OECD.SDD.TPS:DSD_LFS@DF_IALFS_EMP_WAP_Q(1.0),,I,LVA,,EMP_WAP,,PT_WAP_SUB,,_Z,,Y,,_T,,Y15T64,,_Z,,Q,,2019-Q1,,71.58834,,,,A,,0,,1,
DATAFLOW,OECD.SDD.TPS:DSD_LFS@DF_IALFS_EMP_WAP_Q(1.0),,I,LVA,,EMP_WAP,,PT_WAP_SUB,,_Z,,Y,,_T,,Y15T64,,_Z,,Q,,2019-Q2,,71.96733,,,,A,,0,,1,
DATAFLOW,OECD.SDD.TPS:DSD_LFS@DF_IALFS_EMP_WAP_Q(1.0),,I,LVA,,EMP_WAP,,PT_WAP_SUB,,_Z,,Y,,_T,,Y15T64,,_Z,,Q,,2019-Q3,,72.71582,,,,A,,0,,1,
DATAFLOW,OECD.SDD.TPS:DSD_LFS@DF_IALFS_EMP_WAP_Q(1.0),,I,LVA,,EMP_WAP,,PT_WAP_SUB,,_Z,,Y,,_T,,Y15T64,,_Z,,Q,,2019-Q4,,72.6834,,,,A,,0,,1,
DATAFLOW,OECD.SDD.TPS:DSD_LFS@DF_IALFS_EMP_WAP_Q(1.0),,I,LVA,,EMP_WAP,,PT_WAP_SUB,,_Z,,Y,,_T,,Y15T64,,_Z,,Q,,2020-Q1,,71.68223,,,,A,,0,,1,
DATAFLOW,OECD.SDD.TPS:DSD_LFS@DF_IALFS_EMP_WAP_Q(1.0),,I,LVA,,EMP_WAP,,PT_WAP_SUB,,_Z,,Y,,_T,,Y15T64,,_Z,,Q,,2020-Q2,,71.45726,,,,A,,0,,1,
DATAFLOW,OECD.SDD.TPS:DSD_LFS@DF_IALFS_EMP_WAP_Q(1.0),,I,LVA,,EMP_WAP,,PT_WAP_SUB,,_Z,,Y,,_T,,Y15T64,,_Z,,Q,,2020-Q3,,71.28307,,,,A,,0,,1,
DATAFLOW,OECD.SDD.TPS:DSD_LFS@DF_IALFS_EMP_WAP_Q(1.0),,I,LVA,,EMP_WAP,,PT_WAP_SUB,,_Z,,Y,,_T,,Y15T64,,_Z,,Q,,2020-Q4,,71.4037,,,,A,,0,,1,
DATAFLOW,OECD.SDD.TPS:DSD_LFS@DF_IALFS_EMP_WAP_Q(1.0),,I,LVA,,EMP_WAP,,PT_WAP_SUB,,_Z,,Y,,_T,,Y15T64,,_Z,,Q,,2021-Q1,,68.91346,,,,A,,0,,1,
DATAFLOW,OECD.SDD.TPS:DSD_LFS@DF_IALFS_EMP_WAP_Q(1.0),,I,LVA,,EMP_WAP,,PT_WAP_SUB,,_Z,,Y,,_T,,Y15T64,,_Z,,Q,,2021-Q2,,69.62695,,,,A,,0,,1,
DATAFLOW,OECD.SDD.TPS:DSD_LFS@DF_IALFS_EMP_WAP_Q(1.0),,I,LVA,,EMP_WAP,,PT_WAP_SUB,,_Z,,Y,,_T,,Y15T64,,_Z,,Q,,2021-Q3,,70.69586,,,,A,,0,,1,
DATAFLOW,OECD.SDD.TPS:DSD_LFS@DF_IALFS_EMP_WAP_Q(1.0),,I,LVA,,EMP_WAP,,PT_WAP_SUB,,_Z,,Y,,_T,,Y15T64,,_Z,,Q,,2021-Q4,,70.25969,,,,A,,0,,1,
DATAFLOW,OECD.SDD.TPS:DSD_LFS@DF_IALFS_EMP_WAP_Q(1.0),,I,LVA,,EMP_WAP,,PT_WAP_SUB,,_Z,,Y,,_T,,Y15T64,,_Z,,Q,,2022-Q1,,70.67135,,,,A,,0,,1,
DATAFLOW,OECD.SDD.TPS:DSD_LFS@DF_IALFS_EMP_WAP_Q(1.0),,I,LVA,,EMP_WAP,,PT_WAP_SUB,,_Z,,Y,,_T,,Y15T64,,_Z,,Q,,2022-Q2,,71.55148,,,,A,,0,,1,
DATAFLOW,OECD.SDD.TPS:DSD_LFS@DF_IALFS_EMP_WAP_Q(1.0),,I,LVA,,EMP_WAP,,PT_WAP_SUB,,_Z,,Y,,_T,,Y15T64,,_Z,,Q,,2022-Q3,,71.67482,,,,A,,0,,1,
DATAFLOW,OECD.SDD.TPS:DSD_LFS@DF_IALFS_EMP_WAP_Q(1.0),,I,LVA,,EMP_WAP,,PT_WAP_SUB,,_Z,,Y,,_T,,Y15T64,,_Z,,Q,,2022-Q4,,71.3298,,,,A,,0,,1,
DATAFLOW,OECD.SDD.TPS:DSD_LFS@DF_IALFS_EMP_WAP_Q(1.0),,I,LVA,,EMP_WAP,,PT_WAP_SUB,,_Z,,Y,,_T,,Y15T64,,_Z,,Q,,2023-Q1,,71.01428,,,,A,,0,,1,
DATAFLOW,OECD.SDD.TPS:DSD_LFS@DF_IALFS_EMP_WAP_Q(1.0),,I,LVA,,EMP_WAP,,PT_WAP_SUB,,_Z,,Y,,_T,,Y15T64,,_Z,,Q,,2023-Q2,,71.82041,,,,A,,0,,1,
DATAFLOW,OECD.SDD.TPS:DSD_LFS@DF_IALFS_EMP_WAP_Q(1.0),,I,LVA,,EMP_WAP,,PT_WAP_SUB,,_Z,,Y,,_T,,Y15T64,,_Z,,Q,,2023-Q3,,71.70622,,,,A,,0,,1,
DATAFLOW,OECD.SDD.TPS:DSD_LFS@DF_IALFS_EMP_WAP_Q(1.0),,I,LVA,,EMP_WAP,,PT_WAP_SUB,,_Z,,Y,,_T,,Y15T64,,_Z,,Q,,2023-Q4,,71.23441,,,,A,,0,,1,
DATAFLOW,OECD.SDD.TPS:DSD_LFS@DF_IALFS_EMP_WAP_Q(1.0),,I,LVA,,EMP_WAP,,PT_WAP_SUB,,_Z,,Y,,_T,,Y15T64,,_Z,,Q,,2024-Q1,,71.25797,,,,A,,0,,1,
DATAFLOW,OECD.SDD.TPS:DSD_LFS@DF_IALFS_EMP_WAP_Q(1.0),,I,LVA,,EMP_WAP,,PT_WAP_SUB,,_Z,,Y,,_T,,Y15T64,,_Z,,Q,,2024-Q2,,71.55102,,,,A,,0,,1,
DATAFLOW,OECD.SDD.TPS:DSD_LFS@DF_IALFS_EMP_WAP_Q(1.0),,I,LVA,,EMP_WAP,,PT_WAP_SUB,,_Z,,Y,,_T,,Y15T64,,_Z,,Q,,2024-Q3,,71.28023,,,,A,,0,,1,
DATAFLOW,OECD.SDD.TPS:DSD_LFS@DF_IALFS_EMP_WAP_Q(1.0),,I,LVA,,EMP_WAP,,PT_WAP_SUB,,_Z,,Y,,_T,,Y15T64,,_Z,,Q,,2024-Q4,,70.51612,,,,A,,0,,1,
DATAFLOW,OECD.SDD.TPS:DSD_LFS@DF_IALFS_EMP_WAP_Q(1.0),,I,LVA,,EMP_WAP,,PT_WAP_SUB,,_Z,,Y,,_T,,Y15T64,,_Z,,Q,,2025-Q1,,70.57192,,,,A,,0,,1,
DATAFLOW,OECD.SDD.TPS:DSD_LFS@DF_IALFS_EMP_WAP_Q(1.0),,I,LVA,,EMP_WAP,,PT_WAP_SUB,,_Z,,Y,,_T,,Y15T64,,_Z,,Q,,2025-Q2,,72.48972,,,,A,,0,,1,
DATAFLOW,OECD.SDD.TPS:DSD_LFS@DF_IALFS_EMP_WAP_Q(1.0),,I,LVA,,EMP_WAP,,PT_WAP_SUB,,_Z,,Y,,_T,,Y15T64,,_Z,,Q,,2025-Q3,,72.43335,,,,A,,0,,1,
DATAFLOW,OECD.SDD.TPS:DSD_LFS@DF_IALFS_EMP_WAP_Q(1.0),,I,LVA,,EMP_WAP,,PT_WAP_SUB,,_Z,,Y,,_T,,Y15T64,,_Z,,Q,,2025-Q4,,72.30782,,,,A,,0,,1,
DATAFLOW,OECD.SDD.TPS:DSD_LFS@DF_IALFS_EMP_WAP_Q(1.0),,I,LVA,,EMP_WAP,,PT_WAP_SUB,,_Z,,Y,,_T,,Y15T64,,_Z,,Q,,2026-Q1,,71.29935,,,,A,,0,,1,
DATAFLOW,OECD.SDD.TPS:DSD_LFS@DF_IALFS_EMP_WAP_Q(1.0),,I,FRA,,EMP_WAP,,PT_WAP_SUB,,_Z,,Y,,_T,,Y15T64,,_Z,,Q,,2003-Q1,,66.11376,,,,A,,0,,1,
DATAFLOW,OECD.SDD.TPS:DSD_LFS@DF_IALFS_EMP_WAP_Q(1.0),,I,FRA,,EMP_WAP,,PT_WAP_SUB,,_Z,,Y,,_T,,Y15T64,,_Z,,Q,,2003-Q2,,65.82122,,,,A,,0,,1,
DATAFLOW,OECD.SDD.TPS:DSD_LFS@DF_IALFS_EMP_WAP_Q(1.0),,I,FRA,,EMP_WAP,,PT_WAP_SUB,,_Z,,Y,,_T,,Y15T64,,_Z,,Q,,2003-Q3,,65.87113,,,,A,,0,,1,
DATAFLOW,OECD.SDD.TPS:DSD_LFS@DF_IALFS_EMP_WAP_Q(1.0),,I,FRA,,EMP_WAP,,PT_WAP_SUB,,_Z,,Y,,_T,,Y15T64,,_Z,,Q,,2003-Q4,,65.68842,,,,A,,0,,1,
DATAFLOW,OECD.SDD.TPS:DSD_LFS@DF_IALFS_EMP_WAP_Q(1.0),,I,FRA,,EMP_WAP,,PT_WAP_SUB,,_Z,,Y,,_T,,Y15T64,,_Z,,Q,,2004-Q1,,65.64312,,,,A,,0,,1,
DATAFLOW,OECD.SDD.TPS:DSD_LFS@DF_IALFS_EMP_WAP_Q(1.0),,I,FRA,,EMP_WAP,,PT_WAP_SUB,,_Z,,Y,,_T,,Y15T64,,_Z,,Q,,2004-Q2,,65.6799,,,,A,,0,,1,
DATAFLOW,OECD.SDD.TPS:DSD_LFS@DF_IALFS_EMP_WAP_Q(1.0),,I,FRA,,EMP_WAP,,PT_WAP_SUB,,_Z,,Y,,_T,,Y15T64,,_Z,,Q,,2004-Q3,,65.73042,,,,A,,0,,1,
DATAFLOW,OECD.SDD.TPS:DSD_LFS@DF_IALFS_EMP_WAP_Q(1.0),,I,FRA,,EMP_WAP,,PT_WAP_SUB,,_Z,,Y,,_T,,Y15T64,,_Z,,Q,,2004-Q4,,65.66588,,,,A,,0,,1,
DATAFLOW,OECD.SDD.TPS:DSD_LFS@DF_IALFS_EMP_WAP_Q(1.0),,I,FRA,,EMP_WAP,,PT_WAP_SUB,,_Z,,Y,,_T,,Y15T64,,_Z,,Q,,2005-Q1,,65.78159,,,,A,,0,,1,
DATAFLOW,OECD.SDD.TPS:DSD_LFS@DF_IALFS_EMP_WAP_Q(1.0),,I,FRA,,EMP_WAP,,PT_WAP_SUB,,_Z,,Y,,_T,,Y15T64,,_Z,,Q,,2005-Q2,,65.73136,,,,A,,0,,1,
DATAFLOW,OECD.SDD.TPS:DSD_LFS@DF_IALFS_EMP_WAP_Q(1.0),,I,FRA,,EMP_WAP,,PT_WAP_SUB,,_Z,,Y,,_T,,Y15T64,,_Z,,Q,,2005-Q3,,65.5546,,,,A,,0,,1,
DATAFLOW,OECD.SDD.TPS:DSD_LFS@DF_IALFS_EMP_WAP_Q(1.0),,I,FRA,,EMP_WAP,,PT_WAP_SUB,,_Z,,Y,,_T,,Y15T64,,_Z,,Q,,2005-Q4,,65.43313,,,,A,,0,,1,
DATAFLOW,OECD.SDD.TPS:DSD_LFS@DF_IALFS_EMP_WAP_Q(1.0),,I,FRA,,EMP_WAP,,PT_WAP_SUB,,_Z,,Y,,_T,,Y15T64,,_Z,,Q,,2006-Q1,,65.41635,,,,A,,0,,1,
DATAFLOW,OECD.SDD.TPS:DSD_LFS@DF_IALFS_EMP_WAP_Q(1.0),,I,FRA,,EMP_WAP,,PT_WAP_SUB,,_Z,,Y,,_T,,Y15T64,,_Z,,Q,,2006-Q2,,65.43161,,,,A,,0,,1,
DATAFLOW,OECD.SDD.TPS:DSD_LFS@DF_IALFS_EMP_WAP_Q(1.0),,I,FRA,,EMP_WAP,,PT_WAP_SUB,,_Z,,Y,,_T,,Y15T64,,_Z,,Q,,2006-Q3,,65.71057,,,,A,,0,,1,
DATAFLOW,OECD.SDD.TPS:DSD_LFS@DF_IALFS_EMP_WAP_Q(1.0),,I,FRA,,EMP_WAP,,PT_WAP_SUB,,_Z,,Y,,_T,,Y15T64,,_Z,,Q,,2006-Q4,,65.8708,,,,A,,0,,1,
DATAFLOW,OECD.SDD.TPS:DSD_LFS@DF_IALFS_EMP_WAP_Q(1.0),,I,FRA,,EMP_WAP,,PT_WAP_SUB,,_Z,,Y,,_T,,Y15T64,,_Z,,Q,,2007-Q1,,65.89423,,,,A,,0,,1,
DATAFLOW,OECD.SDD.TPS:DSD_LFS@DF_IALFS_EMP_WAP_Q(1.0),,I,FRA,,EMP_WAP,,PT_WAP_SUB,,_Z,,Y,,_T,,Y15T64,,_Z,,Q,,2007-Q2,,66.12291,,,,A,,0,,1,
DATAFLOW,OECD.SDD.TPS:DSD_LFS@DF_IALFS_EMP_WAP_Q(1.0),,I,FRA,,EMP_WAP,,PT_WAP_SUB,,_Z,,Y,,_T,,Y15T64,,_Z,,Q,,2007-Q3,,66.34364,,,,A,,0,,1,
DATAFLOW,OECD.SDD.TPS:DSD_LFS@DF_IALFS_EMP_WAP_Q(1.0),,I,FRA,,EMP_WAP,,PT_WAP_SUB,,_Z,,Y,,_T,,Y15T64,,_Z,,Q,,2007-Q4,,66.6357,,,,A,,0,,1,
DATAFLOW,OECD.SDD.TPS:DSD_LFS@DF_IALFS_EMP_WAP_Q(1.0),,I,FRA,,EMP_WAP,,PT_WAP_SUB,,_Z,,Y,,_T,,Y15T64,,_Z,,Q,,2008-Q1,,66.8596,,,,A,,0,,1,
DATAFLOW,OECD.SDD.TPS:DSD_LFS@DF_IALFS_EMP_WAP_Q(1.0),,I,FRA,,EMP_WAP,,PT_WAP_SUB,,_Z,,Y,,_T,,Y15T64,,_Z,,Q,,2008-Q2,,66.84519,,,,A,,0,,1,
DATAFLOW,OECD.SDD.TPS:DSD_LFS@DF_IALFS_EMP_WAP_Q(1.0),,I,FRA,,EMP_WAP,,PT_WAP_SUB,,_Z,,Y,,_T,,Y15T64,,_Z,,Q,,2008-Q3,,66.80508,,,,A,,0,,1,
DATAFLOW,OECD.SDD.TPS:DSD_LFS@DF_IALFS_EMP_WAP_Q(1.0),,I,FRA,,EMP_WAP,,PT_WAP_SUB,,_Z,,Y,,_T,,Y15T64,,_Z,,Q,,2008-Q4,,66.83272,,,,A,,0,,1,
DATAFLOW,OECD.SDD.TPS:DSD_LFS@DF_IALFS_EMP_WAP_Q(1.0),,I,FRA,,EMP_WAP,,PT_WAP_SUB,,_Z,,Y,,_T,,Y15T64,,_Z,,Q,,2009-Q1,,64.81433,,,,A,,0,,1,
DATAFLOW,OECD.SDD.TPS:DSD_LFS@DF_IALFS_EMP_WAP_Q(1.0),,I,FRA,,EMP_WAP,,PT_WAP_SUB,,_Z,,Y,,_T,,Y15T64,,_Z,,Q,,2009-Q2,,64.58228,,,,A,,0,,1,
DATAFLOW,OECD.SDD.TPS:DSD_LFS@DF_IALFS_EMP_WAP_Q(1.0),,I,FRA,,EMP_WAP,,PT_WAP_SUB,,_Z,,Y,,_T,,Y15T64,,_Z,,Q,,2009-Q3,,64.27223,,,,A,,0,,1,
DATAFLOW,OECD.SDD.TPS:DSD_LFS@DF_IALFS_EMP_WAP_Q(1.0),,I,FRA,,EMP_WAP,,PT_WAP_SUB,,_Z,,Y,,_T,,Y15T64,,_Z,,Q,,2009-Q4,,64.13734,,,,A,,0,,1,
DATAFLOW,OECD.SDD.TPS:DSD_LFS@DF_IALFS_EMP_WAP_Q(1.0),,I,FRA,,EMP_WAP,,PT_WAP_SUB,,_Z,,Y,,_T,,Y15T64,,_Z,,Q,,2010-Q1,,64.3989,,,,A,,0,,1,
DATAFLOW,OECD.SDD.TPS:DSD_LFS@DF_IALFS_EMP_WAP_Q(1.0),,I,FRA,,EMP_WAP,,PT_WAP_SUB,,_Z,,Y,,_T,,Y15T64,,_Z,,Q,,2010-Q2,,64.36841,,,,A,,0,,1,
DATAFLOW,OECD.SDD.TPS:DSD_LFS@DF_IALFS_EMP_WAP_Q(1.0),,I,FRA,,EMP_WAP,,PT_WAP_SUB,,_Z,,Y,,_T,,Y15T64,,_Z,,Q,,2010-Q3,,64.40907,,,,A,,0,,1,
DATAFLOW,OECD.SDD.TPS:DSD_LFS@DF_IALFS_EMP_WAP_Q(1.0),,I,FRA,,EMP_WAP,,PT_WAP_SUB,,_Z,,Y,,_T,,Y15T64,,_Z,,Q,,2010-Q4,,64.29876,,,,A,,0,,1,
DATAFLOW,OECD.SDD.TPS:DSD_LFS@DF_IALFS_EMP_WAP_Q(1.0),,I,FRA,,EMP_WAP,,PT_WAP_SUB,,_Z,,Y,,_T,,Y15T64,,_Z,,Q,,2011-Q1,,64.27921,,,,A,,0,,1,
DATAFLOW,OECD.SDD.TPS:DSD_LFS@DF_IALFS_EMP_WAP_Q(1.0),,I,FRA,,EMP_WAP,,PT_WAP_SUB,,_Z,,Y,,_T,,Y15T64,,_Z,,Q,,2011-Q2,,64.33209,,,,A,,0,,1,
DATAFLOW,OECD.SDD.TPS:DSD_LFS@DF_IALFS_EMP_WAP_Q(1.0),,I,FRA,,EMP_WAP,,PT_WAP_SUB,,_Z,,Y,,_T,,Y15T64,,_Z,,Q,,2011-Q3,,64.22423,,,,A,,0,,1,
DATAFLOW,OECD.SDD.TPS:DSD_LFS@DF_IALFS_EMP_WAP_Q(1.0),,I,FRA,,EMP_WAP,,PT_WAP_SUB,,_Z,,Y,,_T,,Y15T64,,_Z,,Q,,2011-Q4,,64.23931,,,,A,,0,,1,
DATAFLOW,OECD.SDD.TPS:DSD_LFS@DF_IALFS_EMP_WAP_Q(1.0),,I,FRA,,EMP_WAP,,PT_WAP_SUB,,_Z,,Y,,_T,,Y15T64,,_Z,,Q,,2012-Q1,,64.27596,,,,A,,0,,1,
DATAFLOW,OECD.SDD.TPS:DSD_LFS@DF_IALFS_EMP_WAP_Q(1.0),,I,FRA,,EMP_WAP,,PT_WAP_SUB,,_Z,,Y,,_T,,Y15T64,,_Z,,Q,,2012-Q2,,64.3656,,,,A,,0,,1,
DATAFLOW,OECD.SDD.TPS:DSD_LFS@DF_IALFS_EMP_WAP_Q(1.0),,I,FRA,,EMP_WAP,,PT_WAP_SUB,,_Z,,Y,,_T,,Y15T64,,_Z,,Q,,2012-Q3,,64.39851,,,,A,,0,,1,
DATAFLOW,OECD.SDD.TPS:DSD_LFS@DF_IALFS_EMP_WAP_Q(1.0),,I,FRA,,EMP_WAP,,PT_WAP_SUB,,_Z,,Y,,_T,,Y15T64,,_Z,,Q,,2012-Q4,,64.48376,,,,A,,0,,1,
DATAFLOW,OECD.SDD.TPS:DSD_LFS@DF_IALFS_EMP_WAP_Q(1.0),,I,FRA,,EMP_WAP,,PT_WAP_SUB,,_Z,,Y,,_T,,Y15T64,,_Z,,Q,,2013-Q1,,64.2768,,,,A,,0,,1,
DATAFLOW,OECD.SDD.TPS:DSD_LFS@DF_IALFS_EMP_WAP_Q(1.0),,I,FRA,,EMP_WAP,,PT_WAP_SUB,,_Z,,Y,,_T,,Y15T64,,_Z,,Q,,2013-Q2,,64.36168,,,,A,,0,,1,
DATAFLOW,OECD.SDD.TPS:DSD_LFS@DF_IALFS_EMP_WAP_Q(1.0),,I,FRA,,EMP_WAP,,PT_WAP_SUB,,_Z,,Y,,_T,,Y15T64,,_Z,,Q,,2013-Q3,,64.51028,,,,A,,0,,1,
DATAFLOW,OECD.SDD.TPS:DSD_LFS@DF_IALFS_EMP_WAP_Q(1.0),,I,FRA,,EMP_WAP,,PT_WAP_SUB,,_Z,,Y,,_T,,Y15T64,,_Z,,Q,,2013-Q4,,64.4696,,,,A,,0,,1,
DATAFLOW,OECD.SDD.TPS:DSD_LFS@DF_IALFS_EMP_WAP_Q(1.0),,I,FRA,,EMP_WAP,,PT_WAP_SUB,,_Z,,Y,,_T,,Y15T64,,_Z,,Q,,2014-Q1,,64.60596,,,,A,,0,,1,
DATAFLOW,OECD.SDD.TPS:DSD_LFS@DF_IALFS_EMP_WAP_Q(1.0),,I,FRA,,EMP_WAP,,PT_WAP_SUB,,_Z,,Y,,_T,,Y15T64,,_Z,,Q,,2014-Q2,,64.56766,,,,A,,0,,1,
DATAFLOW,OECD.SDD.TPS:DSD_LFS@DF_IALFS_EMP_WAP_Q(1.0),,I,FRA,,EMP_WAP,,PT_WAP_SUB,,_Z,,Y,,_T,,Y15T64,,_Z,,Q,,2014-Q3,,64.43001,,,,A,,0,,1,
DATAFLOW,OECD.SDD.TPS:DSD_LFS@DF_IALFS_EMP_WAP_Q(1.0),,I,FRA,,EMP_WAP,,PT_WAP_SUB,,_Z,,Y,,_T,,Y15T64,,_Z,,Q,,2014-Q4,,64.50904,,,,A,,0,,1,
DATAFLOW,OECD.SDD.TPS:DSD_LFS@DF_IALFS_EMP_WAP_Q(1.0),,I,FRA,,EMP_WAP,,PT_WAP_SUB,,_Z,,Y,,_T,,Y15T64,,_Z,,Q,,2015-Q1,,64.59627,,,,A,,0,,1,
DATAFLOW,OECD.SDD.TPS:DSD_LFS@DF_IALFS_EMP_WAP_Q(1.0),,I,FRA,,EMP_WAP,,PT_WAP_SUB,,_Z,,Y,,_T,,Y15T64,,_Z,,Q,,2015-Q2,,64.58474,,,,A,,0,,1,
DATAFLOW,OECD.SDD.TPS:DSD_LFS@DF_IALFS_EMP_WAP_Q(1.0),,I,FRA,,EMP_WAP,,PT_WAP_SUB,,_Z,,Y,,_T,,Y15T64,,_Z,,Q,,2015-Q3,,64.79208,,,,A,,0,,1,
DATAFLOW,OECD.SDD.TPS:DSD_LFS@DF_IALFS_EMP_WAP_Q(1.0),,I,FRA,,EMP_WAP,,PT_WAP_SUB,,_Z,,Y,,_T,,Y15T64,,_Z,,Q,,2015-Q4,,64.76865,,,,A,,0,,1,
DATAFLOW,OECD.SDD.TPS:DSD_LFS@DF_IALFS_EMP_WAP_Q(1.0),,I,FRA,,EMP_WAP,,PT_WAP_SUB,,_Z,,Y,,_T,,Y15T64,,_Z,,Q,,2016-Q1,,64.95262,,,,A,,0,,1,
DATAFLOW,OECD.SDD.TPS:DSD_LFS@DF_IALFS_EMP_WAP_Q(1.0),,I,FRA,,EMP_WAP,,PT_WAP_SUB,,_Z,,Y,,_T,,Y15T64,,_Z,,Q,,2016-Q2,,64.9715,,,,A,,0,,1,
DATAFLOW,OECD.SDD.TPS:DSD_LFS@DF_IALFS_EMP_WAP_Q(1.0),,I,FRA,,EMP_WAP,,PT_WAP_SUB,,_Z,,Y,,_T,,Y15T64,,_Z,,Q,,2016-Q3,,65.09553,,,,A,,0,,1,
DATAFLOW,OECD.SDD.TPS:DSD_LFS@DF_IALFS_EMP_WAP_Q(1.0),,I,FRA,,EMP_WAP,,PT_WAP_SUB,,_Z,,Y,,_T,,Y15T64,,_Z,,Q,,2016-Q4,,64.99439,,,,A,,0,,1,
DATAFLOW,OECD.SDD.TPS:DSD_LFS@DF_IALFS_EMP_WAP_Q(1.0),,I,FRA,,EMP_WAP,,PT_WAP_SUB,,_Z,,Y,,_T,,Y15T64,,_Z,,Q,,2017-Q1,,65.06953,,,,A,,0,,1,
DATAFLOW,OECD.SDD.TPS:DSD_LFS@DF_IALFS_EMP_WAP_Q(1.0),,I,FRA,,EMP_WAP,,PT_WAP_SUB,,_Z,,Y,,_T,,Y15T64,,_Z,,Q,,2017-Q2,,65.61603,,,,A,,0,,1,
DATAFLOW,OECD.SDD.TPS:DSD_LFS@DF_IALFS_EMP_WAP_Q(1.0),,I,FRA,,EMP_WAP,,PT_WAP_SUB,,_Z,,Y,,_T,,Y15T64,,_Z,,Q,,2017-Q3,,65.56036,,,,A,,0,,1,
DATAFLOW,OECD.SDD.TPS:DSD_LFS@DF_IALFS_EMP_WAP_Q(1.0),,I,FRA,,EMP_WAP,,PT_WAP_SUB,,_Z,,Y,,_T,,Y15T64,,_Z,,Q,,2017-Q4,,65.99098,,,,A,,0,,1,
DATAFLOW,OECD.SDD.TPS:DSD_LFS@DF_IALFS_EMP_WAP_Q(1.0),,I,FRA,,EMP_WAP,,PT_WAP_SUB,,_Z,,Y,,_T,,Y15T64,,_Z,,Q,,2018-Q1,,65.94707,,,,A,,0,,1,
DATAFLOW,OECD.SDD.TPS:DSD_LFS@DF_IALFS_EMP_WAP_Q(1.0),,I,FRA,,EMP_WAP,,PT_WAP_SUB,,_Z,,Y,,_T,,Y15T64,,_Z,,Q,,2018-Q2,,66.04149,,,,A,,0,,1,
DATAFLOW,OECD.SDD.TPS:DSD_LFS@DF_IALFS_EMP_WAP_Q(1.0),,I,FRA,,EMP_WAP,,PT_WAP_SUB,,_Z,,Y,,_T,,Y15T64,,_Z,,Q,,2018-Q3,,66.25269,,,,A,,0,,1,
DATAFLOW,OECD.SDD.TPS:DSD_LFS@DF_IALFS_EMP_WAP_Q(1.0),,I,FRA,,EMP_WAP,,PT_WAP_SUB,,_Z,,Y,,_T,,Y15T64,,_Z,,Q,,2018-Q4,,66.3325,,,,A,,0,,1,
DATAFLOW,OECD.SDD.TPS:DSD_LFS@DF_IALFS_EMP_WAP_Q(1.0),,I,FRA,,EMP_WAP,,PT_WAP_SUB,,_Z,,Y,,_T,,Y15T64,,_Z,,Q,,2019-Q1,,66.29167,,,,A,,0,,1,
DATAFLOW,OECD.SDD.TPS:DSD_LFS@DF_IALFS_EMP_WAP_Q(1.0),,I,FRA,,EMP_WAP,,PT_WAP_SUB,,_Z,,Y,,_T,,Y15T64,,_Z,,Q,,2019-Q2,,66.3604,,,,A,,0,,1,
DATAFLOW,OECD.SDD.TPS:DSD_LFS@DF_IALFS_EMP_WAP_Q(1.0),,I,FRA,,EMP_WAP,,PT_WAP_SUB,,_Z,,Y,,_T,,Y15T64,,_Z,,Q,,2019-Q3,,66.15987,,,,A,,0,,1,
DATAFLOW,OECD.SDD.TPS:DSD_LFS@DF_IALFS_EMP_WAP_Q(1.0),,I,FRA,,EMP_WAP,,PT_WAP_SUB,,_Z,,Y,,_T,,Y15T64,,_Z,,Q,,2019-Q4,,66.74541,,,,A,,0,,1,
DATAFLOW,OECD.SDD.TPS:DSD_LFS@DF_IALFS_EMP_WAP_Q(1.0),,I,FRA,,EMP_WAP,,PT_WAP_SUB,,_Z,,Y,,_T,,Y15T64,,_Z,,Q,,2020-Q1,,66.79781,,,,A,,0,,1,
DATAFLOW,OECD.SDD.TPS:DSD_LFS@DF_IALFS_EMP_WAP_Q(1.0),,I,FRA,,EMP_WAP,,PT_WAP_SUB,,_Z,,Y,,_T,,Y15T64,,_Z,,Q,,2020-Q2,,65.26874,,,,A,,0,,1,
DATAFLOW,OECD.SDD.TPS:DSD_LFS@DF_IALFS_EMP_WAP_Q(1.0),,I,FRA,,EMP_WAP,,PT_WAP_SUB,,_Z,,Y,,_T,,Y15T64,,_Z,,Q,,2020-Q3,,65.89161,,,,A,,0,,1,
DATAFLOW,OECD.SDD.TPS:DSD_LFS@DF_IALFS_EMP_WAP_Q(1.0),,I,FRA,,EMP_WAP,,PT_WAP_SUB,,_Z,,Y,,_T,,Y15T64,,_Z,,Q,,2020-Q4,,66.50338,,,,A,,0,,1,
DATAFLOW,OECD.SDD.TPS:DSD_LFS@DF_IALFS_EMP_WAP_Q(1.0),,I,FRA,,EMP_WAP,,PT_WAP_SUB,,_Z,,Y,,_T,,Y15T64,,_Z,,Q,,2021-Q1,,66.52518,,,,A,,0,,1,
DATAFLOW,OECD.SDD.TPS:DSD_LFS@DF_IALFS_EMP_WAP_Q(1.0),,I,FRA,,EMP_WAP,,PT_WAP_SUB,,_Z,,Y,,_T,,Y15T64,,_Z,,Q,,2021-Q2,,66.97737,,,,A,,0,,1,
DATAFLOW,OECD.SDD.TPS:DSD_LFS@DF_IALFS_EMP_WAP_Q(1.0),,I,FRA,,EMP_WAP,,PT_WAP_SUB,,_Z,,Y,,_T,,Y15T64,,_Z,,Q,,2021-Q3,,67.63358,,,,A,,0,,1,
DATAFLOW,OECD.SDD.TPS:DSD_LFS@DF_IALFS_EMP_WAP_Q(1.0),,I,FRA,,EMP_WAP,,PT_WAP_SUB,,_Z,,Y,,_T,,Y15T64,,_Z,,Q,,2021-Q4,,67.84615,,,,A,,0,,1,
DATAFLOW,OECD.SDD.TPS:DSD_LFS@DF_IALFS_EMP_WAP_Q(1.0),,I,FRA,,EMP_WAP,,PT_WAP_SUB,,_Z,,Y,,_T,,Y15T64,,_Z,,Q,,2022-Q1,,67.86317,,,,A,,0,,1,
DATAFLOW,OECD.SDD.TPS:DSD_LFS@DF_IALFS_EMP_WAP_Q(1.0),,I,FRA,,EMP_WAP,,PT_WAP_SUB,,_Z,,Y,,_T,,Y15T64,,_Z,,Q,,2022-Q2,,67.9762,,,,A,,0,,1,
DATAFLOW,OECD.SDD.TPS:DSD_LFS@DF_IALFS_EMP_WAP_Q(1.0),,I,FRA,,EMP_WAP,,PT_WAP_SUB,,_Z,,Y,,_T,,Y15T64,,_Z,,Q,,2022-Q3,,68.35574,,,,A,,0,,1,
DATAFLOW,OECD.SDD.TPS:DSD_LFS@DF_IALFS_EMP_WAP_Q(1.0),,I,FRA,,EMP_WAP,,PT_WAP_SUB,,_Z,,Y,,_T,,Y15T64,,_Z,,Q,,2022-Q4,,68.37524,,,,A,,0,,1,
DATAFLOW,OECD.SDD.TPS:DSD_LFS@DF_IALFS_EMP_WAP_Q(1.0),,I,FRA,,EMP_WAP,,PT_WAP_SUB,,_Z,,Y,,_T,,Y15T64,,_Z,,Q,,2023-Q1,,68.48106,,,,A,,0,,1,
DATAFLOW,OECD.SDD.TPS:DSD_LFS@DF_IALFS_EMP_WAP_Q(1.0),,I,FRA,,EMP_WAP,,PT_WAP_SUB,,_Z,,Y,,_T,,Y15T64,,_Z,,Q,,2023-Q2,,68.43233,,,,A,,0,,1,
DATAFLOW,OECD.SDD.TPS:DSD_LFS@DF_IALFS_EMP_WAP_Q(1.0),,I,FRA,,EMP_WAP,,PT_WAP_SUB,,_Z,,Y,,_T,,Y15T64,,_Z,,Q,,2023-Q3,,68.3798,,,,A,,0,,1,
DATAFLOW,OECD.SDD.TPS:DSD_LFS@DF_IALFS_EMP_WAP_Q(1.0),,I,FRA,,EMP_WAP,,PT_WAP_SUB,,_Z,,Y,,_T,,Y15T64,,_Z,,Q,,2023-Q4,,68.45443,,,,A,,0,,1,
DATAFLOW,OECD.SDD.TPS:DSD_LFS@DF_IALFS_EMP_WAP_Q(1.0),,I,FRA,,EMP_WAP,,PT_WAP_SUB,,_Z,,Y,,_T,,Y15T64,,_Z,,Q,,2024-Q1,,68.73598,,,,A,,0,,1,
DATAFLOW,OECD.SDD.TPS:DSD_LFS@DF_IALFS_EMP_WAP_Q(1.0),,I,FRA,,EMP_WAP,,PT_WAP_SUB,,_Z,,Y,,_T,,Y15T64,,_Z,,Q,,2024-Q2,,68.9125,,,,A,,0,,1,
DATAFLOW,OECD.SDD.TPS:DSD_LFS@DF_IALFS_EMP_WAP_Q(1.0),,I,FRA,,EMP_WAP,,PT_WAP_SUB,,_Z,,Y,,_T,,Y15T64,,_Z,,Q,,2024-Q3,,69.20305,,,,A,,0,,1,
DATAFLOW,OECD.SDD.TPS:DSD_LFS@DF_IALFS_EMP_WAP_Q(1.0),,I,FRA,,EMP_WAP,,PT_WAP_SUB,,_Z,,Y,,_T,,Y15T64,,_Z,,Q,,2024-Q4,,69.00613,,,,A,,0,,1,
DATAFLOW,OECD.SDD.TPS:DSD_LFS@DF_IALFS_EMP_WAP_Q(1.0),,I,FRA,,EMP_WAP,,PT_WAP_SUB,,_Z,,Y,,_T,,Y15T64,,_Z,,Q,,2025-Q1,,69.42776,,,,A,,0,,1,
DATAFLOW,OECD.SDD.TPS:DSD_LFS@DF_IALFS_EMP_WAP_Q(1.0),,I,FRA,,EMP_WAP,,PT_WAP_SUB,,_Z,,Y,,_T,,Y15T64,,_Z,,Q,,2025-Q2,,69.51801,,,,A,,0,,1,
DATAFLOW,OECD.SDD.TPS:DSD_LFS@DF_IALFS_EMP_WAP_Q(1.0),,I,FRA,,EMP_WAP,,PT_WAP_SUB,,_Z,,Y,,_T,,Y15T64,,_Z,,Q,,2025-Q3,,69.41864,,,,A,,0,,1,
DATAFLOW,OECD.SDD.TPS:DSD_LFS@DF_IALFS_EMP_WAP_Q(1.0),,I,FRA,,EMP_WAP,,PT_WAP_SUB,,_Z,,Y,,_T,,Y15T64,,_Z,,Q,,2025-Q4,,69.35757,,,,A,,0,,1,
DATAFLOW,OECD.SDD.TPS:DSD_LFS@DF_IALFS_EMP_WAP_Q(1.0),,I,FRA,,EMP_WAP,,PT_WAP_SUB,,_Z,,Y,,_T,,Y15T64,,_Z,,Q,,2026-Q1,,69.4365,,,,A,,0,,1,
DATAFLOW,OECD.SDD.TPS:DSD_LFS@DF_IALFS_EMP_WAP_Q(1.0),,I,ISL,,EMP_WAP,,PT_WAP_SUB,,_Z,,Y,,_T,,Y15T64,,_Z,,Q,,2003-Q1,,83.17052,,,,A,,0,,1,
DATAFLOW,OECD.SDD.TPS:DSD_LFS@DF_IALFS_EMP_WAP_Q(1.0),,I,ISL,,EMP_WAP,,PT_WAP_SUB,,_Z,,Y,,_T,,Y15T64,,_Z,,Q,,2003-Q2,,83.31832,,,,A,,0,,1,
DATAFLOW,OECD.SDD.TPS:DSD_LFS@DF_IALFS_EMP_WAP_Q(1.0),,I,ISL,,EMP_WAP,,PT_WAP_SUB,,_Z,,Y,,_T,,Y15T64,,_Z,,Q,,2003-Q3,,83.93375,,,,A,,0,,1,
DATAFLOW,OECD.SDD.TPS:DSD_LFS@DF_IALFS_EMP_WAP_Q(1.0),,I,ISL,,EMP_WAP,,PT_WAP_SUB,,_Z,,Y,,_T,,Y15T64,,_Z,,Q,,2003-Q4,,82.58835,,,,A,,0,,1,
DATAFLOW,OECD.SDD.TPS:DSD_LFS@DF_IALFS_EMP_WAP_Q(1.0),,I,ISL,,EMP_WAP,,PT_WAP_SUB,,_Z,,Y,,_T,,Y15T64,,_Z,,Q,,2004-Q1,,82.20611,,,,A,,0,,1,
DATAFLOW,OECD.SDD.TPS:DSD_LFS@DF_IALFS_EMP_WAP_Q(1.0),,I,ISL,,EMP_WAP,,PT_WAP_SUB,,_Z,,Y,,_T,,Y15T64,,_Z,,Q,,2004-Q2,,82.07141,,,,A,,0,,1,
DATAFLOW,OECD.SDD.TPS:DSD_LFS@DF_IALFS_EMP_WAP_Q(1.0),,I,ISL,,EMP_WAP,,PT_WAP_SUB,,_Z,,Y,,_T,,Y15T64,,_Z,,Q,,2004-Q3,,82.2841,,,,A,,0,,1,
DATAFLOW,OECD.SDD.TPS:DSD_LFS@DF_IALFS_EMP_WAP_Q(1.0),,I,ISL,,EMP_WAP,,PT_WAP_SUB,,_Z,,Y,,_T,,Y15T64,,_Z,,Q,,2004-Q4,,82.57493,,,,A,,0,,1,
DATAFLOW,OECD.SDD.TPS:DSD_LFS@DF_IALFS_EMP_WAP_Q(1.0),,I,ISL,,EMP_WAP,,PT_WAP_SUB,,_Z,,Y,,_T,,Y15T64,,_Z,,Q,,2005-Q1,,83.19308,,,,A,,0,,1,
DATAFLOW,OECD.SDD.TPS:DSD_LFS@DF_IALFS_EMP_WAP_Q(1.0),,I,ISL,,EMP_WAP,,PT_WAP_SUB,,_Z,,Y,,_T,,Y15T64,,_Z,,Q,,2005-Q2,,83.77869,,,,A,,0,,1,
DATAFLOW,OECD.SDD.TPS:DSD_LFS@DF_IALFS_EMP_WAP_Q(1.0),,I,ISL,,EMP_WAP,,PT_WAP_SUB,,_Z,,Y,,_T,,Y15T64,,_Z,,Q,,2005-Q3,,83.47967,,,,A,,0,,1,
DATAFLOW,OECD.SDD.TPS:DSD_LFS@DF_IALFS_EMP_WAP_Q(1.0),,I,ISL,,EMP_WAP,,PT_WAP_SUB,,_Z,,Y,,_T,,Y15T64,,_Z,,Q,,2005-Q4,,84.13386,,,,A,,0,,1,
DATAFLOW,OECD.SDD.TPS:DSD_LFS@DF_IALFS_EMP_WAP_Q(1.0),,I,ISL,,EMP_WAP,,PT_WAP_SUB,,_Z,,Y,,_T,,Y15T64,,_Z,,Q,,2006-Q1,,84.27644,,,,A,,0,,1,
DATAFLOW,OECD.SDD.TPS:DSD_LFS@DF_IALFS_EMP_WAP_Q(1.0),,I,ISL,,EMP_WAP,,PT_WAP_SUB,,_Z,,Y,,_T,,Y15T64,,_Z,,Q,,2006-Q2,,84.49879,,,,A,,0,,1,
DATAFLOW,OECD.SDD.TPS:DSD_LFS@DF_IALFS_EMP_WAP_Q(1.0),,I,ISL,,EMP_WAP,,PT_WAP_SUB,,_Z,,Y,,_T,,Y15T64,,_Z,,Q,,2006-Q3,,84.61319,,,,A,,0,,1,
DATAFLOW,OECD.SDD.TPS:DSD_LFS@DF_IALFS_EMP_WAP_Q(1.0),,I,ISL,,EMP_WAP,,PT_WAP_SUB,,_Z,,Y,,_T,,Y15T64,,_Z,,Q,,2006-Q4,,84.98994,,,,A,,0,,1,
DATAFLOW,OECD.SDD.TPS:DSD_LFS@DF_IALFS_EMP_WAP_Q(1.0),,I,ISL,,EMP_WAP,,PT_WAP_SUB,,_Z,,Y,,_T,,Y15T64,,_Z,,Q,,2007-Q1,,85.95275,,,,A,,0,,1,
DATAFLOW,OECD.SDD.TPS:DSD_LFS@DF_IALFS_EMP_WAP_Q(1.0),,I,ISL,,EMP_WAP,,PT_WAP_SUB,,_Z,,Y,,_T,,Y15T64,,_Z,,Q,,2007-Q2,,84.87663,,,,A,,0,,1,
DATAFLOW,OECD.SDD.TPS:DSD_LFS@DF_IALFS_EMP_WAP_Q(1.0),,I,ISL,,EMP_WAP,,PT_WAP_SUB,,_Z,,Y,,_T,,Y15T64,,_Z,,Q,,2007-Q3,,84.92661,,,,A,,0,,1,
DATAFLOW,OECD.SDD.TPS:DSD_LFS@DF_IALFS_EMP_WAP_Q(1.0),,I,ISL,,EMP_WAP,,PT_WAP_SUB,,_Z,,Y,,_T,,Y15T64,,_Z,,Q,,2007-Q4,,84.85057,,,,A,,0,,1,
DATAFLOW,OECD.SDD.TPS:DSD_LFS@DF_IALFS_EMP_WAP_Q(1.0),,I,ISL,,EMP_WAP,,PT_WAP_SUB,,_Z,,Y,,_T,,Y15T64,,_Z,,Q,,2008-Q1,,84.29449,,,,A,,0,,1,
DATAFLOW,OECD.SDD.TPS:DSD_LFS@DF_IALFS_EMP_WAP_Q(1.0),,I,ISL,,EMP_WAP,,PT_WAP_SUB,,_Z,,Y,,_T,,Y15T64,,_Z,,Q,,2008-Q2,,84.54582,,,,A,,0,,1,
DATAFLOW,OECD.SDD.TPS:DSD_LFS@DF_IALFS_EMP_WAP_Q(1.0),,I,ISL,,EMP_WAP,,PT_WAP_SUB,,_Z,,Y,,_T,,Y15T64,,_Z,,Q,,2008-Q3,,83.38958,,,,A,,0,,1,
DATAFLOW,OECD.SDD.TPS:DSD_LFS@DF_IALFS_EMP_WAP_Q(1.0),,I,ISL,,EMP_WAP,,PT_WAP_SUB,,_Z,,Y,,_T,,Y15T64,,_Z,,Q,,2008-Q4,,82.20893,,,,A,,0,,1,
DATAFLOW,OECD.SDD.TPS:DSD_LFS@DF_IALFS_EMP_WAP_Q(1.0),,I,ISL,,EMP_WAP,,PT_WAP_SUB,,_Z,,Y,,_T,,Y15T64,,_Z,,Q,,2009-Q1,,78.40124,,,,A,,0,,1,
DATAFLOW,OECD.SDD.TPS:DSD_LFS@DF_IALFS_EMP_WAP_Q(1.0),,I,ISL,,EMP_WAP,,PT_WAP_SUB,,_Z,,Y,,_T,,Y15T64,,_Z,,Q,,2009-Q2,,77.97158,,,,A,,0,,1,
DATAFLOW,OECD.SDD.TPS:DSD_LFS@DF_IALFS_EMP_WAP_Q(1.0),,I,ISL,,EMP_WAP,,PT_WAP_SUB,,_Z,,Y,,_T,,Y15T64,,_Z,,Q,,2009-Q3,,78.53854,,,,A,,0,,1,
DATAFLOW,OECD.SDD.TPS:DSD_LFS@DF_IALFS_EMP_WAP_Q(1.0),,I,ISL,,EMP_WAP,,PT_WAP_SUB,,_Z,,Y,,_T,,Y15T64,,_Z,,Q,,2009-Q4,,78.33183,,,,A,,0,,1,
DATAFLOW,OECD.SDD.TPS:DSD_LFS@DF_IALFS_EMP_WAP_Q(1.0),,I,ISL,,EMP_WAP,,PT_WAP_SUB,,_Z,,Y,,_T,,Y15T64,,_Z,,Q,,2010-Q1,,78.41331,,,,A,,0,,1,
DATAFLOW,OECD.SDD.TPS:DSD_LFS@DF_IALFS_EMP_WAP_Q(1.0),,I,ISL,,EMP_WAP,,PT_WAP_SUB,,_Z,,Y,,_T,,Y15T64,,_Z,,Q,,2010-Q2,,78.24114,,,,A,,0,,1,
DATAFLOW,OECD.SDD.TPS:DSD_LFS@DF_IALFS_EMP_WAP_Q(1.0),,I,ISL,,EMP_WAP,,PT_WAP_SUB,,_Z,,Y,,_T,,Y15T64,,_Z,,Q,,2010-Q3,,77.48122,,,,A,,0,,1,
DATAFLOW,OECD.SDD.TPS:DSD_LFS@DF_IALFS_EMP_WAP_Q(1.0),,I,ISL,,EMP_WAP,,PT_WAP_SUB,,_Z,,Y,,_T,,Y15T64,,_Z,,Q,,2010-Q4,,78.30588,,,,A,,0,,1,
DATAFLOW,OECD.SDD.TPS:DSD_LFS@DF_IALFS_EMP_WAP_Q(1.0),,I,ISL,,EMP_WAP,,PT_WAP_SUB,,_Z,,Y,,_T,,Y15T64,,_Z,,Q,,2011-Q1,,78.45533,,,,A,,0,,1,
DATAFLOW,OECD.SDD.TPS:DSD_LFS@DF_IALFS_EMP_WAP_Q(1.0),,I,ISL,,EMP_WAP,,PT_WAP_SUB,,_Z,,Y,,_T,,Y15T64,,_Z,,Q,,2011-Q2,,78.45094,,,,A,,0,,1,
DATAFLOW,OECD.SDD.TPS:DSD_LFS@DF_IALFS_EMP_WAP_Q(1.0),,I,ISL,,EMP_WAP,,PT_WAP_SUB,,_Z,,Y,,_T,,Y15T64,,_Z,,Q,,2011-Q3,,78.11848,,,,A,,0,,1,
DATAFLOW,OECD.SDD.TPS:DSD_LFS@DF_IALFS_EMP_WAP_Q(1.0),,I,ISL,,EMP_WAP,,PT_WAP_SUB,,_Z,,Y,,_T,,Y15T64,,_Z,,Q,,2011-Q4,,78.74552,,,,A,,0,,1,
DATAFLOW,OECD.SDD.TPS:DSD_LFS@DF_IALFS_EMP_WAP_Q(1.0),,I,ISL,,EMP_WAP,,PT_WAP_SUB,,_Z,,Y,,_T,,Y15T64,,_Z,,Q,,2012-Q1,,78.81358,,,,A,,0,,1,
DATAFLOW,OECD.SDD.TPS:DSD_LFS@DF_IALFS_EMP_WAP_Q(1.0),,I,ISL,,EMP_WAP,,PT_WAP_SUB,,_Z,,Y,,_T,,Y15T64,,_Z,,Q,,2012-Q2,,79.63922,,,,A,,0,,1,
DATAFLOW,OECD.SDD.TPS:DSD_LFS@DF_IALFS_EMP_WAP_Q(1.0),,I,ISL,,EMP_WAP,,PT_WAP_SUB,,_Z,,Y,,_T,,Y15T64,,_Z,,Q,,2012-Q3,,80.02505,,,,A,,0,,1,
DATAFLOW,OECD.SDD.TPS:DSD_LFS@DF_IALFS_EMP_WAP_Q(1.0),,I,ISL,,EMP_WAP,,PT_WAP_SUB,,_Z,,Y,,_T,,Y15T64,,_Z,,Q,,2012-Q4,,80.25806,,,,A,,0,,1,
DATAFLOW,OECD.SDD.TPS:DSD_LFS@DF_IALFS_EMP_WAP_Q(1.0),,I,ISL,,EMP_WAP,,PT_WAP_SUB,,_Z,,Y,,_T,,Y15T64,,_Z,,Q,,2013-Q1,,80.07658,,,,A,,0,,1,
DATAFLOW,OECD.SDD.TPS:DSD_LFS@DF_IALFS_EMP_WAP_Q(1.0),,I,ISL,,EMP_WAP,,PT_WAP_SUB,,_Z,,Y,,_T,,Y15T64,,_Z,,Q,,2013-Q2,,80.63863,,,,A,,0,,1,
DATAFLOW,OECD.SDD.TPS:DSD_LFS@DF_IALFS_EMP_WAP_Q(1.0),,I,ISL,,EMP_WAP,,PT_WAP_SUB,,_Z,,Y,,_T,,Y15T64,,_Z,,Q,,2013-Q3,,81.77827,,,,A,,0,,1,
DATAFLOW,OECD.SDD.TPS:DSD_LFS@DF_IALFS_EMP_WAP_Q(1.0),,I,ISL,,EMP_WAP,,PT_WAP_SUB,,_Z,,Y,,_T,,Y15T64,,_Z,,Q,,2013-Q4,,81.788,,,,A,,0,,1,
DATAFLOW,OECD.SDD.TPS:DSD_LFS@DF_IALFS_EMP_WAP_Q(1.0),,I,ISL,,EMP_WAP,,PT_WAP_SUB,,_Z,,Y,,_T,,Y15T64,,_Z,,Q,,2014-Q1,,81.94442,,,,A,,0,,1,
DATAFLOW,OECD.SDD.TPS:DSD_LFS@DF_IALFS_EMP_WAP_Q(1.0),,I,ISL,,EMP_WAP,,PT_WAP_SUB,,_Z,,Y,,_T,,Y15T64,,_Z,,Q,,2014-Q2,,83.06167,,,,A,,0,,1,
DATAFLOW,OECD.SDD.TPS:DSD_LFS@DF_IALFS_EMP_WAP_Q(1.0),,I,ISL,,EMP_WAP,,PT_WAP_SUB,,_Z,,Y,,_T,,Y15T64,,_Z,,Q,,2014-Q3,,83.21376,,,,A,,0,,1,
DATAFLOW,OECD.SDD.TPS:DSD_LFS@DF_IALFS_EMP_WAP_Q(1.0),,I,ISL,,EMP_WAP,,PT_WAP_SUB,,_Z,,Y,,_T,,Y15T64,,_Z,,Q,,2014-Q4,,83.55415,,,,A,,0,,1,
DATAFLOW,OECD.SDD.TPS:DSD_LFS@DF_IALFS_EMP_WAP_Q(1.0),,I,ISL,,EMP_WAP,,PT_WAP_SUB,,_Z,,Y,,_T,,Y15T64,,_Z,,Q,,2015-Q1,,84.29733,,,,A,,0,,1,
DATAFLOW,OECD.SDD.TPS:DSD_LFS@DF_IALFS_EMP_WAP_Q(1.0),,I,ISL,,EMP_WAP,,PT_WAP_SUB,,_Z,,Y,,_T,,Y15T64,,_Z,,Q,,2015-Q2,,84.52375,,,,A,,0,,1,
DATAFLOW,OECD.SDD.TPS:DSD_LFS@DF_IALFS_EMP_WAP_Q(1.0),,I,ISL,,EMP_WAP,,PT_WAP_SUB,,_Z,,Y,,_T,,Y15T64,,_Z,,Q,,2015-Q3,,85.14675,,,,A,,0,,1,
DATAFLOW,OECD.SDD.TPS:DSD_LFS@DF_IALFS_EMP_WAP_Q(1.0),,I,ISL,,EMP_WAP,,PT_WAP_SUB,,_Z,,Y,,_T,,Y15T64,,_Z,,Q,,2015-Q4,,84.88662,,,,A,,0,,1,
DATAFLOW,OECD.SDD.TPS:DSD_LFS@DF_IALFS_EMP_WAP_Q(1.0),,I,ISL,,EMP_WAP,,PT_WAP_SUB,,_Z,,Y,,_T,,Y15T64,,_Z,,Q,,2016-Q1,,86.07408,,,,A,,0,,1,
DATAFLOW,OECD.SDD.TPS:DSD_LFS@DF_IALFS_EMP_WAP_Q(1.0),,I,ISL,,EMP_WAP,,PT_WAP_SUB,,_Z,,Y,,_T,,Y15T64,,_Z,,Q,,2016-Q2,,86.08905,,,,A,,0,,1,
DATAFLOW,OECD.SDD.TPS:DSD_LFS@DF_IALFS_EMP_WAP_Q(1.0),,I,ISL,,EMP_WAP,,PT_WAP_SUB,,_Z,,Y,,_T,,Y15T64,,_Z,,Q,,2016-Q3,,86.95734,,,,A,,0,,1,
DATAFLOW,OECD.SDD.TPS:DSD_LFS@DF_IALFS_EMP_WAP_Q(1.0),,I,ISL,,EMP_WAP,,PT_WAP_SUB,,_Z,,Y,,_T,,Y15T64,,_Z,,Q,,2016-Q4,,86.97862,,,,A,,0,,1,
DATAFLOW,OECD.SDD.TPS:DSD_LFS@DF_IALFS_EMP_WAP_Q(1.0),,I,ISL,,EMP_WAP,,PT_WAP_SUB,,_Z,,Y,,_T,,Y15T64,,_Z,,Q,,2017-Q1,,87.01613,,,,A,,0,,1,
DATAFLOW,OECD.SDD.TPS:DSD_LFS@DF_IALFS_EMP_WAP_Q(1.0),,I,ISL,,EMP_WAP,,PT_WAP_SUB,,_Z,,Y,,_T,,Y15T64,,_Z,,Q,,2017-Q2,,86.64919,,,,A,,0,,1,
DATAFLOW,OECD.SDD.TPS:DSD_LFS@DF_IALFS_EMP_WAP_Q(1.0),,I,ISL,,EMP_WAP,,PT_WAP_SUB,,_Z,,Y,,_T,,Y15T64,,_Z,,Q,,2017-Q3,,85.45597,,,,A,,0,,1,
DATAFLOW,OECD.SDD.TPS:DSD_LFS@DF_IALFS_EMP_WAP_Q(1.0),,I,ISL,,EMP_WAP,,PT_WAP_SUB,,_Z,,Y,,_T,,Y15T64,,_Z,,Q,,2017-Q4,,85.38681,,,,A,,0,,1,
DATAFLOW,OECD.SDD.TPS:DSD_LFS@DF_IALFS_EMP_WAP_Q(1.0),,I,ISL,,EMP_WAP,,PT_WAP_SUB,,_Z,,Y,,_T,,Y15T64,,_Z,,Q,,2018-Q1,,84.9893,,,,A,,0,,1,
DATAFLOW,OECD.SDD.TPS:DSD_LFS@DF_IALFS_EMP_WAP_Q(1.0),,I,ISL,,EMP_WAP,,PT_WAP_SUB,,_Z,,Y,,_T,,Y15T64,,_Z,,Q,,2018-Q2,,84.51176,,,,A,,0,,1,
DATAFLOW,OECD.SDD.TPS:DSD_LFS@DF_IALFS_EMP_WAP_Q(1.0),,I,ISL,,EMP_WAP,,PT_WAP_SUB,,_Z,,Y,,_T,,Y15T64,,_Z,,Q,,2018-Q3,,85.40344,,,,A,,0,,1,
DATAFLOW,OECD.SDD.TPS:DSD_LFS@DF_IALFS_EMP_WAP_Q(1.0),,I,ISL,,EMP_WAP,,PT_WAP_SUB,,_Z,,Y,,_T,,Y15T64,,_Z,,Q,,2018-Q4,,85.34594,,,,A,,0,,1,
DATAFLOW,OECD.SDD.TPS:DSD_LFS@DF_IALFS_EMP_WAP_Q(1.0),,I,ISL,,EMP_WAP,,PT_WAP_SUB,,_Z,,Y,,_T,,Y15T64,,_Z,,Q,,2019-Q1,,84.95972,,,,A,,0,,1,
DATAFLOW,OECD.SDD.TPS:DSD_LFS@DF_IALFS_EMP_WAP_Q(1.0),,I,ISL,,EMP_WAP,,PT_WAP_SUB,,_Z,,Y,,_T,,Y15T64,,_Z,,Q,,2019-Q2,,84.77496,,,,A,,0,,1,
DATAFLOW,OECD.SDD.TPS:DSD_LFS@DF_IALFS_EMP_WAP_Q(1.0),,I,ISL,,EMP_WAP,,PT_WAP_SUB,,_Z,,Y,,_T,,Y15T64,,_Z,,Q,,2019-Q3,,83.32185,,,,A,,0,,1,
DATAFLOW,OECD.SDD.TPS:DSD_LFS@DF_IALFS_EMP_WAP_Q(1.0),,I,ISL,,EMP_WAP,,PT_WAP_SUB,,_Z,,Y,,_T,,Y15T64,,_Z,,Q,,2019-Q4,,83.30922,,,,A,,0,,1,
DATAFLOW,OECD.SDD.TPS:DSD_LFS@DF_IALFS_EMP_WAP_Q(1.0),,I,ISL,,EMP_WAP,,PT_WAP_SUB,,_Z,,Y,,_T,,Y15T64,,_Z,,Q,,2020-Q1,,82.81876,,,,A,,0,,1,
DATAFLOW,OECD.SDD.TPS:DSD_LFS@DF_IALFS_EMP_WAP_Q(1.0),,I,ISL,,EMP_WAP,,PT_WAP_SUB,,_Z,,Y,,_T,,Y15T64,,_Z,,Q,,2020-Q2,,80.05898,,,,A,,0,,1,
DATAFLOW,OECD.SDD.TPS:DSD_LFS@DF_IALFS_EMP_WAP_Q(1.0),,I,ISL,,EMP_WAP,,PT_WAP_SUB,,_Z,,Y,,_T,,Y15T64,,_Z,,Q,,2020-Q3,,81.37234,,,,A,,0,,1,
DATAFLOW,OECD.SDD.TPS:DSD_LFS@DF_IALFS_EMP_WAP_Q(1.0),,I,ISL,,EMP_WAP,,PT_WAP_SUB,,_Z,,Y,,_T,,Y15T64,,_Z,,Q,,2020-Q4,,77.01412,,,,A,,0,,1,
DATAFLOW,OECD.SDD.TPS:DSD_LFS@DF_IALFS_EMP_WAP_Q(1.0),,I,ISL,,EMP_WAP,,PT_WAP_SUB,,_Z,,Y,,_T,,Y15T64,,_Z,,Q,,2021-Q1,,77.54307,,,,A,,0,,1,
DATAFLOW,OECD.SDD.TPS:DSD_LFS@DF_IALFS_EMP_WAP_Q(1.0),,I,ISL,,EMP_WAP,,PT_WAP_SUB,,_Z,,Y,,_T,,Y15T64,,_Z,,Q,,2021-Q2,,78.77019,,,,A,,0,,1,
DATAFLOW,OECD.SDD.TPS:DSD_LFS@DF_IALFS_EMP_WAP_Q(1.0),,I,ISL,,EMP_WAP,,PT_WAP_SUB,,_Z,,Y,,_T,,Y15T64,,_Z,,Q,,2021-Q3,,80.66459,,,,A,,0,,1,
DATAFLOW,OECD.SDD.TPS:DSD_LFS@DF_IALFS_EMP_WAP_Q(1.0),,I,ISL,,EMP_WAP,,PT_WAP_SUB,,_Z,,Y,,_T,,Y15T64,,_Z,,Q,,2021-Q4,,82.0274,,,,A,,0,,1,
DATAFLOW,OECD.SDD.TPS:DSD_LFS@DF_IALFS_EMP_WAP_Q(1.0),,I,ISL,,EMP_WAP,,PT_WAP_SUB,,_Z,,Y,,_T,,Y15T64,,_Z,,Q,,2022-Q1,,82.94011,,,,A,,0,,1,
DATAFLOW,OECD.SDD.TPS:DSD_LFS@DF_IALFS_EMP_WAP_Q(1.0),,I,ISL,,EMP_WAP,,PT_WAP_SUB,,_Z,,Y,,_T,,Y15T64,,_Z,,Q,,2022-Q2,,83.46619,,,,A,,0,,1,
DATAFLOW,OECD.SDD.TPS:DSD_LFS@DF_IALFS_EMP_WAP_Q(1.0),,I,ISL,,EMP_WAP,,PT_WAP_SUB,,_Z,,Y,,_T,,Y15T64,,_Z,,Q,,2022-Q3,,82.89941,,,,A,,0,,1,
DATAFLOW,OECD.SDD.TPS:DSD_LFS@DF_IALFS_EMP_WAP_Q(1.0),,I,ISL,,EMP_WAP,,PT_WAP_SUB,,_Z,,Y,,_T,,Y15T64,,_Z,,Q,,2022-Q4,,83.71773,,,,A,,0,,1,
DATAFLOW,OECD.SDD.TPS:DSD_LFS@DF_IALFS_EMP_WAP_Q(1.0),,I,ISL,,EMP_WAP,,PT_WAP_SUB,,_Z,,Y,,_T,,Y15T64,,_Z,,Q,,2023-Q1,,83.74099,,,,A,,0,,1,
DATAFLOW,OECD.SDD.TPS:DSD_LFS@DF_IALFS_EMP_WAP_Q(1.0),,I,ISL,,EMP_WAP,,PT_WAP_SUB,,_Z,,Y,,_T,,Y15T64,,_Z,,Q,,2023-Q2,,83.60976,,,,A,,0,,1,
DATAFLOW,OECD.SDD.TPS:DSD_LFS@DF_IALFS_EMP_WAP_Q(1.0),,I,ISL,,EMP_WAP,,PT_WAP_SUB,,_Z,,Y,,_T,,Y15T64,,_Z,,Q,,2023-Q3,,83.60007,,,,A,,0,,1,
DATAFLOW,OECD.SDD.TPS:DSD_LFS@DF_IALFS_EMP_WAP_Q(1.0),,I,ISL,,EMP_WAP,,PT_WAP_SUB,,_Z,,Y,,_T,,Y15T64,,_Z,,Q,,2023-Q4,,83.9143,,,,A,,0,,1,
DATAFLOW,OECD.SDD.TPS:DSD_LFS@DF_IALFS_EMP_WAP_Q(1.0),,I,ISL,,EMP_WAP,,PT_WAP_SUB,,_Z,,Y,,_T,,Y15T64,,_Z,,Q,,2024-Q1,,84.3166,,,,A,,0,,1,
DATAFLOW,OECD.SDD.TPS:DSD_LFS@DF_IALFS_EMP_WAP_Q(1.0),,I,ISL,,EMP_WAP,,PT_WAP_SUB,,_Z,,Y,,_T,,Y15T64,,_Z,,Q,,2024-Q2,,84.95552,,,,A,,0,,1,
DATAFLOW,OECD.SDD.TPS:DSD_LFS@DF_IALFS_EMP_WAP_Q(1.0),,I,ISL,,EMP_WAP,,PT_WAP_SUB,,_Z,,Y,,_T,,Y15T64,,_Z,,Q,,2024-Q3,,86.57346,,,,A,,0,,1,
DATAFLOW,OECD.SDD.TPS:DSD_LFS@DF_IALFS_EMP_WAP_Q(1.0),,I,ISL,,EMP_WAP,,PT_WAP_SUB,,_Z,,Y,,_T,,Y15T64,,_Z,,Q,,2024-Q4,,85.52518,,,,A,,0,,1,
DATAFLOW,OECD.SDD.TPS:DSD_LFS@DF_IALFS_EMP_WAP_Q(1.0),,I,ISL,,EMP_WAP,,PT_WAP_SUB,,_Z,,Y,,_T,,Y15T64,,_Z,,Q,,2025-Q1,,84.32548,,,,A,,0,,1,
DATAFLOW,OECD.SDD.TPS:DSD_LFS@DF_IALFS_EMP_WAP_Q(1.0),,I,ISL,,EMP_WAP,,PT_WAP_SUB,,_Z,,Y,,_T,,Y15T64,,_Z,,Q,,2025-Q2,,84.2515,,,,A,,0,,1,
DATAFLOW,OECD.SDD.TPS:DSD_LFS@DF_IALFS_EMP_WAP_Q(1.0),,I,ISL,,EMP_WAP,,PT_WAP_SUB,,_Z,,Y,,_T,,Y15T64,,_Z,,Q,,2025-Q3,,84.34846,,,,A,,0,,1,
DATAFLOW,OECD.SDD.TPS:DSD_LFS@DF_IALFS_EMP_WAP_Q(1.0),,I,ISL,,EMP_WAP,,PT_WAP_SUB,,_Z,,Y,,_T,,Y15T64,,_Z,,Q,,2025-Q4,,83.15777,,,,A,,0,,1,
DATAFLOW,OECD.SDD.TPS:DSD_LFS@DF_IALFS_EMP_WAP_Q(1.0),,I,LTU,,EMP_WAP,,PT_WAP_SUB,,_Z,,Y,,_T,,Y15T64,,_Z,,Q,,2005-Q1,,62.34524,,,,A,,0,,1,
DATAFLOW,OECD.SDD.TPS:DSD_LFS@DF_IALFS_EMP_WAP_Q(1.0),,I,LTU,,EMP_WAP,,PT_WAP_SUB,,_Z,,Y,,_T,,Y15T64,,_Z,,Q,,2005-Q2,,62.76084,,,,A,,0,,1,
DATAFLOW,OECD.SDD.TPS:DSD_LFS@DF_IALFS_EMP_WAP_Q(1.0),,I,LTU,,EMP_WAP,,PT_WAP_SUB,,_Z,,Y,,_T,,Y15T64,,_Z,,Q,,2005-Q3,,62.95884,,,,A,,0,,1,
DATAFLOW,OECD.SDD.TPS:DSD_LFS@DF_IALFS_EMP_WAP_Q(1.0),,I,LTU,,EMP_WAP,,PT_WAP_SUB,,_Z,,Y,,_T,,Y15T64,,_Z,,Q,,2005-Q4,,63.38793,,,,A,,0,,1,
DATAFLOW,OECD.SDD.TPS:DSD_LFS@DF_IALFS_EMP_WAP_Q(1.0),,I,LTU,,EMP_WAP,,PT_WAP_SUB,,_Z,,Y,,_T,,Y15T64,,_Z,,Q,,2006-Q1,,63.5991,,,,A,,0,,1,
DATAFLOW,OECD.SDD.TPS:DSD_LFS@DF_IALFS_EMP_WAP_Q(1.0),,I,LTU,,EMP_WAP,,PT_WAP_SUB,,_Z,,Y,,_T,,Y15T64,,_Z,,Q,,2006-Q2,,63.76434,,,,A,,0,,1,
DATAFLOW,OECD.SDD.TPS:DSD_LFS@DF_IALFS_EMP_WAP_Q(1.0),,I,LTU,,EMP_WAP,,PT_WAP_SUB,,_Z,,Y,,_T,,Y15T64,,_Z,,Q,,2006-Q3,,63.62082,,,,A,,0,,1,
DATAFLOW,OECD.SDD.TPS:DSD_LFS@DF_IALFS_EMP_WAP_Q(1.0),,I,LTU,,EMP_WAP,,PT_WAP_SUB,,_Z,,Y,,_T,,Y15T64,,_Z,,Q,,2006-Q4,,63.44616,,,,A,,0,,1,
DATAFLOW,OECD.SDD.TPS:DSD_LFS@DF_IALFS_EMP_WAP_Q(1.0),,I,LTU,,EMP_WAP,,PT_WAP_SUB,,_Z,,Y,,_T,,Y15T64,,_Z,,Q,,2007-Q1,,64.31672,,,,A,,0,,1,
DATAFLOW,OECD.SDD.TPS:DSD_LFS@DF_IALFS_EMP_WAP_Q(1.0),,I,LTU,,EMP_WAP,,PT_WAP_SUB,,_Z,,Y,,_T,,Y15T64,,_Z,,Q,,2007-Q2,,65.43449,,,,A,,0,,1,
DATAFLOW,OECD.SDD.TPS:DSD_LFS@DF_IALFS_EMP_WAP_Q(1.0),,I,LTU,,EMP_WAP,,PT_WAP_SUB,,_Z,,Y,,_T,,Y15T64,,_Z,,Q,,2007-Q3,,65.89786,,,,A,,0,,1,
DATAFLOW,OECD.SDD.TPS:DSD_LFS@DF_IALFS_EMP_WAP_Q(1.0),,I,LTU,,EMP_WAP,,PT_WAP_SUB,,_Z,,Y,,_T,,Y15T64,,_Z,,Q,,2007-Q4,,64.39645,,,,A,,0,,1,
DATAFLOW,OECD.SDD.TPS:DSD_LFS@DF_IALFS_EMP_WAP_Q(1.0),,I,LTU,,EMP_WAP,,PT_WAP_SUB,,_Z,,Y,,_T,,Y15T64,,_Z,,Q,,2008-Q1,,64.19362,,,,A,,0,,1,
DATAFLOW,OECD.SDD.TPS:DSD_LFS@DF_IALFS_EMP_WAP_Q(1.0),,I,LTU,,EMP_WAP,,PT_WAP_SUB,,_Z,,Y,,_T,,Y15T64,,_Z,,Q,,2008-Q2,,64.73804,,,,A,,0,,1,
DATAFLOW,OECD.SDD.TPS:DSD_LFS@DF_IALFS_EMP_WAP_Q(1.0),,I,LTU,,EMP_WAP,,PT_WAP_SUB,,_Z,,Y,,_T,,Y15T64,,_Z,,Q,,2008-Q3,,64.91948,,,,A,,0,,1,
DATAFLOW,OECD.SDD.TPS:DSD_LFS@DF_IALFS_EMP_WAP_Q(1.0),,I,LTU,,EMP_WAP,,PT_WAP_SUB,,_Z,,Y,,_T,,Y15T64,,_Z,,Q,,2008-Q4,,63.75486,,,,A,,0,,1,
DATAFLOW,OECD.SDD.TPS:DSD_LFS@DF_IALFS_EMP_WAP_Q(1.0),,I,LTU,,EMP_WAP,,PT_WAP_SUB,,_Z,,Y,,_T,,Y15T64,,_Z,,Q,,2009-Q1,,60.75703,,,,A,,0,,1,
DATAFLOW,OECD.SDD.TPS:DSD_LFS@DF_IALFS_EMP_WAP_Q(1.0),,I,LTU,,EMP_WAP,,PT_WAP_SUB,,_Z,,Y,,_T,,Y15T64,,_Z,,Q,,2009-Q2,,60.21644,,,,A,,0,,1,
DATAFLOW,OECD.SDD.TPS:DSD_LFS@DF_IALFS_EMP_WAP_Q(1.0),,I,LTU,,EMP_WAP,,PT_WAP_SUB,,_Z,,Y,,_T,,Y15T64,,_Z,,Q,,2009-Q3,,60.21452,,,,A,,0,,1,
DATAFLOW,OECD.SDD.TPS:DSD_LFS@DF_IALFS_EMP_WAP_Q(1.0),,I,LTU,,EMP_WAP,,PT_WAP_SUB,,_Z,,Y,,_T,,Y15T64,,_Z,,Q,,2009-Q4,,58.27297,,,,A,,0,,1,
DATAFLOW,OECD.SDD.TPS:DSD_LFS@DF_IALFS_EMP_WAP_Q(1.0),,I,LTU,,EMP_WAP,,PT_WAP_SUB,,_Z,,Y,,_T,,Y15T64,,_Z,,Q,,2010-Q1,,56.85099,,,,A,,0,,1,
DATAFLOW,OECD.SDD.TPS:DSD_LFS@DF_IALFS_EMP_WAP_Q(1.0),,I,LTU,,EMP_WAP,,PT_WAP_SUB,,_Z,,Y,,_T,,Y15T64,,_Z,,Q,,2010-Q2,,56.89699,,,,A,,0,,1,
DATAFLOW,OECD.SDD.TPS:DSD_LFS@DF_IALFS_EMP_WAP_Q(1.0),,I,LTU,,EMP_WAP,,PT_WAP_SUB,,_Z,,Y,,_T,,Y15T64,,_Z,,Q,,2010-Q3,,57.91832,,,,A,,0,,1,
DATAFLOW,OECD.SDD.TPS:DSD_LFS@DF_IALFS_EMP_WAP_Q(1.0),,I,LTU,,EMP_WAP,,PT_WAP_SUB,,_Z,,Y,,_T,,Y15T64,,_Z,,Q,,2010-Q4,,58.58224,,,,A,,0,,1,
DATAFLOW,OECD.SDD.TPS:DSD_LFS@DF_IALFS_EMP_WAP_Q(1.0),,I,LTU,,EMP_WAP,,PT_WAP_SUB,,_Z,,Y,,_T,,Y15T64,,_Z,,Q,,2011-Q1,,59.28875,,,,A,,0,,1,
DATAFLOW,OECD.SDD.TPS:DSD_LFS@DF_IALFS_EMP_WAP_Q(1.0),,I,LTU,,EMP_WAP,,PT_WAP_SUB,,_Z,,Y,,_T,,Y15T64,,_Z,,Q,,2011-Q2,,60.31456,,,,A,,0,,1,
DATAFLOW,OECD.SDD.TPS:DSD_LFS@DF_IALFS_EMP_WAP_Q(1.0),,I,LTU,,EMP_WAP,,PT_WAP_SUB,,_Z,,Y,,_T,,Y15T64,,_Z,,Q,,2011-Q3,,60.45905,,,,A,,0,,1,
DATAFLOW,OECD.SDD.TPS:DSD_LFS@DF_IALFS_EMP_WAP_Q(1.0),,I,LTU,,EMP_WAP,,PT_WAP_SUB,,_Z,,Y,,_T,,Y15T64,,_Z,,Q,,2011-Q4,,60.6909,,,,A,,0,,1,
DATAFLOW,OECD.SDD.TPS:DSD_LFS@DF_IALFS_EMP_WAP_Q(1.0),,I,LTU,,EMP_WAP,,PT_WAP_SUB,,_Z,,Y,,_T,,Y15T64,,_Z,,Q,,2012-Q1,,61.07682,,,,A,,0,,1,
DATAFLOW,OECD.SDD.TPS:DSD_LFS@DF_IALFS_EMP_WAP_Q(1.0),,I,LTU,,EMP_WAP,,PT_WAP_SUB,,_Z,,Y,,_T,,Y15T64,,_Z,,Q,,2012-Q2,,62.16169,,,,A,,0,,1,
DATAFLOW,OECD.SDD.TPS:DSD_LFS@DF_IALFS_EMP_WAP_Q(1.0),,I,LTU,,EMP_WAP,,PT_WAP_SUB,,_Z,,Y,,_T,,Y15T64,,_Z,,Q,,2012-Q3,,62.62852,,,,A,,0,,1,
DATAFLOW,OECD.SDD.TPS:DSD_LFS@DF_IALFS_EMP_WAP_Q(1.0),,I,LTU,,EMP_WAP,,PT_WAP_SUB,,_Z,,Y,,_T,,Y15T64,,_Z,,Q,,2012-Q4,,62.21254,,,,A,,0,,1,
DATAFLOW,OECD.SDD.TPS:DSD_LFS@DF_IALFS_EMP_WAP_Q(1.0),,I,LTU,,EMP_WAP,,PT_WAP_SUB,,_Z,,Y,,_T,,Y15T64,,_Z,,Q,,2013-Q1,,62.84223,,,,A,,0,,1,
DATAFLOW,OECD.SDD.TPS:DSD_LFS@DF_IALFS_EMP_WAP_Q(1.0),,I,LTU,,EMP_WAP,,PT_WAP_SUB,,_Z,,Y,,_T,,Y15T64,,_Z,,Q,,2013-Q2,,63.89356,,,,A,,0,,1,
DATAFLOW,OECD.SDD.TPS:DSD_LFS@DF_IALFS_EMP_WAP_Q(1.0),,I,LTU,,EMP_WAP,,PT_WAP_SUB,,_Z,,Y,,_T,,Y15T64,,_Z,,Q,,2013-Q3,,64.03335,,,,A,,0,,1,
DATAFLOW,OECD.SDD.TPS:DSD_LFS@DF_IALFS_EMP_WAP_Q(1.0),,I,LTU,,EMP_WAP,,PT_WAP_SUB,,_Z,,Y,,_T,,Y15T64,,_Z,,Q,,2013-Q4,,64.23336,,,,A,,0,,1,
DATAFLOW,OECD.SDD.TPS:DSD_LFS@DF_IALFS_EMP_WAP_Q(1.0),,I,LTU,,EMP_WAP,,PT_WAP_SUB,,_Z,,Y,,_T,,Y15T64,,_Z,,Q,,2014-Q1,,64.7238,,,,A,,0,,1,
DATAFLOW,OECD.SDD.TPS:DSD_LFS@DF_IALFS_EMP_WAP_Q(1.0),,I,LTU,,EMP_WAP,,PT_WAP_SUB,,_Z,,Y,,_T,,Y15T64,,_Z,,Q,,2014-Q2,,65.35506,,,,A,,0,,1,
DATAFLOW,OECD.SDD.TPS:DSD_LFS@DF_IALFS_EMP_WAP_Q(1.0),,I,LTU,,EMP_WAP,,PT_WAP_SUB,,_Z,,Y,,_T,,Y15T64,,_Z,,Q,,2014-Q3,,66.63771,,,,A,,0,,1,
DATAFLOW,OECD.SDD.TPS:DSD_LFS@DF_IALFS_EMP_WAP_Q(1.0),,I,LTU,,EMP_WAP,,PT_WAP_SUB,,_Z,,Y,,_T,,Y15T64,,_Z,,Q,,2014-Q4,,66.02322,,,,A,,0,,1,
DATAFLOW,OECD.SDD.TPS:DSD_LFS@DF_IALFS_EMP_WAP_Q(1.0),,I,LTU,,EMP_WAP,,PT_WAP_SUB,,_Z,,Y,,_T,,Y15T64,,_Z,,Q,,2015-Q1,,66.25914,,,,A,,0,,1,
DATAFLOW,OECD.SDD.TPS:DSD_LFS@DF_IALFS_EMP_WAP_Q(1.0),,I,LTU,,EMP_WAP,,PT_WAP_SUB,,_Z,,Y,,_T,,Y15T64,,_Z,,Q,,2015-Q2,,67.11421,,,,A,,0,,1,
DATAFLOW,OECD.SDD.TPS:DSD_LFS@DF_IALFS_EMP_WAP_Q(1.0),,I,LTU,,EMP_WAP,,PT_WAP_SUB,,_Z,,Y,,_T,,Y15T64,,_Z,,Q,,2015-Q3,,67.59409,,,,A,,0,,1,
DATAFLOW,OECD.SDD.TPS:DSD_LFS@DF_IALFS_EMP_WAP_Q(1.0),,I,LTU,,EMP_WAP,,PT_WAP_SUB,,_Z,,Y,,_T,,Y15T64,,_Z,,Q,,2015-Q4,,67.96141,,,,A,,0,,1,
DATAFLOW,OECD.SDD.TPS:DSD_LFS@DF_IALFS_EMP_WAP_Q(1.0),,I,LTU,,EMP_WAP,,PT_WAP_SUB,,_Z,,Y,,_T,,Y15T64,,_Z,,Q,,2016-Q1,,68.62525,,,,A,,0,,1,
DATAFLOW,OECD.SDD.TPS:DSD_LFS@DF_IALFS_EMP_WAP_Q(1.0),,I,LTU,,EMP_WAP,,PT_WAP_SUB,,_Z,,Y,,_T,,Y15T64,,_Z,,Q,,2016-Q2,,69.5992,,,,A,,0,,1,
DATAFLOW,OECD.SDD.TPS:DSD_LFS@DF_IALFS_EMP_WAP_Q(1.0),,I,LTU,,EMP_WAP,,PT_WAP_SUB,,_Z,,Y,,_T,,Y15T64,,_Z,,Q,,2016-Q3,,69.6907,,,,A,,0,,1,
DATAFLOW,OECD.SDD.TPS:DSD_LFS@DF_IALFS_EMP_WAP_Q(1.0),,I,LTU,,EMP_WAP,,PT_WAP_SUB,,_Z,,Y,,_T,,Y15T64,,_Z,,Q,,2016-Q4,,69.60906,,,,A,,0,,1,
DATAFLOW,OECD.SDD.TPS:DSD_LFS@DF_IALFS_EMP_WAP_Q(1.0),,I,LTU,,EMP_WAP,,PT_WAP_SUB,,_Z,,Y,,_T,,Y15T64,,_Z,,Q,,2017-Q1,,69.54911,,,,A,,0,,1,
DATAFLOW,OECD.SDD.TPS:DSD_LFS@DF_IALFS_EMP_WAP_Q(1.0),,I,LTU,,EMP_WAP,,PT_WAP_SUB,,_Z,,Y,,_T,,Y15T64,,_Z,,Q,,2017-Q2,,70.58531,,,,A,,0,,1,
DATAFLOW,OECD.SDD.TPS:DSD_LFS@DF_IALFS_EMP_WAP_Q(1.0),,I,LTU,,EMP_WAP,,PT_WAP_SUB,,_Z,,Y,,_T,,Y15T64,,_Z,,Q,,2017-Q3,,70.53839,,,,A,,0,,1,
DATAFLOW,OECD.SDD.TPS:DSD_LFS@DF_IALFS_EMP_WAP_Q(1.0),,I,LTU,,EMP_WAP,,PT_WAP_SUB,,_Z,,Y,,_T,,Y15T64,,_Z,,Q,,2017-Q4,,70.95606,,,,A,,0,,1,
DATAFLOW,OECD.SDD.TPS:DSD_LFS@DF_IALFS_EMP_WAP_Q(1.0),,I,LTU,,EMP_WAP,,PT_WAP_SUB,,_Z,,Y,,_T,,Y15T64,,_Z,,Q,,2018-Q1,,71.14348,,,,A,,0,,1,
DATAFLOW,OECD.SDD.TPS:DSD_LFS@DF_IALFS_EMP_WAP_Q(1.0),,I,LTU,,EMP_WAP,,PT_WAP_SUB,,_Z,,Y,,_T,,Y15T64,,_Z,,Q,,2018-Q2,,72.01439,,,,A,,0,,1,
DATAFLOW,OECD.SDD.TPS:DSD_LFS@DF_IALFS_EMP_WAP_Q(1.0),,I,LTU,,EMP_WAP,,PT_WAP_SUB,,_Z,,Y,,_T,,Y15T64,,_Z,,Q,,2018-Q3,,73.65485,,,,A,,0,,1,
DATAFLOW,OECD.SDD.TPS:DSD_LFS@DF_IALFS_EMP_WAP_Q(1.0),,I,LTU,,EMP_WAP,,PT_WAP_SUB,,_Z,,Y,,_T,,Y15T64,,_Z,,Q,,2018-Q4,,72.8737,,,,A,,0,,1,
DATAFLOW,OECD.SDD.TPS:DSD_LFS@DF_IALFS_EMP_WAP_Q(1.0),,I,LTU,,EMP_WAP,,PT_WAP_SUB,,_Z,,Y,,_T,,Y15T64,,_Z,,Q,,2019-Q1,,72.78607,,,,A,,0,,1,
DATAFLOW,OECD.SDD.TPS:DSD_LFS@DF_IALFS_EMP_WAP_Q(1.0),,I,LTU,,EMP_WAP,,PT_WAP_SUB,,_Z,,Y,,_T,,Y15T64,,_Z,,Q,,2019-Q2,,73.01464,,,,A,,0,,1,
DATAFLOW,OECD.SDD.TPS:DSD_LFS@DF_IALFS_EMP_WAP_Q(1.0),,I,LTU,,EMP_WAP,,PT_WAP_SUB,,_Z,,Y,,_T,,Y15T64,,_Z,,Q,,2019-Q3,,73.06185,,,,A,,0,,1,
DATAFLOW,OECD.SDD.TPS:DSD_LFS@DF_IALFS_EMP_WAP_Q(1.0),,I,LTU,,EMP_WAP,,PT_WAP_SUB,,_Z,,Y,,_T,,Y15T64,,_Z,,Q,,2019-Q4,,73.07842,,,,A,,0,,1,
DATAFLOW,OECD.SDD.TPS:DSD_LFS@DF_IALFS_EMP_WAP_Q(1.0),,I,LTU,,EMP_WAP,,PT_WAP_SUB,,_Z,,Y,,_T,,Y15T64,,_Z,,Q,,2020-Q1,,72.83527,,,,A,,0,,1,
DATAFLOW,OECD.SDD.TPS:DSD_LFS@DF_IALFS_EMP_WAP_Q(1.0),,I,LTU,,EMP_WAP,,PT_WAP_SUB,,_Z,,Y,,_T,,Y15T64,,_Z,,Q,,2020-Q2,,71.43063,,,,A,,0,,1,
DATAFLOW,OECD.SDD.TPS:DSD_LFS@DF_IALFS_EMP_WAP_Q(1.0),,I,LTU,,EMP_WAP,,PT_WAP_SUB,,_Z,,Y,,_T,,Y15T64,,_Z,,Q,,2020-Q3,,70.67818,,,,A,,0,,1,
DATAFLOW,OECD.SDD.TPS:DSD_LFS@DF_IALFS_EMP_WAP_Q(1.0),,I,LTU,,EMP_WAP,,PT_WAP_SUB,,_Z,,Y,,_T,,Y15T64,,_Z,,Q,,2020-Q4,,71.48679,,,,A,,0,,1,
DATAFLOW,OECD.SDD.TPS:DSD_LFS@DF_IALFS_EMP_WAP_Q(1.0),,I,LTU,,EMP_WAP,,PT_WAP_SUB,,_Z,,Y,,_T,,Y15T64,,_Z,,Q,,2021-Q1,,71.16747,,,,A,,0,,1,
DATAFLOW,OECD.SDD.TPS:DSD_LFS@DF_IALFS_EMP_WAP_Q(1.0),,I,LTU,,EMP_WAP,,PT_WAP_SUB,,_Z,,Y,,_T,,Y15T64,,_Z,,Q,,2021-Q2,,71.83297,,,,A,,0,,1,
DATAFLOW,OECD.SDD.TPS:DSD_LFS@DF_IALFS_EMP_WAP_Q(1.0),,I,LTU,,EMP_WAP,,PT_WAP_SUB,,_Z,,Y,,_T,,Y15T64,,_Z,,Q,,2021-Q3,,73.20203,,,,A,,0,,1,
DATAFLOW,OECD.SDD.TPS:DSD_LFS@DF_IALFS_EMP_WAP_Q(1.0),,I,LTU,,EMP_WAP,,PT_WAP_SUB,,_Z,,Y,,_T,,Y15T64,,_Z,,Q,,2021-Q4,,73.55816,,,,A,,0,,1,
DATAFLOW,OECD.SDD.TPS:DSD_LFS@DF_IALFS_EMP_WAP_Q(1.0),,I,LTU,,EMP_WAP,,PT_WAP_SUB,,_Z,,Y,,_T,,Y15T64,,_Z,,Q,,2022-Q1,,72.74409,,,,A,,0,,1,
DATAFLOW,OECD.SDD.TPS:DSD_LFS@DF_IALFS_EMP_WAP_Q(1.0),,I,LTU,,EMP_WAP,,PT_WAP_SUB,,_Z,,Y,,_T,,Y15T64,,_Z,,Q,,2022-Q2,,74.22213,,,,A,,0,,1,
DATAFLOW,OECD.SDD.TPS:DSD_LFS@DF_IALFS_EMP_WAP_Q(1.0),,I,LTU,,EMP_WAP,,PT_WAP_SUB,,_Z,,Y,,_T,,Y15T64,,_Z,,Q,,2022-Q3,,75.03654,,,,A,,0,,1,
DATAFLOW,OECD.SDD.TPS:DSD_LFS@DF_IALFS_EMP_WAP_Q(1.0),,I,LTU,,EMP_WAP,,PT_WAP_SUB,,_Z,,Y,,_T,,Y15T64,,_Z,,Q,,2022-Q4,,73.00549,,,,A,,0,,1,
DATAFLOW,OECD.SDD.TPS:DSD_LFS@DF_IALFS_EMP_WAP_Q(1.0),,I,LTU,,EMP_WAP,,PT_WAP_SUB,,_Z,,Y,,_T,,Y15T64,,_Z,,Q,,2023-Q1,,71.95245,,,,A,,0,,1,
DATAFLOW,OECD.SDD.TPS:DSD_LFS@DF_IALFS_EMP_WAP_Q(1.0),,I,LTU,,EMP_WAP,,PT_WAP_SUB,,_Z,,Y,,_T,,Y15T64,,_Z,,Q,,2023-Q2,,73.5519,,,,A,,0,,1,
DATAFLOW,OECD.SDD.TPS:DSD_LFS@DF_IALFS_EMP_WAP_Q(1.0),,I,LTU,,EMP_WAP,,PT_WAP_SUB,,_Z,,Y,,_T,,Y15T64,,_Z,,Q,,2023-Q3,,73.9852,,,,A,,0,,1,
DATAFLOW,OECD.SDD.TPS:DSD_LFS@DF_IALFS_EMP_WAP_Q(1.0),,I,LTU,,EMP_WAP,,PT_WAP_SUB,,_Z,,Y,,_T,,Y15T64,,_Z,,Q,,2023-Q4,,73.12103,,,,A,,0,,1,
DATAFLOW,OECD.SDD.TPS:DSD_LFS@DF_IALFS_EMP_WAP_Q(1.0),,I,LTU,,EMP_WAP,,PT_WAP_SUB,,_Z,,Y,,_T,,Y15T64,,_Z,,Q,,2024-Q1,,72.57755,,,,A,,0,,1,
DATAFLOW,OECD.SDD.TPS:DSD_LFS@DF_IALFS_EMP_WAP_Q(1.0),,I,LTU,,EMP_WAP,,PT_WAP_SUB,,_Z,,Y,,_T,,Y15T64,,_Z,,Q,,2024-Q2,,73.97572,,,,A,,0,,1,
DATAFLOW,OECD.SDD.TPS:DSD_LFS@DF_IALFS_EMP_WAP_Q(1.0),,I,LTU,,EMP_WAP,,PT_WAP_SUB,,_Z,,Y,,_T,,Y15T64,,_Z,,Q,,2024-Q3,,73.96132,,,,A,,0,,1,
DATAFLOW,OECD.SDD.TPS:DSD_LFS@DF_IALFS_EMP_WAP_Q(1.0),,I,LTU,,EMP_WAP,,PT_WAP_SUB,,_Z,,Y,,_T,,Y15T64,,_Z,,Q,,2024-Q4,,73.95308,,,,A,,0,,1,
DATAFLOW,OECD.SDD.TPS:DSD_LFS@DF_IALFS_EMP_WAP_Q(1.0),,I,LTU,,EMP_WAP,,PT_WAP_SUB,,_Z,,Y,,_T,,Y15T64,,_Z,,Q,,2025-Q1,,73.66619,,,,A,,0,,1,
DATAFLOW,OECD.SDD.TPS:DSD_LFS@DF_IALFS_EMP_WAP_Q(1.0),,I,LTU,,EMP_WAP,,PT_WAP_SUB,,_Z,,Y,,_T,,Y15T64,,_Z,,Q,,2025-Q2,,73.91283,,,,A,,0,,1,
DATAFLOW,OECD.SDD.TPS:DSD_LFS@DF_IALFS_EMP_WAP_Q(1.0),,I,LTU,,EMP_WAP,,PT_WAP_SUB,,_Z,,Y,,_T,,Y15T64,,_Z,,Q,,2025-Q3,,74.76993,,,,A,,0,,1,
DATAFLOW,OECD.SDD.TPS:DSD_LFS@DF_IALFS_EMP_WAP_Q(1.0),,I,LTU,,EMP_WAP,,PT_WAP_SUB,,_Z,,Y,,_T,,Y15T64,,_Z,,Q,,2025-Q4,,73.88243,,,,A,,0,,1,
DATAFLOW,OECD.SDD.TPS:DSD_LFS@DF_IALFS_EMP_WAP_Q(1.0),,I,LTU,,EMP_WAP,,PT_WAP_SUB,,_Z,,Y,,_T,,Y15T64,,_Z,,Q,,2026-Q1,,73.95779,,,,A,,0,,1,
DATAFLOW,OECD.SDD.TPS:DSD_LFS@DF_IALFS_EMP_WAP_Q(1.0),,I,MEX,,EMP_WAP,,PT_WAP_SUB,,_Z,,Y,,_T,,Y15T64,,_Z,,Q,,2005-Q1,,60.01361,,,,A,,0,,1,
DATAFLOW,OECD.SDD.TPS:DSD_LFS@DF_IALFS_EMP_WAP_Q(1.0),,I,MEX,,EMP_WAP,,PT_WAP_SUB,,_Z,,Y,,_T,,Y15T64,,_Z,,Q,,2005-Q2,,59.55563,,,,A,,0,,1,
DATAFLOW,OECD.SDD.TPS:DSD_LFS@DF_IALFS_EMP_WAP_Q(1.0),,I,MEX,,EMP_WAP,,PT_WAP_SUB,,_Z,,Y,,_T,,Y15T64,,_Z,,Q,,2005-Q3,,60.21623,,,,A,,0,,1,
DATAFLOW,OECD.SDD.TPS:DSD_LFS@DF_IALFS_EMP_WAP_Q(1.0),,I,MEX,,EMP_WAP,,PT_WAP_SUB,,_Z,,Y,,_T,,Y15T64,,_Z,,Q,,2005-Q4,,60.43275,,,,A,,0,,1,
DATAFLOW,OECD.SDD.TPS:DSD_LFS@DF_IALFS_EMP_WAP_Q(1.0),,I,MEX,,EMP_WAP,,PT_WAP_SUB,,_Z,,Y,,_T,,Y15T64,,_Z,,Q,,2006-Q1,,60.89824,,,,A,,0,,1,
DATAFLOW,OECD.SDD.TPS:DSD_LFS@DF_IALFS_EMP_WAP_Q(1.0),,I,MEX,,EMP_WAP,,PT_WAP_SUB,,_Z,,Y,,_T,,Y15T64,,_Z,,Q,,2006-Q2,,60.81184,,,,A,,0,,1,
DATAFLOW,OECD.SDD.TPS:DSD_LFS@DF_IALFS_EMP_WAP_Q(1.0),,I,MEX,,EMP_WAP,,PT_WAP_SUB,,_Z,,Y,,_T,,Y15T64,,_Z,,Q,,2006-Q3,,61.10119,,,,A,,0,,1,
DATAFLOW,OECD.SDD.TPS:DSD_LFS@DF_IALFS_EMP_WAP_Q(1.0),,I,MEX,,EMP_WAP,,PT_WAP_SUB,,_Z,,Y,,_T,,Y15T64,,_Z,,Q,,2006-Q4,,61.04396,,,,A,,0,,1,
DATAFLOW,OECD.SDD.TPS:DSD_LFS@DF_IALFS_EMP_WAP_Q(1.0),,I,MEX,,EMP_WAP,,PT_WAP_SUB,,_Z,,Y,,_T,,Y15T64,,_Z,,Q,,2007-Q1,,60.9406,,,,A,,0,,1,
DATAFLOW,OECD.SDD.TPS:DSD_LFS@DF_IALFS_EMP_WAP_Q(1.0),,I,MEX,,EMP_WAP,,PT_WAP_SUB,,_Z,,Y,,_T,,Y15T64,,_Z,,Q,,2007-Q2,,60.86842,,,,A,,0,,1,
DATAFLOW,OECD.SDD.TPS:DSD_LFS@DF_IALFS_EMP_WAP_Q(1.0),,I,MEX,,EMP_WAP,,PT_WAP_SUB,,_Z,,Y,,_T,,Y15T64,,_Z,,Q,,2007-Q3,,60.61105,,,,A,,0,,1,
DATAFLOW,OECD.SDD.TPS:DSD_LFS@DF_IALFS_EMP_WAP_Q(1.0),,I,MEX,,EMP_WAP,,PT_WAP_SUB,,_Z,,Y,,_T,,Y15T64,,_Z,,Q,,2007-Q4,,61.58912,,,,A,,0,,1,
DATAFLOW,OECD.SDD.TPS:DSD_LFS@DF_IALFS_EMP_WAP_Q(1.0),,I,MEX,,EMP_WAP,,PT_WAP_SUB,,_Z,,Y,,_T,,Y15T64,,_Z,,Q,,2008-Q1,,61.19598,,,,A,,0,,1,
DATAFLOW,OECD.SDD.TPS:DSD_LFS@DF_IALFS_EMP_WAP_Q(1.0),,I,MEX,,EMP_WAP,,PT_WAP_SUB,,_Z,,Y,,_T,,Y15T64,,_Z,,Q,,2008-Q2,,61.14818,,,,A,,0,,1,
DATAFLOW,OECD.SDD.TPS:DSD_LFS@DF_IALFS_EMP_WAP_Q(1.0),,I,MEX,,EMP_WAP,,PT_WAP_SUB,,_Z,,Y,,_T,,Y15T64,,_Z,,Q,,2008-Q3,,60.55288,,,,A,,0,,1,
DATAFLOW,OECD.SDD.TPS:DSD_LFS@DF_IALFS_EMP_WAP_Q(1.0),,I,MEX,,EMP_WAP,,PT_WAP_SUB,,_Z,,Y,,_T,,Y15T64,,_Z,,Q,,2008-Q4,,59.77203,,,,A,,0,,1,
DATAFLOW,OECD.SDD.TPS:DSD_LFS@DF_IALFS_EMP_WAP_Q(1.0),,I,MEX,,EMP_WAP,,PT_WAP_SUB,,_Z,,Y,,_T,,Y15T64,,_Z,,Q,,2009-Q1,,59.73749,,,,A,,0,,1,
DATAFLOW,OECD.SDD.TPS:DSD_LFS@DF_IALFS_EMP_WAP_Q(1.0),,I,MEX,,EMP_WAP,,PT_WAP_SUB,,_Z,,Y,,_T,,Y15T64,,_Z,,Q,,2009-Q2,,59.24875,,,,A,,0,,1,
DATAFLOW,OECD.SDD.TPS:DSD_LFS@DF_IALFS_EMP_WAP_Q(1.0),,I,MEX,,EMP_WAP,,PT_WAP_SUB,,_Z,,Y,,_T,,Y15T64,,_Z,,Q,,2009-Q3,,59.95637,,,,A,,0,,1,
DATAFLOW,OECD.SDD.TPS:DSD_LFS@DF_IALFS_EMP_WAP_Q(1.0),,I,MEX,,EMP_WAP,,PT_WAP_SUB,,_Z,,Y,,_T,,Y15T64,,_Z,,Q,,2009-Q4,,60.19942,,,,A,,0,,1,
DATAFLOW,OECD.SDD.TPS:DSD_LFS@DF_IALFS_EMP_WAP_Q(1.0),,I,MEX,,EMP_WAP,,PT_WAP_SUB,,_Z,,Y,,_T,,Y15T64,,_Z,,Q,,2010-Q1,,59.73924,,,,A,,0,,1,
DATAFLOW,OECD.SDD.TPS:DSD_LFS@DF_IALFS_EMP_WAP_Q(1.0),,I,MEX,,EMP_WAP,,PT_WAP_SUB,,_Z,,Y,,_T,,Y15T64,,_Z,,Q,,2010-Q2,,60.18304,,,,A,,0,,1,
DATAFLOW,OECD.SDD.TPS:DSD_LFS@DF_IALFS_EMP_WAP_Q(1.0),,I,MEX,,EMP_WAP,,PT_WAP_SUB,,_Z,,Y,,_T,,Y15T64,,_Z,,Q,,2010-Q3,,59.87738,,,,A,,0,,1,
DATAFLOW,OECD.SDD.TPS:DSD_LFS@DF_IALFS_EMP_WAP_Q(1.0),,I,MEX,,EMP_WAP,,PT_WAP_SUB,,_Z,,Y,,_T,,Y15T64,,_Z,,Q,,2010-Q4,,58.8501,,,,A,,0,,1,
DATAFLOW,OECD.SDD.TPS:DSD_LFS@DF_IALFS_EMP_WAP_Q(1.0),,I,MEX,,EMP_WAP,,PT_WAP_SUB,,_Z,,Y,,_T,,Y15T64,,_Z,,Q,,2011-Q1,,59.49279,,,,A,,0,,1,
DATAFLOW,OECD.SDD.TPS:DSD_LFS@DF_IALFS_EMP_WAP_Q(1.0),,I,MEX,,EMP_WAP,,PT_WAP_SUB,,_Z,,Y,,_T,,Y15T64,,_Z,,Q,,2011-Q2,,59.72656,,,,A,,0,,1,
DATAFLOW,OECD.SDD.TPS:DSD_LFS@DF_IALFS_EMP_WAP_Q(1.0),,I,MEX,,EMP_WAP,,PT_WAP_SUB,,_Z,,Y,,_T,,Y15T64,,_Z,,Q,,2011-Q3,,60.02882,,,,A,,0,,1,
DATAFLOW,OECD.SDD.TPS:DSD_LFS@DF_IALFS_EMP_WAP_Q(1.0),,I,MEX,,EMP_WAP,,PT_WAP_SUB,,_Z,,Y,,_T,,Y15T64,,_Z,,Q,,2011-Q4,,60.85324,,,,A,,0,,1,
DATAFLOW,OECD.SDD.TPS:DSD_LFS@DF_IALFS_EMP_WAP_Q(1.0),,I,MEX,,EMP_WAP,,PT_WAP_SUB,,_Z,,Y,,_T,,Y15T64,,_Z,,Q,,2012-Q1,,60.473,,,,A,,0,,1,
DATAFLOW,OECD.SDD.TPS:DSD_LFS@DF_IALFS_EMP_WAP_Q(1.0),,I,MEX,,EMP_WAP,,PT_WAP_SUB,,_Z,,Y,,_T,,Y15T64,,_Z,,Q,,2012-Q2,,61.25626,,,,A,,0,,1,
DATAFLOW,OECD.SDD.TPS:DSD_LFS@DF_IALFS_EMP_WAP_Q(1.0),,I,MEX,,EMP_WAP,,PT_WAP_SUB,,_Z,,Y,,_T,,Y15T64,,_Z,,Q,,2012-Q3,,61.40396,,,,A,,0,,1,
DATAFLOW,OECD.SDD.TPS:DSD_LFS@DF_IALFS_EMP_WAP_Q(1.0),,I,MEX,,EMP_WAP,,PT_WAP_SUB,,_Z,,Y,,_T,,Y15T64,,_Z,,Q,,2012-Q4,,60.50655,,,,A,,0,,1,
DATAFLOW,OECD.SDD.TPS:DSD_LFS@DF_IALFS_EMP_WAP_Q(1.0),,I,MEX,,EMP_WAP,,PT_WAP_SUB,,_Z,,Y,,_T,,Y15T64,,_Z,,Q,,2013-Q1,,60.38313,,,,A,,0,,1,
DATAFLOW,OECD.SDD.TPS:DSD_LFS@DF_IALFS_EMP_WAP_Q(1.0),,I,MEX,,EMP_WAP,,PT_WAP_SUB,,_Z,,Y,,_T,,Y15T64,,_Z,,Q,,2013-Q2,,60.9475,,,,A,,0,,1,
DATAFLOW,OECD.SDD.TPS:DSD_LFS@DF_IALFS_EMP_WAP_Q(1.0),,I,MEX,,EMP_WAP,,PT_WAP_SUB,,_Z,,Y,,_T,,Y15T64,,_Z,,Q,,2013-Q3,,60.79992,,,,A,,0,,1,
DATAFLOW,OECD.SDD.TPS:DSD_LFS@DF_IALFS_EMP_WAP_Q(1.0),,I,MEX,,EMP_WAP,,PT_WAP_SUB,,_Z,,Y,,_T,,Y15T64,,_Z,,Q,,2013-Q4,,61.24,,,,A,,0,,1,
DATAFLOW,OECD.SDD.TPS:DSD_LFS@DF_IALFS_EMP_WAP_Q(1.0),,I,MEX,,EMP_WAP,,PT_WAP_SUB,,_Z,,Y,,_T,,Y15T64,,_Z,,Q,,2014-Q1,,60.74952,,,,A,,0,,1,
DATAFLOW,OECD.SDD.TPS:DSD_LFS@DF_IALFS_EMP_WAP_Q(1.0),,I,MEX,,EMP_WAP,,PT_WAP_SUB,,_Z,,Y,,_T,,Y15T64,,_Z,,Q,,2014-Q2,,60.38061,,,,A,,0,,1,
DATAFLOW,OECD.SDD.TPS:DSD_LFS@DF_IALFS_EMP_WAP_Q(1.0),,I,MEX,,EMP_WAP,,PT_WAP_SUB,,_Z,,Y,,_T,,Y15T64,,_Z,,Q,,2014-Q3,,60.29503,,,,A,,0,,1,
DATAFLOW,OECD.SDD.TPS:DSD_LFS@DF_IALFS_EMP_WAP_Q(1.0),,I,MEX,,EMP_WAP,,PT_WAP_SUB,,_Z,,Y,,_T,,Y15T64,,_Z,,Q,,2014-Q4,,60.21053,,,,A,,0,,1,
DATAFLOW,OECD.SDD.TPS:DSD_LFS@DF_IALFS_EMP_WAP_Q(1.0),,I,MEX,,EMP_WAP,,PT_WAP_SUB,,_Z,,Y,,_T,,Y15T64,,_Z,,Q,,2015-Q1,,60.56428,,,,A,,0,,1,
DATAFLOW,OECD.SDD.TPS:DSD_LFS@DF_IALFS_EMP_WAP_Q(1.0),,I,MEX,,EMP_WAP,,PT_WAP_SUB,,_Z,,Y,,_T,,Y15T64,,_Z,,Q,,2015-Q2,,60.51097,,,,A,,0,,1,
DATAFLOW,OECD.SDD.TPS:DSD_LFS@DF_IALFS_EMP_WAP_Q(1.0),,I,MEX,,EMP_WAP,,PT_WAP_SUB,,_Z,,Y,,_T,,Y15T64,,_Z,,Q,,2015-Q3,,60.6399,,,,A,,0,,1,
DATAFLOW,OECD.SDD.TPS:DSD_LFS@DF_IALFS_EMP_WAP_Q(1.0),,I,MEX,,EMP_WAP,,PT_WAP_SUB,,_Z,,Y,,_T,,Y15T64,,_Z,,Q,,2015-Q4,,61.26916,,,,A,,0,,1,
DATAFLOW,OECD.SDD.TPS:DSD_LFS@DF_IALFS_EMP_WAP_Q(1.0),,I,MEX,,EMP_WAP,,PT_WAP_SUB,,_Z,,Y,,_T,,Y15T64,,_Z,,Q,,2016-Q1,,60.83558,,,,A,,0,,1,
DATAFLOW,OECD.SDD.TPS:DSD_LFS@DF_IALFS_EMP_WAP_Q(1.0),,I,MEX,,EMP_WAP,,PT_WAP_SUB,,_Z,,Y,,_T,,Y15T64,,_Z,,Q,,2016-Q2,,60.87697,,,,A,,0,,1,
DATAFLOW,OECD.SDD.TPS:DSD_LFS@DF_IALFS_EMP_WAP_Q(1.0),,I,MEX,,EMP_WAP,,PT_WAP_SUB,,_Z,,Y,,_T,,Y15T64,,_Z,,Q,,2016-Q3,,61.39753,,,,A,,0,,1,
DATAFLOW,OECD.SDD.TPS:DSD_LFS@DF_IALFS_EMP_WAP_Q(1.0),,I,MEX,,EMP_WAP,,PT_WAP_SUB,,_Z,,Y,,_T,,Y15T64,,_Z,,Q,,2016-Q4,,61.08215,,,,A,,0,,1,
DATAFLOW,OECD.SDD.TPS:DSD_LFS@DF_IALFS_EMP_WAP_Q(1.0),,I,MEX,,EMP_WAP,,PT_WAP_SUB,,_Z,,Y,,_T,,Y15T64,,_Z,,Q,,2017-Q1,,61.39725,,,,A,,0,,1,
DATAFLOW,OECD.SDD.TPS:DSD_LFS@DF_IALFS_EMP_WAP_Q(1.0),,I,MEX,,EMP_WAP,,PT_WAP_SUB,,_Z,,Y,,_T,,Y15T64,,_Z,,Q,,2017-Q2,,61.11515,,,,A,,0,,1,
DATAFLOW,OECD.SDD.TPS:DSD_LFS@DF_IALFS_EMP_WAP_Q(1.0),,I,MEX,,EMP_WAP,,PT_WAP_SUB,,_Z,,Y,,_T,,Y15T64,,_Z,,Q,,2017-Q3,,61.09278,,,,A,,0,,1,
DATAFLOW,OECD.SDD.TPS:DSD_LFS@DF_IALFS_EMP_WAP_Q(1.0),,I,MEX,,EMP_WAP,,PT_WAP_SUB,,_Z,,Y,,_T,,Y15T64,,_Z,,Q,,2017-Q4,,61.17452,,,,A,,0,,1,
DATAFLOW,OECD.SDD.TPS:DSD_LFS@DF_IALFS_EMP_WAP_Q(1.0),,I,MEX,,EMP_WAP,,PT_WAP_SUB,,_Z,,Y,,_T,,Y15T64,,_Z,,Q,,2018-Q1,,61.45158,,,,A,,0,,1,
DATAFLOW,OECD.SDD.TPS:DSD_LFS@DF_IALFS_EMP_WAP_Q(1.0),,I,MEX,,EMP_WAP,,PT_WAP_SUB,,_Z,,Y,,_T,,Y15T64,,_Z,,Q,,2018-Q2,,61.62068,,,,A,,0,,1,
DATAFLOW,OECD.SDD.TPS:DSD_LFS@DF_IALFS_EMP_WAP_Q(1.0),,I,MEX,,EMP_WAP,,PT_WAP_SUB,,_Z,,Y,,_T,,Y15T64,,_Z,,Q,,2018-Q3,,61.69154,,,,A,,0,,1,
DATAFLOW,OECD.SDD.TPS:DSD_LFS@DF_IALFS_EMP_WAP_Q(1.0),,I,MEX,,EMP_WAP,,PT_WAP_SUB,,_Z,,Y,,_T,,Y15T64,,_Z,,Q,,2018-Q4,,61.6185,,,,A,,0,,1,
DATAFLOW,OECD.SDD.TPS:DSD_LFS@DF_IALFS_EMP_WAP_Q(1.0),,I,MEX,,EMP_WAP,,PT_WAP_SUB,,_Z,,Y,,_T,,Y15T64,,_Z,,Q,,2019-Q1,,62.0561,,,,A,,0,,1,
DATAFLOW,OECD.SDD.TPS:DSD_LFS@DF_IALFS_EMP_WAP_Q(1.0),,I,MEX,,EMP_WAP,,PT_WAP_SUB,,_Z,,Y,,_T,,Y15T64,,_Z,,Q,,2019-Q2,,62.24784,,,,A,,0,,1,
DATAFLOW,OECD.SDD.TPS:DSD_LFS@DF_IALFS_EMP_WAP_Q(1.0),,I,MEX,,EMP_WAP,,PT_WAP_SUB,,_Z,,Y,,_T,,Y15T64,,_Z,,Q,,2019-Q3,,62.35284,,,,A,,0,,1,
DATAFLOW,OECD.SDD.TPS:DSD_LFS@DF_IALFS_EMP_WAP_Q(1.0),,I,MEX,,EMP_WAP,,PT_WAP_SUB,,_Z,,Y,,_T,,Y15T64,,_Z,,Q,,2019-Q4,,62.40072,,,,A,,0,,1,
DATAFLOW,OECD.SDD.TPS:DSD_LFS@DF_IALFS_EMP_WAP_Q(1.0),,I,MEX,,EMP_WAP,,PT_WAP_SUB,,_Z,,Y,,_T,,Y15T64,,_Z,,Q,,2020-Q1,,62.53359,,,,A,,0,,1,
DATAFLOW,OECD.SDD.TPS:DSD_LFS@DF_IALFS_EMP_WAP_Q(1.0),,I,MEX,,EMP_WAP,,PT_WAP_SUB,,_Z,,Y,,_T,,Y15T64,,_Z,,Q,,2020-Q2,,51.41005,,,,A,,0,,1,
DATAFLOW,OECD.SDD.TPS:DSD_LFS@DF_IALFS_EMP_WAP_Q(1.0),,I,MEX,,EMP_WAP,,PT_WAP_SUB,,_Z,,Y,,_T,,Y15T64,,_Z,,Q,,2020-Q3,,56.88814,,,,A,,0,,1,
DATAFLOW,OECD.SDD.TPS:DSD_LFS@DF_IALFS_EMP_WAP_Q(1.0),,I,MEX,,EMP_WAP,,PT_WAP_SUB,,_Z,,Y,,_T,,Y15T64,,_Z,,Q,,2020-Q4,,59.25048,,,,A,,0,,1,
DATAFLOW,OECD.SDD.TPS:DSD_LFS@DF_IALFS_EMP_WAP_Q(1.0),,I,MEX,,EMP_WAP,,PT_WAP_SUB,,_Z,,Y,,_T,,Y15T64,,_Z,,Q,,2021-Q1,,59.55603,,,,A,,0,,1,
DATAFLOW,OECD.SDD.TPS:DSD_LFS@DF_IALFS_EMP_WAP_Q(1.0),,I,MEX,,EMP_WAP,,PT_WAP_SUB,,_Z,,Y,,_T,,Y15T64,,_Z,,Q,,2021-Q2,,61.11906,,,,A,,0,,1,
DATAFLOW,OECD.SDD.TPS:DSD_LFS@DF_IALFS_EMP_WAP_Q(1.0),,I,MEX,,EMP_WAP,,PT_WAP_SUB,,_Z,,Y,,_T,,Y15T64,,_Z,,Q,,2021-Q3,,61.52335,,,,A,,0,,1,
DATAFLOW,OECD.SDD.TPS:DSD_LFS@DF_IALFS_EMP_WAP_Q(1.0),,I,MEX,,EMP_WAP,,PT_WAP_SUB,,_Z,,Y,,_T,,Y15T64,,_Z,,Q,,2021-Q4,,61.93361,,,,A,,0,,1,
DATAFLOW,OECD.SDD.TPS:DSD_LFS@DF_IALFS_EMP_WAP_Q(1.0),,I,MEX,,EMP_WAP,,PT_WAP_SUB,,_Z,,Y,,_T,,Y15T64,,_Z,,Q,,2022-Q1,,61.82362,,,,A,,0,,1,
DATAFLOW,OECD.SDD.TPS:DSD_LFS@DF_IALFS_EMP_WAP_Q(1.0),,I,MEX,,EMP_WAP,,PT_WAP_SUB,,_Z,,Y,,_T,,Y15T64,,_Z,,Q,,2022-Q2,,62.58722,,,,A,,0,,1,
DATAFLOW,OECD.SDD.TPS:DSD_LFS@DF_IALFS_EMP_WAP_Q(1.0),,I,MEX,,EMP_WAP,,PT_WAP_SUB,,_Z,,Y,,_T,,Y15T64,,_Z,,Q,,2022-Q3,,62.56186,,,,A,,0,,1,
DATAFLOW,OECD.SDD.TPS:DSD_LFS@DF_IALFS_EMP_WAP_Q(1.0),,I,MEX,,EMP_WAP,,PT_WAP_SUB,,_Z,,Y,,_T,,Y15T64,,_Z,,Q,,2022-Q4,,63.17146,,,,A,,0,,1,
DATAFLOW,OECD.SDD.TPS:DSD_LFS@DF_IALFS_EMP_WAP_Q(1.0),,I,MEX,,EMP_WAP,,PT_WAP_SUB,,_Z,,Y,,_T,,Y15T64,,_Z,,Q,,2023-Q1,,63.79808,,,,A,,0,,1,
DATAFLOW,OECD.SDD.TPS:DSD_LFS@DF_IALFS_EMP_WAP_Q(1.0),,I,MEX,,EMP_WAP,,PT_WAP_SUB,,_Z,,Y,,_T,,Y15T64,,_Z,,Q,,2023-Q2,,63.3738,,,,A,,0,,1,
DATAFLOW,OECD.SDD.TPS:DSD_LFS@DF_IALFS_EMP_WAP_Q(1.0),,I,MEX,,EMP_WAP,,PT_WAP_SUB,,_Z,,Y,,_T,,Y15T64,,_Z,,Q,,2023-Q3,,63.80358,,,,A,,0,,1,
DATAFLOW,OECD.SDD.TPS:DSD_LFS@DF_IALFS_EMP_WAP_Q(1.0),,I,MEX,,EMP_WAP,,PT_WAP_SUB,,_Z,,Y,,_T,,Y15T64,,_Z,,Q,,2023-Q4,,63.83186,,,,A,,0,,1,
DATAFLOW,OECD.SDD.TPS:DSD_LFS@DF_IALFS_EMP_WAP_Q(1.0),,I,MEX,,EMP_WAP,,PT_WAP_SUB,,_Z,,Y,,_T,,Y15T64,,_Z,,Q,,2024-Q1,,64.16609,,,,A,,0,,1,
DATAFLOW,OECD.SDD.TPS:DSD_LFS@DF_IALFS_EMP_WAP_Q(1.0),,I,MEX,,EMP_WAP,,PT_WAP_SUB,,_Z,,Y,,_T,,Y15T64,,_Z,,Q,,2024-Q2,,63.95868,,,,A,,0,,1,
DATAFLOW,OECD.SDD.TPS:DSD_LFS@DF_IALFS_EMP_WAP_Q(1.0),,I,MEX,,EMP_WAP,,PT_WAP_SUB,,_Z,,Y,,_T,,Y15T64,,_Z,,Q,,2024-Q3,,63.8697,,,,A,,0,,1,
DATAFLOW,OECD.SDD.TPS:DSD_LFS@DF_IALFS_EMP_WAP_Q(1.0),,I,MEX,,EMP_WAP,,PT_WAP_SUB,,_Z,,Y,,_T,,Y15T64,,_Z,,Q,,2024-Q4,,63.49335,,,,A,,0,,1,
DATAFLOW,OECD.SDD.TPS:DSD_LFS@DF_IALFS_EMP_WAP_Q(1.0),,I,MEX,,EMP_WAP,,PT_WAP_SUB,,_Z,,Y,,_T,,Y15T64,,_Z,,Q,,2025-Q1,,63.59296,,,,A,,0,,1,
DATAFLOW,OECD.SDD.TPS:DSD_LFS@DF_IALFS_EMP_WAP_Q(1.0),,I,MEX,,EMP_WAP,,PT_WAP_SUB,,_Z,,Y,,_T,,Y15T64,,_Z,,Q,,2025-Q2,,63.30341,,,,A,,0,,1,
DATAFLOW,OECD.SDD.TPS:DSD_LFS@DF_IALFS_EMP_WAP_Q(1.0),,I,MEX,,EMP_WAP,,PT_WAP_SUB,,_Z,,Y,,_T,,Y15T64,,_Z,,Q,,2025-Q3,,63.12662,,,,A,,0,,1,
DATAFLOW,OECD.SDD.TPS:DSD_LFS@DF_IALFS_EMP_WAP_Q(1.0),,I,MEX,,EMP_WAP,,PT_WAP_SUB,,_Z,,Y,,_T,,Y15T64,,_Z,,Q,,2025-Q4,,63.11154,,,,A,,0,,1,
DATAFLOW,OECD.SDD.TPS:DSD_LFS@DF_IALFS_EMP_WAP_Q(1.0),,I,MEX,,EMP_WAP,,PT_WAP_SUB,,_Z,,Y,,_T,,Y15T64,,_Z,,Q,,2026-Q1,,63.2543,,,,A,,0,,1,
DATAFLOW,OECD.SDD.TPS:DSD_LFS@DF_IALFS_EMP_WAP_Q(1.0),,I,EA,,EMP_WAP,,PT_WAP_SUB,,_Z,,Y,,_T,,Y15T64,,_Z,,Q,,2005-Q1,,63.21289,,,,A,,0,,1,
DATAFLOW,OECD.SDD.TPS:DSD_LFS@DF_IALFS_EMP_WAP_Q(1.0),,I,EA,,EMP_WAP,,PT_WAP_SUB,,_Z,,Y,,_T,,Y15T64,,_Z,,Q,,2005-Q2,,63.32062,,,,A,,0,,1,
DATAFLOW,OECD.SDD.TPS:DSD_LFS@DF_IALFS_EMP_WAP_Q(1.0),,I,EA,,EMP_WAP,,PT_WAP_SUB,,_Z,,Y,,_T,,Y15T64,,_Z,,Q,,2005-Q3,,63.45056,,,,A,,0,,1,
DATAFLOW,OECD.SDD.TPS:DSD_LFS@DF_IALFS_EMP_WAP_Q(1.0),,I,EA,,EMP_WAP,,PT_WAP_SUB,,_Z,,Y,,_T,,Y15T64,,_Z,,Q,,2005-Q4,,63.67111,,,,A,,0,,1,
DATAFLOW,OECD.SDD.TPS:DSD_LFS@DF_IALFS_EMP_WAP_Q(1.0),,I,EA,,EMP_WAP,,PT_WAP_SUB,,_Z,,Y,,_T,,Y15T64,,_Z,,Q,,2006-Q1,,64.00504,,,,A,,0,,1,
DATAFLOW,OECD.SDD.TPS:DSD_LFS@DF_IALFS_EMP_WAP_Q(1.0),,I,EA,,EMP_WAP,,PT_WAP_SUB,,_Z,,Y,,_T,,Y15T64,,_Z,,Q,,2006-Q2,,64.29763,,,,A,,0,,1,
DATAFLOW,OECD.SDD.TPS:DSD_LFS@DF_IALFS_EMP_WAP_Q(1.0),,I,EA,,EMP_WAP,,PT_WAP_SUB,,_Z,,Y,,_T,,Y15T64,,_Z,,Q,,2006-Q3,,64.53559,,,,A,,0,,1,
DATAFLOW,OECD.SDD.TPS:DSD_LFS@DF_IALFS_EMP_WAP_Q(1.0),,I,EA,,EMP_WAP,,PT_WAP_SUB,,_Z,,Y,,_T,,Y15T64,,_Z,,Q,,2006-Q4,,64.76298,,,,A,,0,,1,
DATAFLOW,OECD.SDD.TPS:DSD_LFS@DF_IALFS_EMP_WAP_Q(1.0),,I,EA,,EMP_WAP,,PT_WAP_SUB,,_Z,,Y,,_T,,Y15T64,,_Z,,Q,,2007-Q1,,65.02168,,,,A,,0,,1,
DATAFLOW,OECD.SDD.TPS:DSD_LFS@DF_IALFS_EMP_WAP_Q(1.0),,I,EA,,EMP_WAP,,PT_WAP_SUB,,_Z,,Y,,_T,,Y15T64,,_Z,,Q,,2007-Q2,,65.31374,,,,A,,0,,1,
DATAFLOW,OECD.SDD.TPS:DSD_LFS@DF_IALFS_EMP_WAP_Q(1.0),,I,EA,,EMP_WAP,,PT_WAP_SUB,,_Z,,Y,,_T,,Y15T64,,_Z,,Q,,2007-Q3,,65.59381,,,,A,,0,,1,
DATAFLOW,OECD.SDD.TPS:DSD_LFS@DF_IALFS_EMP_WAP_Q(1.0),,I,EA,,EMP_WAP,,PT_WAP_SUB,,_Z,,Y,,_T,,Y15T64,,_Z,,Q,,2007-Q4,,65.69693,,,,A,,0,,1,
DATAFLOW,OECD.SDD.TPS:DSD_LFS@DF_IALFS_EMP_WAP_Q(1.0),,I,EA,,EMP_WAP,,PT_WAP_SUB,,_Z,,Y,,_T,,Y15T64,,_Z,,Q,,2008-Q1,,65.82372,,,,A,,0,,1,
DATAFLOW,OECD.SDD.TPS:DSD_LFS@DF_IALFS_EMP_WAP_Q(1.0),,I,EA,,EMP_WAP,,PT_WAP_SUB,,_Z,,Y,,_T,,Y15T64,,_Z,,Q,,2008-Q2,,65.81867,,,,A,,0,,1,
DATAFLOW,OECD.SDD.TPS:DSD_LFS@DF_IALFS_EMP_WAP_Q(1.0),,I,EA,,EMP_WAP,,PT_WAP_SUB,,_Z,,Y,,_T,,Y15T64,,_Z,,Q,,2008-Q3,,65.84669,,,,A,,0,,1,
DATAFLOW,OECD.SDD.TPS:DSD_LFS@DF_IALFS_EMP_WAP_Q(1.0),,I,EA,,EMP_WAP,,PT_WAP_SUB,,_Z,,Y,,_T,,Y15T64,,_Z,,Q,,2008-Q4,,65.52985,,,,A,,0,,1,
DATAFLOW,OECD.SDD.TPS:DSD_LFS@DF_IALFS_EMP_WAP_Q(1.0),,I,EA,,EMP_WAP,,PT_WAP_SUB,,_Z,,Y,,_T,,Y15T64,,_Z,,Q,,2009-Q1,,67.00781,,,,A,,0,,1,
DATAFLOW,OECD.SDD.TPS:DSD_LFS@DF_IALFS_EMP_WAP_Q(1.0),,I,EA,,EMP_WAP,,PT_WAP_SUB,,_Z,,Y,,_T,,Y15T64,,_Z,,Q,,2009-Q2,,66.66912,,,,A,,0,,1,
DATAFLOW,OECD.SDD.TPS:DSD_LFS@DF_IALFS_EMP_WAP_Q(1.0),,I,EA,,EMP_WAP,,PT_WAP_SUB,,_Z,,Y,,_T,,Y15T64,,_Z,,Q,,2009-Q3,,66.3625,,,,A,,0,,1,
DATAFLOW,OECD.SDD.TPS:DSD_LFS@DF_IALFS_EMP_WAP_Q(1.0),,I,EA,,EMP_WAP,,PT_WAP_SUB,,_Z,,Y,,_T,,Y15T64,,_Z,,Q,,2009-Q4,,66.27143,,,,A,,0,,1,
DATAFLOW,OECD.SDD.TPS:DSD_LFS@DF_IALFS_EMP_WAP_Q(1.0),,I,EA,,EMP_WAP,,PT_WAP_SUB,,_Z,,Y,,_T,,Y15T64,,_Z,,Q,,2010-Q1,,66.13793,,,,A,,0,,1,
DATAFLOW,OECD.SDD.TPS:DSD_LFS@DF_IALFS_EMP_WAP_Q(1.0),,I,EA,,EMP_WAP,,PT_WAP_SUB,,_Z,,Y,,_T,,Y15T64,,_Z,,Q,,2010-Q2,,66.10054,,,,A,,0,,1,
DATAFLOW,OECD.SDD.TPS:DSD_LFS@DF_IALFS_EMP_WAP_Q(1.0),,I,EA,,EMP_WAP,,PT_WAP_SUB,,_Z,,Y,,_T,,Y15T64,,_Z,,Q,,2010-Q3,,66.17633,,,,A,,0,,1,
DATAFLOW,OECD.SDD.TPS:DSD_LFS@DF_IALFS_EMP_WAP_Q(1.0),,I,EA,,EMP_WAP,,PT_WAP_SUB,,_Z,,Y,,_T,,Y15T64,,_Z,,Q,,2010-Q4,,66.23267,,,,A,,0,,1,
DATAFLOW,OECD.SDD.TPS:DSD_LFS@DF_IALFS_EMP_WAP_Q(1.0),,I,EA,,EMP_WAP,,PT_WAP_SUB,,_Z,,Y,,_T,,Y15T64,,_Z,,Q,,2011-Q1,,66.25581,,,,A,,0,,1,
DATAFLOW,OECD.SDD.TPS:DSD_LFS@DF_IALFS_EMP_WAP_Q(1.0),,I,EA,,EMP_WAP,,PT_WAP_SUB,,_Z,,Y,,_T,,Y15T64,,_Z,,Q,,2011-Q2,,66.32406,,,,A,,0,,1,
DATAFLOW,OECD.SDD.TPS:DSD_LFS@DF_IALFS_EMP_WAP_Q(1.0),,I,EA,,EMP_WAP,,PT_WAP_SUB,,_Z,,Y,,_T,,Y15T64,,_Z,,Q,,2011-Q3,,66.22138,,,,A,,0,,1,
DATAFLOW,OECD.SDD.TPS:DSD_LFS@DF_IALFS_EMP_WAP_Q(1.0),,I,EA,,EMP_WAP,,PT_WAP_SUB,,_Z,,Y,,_T,,Y15T64,,_Z,,Q,,2011-Q4,,66.13235,,,,A,,0,,1,
DATAFLOW,OECD.SDD.TPS:DSD_LFS@DF_IALFS_EMP_WAP_Q(1.0),,I,EA,,EMP_WAP,,PT_WAP_SUB,,_Z,,Y,,_T,,Y15T64,,_Z,,Q,,2012-Q1,,65.90929,,,,A,,0,,1,
DATAFLOW,OECD.SDD.TPS:DSD_LFS@DF_IALFS_EMP_WAP_Q(1.0),,I,EA,,EMP_WAP,,PT_WAP_SUB,,_Z,,Y,,_T,,Y15T64,,_Z,,Q,,2012-Q2,,65.76836,,,,A,,0,,1,
DATAFLOW,OECD.SDD.TPS:DSD_LFS@DF_IALFS_EMP_WAP_Q(1.0),,I,EA,,EMP_WAP,,PT_WAP_SUB,,_Z,,Y,,_T,,Y15T64,,_Z,,Q,,2012-Q3,,65.72003,,,,A,,0,,1,
DATAFLOW,OECD.SDD.TPS:DSD_LFS@DF_IALFS_EMP_WAP_Q(1.0),,I,EA,,EMP_WAP,,PT_WAP_SUB,,_Z,,Y,,_T,,Y15T64,,_Z,,Q,,2012-Q4,,65.53491,,,,A,,0,,1,
DATAFLOW,OECD.SDD.TPS:DSD_LFS@DF_IALFS_EMP_WAP_Q(1.0),,I,EA,,EMP_WAP,,PT_WAP_SUB,,_Z,,Y,,_T,,Y15T64,,_Z,,Q,,2013-Q1,,65.36806,,,,A,,0,,1,
DATAFLOW,OECD.SDD.TPS:DSD_LFS@DF_IALFS_EMP_WAP_Q(1.0),,I,EA,,EMP_WAP,,PT_WAP_SUB,,_Z,,Y,,_T,,Y15T64,,_Z,,Q,,2013-Q2,,65.3359,,,,A,,0,,1,
DATAFLOW,OECD.SDD.TPS:DSD_LFS@DF_IALFS_EMP_WAP_Q(1.0),,I,EA,,EMP_WAP,,PT_WAP_SUB,,_Z,,Y,,_T,,Y15T64,,_Z,,Q,,2013-Q3,,65.38819,,,,A,,0,,1,
DATAFLOW,OECD.SDD.TPS:DSD_LFS@DF_IALFS_EMP_WAP_Q(1.0),,I,EA,,EMP_WAP,,PT_WAP_SUB,,_Z,,Y,,_T,,Y15T64,,_Z,,Q,,2013-Q4,,65.46906,,,,A,,0,,1,
DATAFLOW,OECD.SDD.TPS:DSD_LFS@DF_IALFS_EMP_WAP_Q(1.0),,I,EA,,EMP_WAP,,PT_WAP_SUB,,_Z,,Y,,_T,,Y15T64,,_Z,,Q,,2014-Q1,,65.2809,,,,A,,0,,1,
DATAFLOW,OECD.SDD.TPS:DSD_LFS@DF_IALFS_EMP_WAP_Q(1.0),,I,EA,,EMP_WAP,,PT_WAP_SUB,,_Z,,Y,,_T,,Y15T64,,_Z,,Q,,2014-Q2,,65.416,,,,A,,0,,1,
DATAFLOW,OECD.SDD.TPS:DSD_LFS@DF_IALFS_EMP_WAP_Q(1.0),,I,EA,,EMP_WAP,,PT_WAP_SUB,,_Z,,Y,,_T,,Y15T64,,_Z,,Q,,2014-Q3,,65.59603,,,,A,,0,,1,
DATAFLOW,OECD.SDD.TPS:DSD_LFS@DF_IALFS_EMP_WAP_Q(1.0),,I,EA,,EMP_WAP,,PT_WAP_SUB,,_Z,,Y,,_T,,Y15T64,,_Z,,Q,,2014-Q4,,65.71262,,,,A,,0,,1,
DATAFLOW,OECD.SDD.TPS:DSD_LFS@DF_IALFS_EMP_WAP_Q(1.0),,I,EA,,EMP_WAP,,PT_WAP_SUB,,_Z,,Y,,_T,,Y15T64,,_Z,,Q,,2015-Q1,,65.90556,,,,A,,0,,1,
DATAFLOW,OECD.SDD.TPS:DSD_LFS@DF_IALFS_EMP_WAP_Q(1.0),,I,EA,,EMP_WAP,,PT_WAP_SUB,,_Z,,Y,,_T,,Y15T64,,_Z,,Q,,2015-Q2,,66.03292,,,,A,,0,,1,
DATAFLOW,OECD.SDD.TPS:DSD_LFS@DF_IALFS_EMP_WAP_Q(1.0),,I,EA,,EMP_WAP,,PT_WAP_SUB,,_Z,,Y,,_T,,Y15T64,,_Z,,Q,,2015-Q3,,66.35036,,,,A,,0,,1,
DATAFLOW,OECD.SDD.TPS:DSD_LFS@DF_IALFS_EMP_WAP_Q(1.0),,I,EA,,EMP_WAP,,PT_WAP_SUB,,_Z,,Y,,_T,,Y15T64,,_Z,,Q,,2015-Q4,,66.52551,,,,A,,0,,1,
DATAFLOW,OECD.SDD.TPS:DSD_LFS@DF_IALFS_EMP_WAP_Q(1.0),,I,EA,,EMP_WAP,,PT_WAP_SUB,,_Z,,Y,,_T,,Y15T64,,_Z,,Q,,2016-Q1,,66.75683,,,,A,,0,,1,
DATAFLOW,OECD.SDD.TPS:DSD_LFS@DF_IALFS_EMP_WAP_Q(1.0),,I,EA,,EMP_WAP,,PT_WAP_SUB,,_Z,,Y,,_T,,Y15T64,,_Z,,Q,,2016-Q2,,66.98911,,,,A,,0,,1,
DATAFLOW,OECD.SDD.TPS:DSD_LFS@DF_IALFS_EMP_WAP_Q(1.0),,I,EA,,EMP_WAP,,PT_WAP_SUB,,_Z,,Y,,_T,,Y15T64,,_Z,,Q,,2016-Q3,,67.27775,,,,A,,0,,1,
DATAFLOW,OECD.SDD.TPS:DSD_LFS@DF_IALFS_EMP_WAP_Q(1.0),,I,EA,,EMP_WAP,,PT_WAP_SUB,,_Z,,Y,,_T,,Y15T64,,_Z,,Q,,2016-Q4,,67.40194,,,,A,,0,,1,
DATAFLOW,OECD.SDD.TPS:DSD_LFS@DF_IALFS_EMP_WAP_Q(1.0),,I,EA,,EMP_WAP,,PT_WAP_SUB,,_Z,,Y,,_T,,Y15T64,,_Z,,Q,,2017-Q1,,67.61088,,,,A,,0,,1,
DATAFLOW,OECD.SDD.TPS:DSD_LFS@DF_IALFS_EMP_WAP_Q(1.0),,I,EA,,EMP_WAP,,PT_WAP_SUB,,_Z,,Y,,_T,,Y15T64,,_Z,,Q,,2017-Q2,,67.96255,,,,A,,0,,1,
DATAFLOW,OECD.SDD.TPS:DSD_LFS@DF_IALFS_EMP_WAP_Q(1.0),,I,EA,,EMP_WAP,,PT_WAP_SUB,,_Z,,Y,,_T,,Y15T64,,_Z,,Q,,2017-Q3,,68.26079,,,,A,,0,,1,
DATAFLOW,OECD.SDD.TPS:DSD_LFS@DF_IALFS_EMP_WAP_Q(1.0),,I,EA,,EMP_WAP,,PT_WAP_SUB,,_Z,,Y,,_T,,Y15T64,,_Z,,Q,,2017-Q4,,68.54243,,,,A,,0,,1,
DATAFLOW,OECD.SDD.TPS:DSD_LFS@DF_IALFS_EMP_WAP_Q(1.0),,I,EA,,EMP_WAP,,PT_WAP_SUB,,_Z,,Y,,_T,,Y15T64,,_Z,,Q,,2018-Q1,,68.63599,,,,A,,0,,1,
DATAFLOW,OECD.SDD.TPS:DSD_LFS@DF_IALFS_EMP_WAP_Q(1.0),,I,EA,,EMP_WAP,,PT_WAP_SUB,,_Z,,Y,,_T,,Y15T64,,_Z,,Q,,2018-Q2,,68.8931,,,,A,,0,,1,
DATAFLOW,OECD.SDD.TPS:DSD_LFS@DF_IALFS_EMP_WAP_Q(1.0),,I,EA,,EMP_WAP,,PT_WAP_SUB,,_Z,,Y,,_T,,Y15T64,,_Z,,Q,,2018-Q3,,69.18966,,,,A,,0,,1,
DATAFLOW,OECD.SDD.TPS:DSD_LFS@DF_IALFS_EMP_WAP_Q(1.0),,I,EA,,EMP_WAP,,PT_WAP_SUB,,_Z,,Y,,_T,,Y15T64,,_Z,,Q,,2018-Q4,,69.32186,,,,A,,0,,1,
DATAFLOW,OECD.SDD.TPS:DSD_LFS@DF_IALFS_EMP_WAP_Q(1.0),,I,EA,,EMP_WAP,,PT_WAP_SUB,,_Z,,Y,,_T,,Y15T64,,_Z,,Q,,2019-Q1,,69.42716,,,,A,,0,,1,
DATAFLOW,OECD.SDD.TPS:DSD_LFS@DF_IALFS_EMP_WAP_Q(1.0),,I,EA,,EMP_WAP,,PT_WAP_SUB,,_Z,,Y,,_T,,Y15T64,,_Z,,Q,,2019-Q2,,69.59977,,,,A,,0,,1,
DATAFLOW,OECD.SDD.TPS:DSD_LFS@DF_IALFS_EMP_WAP_Q(1.0),,I,EA,,EMP_WAP,,PT_WAP_SUB,,_Z,,Y,,_T,,Y15T64,,_Z,,Q,,2019-Q3,,69.62981,,,,A,,0,,1,
DATAFLOW,OECD.SDD.TPS:DSD_LFS@DF_IALFS_EMP_WAP_Q(1.0),,I,EA,,EMP_WAP,,PT_WAP_SUB,,_Z,,Y,,_T,,Y15T64,,_Z,,Q,,2019-Q4,,69.87004,,,,A,,0,,1,
DATAFLOW,OECD.SDD.TPS:DSD_LFS@DF_IALFS_EMP_WAP_Q(1.0),,I,EA,,EMP_WAP,,PT_WAP_SUB,,_Z,,Y,,_T,,Y15T64,,_Z,,Q,,2020-Q1,,69.28422,,,,A,,0,,1,
DATAFLOW,OECD.SDD.TPS:DSD_LFS@DF_IALFS_EMP_WAP_Q(1.0),,I,EA,,EMP_WAP,,PT_WAP_SUB,,_Z,,Y,,_T,,Y15T64,,_Z,,Q,,2020-Q2,,67.17139,,,,A,,0,,1,
DATAFLOW,OECD.SDD.TPS:DSD_LFS@DF_IALFS_EMP_WAP_Q(1.0),,I,EA,,EMP_WAP,,PT_WAP_SUB,,_Z,,Y,,_T,,Y15T64,,_Z,,Q,,2020-Q3,,68.03355,,,,A,,0,,1,
DATAFLOW,OECD.SDD.TPS:DSD_LFS@DF_IALFS_EMP_WAP_Q(1.0),,I,EA,,EMP_WAP,,PT_WAP_SUB,,_Z,,Y,,_T,,Y15T64,,_Z,,Q,,2020-Q4,,68.43417,,,,A,,0,,1,
DATAFLOW,OECD.SDD.TPS:DSD_LFS@DF_IALFS_EMP_WAP_Q(1.0),,I,EA,,EMP_WAP,,PT_WAP_SUB,,_Z,,Y,,_T,,Y15T64,,_Z,,Q,,2021-Q1,,66.61414,,,,A,,0,,1,
DATAFLOW,OECD.SDD.TPS:DSD_LFS@DF_IALFS_EMP_WAP_Q(1.0),,I,EA,,EMP_WAP,,PT_WAP_SUB,,_Z,,Y,,_T,,Y15T64,,_Z,,Q,,2021-Q2,,67.475,,,,A,,0,,1,
DATAFLOW,OECD.SDD.TPS:DSD_LFS@DF_IALFS_EMP_WAP_Q(1.0),,I,EA,,EMP_WAP,,PT_WAP_SUB,,_Z,,Y,,_T,,Y15T64,,_Z,,Q,,2021-Q3,,68.47187,,,,A,,0,,1,
DATAFLOW,OECD.SDD.TPS:DSD_LFS@DF_IALFS_EMP_WAP_Q(1.0),,I,EA,,EMP_WAP,,PT_WAP_SUB,,_Z,,Y,,_T,,Y15T64,,_Z,,Q,,2021-Q4,,68.84649,,,,A,,0,,1,
DATAFLOW,OECD.SDD.TPS:DSD_LFS@DF_IALFS_EMP_WAP_Q(1.0),,I,EA,,EMP_WAP,,PT_WAP_SUB,,_Z,,Y,,_T,,Y15T64,,_Z,,Q,,2022-Q1,,69.08237,,,,A,,0,,1,
DATAFLOW,OECD.SDD.TPS:DSD_LFS@DF_IALFS_EMP_WAP_Q(1.0),,I,EA,,EMP_WAP,,PT_WAP_SUB,,_Z,,Y,,_T,,Y15T64,,_Z,,Q,,2022-Q2,,69.36611,,,,A,,0,,1,
DATAFLOW,OECD.SDD.TPS:DSD_LFS@DF_IALFS_EMP_WAP_Q(1.0),,I,EA,,EMP_WAP,,PT_WAP_SUB,,_Z,,Y,,_T,,Y15T64,,_Z,,Q,,2022-Q3,,69.4994,,,,A,,0,,1,
DATAFLOW,OECD.SDD.TPS:DSD_LFS@DF_IALFS_EMP_WAP_Q(1.0),,I,EA,,EMP_WAP,,PT_WAP_SUB,,_Z,,Y,,_T,,Y15T64,,_Z,,Q,,2022-Q4,,69.62086,,,,A,,0,,1,
DATAFLOW,OECD.SDD.TPS:DSD_LFS@DF_IALFS_EMP_WAP_Q(1.0),,I,EA,,EMP_WAP,,PT_WAP_SUB,,_Z,,Y,,_T,,Y15T64,,_Z,,Q,,2023-Q1,,69.77161,,,,A,,0,,1,
DATAFLOW,OECD.SDD.TPS:DSD_LFS@DF_IALFS_EMP_WAP_Q(1.0),,I,EA,,EMP_WAP,,PT_WAP_SUB,,_Z,,Y,,_T,,Y15T64,,_Z,,Q,,2023-Q2,,70.05525,,,,A,,0,,1,
DATAFLOW,OECD.SDD.TPS:DSD_LFS@DF_IALFS_EMP_WAP_Q(1.0),,I,EA,,EMP_WAP,,PT_WAP_SUB,,_Z,,Y,,_T,,Y15T64,,_Z,,Q,,2023-Q3,,70.0948,,,,A,,0,,1,
DATAFLOW,OECD.SDD.TPS:DSD_LFS@DF_IALFS_EMP_WAP_Q(1.0),,I,EA,,EMP_WAP,,PT_WAP_SUB,,_Z,,Y,,_T,,Y15T64,,_Z,,Q,,2023-Q4,,70.19416,,,,A,,0,,1,
DATAFLOW,OECD.SDD.TPS:DSD_LFS@DF_IALFS_EMP_WAP_Q(1.0),,I,EA,,EMP_WAP,,PT_WAP_SUB,,_Z,,Y,,_T,,Y15T64,,_Z,,Q,,2024-Q1,,70.20453,,,,A,,0,,1,
DATAFLOW,OECD.SDD.TPS:DSD_LFS@DF_IALFS_EMP_WAP_Q(1.0),,I,EA,,EMP_WAP,,PT_WAP_SUB,,_Z,,Y,,_T,,Y15T64,,_Z,,Q,,2024-Q2,,70.42507,,,,A,,0,,1,
DATAFLOW,OECD.SDD.TPS:DSD_LFS@DF_IALFS_EMP_WAP_Q(1.0),,I,EA,,EMP_WAP,,PT_WAP_SUB,,_Z,,Y,,_T,,Y15T64,,_Z,,Q,,2024-Q3,,70.54486,,,,A,,0,,1,
DATAFLOW,OECD.SDD.TPS:DSD_LFS@DF_IALFS_EMP_WAP_Q(1.0),,I,EA,,EMP_WAP,,PT_WAP_SUB,,_Z,,Y,,_T,,Y15T64,,_Z,,Q,,2024-Q4,,70.51793,,,,A,,0,,1,
DATAFLOW,OECD.SDD.TPS:DSD_LFS@DF_IALFS_EMP_WAP_Q(1.0),,I,EA,,EMP_WAP,,PT_WAP_SUB,,_Z,,Y,,_T,,Y15T64,,_Z,,Q,,2025-Q1,,70.68307,,,,A,,0,,1,
DATAFLOW,OECD.SDD.TPS:DSD_LFS@DF_IALFS_EMP_WAP_Q(1.0),,I,EA,,EMP_WAP,,PT_WAP_SUB,,_Z,,Y,,_T,,Y15T64,,_Z,,Q,,2025-Q2,,70.78127,,,,A,,0,,1,
DATAFLOW,OECD.SDD.TPS:DSD_LFS@DF_IALFS_EMP_WAP_Q(1.0),,I,EA,,EMP_WAP,,PT_WAP_SUB,,_Z,,Y,,_T,,Y15T64,,_Z,,Q,,2025-Q3,,70.79189,,,,A,,0,,1,
DATAFLOW,OECD.SDD.TPS:DSD_LFS@DF_IALFS_EMP_WAP_Q(1.0),,I,EA,,EMP_WAP,,PT_WAP_SUB,,_Z,,Y,,_T,,Y15T64,,_Z,,Q,,2025-Q4,,70.83079,,,,A,,0,,1,
DATAFLOW,OECD.SDD.TPS:DSD_LFS@DF_IALFS_EMP_WAP_Q(1.0),,I,EA,,EMP_WAP,,PT_WAP_SUB,,_Z,,Y,,_T,,Y15T64,,_Z,,Q,,2026-Q1,,70.83843,,,,A,,0,,1,
DATAFLOW,OECD.SDD.TPS:DSD_LFS@DF_IALFS_EMP_WAP_Q(1.0),,I,EU,,EMP_WAP,,PT_WAP_SUB,,_Z,,Y,,_T,,Y15T64,,_Z,,Q,,2005-Q1,,61.87331,,,,A,,0,,1,
DATAFLOW,OECD.SDD.TPS:DSD_LFS@DF_IALFS_EMP_WAP_Q(1.0),,I,EU,,EMP_WAP,,PT_WAP_SUB,,_Z,,Y,,_T,,Y15T64,,_Z,,Q,,2005-Q2,,62.04021,,,,A,,0,,1,
DATAFLOW,OECD.SDD.TPS:DSD_LFS@DF_IALFS_EMP_WAP_Q(1.0),,I,EU,,EMP_WAP,,PT_WAP_SUB,,_Z,,Y,,_T,,Y15T64,,_Z,,Q,,2005-Q3,,62.19604,,,,A,,0,,1,
DATAFLOW,OECD.SDD.TPS:DSD_LFS@DF_IALFS_EMP_WAP_Q(1.0),,I,EU,,EMP_WAP,,PT_WAP_SUB,,_Z,,Y,,_T,,Y15T64,,_Z,,Q,,2005-Q4,,62.48153,,,,A,,0,,1,
DATAFLOW,OECD.SDD.TPS:DSD_LFS@DF_IALFS_EMP_WAP_Q(1.0),,I,EU,,EMP_WAP,,PT_WAP_SUB,,_Z,,Y,,_T,,Y15T64,,_Z,,Q,,2006-Q1,,62.76732,,,,A,,0,,1,
DATAFLOW,OECD.SDD.TPS:DSD_LFS@DF_IALFS_EMP_WAP_Q(1.0),,I,EU,,EMP_WAP,,PT_WAP_SUB,,_Z,,Y,,_T,,Y15T64,,_Z,,Q,,2006-Q2,,63.06199,,,,A,,0,,1,
DATAFLOW,OECD.SDD.TPS:DSD_LFS@DF_IALFS_EMP_WAP_Q(1.0),,I,EU,,EMP_WAP,,PT_WAP_SUB,,_Z,,Y,,_T,,Y15T64,,_Z,,Q,,2006-Q3,,63.40159,,,,A,,0,,1,
DATAFLOW,OECD.SDD.TPS:DSD_LFS@DF_IALFS_EMP_WAP_Q(1.0),,I,EU,,EMP_WAP,,PT_WAP_SUB,,_Z,,Y,,_T,,Y15T64,,_Z,,Q,,2006-Q4,,63.64293,,,,A,,0,,1,
DATAFLOW,OECD.SDD.TPS:DSD_LFS@DF_IALFS_EMP_WAP_Q(1.0),,I,EU,,EMP_WAP,,PT_WAP_SUB,,_Z,,Y,,_T,,Y15T64,,_Z,,Q,,2007-Q1,,63.95678,,,,A,,0,,1,
DATAFLOW,OECD.SDD.TPS:DSD_LFS@DF_IALFS_EMP_WAP_Q(1.0),,I,EU,,EMP_WAP,,PT_WAP_SUB,,_Z,,Y,,_T,,Y15T64,,_Z,,Q,,2007-Q2,,64.23536,,,,A,,0,,1,
DATAFLOW,OECD.SDD.TPS:DSD_LFS@DF_IALFS_EMP_WAP_Q(1.0),,I,EU,,EMP_WAP,,PT_WAP_SUB,,_Z,,Y,,_T,,Y15T64,,_Z,,Q,,2007-Q3,,64.46367,,,,A,,0,,1,
DATAFLOW,OECD.SDD.TPS:DSD_LFS@DF_IALFS_EMP_WAP_Q(1.0),,I,EU,,EMP_WAP,,PT_WAP_SUB,,_Z,,Y,,_T,,Y15T64,,_Z,,Q,,2007-Q4,,64.65016,,,,A,,0,,1,
DATAFLOW,OECD.SDD.TPS:DSD_LFS@DF_IALFS_EMP_WAP_Q(1.0),,I,EU,,EMP_WAP,,PT_WAP_SUB,,_Z,,Y,,_T,,Y15T64,,_Z,,Q,,2008-Q1,,64.87388,,,,A,,0,,1,
DATAFLOW,OECD.SDD.TPS:DSD_LFS@DF_IALFS_EMP_WAP_Q(1.0),,I,EU,,EMP_WAP,,PT_WAP_SUB,,_Z,,Y,,_T,,Y15T64,,_Z,,Q,,2008-Q2,,64.89835,,,,A,,0,,1,
DATAFLOW,OECD.SDD.TPS:DSD_LFS@DF_IALFS_EMP_WAP_Q(1.0),,I,EU,,EMP_WAP,,PT_WAP_SUB,,_Z,,Y,,_T,,Y15T64,,_Z,,Q,,2008-Q3,,64.93491,,,,A,,0,,1,
DATAFLOW,OECD.SDD.TPS:DSD_LFS@DF_IALFS_EMP_WAP_Q(1.0),,I,EU,,EMP_WAP,,PT_WAP_SUB,,_Z,,Y,,_T,,Y15T64,,_Z,,Q,,2008-Q4,,64.68583,,,,A,,0,,1,
DATAFLOW,OECD.SDD.TPS:DSD_LFS@DF_IALFS_EMP_WAP_Q(1.0),,I,EU,,EMP_WAP,,PT_WAP_SUB,,_Z,,Y,,_T,,Y15T64,,_Z,,Q,,2009-Q1,,63.33139,,,,A,,0,,1,
DATAFLOW,OECD.SDD.TPS:DSD_LFS@DF_IALFS_EMP_WAP_Q(1.0),,I,EU,,EMP_WAP,,PT_WAP_SUB,,_Z,,Y,,_T,,Y15T64,,_Z,,Q,,2009-Q2,,63.02393,,,,A,,0,,1,
DATAFLOW,OECD.SDD.TPS:DSD_LFS@DF_IALFS_EMP_WAP_Q(1.0),,I,EU,,EMP_WAP,,PT_WAP_SUB,,_Z,,Y,,_T,,Y15T64,,_Z,,Q,,2009-Q3,,62.84886,,,,A,,0,,1,
DATAFLOW,OECD.SDD.TPS:DSD_LFS@DF_IALFS_EMP_WAP_Q(1.0),,I,EU,,EMP_WAP,,PT_WAP_SUB,,_Z,,Y,,_T,,Y15T64,,_Z,,Q,,2009-Q4,,62.72475,,,,A,,0,,1,
DATAFLOW,OECD.SDD.TPS:DSD_LFS@DF_IALFS_EMP_WAP_Q(1.0),,I,EU,,EMP_WAP,,PT_WAP_SUB,,_Z,,Y,,_T,,Y15T64,,_Z,,Q,,2010-Q1,,62.69252,,,,A,,0,,1,
DATAFLOW,OECD.SDD.TPS:DSD_LFS@DF_IALFS_EMP_WAP_Q(1.0),,I,EU,,EMP_WAP,,PT_WAP_SUB,,_Z,,Y,,_T,,Y15T64,,_Z,,Q,,2010-Q2,,62.75859,,,,A,,0,,1,
DATAFLOW,OECD.SDD.TPS:DSD_LFS@DF_IALFS_EMP_WAP_Q(1.0),,I,EU,,EMP_WAP,,PT_WAP_SUB,,_Z,,Y,,_T,,Y15T64,,_Z,,Q,,2010-Q3,,62.86648,,,,A,,0,,1,
DATAFLOW,OECD.SDD.TPS:DSD_LFS@DF_IALFS_EMP_WAP_Q(1.0),,I,EU,,EMP_WAP,,PT_WAP_SUB,,_Z,,Y,,_T,,Y15T64,,_Z,,Q,,2010-Q4,,62.90421,,,,A,,0,,1,
DATAFLOW,OECD.SDD.TPS:DSD_LFS@DF_IALFS_EMP_WAP_Q(1.0),,I,EU,,EMP_WAP,,PT_WAP_SUB,,_Z,,Y,,_T,,Y15T64,,_Z,,Q,,2011-Q1,,62.97412,,,,A,,0,,1,
DATAFLOW,OECD.SDD.TPS:DSD_LFS@DF_IALFS_EMP_WAP_Q(1.0),,I,EU,,EMP_WAP,,PT_WAP_SUB,,_Z,,Y,,_T,,Y15T64,,_Z,,Q,,2011-Q2,,63.037,,,,A,,0,,1,
DATAFLOW,OECD.SDD.TPS:DSD_LFS@DF_IALFS_EMP_WAP_Q(1.0),,I,EU,,EMP_WAP,,PT_WAP_SUB,,_Z,,Y,,_T,,Y15T64,,_Z,,Q,,2011-Q3,,62.93997,,,,A,,0,,1,
DATAFLOW,OECD.SDD.TPS:DSD_LFS@DF_IALFS_EMP_WAP_Q(1.0),,I,EU,,EMP_WAP,,PT_WAP_SUB,,_Z,,Y,,_T,,Y15T64,,_Z,,Q,,2011-Q4,,62.90343,,,,A,,0,,1,
DATAFLOW,OECD.SDD.TPS:DSD_LFS@DF_IALFS_EMP_WAP_Q(1.0),,I,EU,,EMP_WAP,,PT_WAP_SUB,,_Z,,Y,,_T,,Y15T64,,_Z,,Q,,2012-Q1,,62.83057,,,,A,,0,,1,
DATAFLOW,OECD.SDD.TPS:DSD_LFS@DF_IALFS_EMP_WAP_Q(1.0),,I,EU,,EMP_WAP,,PT_WAP_SUB,,_Z,,Y,,_T,,Y15T64,,_Z,,Q,,2012-Q2,,62.77329,,,,A,,0,,1,
DATAFLOW,OECD.SDD.TPS:DSD_LFS@DF_IALFS_EMP_WAP_Q(1.0),,I,EU,,EMP_WAP,,PT_WAP_SUB,,_Z,,Y,,_T,,Y15T64,,_Z,,Q,,2012-Q3,,62.73038,,,,A,,0,,1,
DATAFLOW,OECD.SDD.TPS:DSD_LFS@DF_IALFS_EMP_WAP_Q(1.0),,I,EU,,EMP_WAP,,PT_WAP_SUB,,_Z,,Y,,_T,,Y15T64,,_Z,,Q,,2012-Q4,,62.64212,,,,A,,0,,1,
DATAFLOW,OECD.SDD.TPS:DSD_LFS@DF_IALFS_EMP_WAP_Q(1.0),,I,EU,,EMP_WAP,,PT_WAP_SUB,,_Z,,Y,,_T,,Y15T64,,_Z,,Q,,2013-Q1,,62.53909,,,,A,,0,,1,
DATAFLOW,OECD.SDD.TPS:DSD_LFS@DF_IALFS_EMP_WAP_Q(1.0),,I,EU,,EMP_WAP,,PT_WAP_SUB,,_Z,,Y,,_T,,Y15T64,,_Z,,Q,,2013-Q2,,62.59338,,,,A,,0,,1,
DATAFLOW,OECD.SDD.TPS:DSD_LFS@DF_IALFS_EMP_WAP_Q(1.0),,I,EU,,EMP_WAP,,PT_WAP_SUB,,_Z,,Y,,_T,,Y15T64,,_Z,,Q,,2013-Q3,,62.62324,,,,A,,0,,1,
DATAFLOW,OECD.SDD.TPS:DSD_LFS@DF_IALFS_EMP_WAP_Q(1.0),,I,EU,,EMP_WAP,,PT_WAP_SUB,,_Z,,Y,,_T,,Y15T64,,_Z,,Q,,2013-Q4,,62.76081,,,,A,,0,,1,
DATAFLOW,OECD.SDD.TPS:DSD_LFS@DF_IALFS_EMP_WAP_Q(1.0),,I,EU,,EMP_WAP,,PT_WAP_SUB,,_Z,,Y,,_T,,Y15T64,,_Z,,Q,,2014-Q1,,62.8235,,,,A,,0,,1,
DATAFLOW,OECD.SDD.TPS:DSD_LFS@DF_IALFS_EMP_WAP_Q(1.0),,I,EU,,EMP_WAP,,PT_WAP_SUB,,_Z,,Y,,_T,,Y15T64,,_Z,,Q,,2014-Q2,,63.01372,,,,A,,0,,1,
DATAFLOW,OECD.SDD.TPS:DSD_LFS@DF_IALFS_EMP_WAP_Q(1.0),,I,EU,,EMP_WAP,,PT_WAP_SUB,,_Z,,Y,,_T,,Y15T64,,_Z,,Q,,2014-Q3,,63.19955,,,,A,,0,,1,
DATAFLOW,OECD.SDD.TPS:DSD_LFS@DF_IALFS_EMP_WAP_Q(1.0),,I,EU,,EMP_WAP,,PT_WAP_SUB,,_Z,,Y,,_T,,Y15T64,,_Z,,Q,,2014-Q4,,63.34264,,,,A,,0,,1,
DATAFLOW,OECD.SDD.TPS:DSD_LFS@DF_IALFS_EMP_WAP_Q(1.0),,I,EU,,EMP_WAP,,PT_WAP_SUB,,_Z,,Y,,_T,,Y15T64,,_Z,,Q,,2015-Q1,,63.58617,,,,A,,0,,1,
DATAFLOW,OECD.SDD.TPS:DSD_LFS@DF_IALFS_EMP_WAP_Q(1.0),,I,EU,,EMP_WAP,,PT_WAP_SUB,,_Z,,Y,,_T,,Y15T64,,_Z,,Q,,2015-Q2,,63.78659,,,,A,,0,,1,
DATAFLOW,OECD.SDD.TPS:DSD_LFS@DF_IALFS_EMP_WAP_Q(1.0),,I,EU,,EMP_WAP,,PT_WAP_SUB,,_Z,,Y,,_T,,Y15T64,,_Z,,Q,,2015-Q3,,64.10051,,,,A,,0,,1,
DATAFLOW,OECD.SDD.TPS:DSD_LFS@DF_IALFS_EMP_WAP_Q(1.0),,I,EU,,EMP_WAP,,PT_WAP_SUB,,_Z,,Y,,_T,,Y15T64,,_Z,,Q,,2015-Q4,,64.35139,,,,A,,0,,1,
DATAFLOW,OECD.SDD.TPS:DSD_LFS@DF_IALFS_EMP_WAP_Q(1.0),,I,EU,,EMP_WAP,,PT_WAP_SUB,,_Z,,Y,,_T,,Y15T64,,_Z,,Q,,2016-Q1,,64.66158,,,,A,,0,,1,
DATAFLOW,OECD.SDD.TPS:DSD_LFS@DF_IALFS_EMP_WAP_Q(1.0),,I,EU,,EMP_WAP,,PT_WAP_SUB,,_Z,,Y,,_T,,Y15T64,,_Z,,Q,,2016-Q2,,64.88811,,,,A,,0,,1,
DATAFLOW,OECD.SDD.TPS:DSD_LFS@DF_IALFS_EMP_WAP_Q(1.0),,I,EU,,EMP_WAP,,PT_WAP_SUB,,_Z,,Y,,_T,,Y15T64,,_Z,,Q,,2016-Q3,,65.15356,,,,A,,0,,1,
DATAFLOW,OECD.SDD.TPS:DSD_LFS@DF_IALFS_EMP_WAP_Q(1.0),,I,EU,,EMP_WAP,,PT_WAP_SUB,,_Z,,Y,,_T,,Y15T64,,_Z,,Q,,2016-Q4,,65.42805,,,,A,,0,,1,
DATAFLOW,OECD.SDD.TPS:DSD_LFS@DF_IALFS_EMP_WAP_Q(1.0),,I,EU,,EMP_WAP,,PT_WAP_SUB,,_Z,,Y,,_T,,Y15T64,,_Z,,Q,,2017-Q1,,65.74203,,,,A,,0,,1,
DATAFLOW,OECD.SDD.TPS:DSD_LFS@DF_IALFS_EMP_WAP_Q(1.0),,I,EU,,EMP_WAP,,PT_WAP_SUB,,_Z,,Y,,_T,,Y15T64,,_Z,,Q,,2017-Q2,,66.06768,,,,A,,0,,1,
DATAFLOW,OECD.SDD.TPS:DSD_LFS@DF_IALFS_EMP_WAP_Q(1.0),,I,EU,,EMP_WAP,,PT_WAP_SUB,,_Z,,Y,,_T,,Y15T64,,_Z,,Q,,2017-Q3,,66.31952,,,,A,,0,,1,
DATAFLOW,OECD.SDD.TPS:DSD_LFS@DF_IALFS_EMP_WAP_Q(1.0),,I,EU,,EMP_WAP,,PT_WAP_SUB,,_Z,,Y,,_T,,Y15T64,,_Z,,Q,,2017-Q4,,66.62211,,,,A,,0,,1,
DATAFLOW,OECD.SDD.TPS:DSD_LFS@DF_IALFS_EMP_WAP_Q(1.0),,I,EU,,EMP_WAP,,PT_WAP_SUB,,_Z,,Y,,_T,,Y15T64,,_Z,,Q,,2018-Q1,,66.83901,,,,A,,0,,1,
DATAFLOW,OECD.SDD.TPS:DSD_LFS@DF_IALFS_EMP_WAP_Q(1.0),,I,EU,,EMP_WAP,,PT_WAP_SUB,,_Z,,Y,,_T,,Y15T64,,_Z,,Q,,2018-Q2,,67.06962,,,,A,,0,,1,
DATAFLOW,OECD.SDD.TPS:DSD_LFS@DF_IALFS_EMP_WAP_Q(1.0),,I,EU,,EMP_WAP,,PT_WAP_SUB,,_Z,,Y,,_T,,Y15T64,,_Z,,Q,,2018-Q3,,67.33559,,,,A,,0,,1,
DATAFLOW,OECD.SDD.TPS:DSD_LFS@DF_IALFS_EMP_WAP_Q(1.0),,I,EU,,EMP_WAP,,PT_WAP_SUB,,_Z,,Y,,_T,,Y15T64,,_Z,,Q,,2018-Q4,,67.46359,,,,A,,0,,1,
DATAFLOW,OECD.SDD.TPS:DSD_LFS@DF_IALFS_EMP_WAP_Q(1.0),,I,EU,,EMP_WAP,,PT_WAP_SUB,,_Z,,Y,,_T,,Y15T64,,_Z,,Q,,2019-Q1,,67.80852,,,,A,,0,,1,
DATAFLOW,OECD.SDD.TPS:DSD_LFS@DF_IALFS_EMP_WAP_Q(1.0),,I,EU,,EMP_WAP,,PT_WAP_SUB,,_Z,,Y,,_T,,Y15T64,,_Z,,Q,,2019-Q2,,67.97201,,,,A,,0,,1,
DATAFLOW,OECD.SDD.TPS:DSD_LFS@DF_IALFS_EMP_WAP_Q(1.0),,I,EU,,EMP_WAP,,PT_WAP_SUB,,_Z,,Y,,_T,,Y15T64,,_Z,,Q,,2019-Q3,,68.01481,,,,A,,0,,1,
DATAFLOW,OECD.SDD.TPS:DSD_LFS@DF_IALFS_EMP_WAP_Q(1.0),,I,EU,,EMP_WAP,,PT_WAP_SUB,,_Z,,Y,,_T,,Y15T64,,_Z,,Q,,2019-Q4,,68.2837,,,,A,,0,,1,
DATAFLOW,OECD.SDD.TPS:DSD_LFS@DF_IALFS_EMP_WAP_Q(1.0),,I,EU,,EMP_WAP,,PT_WAP_SUB,,_Z,,Y,,_T,,Y15T64,,_Z,,Q,,2020-Q1,,68.1039,,,,A,,0,,1,
DATAFLOW,OECD.SDD.TPS:DSD_LFS@DF_IALFS_EMP_WAP_Q(1.0),,I,EU,,EMP_WAP,,PT_WAP_SUB,,_Z,,Y,,_T,,Y15T64,,_Z,,Q,,2020-Q2,,65.96342,,,,A,,0,,1,
DATAFLOW,OECD.SDD.TPS:DSD_LFS@DF_IALFS_EMP_WAP_Q(1.0),,I,EU,,EMP_WAP,,PT_WAP_SUB,,_Z,,Y,,_T,,Y15T64,,_Z,,Q,,2020-Q3,,66.58614,,,,A,,0,,1,
DATAFLOW,OECD.SDD.TPS:DSD_LFS@DF_IALFS_EMP_WAP_Q(1.0),,I,EU,,EMP_WAP,,PT_WAP_SUB,,_Z,,Y,,_T,,Y15T64,,_Z,,Q,,2020-Q4,,67.15445,,,,A,,0,,1,
DATAFLOW,OECD.SDD.TPS:DSD_LFS@DF_IALFS_EMP_WAP_Q(1.0),,I,EU,,EMP_WAP,,PT_WAP_SUB,,_Z,,Y,,_T,,Y15T64,,_Z,,Q,,2021-Q1,,67.45866,,,,A,,0,,1,
DATAFLOW,OECD.SDD.TPS:DSD_LFS@DF_IALFS_EMP_WAP_Q(1.0),,I,EU,,EMP_WAP,,PT_WAP_SUB,,_Z,,Y,,_T,,Y15T64,,_Z,,Q,,2021-Q2,,67.96133,,,,A,,0,,1,
DATAFLOW,OECD.SDD.TPS:DSD_LFS@DF_IALFS_EMP_WAP_Q(1.0),,I,EU,,EMP_WAP,,PT_WAP_SUB,,_Z,,Y,,_T,,Y15T64,,_Z,,Q,,2021-Q3,,68.77486,,,,A,,0,,1,
DATAFLOW,OECD.SDD.TPS:DSD_LFS@DF_IALFS_EMP_WAP_Q(1.0),,I,EU,,EMP_WAP,,PT_WAP_SUB,,_Z,,Y,,_T,,Y15T64,,_Z,,Q,,2021-Q4,,69.20131,,,,A,,0,,1,
DATAFLOW,OECD.SDD.TPS:DSD_LFS@DF_IALFS_EMP_WAP_Q(1.0),,I,EU,,EMP_WAP,,PT_WAP_SUB,,_Z,,Y,,_T,,Y15T64,,_Z,,Q,,2022-Q1,,69.58648,,,,A,,0,,1,
DATAFLOW,OECD.SDD.TPS:DSD_LFS@DF_IALFS_EMP_WAP_Q(1.0),,I,EU,,EMP_WAP,,PT_WAP_SUB,,_Z,,Y,,_T,,Y15T64,,_Z,,Q,,2022-Q2,,69.77171,,,,A,,0,,1,
DATAFLOW,OECD.SDD.TPS:DSD_LFS@DF_IALFS_EMP_WAP_Q(1.0),,I,EU,,EMP_WAP,,PT_WAP_SUB,,_Z,,Y,,_T,,Y15T64,,_Z,,Q,,2022-Q3,,69.88369,,,,A,,0,,1,
DATAFLOW,OECD.SDD.TPS:DSD_LFS@DF_IALFS_EMP_WAP_Q(1.0),,I,EU,,EMP_WAP,,PT_WAP_SUB,,_Z,,Y,,_T,,Y15T64,,_Z,,Q,,2022-Q4,,70.03141,,,,A,,0,,1,
DATAFLOW,OECD.SDD.TPS:DSD_LFS@DF_IALFS_EMP_WAP_Q(1.0),,I,EU,,EMP_WAP,,PT_WAP_SUB,,_Z,,Y,,_T,,Y15T64,,_Z,,Q,,2023-Q1,,70.22581,,,,A,,0,,1,
DATAFLOW,OECD.SDD.TPS:DSD_LFS@DF_IALFS_EMP_WAP_Q(1.0),,I,EU,,EMP_WAP,,PT_WAP_SUB,,_Z,,Y,,_T,,Y15T64,,_Z,,Q,,2023-Q2,,70.40405,,,,A,,0,,1,
DATAFLOW,OECD.SDD.TPS:DSD_LFS@DF_IALFS_EMP_WAP_Q(1.0),,I,EU,,EMP_WAP,,PT_WAP_SUB,,_Z,,Y,,_T,,Y15T64,,_Z,,Q,,2023-Q3,,70.43485,,,,A,,0,,1,
DATAFLOW,OECD.SDD.TPS:DSD_LFS@DF_IALFS_EMP_WAP_Q(1.0),,I,EU,,EMP_WAP,,PT_WAP_SUB,,_Z,,Y,,_T,,Y15T64,,_Z,,Q,,2023-Q4,,70.55357,,,,A,,0,,1,
DATAFLOW,OECD.SDD.TPS:DSD_LFS@DF_IALFS_EMP_WAP_Q(1.0),,I,EU,,EMP_WAP,,PT_WAP_SUB,,_Z,,Y,,_T,,Y15T64,,_Z,,Q,,2024-Q1,,70.61839,,,,A,,0,,1,
DATAFLOW,OECD.SDD.TPS:DSD_LFS@DF_IALFS_EMP_WAP_Q(1.0),,I,EU,,EMP_WAP,,PT_WAP_SUB,,_Z,,Y,,_T,,Y15T64,,_Z,,Q,,2024-Q2,,70.72293,,,,A,,0,,1,
DATAFLOW,OECD.SDD.TPS:DSD_LFS@DF_IALFS_EMP_WAP_Q(1.0),,I,EU,,EMP_WAP,,PT_WAP_SUB,,_Z,,Y,,_T,,Y15T64,,_Z,,Q,,2024-Q3,,70.82852,,,,A,,0,,1,
DATAFLOW,OECD.SDD.TPS:DSD_LFS@DF_IALFS_EMP_WAP_Q(1.0),,I,EU,,EMP_WAP,,PT_WAP_SUB,,_Z,,Y,,_T,,Y15T64,,_Z,,Q,,2024-Q4,,70.87335,,,,A,,0,,1,
DATAFLOW,OECD.SDD.TPS:DSD_LFS@DF_IALFS_EMP_WAP_Q(1.0),,I,EU,,EMP_WAP,,PT_WAP_SUB,,_Z,,Y,,_T,,Y15T64,,_Z,,Q,,2025-Q1,,70.9584,,,,A,,0,,1,
DATAFLOW,OECD.SDD.TPS:DSD_LFS@DF_IALFS_EMP_WAP_Q(1.0),,I,EU,,EMP_WAP,,PT_WAP_SUB,,_Z,,Y,,_T,,Y15T64,,_Z,,Q,,2025-Q2,,70.96806,,,,A,,0,,1,
DATAFLOW,OECD.SDD.TPS:DSD_LFS@DF_IALFS_EMP_WAP_Q(1.0),,I,EU,,EMP_WAP,,PT_WAP_SUB,,_Z,,Y,,_T,,Y15T64,,_Z,,Q,,2025-Q3,,71.04194,,,,A,,0,,1,
DATAFLOW,OECD.SDD.TPS:DSD_LFS@DF_IALFS_EMP_WAP_Q(1.0),,I,EU,,EMP_WAP,,PT_WAP_SUB,,_Z,,Y,,_T,,Y15T64,,_Z,,Q,,2025-Q4,,71.13506,,,,A,,0,,1,
DATAFLOW,OECD.SDD.TPS:DSD_LFS@DF_IALFS_EMP_WAP_Q(1.0),,I,EU,,EMP_WAP,,PT_WAP_SUB,,_Z,,Y,,_T,,Y15T64,,_Z,,Q,,2026-Q1,,71.19572,,,,A,,0,,1,
DATAFLOW,OECD.SDD.TPS:DSD_LFS@DF_IALFS_EMP_WAP_Q(1.0),,I,TUR,,EMP_WAP,,PT_WAP_SUB,,_Z,,Y,,_T,,Y15T64,,_Z,,Q,,2006-Q1,,43.93091,,,,A,,0,,1,
DATAFLOW,OECD.SDD.TPS:DSD_LFS@DF_IALFS_EMP_WAP_Q(1.0),,I,TUR,,EMP_WAP,,PT_WAP_SUB,,_Z,,Y,,_T,,Y15T64,,_Z,,Q,,2006-Q2,,44.5116,,,,A,,0,,1,
DATAFLOW,OECD.SDD.TPS:DSD_LFS@DF_IALFS_EMP_WAP_Q(1.0),,I,TUR,,EMP_WAP,,PT_WAP_SUB,,_Z,,Y,,_T,,Y15T64,,_Z,,Q,,2006-Q3,,44.73539,,,,A,,0,,1,
DATAFLOW,OECD.SDD.TPS:DSD_LFS@DF_IALFS_EMP_WAP_Q(1.0),,I,TUR,,EMP_WAP,,PT_WAP_SUB,,_Z,,Y,,_T,,Y15T64,,_Z,,Q,,2006-Q4,,45.2169,,,,A,,0,,1,
DATAFLOW,OECD.SDD.TPS:DSD_LFS@DF_IALFS_EMP_WAP_Q(1.0),,I,TUR,,EMP_WAP,,PT_WAP_SUB,,_Z,,Y,,_T,,Y15T64,,_Z,,Q,,2007-Q1,,44.88614,,,,A,,0,,1,
DATAFLOW,OECD.SDD.TPS:DSD_LFS@DF_IALFS_EMP_WAP_Q(1.0),,I,TUR,,EMP_WAP,,PT_WAP_SUB,,_Z,,Y,,_T,,Y15T64,,_Z,,Q,,2007-Q2,,44.72568,,,,A,,0,,1,
DATAFLOW,OECD.SDD.TPS:DSD_LFS@DF_IALFS_EMP_WAP_Q(1.0),,I,TUR,,EMP_WAP,,PT_WAP_SUB,,_Z,,Y,,_T,,Y15T64,,_Z,,Q,,2007-Q3,,44.69601,,,,A,,0,,1,
DATAFLOW,OECD.SDD.TPS:DSD_LFS@DF_IALFS_EMP_WAP_Q(1.0),,I,TUR,,EMP_WAP,,PT_WAP_SUB,,_Z,,Y,,_T,,Y15T64,,_Z,,Q,,2007-Q4,,44.21421,,,,A,,0,,1,
DATAFLOW,OECD.SDD.TPS:DSD_LFS@DF_IALFS_EMP_WAP_Q(1.0),,I,TUR,,EMP_WAP,,PT_WAP_SUB,,_Z,,Y,,_T,,Y15T64,,_Z,,Q,,2008-Q1,,44.67233,,,,A,,0,,1,
DATAFLOW,OECD.SDD.TPS:DSD_LFS@DF_IALFS_EMP_WAP_Q(1.0),,I,TUR,,EMP_WAP,,PT_WAP_SUB,,_Z,,Y,,_T,,Y15T64,,_Z,,Q,,2008-Q2,,45.16194,,,,A,,0,,1,
DATAFLOW,OECD.SDD.TPS:DSD_LFS@DF_IALFS_EMP_WAP_Q(1.0),,I,TUR,,EMP_WAP,,PT_WAP_SUB,,_Z,,Y,,_T,,Y15T64,,_Z,,Q,,2008-Q3,,45.08403,,,,A,,0,,1,
DATAFLOW,OECD.SDD.TPS:DSD_LFS@DF_IALFS_EMP_WAP_Q(1.0),,I,TUR,,EMP_WAP,,PT_WAP_SUB,,_Z,,Y,,_T,,Y15T64,,_Z,,Q,,2008-Q4,,44.54879,,,,A,,0,,1,
DATAFLOW,OECD.SDD.TPS:DSD_LFS@DF_IALFS_EMP_WAP_Q(1.0),,I,TUR,,EMP_WAP,,PT_WAP_SUB,,_Z,,Y,,_T,,Y15T64,,_Z,,Q,,2009-Q1,,43.61824,,,,A,,0,,1,
DATAFLOW,OECD.SDD.TPS:DSD_LFS@DF_IALFS_EMP_WAP_Q(1.0),,I,TUR,,EMP_WAP,,PT_WAP_SUB,,_Z,,Y,,_T,,Y15T64,,_Z,,Q,,2009-Q2,,43.59706,,,,A,,0,,1,
DATAFLOW,OECD.SDD.TPS:DSD_LFS@DF_IALFS_EMP_WAP_Q(1.0),,I,TUR,,EMP_WAP,,PT_WAP_SUB,,_Z,,Y,,_T,,Y15T64,,_Z,,Q,,2009-Q3,,44.55676,,,,A,,0,,1,
DATAFLOW,OECD.SDD.TPS:DSD_LFS@DF_IALFS_EMP_WAP_Q(1.0),,I,TUR,,EMP_WAP,,PT_WAP_SUB,,_Z,,Y,,_T,,Y15T64,,_Z,,Q,,2009-Q4,,45.22969,,,,A,,0,,1,
DATAFLOW,OECD.SDD.TPS:DSD_LFS@DF_IALFS_EMP_WAP_Q(1.0),,I,TUR,,EMP_WAP,,PT_WAP_SUB,,_Z,,Y,,_T,,Y15T64,,_Z,,Q,,2010-Q1,,45.79815,,,,A,,0,,1,
DATAFLOW,OECD.SDD.TPS:DSD_LFS@DF_IALFS_EMP_WAP_Q(1.0),,I,TUR,,EMP_WAP,,PT_WAP_SUB,,_Z,,Y,,_T,,Y15T64,,_Z,,Q,,2010-Q2,,46.20257,,,,A,,0,,1,
DATAFLOW,OECD.SDD.TPS:DSD_LFS@DF_IALFS_EMP_WAP_Q(1.0),,I,TUR,,EMP_WAP,,PT_WAP_SUB,,_Z,,Y,,_T,,Y15T64,,_Z,,Q,,2010-Q3,,46.27089,,,,A,,0,,1,
DATAFLOW,OECD.SDD.TPS:DSD_LFS@DF_IALFS_EMP_WAP_Q(1.0),,I,TUR,,EMP_WAP,,PT_WAP_SUB,,_Z,,Y,,_T,,Y15T64,,_Z,,Q,,2010-Q4,,46.88107,,,,A,,0,,1,
DATAFLOW,OECD.SDD.TPS:DSD_LFS@DF_IALFS_EMP_WAP_Q(1.0),,I,TUR,,EMP_WAP,,PT_WAP_SUB,,_Z,,Y,,_T,,Y15T64,,_Z,,Q,,2011-Q1,,48.03602,,,,A,,0,,1,
DATAFLOW,OECD.SDD.TPS:DSD_LFS@DF_IALFS_EMP_WAP_Q(1.0),,I,TUR,,EMP_WAP,,PT_WAP_SUB,,_Z,,Y,,_T,,Y15T64,,_Z,,Q,,2011-Q2,,48.11031,,,,A,,0,,1,
DATAFLOW,OECD.SDD.TPS:DSD_LFS@DF_IALFS_EMP_WAP_Q(1.0),,I,TUR,,EMP_WAP,,PT_WAP_SUB,,_Z,,Y,,_T,,Y15T64,,_Z,,Q,,2011-Q3,,48.80072,,,,A,,0,,1,
DATAFLOW,OECD.SDD.TPS:DSD_LFS@DF_IALFS_EMP_WAP_Q(1.0),,I,TUR,,EMP_WAP,,PT_WAP_SUB,,_Z,,Y,,_T,,Y15T64,,_Z,,Q,,2011-Q4,,48.72297,,,,A,,0,,1,
DATAFLOW,OECD.SDD.TPS:DSD_LFS@DF_IALFS_EMP_WAP_Q(1.0),,I,TUR,,EMP_WAP,,PT_WAP_SUB,,_Z,,Y,,_T,,Y15T64,,_Z,,Q,,2012-Q1,,48.09717,,,,A,,0,,1,
DATAFLOW,OECD.SDD.TPS:DSD_LFS@DF_IALFS_EMP_WAP_Q(1.0),,I,TUR,,EMP_WAP,,PT_WAP_SUB,,_Z,,Y,,_T,,Y15T64,,_Z,,Q,,2012-Q2,,48.75441,,,,A,,0,,1,
DATAFLOW,OECD.SDD.TPS:DSD_LFS@DF_IALFS_EMP_WAP_Q(1.0),,I,TUR,,EMP_WAP,,PT_WAP_SUB,,_Z,,Y,,_T,,Y15T64,,_Z,,Q,,2012-Q3,,48.94335,,,,A,,0,,1,
DATAFLOW,OECD.SDD.TPS:DSD_LFS@DF_IALFS_EMP_WAP_Q(1.0),,I,TUR,,EMP_WAP,,PT_WAP_SUB,,_Z,,Y,,_T,,Y15T64,,_Z,,Q,,2012-Q4,,49.78281,,,,A,,0,,1,
DATAFLOW,OECD.SDD.TPS:DSD_LFS@DF_IALFS_EMP_WAP_Q(1.0),,I,TUR,,EMP_WAP,,PT_WAP_SUB,,_Z,,Y,,_T,,Y15T64,,_Z,,Q,,2013-Q1,,49.59363,,,,A,,0,,1,
DATAFLOW,OECD.SDD.TPS:DSD_LFS@DF_IALFS_EMP_WAP_Q(1.0),,I,TUR,,EMP_WAP,,PT_WAP_SUB,,_Z,,Y,,_T,,Y15T64,,_Z,,Q,,2013-Q2,,49.67427,,,,A,,0,,1,
DATAFLOW,OECD.SDD.TPS:DSD_LFS@DF_IALFS_EMP_WAP_Q(1.0),,I,TUR,,EMP_WAP,,PT_WAP_SUB,,_Z,,Y,,_T,,Y15T64,,_Z,,Q,,2013-Q3,,49.43029,,,,A,,0,,1,
DATAFLOW,OECD.SDD.TPS:DSD_LFS@DF_IALFS_EMP_WAP_Q(1.0),,I,TUR,,EMP_WAP,,PT_WAP_SUB,,_Z,,Y,,_T,,Y15T64,,_Z,,Q,,2013-Q4,,49.40889,,,,A,,0,,1,
DATAFLOW,OECD.SDD.TPS:DSD_LFS@DF_IALFS_EMP_WAP_Q(1.0),,I,TUR,,EMP_WAP,,PT_WAP_SUB,,_Z,,Y,,_T,,Y15T64,,_Z,,Q,,2014-Q1,,49.62642,,,,A,,0,,1,
DATAFLOW,OECD.SDD.TPS:DSD_LFS@DF_IALFS_EMP_WAP_Q(1.0),,I,TUR,,EMP_WAP,,PT_WAP_SUB,,_Z,,Y,,_T,,Y15T64,,_Z,,Q,,2014-Q2,,49.70541,,,,A,,0,,1,
DATAFLOW,OECD.SDD.TPS:DSD_LFS@DF_IALFS_EMP_WAP_Q(1.0),,I,TUR,,EMP_WAP,,PT_WAP_SUB,,_Z,,Y,,_T,,Y15T64,,_Z,,Q,,2014-Q3,,49.39187,,,,A,,0,,1,
DATAFLOW,OECD.SDD.TPS:DSD_LFS@DF_IALFS_EMP_WAP_Q(1.0),,I,TUR,,EMP_WAP,,PT_WAP_SUB,,_Z,,Y,,_T,,Y15T64,,_Z,,Q,,2014-Q4,,49.46317,,,,A,,0,,1,
DATAFLOW,OECD.SDD.TPS:DSD_LFS@DF_IALFS_EMP_WAP_Q(1.0),,I,TUR,,EMP_WAP,,PT_WAP_SUB,,_Z,,Y,,_T,,Y15T64,,_Z,,Q,,2015-Q1,,49.87536,,,,A,,0,,1,
DATAFLOW,OECD.SDD.TPS:DSD_LFS@DF_IALFS_EMP_WAP_Q(1.0),,I,TUR,,EMP_WAP,,PT_WAP_SUB,,_Z,,Y,,_T,,Y15T64,,_Z,,Q,,2015-Q2,,50.08043,,,,A,,0,,1,
DATAFLOW,OECD.SDD.TPS:DSD_LFS@DF_IALFS_EMP_WAP_Q(1.0),,I,TUR,,EMP_WAP,,PT_WAP_SUB,,_Z,,Y,,_T,,Y15T64,,_Z,,Q,,2015-Q3,,50.36379,,,,A,,0,,1,
DATAFLOW,OECD.SDD.TPS:DSD_LFS@DF_IALFS_EMP_WAP_Q(1.0),,I,TUR,,EMP_WAP,,PT_WAP_SUB,,_Z,,Y,,_T,,Y15T64,,_Z,,Q,,2015-Q4,,50.35474,,,,A,,0,,1,
DATAFLOW,OECD.SDD.TPS:DSD_LFS@DF_IALFS_EMP_WAP_Q(1.0),,I,TUR,,EMP_WAP,,PT_WAP_SUB,,_Z,,Y,,_T,,Y15T64,,_Z,,Q,,2016-Q1,,50.85416,,,,A,,0,,1,
DATAFLOW,OECD.SDD.TPS:DSD_LFS@DF_IALFS_EMP_WAP_Q(1.0),,I,TUR,,EMP_WAP,,PT_WAP_SUB,,_Z,,Y,,_T,,Y15T64,,_Z,,Q,,2016-Q2,,51.03039,,,,A,,0,,1,
DATAFLOW,OECD.SDD.TPS:DSD_LFS@DF_IALFS_EMP_WAP_Q(1.0),,I,TUR,,EMP_WAP,,PT_WAP_SUB,,_Z,,Y,,_T,,Y15T64,,_Z,,Q,,2016-Q3,,50.3068,,,,A,,0,,1,
DATAFLOW,OECD.SDD.TPS:DSD_LFS@DF_IALFS_EMP_WAP_Q(1.0),,I,TUR,,EMP_WAP,,PT_WAP_SUB,,_Z,,Y,,_T,,Y15T64,,_Z,,Q,,2016-Q4,,50.40166,,,,A,,0,,1,
DATAFLOW,OECD.SDD.TPS:DSD_LFS@DF_IALFS_EMP_WAP_Q(1.0),,I,TUR,,EMP_WAP,,PT_WAP_SUB,,_Z,,Y,,_T,,Y15T64,,_Z,,Q,,2017-Q1,,50.84041,,,,A,,0,,1,
DATAFLOW,OECD.SDD.TPS:DSD_LFS@DF_IALFS_EMP_WAP_Q(1.0),,I,TUR,,EMP_WAP,,PT_WAP_SUB,,_Z,,Y,,_T,,Y15T64,,_Z,,Q,,2017-Q2,,51.38393,,,,A,,0,,1,
DATAFLOW,OECD.SDD.TPS:DSD_LFS@DF_IALFS_EMP_WAP_Q(1.0),,I,TUR,,EMP_WAP,,PT_WAP_SUB,,_Z,,Y,,_T,,Y15T64,,_Z,,Q,,2017-Q3,,51.78814,,,,A,,0,,1,
DATAFLOW,OECD.SDD.TPS:DSD_LFS@DF_IALFS_EMP_WAP_Q(1.0),,I,TUR,,EMP_WAP,,PT_WAP_SUB,,_Z,,Y,,_T,,Y15T64,,_Z,,Q,,2017-Q4,,52.15179,,,,A,,0,,1,
DATAFLOW,OECD.SDD.TPS:DSD_LFS@DF_IALFS_EMP_WAP_Q(1.0),,I,TUR,,EMP_WAP,,PT_WAP_SUB,,_Z,,Y,,_T,,Y15T64,,_Z,,Q,,2018-Q1,,52.37416,,,,A,,0,,1,
DATAFLOW,OECD.SDD.TPS:DSD_LFS@DF_IALFS_EMP_WAP_Q(1.0),,I,TUR,,EMP_WAP,,PT_WAP_SUB,,_Z,,Y,,_T,,Y15T64,,_Z,,Q,,2018-Q2,,52.15601,,,,A,,0,,1,
DATAFLOW,OECD.SDD.TPS:DSD_LFS@DF_IALFS_EMP_WAP_Q(1.0),,I,TUR,,EMP_WAP,,PT_WAP_SUB,,_Z,,Y,,_T,,Y15T64,,_Z,,Q,,2018-Q3,,52.15359,,,,A,,0,,1,
DATAFLOW,OECD.SDD.TPS:DSD_LFS@DF_IALFS_EMP_WAP_Q(1.0),,I,TUR,,EMP_WAP,,PT_WAP_SUB,,_Z,,Y,,_T,,Y15T64,,_Z,,Q,,2018-Q4,,51.22211,,,,A,,0,,1,
DATAFLOW,OECD.SDD.TPS:DSD_LFS@DF_IALFS_EMP_WAP_Q(1.0),,I,TUR,,EMP_WAP,,PT_WAP_SUB,,_Z,,Y,,_T,,Y15T64,,_Z,,Q,,2019-Q1,,50.56625,,,,A,,0,,1,
DATAFLOW,OECD.SDD.TPS:DSD_LFS@DF_IALFS_EMP_WAP_Q(1.0),,I,TUR,,EMP_WAP,,PT_WAP_SUB,,_Z,,Y,,_T,,Y15T64,,_Z,,Q,,2019-Q2,,50.22209,,,,A,,0,,1,
DATAFLOW,OECD.SDD.TPS:DSD_LFS@DF_IALFS_EMP_WAP_Q(1.0),,I,TUR,,EMP_WAP,,PT_WAP_SUB,,_Z,,Y,,_T,,Y15T64,,_Z,,Q,,2019-Q3,,50.13599,,,,A,,0,,1,
DATAFLOW,OECD.SDD.TPS:DSD_LFS@DF_IALFS_EMP_WAP_Q(1.0),,I,TUR,,EMP_WAP,,PT_WAP_SUB,,_Z,,Y,,_T,,Y15T64,,_Z,,Q,,2019-Q4,,50.20969,,,,A,,0,,1,
DATAFLOW,OECD.SDD.TPS:DSD_LFS@DF_IALFS_EMP_WAP_Q(1.0),,I,TUR,,EMP_WAP,,PT_WAP_SUB,,_Z,,Y,,_T,,Y15T64,,_Z,,Q,,2020-Q1,,48.88281,,,,A,,0,,1,
DATAFLOW,OECD.SDD.TPS:DSD_LFS@DF_IALFS_EMP_WAP_Q(1.0),,I,TUR,,EMP_WAP,,PT_WAP_SUB,,_Z,,Y,,_T,,Y15T64,,_Z,,Q,,2020-Q2,,45.63196,,,,A,,0,,1,
DATAFLOW,OECD.SDD.TPS:DSD_LFS@DF_IALFS_EMP_WAP_Q(1.0),,I,TUR,,EMP_WAP,,PT_WAP_SUB,,_Z,,Y,,_T,,Y15T64,,_Z,,Q,,2020-Q3,,47.88131,,,,A,,0,,1,
DATAFLOW,OECD.SDD.TPS:DSD_LFS@DF_IALFS_EMP_WAP_Q(1.0),,I,TUR,,EMP_WAP,,PT_WAP_SUB,,_Z,,Y,,_T,,Y15T64,,_Z,,Q,,2020-Q4,,47.67556,,,,A,,0,,1,
DATAFLOW,OECD.SDD.TPS:DSD_LFS@DF_IALFS_EMP_WAP_Q(1.0),,I,TUR,,EMP_WAP,,PT_WAP_SUB,,_Z,,Y,,_T,,Y15T64,,_Z,,Q,,2021-Q1,,49.16479,,,,A,,0,,1,
DATAFLOW,OECD.SDD.TPS:DSD_LFS@DF_IALFS_EMP_WAP_Q(1.0),,I,TUR,,EMP_WAP,,PT_WAP_SUB,,_Z,,Y,,_T,,Y15T64,,_Z,,Q,,2021-Q2,,49.4897,,,,A,,0,,1,
DATAFLOW,OECD.SDD.TPS:DSD_LFS@DF_IALFS_EMP_WAP_Q(1.0),,I,TUR,,EMP_WAP,,PT_WAP_SUB,,_Z,,Y,,_T,,Y15T64,,_Z,,Q,,2021-Q3,,50.80623,,,,A,,0,,1,
DATAFLOW,OECD.SDD.TPS:DSD_LFS@DF_IALFS_EMP_WAP_Q(1.0),,I,TUR,,EMP_WAP,,PT_WAP_SUB,,_Z,,Y,,_T,,Y15T64,,_Z,,Q,,2021-Q4,,51.56146,,,,A,,0,,1,
DATAFLOW,OECD.SDD.TPS:DSD_LFS@DF_IALFS_EMP_WAP_Q(1.0),,I,TUR,,EMP_WAP,,PT_WAP_SUB,,_Z,,Y,,_T,,Y15T64,,_Z,,Q,,2022-Q1,,51.90597,,,,A,,0,,1,
DATAFLOW,OECD.SDD.TPS:DSD_LFS@DF_IALFS_EMP_WAP_Q(1.0),,I,TUR,,EMP_WAP,,PT_WAP_SUB,,_Z,,Y,,_T,,Y15T64,,_Z,,Q,,2022-Q2,,52.76432,,,,A,,0,,1,
DATAFLOW,OECD.SDD.TPS:DSD_LFS@DF_IALFS_EMP_WAP_Q(1.0),,I,TUR,,EMP_WAP,,PT_WAP_SUB,,_Z,,Y,,_T,,Y15T64,,_Z,,Q,,2022-Q3,,52.80278,,,,A,,0,,1,
DATAFLOW,OECD.SDD.TPS:DSD_LFS@DF_IALFS_EMP_WAP_Q(1.0),,I,TUR,,EMP_WAP,,PT_WAP_SUB,,_Z,,Y,,_T,,Y15T64,,_Z,,Q,,2022-Q4,,53.86057,,,,A,,0,,1,
DATAFLOW,OECD.SDD.TPS:DSD_LFS@DF_IALFS_EMP_WAP_Q(1.0),,I,TUR,,EMP_WAP,,PT_WAP_SUB,,_Z,,Y,,_T,,Y15T64,,_Z,,Q,,2023-Q1,,53.70327,,,,A,,0,,1,
DATAFLOW,OECD.SDD.TPS:DSD_LFS@DF_IALFS_EMP_WAP_Q(1.0),,I,TUR,,EMP_WAP,,PT_WAP_SUB,,_Z,,Y,,_T,,Y15T64,,_Z,,Q,,2023-Q2,,53.48301,,,,A,,0,,1,
DATAFLOW,OECD.SDD.TPS:DSD_LFS@DF_IALFS_EMP_WAP_Q(1.0),,I,TUR,,EMP_WAP,,PT_WAP_SUB,,_Z,,Y,,_T,,Y15T64,,_Z,,Q,,2023-Q3,,53.8064,,,,A,,0,,1,
DATAFLOW,OECD.SDD.TPS:DSD_LFS@DF_IALFS_EMP_WAP_Q(1.0),,I,TUR,,EMP_WAP,,PT_WAP_SUB,,_Z,,Y,,_T,,Y15T64,,_Z,,Q,,2023-Q4,,54.28778,,,,A,,0,,1,
DATAFLOW,OECD.SDD.TPS:DSD_LFS@DF_IALFS_EMP_WAP_Q(1.0),,I,TUR,,EMP_WAP,,PT_WAP_SUB,,_Z,,Y,,_T,,Y15T64,,_Z,,Q,,2024-Q1,,55.2598,,,,A,,0,,1,
DATAFLOW,OECD.SDD.TPS:DSD_LFS@DF_IALFS_EMP_WAP_Q(1.0),,I,TUR,,EMP_WAP,,PT_WAP_SUB,,_Z,,Y,,_T,,Y15T64,,_Z,,Q,,2024-Q2,,55.21028,,,,A,,0,,1,
DATAFLOW,OECD.SDD.TPS:DSD_LFS@DF_IALFS_EMP_WAP_Q(1.0),,I,TUR,,EMP_WAP,,PT_WAP_SUB,,_Z,,Y,,_T,,Y15T64,,_Z,,Q,,2024-Q3,,55.12788,,,,A,,0,,1,
DATAFLOW,OECD.SDD.TPS:DSD_LFS@DF_IALFS_EMP_WAP_Q(1.0),,I,TUR,,EMP_WAP,,PT_WAP_SUB,,_Z,,Y,,_T,,Y15T64,,_Z,,Q,,2024-Q4,,55.05313,,,,A,,0,,1,
DATAFLOW,OECD.SDD.TPS:DSD_LFS@DF_IALFS_EMP_WAP_Q(1.0),,I,TUR,,EMP_WAP,,PT_WAP_SUB,,_Z,,Y,,_T,,Y15T64,,_Z,,Q,,2025-Q1,,55.084,,,,A,,0,,1,
DATAFLOW,OECD.SDD.TPS:DSD_LFS@DF_IALFS_EMP_WAP_Q(1.0),,I,TUR,,EMP_WAP,,PT_WAP_SUB,,_Z,,Y,,_T,,Y15T64,,_Z,,Q,,2025-Q2,,54.93623,,,,A,,0,,1,
DATAFLOW,OECD.SDD.TPS:DSD_LFS@DF_IALFS_EMP_WAP_Q(1.0),,I,TUR,,EMP_WAP,,PT_WAP_SUB,,_Z,,Y,,_T,,Y15T64,,_Z,,Q,,2025-Q3,,55.03358,,,,A,,0,,1,
DATAFLOW,OECD.SDD.TPS:DSD_LFS@DF_IALFS_EMP_WAP_Q(1.0),,I,TUR,,EMP_WAP,,PT_WAP_SUB,,_Z,,Y,,_T,,Y15T64,,_Z,,Q,,2025-Q4,,54.96694,,,,A,,0,,1,
DATAFLOW,OECD.SDD.TPS:DSD_LFS@DF_IALFS_EMP_WAP_Q(1.0),,I,TUR,,EMP_WAP,,PT_WAP_SUB,,_Z,,Y,,_T,,Y15T64,,_Z,,Q,,2026-Q1,,54.33716,,,,A,,0,,1,
DATAFLOW,OECD.SDD.TPS:DSD_LFS@DF_IALFS_EMP_WAP_Q(1.0),,I,LUX,,EMP_WAP,,PT_WAP_SUB,,_Z,,Y,,_T,,Y15T64,,_Z,,Q,,2007-Q1,,64.54018,,,,A,,0,,1,
DATAFLOW,OECD.SDD.TPS:DSD_LFS@DF_IALFS_EMP_WAP_Q(1.0),,I,LUX,,EMP_WAP,,PT_WAP_SUB,,_Z,,Y,,_T,,Y15T64,,_Z,,Q,,2007-Q2,,63.44442,,,,A,,0,,1,
DATAFLOW,OECD.SDD.TPS:DSD_LFS@DF_IALFS_EMP_WAP_Q(1.0),,I,LUX,,EMP_WAP,,PT_WAP_SUB,,_Z,,Y,,_T,,Y15T64,,_Z,,Q,,2007-Q3,,64.45061,,,,A,,0,,1,
DATAFLOW,OECD.SDD.TPS:DSD_LFS@DF_IALFS_EMP_WAP_Q(1.0),,I,LUX,,EMP_WAP,,PT_WAP_SUB,,_Z,,Y,,_T,,Y15T64,,_Z,,Q,,2007-Q4,,64.16933,,,,A,,0,,1,
DATAFLOW,OECD.SDD.TPS:DSD_LFS@DF_IALFS_EMP_WAP_Q(1.0),,I,LUX,,EMP_WAP,,PT_WAP_SUB,,_Z,,Y,,_T,,Y15T64,,_Z,,Q,,2008-Q1,,63.57413,,,,A,,0,,1,
DATAFLOW,OECD.SDD.TPS:DSD_LFS@DF_IALFS_EMP_WAP_Q(1.0),,I,LUX,,EMP_WAP,,PT_WAP_SUB,,_Z,,Y,,_T,,Y15T64,,_Z,,Q,,2008-Q2,,63.8517,,,,A,,0,,1,
DATAFLOW,OECD.SDD.TPS:DSD_LFS@DF_IALFS_EMP_WAP_Q(1.0),,I,LUX,,EMP_WAP,,PT_WAP_SUB,,_Z,,Y,,_T,,Y15T64,,_Z,,Q,,2008-Q3,,63.49127,,,,A,,0,,1,
DATAFLOW,OECD.SDD.TPS:DSD_LFS@DF_IALFS_EMP_WAP_Q(1.0),,I,LUX,,EMP_WAP,,PT_WAP_SUB,,_Z,,Y,,_T,,Y15T64,,_Z,,Q,,2008-Q4,,62.75038,,,,A,,0,,1,
DATAFLOW,OECD.SDD.TPS:DSD_LFS@DF_IALFS_EMP_WAP_Q(1.0),,I,LUX,,EMP_WAP,,PT_WAP_SUB,,_Z,,Y,,_T,,Y15T64,,_Z,,Q,,2009-Q1,,64.62457,,,,A,,0,,1,
DATAFLOW,OECD.SDD.TPS:DSD_LFS@DF_IALFS_EMP_WAP_Q(1.0),,I,LUX,,EMP_WAP,,PT_WAP_SUB,,_Z,,Y,,_T,,Y15T64,,_Z,,Q,,2009-Q2,,65.43391,,,,A,,0,,1,
DATAFLOW,OECD.SDD.TPS:DSD_LFS@DF_IALFS_EMP_WAP_Q(1.0),,I,LUX,,EMP_WAP,,PT_WAP_SUB,,_Z,,Y,,_T,,Y15T64,,_Z,,Q,,2009-Q3,,65.6101,,,,A,,0,,1,
DATAFLOW,OECD.SDD.TPS:DSD_LFS@DF_IALFS_EMP_WAP_Q(1.0),,I,LUX,,EMP_WAP,,PT_WAP_SUB,,_Z,,Y,,_T,,Y15T64,,_Z,,Q,,2009-Q4,,65.09041,,,,A,,0,,1,
DATAFLOW,OECD.SDD.TPS:DSD_LFS@DF_IALFS_EMP_WAP_Q(1.0),,I,LUX,,EMP_WAP,,PT_WAP_SUB,,_Z,,Y,,_T,,Y15T64,,_Z,,Q,,2010-Q1,,64.89761,,,,A,,0,,1,
DATAFLOW,OECD.SDD.TPS:DSD_LFS@DF_IALFS_EMP_WAP_Q(1.0),,I,LUX,,EMP_WAP,,PT_WAP_SUB,,_Z,,Y,,_T,,Y15T64,,_Z,,Q,,2010-Q2,,64.65879,,,,A,,0,,1,
DATAFLOW,OECD.SDD.TPS:DSD_LFS@DF_IALFS_EMP_WAP_Q(1.0),,I,LUX,,EMP_WAP,,PT_WAP_SUB,,_Z,,Y,,_T,,Y15T64,,_Z,,Q,,2010-Q3,,65.95923,,,,A,,0,,1,
DATAFLOW,OECD.SDD.TPS:DSD_LFS@DF_IALFS_EMP_WAP_Q(1.0),,I,LUX,,EMP_WAP,,PT_WAP_SUB,,_Z,,Y,,_T,,Y15T64,,_Z,,Q,,2010-Q4,,65.29623,,,,A,,0,,1,
DATAFLOW,OECD.SDD.TPS:DSD_LFS@DF_IALFS_EMP_WAP_Q(1.0),,I,LUX,,EMP_WAP,,PT_WAP_SUB,,_Z,,Y,,_T,,Y15T64,,_Z,,Q,,2011-Q1,,65.51868,,,,A,,0,,1,
DATAFLOW,OECD.SDD.TPS:DSD_LFS@DF_IALFS_EMP_WAP_Q(1.0),,I,LUX,,EMP_WAP,,PT_WAP_SUB,,_Z,,Y,,_T,,Y15T64,,_Z,,Q,,2011-Q2,,63.81262,,,,A,,0,,1,
DATAFLOW,OECD.SDD.TPS:DSD_LFS@DF_IALFS_EMP_WAP_Q(1.0),,I,LUX,,EMP_WAP,,PT_WAP_SUB,,_Z,,Y,,_T,,Y15T64,,_Z,,Q,,2011-Q3,,64.84317,,,,A,,0,,1,
DATAFLOW,OECD.SDD.TPS:DSD_LFS@DF_IALFS_EMP_WAP_Q(1.0),,I,LUX,,EMP_WAP,,PT_WAP_SUB,,_Z,,Y,,_T,,Y15T64,,_Z,,Q,,2011-Q4,,64.18926,,,,A,,0,,1,
DATAFLOW,OECD.SDD.TPS:DSD_LFS@DF_IALFS_EMP_WAP_Q(1.0),,I,LUX,,EMP_WAP,,PT_WAP_SUB,,_Z,,Y,,_T,,Y15T64,,_Z,,Q,,2012-Q1,,64.67168,,,,A,,0,,1,
DATAFLOW,OECD.SDD.TPS:DSD_LFS@DF_IALFS_EMP_WAP_Q(1.0),,I,LUX,,EMP_WAP,,PT_WAP_SUB,,_Z,,Y,,_T,,Y15T64,,_Z,,Q,,2012-Q2,,65.84822,,,,A,,0,,1,
DATAFLOW,OECD.SDD.TPS:DSD_LFS@DF_IALFS_EMP_WAP_Q(1.0),,I,LUX,,EMP_WAP,,PT_WAP_SUB,,_Z,,Y,,_T,,Y15T64,,_Z,,Q,,2012-Q3,,66.45402,,,,A,,0,,1,
DATAFLOW,OECD.SDD.TPS:DSD_LFS@DF_IALFS_EMP_WAP_Q(1.0),,I,LUX,,EMP_WAP,,PT_WAP_SUB,,_Z,,Y,,_T,,Y15T64,,_Z,,Q,,2012-Q4,,66.37069,,,,A,,0,,1,
DATAFLOW,OECD.SDD.TPS:DSD_LFS@DF_IALFS_EMP_WAP_Q(1.0),,I,LUX,,EMP_WAP,,PT_WAP_SUB,,_Z,,Y,,_T,,Y15T64,,_Z,,Q,,2013-Q1,,65.36211,,,,A,,0,,1,
DATAFLOW,OECD.SDD.TPS:DSD_LFS@DF_IALFS_EMP_WAP_Q(1.0),,I,LUX,,EMP_WAP,,PT_WAP_SUB,,_Z,,Y,,_T,,Y15T64,,_Z,,Q,,2013-Q2,,65.56225,,,,A,,0,,1,
DATAFLOW,OECD.SDD.TPS:DSD_LFS@DF_IALFS_EMP_WAP_Q(1.0),,I,LUX,,EMP_WAP,,PT_WAP_SUB,,_Z,,Y,,_T,,Y15T64,,_Z,,Q,,2013-Q3,,65.821,,,,A,,0,,1,
DATAFLOW,OECD.SDD.TPS:DSD_LFS@DF_IALFS_EMP_WAP_Q(1.0),,I,LUX,,EMP_WAP,,PT_WAP_SUB,,_Z,,Y,,_T,,Y15T64,,_Z,,Q,,2013-Q4,,66.13135,,,,A,,0,,1,
DATAFLOW,OECD.SDD.TPS:DSD_LFS@DF_IALFS_EMP_WAP_Q(1.0),,I,LUX,,EMP_WAP,,PT_WAP_SUB,,_Z,,Y,,_T,,Y15T64,,_Z,,Q,,2014-Q1,,66.17205,,,,A,,0,,1,
DATAFLOW,OECD.SDD.TPS:DSD_LFS@DF_IALFS_EMP_WAP_Q(1.0),,I,LUX,,EMP_WAP,,PT_WAP_SUB,,_Z,,Y,,_T,,Y15T64,,_Z,,Q,,2014-Q2,,66.72701,,,,A,,0,,1,
DATAFLOW,OECD.SDD.TPS:DSD_LFS@DF_IALFS_EMP_WAP_Q(1.0),,I,LUX,,EMP_WAP,,PT_WAP_SUB,,_Z,,Y,,_T,,Y15T64,,_Z,,Q,,2014-Q3,,65.93382,,,,A,,0,,1,
DATAFLOW,OECD.SDD.TPS:DSD_LFS@DF_IALFS_EMP_WAP_Q(1.0),,I,LUX,,EMP_WAP,,PT_WAP_SUB,,_Z,,Y,,_T,,Y15T64,,_Z,,Q,,2014-Q4,,67.69277,,,,A,,0,,1,
DATAFLOW,OECD.SDD.TPS:DSD_LFS@DF_IALFS_EMP_WAP_Q(1.0),,I,LUX,,EMP_WAP,,PT_WAP_SUB,,_Z,,Y,,_T,,Y15T64,,_Z,,Q,,2015-Q1,,65.99015,,,,A,,0,,1,
DATAFLOW,OECD.SDD.TPS:DSD_LFS@DF_IALFS_EMP_WAP_Q(1.0),,I,LUX,,EMP_WAP,,PT_WAP_SUB,,_Z,,Y,,_T,,Y15T64,,_Z,,Q,,2015-Q2,,67.06522,,,,A,,0,,1,
DATAFLOW,OECD.SDD.TPS:DSD_LFS@DF_IALFS_EMP_WAP_Q(1.0),,I,LUX,,EMP_WAP,,PT_WAP_SUB,,_Z,,Y,,_T,,Y15T64,,_Z,,Q,,2015-Q3,,65.51398,,,,A,,0,,1,
DATAFLOW,OECD.SDD.TPS:DSD_LFS@DF_IALFS_EMP_WAP_Q(1.0),,I,LUX,,EMP_WAP,,PT_WAP_SUB,,_Z,,Y,,_T,,Y15T64,,_Z,,Q,,2015-Q4,,65.94889,,,,A,,0,,1,
DATAFLOW,OECD.SDD.TPS:DSD_LFS@DF_IALFS_EMP_WAP_Q(1.0),,I,LUX,,EMP_WAP,,PT_WAP_SUB,,_Z,,Y,,_T,,Y15T64,,_Z,,Q,,2016-Q1,,65.29264,,,,A,,0,,1,
DATAFLOW,OECD.SDD.TPS:DSD_LFS@DF_IALFS_EMP_WAP_Q(1.0),,I,LUX,,EMP_WAP,,PT_WAP_SUB,,_Z,,Y,,_T,,Y15T64,,_Z,,Q,,2016-Q2,,65.18417,,,,A,,0,,1,
DATAFLOW,OECD.SDD.TPS:DSD_LFS@DF_IALFS_EMP_WAP_Q(1.0),,I,LUX,,EMP_WAP,,PT_WAP_SUB,,_Z,,Y,,_T,,Y15T64,,_Z,,Q,,2016-Q3,,65.24743,,,,A,,0,,1,
DATAFLOW,OECD.SDD.TPS:DSD_LFS@DF_IALFS_EMP_WAP_Q(1.0),,I,LUX,,EMP_WAP,,PT_WAP_SUB,,_Z,,Y,,_T,,Y15T64,,_Z,,Q,,2016-Q4,,66.48823,,,,A,,0,,1,
DATAFLOW,OECD.SDD.TPS:DSD_LFS@DF_IALFS_EMP_WAP_Q(1.0),,I,LUX,,EMP_WAP,,PT_WAP_SUB,,_Z,,Y,,_T,,Y15T64,,_Z,,Q,,2017-Q1,,65.83233,,,,A,,0,,1,
DATAFLOW,OECD.SDD.TPS:DSD_LFS@DF_IALFS_EMP_WAP_Q(1.0),,I,LUX,,EMP_WAP,,PT_WAP_SUB,,_Z,,Y,,_T,,Y15T64,,_Z,,Q,,2017-Q2,,65.96282,,,,A,,0,,1,
DATAFLOW,OECD.SDD.TPS:DSD_LFS@DF_IALFS_EMP_WAP_Q(1.0),,I,LUX,,EMP_WAP,,PT_WAP_SUB,,_Z,,Y,,_T,,Y15T64,,_Z,,Q,,2017-Q3,,67.04781,,,,A,,0,,1,
DATAFLOW,OECD.SDD.TPS:DSD_LFS@DF_IALFS_EMP_WAP_Q(1.0),,I,LUX,,EMP_WAP,,PT_WAP_SUB,,_Z,,Y,,_T,,Y15T64,,_Z,,Q,,2017-Q4,,66.27187,,,,A,,0,,1,
DATAFLOW,OECD.SDD.TPS:DSD_LFS@DF_IALFS_EMP_WAP_Q(1.0),,I,LUX,,EMP_WAP,,PT_WAP_SUB,,_Z,,Y,,_T,,Y15T64,,_Z,,Q,,2018-Q1,,66.99811,,,,A,,0,,1,
DATAFLOW,OECD.SDD.TPS:DSD_LFS@DF_IALFS_EMP_WAP_Q(1.0),,I,LUX,,EMP_WAP,,PT_WAP_SUB,,_Z,,Y,,_T,,Y15T64,,_Z,,Q,,2018-Q2,,66.25716,,,,A,,0,,1,
DATAFLOW,OECD.SDD.TPS:DSD_LFS@DF_IALFS_EMP_WAP_Q(1.0),,I,LUX,,EMP_WAP,,PT_WAP_SUB,,_Z,,Y,,_T,,Y15T64,,_Z,,Q,,2018-Q3,,67.02321,,,,A,,0,,1,
DATAFLOW,OECD.SDD.TPS:DSD_LFS@DF_IALFS_EMP_WAP_Q(1.0),,I,LUX,,EMP_WAP,,PT_WAP_SUB,,_Z,,Y,,_T,,Y15T64,,_Z,,Q,,2018-Q4,,68.08521,,,,A,,0,,1,
DATAFLOW,OECD.SDD.TPS:DSD_LFS@DF_IALFS_EMP_WAP_Q(1.0),,I,LUX,,EMP_WAP,,PT_WAP_SUB,,_Z,,Y,,_T,,Y15T64,,_Z,,Q,,2019-Q1,,67.51666,,,,A,,0,,1,
DATAFLOW,OECD.SDD.TPS:DSD_LFS@DF_IALFS_EMP_WAP_Q(1.0),,I,LUX,,EMP_WAP,,PT_WAP_SUB,,_Z,,Y,,_T,,Y15T64,,_Z,,Q,,2019-Q2,,68.35838,,,,A,,0,,1,
DATAFLOW,OECD.SDD.TPS:DSD_LFS@DF_IALFS_EMP_WAP_Q(1.0),,I,LUX,,EMP_WAP,,PT_WAP_SUB,,_Z,,Y,,_T,,Y15T64,,_Z,,Q,,2019-Q3,,67.92251,,,,A,,0,,1,
DATAFLOW,OECD.SDD.TPS:DSD_LFS@DF_IALFS_EMP_WAP_Q(1.0),,I,LUX,,EMP_WAP,,PT_WAP_SUB,,_Z,,Y,,_T,,Y15T64,,_Z,,Q,,2019-Q4,,67.89704,,,,A,,0,,1,
DATAFLOW,OECD.SDD.TPS:DSD_LFS@DF_IALFS_EMP_WAP_Q(1.0),,I,LUX,,EMP_WAP,,PT_WAP_SUB,,_Z,,Y,,_T,,Y15T64,,_Z,,Q,,2020-Q1,,66.62519,,,,A,,0,,1,
DATAFLOW,OECD.SDD.TPS:DSD_LFS@DF_IALFS_EMP_WAP_Q(1.0),,I,LUX,,EMP_WAP,,PT_WAP_SUB,,_Z,,Y,,_T,,Y15T64,,_Z,,Q,,2020-Q2,,66.97381,,,,A,,0,,1,
DATAFLOW,OECD.SDD.TPS:DSD_LFS@DF_IALFS_EMP_WAP_Q(1.0),,I,LUX,,EMP_WAP,,PT_WAP_SUB,,_Z,,Y,,_T,,Y15T64,,_Z,,Q,,2020-Q3,,66.92064,,,,A,,0,,1,
DATAFLOW,OECD.SDD.TPS:DSD_LFS@DF_IALFS_EMP_WAP_Q(1.0),,I,LUX,,EMP_WAP,,PT_WAP_SUB,,_Z,,Y,,_T,,Y15T64,,_Z,,Q,,2020-Q4,,68.45372,,,,A,,0,,1,
DATAFLOW,OECD.SDD.TPS:DSD_LFS@DF_IALFS_EMP_WAP_Q(1.0),,I,LUX,,EMP_WAP,,PT_WAP_SUB,,_Z,,Y,,_T,,Y15T64,,_Z,,Q,,2021-Q1,,68.12232,,,,A,,0,,1,
DATAFLOW,OECD.SDD.TPS:DSD_LFS@DF_IALFS_EMP_WAP_Q(1.0),,I,LUX,,EMP_WAP,,PT_WAP_SUB,,_Z,,Y,,_T,,Y15T64,,_Z,,Q,,2021-Q2,,69.60451,,,,A,,0,,1,
DATAFLOW,OECD.SDD.TPS:DSD_LFS@DF_IALFS_EMP_WAP_Q(1.0),,I,LUX,,EMP_WAP,,PT_WAP_SUB,,_Z,,Y,,_T,,Y15T64,,_Z,,Q,,2021-Q3,,70.1433,,,,A,,0,,1,
DATAFLOW,OECD.SDD.TPS:DSD_LFS@DF_IALFS_EMP_WAP_Q(1.0),,I,LUX,,EMP_WAP,,PT_WAP_SUB,,_Z,,Y,,_T,,Y15T64,,_Z,,Q,,2021-Q4,,69.55598,,,,A,,0,,1,
DATAFLOW,OECD.SDD.TPS:DSD_LFS@DF_IALFS_EMP_WAP_Q(1.0),,I,LUX,,EMP_WAP,,PT_WAP_SUB,,_Z,,Y,,_T,,Y15T64,,_Z,,Q,,2022-Q1,,70.55968,,,,A,,0,,1,
DATAFLOW,OECD.SDD.TPS:DSD_LFS@DF_IALFS_EMP_WAP_Q(1.0),,I,LUX,,EMP_WAP,,PT_WAP_SUB,,_Z,,Y,,_T,,Y15T64,,_Z,,Q,,2022-Q2,,70.10641,,,,A,,0,,1,
DATAFLOW,OECD.SDD.TPS:DSD_LFS@DF_IALFS_EMP_WAP_Q(1.0),,I,LUX,,EMP_WAP,,PT_WAP_SUB,,_Z,,Y,,_T,,Y15T64,,_Z,,Q,,2022-Q3,,69.99498,,,,A,,0,,1,
DATAFLOW,OECD.SDD.TPS:DSD_LFS@DF_IALFS_EMP_WAP_Q(1.0),,I,LUX,,EMP_WAP,,PT_WAP_SUB,,_Z,,Y,,_T,,Y15T64,,_Z,,Q,,2022-Q4,,69.82311,,,,A,,0,,1,
DATAFLOW,OECD.SDD.TPS:DSD_LFS@DF_IALFS_EMP_WAP_Q(1.0),,I,LUX,,EMP_WAP,,PT_WAP_SUB,,_Z,,Y,,_T,,Y15T64,,_Z,,Q,,2023-Q1,,70.51837,,,,A,,0,,1,
DATAFLOW,OECD.SDD.TPS:DSD_LFS@DF_IALFS_EMP_WAP_Q(1.0),,I,LUX,,EMP_WAP,,PT_WAP_SUB,,_Z,,Y,,_T,,Y15T64,,_Z,,Q,,2023-Q2,,70.68711,,,,A,,0,,1,
DATAFLOW,OECD.SDD.TPS:DSD_LFS@DF_IALFS_EMP_WAP_Q(1.0),,I,LUX,,EMP_WAP,,PT_WAP_SUB,,_Z,,Y,,_T,,Y15T64,,_Z,,Q,,2023-Q3,,70.5306,,,,A,,0,,1,
DATAFLOW,OECD.SDD.TPS:DSD_LFS@DF_IALFS_EMP_WAP_Q(1.0),,I,LUX,,EMP_WAP,,PT_WAP_SUB,,_Z,,Y,,_T,,Y15T64,,_Z,,Q,,2023-Q4,,69.43466,,,,A,,0,,1,
DATAFLOW,OECD.SDD.TPS:DSD_LFS@DF_IALFS_EMP_WAP_Q(1.0),,I,LUX,,EMP_WAP,,PT_WAP_SUB,,_Z,,Y,,_T,,Y15T64,,_Z,,Q,,2024-Q1,,69.80759,,,,A,,0,,1,
DATAFLOW,OECD.SDD.TPS:DSD_LFS@DF_IALFS_EMP_WAP_Q(1.0),,I,LUX,,EMP_WAP,,PT_WAP_SUB,,_Z,,Y,,_T,,Y15T64,,_Z,,Q,,2024-Q2,,70.00355,,,,A,,0,,1,
DATAFLOW,OECD.SDD.TPS:DSD_LFS@DF_IALFS_EMP_WAP_Q(1.0),,I,LUX,,EMP_WAP,,PT_WAP_SUB,,_Z,,Y,,_T,,Y15T64,,_Z,,Q,,2024-Q3,,69.15213,,,,A,,0,,1,
DATAFLOW,OECD.SDD.TPS:DSD_LFS@DF_IALFS_EMP_WAP_Q(1.0),,I,LUX,,EMP_WAP,,PT_WAP_SUB,,_Z,,Y,,_T,,Y15T64,,_Z,,Q,,2024-Q4,,69.83634,,,,A,,0,,1,
DATAFLOW,OECD.SDD.TPS:DSD_LFS@DF_IALFS_EMP_WAP_Q(1.0),,I,LUX,,EMP_WAP,,PT_WAP_SUB,,_Z,,Y,,_T,,Y15T64,,_Z,,Q,,2025-Q1,,70.15464,,,,A,,0,,1,
DATAFLOW,OECD.SDD.TPS:DSD_LFS@DF_IALFS_EMP_WAP_Q(1.0),,I,LUX,,EMP_WAP,,PT_WAP_SUB,,_Z,,Y,,_T,,Y15T64,,_Z,,Q,,2025-Q2,,69.95945,,,,A,,0,,1,
DATAFLOW,OECD.SDD.TPS:DSD_LFS@DF_IALFS_EMP_WAP_Q(1.0),,I,LUX,,EMP_WAP,,PT_WAP_SUB,,_Z,,Y,,_T,,Y15T64,,_Z,,Q,,2025-Q3,,69.5341,,,,A,,0,,1,
DATAFLOW,OECD.SDD.TPS:DSD_LFS@DF_IALFS_EMP_WAP_Q(1.0),,I,LUX,,EMP_WAP,,PT_WAP_SUB,,_Z,,Y,,_T,,Y15T64,,_Z,,Q,,2025-Q4,,68.18255,,,,A,,0,,1,
DATAFLOW,OECD.SDD.TPS:DSD_LFS@DF_IALFS_EMP_WAP_Q(1.0),,I,LUX,,EMP_WAP,,PT_WAP_SUB,,_Z,,Y,,_T,,Y15T64,,_Z,,Q,,2026-Q1,,68.72217,,,,A,,0,,1,
DATAFLOW,OECD.SDD.TPS:DSD_LFS@DF_IALFS_EMP_WAP_Q(1.0),,I,CHE,,EMP_WAP,,PT_WAP_SUB,,_Z,,Y,,_T,,Y15T64,,_Z,,Q,,1998-Q2,,78.04481,,,,A,,0,,1,
DATAFLOW,OECD.SDD.TPS:DSD_LFS@DF_IALFS_EMP_WAP_Q(1.0),,I,CHE,,EMP_WAP,,PT_WAP_SUB,,_Z,,Y,,_T,,Y15T64,,_Z,,Q,,1999-Q2,,78.42708,,,,A,,0,,1,
DATAFLOW,OECD.SDD.TPS:DSD_LFS@DF_IALFS_EMP_WAP_Q(1.0),,I,CHE,,EMP_WAP,,PT_WAP_SUB,,_Z,,Y,,_T,,Y15T64,,_Z,,Q,,2000-Q2,,78.33935,,,,A,,0,,1,
DATAFLOW,OECD.SDD.TPS:DSD_LFS@DF_IALFS_EMP_WAP_Q(1.0),,I,CHE,,EMP_WAP,,PT_WAP_SUB,,_Z,,Y,,_T,,Y15T64,,_Z,,Q,,2001-Q2,,79.14845,,,,A,,0,,1,
DATAFLOW,OECD.SDD.TPS:DSD_LFS@DF_IALFS_EMP_WAP_Q(1.0),,I,CHE,,EMP_WAP,,PT_WAP_SUB,,_Z,,Y,,_T,,Y15T64,,_Z,,Q,,2002-Q2,,78.87551,,,,A,,0,,1,
DATAFLOW,OECD.SDD.TPS:DSD_LFS@DF_IALFS_EMP_WAP_Q(1.0),,I,CHE,,EMP_WAP,,PT_WAP_SUB,,_Z,,Y,,_T,,Y15T64,,_Z,,Q,,2003-Q2,,77.9174,,,,A,,0,,1,
DATAFLOW,OECD.SDD.TPS:DSD_LFS@DF_IALFS_EMP_WAP_Q(1.0),,I,CHE,,EMP_WAP,,PT_WAP_SUB,,_Z,,Y,,_T,,Y15T64,,_Z,,Q,,2004-Q2,,77.39597,,,,A,,0,,1,
DATAFLOW,OECD.SDD.TPS:DSD_LFS@DF_IALFS_EMP_WAP_Q(1.0),,I,CHE,,EMP_WAP,,PT_WAP_SUB,,_Z,,Y,,_T,,Y15T64,,_Z,,Q,,2005-Q2,,77.19546,,,,A,,0,,1,
DATAFLOW,OECD.SDD.TPS:DSD_LFS@DF_IALFS_EMP_WAP_Q(1.0),,I,CHE,,EMP_WAP,,PT_WAP_SUB,,_Z,,Y,,_T,,Y15T64,,_Z,,Q,,2006-Q2,,77.93854,,,,A,,0,,1,
DATAFLOW,OECD.SDD.TPS:DSD_LFS@DF_IALFS_EMP_WAP_Q(1.0),,I,CHE,,EMP_WAP,,PT_WAP_SUB,,_Z,,Y,,_T,,Y15T64,,_Z,,Q,,2007-Q2,,78.59044,,,,A,,0,,1,
DATAFLOW,OECD.SDD.TPS:DSD_LFS@DF_IALFS_EMP_WAP_Q(1.0),,I,CHE,,EMP_WAP,,PT_WAP_SUB,,_Z,,Y,,_T,,Y15T64,,_Z,,Q,,2008-Q2,,79.50344,,,,A,,0,,1,
DATAFLOW,OECD.SDD.TPS:DSD_LFS@DF_IALFS_EMP_WAP_Q(1.0),,I,CHE,,EMP_WAP,,PT_WAP_SUB,,_Z,,Y,,_T,,Y15T64,,_Z,,Q,,2010-Q1,,76.85268,,,,A,,0,,1,
DATAFLOW,OECD.SDD.TPS:DSD_LFS@DF_IALFS_EMP_WAP_Q(1.0),,I,CHE,,EMP_WAP,,PT_WAP_SUB,,_Z,,Y,,_T,,Y15T64,,_Z,,Q,,2010-Q2,,77.24689,,,,A,,0,,1,
DATAFLOW,OECD.SDD.TPS:DSD_LFS@DF_IALFS_EMP_WAP_Q(1.0),,I,CHE,,EMP_WAP,,PT_WAP_SUB,,_Z,,Y,,_T,,Y15T64,,_Z,,Q,,2010-Q3,,77.5714,,,,A,,0,,1,
DATAFLOW,OECD.SDD.TPS:DSD_LFS@DF_IALFS_EMP_WAP_Q(1.0),,I,CHE,,EMP_WAP,,PT_WAP_SUB,,_Z,,Y,,_T,,Y15T64,,_Z,,Q,,2010-Q4,,77.52415,,,,A,,0,,1,
DATAFLOW,OECD.SDD.TPS:DSD_LFS@DF_IALFS_EMP_WAP_Q(1.0),,I,CHE,,EMP_WAP,,PT_WAP_SUB,,_Z,,Y,,_T,,Y15T64,,_Z,,Q,,2011-Q1,,78.12495,,,,A,,0,,1,
DATAFLOW,OECD.SDD.TPS:DSD_LFS@DF_IALFS_EMP_WAP_Q(1.0),,I,CHE,,EMP_WAP,,PT_WAP_SUB,,_Z,,Y,,_T,,Y15T64,,_Z,,Q,,2011-Q2,,78.46983,,,,A,,0,,1,
DATAFLOW,OECD.SDD.TPS:DSD_LFS@DF_IALFS_EMP_WAP_Q(1.0),,I,CHE,,EMP_WAP,,PT_WAP_SUB,,_Z,,Y,,_T,,Y15T64,,_Z,,Q,,2011-Q3,,78.25227,,,,A,,0,,1,
DATAFLOW,OECD.SDD.TPS:DSD_LFS@DF_IALFS_EMP_WAP_Q(1.0),,I,CHE,,EMP_WAP,,PT_WAP_SUB,,_Z,,Y,,_T,,Y15T64,,_Z,,Q,,2011-Q4,,78.52906,,,,A,,0,,1,
DATAFLOW,OECD.SDD.TPS:DSD_LFS@DF_IALFS_EMP_WAP_Q(1.0),,I,CHE,,EMP_WAP,,PT_WAP_SUB,,_Z,,Y,,_T,,Y15T64,,_Z,,Q,,2012-Q1,,78.37267,,,,A,,0,,1,
DATAFLOW,OECD.SDD.TPS:DSD_LFS@DF_IALFS_EMP_WAP_Q(1.0),,I,CHE,,EMP_WAP,,PT_WAP_SUB,,_Z,,Y,,_T,,Y15T64,,_Z,,Q,,2012-Q2,,78.45809,,,,A,,0,,1,
DATAFLOW,OECD.SDD.TPS:DSD_LFS@DF_IALFS_EMP_WAP_Q(1.0),,I,CHE,,EMP_WAP,,PT_WAP_SUB,,_Z,,Y,,_T,,Y15T64,,_Z,,Q,,2012-Q3,,78.85715,,,,A,,0,,1,
DATAFLOW,OECD.SDD.TPS:DSD_LFS@DF_IALFS_EMP_WAP_Q(1.0),,I,CHE,,EMP_WAP,,PT_WAP_SUB,,_Z,,Y,,_T,,Y15T64,,_Z,,Q,,2012-Q4,,78.2909,,,,A,,0,,1,
DATAFLOW,OECD.SDD.TPS:DSD_LFS@DF_IALFS_EMP_WAP_Q(1.0),,I,CHE,,EMP_WAP,,PT_WAP_SUB,,_Z,,Y,,_T,,Y15T64,,_Z,,Q,,2013-Q1,,78.35334,,,,A,,0,,1,
DATAFLOW,OECD.SDD.TPS:DSD_LFS@DF_IALFS_EMP_WAP_Q(1.0),,I,CHE,,EMP_WAP,,PT_WAP_SUB,,_Z,,Y,,_T,,Y15T64,,_Z,,Q,,2013-Q2,,78.2503,,,,A,,0,,1,
DATAFLOW,OECD.SDD.TPS:DSD_LFS@DF_IALFS_EMP_WAP_Q(1.0),,I,CHE,,EMP_WAP,,PT_WAP_SUB,,_Z,,Y,,_T,,Y15T64,,_Z,,Q,,2013-Q3,,78.3835,,,,A,,0,,1,
DATAFLOW,OECD.SDD.TPS:DSD_LFS@DF_IALFS_EMP_WAP_Q(1.0),,I,CHE,,EMP_WAP,,PT_WAP_SUB,,_Z,,Y,,_T,,Y15T64,,_Z,,Q,,2013-Q4,,78.52637,,,,A,,0,,1,
DATAFLOW,OECD.SDD.TPS:DSD_LFS@DF_IALFS_EMP_WAP_Q(1.0),,I,CHE,,EMP_WAP,,PT_WAP_SUB,,_Z,,Y,,_T,,Y15T64,,_Z,,Q,,2014-Q1,,78.27514,,,,A,,0,,1,
DATAFLOW,OECD.SDD.TPS:DSD_LFS@DF_IALFS_EMP_WAP_Q(1.0),,I,CHE,,EMP_WAP,,PT_WAP_SUB,,_Z,,Y,,_T,,Y15T64,,_Z,,Q,,2014-Q2,,78.69531,,,,A,,0,,1,
DATAFLOW,OECD.SDD.TPS:DSD_LFS@DF_IALFS_EMP_WAP_Q(1.0),,I,CHE,,EMP_WAP,,PT_WAP_SUB,,_Z,,Y,,_T,,Y15T64,,_Z,,Q,,2014-Q3,,78.74703,,,,A,,0,,1,
DATAFLOW,OECD.SDD.TPS:DSD_LFS@DF_IALFS_EMP_WAP_Q(1.0),,I,CHE,,EMP_WAP,,PT_WAP_SUB,,_Z,,Y,,_T,,Y15T64,,_Z,,Q,,2014-Q4,,79.30009,,,,A,,0,,1,
DATAFLOW,OECD.SDD.TPS:DSD_LFS@DF_IALFS_EMP_WAP_Q(1.0),,I,CHE,,EMP_WAP,,PT_WAP_SUB,,_Z,,Y,,_T,,Y15T64,,_Z,,Q,,2015-Q1,,79.35337,,,,A,,0,,1,
DATAFLOW,OECD.SDD.TPS:DSD_LFS@DF_IALFS_EMP_WAP_Q(1.0),,I,CHE,,EMP_WAP,,PT_WAP_SUB,,_Z,,Y,,_T,,Y15T64,,_Z,,Q,,2015-Q2,,79.21616,,,,A,,0,,1,
DATAFLOW,OECD.SDD.TPS:DSD_LFS@DF_IALFS_EMP_WAP_Q(1.0),,I,CHE,,EMP_WAP,,PT_WAP_SUB,,_Z,,Y,,_T,,Y15T64,,_Z,,Q,,2015-Q3,,78.99185,,,,A,,0,,1,
DATAFLOW,OECD.SDD.TPS:DSD_LFS@DF_IALFS_EMP_WAP_Q(1.0),,I,CHE,,EMP_WAP,,PT_WAP_SUB,,_Z,,Y,,_T,,Y15T64,,_Z,,Q,,2015-Q4,,79.19506,,,,A,,0,,1,
DATAFLOW,OECD.SDD.TPS:DSD_LFS@DF_IALFS_EMP_WAP_Q(1.0),,I,CHE,,EMP_WAP,,PT_WAP_SUB,,_Z,,Y,,_T,,Y15T64,,_Z,,Q,,2016-Q1,,79.61391,,,,A,,0,,1,
DATAFLOW,OECD.SDD.TPS:DSD_LFS@DF_IALFS_EMP_WAP_Q(1.0),,I,CHE,,EMP_WAP,,PT_WAP_SUB,,_Z,,Y,,_T,,Y15T64,,_Z,,Q,,2016-Q2,,79.47022,,,,A,,0,,1,
DATAFLOW,OECD.SDD.TPS:DSD_LFS@DF_IALFS_EMP_WAP_Q(1.0),,I,CHE,,EMP_WAP,,PT_WAP_SUB,,_Z,,Y,,_T,,Y15T64,,_Z,,Q,,2016-Q3,,79.55939,,,,A,,0,,1,
DATAFLOW,OECD.SDD.TPS:DSD_LFS@DF_IALFS_EMP_WAP_Q(1.0),,I,CHE,,EMP_WAP,,PT_WAP_SUB,,_Z,,Y,,_T,,Y15T64,,_Z,,Q,,2016-Q4,,79.77717,,,,A,,0,,1,
DATAFLOW,OECD.SDD.TPS:DSD_LFS@DF_IALFS_EMP_WAP_Q(1.0),,I,CHE,,EMP_WAP,,PT_WAP_SUB,,_Z,,Y,,_T,,Y15T64,,_Z,,Q,,2017-Q1,,79.52976,,,,A,,0,,1,
DATAFLOW,OECD.SDD.TPS:DSD_LFS@DF_IALFS_EMP_WAP_Q(1.0),,I,CHE,,EMP_WAP,,PT_WAP_SUB,,_Z,,Y,,_T,,Y15T64,,_Z,,Q,,2017-Q2,,79.84444,,,,A,,0,,1,
DATAFLOW,OECD.SDD.TPS:DSD_LFS@DF_IALFS_EMP_WAP_Q(1.0),,I,CHE,,EMP_WAP,,PT_WAP_SUB,,_Z,,Y,,_T,,Y15T64,,_Z,,Q,,2017-Q3,,79.94638,,,,A,,0,,1,
DATAFLOW,OECD.SDD.TPS:DSD_LFS@DF_IALFS_EMP_WAP_Q(1.0),,I,CHE,,EMP_WAP,,PT_WAP_SUB,,_Z,,Y,,_T,,Y15T64,,_Z,,Q,,2017-Q4,,79.81831,,,,A,,0,,1,
DATAFLOW,OECD.SDD.TPS:DSD_LFS@DF_IALFS_EMP_WAP_Q(1.0),,I,CHE,,EMP_WAP,,PT_WAP_SUB,,_Z,,Y,,_T,,Y15T64,,_Z,,Q,,2018-Q1,,79.78572,,,,A,,0,,1,
DATAFLOW,OECD.SDD.TPS:DSD_LFS@DF_IALFS_EMP_WAP_Q(1.0),,I,CHE,,EMP_WAP,,PT_WAP_SUB,,_Z,,Y,,_T,,Y15T64,,_Z,,Q,,2018-Q2,,79.95685,,,,A,,0,,1,
DATAFLOW,OECD.SDD.TPS:DSD_LFS@DF_IALFS_EMP_WAP_Q(1.0),,I,CHE,,EMP_WAP,,PT_WAP_SUB,,_Z,,Y,,_T,,Y15T64,,_Z,,Q,,2018-Q3,,80.49966,,,,A,,0,,1,
DATAFLOW,OECD.SDD.TPS:DSD_LFS@DF_IALFS_EMP_WAP_Q(1.0),,I,CHE,,EMP_WAP,,PT_WAP_SUB,,_Z,,Y,,_T,,Y15T64,,_Z,,Q,,2018-Q4,,80.17828,,,,A,,0,,1,
DATAFLOW,OECD.SDD.TPS:DSD_LFS@DF_IALFS_EMP_WAP_Q(1.0),,I,CHE,,EMP_WAP,,PT_WAP_SUB,,_Z,,Y,,_T,,Y15T64,,_Z,,Q,,2019-Q1,,80.27997,,,,A,,0,,1,
DATAFLOW,OECD.SDD.TPS:DSD_LFS@DF_IALFS_EMP_WAP_Q(1.0),,I,CHE,,EMP_WAP,,PT_WAP_SUB,,_Z,,Y,,_T,,Y15T64,,_Z,,Q,,2019-Q2,,80.82362,,,,A,,0,,1,
DATAFLOW,OECD.SDD.TPS:DSD_LFS@DF_IALFS_EMP_WAP_Q(1.0),,I,CHE,,EMP_WAP,,PT_WAP_SUB,,_Z,,Y,,_T,,Y15T64,,_Z,,Q,,2019-Q3,,80.44592,,,,A,,0,,1,
DATAFLOW,OECD.SDD.TPS:DSD_LFS@DF_IALFS_EMP_WAP_Q(1.0),,I,CHE,,EMP_WAP,,PT_WAP_SUB,,_Z,,Y,,_T,,Y15T64,,_Z,,Q,,2019-Q4,,80.38493,,,,A,,0,,1,
DATAFLOW,OECD.SDD.TPS:DSD_LFS@DF_IALFS_EMP_WAP_Q(1.0),,I,CHE,,EMP_WAP,,PT_WAP_SUB,,_Z,,Y,,_T,,Y15T64,,_Z,,Q,,2020-Q1,,80.69382,,,,A,,0,,1,
DATAFLOW,OECD.SDD.TPS:DSD_LFS@DF_IALFS_EMP_WAP_Q(1.0),,I,CHE,,EMP_WAP,,PT_WAP_SUB,,_Z,,Y,,_T,,Y15T64,,_Z,,Q,,2020-Q2,,79.63474,,,,A,,0,,1,
DATAFLOW,OECD.SDD.TPS:DSD_LFS@DF_IALFS_EMP_WAP_Q(1.0),,I,CHE,,EMP_WAP,,PT_WAP_SUB,,_Z,,Y,,_T,,Y15T64,,_Z,,Q,,2020-Q3,,79.73965,,,,A,,0,,1,
DATAFLOW,OECD.SDD.TPS:DSD_LFS@DF_IALFS_EMP_WAP_Q(1.0),,I,CHE,,EMP_WAP,,PT_WAP_SUB,,_Z,,Y,,_T,,Y15T64,,_Z,,Q,,2020-Q4,,79.67512,,,,A,,0,,1,
DATAFLOW,OECD.SDD.TPS:DSD_LFS@DF_IALFS_EMP_WAP_Q(1.0),,I,CHE,,EMP_WAP,,PT_WAP_SUB,,_Z,,Y,,_T,,Y15T64,,_Z,,Q,,2021-Q1,,79.28316,,,,A,,0,,1,
DATAFLOW,OECD.SDD.TPS:DSD_LFS@DF_IALFS_EMP_WAP_Q(1.0),,I,CHE,,EMP_WAP,,PT_WAP_SUB,,_Z,,Y,,_T,,Y15T64,,_Z,,Q,,2021-Q2,,79.24929,,,,A,,0,,1,
DATAFLOW,OECD.SDD.TPS:DSD_LFS@DF_IALFS_EMP_WAP_Q(1.0),,I,CHE,,EMP_WAP,,PT_WAP_SUB,,_Z,,Y,,_T,,Y15T64,,_Z,,Q,,2021-Q3,,79.7812,,,,A,,0,,1,
DATAFLOW,OECD.SDD.TPS:DSD_LFS@DF_IALFS_EMP_WAP_Q(1.0),,I,CHE,,EMP_WAP,,PT_WAP_SUB,,_Z,,Y,,_T,,Y15T64,,_Z,,Q,,2021-Q4,,80.08479,,,,A,,0,,1,
DATAFLOW,OECD.SDD.TPS:DSD_LFS@DF_IALFS_EMP_WAP_Q(1.0),,I,CHE,,EMP_WAP,,PT_WAP_SUB,,_Z,,Y,,_T,,Y15T64,,_Z,,Q,,2022-Q1,,79.94719,,,,A,,0,,1,
DATAFLOW,OECD.SDD.TPS:DSD_LFS@DF_IALFS_EMP_WAP_Q(1.0),,I,CHE,,EMP_WAP,,PT_WAP_SUB,,_Z,,Y,,_T,,Y15T64,,_Z,,Q,,2022-Q2,,80.07473,,,,A,,0,,1,
DATAFLOW,OECD.SDD.TPS:DSD_LFS@DF_IALFS_EMP_WAP_Q(1.0),,I,CHE,,EMP_WAP,,PT_WAP_SUB,,_Z,,Y,,_T,,Y15T64,,_Z,,Q,,2022-Q3,,80.1728,,,,A,,0,,1,
DATAFLOW,OECD.SDD.TPS:DSD_LFS@DF_IALFS_EMP_WAP_Q(1.0),,I,CHE,,EMP_WAP,,PT_WAP_SUB,,_Z,,Y,,_T,,Y15T64,,_Z,,Q,,2022-Q4,,80.11698,,,,A,,0,,1,
DATAFLOW,OECD.SDD.TPS:DSD_LFS@DF_IALFS_EMP_WAP_Q(1.0),,I,CHE,,EMP_WAP,,PT_WAP_SUB,,_Z,,Y,,_T,,Y15T64,,_Z,,Q,,2023-Q1,,80.66501,,,,A,,0,,1,
DATAFLOW,OECD.SDD.TPS:DSD_LFS@DF_IALFS_EMP_WAP_Q(1.0),,I,CHE,,EMP_WAP,,PT_WAP_SUB,,_Z,,Y,,_T,,Y15T64,,_Z,,Q,,2023-Q2,,80.72184,,,,A,,0,,1,
DATAFLOW,OECD.SDD.TPS:DSD_LFS@DF_IALFS_EMP_WAP_Q(1.0),,I,CHE,,EMP_WAP,,PT_WAP_SUB,,_Z,,Y,,_T,,Y15T64,,_Z,,Q,,2023-Q3,,80.55859,,,,A,,0,,1,
DATAFLOW,OECD.SDD.TPS:DSD_LFS@DF_IALFS_EMP_WAP_Q(1.0),,I,CHE,,EMP_WAP,,PT_WAP_SUB,,_Z,,Y,,_T,,Y15T64,,_Z,,Q,,2023-Q4,,80.65597,,,,A,,0,,1,
DATAFLOW,OECD.SDD.TPS:DSD_LFS@DF_IALFS_EMP_WAP_Q(1.0),,I,CHE,,EMP_WAP,,PT_WAP_SUB,,_Z,,Y,,_T,,Y15T64,,_Z,,Q,,2024-Q1,,80.40099,,,,A,,0,,1,
DATAFLOW,OECD.SDD.TPS:DSD_LFS@DF_IALFS_EMP_WAP_Q(1.0),,I,CHE,,EMP_WAP,,PT_WAP_SUB,,_Z,,Y,,_T,,Y15T64,,_Z,,Q,,2024-Q2,,80.49953,,,,A,,0,,1,
DATAFLOW,OECD.SDD.TPS:DSD_LFS@DF_IALFS_EMP_WAP_Q(1.0),,I,CHE,,EMP_WAP,,PT_WAP_SUB,,_Z,,Y,,_T,,Y15T64,,_Z,,Q,,2024-Q3,,80.29256,,,,A,,0,,1,
DATAFLOW,OECD.SDD.TPS:DSD_LFS@DF_IALFS_EMP_WAP_Q(1.0),,I,CHE,,EMP_WAP,,PT_WAP_SUB,,_Z,,Y,,_T,,Y15T64,,_Z,,Q,,2024-Q4,,80.25036,,,,A,,0,,1,
DATAFLOW,OECD.SDD.TPS:DSD_LFS@DF_IALFS_EMP_WAP_Q(1.0),,I,CHE,,EMP_WAP,,PT_WAP_SUB,,_Z,,Y,,_T,,Y15T64,,_Z,,Q,,2025-Q1,,80.1128,,,,A,,0,,1,
DATAFLOW,OECD.SDD.TPS:DSD_LFS@DF_IALFS_EMP_WAP_Q(1.0),,I,CHE,,EMP_WAP,,PT_WAP_SUB,,_Z,,Y,,_T,,Y15T64,,_Z,,Q,,2025-Q2,,80.0658,,,,A,,0,,1,
DATAFLOW,OECD.SDD.TPS:DSD_LFS@DF_IALFS_EMP_WAP_Q(1.0),,I,CHE,,EMP_WAP,,PT_WAP_SUB,,_Z,,Y,,_T,,Y15T64,,_Z,,Q,,2025-Q3,,79.85172,,,,A,,0,,1,
DATAFLOW,OECD.SDD.TPS:DSD_LFS@DF_IALFS_EMP_WAP_Q(1.0),,I,CHE,,EMP_WAP,,PT_WAP_SUB,,_Z,,Y,,_T,,Y15T64,,_Z,,Q,,2025-Q4,,79.67701,,,,A,,0,,1,
DATAFLOW,OECD.SDD.TPS:DSD_LFS@DF_IALFS_EMP_WAP_Q(1.0),,I,CHE,,EMP_WAP,,PT_WAP_SUB,,_Z,,Y,,_T,,Y15T64,,_Z,,Q,,2026-Q1,,79.60356,,,,A,,0,,1,
DATAFLOW,OECD.SDD.TPS:DSD_LFS@DF_IALFS_EMP_WAP_Q(1.0),,I,ZAF,,EMP_WAP,,PT_WAP_SUB,,_Z,,Y,,_T,,Y15T64,,_Z,,Q,,2008-Q1,,45.96873,,,,A,,0,,1,
DATAFLOW,OECD.SDD.TPS:DSD_LFS@DF_IALFS_EMP_WAP_Q(1.0),,I,ZAF,,EMP_WAP,,PT_WAP_SUB,,_Z,,Y,,_T,,Y15T64,,_Z,,Q,,2008-Q2,,46.05662,,,,A,,0,,1,
DATAFLOW,OECD.SDD.TPS:DSD_LFS@DF_IALFS_EMP_WAP_Q(1.0),,I,ZAF,,EMP_WAP,,PT_WAP_SUB,,_Z,,Y,,_T,,Y15T64,,_Z,,Q,,2008-Q3,,45.62792,,,,A,,0,,1,
DATAFLOW,OECD.SDD.TPS:DSD_LFS@DF_IALFS_EMP_WAP_Q(1.0),,I,ZAF,,EMP_WAP,,PT_WAP_SUB,,_Z,,Y,,_T,,Y15T64,,_Z,,Q,,2008-Q4,,46.0078,,,,A,,0,,1,
DATAFLOW,OECD.SDD.TPS:DSD_LFS@DF_IALFS_EMP_WAP_Q(1.0),,I,ZAF,,EMP_WAP,,PT_WAP_SUB,,_Z,,Y,,_T,,Y15T64,,_Z,,Q,,2009-Q1,,45.61291,,,,A,,0,,1,
DATAFLOW,OECD.SDD.TPS:DSD_LFS@DF_IALFS_EMP_WAP_Q(1.0),,I,ZAF,,EMP_WAP,,PT_WAP_SUB,,_Z,,Y,,_T,,Y15T64,,_Z,,Q,,2009-Q2,,44.51926,,,,A,,0,,1,
DATAFLOW,OECD.SDD.TPS:DSD_LFS@DF_IALFS_EMP_WAP_Q(1.0),,I,ZAF,,EMP_WAP,,PT_WAP_SUB,,_Z,,Y,,_T,,Y15T64,,_Z,,Q,,2009-Q3,,42.62962,,,,A,,0,,1,
DATAFLOW,OECD.SDD.TPS:DSD_LFS@DF_IALFS_EMP_WAP_Q(1.0),,I,ZAF,,EMP_WAP,,PT_WAP_SUB,,_Z,,Y,,_T,,Y15T64,,_Z,,Q,,2009-Q4,,42.71344,,,,A,,0,,1,
DATAFLOW,OECD.SDD.TPS:DSD_LFS@DF_IALFS_EMP_WAP_Q(1.0),,I,ZAF,,EMP_WAP,,PT_WAP_SUB,,_Z,,Y,,_T,,Y15T64,,_Z,,Q,,2010-Q1,,42.22859,,,,A,,0,,1,
DATAFLOW,OECD.SDD.TPS:DSD_LFS@DF_IALFS_EMP_WAP_Q(1.0),,I,ZAF,,EMP_WAP,,PT_WAP_SUB,,_Z,,Y,,_T,,Y15T64,,_Z,,Q,,2010-Q2,,42.09074,,,,A,,0,,1,
DATAFLOW,OECD.SDD.TPS:DSD_LFS@DF_IALFS_EMP_WAP_Q(1.0),,I,ZAF,,EMP_WAP,,PT_WAP_SUB,,_Z,,Y,,_T,,Y15T64,,_Z,,Q,,2010-Q3,,41.33187,,,,A,,0,,1,
DATAFLOW,OECD.SDD.TPS:DSD_LFS@DF_IALFS_EMP_WAP_Q(1.0),,I,ZAF,,EMP_WAP,,PT_WAP_SUB,,_Z,,Y,,_T,,Y15T64,,_Z,,Q,,2010-Q4,,41.69421,,,,A,,0,,1,
DATAFLOW,OECD.SDD.TPS:DSD_LFS@DF_IALFS_EMP_WAP_Q(1.0),,I,ZAF,,EMP_WAP,,PT_WAP_SUB,,_Z,,Y,,_T,,Y15T64,,_Z,,Q,,2011-Q1,,41.77073,,,,A,,0,,1,
DATAFLOW,OECD.SDD.TPS:DSD_LFS@DF_IALFS_EMP_WAP_Q(1.0),,I,ZAF,,EMP_WAP,,PT_WAP_SUB,,_Z,,Y,,_T,,Y15T64,,_Z,,Q,,2011-Q2,,41.70418,,,,A,,0,,1,
DATAFLOW,OECD.SDD.TPS:DSD_LFS@DF_IALFS_EMP_WAP_Q(1.0),,I,ZAF,,EMP_WAP,,PT_WAP_SUB,,_Z,,Y,,_T,,Y15T64,,_Z,,Q,,2011-Q3,,41.9813,,,,A,,0,,1,
DATAFLOW,OECD.SDD.TPS:DSD_LFS@DF_IALFS_EMP_WAP_Q(1.0),,I,ZAF,,EMP_WAP,,PT_WAP_SUB,,_Z,,Y,,_T,,Y15T64,,_Z,,Q,,2011-Q4,,42.22322,,,,A,,0,,1,
DATAFLOW,OECD.SDD.TPS:DSD_LFS@DF_IALFS_EMP_WAP_Q(1.0),,I,ZAF,,EMP_WAP,,PT_WAP_SUB,,_Z,,Y,,_T,,Y15T64,,_Z,,Q,,2012-Q1,,42.1668,,,,A,,0,,1,
DATAFLOW,OECD.SDD.TPS:DSD_LFS@DF_IALFS_EMP_WAP_Q(1.0),,I,ZAF,,EMP_WAP,,PT_WAP_SUB,,_Z,,Y,,_T,,Y15T64,,_Z,,Q,,2012-Q2,,42.15402,,,,A,,0,,1,
DATAFLOW,OECD.SDD.TPS:DSD_LFS@DF_IALFS_EMP_WAP_Q(1.0),,I,ZAF,,EMP_WAP,,PT_WAP_SUB,,_Z,,Y,,_T,,Y15T64,,_Z,,Q,,2012-Q3,,42.50167,,,,A,,0,,1,
DATAFLOW,OECD.SDD.TPS:DSD_LFS@DF_IALFS_EMP_WAP_Q(1.0),,I,ZAF,,EMP_WAP,,PT_WAP_SUB,,_Z,,Y,,_T,,Y15T64,,_Z,,Q,,2012-Q4,,42.0129,,,,A,,0,,1,
DATAFLOW,OECD.SDD.TPS:DSD_LFS@DF_IALFS_EMP_WAP_Q(1.0),,I,ZAF,,EMP_WAP,,PT_WAP_SUB,,_Z,,Y,,_T,,Y15T64,,_Z,,Q,,2013-Q1,,42.24537,,,,A,,0,,1,
DATAFLOW,OECD.SDD.TPS:DSD_LFS@DF_IALFS_EMP_WAP_Q(1.0),,I,ZAF,,EMP_WAP,,PT_WAP_SUB,,_Z,,Y,,_T,,Y15T64,,_Z,,Q,,2013-Q2,,42.46149,,,,A,,0,,1,
DATAFLOW,OECD.SDD.TPS:DSD_LFS@DF_IALFS_EMP_WAP_Q(1.0),,I,ZAF,,EMP_WAP,,PT_WAP_SUB,,_Z,,Y,,_T,,Y15T64,,_Z,,Q,,2013-Q3,,43.08584,,,,A,,0,,1,
DATAFLOW,OECD.SDD.TPS:DSD_LFS@DF_IALFS_EMP_WAP_Q(1.0),,I,ZAF,,EMP_WAP,,PT_WAP_SUB,,_Z,,Y,,_T,,Y15T64,,_Z,,Q,,2013-Q4,,43.11755,,,,A,,0,,1,
DATAFLOW,OECD.SDD.TPS:DSD_LFS@DF_IALFS_EMP_WAP_Q(1.0),,I,ZAF,,EMP_WAP,,PT_WAP_SUB,,_Z,,Y,,_T,,Y15T64,,_Z,,Q,,2014-Q1,,42.93913,,,,A,,0,,1,
DATAFLOW,OECD.SDD.TPS:DSD_LFS@DF_IALFS_EMP_WAP_Q(1.0),,I,ZAF,,EMP_WAP,,PT_WAP_SUB,,_Z,,Y,,_T,,Y15T64,,_Z,,Q,,2014-Q2,,42.85807,,,,A,,0,,1,
DATAFLOW,OECD.SDD.TPS:DSD_LFS@DF_IALFS_EMP_WAP_Q(1.0),,I,ZAF,,EMP_WAP,,PT_WAP_SUB,,_Z,,Y,,_T,,Y15T64,,_Z,,Q,,2014-Q3,,42.55532,,,,A,,0,,1,
DATAFLOW,OECD.SDD.TPS:DSD_LFS@DF_IALFS_EMP_WAP_Q(1.0),,I,ZAF,,EMP_WAP,,PT_WAP_SUB,,_Z,,Y,,_T,,Y15T64,,_Z,,Q,,2014-Q4,,42.74547,,,,A,,0,,1,
DATAFLOW,OECD.SDD.TPS:DSD_LFS@DF_IALFS_EMP_WAP_Q(1.0),,I,ZAF,,EMP_WAP,,PT_WAP_SUB,,_Z,,Y,,_T,,Y15T64,,_Z,,Q,,2015-Q1,,43.35059,,,,A,,0,,1,
DATAFLOW,OECD.SDD.TPS:DSD_LFS@DF_IALFS_EMP_WAP_Q(1.0),,I,ZAF,,EMP_WAP,,PT_WAP_SUB,,_Z,,Y,,_T,,Y15T64,,_Z,,Q,,2015-Q2,,43.66582,,,,A,,0,,1,
DATAFLOW,OECD.SDD.TPS:DSD_LFS@DF_IALFS_EMP_WAP_Q(1.0),,I,ZAF,,EMP_WAP,,PT_WAP_SUB,,_Z,,Y,,_T,,Y15T64,,_Z,,Q,,2015-Q3,,43.80018,,,,A,,0,,1,
DATAFLOW,OECD.SDD.TPS:DSD_LFS@DF_IALFS_EMP_WAP_Q(1.0),,I,ZAF,,EMP_WAP,,PT_WAP_SUB,,_Z,,Y,,_T,,Y15T64,,_Z,,Q,,2015-Q4,,43.9067,,,,A,,0,,1,
DATAFLOW,OECD.SDD.TPS:DSD_LFS@DF_IALFS_EMP_WAP_Q(1.0),,I,ZAF,,EMP_WAP,,PT_WAP_SUB,,_Z,,Y,,_T,,Y15T64,,_Z,,Q,,2016-Q1,,43.16954,,,,A,,0,,1,
DATAFLOW,OECD.SDD.TPS:DSD_LFS@DF_IALFS_EMP_WAP_Q(1.0),,I,ZAF,,EMP_WAP,,PT_WAP_SUB,,_Z,,Y,,_T,,Y15T64,,_Z,,Q,,2016-Q2,,42.61077,,,,A,,0,,1,
DATAFLOW,OECD.SDD.TPS:DSD_LFS@DF_IALFS_EMP_WAP_Q(1.0),,I,ZAF,,EMP_WAP,,PT_WAP_SUB,,_Z,,Y,,_T,,Y15T64,,_Z,,Q,,2016-Q3,,43.06987,,,,A,,0,,1,
DATAFLOW,OECD.SDD.TPS:DSD_LFS@DF_IALFS_EMP_WAP_Q(1.0),,I,ZAF,,EMP_WAP,,PT_WAP_SUB,,_Z,,Y,,_T,,Y15T64,,_Z,,Q,,2016-Q4,,43.28697,,,,A,,0,,1,
DATAFLOW,OECD.SDD.TPS:DSD_LFS@DF_IALFS_EMP_WAP_Q(1.0),,I,ZAF,,EMP_WAP,,PT_WAP_SUB,,_Z,,Y,,_T,,Y15T64,,_Z,,Q,,2017-Q1,,43.85067,,,,A,,0,,1,
DATAFLOW,OECD.SDD.TPS:DSD_LFS@DF_IALFS_EMP_WAP_Q(1.0),,I,ZAF,,EMP_WAP,,PT_WAP_SUB,,_Z,,Y,,_T,,Y15T64,,_Z,,Q,,2017-Q2,,43.40261,,,,A,,0,,1,
DATAFLOW,OECD.SDD.TPS:DSD_LFS@DF_IALFS_EMP_WAP_Q(1.0),,I,ZAF,,EMP_WAP,,PT_WAP_SUB,,_Z,,Y,,_T,,Y15T64,,_Z,,Q,,2017-Q3,,43.30671,,,,A,,0,,1,
DATAFLOW,OECD.SDD.TPS:DSD_LFS@DF_IALFS_EMP_WAP_Q(1.0),,I,ZAF,,EMP_WAP,,PT_WAP_SUB,,_Z,,Y,,_T,,Y15T64,,_Z,,Q,,2017-Q4,,42.86493,,,,A,,0,,1,
DATAFLOW,OECD.SDD.TPS:DSD_LFS@DF_IALFS_EMP_WAP_Q(1.0),,I,ZAF,,EMP_WAP,,PT_WAP_SUB,,_Z,,Y,,_T,,Y15T64,,_Z,,Q,,2018-Q1,,43.53841,,,,A,,0,,1,
DATAFLOW,OECD.SDD.TPS:DSD_LFS@DF_IALFS_EMP_WAP_Q(1.0),,I,ZAF,,EMP_WAP,,PT_WAP_SUB,,_Z,,Y,,_T,,Y15T64,,_Z,,Q,,2018-Q2,,43.21436,,,,A,,0,,1,
DATAFLOW,OECD.SDD.TPS:DSD_LFS@DF_IALFS_EMP_WAP_Q(1.0),,I,ZAF,,EMP_WAP,,PT_WAP_SUB,,_Z,,Y,,_T,,Y15T64,,_Z,,Q,,2018-Q3,,43.09242,,,,A,,0,,1,
DATAFLOW,OECD.SDD.TPS:DSD_LFS@DF_IALFS_EMP_WAP_Q(1.0),,I,ZAF,,EMP_WAP,,PT_WAP_SUB,,_Z,,Y,,_T,,Y15T64,,_Z,,Q,,2018-Q4,,43.14353,,,,A,,0,,1,
DATAFLOW,OECD.SDD.TPS:DSD_LFS@DF_IALFS_EMP_WAP_Q(1.0),,I,ZAF,,EMP_WAP,,PT_WAP_SUB,,_Z,,Y,,_T,,Y15T64,,_Z,,Q,,2019-Q1,,42.63864,,,,A,,0,,1,
DATAFLOW,OECD.SDD.TPS:DSD_LFS@DF_IALFS_EMP_WAP_Q(1.0),,I,ZAF,,EMP_WAP,,PT_WAP_SUB,,_Z,,Y,,_T,,Y15T64,,_Z,,Q,,2019-Q2,,42.62055,,,,A,,0,,1,
DATAFLOW,OECD.SDD.TPS:DSD_LFS@DF_IALFS_EMP_WAP_Q(1.0),,I,ZAF,,EMP_WAP,,PT_WAP_SUB,,_Z,,Y,,_T,,Y15T64,,_Z,,Q,,2019-Q3,,42.34785,,,,A,,0,,1,
DATAFLOW,OECD.SDD.TPS:DSD_LFS@DF_IALFS_EMP_WAP_Q(1.0),,I,ZAF,,EMP_WAP,,PT_WAP_SUB,,_Z,,Y,,_T,,Y15T64,,_Z,,Q,,2019-Q4,,42.23668,,,,A,,0,,1,
DATAFLOW,OECD.SDD.TPS:DSD_LFS@DF_IALFS_EMP_WAP_Q(1.0),,I,ZAF,,EMP_WAP,,PT_WAP_SUB,,_Z,,Y,,_T,,Y15T64,,_Z,,Q,,2020-Q1,,42.28977,,,,A,,0,,1,
DATAFLOW,OECD.SDD.TPS:DSD_LFS@DF_IALFS_EMP_WAP_Q(1.0),,I,ZAF,,EMP_WAP,,PT_WAP_SUB,,_Z,,Y,,_T,,Y15T64,,_Z,,Q,,2020-Q2,,36.40269,,,,A,,0,,1,
DATAFLOW,OECD.SDD.TPS:DSD_LFS@DF_IALFS_EMP_WAP_Q(1.0),,I,ZAF,,EMP_WAP,,PT_WAP_SUB,,_Z,,Y,,_T,,Y15T64,,_Z,,Q,,2020-Q3,,37.35786,,,,A,,0,,1,
DATAFLOW,OECD.SDD.TPS:DSD_LFS@DF_IALFS_EMP_WAP_Q(1.0),,I,ZAF,,EMP_WAP,,PT_WAP_SUB,,_Z,,Y,,_T,,Y15T64,,_Z,,Q,,2020-Q4,,38.08402,,,,A,,0,,1,
DATAFLOW,OECD.SDD.TPS:DSD_LFS@DF_IALFS_EMP_WAP_Q(1.0),,I,ZAF,,EMP_WAP,,PT_WAP_SUB,,_Z,,Y,,_T,,Y15T64,,_Z,,Q,,2021-Q1,,38.15094,,,,A,,0,,1,
DATAFLOW,OECD.SDD.TPS:DSD_LFS@DF_IALFS_EMP_WAP_Q(1.0),,I,ZAF,,EMP_WAP,,PT_WAP_SUB,,_Z,,Y,,_T,,Y15T64,,_Z,,Q,,2021-Q2,,37.93232,,,,A,,0,,1,
DATAFLOW,OECD.SDD.TPS:DSD_LFS@DF_IALFS_EMP_WAP_Q(1.0),,I,ZAF,,EMP_WAP,,PT_WAP_SUB,,_Z,,Y,,_T,,Y15T64,,_Z,,Q,,2021-Q3,,35.76194,,,,A,,0,,1,
DATAFLOW,OECD.SDD.TPS:DSD_LFS@DF_IALFS_EMP_WAP_Q(1.0),,I,ZAF,,EMP_WAP,,PT_WAP_SUB,,_Z,,Y,,_T,,Y15T64,,_Z,,Q,,2021-Q4,,36.30114,,,,A,,0,,1,
DATAFLOW,OECD.SDD.TPS:DSD_LFS@DF_IALFS_EMP_WAP_Q(1.0),,I,ZAF,,EMP_WAP,,PT_WAP_SUB,,_Z,,Y,,_T,,Y15T64,,_Z,,Q,,2022-Q1,,37.39807,,,,A,,0,,1,
DATAFLOW,OECD.SDD.TPS:DSD_LFS@DF_IALFS_EMP_WAP_Q(1.0),,I,ZAF,,EMP_WAP,,PT_WAP_SUB,,_Z,,Y,,_T,,Y15T64,,_Z,,Q,,2022-Q2,,38.91333,,,,A,,0,,1,
DATAFLOW,OECD.SDD.TPS:DSD_LFS@DF_IALFS_EMP_WAP_Q(1.0),,I,ZAF,,EMP_WAP,,PT_WAP_SUB,,_Z,,Y,,_T,,Y15T64,,_Z,,Q,,2022-Q3,,38.94937,,,,A,,0,,1,
DATAFLOW,OECD.SDD.TPS:DSD_LFS@DF_IALFS_EMP_WAP_Q(1.0),,I,ZAF,,EMP_WAP,,PT_WAP_SUB,,_Z,,Y,,_T,,Y15T64,,_Z,,Q,,2022-Q4,,39.20668,,,,A,,0,,1,
DATAFLOW,OECD.SDD.TPS:DSD_LFS@DF_IALFS_EMP_WAP_Q(1.0),,I,ZAF,,EMP_WAP,,PT_WAP_SUB,,_Z,,Y,,_T,,Y15T64,,_Z,,Q,,2023-Q1,,40.04049,,,,A,,0,,1,
DATAFLOW,OECD.SDD.TPS:DSD_LFS@DF_IALFS_EMP_WAP_Q(1.0),,I,ZAF,,EMP_WAP,,PT_WAP_SUB,,_Z,,Y,,_T,,Y15T64,,_Z,,Q,,2023-Q2,,40.27882,,,,A,,0,,1,
DATAFLOW,OECD.SDD.TPS:DSD_LFS@DF_IALFS_EMP_WAP_Q(1.0),,I,ZAF,,EMP_WAP,,PT_WAP_SUB,,_Z,,Y,,_T,,Y15T64,,_Z,,Q,,2023-Q3,,40.81232,,,,A,,0,,1,
DATAFLOW,OECD.SDD.TPS:DSD_LFS@DF_IALFS_EMP_WAP_Q(1.0),,I,ZAF,,EMP_WAP,,PT_WAP_SUB,,_Z,,Y,,_T,,Y15T64,,_Z,,Q,,2023-Q4,,40.58698,,,,A,,0,,1,
DATAFLOW,OECD.SDD.TPS:DSD_LFS@DF_IALFS_EMP_WAP_Q(1.0),,I,ZAF,,EMP_WAP,,PT_WAP_SUB,,_Z,,Y,,_T,,Y15T64,,_Z,,Q,,2024-Q1,,40.84857,,,,A,,0,,1,
DATAFLOW,OECD.SDD.TPS:DSD_LFS@DF_IALFS_EMP_WAP_Q(1.0),,I,ZAF,,EMP_WAP,,PT_WAP_SUB,,_Z,,Y,,_T,,Y15T64,,_Z,,Q,,2024-Q2,,40.51361,,,,A,,0,,1,
DATAFLOW,OECD.SDD.TPS:DSD_LFS@DF_IALFS_EMP_WAP_Q(1.0),,I,ZAF,,EMP_WAP,,PT_WAP_SUB,,_Z,,Y,,_T,,Y15T64,,_Z,,Q,,2024-Q3,,40.75582,,,,A,,0,,1,
DATAFLOW,OECD.SDD.TPS:DSD_LFS@DF_IALFS_EMP_WAP_Q(1.0),,I,ZAF,,EMP_WAP,,PT_WAP_SUB,,_Z,,Y,,_T,,Y15T64,,_Z,,Q,,2024-Q4,,40.88607,,,,A,,0,,1,
DATAFLOW,OECD.SDD.TPS:DSD_LFS@DF_IALFS_EMP_WAP_Q(1.0),,I,ZAF,,EMP_WAP,,PT_WAP_SUB,,_Z,,Y,,_T,,Y15T64,,_Z,,Q,,2025-Q1,,40.40806,,,,A,,0,,1,
DATAFLOW,OECD.SDD.TPS:DSD_LFS@DF_IALFS_EMP_WAP_Q(1.0),,I,ZAF,,EMP_WAP,,PT_WAP_SUB,,_Z,,Y,,_T,,Y15T64,,_Z,,Q,,2025-Q2,,40.39274,,,,A,,0,,1,
DATAFLOW,OECD.SDD.TPS:DSD_LFS@DF_IALFS_EMP_WAP_Q(1.0),,I,ZAF,,EMP_WAP,,PT_WAP_SUB,,_Z,,Y,,_T,,Y15T64,,_Z,,Q,,2025-Q3,,40.52213,,,,A,,0,,1,
DATAFLOW,OECD.SDD.TPS:DSD_LFS@DF_IALFS_EMP_WAP_Q(1.0),,I,ZAF,,EMP_WAP,,PT_WAP_SUB,,_Z,,Y,,_T,,Y15T64,,_Z,,Q,,2025-Q4,,40.43322,,,,A,,0,,1,
DATAFLOW,OECD.SDD.TPS:DSD_LFS@DF_IALFS_EMP_WAP_Q(1.0),,I,ZAF,,EMP_WAP,,PT_WAP_SUB,,_Z,,Y,,_T,,Y15T64,,_Z,,Q,,2026-Q1,,39.83776,,,,A,,0,,1,
DATAFLOW,OECD.SDD.TPS:DSD_LFS@DF_IALFS_EMP_WAP_Q(1.0),,I,AUS,,EMP_WAP,,PT_WAP_SUB,,_Z,,Y,,_T,,Y15T64,,_Z,,Q,,1978-Q3,,64.36191,,,,A,,0,,1,
DATAFLOW,OECD.SDD.TPS:DSD_LFS@DF_IALFS_EMP_WAP_Q(1.0),,I,AUS,,EMP_WAP,,PT_WAP_SUB,,_Z,,Y,,_T,,Y15T64,,_Z,,Q,,1978-Q4,,64.21103,,,,A,,0,,1,
DATAFLOW,OECD.SDD.TPS:DSD_LFS@DF_IALFS_EMP_WAP_Q(1.0),,I,AUS,,EMP_WAP,,PT_WAP_SUB,,_Z,,Y,,_T,,Y15T64,,_Z,,Q,,1979-Q3,,64.24799,,,,A,,0,,1,
DATAFLOW,OECD.SDD.TPS:DSD_LFS@DF_IALFS_EMP_WAP_Q(1.0),,I,AUS,,EMP_WAP,,PT_WAP_SUB,,_Z,,Y,,_T,,Y15T64,,_Z,,Q,,1979-Q4,,64.64713,,,,A,,0,,1,
DATAFLOW,OECD.SDD.TPS:DSD_LFS@DF_IALFS_EMP_WAP_Q(1.0),,I,AUS,,EMP_WAP,,PT_WAP_SUB,,_Z,,Y,,_T,,Y15T64,,_Z,,Q,,1980-Q3,,65.32841,,,,A,,0,,1,
DATAFLOW,OECD.SDD.TPS:DSD_LFS@DF_IALFS_EMP_WAP_Q(1.0),,I,AUS,,EMP_WAP,,PT_WAP_SUB,,_Z,,Y,,_T,,Y15T64,,_Z,,Q,,1981-Q1,,65.2917,,,,A,,0,,1,
DATAFLOW,OECD.SDD.TPS:DSD_LFS@DF_IALFS_EMP_WAP_Q(1.0),,I,AUS,,EMP_WAP,,PT_WAP_SUB,,_Z,,Y,,_T,,Y15T64,,_Z,,Q,,1981-Q4,,65.05072,,,,A,,0,,1,
DATAFLOW,OECD.SDD.TPS:DSD_LFS@DF_IALFS_EMP_WAP_Q(1.0),,I,AUS,,EMP_WAP,,PT_WAP_SUB,,_Z,,Y,,_T,,Y15T64,,_Z,,Q,,1982-Q4,,63.04079,,,,A,,0,,1,
DATAFLOW,OECD.SDD.TPS:DSD_LFS@DF_IALFS_EMP_WAP_Q(1.0),,I,AUS,,EMP_WAP,,PT_WAP_SUB,,_Z,,Y,,_T,,Y15T64,,_Z,,Q,,1983-Q4,,62.06744,,,,A,,0,,1,
DATAFLOW,OECD.SDD.TPS:DSD_LFS@DF_IALFS_EMP_WAP_Q(1.0),,I,AUS,,EMP_WAP,,PT_WAP_SUB,,_Z,,Y,,_T,,Y15T64,,_Z,,Q,,1984-Q2,,62.81937,,,,A,,0,,1,
DATAFLOW,OECD.SDD.TPS:DSD_LFS@DF_IALFS_EMP_WAP_Q(1.0),,I,AUS,,EMP_WAP,,PT_WAP_SUB,,_Z,,Y,,_T,,Y15T64,,_Z,,Q,,1985-Q4,,64.38179,,,,A,,0,,1,
DATAFLOW,OECD.SDD.TPS:DSD_LFS@DF_IALFS_EMP_WAP_Q(1.0),,I,AUS,,EMP_WAP,,PT_WAP_SUB,,_Z,,Y,,_T,,Y15T64,,_Z,,Q,,1986-Q2,,65.34,,,,A,,0,,1,
DATAFLOW,OECD.SDD.TPS:DSD_LFS@DF_IALFS_EMP_WAP_Q(1.0),,I,AUS,,EMP_WAP,,PT_WAP_SUB,,_Z,,Y,,_T,,Y15T64,,_Z,,Q,,1986-Q4,,65.10835,,,,A,,0,,1,
DATAFLOW,OECD.SDD.TPS:DSD_LFS@DF_IALFS_EMP_WAP_Q(1.0),,I,AUS,,EMP_WAP,,PT_WAP_SUB,,_Z,,Y,,_T,,Y15T64,,_Z,,Q,,1987-Q1,,65.04163,,,,A,,0,,1,
DATAFLOW,OECD.SDD.TPS:DSD_LFS@DF_IALFS_EMP_WAP_Q(1.0),,I,AUS,,EMP_WAP,,PT_WAP_SUB,,_Z,,Y,,_T,,Y15T64,,_Z,,Q,,1987-Q2,,65.20315,,,,A,,0,,1,
DATAFLOW,OECD.SDD.TPS:DSD_LFS@DF_IALFS_EMP_WAP_Q(1.0),,I,AUS,,EMP_WAP,,PT_WAP_SUB,,_Z,,Y,,_T,,Y15T64,,_Z,,Q,,1987-Q3,,65.39421,,,,A,,0,,1,
DATAFLOW,OECD.SDD.TPS:DSD_LFS@DF_IALFS_EMP_WAP_Q(1.0),,I,AUS,,EMP_WAP,,PT_WAP_SUB,,_Z,,Y,,_T,,Y15T64,,_Z,,Q,,1987-Q4,,65.34266,,,,A,,0,,1,
DATAFLOW,OECD.SDD.TPS:DSD_LFS@DF_IALFS_EMP_WAP_Q(1.0),,I,AUS,,EMP_WAP,,PT_WAP_SUB,,_Z,,Y,,_T,,Y15T64,,_Z,,Q,,1988-Q3,,66.51701,,,,A,,0,,1,
DATAFLOW,OECD.SDD.TPS:DSD_LFS@DF_IALFS_EMP_WAP_Q(1.0),,I,AUS,,EMP_WAP,,PT_WAP_SUB,,_Z,,Y,,_T,,Y15T64,,_Z,,Q,,1988-Q4,,66.87028,,,,A,,0,,1,
DATAFLOW,OECD.SDD.TPS:DSD_LFS@DF_IALFS_EMP_WAP_Q(1.0),,I,AUS,,EMP_WAP,,PT_WAP_SUB,,_Z,,Y,,_T,,Y15T64,,_Z,,Q,,1989-Q3,,68.47021,,,,A,,0,,1,
DATAFLOW,OECD.SDD.TPS:DSD_LFS@DF_IALFS_EMP_WAP_Q(1.0),,I,AUS,,EMP_WAP,,PT_WAP_SUB,,_Z,,Y,,_T,,Y15T64,,_Z,,Q,,1989-Q4,,68.68033,,,,A,,0,,1,
DATAFLOW,OECD.SDD.TPS:DSD_LFS@DF_IALFS_EMP_WAP_Q(1.0),,I,AUS,,EMP_WAP,,PT_WAP_SUB,,_Z,,Y,,_T,,Y15T64,,_Z,,Q,,1990-Q4,,67.66124,,,,A,,0,,1,
DATAFLOW,OECD.SDD.TPS:DSD_LFS@DF_IALFS_EMP_WAP_Q(1.0),,I,AUS,,EMP_WAP,,PT_WAP_SUB,,_Z,,Y,,_T,,Y15T64,,_Z,,Q,,1991-Q3,,65.51766,,,,A,,0,,1,
DATAFLOW,OECD.SDD.TPS:DSD_LFS@DF_IALFS_EMP_WAP_Q(1.0),,I,AUS,,EMP_WAP,,PT_WAP_SUB,,_Z,,Y,,_T,,Y15T64,,_Z,,Q,,1991-Q4,,65.16925,,,,A,,0,,1,
DATAFLOW,OECD.SDD.TPS:DSD_LFS@DF_IALFS_EMP_WAP_Q(1.0),,I,AUS,,EMP_WAP,,PT_WAP_SUB,,_Z,,Y,,_T,,Y15T64,,_Z,,Q,,1992-Q2,,64.91212,,,,A,,0,,1,
DATAFLOW,OECD.SDD.TPS:DSD_LFS@DF_IALFS_EMP_WAP_Q(1.0),,I,AUS,,EMP_WAP,,PT_WAP_SUB,,_Z,,Y,,_T,,Y15T64,,_Z,,Q,,1992-Q4,,64.54431,,,,A,,0,,1,
DATAFLOW,OECD.SDD.TPS:DSD_LFS@DF_IALFS_EMP_WAP_Q(1.0),,I,AUS,,EMP_WAP,,PT_WAP_SUB,,_Z,,Y,,_T,,Y15T64,,_Z,,Q,,1993-Q4,,65.04669,,,,A,,0,,1,
DATAFLOW,OECD.SDD.TPS:DSD_LFS@DF_IALFS_EMP_WAP_Q(1.0),,I,AUS,,EMP_WAP,,PT_WAP_SUB,,_Z,,Y,,_T,,Y15T64,,_Z,,Q,,1994-Q2,,65.64565,,,,A,,0,,1,
DATAFLOW,OECD.SDD.TPS:DSD_LFS@DF_IALFS_EMP_WAP_Q(1.0),,I,AUS,,EMP_WAP,,PT_WAP_SUB,,_Z,,Y,,_T,,Y15T64,,_Z,,Q,,1994-Q4,,66.61144,,,,A,,0,,1,
DATAFLOW,OECD.SDD.TPS:DSD_LFS@DF_IALFS_EMP_WAP_Q(1.0),,I,AUS,,EMP_WAP,,PT_WAP_SUB,,_Z,,Y,,_T,,Y15T64,,_Z,,Q,,1995-Q2,,67.62053,,,,A,,0,,1,
DATAFLOW,OECD.SDD.TPS:DSD_LFS@DF_IALFS_EMP_WAP_Q(1.0),,I,AUS,,EMP_WAP,,PT_WAP_SUB,,_Z,,Y,,_T,,Y15T64,,_Z,,Q,,1995-Q4,,67.93027,,,,A,,0,,1,
DATAFLOW,OECD.SDD.TPS:DSD_LFS@DF_IALFS_EMP_WAP_Q(1.0),,I,AUS,,EMP_WAP,,PT_WAP_SUB,,_Z,,Y,,_T,,Y15T64,,_Z,,Q,,1999-Q1,,67.9882,,,,A,,0,,1,
DATAFLOW,OECD.SDD.TPS:DSD_LFS@DF_IALFS_EMP_WAP_Q(1.0),,I,AUS,,EMP_WAP,,PT_WAP_SUB,,_Z,,Y,,_T,,Y15T64,,_Z,,Q,,2000-Q3,,69.65611,,,,A,,0,,1,
DATAFLOW,OECD.SDD.TPS:DSD_LFS@DF_IALFS_EMP_WAP_Q(1.0),,I,AUS,,EMP_WAP,,PT_WAP_SUB,,_Z,,Y,,_T,,Y15T64,,_Z,,Q,,2002-Q3,,69.42061,,,,A,,0,,1,
DATAFLOW,OECD.SDD.TPS:DSD_LFS@DF_IALFS_EMP_WAP_Q(1.0),,I,AUS,,EMP_WAP,,PT_WAP_SUB,,_Z,,Y,,_T,,Y15T64,,_Z,,Q,,2004-Q2,,70.17912,,,,A,,0,,1,
DATAFLOW,OECD.SDD.TPS:DSD_LFS@DF_IALFS_EMP_WAP_Q(1.0),,I,AUS,,EMP_WAP,,PT_WAP_SUB,,_Z,,Y,,_T,,Y15T64,,_Z,,Q,,2004-Q3,,70.18568,,,,A,,0,,1,
DATAFLOW,OECD.SDD.TPS:DSD_LFS@DF_IALFS_EMP_WAP_Q(1.0),,I,AUS,,EMP_WAP,,PT_WAP_SUB,,_Z,,Y,,_T,,Y15T64,,_Z,,Q,,2006-Q1,,71.63744,,,,A,,0,,1,
DATAFLOW,OECD.SDD.TPS:DSD_LFS@DF_IALFS_EMP_WAP_Q(1.0),,I,AUS,,EMP_WAP,,PT_WAP_SUB,,_Z,,Y,,_T,,Y15T64,,_Z,,Q,,2008-Q3,,73.18546,,,,A,,0,,1,
DATAFLOW,OECD.SDD.TPS:DSD_LFS@DF_IALFS_EMP_WAP_Q(1.0),,I,AUS,,EMP_WAP,,PT_WAP_SUB,,_Z,,Y,,_T,,Y15T64,,_Z,,Q,,2009-Q3,,71.73695,,,,A,,0,,1,
DATAFLOW,OECD.SDD.TPS:DSD_LFS@DF_IALFS_EMP_WAP_Q(1.0),,I,AUS,,EMP_WAP,,PT_WAP_SUB,,_Z,,Y,,_T,,Y15T64,,_Z,,Q,,2009-Q4,,71.91682,,,,A,,0,,1,
DATAFLOW,OECD.SDD.TPS:DSD_LFS@DF_IALFS_EMP_WAP_Q(1.0),,I,CRI,,EMP_WAP,,PT_WAP_SUB,,_Z,,Y,,_T,,Y15T64,,_Z,,Q,,2010-Q3,,59.82221,,,,A,,0,,1,
DATAFLOW,OECD.SDD.TPS:DSD_LFS@DF_IALFS_EMP_WAP_Q(1.0),,I,CRI,,EMP_WAP,,PT_WAP_SUB,,_Z,,Y,,_T,,Y15T64,,_Z,,Q,,2010-Q4,,59.4301,,,,A,,0,,1,
DATAFLOW,OECD.SDD.TPS:DSD_LFS@DF_IALFS_EMP_WAP_Q(1.0),,I,CRI,,EMP_WAP,,PT_WAP_SUB,,_Z,,Y,,_T,,Y15T64,,_Z,,Q,,2011-Q1,,57.20576,,,,A,,0,,1,
DATAFLOW,OECD.SDD.TPS:DSD_LFS@DF_IALFS_EMP_WAP_Q(1.0),,I,CRI,,EMP_WAP,,PT_WAP_SUB,,_Z,,Y,,_T,,Y15T64,,_Z,,Q,,2011-Q2,,56.26653,,,,A,,0,,1,
DATAFLOW,OECD.SDD.TPS:DSD_LFS@DF_IALFS_EMP_WAP_Q(1.0),,I,CRI,,EMP_WAP,,PT_WAP_SUB,,_Z,,Y,,_T,,Y15T64,,_Z,,Q,,2011-Q3,,58.30302,,,,A,,0,,1,
DATAFLOW,OECD.SDD.TPS:DSD_LFS@DF_IALFS_EMP_WAP_Q(1.0),,I,CRI,,EMP_WAP,,PT_WAP_SUB,,_Z,,Y,,_T,,Y15T64,,_Z,,Q,,2011-Q4,,60.58237,,,,A,,0,,1,
DATAFLOW,OECD.SDD.TPS:DSD_LFS@DF_IALFS_EMP_WAP_Q(1.0),,I,CRI,,EMP_WAP,,PT_WAP_SUB,,_Z,,Y,,_T,,Y15T64,,_Z,,Q,,2012-Q1,,62.75637,,,,A,,0,,1,
DATAFLOW,OECD.SDD.TPS:DSD_LFS@DF_IALFS_EMP_WAP_Q(1.0),,I,CRI,,EMP_WAP,,PT_WAP_SUB,,_Z,,Y,,_T,,Y15T64,,_Z,,Q,,2012-Q2,,61.51035,,,,A,,0,,1,
DATAFLOW,OECD.SDD.TPS:DSD_LFS@DF_IALFS_EMP_WAP_Q(1.0),,I,CRI,,EMP_WAP,,PT_WAP_SUB,,_Z,,Y,,_T,,Y15T64,,_Z,,Q,,2012-Q3,,61.47501,,,,A,,0,,1,
DATAFLOW,OECD.SDD.TPS:DSD_LFS@DF_IALFS_EMP_WAP_Q(1.0),,I,CRI,,EMP_WAP,,PT_WAP_SUB,,_Z,,Y,,_T,,Y15T64,,_Z,,Q,,2012-Q4,,61.50837,,,,A,,0,,1,
DATAFLOW,OECD.SDD.TPS:DSD_LFS@DF_IALFS_EMP_WAP_Q(1.0),,I,CRI,,EMP_WAP,,PT_WAP_SUB,,_Z,,Y,,_T,,Y15T64,,_Z,,Q,,2013-Q1,,60.74109,,,,A,,0,,1,
DATAFLOW,OECD.SDD.TPS:DSD_LFS@DF_IALFS_EMP_WAP_Q(1.0),,I,CRI,,EMP_WAP,,PT_WAP_SUB,,_Z,,Y,,_T,,Y15T64,,_Z,,Q,,2013-Q2,,61.12076,,,,A,,0,,1,
DATAFLOW,OECD.SDD.TPS:DSD_LFS@DF_IALFS_EMP_WAP_Q(1.0),,I,CRI,,EMP_WAP,,PT_WAP_SUB,,_Z,,Y,,_T,,Y15T64,,_Z,,Q,,2013-Q3,,61.90006,,,,A,,0,,1,
DATAFLOW,OECD.SDD.TPS:DSD_LFS@DF_IALFS_EMP_WAP_Q(1.0),,I,CRI,,EMP_WAP,,PT_WAP_SUB,,_Z,,Y,,_T,,Y15T64,,_Z,,Q,,2013-Q4,,63.30004,,,,A,,0,,1,
DATAFLOW,OECD.SDD.TPS:DSD_LFS@DF_IALFS_EMP_WAP_Q(1.0),,I,CRI,,EMP_WAP,,PT_WAP_SUB,,_Z,,Y,,_T,,Y15T64,,_Z,,Q,,2014-Q1,,62.80204,,,,A,,0,,1,
DATAFLOW,OECD.SDD.TPS:DSD_LFS@DF_IALFS_EMP_WAP_Q(1.0),,I,CRI,,EMP_WAP,,PT_WAP_SUB,,_Z,,Y,,_T,,Y15T64,,_Z,,Q,,2014-Q2,,61.23232,,,,A,,0,,1,
DATAFLOW,OECD.SDD.TPS:DSD_LFS@DF_IALFS_EMP_WAP_Q(1.0),,I,CRI,,EMP_WAP,,PT_WAP_SUB,,_Z,,Y,,_T,,Y15T64,,_Z,,Q,,2014-Q3,,61.60734,,,,A,,0,,1,
DATAFLOW,OECD.SDD.TPS:DSD_LFS@DF_IALFS_EMP_WAP_Q(1.0),,I,CRI,,EMP_WAP,,PT_WAP_SUB,,_Z,,Y,,_T,,Y15T64,,_Z,,Q,,2014-Q4,,61.32146,,,,A,,0,,1,
DATAFLOW,OECD.SDD.TPS:DSD_LFS@DF_IALFS_EMP_WAP_Q(1.0),,I,CRI,,EMP_WAP,,PT_WAP_SUB,,_Z,,Y,,_T,,Y15T64,,_Z,,Q,,2015-Q1,,60.7186,,,,A,,0,,1,
DATAFLOW,OECD.SDD.TPS:DSD_LFS@DF_IALFS_EMP_WAP_Q(1.0),,I,CRI,,EMP_WAP,,PT_WAP_SUB,,_Z,,Y,,_T,,Y15T64,,_Z,,Q,,2015-Q2,,61.48014,,,,A,,0,,1,
DATAFLOW,OECD.SDD.TPS:DSD_LFS@DF_IALFS_EMP_WAP_Q(1.0),,I,CRI,,EMP_WAP,,PT_WAP_SUB,,_Z,,Y,,_T,,Y15T64,,_Z,,Q,,2015-Q3,,61.02555,,,,A,,0,,1,
DATAFLOW,OECD.SDD.TPS:DSD_LFS@DF_IALFS_EMP_WAP_Q(1.0),,I,CRI,,EMP_WAP,,PT_WAP_SUB,,_Z,,Y,,_T,,Y15T64,,_Z,,Q,,2015-Q4,,59.53615,,,,A,,0,,1,
DATAFLOW,OECD.SDD.TPS:DSD_LFS@DF_IALFS_EMP_WAP_Q(1.0),,I,CRI,,EMP_WAP,,PT_WAP_SUB,,_Z,,Y,,_T,,Y15T64,,_Z,,Q,,2016-Q1,,59.0303,,,,A,,0,,1,
DATAFLOW,OECD.SDD.TPS:DSD_LFS@DF_IALFS_EMP_WAP_Q(1.0),,I,CRI,,EMP_WAP,,PT_WAP_SUB,,_Z,,Y,,_T,,Y15T64,,_Z,,Q,,2016-Q2,,57.45566,,,,A,,0,,1,
DATAFLOW,OECD.SDD.TPS:DSD_LFS@DF_IALFS_EMP_WAP_Q(1.0),,I,CRI,,EMP_WAP,,PT_WAP_SUB,,_Z,,Y,,_T,,Y15T64,,_Z,,Q,,2016-Q3,,57.83308,,,,A,,0,,1,
DATAFLOW,OECD.SDD.TPS:DSD_LFS@DF_IALFS_EMP_WAP_Q(1.0),,I,CRI,,EMP_WAP,,PT_WAP_SUB,,_Z,,Y,,_T,,Y15T64,,_Z,,Q,,2016-Q4,,60.53406,,,,A,,0,,1,
DATAFLOW,OECD.SDD.TPS:DSD_LFS@DF_IALFS_EMP_WAP_Q(1.0),,I,CRI,,EMP_WAP,,PT_WAP_SUB,,_Z,,Y,,_T,,Y15T64,,_Z,,Q,,2017-Q1,,60.34304,,,,A,,0,,1,
DATAFLOW,OECD.SDD.TPS:DSD_LFS@DF_IALFS_EMP_WAP_Q(1.0),,I,CRI,,EMP_WAP,,PT_WAP_SUB,,_Z,,Y,,_T,,Y15T64,,_Z,,Q,,2017-Q2,,60.52156,,,,A,,0,,1,
DATAFLOW,OECD.SDD.TPS:DSD_LFS@DF_IALFS_EMP_WAP_Q(1.0),,I,CRI,,EMP_WAP,,PT_WAP_SUB,,_Z,,Y,,_T,,Y15T64,,_Z,,Q,,2017-Q3,,60.2851,,,,A,,0,,1,
DATAFLOW,OECD.SDD.TPS:DSD_LFS@DF_IALFS_EMP_WAP_Q(1.0),,I,CRI,,EMP_WAP,,PT_WAP_SUB,,_Z,,Y,,_T,,Y15T64,,_Z,,Q,,2017-Q4,,57.99788,,,,A,,0,,1,
DATAFLOW,OECD.SDD.TPS:DSD_LFS@DF_IALFS_EMP_WAP_Q(1.0),,I,CRI,,EMP_WAP,,PT_WAP_SUB,,_Z,,Y,,_T,,Y15T64,,_Z,,Q,,2018-Q1,,58.40683,,,,A,,0,,1,
DATAFLOW,OECD.SDD.TPS:DSD_LFS@DF_IALFS_EMP_WAP_Q(1.0),,I,CRI,,EMP_WAP,,PT_WAP_SUB,,_Z,,Y,,_T,,Y15T64,,_Z,,Q,,2018-Q2,,62.24781,,,,A,,0,,1,
DATAFLOW,OECD.SDD.TPS:DSD_LFS@DF_IALFS_EMP_WAP_Q(1.0),,I,CRI,,EMP_WAP,,PT_WAP_SUB,,_Z,,Y,,_T,,Y15T64,,_Z,,Q,,2018-Q3,,61.2893,,,,A,,0,,1,
DATAFLOW,OECD.SDD.TPS:DSD_LFS@DF_IALFS_EMP_WAP_Q(1.0),,I,CRI,,EMP_WAP,,PT_WAP_SUB,,_Z,,Y,,_T,,Y15T64,,_Z,,Q,,2018-Q4,,61.86226,,,,A,,0,,1,
DATAFLOW,OECD.SDD.TPS:DSD_LFS@DF_IALFS_EMP_WAP_Q(1.0),,I,CRI,,EMP_WAP,,PT_WAP_SUB,,_Z,,Y,,_T,,Y15T64,,_Z,,Q,,2019-Q1,,61.69806,,,,A,,0,,1,
DATAFLOW,OECD.SDD.TPS:DSD_LFS@DF_IALFS_EMP_WAP_Q(1.0),,I,CRI,,EMP_WAP,,PT_WAP_SUB,,_Z,,Y,,_T,,Y15T64,,_Z,,Q,,2019-Q2,,62.00516,,,,A,,0,,1,
DATAFLOW,OECD.SDD.TPS:DSD_LFS@DF_IALFS_EMP_WAP_Q(1.0),,I,CRI,,EMP_WAP,,PT_WAP_SUB,,_Z,,Y,,_T,,Y15T64,,_Z,,Q,,2019-Q3,,61.26518,,,,A,,0,,1,
DATAFLOW,OECD.SDD.TPS:DSD_LFS@DF_IALFS_EMP_WAP_Q(1.0),,I,CRI,,EMP_WAP,,PT_WAP_SUB,,_Z,,Y,,_T,,Y15T64,,_Z,,Q,,2019-Q4,,61.62133,,,,A,,0,,1,
DATAFLOW,OECD.SDD.TPS:DSD_LFS@DF_IALFS_EMP_WAP_Q(1.0),,I,CRI,,EMP_WAP,,PT_WAP_SUB,,_Z,,Y,,_T,,Y15T64,,_Z,,Q,,2020-Q1,,61.96293,,,,A,,0,,1,
DATAFLOW,OECD.SDD.TPS:DSD_LFS@DF_IALFS_EMP_WAP_Q(1.0),,I,CRI,,EMP_WAP,,PT_WAP_SUB,,_Z,,Y,,_T,,Y15T64,,_Z,,Q,,2020-Q2,,49.69787,,,,A,,0,,1,
DATAFLOW,OECD.SDD.TPS:DSD_LFS@DF_IALFS_EMP_WAP_Q(1.0),,I,CRI,,EMP_WAP,,PT_WAP_SUB,,_Z,,Y,,_T,,Y15T64,,_Z,,Q,,2020-Q3,,52.40552,,,,A,,0,,1,
DATAFLOW,OECD.SDD.TPS:DSD_LFS@DF_IALFS_EMP_WAP_Q(1.0),,I,CRI,,EMP_WAP,,PT_WAP_SUB,,_Z,,Y,,_T,,Y15T64,,_Z,,Q,,2020-Q4,,55.25658,,,,A,,0,,1,
DATAFLOW,OECD.SDD.TPS:DSD_LFS@DF_IALFS_EMP_WAP_Q(1.0),,I,CRI,,EMP_WAP,,PT_WAP_SUB,,_Z,,Y,,_T,,Y15T64,,_Z,,Q,,2021-Q1,,56.04257,,,,A,,0,,1,
DATAFLOW,OECD.SDD.TPS:DSD_LFS@DF_IALFS_EMP_WAP_Q(1.0),,I,CRI,,EMP_WAP,,PT_WAP_SUB,,_Z,,Y,,_T,,Y15T64,,_Z,,Q,,2021-Q2,,55.59557,,,,A,,0,,1,
DATAFLOW,OECD.SDD.TPS:DSD_LFS@DF_IALFS_EMP_WAP_Q(1.0),,I,CRI,,EMP_WAP,,PT_WAP_SUB,,_Z,,Y,,_T,,Y15T64,,_Z,,Q,,2021-Q3,,58.32516,,,,A,,0,,1,
DATAFLOW,OECD.SDD.TPS:DSD_LFS@DF_IALFS_EMP_WAP_Q(1.0),,I,CRI,,EMP_WAP,,PT_WAP_SUB,,_Z,,Y,,_T,,Y15T64,,_Z,,Q,,2021-Q4,,58.65159,,,,A,,0,,1,
DATAFLOW,OECD.SDD.TPS:DSD_LFS@DF_IALFS_EMP_WAP_Q(1.0),,I,CRI,,EMP_WAP,,PT_WAP_SUB,,_Z,,Y,,_T,,Y15T64,,_Z,,Q,,2022-Q1,,58.62284,,,,A,,0,,1,
DATAFLOW,OECD.SDD.TPS:DSD_LFS@DF_IALFS_EMP_WAP_Q(1.0),,I,CRI,,EMP_WAP,,PT_WAP_SUB,,_Z,,Y,,_T,,Y15T64,,_Z,,Q,,2022-Q2,,60.02401,,,,A,,0,,1,
DATAFLOW,OECD.SDD.TPS:DSD_LFS@DF_IALFS_EMP_WAP_Q(1.0),,I,CRI,,EMP_WAP,,PT_WAP_SUB,,_Z,,Y,,_T,,Y15T64,,_Z,,Q,,2022-Q3,,60.90527,,,,A,,0,,1,
DATAFLOW,OECD.SDD.TPS:DSD_LFS@DF_IALFS_EMP_WAP_Q(1.0),,I,CRI,,EMP_WAP,,PT_WAP_SUB,,_Z,,Y,,_T,,Y15T64,,_Z,,Q,,2022-Q4,,60.68662,,,,A,,0,,1,
DATAFLOW,OECD.SDD.TPS:DSD_LFS@DF_IALFS_EMP_WAP_Q(1.0),,I,CRI,,EMP_WAP,,PT_WAP_SUB,,_Z,,Y,,_T,,Y15T64,,_Z,,Q,,2023-Q1,,58.98521,,,,A,,0,,1,
DATAFLOW,OECD.SDD.TPS:DSD_LFS@DF_IALFS_EMP_WAP_Q(1.0),,I,CRI,,EMP_WAP,,PT_WAP_SUB,,_Z,,Y,,_T,,Y15T64,,_Z,,Q,,2023-Q2,,59.30724,,,,A,,0,,1,
DATAFLOW,OECD.SDD.TPS:DSD_LFS@DF_IALFS_EMP_WAP_Q(1.0),,I,CRI,,EMP_WAP,,PT_WAP_SUB,,_Z,,Y,,_T,,Y15T64,,_Z,,Q,,2023-Q3,,58.17517,,,,A,,0,,1,
DATAFLOW,OECD.SDD.TPS:DSD_LFS@DF_IALFS_EMP_WAP_Q(1.0),,I,CRI,,EMP_WAP,,PT_WAP_SUB,,_Z,,Y,,_T,,Y15T64,,_Z,,Q,,2023-Q4,,58.10932,,,,A,,0,,1,
DATAFLOW,OECD.SDD.TPS:DSD_LFS@DF_IALFS_EMP_WAP_Q(1.0),,I,CRI,,EMP_WAP,,PT_WAP_SUB,,_Z,,Y,,_T,,Y15T64,,_Z,,Q,,2024-Q1,,60.15294,,,,A,,0,,1,
DATAFLOW,OECD.SDD.TPS:DSD_LFS@DF_IALFS_EMP_WAP_Q(1.0),,I,CRI,,EMP_WAP,,PT_WAP_SUB,,_Z,,Y,,_T,,Y15T64,,_Z,,Q,,2024-Q2,,59.64067,,,,A,,0,,1,
DATAFLOW,OECD.SDD.TPS:DSD_LFS@DF_IALFS_EMP_WAP_Q(1.0),,I,CRI,,EMP_WAP,,PT_WAP_SUB,,_Z,,Y,,_T,,Y15T64,,_Z,,Q,,2024-Q3,,62.29826,,,,A,,0,,1,
DATAFLOW,OECD.SDD.TPS:DSD_LFS@DF_IALFS_EMP_WAP_Q(1.0),,I,CRI,,EMP_WAP,,PT_WAP_SUB,,_Z,,Y,,_T,,Y15T64,,_Z,,Q,,2024-Q4,,61.93966,,,,A,,0,,1,
DATAFLOW,OECD.SDD.TPS:DSD_LFS@DF_IALFS_EMP_WAP_Q(1.0),,I,CRI,,EMP_WAP,,PT_WAP_SUB,,_Z,,Y,,_T,,Y15T64,,_Z,,Q,,2025-Q1,,61.25319,,,,A,,0,,1,
DATAFLOW,OECD.SDD.TPS:DSD_LFS@DF_IALFS_EMP_WAP_Q(1.0),,I,CRI,,EMP_WAP,,PT_WAP_SUB,,_Z,,Y,,_T,,Y15T64,,_Z,,Q,,2025-Q2,,60.46137,,,,A,,0,,1,
DATAFLOW,OECD.SDD.TPS:DSD_LFS@DF_IALFS_EMP_WAP_Q(1.0),,I,CRI,,EMP_WAP,,PT_WAP_SUB,,_Z,,Y,,_T,,Y15T64,,_Z,,Q,,2025-Q3,,61.36855,,,,A,,0,,1,
DATAFLOW,OECD.SDD.TPS:DSD_LFS@DF_IALFS_EMP_WAP_Q(1.0),,I,CRI,,EMP_WAP,,PT_WAP_SUB,,_Z,,Y,,_T,,Y15T64,,_Z,,Q,,2025-Q4,,61.26453,,,,A,,0,,1,
DATAFLOW,OECD.SDD.TPS:DSD_LFS@DF_IALFS_EMP_WAP_Q(1.0),,I,CRI,,EMP_WAP,,PT_WAP_SUB,,_Z,,Y,,_T,,Y15T64,,_Z,,Q,,2026-Q1,,61.1795,,,,A,,0,,1,
DATAFLOW,OECD.SDD.TPS:DSD_LFS@DF_IALFS_EMP_WAP_Q(1.0),,I,NZL,,EMP_WAP,,PT_WAP_SUB,,_Z,,Y,,_T,,Y15T64,,_Z,,Q,,1988-Q1,,70.52531,,,,A,,0,,1,
DATAFLOW,OECD.SDD.TPS:DSD_LFS@DF_IALFS_EMP_WAP_Q(1.0),,I,NZL,,EMP_WAP,,PT_WAP_SUB,,_Z,,Y,,_T,,Y15T64,,_Z,,Q,,1998-Q3,,69.00549,,,,A,,0,,1,
DATAFLOW,OECD.SDD.TPS:DSD_LFS@DF_IALFS_EMP_WAP_Q(1.0),,I,RUS,,EMP_WAP,,PT_WAP_SUB,,_Z,,Y,,_T,,Y15T64,,_Z,,Q,,2009-Q4,,66.97739,,,,A,,0,,1,
DATAFLOW,OECD.SDD.TPS:DSD_LFS@DF_IALFS_EMP_WAP_Q(1.0),,I,RUS,,EMP_WAP,,PT_WAP_SUB,,_Z,,Y,,_T,,Y15T64,,_Z,,Q,,2010-Q1,,66.86517,,,,A,,0,,1,
DATAFLOW,OECD.SDD.TPS:DSD_LFS@DF_IALFS_EMP_WAP_Q(1.0),,I,RUS,,EMP_WAP,,PT_WAP_SUB,,_Z,,Y,,_T,,Y15T64,,_Z,,Q,,2010-Q2,,67.25357,,,,A,,0,,1,
DATAFLOW,OECD.SDD.TPS:DSD_LFS@DF_IALFS_EMP_WAP_Q(1.0),,I,RUS,,EMP_WAP,,PT_WAP_SUB,,_Z,,Y,,_T,,Y15T64,,_Z,,Q,,2010-Q3,,67.48769,,,,A,,0,,1,
DATAFLOW,OECD.SDD.TPS:DSD_LFS@DF_IALFS_EMP_WAP_Q(1.0),,I,RUS,,EMP_WAP,,PT_WAP_SUB,,_Z,,Y,,_T,,Y15T64,,_Z,,Q,,2010-Q4,,67.61127,,,,A,,0,,1,
DATAFLOW,OECD.SDD.TPS:DSD_LFS@DF_IALFS_EMP_WAP_Q(1.0),,I,RUS,,EMP_WAP,,PT_WAP_SUB,,_Z,,Y,,_T,,Y15T64,,_Z,,Q,,2011-Q1,,67.86036,,,,A,,0,,1,
DATAFLOW,OECD.SDD.TPS:DSD_LFS@DF_IALFS_EMP_WAP_Q(1.0),,I,RUS,,EMP_WAP,,PT_WAP_SUB,,_Z,,Y,,_T,,Y15T64,,_Z,,Q,,2011-Q2,,67.86237,,,,A,,0,,1,
DATAFLOW,OECD.SDD.TPS:DSD_LFS@DF_IALFS_EMP_WAP_Q(1.0),,I,RUS,,EMP_WAP,,PT_WAP_SUB,,_Z,,Y,,_T,,Y15T64,,_Z,,Q,,2011-Q3,,68.16273,,,,A,,0,,1,
DATAFLOW,OECD.SDD.TPS:DSD_LFS@DF_IALFS_EMP_WAP_Q(1.0),,I,RUS,,EMP_WAP,,PT_WAP_SUB,,_Z,,Y,,_T,,Y15T64,,_Z,,Q,,2011-Q4,,68.28942,,,,A,,0,,1,
DATAFLOW,OECD.SDD.TPS:DSD_LFS@DF_IALFS_EMP_WAP_Q(1.0),,I,RUS,,EMP_WAP,,PT_WAP_SUB,,_Z,,Y,,_T,,Y15T64,,_Z,,Q,,2012-Q1,,68.58321,,,,A,,0,,1,
DATAFLOW,OECD.SDD.TPS:DSD_LFS@DF_IALFS_EMP_WAP_Q(1.0),,I,RUS,,EMP_WAP,,PT_WAP_SUB,,_Z,,Y,,_T,,Y15T64,,_Z,,Q,,2012-Q2,,69.14046,,,,A,,0,,1,
DATAFLOW,OECD.SDD.TPS:DSD_LFS@DF_IALFS_EMP_WAP_Q(1.0),,I,RUS,,EMP_WAP,,PT_WAP_SUB,,_Z,,Y,,_T,,Y15T64,,_Z,,Q,,2012-Q3,,69.09837,,,,A,,0,,1,
DATAFLOW,OECD.SDD.TPS:DSD_LFS@DF_IALFS_EMP_WAP_Q(1.0),,I,RUS,,EMP_WAP,,PT_WAP_SUB,,_Z,,Y,,_T,,Y15T64,,_Z,,Q,,2012-Q4,,69.08044,,,,A,,0,,1,
DATAFLOW,OECD.SDD.TPS:DSD_LFS@DF_IALFS_EMP_WAP_Q(1.0),,I,RUS,,EMP_WAP,,PT_WAP_SUB,,_Z,,Y,,_T,,Y15T64,,_Z,,Q,,2013-Q1,,69.16153,,,,A,,0,,1,
DATAFLOW,OECD.SDD.TPS:DSD_LFS@DF_IALFS_EMP_WAP_Q(1.0),,I,RUS,,EMP_WAP,,PT_WAP_SUB,,_Z,,Y,,_T,,Y15T64,,_Z,,Q,,2013-Q2,,68.68951,,,,A,,0,,1,
DATAFLOW,OECD.SDD.TPS:DSD_LFS@DF_IALFS_EMP_WAP_Q(1.0),,I,RUS,,EMP_WAP,,PT_WAP_SUB,,_Z,,Y,,_T,,Y15T64,,_Z,,Q,,2013-Q3,,68.63514,,,,A,,0,,1,
DATAFLOW,OECD.SDD.TPS:DSD_LFS@DF_IALFS_EMP_WAP_Q(1.0),,I,RUS,,EMP_WAP,,PT_WAP_SUB,,_Z,,Y,,_T,,Y15T64,,_Z,,Q,,2013-Q4,,68.82336,,,,A,,0,,1,
DATAFLOW,OECD.SDD.TPS:DSD_LFS@DF_IALFS_EMP_WAP_Q(1.0),,I,RUS,,EMP_WAP,,PT_WAP_SUB,,_Z,,Y,,_T,,Y15T64,,_Z,,Q,,2014-Q1,,69.22432,,,,A,,0,,1,
DATAFLOW,OECD.SDD.TPS:DSD_LFS@DF_IALFS_EMP_WAP_Q(1.0),,I,RUS,,EMP_WAP,,PT_WAP_SUB,,_Z,,Y,,_T,,Y15T64,,_Z,,Q,,2014-Q2,,69.2189,,,,A,,0,,1,
DATAFLOW,OECD.SDD.TPS:DSD_LFS@DF_IALFS_EMP_WAP_Q(1.0),,I,RUS,,EMP_WAP,,PT_WAP_SUB,,_Z,,Y,,_T,,Y15T64,,_Z,,Q,,2014-Q3,,69.27634,,,,A,,0,,1,
DATAFLOW,OECD.SDD.TPS:DSD_LFS@DF_IALFS_EMP_WAP_Q(1.0),,I,RUS,,EMP_WAP,,PT_WAP_SUB,,_Z,,Y,,_T,,Y15T64,,_Z,,Q,,2014-Q4,,69.58697,,,,A,,0,,1,
DATAFLOW,OECD.SDD.TPS:DSD_LFS@DF_IALFS_EMP_WAP_Q(1.0),,I,RUS,,EMP_WAP,,PT_WAP_SUB,,_Z,,Y,,_T,,Y15T64,,_Z,,Q,,2015-Q1,,69.29296,,,,A,,0,,1,
DATAFLOW,OECD.SDD.TPS:DSD_LFS@DF_IALFS_EMP_WAP_Q(1.0),,I,RUS,,EMP_WAP,,PT_WAP_SUB,,_Z,,Y,,_T,,Y15T64,,_Z,,Q,,2015-Q2,,69.1921,,,,A,,0,,1,
DATAFLOW,OECD.SDD.TPS:DSD_LFS@DF_IALFS_EMP_WAP_Q(1.0),,I,RUS,,EMP_WAP,,PT_WAP_SUB,,_Z,,Y,,_T,,Y15T64,,_Z,,Q,,2015-Q3,,69.41416,,,,A,,0,,1,
DATAFLOW,OECD.SDD.TPS:DSD_LFS@DF_IALFS_EMP_WAP_Q(1.0),,I,RUS,,EMP_WAP,,PT_WAP_SUB,,_Z,,Y,,_T,,Y15T64,,_Z,,Q,,2015-Q4,,69.30076,,,,A,,0,,1,
DATAFLOW,OECD.SDD.TPS:DSD_LFS@DF_IALFS_EMP_WAP_Q(1.0),,I,RUS,,EMP_WAP,,PT_WAP_SUB,,_Z,,Y,,_T,,Y15T64,,_Z,,Q,,2016-Q1,,69.53355,,,,A,,0,,1,
DATAFLOW,OECD.SDD.TPS:DSD_LFS@DF_IALFS_EMP_WAP_Q(1.0),,I,RUS,,EMP_WAP,,PT_WAP_SUB,,_Z,,Y,,_T,,Y15T64,,_Z,,Q,,2016-Q2,,69.83944,,,,A,,0,,1,
DATAFLOW,OECD.SDD.TPS:DSD_LFS@DF_IALFS_EMP_WAP_Q(1.0),,I,RUS,,EMP_WAP,,PT_WAP_SUB,,_Z,,Y,,_T,,Y15T64,,_Z,,Q,,2016-Q3,,70.06429,,,,A,,0,,1,
DATAFLOW,OECD.SDD.TPS:DSD_LFS@DF_IALFS_EMP_WAP_Q(1.0),,I,RUS,,EMP_WAP,,PT_WAP_SUB,,_Z,,Y,,_T,,Y15T64,,_Z,,Q,,2016-Q4,,70.29263,,,,A,,0,,1,
DATAFLOW,OECD.SDD.TPS:DSD_LFS@DF_IALFS_EMP_WAP_Q(1.0),,I,RUS,,EMP_WAP,,PT_WAP_SUB,,_Z,,Y,,_T,,Y15T64,,_Z,,Q,,2017-Q1,,70.28012,,,,A,,0,,1,
DATAFLOW,OECD.SDD.TPS:DSD_LFS@DF_IALFS_EMP_WAP_Q(1.0),,I,RUS,,EMP_WAP,,PT_WAP_SUB,,_Z,,Y,,_T,,Y15T64,,_Z,,Q,,2017-Q2,,70.15013,,,,A,,0,,1,
DATAFLOW,OECD.SDD.TPS:DSD_LFS@DF_IALFS_EMP_WAP_Q(1.0),,I,RUS,,EMP_WAP,,PT_WAP_SUB,,_Z,,Y,,_T,,Y15T64,,_Z,,Q,,2017-Q3,,70.24126,,,,A,,0,,1,
DATAFLOW,OECD.SDD.TPS:DSD_LFS@DF_IALFS_EMP_WAP_Q(1.0),,I,RUS,,EMP_WAP,,PT_WAP_SUB,,_Z,,Y,,_T,,Y15T64,,_Z,,Q,,2017-Q4,,70.53878,,,,A,,0,,1,
DATAFLOW,OECD.SDD.TPS:DSD_LFS@DF_IALFS_EMP_WAP_Q(1.0),,I,RUS,,EMP_WAP,,PT_WAP_SUB,,_Z,,Y,,_T,,Y15T64,,_Z,,Q,,2018-Q1,,70.98338,,,,A,,0,,1,
DATAFLOW,OECD.SDD.TPS:DSD_LFS@DF_IALFS_EMP_WAP_Q(1.0),,I,RUS,,EMP_WAP,,PT_WAP_SUB,,_Z,,Y,,_T,,Y15T64,,_Z,,Q,,2018-Q2,,71.03603,,,,A,,0,,1,
DATAFLOW,OECD.SDD.TPS:DSD_LFS@DF_IALFS_EMP_WAP_Q(1.0),,I,RUS,,EMP_WAP,,PT_WAP_SUB,,_Z,,Y,,_T,,Y15T64,,_Z,,Q,,2018-Q3,,70.89587,,,,A,,0,,1,
DATAFLOW,OECD.SDD.TPS:DSD_LFS@DF_IALFS_EMP_WAP_Q(1.0),,I,RUS,,EMP_WAP,,PT_WAP_SUB,,_Z,,Y,,_T,,Y15T64,,_Z,,Q,,2018-Q4,,71.041,,,,A,,0,,1,
DATAFLOW,OECD.SDD.TPS:DSD_LFS@DF_IALFS_EMP_WAP_Q(1.0),,I,RUS,,EMP_WAP,,PT_WAP_SUB,,_Z,,Y,,_T,,Y15T64,,_Z,,Q,,2019-Q1,,70.8099,,,,A,,0,,1,
DATAFLOW,OECD.SDD.TPS:DSD_LFS@DF_IALFS_EMP_WAP_Q(1.0),,I,RUS,,EMP_WAP,,PT_WAP_SUB,,_Z,,Y,,_T,,Y15T64,,_Z,,Q,,2019-Q2,,70.64869,,,,A,,0,,1,
DATAFLOW,OECD.SDD.TPS:DSD_LFS@DF_IALFS_EMP_WAP_Q(1.0),,I,RUS,,EMP_WAP,,PT_WAP_SUB,,_Z,,Y,,_T,,Y15T64,,_Z,,Q,,2019-Q3,,70.71784,,,,A,,0,,1,
DATAFLOW,OECD.SDD.TPS:DSD_LFS@DF_IALFS_EMP_WAP_Q(1.0),,I,RUS,,EMP_WAP,,PT_WAP_SUB,,_Z,,Y,,_T,,Y15T64,,_Z,,Q,,2019-Q4,,71.08635,,,,A,,0,,1,
DATAFLOW,OECD.SDD.TPS:DSD_LFS@DF_IALFS_EMP_WAP_Q(1.0),,I,RUS,,EMP_WAP,,PT_WAP_SUB,,_Z,,Y,,_T,,Y15T64,,_Z,,Q,,2020-Q1,,71.0795,,,,A,,0,,1,
DATAFLOW,OECD.SDD.TPS:DSD_LFS@DF_IALFS_EMP_WAP_Q(1.0),,I,RUS,,EMP_WAP,,PT_WAP_SUB,,_Z,,Y,,_T,,Y15T64,,_Z,,Q,,2020-Q2,,70.18101,,,,A,,0,,1,
DATAFLOW,OECD.SDD.TPS:DSD_LFS@DF_IALFS_EMP_WAP_Q(1.0),,I,RUS,,EMP_WAP,,PT_WAP_SUB,,_Z,,Y,,_T,,Y15T64,,_Z,,Q,,2020-Q3,,69.6964,,,,A,,0,,1,
DATAFLOW,OECD.SDD.TPS:DSD_LFS@DF_IALFS_EMP_WAP_Q(1.0),,I,RUS,,EMP_WAP,,PT_WAP_SUB,,_Z,,Y,,_T,,Y15T64,,_Z,,Q,,2020-Q4,,69.75356,,,,A,,0,,1,
DATAFLOW,OECD.SDD.TPS:DSD_LFS@DF_IALFS_EMP_WAP_Q(1.0),,I,RUS,,EMP_WAP,,PT_WAP_SUB,,_Z,,Y,,_T,,Y15T64,,_Z,,Q,,2021-Q1,,70.2616,,,,A,,0,,1,
DATAFLOW,OECD.SDD.TPS:DSD_LFS@DF_IALFS_EMP_WAP_Q(1.0),,I,RUS,,EMP_WAP,,PT_WAP_SUB,,_Z,,Y,,_T,,Y15T64,,_Z,,Q,,2021-Q2,,71.38441,,,,A,,0,,1,
DATAFLOW,OECD.SDD.TPS:DSD_LFS@DF_IALFS_EMP_WAP_Q(1.0),,I,RUS,,EMP_WAP,,PT_WAP_SUB,,_Z,,Y,,_T,,Y15T64,,_Z,,Q,,2021-Q3,,71.96723,,,,A,,0,,1,
DATAFLOW,OECD.SDD.TPS:DSD_LFS@DF_IALFS_EMP_WAP_Q(1.0),,I,RUS,,EMP_WAP,,PT_WAP_SUB,,_Z,,Y,,_T,,Y15T64,,_Z,,Q,,2021-Q4,,72.26421,,,,A,,0,,1,
DATAFLOW,OECD.SDD.TPS:DSD_LFS@DF_IALFS_EMP_WAP_Q(1.0),,I,ZAF,,EMP_WAP,,PT_WAP_SUB,,_Z,,Y,,_T,,Y15T64,,_Z,,Q,,2000-Q3,,45.67535,,,,E,,0,,1,
DATAFLOW,OECD.SDD.TPS:DSD_LFS@DF_IALFS_EMP_WAP_Q(1.0),,I,ZAF,,EMP_WAP,,PT_WAP_SUB,,_Z,,Y,,_T,,Y15T64,,_Z,,Q,,2001-Q1,,45.82233,,,,E,,0,,1,
DATAFLOW,OECD.SDD.TPS:DSD_LFS@DF_IALFS_EMP_WAP_Q(1.0),,I,ZAF,,EMP_WAP,,PT_WAP_SUB,,_Z,,Y,,_T,,Y15T64,,_Z,,Q,,2001-Q3,,42.35324,,,,E,,0,,1,
DATAFLOW,OECD.SDD.TPS:DSD_LFS@DF_IALFS_EMP_WAP_Q(1.0),,I,ZAF,,EMP_WAP,,PT_WAP_SUB,,_Z,,Y,,_T,,Y15T64,,_Z,,Q,,2002-Q1,,43.14854,,,,E,,0,,1,
DATAFLOW,OECD.SDD.TPS:DSD_LFS@DF_IALFS_EMP_WAP_Q(1.0),,I,ZAF,,EMP_WAP,,PT_WAP_SUB,,_Z,,Y,,_T,,Y15T64,,_Z,,Q,,2002-Q3,,42.52173,,,,E,,0,,1,
DATAFLOW,OECD.SDD.TPS:DSD_LFS@DF_IALFS_EMP_WAP_Q(1.0),,I,ZAF,,EMP_WAP,,PT_WAP_SUB,,_Z,,Y,,_T,,Y15T64,,_Z,,Q,,2003-Q1,,41.18478,,,,E,,0,,1,
DATAFLOW,OECD.SDD.TPS:DSD_LFS@DF_IALFS_EMP_WAP_Q(1.0),,I,ZAF,,EMP_WAP,,PT_WAP_SUB,,_Z,,Y,,_T,,Y15T64,,_Z,,Q,,2003-Q3,,41.83663,,,,E,,0,,1,
DATAFLOW,OECD.SDD.TPS:DSD_LFS@DF_IALFS_EMP_WAP_Q(1.0),,I,ZAF,,EMP_WAP,,PT_WAP_SUB,,_Z,,Y,,_T,,Y15T64,,_Z,,Q,,2004-Q1,,41.00368,,,,E,,0,,1,
DATAFLOW,OECD.SDD.TPS:DSD_LFS@DF_IALFS_EMP_WAP_Q(1.0),,I,ZAF,,EMP_WAP,,PT_WAP_SUB,,_Z,,Y,,_T,,Y15T64,,_Z,,Q,,2004-Q3,,42.1753,,,,E,,0,,1,
DATAFLOW,OECD.SDD.TPS:DSD_LFS@DF_IALFS_EMP_WAP_Q(1.0),,I,ZAF,,EMP_WAP,,PT_WAP_SUB,,_Z,,Y,,_T,,Y15T64,,_Z,,Q,,2005-Q1,,42.64325,,,,E,,0,,1,
DATAFLOW,OECD.SDD.TPS:DSD_LFS@DF_IALFS_EMP_WAP_Q(1.0),,I,ZAF,,EMP_WAP,,PT_WAP_SUB,,_Z,,Y,,_T,,Y15T64,,_Z,,Q,,2005-Q3,,44.10123,,,,E,,0,,1,
DATAFLOW,OECD.SDD.TPS:DSD_LFS@DF_IALFS_EMP_WAP_Q(1.0),,I,ZAF,,EMP_WAP,,PT_WAP_SUB,,_Z,,Y,,_T,,Y15T64,,_Z,,Q,,2006-Q1,,44.45079,,,,E,,0,,1,
DATAFLOW,OECD.SDD.TPS:DSD_LFS@DF_IALFS_EMP_WAP_Q(1.0),,I,ZAF,,EMP_WAP,,PT_WAP_SUB,,_Z,,Y,,_T,,Y15T64,,_Z,,Q,,2006-Q3,,45.33969,,,,E,,0,,1,
DATAFLOW,OECD.SDD.TPS:DSD_LFS@DF_IALFS_EMP_WAP_Q(1.0),,I,ZAF,,EMP_WAP,,PT_WAP_SUB,,_Z,,Y,,_T,,Y15T64,,_Z,,Q,,2007-Q1,,44.11083,,,,E,,0,,1,
DATAFLOW,OECD.SDD.TPS:DSD_LFS@DF_IALFS_EMP_WAP_Q(1.0),,I,ZAF,,EMP_WAP,,PT_WAP_SUB,,_Z,,Y,,_T,,Y15T64,,_Z,,Q,,2007-Q3,,44.74255,,,,E,,0,,1,
DATAFLOW,OECD.SDD.TPS:DSD_LFS@DF_IALFS_EMP_WAP_Q(1.0),,I,JPN,,EMP_WAP,,PT_WAP_SUB,,_Z,,Y,,_T,,Y15T64,,_Z,,Q,,2011-Q1,,70.82626,,,,B,,0,,1,
DATAFLOW,OECD.SDD.TPS:DSD_LFS@DF_IALFS_EMP_WAP_Q(1.0),,I,JPN,,EMP_WAP,,PT_WAP_SUB,,_Z,,Y,,_T,,Y15T64,,_Z,,Q,,2011-Q3,,70.78424,,,,B,,0,,1,
DATAFLOW,OECD.SDD.TPS:DSD_LFS@DF_IALFS_EMP_WAP_Q(1.0),,I,CHE,,EMP_WAP,,PT_WAP_SUB,,_Z,,Y,,_T,,Y15T64,,_Z,,Q,,2009-Q2,,79.01366,,,,B,,0,,1,
DATAFLOW,OECD.SDD.TPS:DSD_LFS@DF_IALFS_EMP_WAP_Q(1.0),,I,BEL,,EMP_WAP,,PT_WAP_SUB,,_Z,,Y,,_T,,Y15T64,,_Z,,Q,,2008-Q4,,62.16187,,,,B,,0,,1,
DATAFLOW,OECD.SDD.TPS:DSD_LFS@DF_IALFS_EMP_WAP_Q(1.0),,I,EST,,EMP_WAP,,PT_WAP_SUB,,_Z,,Y,,_T,,Y15T64,,_Z,,Q,,2008-Q4,,69.74608,,,,B,,0,,1,
DATAFLOW,OECD.SDD.TPS:DSD_LFS@DF_IALFS_EMP_WAP_Q(1.0),,I,FIN,,EMP_WAP,,PT_WAP_SUB,,_Z,,Y,,_T,,Y15T64,,_Z,,Q,,2008-Q4,,71.06205,,,,B,,0,,1,
DATAFLOW,OECD.SDD.TPS:DSD_LFS@DF_IALFS_EMP_WAP_Q(1.0),,I,GRC,,EMP_WAP,,PT_WAP_SUB,,_Z,,Y,,_T,,Y15T64,,_Z,,Q,,2008-Q4,,61.43771,,,,B,,0,,1,
DATAFLOW,OECD.SDD.TPS:DSD_LFS@DF_IALFS_EMP_WAP_Q(1.0),,I,HUN,,EMP_WAP,,PT_WAP_SUB,,_Z,,Y,,_T,,Y15T64,,_Z,,Q,,2008-Q4,,56.2369,,,,B,,0,,1,
DATAFLOW,OECD.SDD.TPS:DSD_LFS@DF_IALFS_EMP_WAP_Q(1.0),,I,IRL,,EMP_WAP,,PT_WAP_SUB,,_Z,,Y,,_T,,Y15T64,,_Z,,Q,,2008-Q4,,67.93954,,,,B,,0,,1,
DATAFLOW,OECD.SDD.TPS:DSD_LFS@DF_IALFS_EMP_WAP_Q(1.0),,I,ITA,,EMP_WAP,,PT_WAP_SUB,,_Z,,Y,,_T,,Y15T64,,_Z,,Q,,2008-Q4,,58.33613,,,,B,,0,,1,
DATAFLOW,OECD.SDD.TPS:DSD_LFS@DF_IALFS_EMP_WAP_Q(1.0),,I,LVA,,EMP_WAP,,PT_WAP_SUB,,_Z,,Y,,_T,,Y15T64,,_Z,,Q,,2008-Q4,,66.18473,,,,B,,0,,1,
DATAFLOW,OECD.SDD.TPS:DSD_LFS@DF_IALFS_EMP_WAP_Q(1.0),,I,NLD,,EMP_WAP,,PT_WAP_SUB,,_Z,,Y,,_T,,Y15T64,,_Z,,Q,,2008-Q4,,75.16648,,,,B,,0,,1,
DATAFLOW,OECD.SDD.TPS:DSD_LFS@DF_IALFS_EMP_WAP_Q(1.0),,I,POL,,EMP_WAP,,PT_WAP_SUB,,_Z,,Y,,_T,,Y15T64,,_Z,,Q,,2008-Q4,,59.66581,,,,B,,0,,1,
DATAFLOW,OECD.SDD.TPS:DSD_LFS@DF_IALFS_EMP_WAP_Q(1.0),,I,PRT,,EMP_WAP,,PT_WAP_SUB,,_Z,,Y,,_T,,Y15T64,,_Z,,Q,,2008-Q4,,67.71345,,,,B,,0,,1,
DATAFLOW,OECD.SDD.TPS:DSD_LFS@DF_IALFS_EMP_WAP_Q(1.0),,I,SVK,,EMP_WAP,,PT_WAP_SUB,,_Z,,Y,,_T,,Y15T64,,_Z,,Q,,2008-Q4,,62.70081,,,,B,,0,,1,
DATAFLOW,OECD.SDD.TPS:DSD_LFS@DF_IALFS_EMP_WAP_Q(1.0),,I,SVN,,EMP_WAP,,PT_WAP_SUB,,_Z,,Y,,_T,,Y15T64,,_Z,,Q,,2008-Q4,,68.92123,,,,B,,0,,1,
DATAFLOW,OECD.SDD.TPS:DSD_LFS@DF_IALFS_EMP_WAP_Q(1.0),,I,SWE,,EMP_WAP,,PT_WAP_SUB,,_Z,,Y,,_T,,Y15T64,,_Z,,Q,,2008-Q4,,73.82954,,,,B,,0,,1,
DATAFLOW,OECD.SDD.TPS:DSD_LFS@DF_IALFS_EMP_WAP_Q(1.0),,I,DEU,,EMP_WAP,,PT_WAP_SUB,,_Z,,Y,,_T,,Y15T64,,_Z,,Q,,2005-Q1,,65.19444,,,,E,,0,,1,
DATAFLOW,OECD.SDD.TPS:DSD_LFS@DF_IALFS_EMP_WAP_Q(1.0),,I,DEU,,EMP_WAP,,PT_WAP_SUB,,_Z,,Y,,_T,,Y15T64,,_Z,,Q,,2005-Q2,,65.19944,,,,E,,0,,1,
DATAFLOW,OECD.SDD.TPS:DSD_LFS@DF_IALFS_EMP_WAP_Q(1.0),,I,DEU,,EMP_WAP,,PT_WAP_SUB,,_Z,,Y,,_T,,Y15T64,,_Z,,Q,,2005-Q3,,65.5234,,,,E,,0,,1,
DATAFLOW,OECD.SDD.TPS:DSD_LFS@DF_IALFS_EMP_WAP_Q(1.0),,I,DEU,,EMP_WAP,,PT_WAP_SUB,,_Z,,Y,,_T,,Y15T64,,_Z,,Q,,2005-Q4,,65.89368,,,,E,,0,,1,
DATAFLOW,OECD.SDD.TPS:DSD_LFS@DF_IALFS_EMP_WAP_Q(1.0),,I,DEU,,EMP_WAP,,PT_WAP_SUB,,_Z,,Y,,_T,,Y15T64,,_Z,,Q,,2006-Q1,,66.40794,,,,E,,0,,1,
DATAFLOW,OECD.SDD.TPS:DSD_LFS@DF_IALFS_EMP_WAP_Q(1.0),,I,DEU,,EMP_WAP,,PT_WAP_SUB,,_Z,,Y,,_T,,Y15T64,,_Z,,Q,,2006-Q2,,66.9909,,,,E,,0,,1,
DATAFLOW,OECD.SDD.TPS:DSD_LFS@DF_IALFS_EMP_WAP_Q(1.0),,I,DEU,,EMP_WAP,,PT_WAP_SUB,,_Z,,Y,,_T,,Y15T64,,_Z,,Q,,2006-Q3,,67.47513,,,,E,,0,,1,
DATAFLOW,OECD.SDD.TPS:DSD_LFS@DF_IALFS_EMP_WAP_Q(1.0),,I,DEU,,EMP_WAP,,PT_WAP_SUB,,_Z,,Y,,_T,,Y15T64,,_Z,,Q,,2006-Q4,,67.7817,,,,E,,0,,1,
DATAFLOW,OECD.SDD.TPS:DSD_LFS@DF_IALFS_EMP_WAP_Q(1.0),,I,DEU,,EMP_WAP,,PT_WAP_SUB,,_Z,,Y,,_T,,Y15T64,,_Z,,Q,,2007-Q1,,68.48769,,,,E,,0,,1,
DATAFLOW,OECD.SDD.TPS:DSD_LFS@DF_IALFS_EMP_WAP_Q(1.0),,I,DEU,,EMP_WAP,,PT_WAP_SUB,,_Z,,Y,,_T,,Y15T64,,_Z,,Q,,2007-Q2,,68.81258,,,,E,,0,,1,
DATAFLOW,OECD.SDD.TPS:DSD_LFS@DF_IALFS_EMP_WAP_Q(1.0),,I,DEU,,EMP_WAP,,PT_WAP_SUB,,_Z,,Y,,_T,,Y15T64,,_Z,,Q,,2007-Q3,,69.18359,,,,E,,0,,1,
DATAFLOW,OECD.SDD.TPS:DSD_LFS@DF_IALFS_EMP_WAP_Q(1.0),,I,DEU,,EMP_WAP,,PT_WAP_SUB,,_Z,,Y,,_T,,Y15T64,,_Z,,Q,,2007-Q4,,69.36181,,,,E,,0,,1,
DATAFLOW,OECD.SDD.TPS:DSD_LFS@DF_IALFS_EMP_WAP_Q(1.0),,I,DEU,,EMP_WAP,,PT_WAP_SUB,,_Z,,Y,,_T,,Y15T64,,_Z,,Q,,2008-Q1,,69.81321,,,,E,,0,,1,
DATAFLOW,OECD.SDD.TPS:DSD_LFS@DF_IALFS_EMP_WAP_Q(1.0),,I,DEU,,EMP_WAP,,PT_WAP_SUB,,_Z,,Y,,_T,,Y15T64,,_Z,,Q,,2008-Q2,,69.80685,,,,E,,0,,1,
DATAFLOW,OECD.SDD.TPS:DSD_LFS@DF_IALFS_EMP_WAP_Q(1.0),,I,DEU,,EMP_WAP,,PT_WAP_SUB,,_Z,,Y,,_T,,Y15T64,,_Z,,Q,,2008-Q3,,70.35694,,,,E,,0,,1,
DATAFLOW,OECD.SDD.TPS:DSD_LFS@DF_IALFS_EMP_WAP_Q(1.0),,I,DEU,,EMP_WAP,,PT_WAP_SUB,,_Z,,Y,,_T,,Y15T64,,_Z,,Q,,2008-Q4,,70.43853,,,,E,,0,,1,
DATAFLOW,OECD.SDD.TPS:DSD_LFS@DF_IALFS_EMP_WAP_Q(1.0),,I,DEU,,EMP_WAP,,PT_WAP_SUB,,_Z,,Y,,_T,,Y15T64,,_Z,,Q,,2009-Q1,,69.24348,,,,E,,0,,1,
DATAFLOW,OECD.SDD.TPS:DSD_LFS@DF_IALFS_EMP_WAP_Q(1.0),,I,DEU,,EMP_WAP,,PT_WAP_SUB,,_Z,,Y,,_T,,Y15T64,,_Z,,Q,,2009-Q2,,69.34557,,,,E,,0,,1,
DATAFLOW,OECD.SDD.TPS:DSD_LFS@DF_IALFS_EMP_WAP_Q(1.0),,I,DEU,,EMP_WAP,,PT_WAP_SUB,,_Z,,Y,,_T,,Y15T64,,_Z,,Q,,2009-Q3,,69.18018,,,,E,,0,,1,
DATAFLOW,OECD.SDD.TPS:DSD_LFS@DF_IALFS_EMP_WAP_Q(1.0),,I,DEU,,EMP_WAP,,PT_WAP_SUB,,_Z,,Y,,_T,,Y15T64,,_Z,,Q,,2009-Q4,,69.81895,,,,E,,0,,1,
DATAFLOW,OECD.SDD.TPS:DSD_LFS@DF_IALFS_EMP_WAP_Q(1.0),,I,DEU,,EMP_WAP,,PT_WAP_SUB,,_Z,,Y,,_T,,Y15T64,,_Z,,Q,,2010-Q1,,69.90231,,,,E,,0,,1,
DATAFLOW,OECD.SDD.TPS:DSD_LFS@DF_IALFS_EMP_WAP_Q(1.0),,I,DEU,,EMP_WAP,,PT_WAP_SUB,,_Z,,Y,,_T,,Y15T64,,_Z,,Q,,2010-Q2,,70.25742,,,,E,,0,,1,
DATAFLOW,OECD.SDD.TPS:DSD_LFS@DF_IALFS_EMP_WAP_Q(1.0),,I,DEU,,EMP_WAP,,PT_WAP_SUB,,_Z,,Y,,_T,,Y15T64,,_Z,,Q,,2010-Q3,,70.44604,,,,E,,0,,1,
DATAFLOW,OECD.SDD.TPS:DSD_LFS@DF_IALFS_EMP_WAP_Q(1.0),,I,DEU,,EMP_WAP,,PT_WAP_SUB,,_Z,,Y,,_T,,Y15T64,,_Z,,Q,,2010-Q4,,70.65646,,,,E,,0,,1,
DATAFLOW,OECD.SDD.TPS:DSD_LFS@DF_IALFS_EMP_WAP_Q(1.0),,I,DEU,,EMP_WAP,,PT_WAP_SUB,,_Z,,Y,,_T,,Y15T64,,_Z,,Q,,2011-Q1,,71.21901,,,,E,,0,,1,
DATAFLOW,OECD.SDD.TPS:DSD_LFS@DF_IALFS_EMP_WAP_Q(1.0),,I,DEU,,EMP_WAP,,PT_WAP_SUB,,_Z,,Y,,_T,,Y15T64,,_Z,,Q,,2011-Q2,,71.75304,,,,E,,0,,1,
DATAFLOW,OECD.SDD.TPS:DSD_LFS@DF_IALFS_EMP_WAP_Q(1.0),,I,DEU,,EMP_WAP,,PT_WAP_SUB,,_Z,,Y,,_T,,Y15T64,,_Z,,Q,,2011-Q3,,71.83925,,,,E,,0,,1,
DATAFLOW,OECD.SDD.TPS:DSD_LFS@DF_IALFS_EMP_WAP_Q(1.0),,I,DEU,,EMP_WAP,,PT_WAP_SUB,,_Z,,Y,,_T,,Y15T64,,_Z,,Q,,2011-Q4,,72.25014,,,,E,,0,,1,
DATAFLOW,OECD.SDD.TPS:DSD_LFS@DF_IALFS_EMP_WAP_Q(1.0),,I,DEU,,EMP_WAP,,PT_WAP_SUB,,_Z,,Y,,_T,,Y15T64,,_Z,,Q,,2012-Q1,,71.77687,,,,E,,0,,1,
DATAFLOW,OECD.SDD.TPS:DSD_LFS@DF_IALFS_EMP_WAP_Q(1.0),,I,DEU,,EMP_WAP,,PT_WAP_SUB,,_Z,,Y,,_T,,Y15T64,,_Z,,Q,,2012-Q2,,71.98163,,,,E,,0,,1,
DATAFLOW,OECD.SDD.TPS:DSD_LFS@DF_IALFS_EMP_WAP_Q(1.0),,I,DEU,,EMP_WAP,,PT_WAP_SUB,,_Z,,Y,,_T,,Y15T64,,_Z,,Q,,2012-Q3,,72.06743,,,,E,,0,,1,
DATAFLOW,OECD.SDD.TPS:DSD_LFS@DF_IALFS_EMP_WAP_Q(1.0),,I,DEU,,EMP_WAP,,PT_WAP_SUB,,_Z,,Y,,_T,,Y15T64,,_Z,,Q,,2012-Q4,,72.14242,,,,E,,0,,1,
DATAFLOW,OECD.SDD.TPS:DSD_LFS@DF_IALFS_EMP_WAP_Q(1.0),,I,DEU,,EMP_WAP,,PT_WAP_SUB,,_Z,,Y,,_T,,Y15T64,,_Z,,Q,,2013-Q1,,72.18745,,,,E,,0,,1,
DATAFLOW,OECD.SDD.TPS:DSD_LFS@DF_IALFS_EMP_WAP_Q(1.0),,I,DEU,,EMP_WAP,,PT_WAP_SUB,,_Z,,Y,,_T,,Y15T64,,_Z,,Q,,2013-Q2,,72.47523,,,,E,,0,,1,
DATAFLOW,OECD.SDD.TPS:DSD_LFS@DF_IALFS_EMP_WAP_Q(1.0),,I,DEU,,EMP_WAP,,PT_WAP_SUB,,_Z,,Y,,_T,,Y15T64,,_Z,,Q,,2013-Q3,,72.39938,,,,E,,0,,1,
DATAFLOW,OECD.SDD.TPS:DSD_LFS@DF_IALFS_EMP_WAP_Q(1.0),,I,DEU,,EMP_WAP,,PT_WAP_SUB,,_Z,,Y,,_T,,Y15T64,,_Z,,Q,,2013-Q4,,72.46141,,,,E,,0,,1,
DATAFLOW,OECD.SDD.TPS:DSD_LFS@DF_IALFS_EMP_WAP_Q(1.0),,I,DEU,,EMP_WAP,,PT_WAP_SUB,,_Z,,Y,,_T,,Y15T64,,_Z,,Q,,2014-Q1,,72.45598,,,,E,,0,,1,
DATAFLOW,OECD.SDD.TPS:DSD_LFS@DF_IALFS_EMP_WAP_Q(1.0),,I,DEU,,EMP_WAP,,PT_WAP_SUB,,_Z,,Y,,_T,,Y15T64,,_Z,,Q,,2014-Q2,,72.56773,,,,E,,0,,1,
DATAFLOW,OECD.SDD.TPS:DSD_LFS@DF_IALFS_EMP_WAP_Q(1.0),,I,DEU,,EMP_WAP,,PT_WAP_SUB,,_Z,,Y,,_T,,Y15T64,,_Z,,Q,,2014-Q3,,72.71888,,,,E,,0,,1,
DATAFLOW,OECD.SDD.TPS:DSD_LFS@DF_IALFS_EMP_WAP_Q(1.0),,I,DEU,,EMP_WAP,,PT_WAP_SUB,,_Z,,Y,,_T,,Y15T64,,_Z,,Q,,2014-Q4,,72.56651,,,,E,,0,,1,
DATAFLOW,OECD.SDD.TPS:DSD_LFS@DF_IALFS_EMP_WAP_Q(1.0),,I,DEU,,EMP_WAP,,PT_WAP_SUB,,_Z,,Y,,_T,,Y15T64,,_Z,,Q,,2015-Q1,,72.70757,,,,E,,0,,1,
DATAFLOW,OECD.SDD.TPS:DSD_LFS@DF_IALFS_EMP_WAP_Q(1.0),,I,DEU,,EMP_WAP,,PT_WAP_SUB,,_Z,,Y,,_T,,Y15T64,,_Z,,Q,,2015-Q2,,72.51051,,,,E,,0,,1,
DATAFLOW,OECD.SDD.TPS:DSD_LFS@DF_IALFS_EMP_WAP_Q(1.0),,I,DEU,,EMP_WAP,,PT_WAP_SUB,,_Z,,Y,,_T,,Y15T64,,_Z,,Q,,2015-Q3,,72.63437,,,,E,,0,,1,
DATAFLOW,OECD.SDD.TPS:DSD_LFS@DF_IALFS_EMP_WAP_Q(1.0),,I,DEU,,EMP_WAP,,PT_WAP_SUB,,_Z,,Y,,_T,,Y15T64,,_Z,,Q,,2015-Q4,,72.76231,,,,E,,0,,1,
DATAFLOW,OECD.SDD.TPS:DSD_LFS@DF_IALFS_EMP_WAP_Q(1.0),,I,DEU,,EMP_WAP,,PT_WAP_SUB,,_Z,,Y,,_T,,Y15T64,,_Z,,Q,,2016-Q1,,72.93954,,,,E,,0,,1,
DATAFLOW,OECD.SDD.TPS:DSD_LFS@DF_IALFS_EMP_WAP_Q(1.0),,I,DEU,,EMP_WAP,,PT_WAP_SUB,,_Z,,Y,,_T,,Y15T64,,_Z,,Q,,2016-Q2,,72.98755,,,,E,,0,,1,
DATAFLOW,OECD.SDD.TPS:DSD_LFS@DF_IALFS_EMP_WAP_Q(1.0),,I,DEU,,EMP_WAP,,PT_WAP_SUB,,_Z,,Y,,_T,,Y15T64,,_Z,,Q,,2016-Q3,,73.40736,,,,E,,0,,1,
DATAFLOW,OECD.SDD.TPS:DSD_LFS@DF_IALFS_EMP_WAP_Q(1.0),,I,DEU,,EMP_WAP,,PT_WAP_SUB,,_Z,,Y,,_T,,Y15T64,,_Z,,Q,,2016-Q4,,73.49681,,,,E,,0,,1,
DATAFLOW,OECD.SDD.TPS:DSD_LFS@DF_IALFS_EMP_WAP_Q(1.0),,I,DEU,,EMP_WAP,,PT_WAP_SUB,,_Z,,Y,,_T,,Y15T64,,_Z,,Q,,2017-Q1,,73.41237,,,,E,,0,,1,
DATAFLOW,OECD.SDD.TPS:DSD_LFS@DF_IALFS_EMP_WAP_Q(1.0),,I,DEU,,EMP_WAP,,PT_WAP_SUB,,_Z,,Y,,_T,,Y15T64,,_Z,,Q,,2017-Q2,,73.58966,,,,E,,0,,1,
DATAFLOW,OECD.SDD.TPS:DSD_LFS@DF_IALFS_EMP_WAP_Q(1.0),,I,DEU,,EMP_WAP,,PT_WAP_SUB,,_Z,,Y,,_T,,Y15T64,,_Z,,Q,,2017-Q3,,73.71687,,,,E,,0,,1,
DATAFLOW,OECD.SDD.TPS:DSD_LFS@DF_IALFS_EMP_WAP_Q(1.0),,I,DEU,,EMP_WAP,,PT_WAP_SUB,,_Z,,Y,,_T,,Y15T64,,_Z,,Q,,2017-Q4,,73.96725,,,,E,,0,,1,
DATAFLOW,OECD.SDD.TPS:DSD_LFS@DF_IALFS_EMP_WAP_Q(1.0),,I,DEU,,EMP_WAP,,PT_WAP_SUB,,_Z,,Y,,_T,,Y15T64,,_Z,,Q,,2018-Q1,,74.04164,,,,E,,0,,1,
DATAFLOW,OECD.SDD.TPS:DSD_LFS@DF_IALFS_EMP_WAP_Q(1.0),,I,DEU,,EMP_WAP,,PT_WAP_SUB,,_Z,,Y,,_T,,Y15T64,,_Z,,Q,,2018-Q2,,74.02095,,,,E,,0,,1,
DATAFLOW,OECD.SDD.TPS:DSD_LFS@DF_IALFS_EMP_WAP_Q(1.0),,I,DEU,,EMP_WAP,,PT_WAP_SUB,,_Z,,Y,,_T,,Y15T64,,_Z,,Q,,2018-Q3,,74.28933,,,,E,,0,,1,
DATAFLOW,OECD.SDD.TPS:DSD_LFS@DF_IALFS_EMP_WAP_Q(1.0),,I,DEU,,EMP_WAP,,PT_WAP_SUB,,_Z,,Y,,_T,,Y15T64,,_Z,,Q,,2018-Q4,,74.40572,,,,E,,0,,1,
DATAFLOW,OECD.SDD.TPS:DSD_LFS@DF_IALFS_EMP_WAP_Q(1.0),,I,DEU,,EMP_WAP,,PT_WAP_SUB,,_Z,,Y,,_T,,Y15T64,,_Z,,Q,,2019-Q1,,74.73882,,,,E,,0,,1,
DATAFLOW,OECD.SDD.TPS:DSD_LFS@DF_IALFS_EMP_WAP_Q(1.0),,I,DEU,,EMP_WAP,,PT_WAP_SUB,,_Z,,Y,,_T,,Y15T64,,_Z,,Q,,2019-Q2,,74.89684,,,,E,,0,,1,
DATAFLOW,OECD.SDD.TPS:DSD_LFS@DF_IALFS_EMP_WAP_Q(1.0),,I,DEU,,EMP_WAP,,PT_WAP_SUB,,_Z,,Y,,_T,,Y15T64,,_Z,,Q,,2019-Q3,,74.87152,,,,E,,0,,1,
DATAFLOW,OECD.SDD.TPS:DSD_LFS@DF_IALFS_EMP_WAP_Q(1.0),,I,DEU,,EMP_WAP,,PT_WAP_SUB,,_Z,,Y,,_T,,Y15T64,,_Z,,Q,,2019-Q4,,74.74255,,,,E,,0,,1,
DATAFLOW,OECD.SDD.TPS:DSD_LFS@DF_IALFS_EMP_WAP_Q(1.0),,I,DEU,,EMP_WAP,,PT_WAP_SUB,,_Z,,Y,,_T,,Y15T64,,_Z,,Q,,2020-Q1,,73.89729,,,,E,,0,,1,
DATAFLOW,OECD.SDD.TPS:DSD_LFS@DF_IALFS_EMP_WAP_Q(1.0),,I,DEU,,EMP_WAP,,PT_WAP_SUB,,_Z,,Y,,_T,,Y15T64,,_Z,,Q,,2020-Q2,,73.38517,,,,E,,0,,1,
DATAFLOW,OECD.SDD.TPS:DSD_LFS@DF_IALFS_EMP_WAP_Q(1.0),,I,DEU,,EMP_WAP,,PT_WAP_SUB,,_Z,,Y,,_T,,Y15T64,,_Z,,Q,,2020-Q3,,73.24919,,,,E,,0,,1,
DATAFLOW,OECD.SDD.TPS:DSD_LFS@DF_IALFS_EMP_WAP_Q(1.0),,I,DEU,,EMP_WAP,,PT_WAP_SUB,,_Z,,Y,,_T,,Y15T64,,_Z,,Q,,2020-Q4,,73.37965,,,,E,,0,,1,
DATAFLOW,OECD.SDD.TPS:DSD_LFS@DF_IALFS_EMP_WAP_Q(1.0),,I,DEU,,EMP_WAP,,PT_WAP_SUB,,_Z,,Y,,_T,,Y15T64,,_Z,,Q,,2021-Q1,,74.91253,,,,E,,0,,1,
DATAFLOW,OECD.SDD.TPS:DSD_LFS@DF_IALFS_EMP_WAP_Q(1.0),,I,DEU,,EMP_WAP,,PT_WAP_SUB,,_Z,,Y,,_T,,Y15T64,,_Z,,Q,,2021-Q2,,75.50699,,,,E,,0,,1,
DATAFLOW,OECD.SDD.TPS:DSD_LFS@DF_IALFS_EMP_WAP_Q(1.0),,I,DEU,,EMP_WAP,,PT_WAP_SUB,,_Z,,Y,,_T,,Y15T64,,_Z,,Q,,2021-Q3,,76.38203,,,,E,,0,,1,
DATAFLOW,OECD.SDD.TPS:DSD_LFS@DF_IALFS_EMP_WAP_Q(1.0),,I,DEU,,EMP_WAP,,PT_WAP_SUB,,_Z,,Y,,_T,,Y15T64,,_Z,,Q,,2021-Q4,,76.48499,,,,E,,0,,1,
DATAFLOW,OECD.SDD.TPS:DSD_LFS@DF_IALFS_EMP_WAP_Q(1.0),,I,DEU,,EMP_WAP,,PT_WAP_SUB,,_Z,,Y,,_T,,Y15T64,,_Z,,Q,,2022-Q1,,76.89186,,,,E,,0,,1,
DATAFLOW,OECD.SDD.TPS:DSD_LFS@DF_IALFS_EMP_WAP_Q(1.0),,I,DEU,,EMP_WAP,,PT_WAP_SUB,,_Z,,Y,,_T,,Y15T64,,_Z,,Q,,2022-Q2,,77.04586,,,,E,,0,,1,
DATAFLOW,OECD.SDD.TPS:DSD_LFS@DF_IALFS_EMP_WAP_Q(1.0),,I,DEU,,EMP_WAP,,PT_WAP_SUB,,_Z,,Y,,_T,,Y15T64,,_Z,,Q,,2022-Q3,,76.86883,,,,E,,0,,1,
DATAFLOW,OECD.SDD.TPS:DSD_LFS@DF_IALFS_EMP_WAP_Q(1.0),,I,DEU,,EMP_WAP,,PT_WAP_SUB,,_Z,,Y,,_T,,Y15T64,,_Z,,Q,,2022-Q4,,76.99417,,,,E,,0,,1,
DATAFLOW,OECD.SDD.TPS:DSD_LFS@DF_IALFS_EMP_WAP_Q(1.0),,I,DEU,,EMP_WAP,,PT_WAP_SUB,,_Z,,Y,,_T,,Y15T64,,_Z,,Q,,2023-Q1,,77.29339,,,,E,,0,,1,
DATAFLOW,OECD.SDD.TPS:DSD_LFS@DF_IALFS_EMP_WAP_Q(1.0),,I,DEU,,EMP_WAP,,PT_WAP_SUB,,_Z,,Y,,_T,,Y15T64,,_Z,,Q,,2023-Q2,,77.42761,,,,E,,0,,1,
DATAFLOW,OECD.SDD.TPS:DSD_LFS@DF_IALFS_EMP_WAP_Q(1.0),,I,DEU,,EMP_WAP,,PT_WAP_SUB,,_Z,,Y,,_T,,Y15T64,,_Z,,Q,,2023-Q3,,77.21246,,,,E,,0,,1,
DATAFLOW,OECD.SDD.TPS:DSD_LFS@DF_IALFS_EMP_WAP_Q(1.0),,I,DEU,,EMP_WAP,,PT_WAP_SUB,,_Z,,Y,,_T,,Y15T64,,_Z,,Q,,2023-Q4,,77.09897,,,,E,,0,,1,
DATAFLOW,OECD.SDD.TPS:DSD_LFS@DF_IALFS_EMP_WAP_Q(1.0),,I,DEU,,EMP_WAP,,PT_WAP_SUB,,_Z,,Y,,_T,,Y15T64,,_Z,,Q,,2024-Q1,,77.16361,,,,E,,0,,1,
DATAFLOW,OECD.SDD.TPS:DSD_LFS@DF_IALFS_EMP_WAP_Q(1.0),,I,DEU,,EMP_WAP,,PT_WAP_SUB,,_Z,,Y,,_T,,Y15T64,,_Z,,Q,,2024-Q2,,77.30785,,,,E,,0,,1,
DATAFLOW,OECD.SDD.TPS:DSD_LFS@DF_IALFS_EMP_WAP_Q(1.0),,I,DEU,,EMP_WAP,,PT_WAP_SUB,,_Z,,Y,,_T,,Y15T64,,_Z,,Q,,2024-Q3,,77.19309,,,,E,,0,,1,
DATAFLOW,OECD.SDD.TPS:DSD_LFS@DF_IALFS_EMP_WAP_Q(1.0),,I,DEU,,EMP_WAP,,PT_WAP_SUB,,_Z,,Y,,_T,,Y15T64,,_Z,,Q,,2024-Q4,,77.26028,,,,E,,0,,1,
DATAFLOW,OECD.SDD.TPS:DSD_LFS@DF_IALFS_EMP_WAP_Q(1.0),,I,DEU,,EMP_WAP,,PT_WAP_SUB,,_Z,,Y,,_T,,Y15T64,,_Z,,Q,,2025-Q1,,77.26026,,,,E,,0,,1,
DATAFLOW,OECD.SDD.TPS:DSD_LFS@DF_IALFS_EMP_WAP_Q(1.0),,I,DEU,,EMP_WAP,,PT_WAP_SUB,,_Z,,Y,,_T,,Y15T64,,_Z,,Q,,2025-Q2,,77.07716,,,,E,,0,,1,
DATAFLOW,OECD.SDD.TPS:DSD_LFS@DF_IALFS_EMP_WAP_Q(1.0),,I,DEU,,EMP_WAP,,PT_WAP_SUB,,_Z,,Y,,_T,,Y15T64,,_Z,,Q,,2025-Q3,,77.02743,,,,E,,0,,1,
DATAFLOW,OECD.SDD.TPS:DSD_LFS@DF_IALFS_EMP_WAP_Q(1.0),,I,DEU,,EMP_WAP,,PT_WAP_SUB,,_Z,,Y,,_T,,Y15T64,,_Z,,Q,,2025-Q4,,77.32895,,,,E,,0,,1,
DATAFLOW,OECD.SDD.TPS:DSD_LFS@DF_IALFS_EMP_WAP_Q(1.0),,I,DEU,,EMP_WAP,,PT_WAP_SUB,,_Z,,Y,,_T,,Y15T64,,_Z,,Q,,2026-Q1,,77.29261,,,,E,,0,,1,
DATAFLOW,OECD.SDD.TPS:DSD_LFS@DF_IALFS_EMP_WAP_Q(1.0),,I,AUS,,EMP_WAP,,PT_WAP_SUB,,_Z,,Y,,_T,,Y15T64,,_Z,,Q,,1978-Q2,,64.51737,,,,A,,0,,1,
DATAFLOW,OECD.SDD.TPS:DSD_LFS@DF_IALFS_EMP_WAP_Q(1.0),,I,AUS,,EMP_WAP,,PT_WAP_SUB,,_Z,,Y,,_T,,Y15T64,,_Z,,Q,,1979-Q1,,64.18365,,,,A,,0,,1,
DATAFLOW,OECD.SDD.TPS:DSD_LFS@DF_IALFS_EMP_WAP_Q(1.0),,I,AUS,,EMP_WAP,,PT_WAP_SUB,,_Z,,Y,,_T,,Y15T64,,_Z,,Q,,1979-Q2,,64.17468,,,,A,,0,,1,
DATAFLOW,OECD.SDD.TPS:DSD_LFS@DF_IALFS_EMP_WAP_Q(1.0),,I,AUS,,EMP_WAP,,PT_WAP_SUB,,_Z,,Y,,_T,,Y15T64,,_Z,,Q,,1980-Q1,,64.90318,,,,A,,0,,1,
DATAFLOW,OECD.SDD.TPS:DSD_LFS@DF_IALFS_EMP_WAP_Q(1.0),,I,AUS,,EMP_WAP,,PT_WAP_SUB,,_Z,,Y,,_T,,Y15T64,,_Z,,Q,,1980-Q2,,65.11991,,,,A,,0,,1,
DATAFLOW,OECD.SDD.TPS:DSD_LFS@DF_IALFS_EMP_WAP_Q(1.0),,I,AUS,,EMP_WAP,,PT_WAP_SUB,,_Z,,Y,,_T,,Y15T64,,_Z,,Q,,1980-Q4,,65.20546,,,,A,,0,,1,
DATAFLOW,OECD.SDD.TPS:DSD_LFS@DF_IALFS_EMP_WAP_Q(1.0),,I,AUS,,EMP_WAP,,PT_WAP_SUB,,_Z,,Y,,_T,,Y15T64,,_Z,,Q,,1981-Q2,,65.46575,,,,A,,0,,1,
DATAFLOW,OECD.SDD.TPS:DSD_LFS@DF_IALFS_EMP_WAP_Q(1.0),,I,AUS,,EMP_WAP,,PT_WAP_SUB,,_Z,,Y,,_T,,Y15T64,,_Z,,Q,,1981-Q3,,65.40953,,,,A,,0,,1,
DATAFLOW,OECD.SDD.TPS:DSD_LFS@DF_IALFS_EMP_WAP_Q(1.0),,I,AUS,,EMP_WAP,,PT_WAP_SUB,,_Z,,Y,,_T,,Y15T64,,_Z,,Q,,1982-Q1,,65.01894,,,,A,,0,,1,
DATAFLOW,OECD.SDD.TPS:DSD_LFS@DF_IALFS_EMP_WAP_Q(1.0),,I,AUS,,EMP_WAP,,PT_WAP_SUB,,_Z,,Y,,_T,,Y15T64,,_Z,,Q,,1982-Q2,,64.55663,,,,A,,0,,1,
DATAFLOW,OECD.SDD.TPS:DSD_LFS@DF_IALFS_EMP_WAP_Q(1.0),,I,AUS,,EMP_WAP,,PT_WAP_SUB,,_Z,,Y,,_T,,Y15T64,,_Z,,Q,,1982-Q3,,63.94273,,,,A,,0,,1,
DATAFLOW,OECD.SDD.TPS:DSD_LFS@DF_IALFS_EMP_WAP_Q(1.0),,I,AUS,,EMP_WAP,,PT_WAP_SUB,,_Z,,Y,,_T,,Y15T64,,_Z,,Q,,1983-Q1,,62.12938,,,,A,,0,,1,
DATAFLOW,OECD.SDD.TPS:DSD_LFS@DF_IALFS_EMP_WAP_Q(1.0),,I,AUS,,EMP_WAP,,PT_WAP_SUB,,_Z,,Y,,_T,,Y15T64,,_Z,,Q,,1983-Q2,,61.62535,,,,A,,0,,1,
DATAFLOW,OECD.SDD.TPS:DSD_LFS@DF_IALFS_EMP_WAP_Q(1.0),,I,AUS,,EMP_WAP,,PT_WAP_SUB,,_Z,,Y,,_T,,Y15T64,,_Z,,Q,,1983-Q3,,61.73323,,,,A,,0,,1,
DATAFLOW,OECD.SDD.TPS:DSD_LFS@DF_IALFS_EMP_WAP_Q(1.0),,I,AUS,,EMP_WAP,,PT_WAP_SUB,,_Z,,Y,,_T,,Y15T64,,_Z,,Q,,1984-Q1,,62.35853,,,,A,,0,,1,
DATAFLOW,OECD.SDD.TPS:DSD_LFS@DF_IALFS_EMP_WAP_Q(1.0),,I,AUS,,EMP_WAP,,PT_WAP_SUB,,_Z,,Y,,_T,,Y15T64,,_Z,,Q,,1984-Q3,,62.94161,,,,A,,0,,1,
DATAFLOW,OECD.SDD.TPS:DSD_LFS@DF_IALFS_EMP_WAP_Q(1.0),,I,AUS,,EMP_WAP,,PT_WAP_SUB,,_Z,,Y,,_T,,Y15T64,,_Z,,Q,,1984-Q4,,62.9516,,,,A,,0,,1,
DATAFLOW,OECD.SDD.TPS:DSD_LFS@DF_IALFS_EMP_WAP_Q(1.0),,I,AUS,,EMP_WAP,,PT_WAP_SUB,,_Z,,Y,,_T,,Y15T64,,_Z,,Q,,1985-Q1,,63.16944,,,,A,,0,,1,
DATAFLOW,OECD.SDD.TPS:DSD_LFS@DF_IALFS_EMP_WAP_Q(1.0),,I,AUS,,EMP_WAP,,PT_WAP_SUB,,_Z,,Y,,_T,,Y15T64,,_Z,,Q,,1985-Q2,,63.32649,,,,A,,0,,1,
DATAFLOW,OECD.SDD.TPS:DSD_LFS@DF_IALFS_EMP_WAP_Q(1.0),,I,AUS,,EMP_WAP,,PT_WAP_SUB,,_Z,,Y,,_T,,Y15T64,,_Z,,Q,,1985-Q3,,63.89583,,,,A,,0,,1,
DATAFLOW,OECD.SDD.TPS:DSD_LFS@DF_IALFS_EMP_WAP_Q(1.0),,I,AUS,,EMP_WAP,,PT_WAP_SUB,,_Z,,Y,,_T,,Y15T64,,_Z,,Q,,1986-Q1,,64.7701,,,,A,,0,,1,
DATAFLOW,OECD.SDD.TPS:DSD_LFS@DF_IALFS_EMP_WAP_Q(1.0),,I,AUS,,EMP_WAP,,PT_WAP_SUB,,_Z,,Y,,_T,,Y15T64,,_Z,,Q,,1986-Q3,,65.10702,,,,A,,0,,1,
DATAFLOW,OECD.SDD.TPS:DSD_LFS@DF_IALFS_EMP_WAP_Q(1.0),,I,AUS,,EMP_WAP,,PT_WAP_SUB,,_Z,,Y,,_T,,Y15T64,,_Z,,Q,,1988-Q1,,66.03427,,,,A,,0,,1,
DATAFLOW,OECD.SDD.TPS:DSD_LFS@DF_IALFS_EMP_WAP_Q(1.0),,I,AUS,,EMP_WAP,,PT_WAP_SUB,,_Z,,Y,,_T,,Y15T64,,_Z,,Q,,1988-Q2,,66.23942,,,,A,,0,,1,
DATAFLOW,OECD.SDD.TPS:DSD_LFS@DF_IALFS_EMP_WAP_Q(1.0),,I,AUS,,EMP_WAP,,PT_WAP_SUB,,_Z,,Y,,_T,,Y15T64,,_Z,,Q,,1989-Q1,,67.51073,,,,A,,0,,1,
DATAFLOW,OECD.SDD.TPS:DSD_LFS@DF_IALFS_EMP_WAP_Q(1.0),,I,AUS,,EMP_WAP,,PT_WAP_SUB,,_Z,,Y,,_T,,Y15T64,,_Z,,Q,,1989-Q2,,68.06988,,,,A,,0,,1,
DATAFLOW,OECD.SDD.TPS:DSD_LFS@DF_IALFS_EMP_WAP_Q(1.0),,I,AUS,,EMP_WAP,,PT_WAP_SUB,,_Z,,Y,,_T,,Y15T64,,_Z,,Q,,1990-Q1,,68.68275,,,,A,,0,,1,
DATAFLOW,OECD.SDD.TPS:DSD_LFS@DF_IALFS_EMP_WAP_Q(1.0),,I,AUS,,EMP_WAP,,PT_WAP_SUB,,_Z,,Y,,_T,,Y15T64,,_Z,,Q,,1990-Q2,,68.69937,,,,A,,0,,1,
DATAFLOW,OECD.SDD.TPS:DSD_LFS@DF_IALFS_EMP_WAP_Q(1.0),,I,AUS,,EMP_WAP,,PT_WAP_SUB,,_Z,,Y,,_T,,Y15T64,,_Z,,Q,,1990-Q3,,68.37548,,,,A,,0,,1,
DATAFLOW,OECD.SDD.TPS:DSD_LFS@DF_IALFS_EMP_WAP_Q(1.0),,I,AUS,,EMP_WAP,,PT_WAP_SUB,,_Z,,Y,,_T,,Y15T64,,_Z,,Q,,1991-Q1,,66.74152,,,,A,,0,,1,
DATAFLOW,OECD.SDD.TPS:DSD_LFS@DF_IALFS_EMP_WAP_Q(1.0),,I,AUS,,EMP_WAP,,PT_WAP_SUB,,_Z,,Y,,_T,,Y15T64,,_Z,,Q,,1991-Q2,,66.13377,,,,A,,0,,1,
DATAFLOW,OECD.SDD.TPS:DSD_LFS@DF_IALFS_EMP_WAP_Q(1.0),,I,AUS,,EMP_WAP,,PT_WAP_SUB,,_Z,,Y,,_T,,Y15T64,,_Z,,Q,,1992-Q1,,65.15432,,,,A,,0,,1,
DATAFLOW,OECD.SDD.TPS:DSD_LFS@DF_IALFS_EMP_WAP_Q(1.0),,I,AUS,,EMP_WAP,,PT_WAP_SUB,,_Z,,Y,,_T,,Y15T64,,_Z,,Q,,1992-Q3,,64.99309,,,,A,,0,,1,
DATAFLOW,OECD.SDD.TPS:DSD_LFS@DF_IALFS_EMP_WAP_Q(1.0),,I,AUS,,EMP_WAP,,PT_WAP_SUB,,_Z,,Y,,_T,,Y15T64,,_Z,,Q,,1993-Q1,,64.58003,,,,A,,0,,1,
DATAFLOW,OECD.SDD.TPS:DSD_LFS@DF_IALFS_EMP_WAP_Q(1.0),,I,AUS,,EMP_WAP,,PT_WAP_SUB,,_Z,,Y,,_T,,Y15T64,,_Z,,Q,,1993-Q2,,64.4091,,,,A,,0,,1,
DATAFLOW,OECD.SDD.TPS:DSD_LFS@DF_IALFS_EMP_WAP_Q(1.0),,I,AUS,,EMP_WAP,,PT_WAP_SUB,,_Z,,Y,,_T,,Y15T64,,_Z,,Q,,1993-Q3,,64.50802,,,,A,,0,,1,
DATAFLOW,OECD.SDD.TPS:DSD_LFS@DF_IALFS_EMP_WAP_Q(1.0),,I,AUS,,EMP_WAP,,PT_WAP_SUB,,_Z,,Y,,_T,,Y15T64,,_Z,,Q,,1994-Q1,,65.31508,,,,A,,0,,1,
DATAFLOW,OECD.SDD.TPS:DSD_LFS@DF_IALFS_EMP_WAP_Q(1.0),,I,AUS,,EMP_WAP,,PT_WAP_SUB,,_Z,,Y,,_T,,Y15T64,,_Z,,Q,,1994-Q3,,66.3763,,,,A,,0,,1,
DATAFLOW,OECD.SDD.TPS:DSD_LFS@DF_IALFS_EMP_WAP_Q(1.0),,I,AUS,,EMP_WAP,,PT_WAP_SUB,,_Z,,Y,,_T,,Y15T64,,_Z,,Q,,1995-Q1,,67.08497,,,,A,,0,,1,
DATAFLOW,OECD.SDD.TPS:DSD_LFS@DF_IALFS_EMP_WAP_Q(1.0),,I,AUS,,EMP_WAP,,PT_WAP_SUB,,_Z,,Y,,_T,,Y15T64,,_Z,,Q,,1995-Q3,,67.81093,,,,A,,0,,1,
DATAFLOW,OECD.SDD.TPS:DSD_LFS@DF_IALFS_EMP_WAP_Q(1.0),,I,AUS,,EMP_WAP,,PT_WAP_SUB,,_Z,,Y,,_T,,Y15T64,,_Z,,Q,,1996-Q1,,67.88505,,,,A,,0,,1,
DATAFLOW,OECD.SDD.TPS:DSD_LFS@DF_IALFS_EMP_WAP_Q(1.0),,I,AUS,,EMP_WAP,,PT_WAP_SUB,,_Z,,Y,,_T,,Y15T64,,_Z,,Q,,1996-Q2,,67.76836,,,,A,,0,,1,
DATAFLOW,OECD.SDD.TPS:DSD_LFS@DF_IALFS_EMP_WAP_Q(1.0),,I,AUS,,EMP_WAP,,PT_WAP_SUB,,_Z,,Y,,_T,,Y15T64,,_Z,,Q,,1996-Q3,,67.56269,,,,A,,0,,1,
DATAFLOW,OECD.SDD.TPS:DSD_LFS@DF_IALFS_EMP_WAP_Q(1.0),,I,AUS,,EMP_WAP,,PT_WAP_SUB,,_Z,,Y,,_T,,Y15T64,,_Z,,Q,,1996-Q4,,67.44894,,,,A,,0,,1,
DATAFLOW,OECD.SDD.TPS:DSD_LFS@DF_IALFS_EMP_WAP_Q(1.0),,I,AUS,,EMP_WAP,,PT_WAP_SUB,,_Z,,Y,,_T,,Y15T64,,_Z,,Q,,1997-Q1,,67.44019,,,,A,,0,,1,
DATAFLOW,OECD.SDD.TPS:DSD_LFS@DF_IALFS_EMP_WAP_Q(1.0),,I,AUS,,EMP_WAP,,PT_WAP_SUB,,_Z,,Y,,_T,,Y15T64,,_Z,,Q,,1997-Q2,,67.2479,,,,A,,0,,1,
DATAFLOW,OECD.SDD.TPS:DSD_LFS@DF_IALFS_EMP_WAP_Q(1.0),,I,AUS,,EMP_WAP,,PT_WAP_SUB,,_Z,,Y,,_T,,Y15T64,,_Z,,Q,,1997-Q3,,67.18034,,,,A,,0,,1,
DATAFLOW,OECD.SDD.TPS:DSD_LFS@DF_IALFS_EMP_WAP_Q(1.0),,I,AUS,,EMP_WAP,,PT_WAP_SUB,,_Z,,Y,,_T,,Y15T64,,_Z,,Q,,1997-Q4,,67.48713,,,,A,,0,,1,
DATAFLOW,OECD.SDD.TPS:DSD_LFS@DF_IALFS_EMP_WAP_Q(1.0),,I,AUS,,EMP_WAP,,PT_WAP_SUB,,_Z,,Y,,_T,,Y15T64,,_Z,,Q,,1998-Q1,,67.52328,,,,A,,0,,1,
DATAFLOW,OECD.SDD.TPS:DSD_LFS@DF_IALFS_EMP_WAP_Q(1.0),,I,AUS,,EMP_WAP,,PT_WAP_SUB,,_Z,,Y,,_T,,Y15T64,,_Z,,Q,,1998-Q2,,67.72957,,,,A,,0,,1,
DATAFLOW,OECD.SDD.TPS:DSD_LFS@DF_IALFS_EMP_WAP_Q(1.0),,I,AUS,,EMP_WAP,,PT_WAP_SUB,,_Z,,Y,,_T,,Y15T64,,_Z,,Q,,1998-Q3,,67.87475,,,,A,,0,,1,
DATAFLOW,OECD.SDD.TPS:DSD_LFS@DF_IALFS_EMP_WAP_Q(1.0),,I,AUS,,EMP_WAP,,PT_WAP_SUB,,_Z,,Y,,_T,,Y15T64,,_Z,,Q,,1998-Q4,,68.04155,,,,A,,0,,1,
DATAFLOW,OECD.SDD.TPS:DSD_LFS@DF_IALFS_EMP_WAP_Q(1.0),,I,AUS,,EMP_WAP,,PT_WAP_SUB,,_Z,,Y,,_T,,Y15T64,,_Z,,Q,,1999-Q2,,68.06584,,,,A,,0,,1,
DATAFLOW,OECD.SDD.TPS:DSD_LFS@DF_IALFS_EMP_WAP_Q(1.0),,I,AUS,,EMP_WAP,,PT_WAP_SUB,,_Z,,Y,,_T,,Y15T64,,_Z,,Q,,1999-Q3,,68.26046,,,,A,,0,,1,
DATAFLOW,OECD.SDD.TPS:DSD_LFS@DF_IALFS_EMP_WAP_Q(1.0),,I,AUS,,EMP_WAP,,PT_WAP_SUB,,_Z,,Y,,_T,,Y15T64,,_Z,,Q,,1999-Q4,,68.55788,,,,A,,0,,1,
DATAFLOW,OECD.SDD.TPS:DSD_LFS@DF_IALFS_EMP_WAP_Q(1.0),,I,AUS,,EMP_WAP,,PT_WAP_SUB,,_Z,,Y,,_T,,Y15T64,,_Z,,Q,,2000-Q1,,68.51043,,,,A,,0,,1,
DATAFLOW,OECD.SDD.TPS:DSD_LFS@DF_IALFS_EMP_WAP_Q(1.0),,I,AUS,,EMP_WAP,,PT_WAP_SUB,,_Z,,Y,,_T,,Y15T64,,_Z,,Q,,2000-Q2,,69.11648,,,,A,,0,,1,
DATAFLOW,OECD.SDD.TPS:DSD_LFS@DF_IALFS_EMP_WAP_Q(1.0),,I,AUS,,EMP_WAP,,PT_WAP_SUB,,_Z,,Y,,_T,,Y15T64,,_Z,,Q,,2000-Q4,,69.05406,,,,A,,0,,1,
DATAFLOW,OECD.SDD.TPS:DSD_LFS@DF_IALFS_EMP_WAP_Q(1.0),,I,AUS,,EMP_WAP,,PT_WAP_SUB,,_Z,,Y,,_T,,Y15T64,,_Z,,Q,,2001-Q1,,68.89336,,,,A,,0,,1,
DATAFLOW,OECD.SDD.TPS:DSD_LFS@DF_IALFS_EMP_WAP_Q(1.0),,I,AUS,,EMP_WAP,,PT_WAP_SUB,,_Z,,Y,,_T,,Y15T64,,_Z,,Q,,2001-Q2,,69.13938,,,,A,,0,,1,
DATAFLOW,OECD.SDD.TPS:DSD_LFS@DF_IALFS_EMP_WAP_Q(1.0),,I,AUS,,EMP_WAP,,PT_WAP_SUB,,_Z,,Y,,_T,,Y15T64,,_Z,,Q,,2001-Q3,,69.03451,,,,A,,0,,1,
DATAFLOW,OECD.SDD.TPS:DSD_LFS@DF_IALFS_EMP_WAP_Q(1.0),,I,AUS,,EMP_WAP,,PT_WAP_SUB,,_Z,,Y,,_T,,Y15T64,,_Z,,Q,,2001-Q4,,68.97521,,,,A,,0,,1,
DATAFLOW,OECD.SDD.TPS:DSD_LFS@DF_IALFS_EMP_WAP_Q(1.0),,I,AUS,,EMP_WAP,,PT_WAP_SUB,,_Z,,Y,,_T,,Y15T64,,_Z,,Q,,2002-Q1,,69.04596,,,,A,,0,,1,
DATAFLOW,OECD.SDD.TPS:DSD_LFS@DF_IALFS_EMP_WAP_Q(1.0),,I,AUS,,EMP_WAP,,PT_WAP_SUB,,_Z,,Y,,_T,,Y15T64,,_Z,,Q,,2002-Q2,,69.08586,,,,A,,0,,1,
DATAFLOW,OECD.SDD.TPS:DSD_LFS@DF_IALFS_EMP_WAP_Q(1.0),,I,AUS,,EMP_WAP,,PT_WAP_SUB,,_Z,,Y,,_T,,Y15T64,,_Z,,Q,,2002-Q4,,69.77416,,,,A,,0,,1,
DATAFLOW,OECD.SDD.TPS:DSD_LFS@DF_IALFS_EMP_WAP_Q(1.0),,I,AUS,,EMP_WAP,,PT_WAP_SUB,,_Z,,Y,,_T,,Y15T64,,_Z,,Q,,2003-Q1,,70.15978,,,,A,,0,,1,
DATAFLOW,OECD.SDD.TPS:DSD_LFS@DF_IALFS_EMP_WAP_Q(1.0),,I,AUS,,EMP_WAP,,PT_WAP_SUB,,_Z,,Y,,_T,,Y15T64,,_Z,,Q,,2003-Q2,,69.85438,,,,A,,0,,1,
DATAFLOW,OECD.SDD.TPS:DSD_LFS@DF_IALFS_EMP_WAP_Q(1.0),,I,AUS,,EMP_WAP,,PT_WAP_SUB,,_Z,,Y,,_T,,Y15T64,,_Z,,Q,,2003-Q3,,69.85588,,,,A,,0,,1,
DATAFLOW,OECD.SDD.TPS:DSD_LFS@DF_IALFS_EMP_WAP_Q(1.0),,I,AUS,,EMP_WAP,,PT_WAP_SUB,,_Z,,Y,,_T,,Y15T64,,_Z,,Q,,2003-Q4,,70.06884,,,,A,,0,,1,
DATAFLOW,OECD.SDD.TPS:DSD_LFS@DF_IALFS_EMP_WAP_Q(1.0),,I,AUS,,EMP_WAP,,PT_WAP_SUB,,_Z,,Y,,_T,,Y15T64,,_Z,,Q,,2004-Q1,,69.99426,,,,A,,0,,1,
DATAFLOW,OECD.SDD.TPS:DSD_LFS@DF_IALFS_EMP_WAP_Q(1.0),,I,AUS,,EMP_WAP,,PT_WAP_SUB,,_Z,,Y,,_T,,Y15T64,,_Z,,Q,,2004-Q4,,70.78929,,,,A,,0,,1,
DATAFLOW,OECD.SDD.TPS:DSD_LFS@DF_IALFS_EMP_WAP_Q(1.0),,I,AUS,,EMP_WAP,,PT_WAP_SUB,,_Z,,Y,,_T,,Y15T64,,_Z,,Q,,2005-Q1,,71.17409,,,,A,,0,,1,
DATAFLOW,OECD.SDD.TPS:DSD_LFS@DF_IALFS_EMP_WAP_Q(1.0),,I,AUS,,EMP_WAP,,PT_WAP_SUB,,_Z,,Y,,_T,,Y15T64,,_Z,,Q,,2005-Q2,,71.57701,,,,A,,0,,1,
DATAFLOW,OECD.SDD.TPS:DSD_LFS@DF_IALFS_EMP_WAP_Q(1.0),,I,AUS,,EMP_WAP,,PT_WAP_SUB,,_Z,,Y,,_T,,Y15T64,,_Z,,Q,,2005-Q3,,71.71608,,,,A,,0,,1,
DATAFLOW,OECD.SDD.TPS:DSD_LFS@DF_IALFS_EMP_WAP_Q(1.0),,I,AUS,,EMP_WAP,,PT_WAP_SUB,,_Z,,Y,,_T,,Y15T64,,_Z,,Q,,2005-Q4,,71.60597,,,,A,,0,,1,
DATAFLOW,OECD.SDD.TPS:DSD_LFS@DF_IALFS_EMP_WAP_Q(1.0),,I,AUS,,EMP_WAP,,PT_WAP_SUB,,_Z,,Y,,_T,,Y15T64,,_Z,,Q,,2006-Q2,,71.96902,,,,A,,0,,1,
DATAFLOW,OECD.SDD.TPS:DSD_LFS@DF_IALFS_EMP_WAP_Q(1.0),,I,AUS,,EMP_WAP,,PT_WAP_SUB,,_Z,,Y,,_T,,Y15T64,,_Z,,Q,,2006-Q3,,72.41719,,,,A,,0,,1,
DATAFLOW,OECD.SDD.TPS:DSD_LFS@DF_IALFS_EMP_WAP_Q(1.0),,I,AUS,,EMP_WAP,,PT_WAP_SUB,,_Z,,Y,,_T,,Y15T64,,_Z,,Q,,2006-Q4,,72.42738,,,,A,,0,,1,
DATAFLOW,OECD.SDD.TPS:DSD_LFS@DF_IALFS_EMP_WAP_Q(1.0),,I,AUS,,EMP_WAP,,PT_WAP_SUB,,_Z,,Y,,_T,,Y15T64,,_Z,,Q,,2007-Q1,,72.48244,,,,A,,0,,1,
DATAFLOW,OECD.SDD.TPS:DSD_LFS@DF_IALFS_EMP_WAP_Q(1.0),,I,AUS,,EMP_WAP,,PT_WAP_SUB,,_Z,,Y,,_T,,Y15T64,,_Z,,Q,,2007-Q2,,72.76954,,,,A,,0,,1,
DATAFLOW,OECD.SDD.TPS:DSD_LFS@DF_IALFS_EMP_WAP_Q(1.0),,I,AUS,,EMP_WAP,,PT_WAP_SUB,,_Z,,Y,,_T,,Y15T64,,_Z,,Q,,2007-Q3,,72.88345,,,,A,,0,,1,
DATAFLOW,OECD.SDD.TPS:DSD_LFS@DF_IALFS_EMP_WAP_Q(1.0),,I,AUS,,EMP_WAP,,PT_WAP_SUB,,_Z,,Y,,_T,,Y15T64,,_Z,,Q,,2007-Q4,,73.0513,,,,A,,0,,1,
DATAFLOW,OECD.SDD.TPS:DSD_LFS@DF_IALFS_EMP_WAP_Q(1.0),,I,AUS,,EMP_WAP,,PT_WAP_SUB,,_Z,,Y,,_T,,Y15T64,,_Z,,Q,,2008-Q1,,73.25933,,,,A,,0,,1,
DATAFLOW,OECD.SDD.TPS:DSD_LFS@DF_IALFS_EMP_WAP_Q(1.0),,I,AUS,,EMP_WAP,,PT_WAP_SUB,,_Z,,Y,,_T,,Y15T64,,_Z,,Q,,2008-Q2,,73.29896,,,,A,,0,,1,
DATAFLOW,OECD.SDD.TPS:DSD_LFS@DF_IALFS_EMP_WAP_Q(1.0),,I,AUS,,EMP_WAP,,PT_WAP_SUB,,_Z,,Y,,_T,,Y15T64,,_Z,,Q,,2008-Q4,,72.99941,,,,A,,0,,1,
DATAFLOW,OECD.SDD.TPS:DSD_LFS@DF_IALFS_EMP_WAP_Q(1.0),,I,AUS,,EMP_WAP,,PT_WAP_SUB,,_Z,,Y,,_T,,Y15T64,,_Z,,Q,,2009-Q1,,72.47727,,,,A,,0,,1,
DATAFLOW,OECD.SDD.TPS:DSD_LFS@DF_IALFS_EMP_WAP_Q(1.0),,I,AUS,,EMP_WAP,,PT_WAP_SUB,,_Z,,Y,,_T,,Y15T64,,_Z,,Q,,2009-Q2,,72.04014,,,,A,,0,,1,
DATAFLOW,OECD.SDD.TPS:DSD_LFS@DF_IALFS_EMP_WAP_Q(1.0),,I,AUS,,EMP_WAP,,PT_WAP_SUB,,_Z,,Y,,_T,,Y15T64,,_Z,,Q,,2010-Q1,,72.11998,,,,A,,0,,1,
DATAFLOW,OECD.SDD.TPS:DSD_LFS@DF_IALFS_EMP_WAP_Q(1.0),,I,AUS,,EMP_WAP,,PT_WAP_SUB,,_Z,,Y,,_T,,Y15T64,,_Z,,Q,,2010-Q2,,72.0612,,,,A,,0,,1,
DATAFLOW,OECD.SDD.TPS:DSD_LFS@DF_IALFS_EMP_WAP_Q(1.0),,I,AUS,,EMP_WAP,,PT_WAP_SUB,,_Z,,Y,,_T,,Y15T64,,_Z,,Q,,2010-Q3,,72.45547,,,,A,,0,,1,
DATAFLOW,OECD.SDD.TPS:DSD_LFS@DF_IALFS_EMP_WAP_Q(1.0),,I,AUS,,EMP_WAP,,PT_WAP_SUB,,_Z,,Y,,_T,,Y15T64,,_Z,,Q,,2010-Q4,,72.82891,,,,A,,0,,1,
DATAFLOW,OECD.SDD.TPS:DSD_LFS@DF_IALFS_EMP_WAP_Q(1.0),,I,AUS,,EMP_WAP,,PT_WAP_SUB,,_Z,,Y,,_T,,Y15T64,,_Z,,Q,,2011-Q1,,72.90305,,,,A,,0,,1,
DATAFLOW,OECD.SDD.TPS:DSD_LFS@DF_IALFS_EMP_WAP_Q(1.0),,I,AUS,,EMP_WAP,,PT_WAP_SUB,,_Z,,Y,,_T,,Y15T64,,_Z,,Q,,2011-Q2,,72.65046,,,,A,,0,,1,
DATAFLOW,OECD.SDD.TPS:DSD_LFS@DF_IALFS_EMP_WAP_Q(1.0),,I,AUS,,EMP_WAP,,PT_WAP_SUB,,_Z,,Y,,_T,,Y15T64,,_Z,,Q,,2011-Q3,,72.62794,,,,A,,0,,1,
DATAFLOW,OECD.SDD.TPS:DSD_LFS@DF_IALFS_EMP_WAP_Q(1.0),,I,AUS,,EMP_WAP,,PT_WAP_SUB,,_Z,,Y,,_T,,Y15T64,,_Z,,Q,,2011-Q4,,72.44293,,,,A,,0,,1,
DATAFLOW,OECD.SDD.TPS:DSD_LFS@DF_IALFS_EMP_WAP_Q(1.0),,I,AUS,,EMP_WAP,,PT_WAP_SUB,,_Z,,Y,,_T,,Y15T64,,_Z,,Q,,2012-Q1,,72.45561,,,,A,,0,,1,
DATAFLOW,OECD.SDD.TPS:DSD_LFS@DF_IALFS_EMP_WAP_Q(1.0),,I,AUS,,EMP_WAP,,PT_WAP_SUB,,_Z,,Y,,_T,,Y15T64,,_Z,,Q,,2012-Q2,,72.39116,,,,A,,0,,1,
DATAFLOW,OECD.SDD.TPS:DSD_LFS@DF_IALFS_EMP_WAP_Q(1.0),,I,AUS,,EMP_WAP,,PT_WAP_SUB,,_Z,,Y,,_T,,Y15T64,,_Z,,Q,,2012-Q3,,72.29488,,,,A,,0,,1,
DATAFLOW,OECD.SDD.TPS:DSD_LFS@DF_IALFS_EMP_WAP_Q(1.0),,I,AUS,,EMP_WAP,,PT_WAP_SUB,,_Z,,Y,,_T,,Y15T64,,_Z,,Q,,2012-Q4,,72.23249,,,,A,,0,,1,
DATAFLOW,OECD.SDD.TPS:DSD_LFS@DF_IALFS_EMP_WAP_Q(1.0),,I,AUS,,EMP_WAP,,PT_WAP_SUB,,_Z,,Y,,_T,,Y15T64,,_Z,,Q,,2013-Q1,,72.31678,,,,A,,0,,1,
DATAFLOW,OECD.SDD.TPS:DSD_LFS@DF_IALFS_EMP_WAP_Q(1.0),,I,AUS,,EMP_WAP,,PT_WAP_SUB,,_Z,,Y,,_T,,Y15T64,,_Z,,Q,,2013-Q2,,72.07625,,,,A,,0,,1,
DATAFLOW,OECD.SDD.TPS:DSD_LFS@DF_IALFS_EMP_WAP_Q(1.0),,I,AUS,,EMP_WAP,,PT_WAP_SUB,,_Z,,Y,,_T,,Y15T64,,_Z,,Q,,2013-Q3,,71.86932,,,,A,,0,,1,
DATAFLOW,OECD.SDD.TPS:DSD_LFS@DF_IALFS_EMP_WAP_Q(1.0),,I,AUS,,EMP_WAP,,PT_WAP_SUB,,_Z,,Y,,_T,,Y15T64,,_Z,,Q,,2013-Q4,,71.63279,,,,A,,0,,1,
DATAFLOW,OECD.SDD.TPS:DSD_LFS@DF_IALFS_EMP_WAP_Q(1.0),,I,AUS,,EMP_WAP,,PT_WAP_SUB,,_Z,,Y,,_T,,Y15T64,,_Z,,Q,,2014-Q1,,71.59615,,,,A,,0,,1,
DATAFLOW,OECD.SDD.TPS:DSD_LFS@DF_IALFS_EMP_WAP_Q(1.0),,I,AUS,,EMP_WAP,,PT_WAP_SUB,,_Z,,Y,,_T,,Y15T64,,_Z,,Q,,2014-Q2,,71.52184,,,,A,,0,,1,
DATAFLOW,OECD.SDD.TPS:DSD_LFS@DF_IALFS_EMP_WAP_Q(1.0),,I,AUS,,EMP_WAP,,PT_WAP_SUB,,_Z,,Y,,_T,,Y15T64,,_Z,,Q,,2014-Q3,,71.51305,,,,A,,0,,1,
DATAFLOW,OECD.SDD.TPS:DSD_LFS@DF_IALFS_EMP_WAP_Q(1.0),,I,AUS,,EMP_WAP,,PT_WAP_SUB,,_Z,,Y,,_T,,Y15T64,,_Z,,Q,,2014-Q4,,71.46692,,,,A,,0,,1,
DATAFLOW,OECD.SDD.TPS:DSD_LFS@DF_IALFS_EMP_WAP_Q(1.0),,I,AUS,,EMP_WAP,,PT_WAP_SUB,,_Z,,Y,,_T,,Y15T64,,_Z,,Q,,2015-Q1,,71.85174,,,,A,,0,,1,
DATAFLOW,OECD.SDD.TPS:DSD_LFS@DF_IALFS_EMP_WAP_Q(1.0),,I,AUS,,EMP_WAP,,PT_WAP_SUB,,_Z,,Y,,_T,,Y15T64,,_Z,,Q,,2015-Q2,,72.01846,,,,A,,0,,1,
DATAFLOW,OECD.SDD.TPS:DSD_LFS@DF_IALFS_EMP_WAP_Q(1.0),,I,AUS,,EMP_WAP,,PT_WAP_SUB,,_Z,,Y,,_T,,Y15T64,,_Z,,Q,,2015-Q3,,72.09714,,,,A,,0,,1,
DATAFLOW,OECD.SDD.TPS:DSD_LFS@DF_IALFS_EMP_WAP_Q(1.0),,I,AUS,,EMP_WAP,,PT_WAP_SUB,,_Z,,Y,,_T,,Y15T64,,_Z,,Q,,2015-Q4,,72.51099,,,,A,,0,,1,
DATAFLOW,OECD.SDD.TPS:DSD_LFS@DF_IALFS_EMP_WAP_Q(1.0),,I,AUS,,EMP_WAP,,PT_WAP_SUB,,_Z,,Y,,_T,,Y15T64,,_Z,,Q,,2016-Q1,,72.55591,,,,A,,0,,1,
DATAFLOW,OECD.SDD.TPS:DSD_LFS@DF_IALFS_EMP_WAP_Q(1.0),,I,AUS,,EMP_WAP,,PT_WAP_SUB,,_Z,,Y,,_T,,Y15T64,,_Z,,Q,,2016-Q2,,72.41505,,,,A,,0,,1,
DATAFLOW,OECD.SDD.TPS:DSD_LFS@DF_IALFS_EMP_WAP_Q(1.0),,I,AUS,,EMP_WAP,,PT_WAP_SUB,,_Z,,Y,,_T,,Y15T64,,_Z,,Q,,2016-Q3,,72.27657,,,,A,,0,,1,
DATAFLOW,OECD.SDD.TPS:DSD_LFS@DF_IALFS_EMP_WAP_Q(1.0),,I,AUS,,EMP_WAP,,PT_WAP_SUB,,_Z,,Y,,_T,,Y15T64,,_Z,,Q,,2016-Q4,,72.15081,,,,A,,0,,1,
DATAFLOW,OECD.SDD.TPS:DSD_LFS@DF_IALFS_EMP_WAP_Q(1.0),,I,AUS,,EMP_WAP,,PT_WAP_SUB,,_Z,,Y,,_T,,Y15T64,,_Z,,Q,,2017-Q1,,72.1917,,,,A,,0,,1,
DATAFLOW,OECD.SDD.TPS:DSD_LFS@DF_IALFS_EMP_WAP_Q(1.0),,I,AUS,,EMP_WAP,,PT_WAP_SUB,,_Z,,Y,,_T,,Y15T64,,_Z,,Q,,2017-Q2,,72.58999,,,,A,,0,,1,
DATAFLOW,OECD.SDD.TPS:DSD_LFS@DF_IALFS_EMP_WAP_Q(1.0),,I,AUS,,EMP_WAP,,PT_WAP_SUB,,_Z,,Y,,_T,,Y15T64,,_Z,,Q,,2017-Q3,,72.9772,,,,A,,0,,1,
DATAFLOW,OECD.SDD.TPS:DSD_LFS@DF_IALFS_EMP_WAP_Q(1.0),,I,AUS,,EMP_WAP,,PT_WAP_SUB,,_Z,,Y,,_T,,Y15T64,,_Z,,Q,,2017-Q4,,73.21539,,,,A,,0,,1,
DATAFLOW,OECD.SDD.TPS:DSD_LFS@DF_IALFS_EMP_WAP_Q(1.0),,I,AUS,,EMP_WAP,,PT_WAP_SUB,,_Z,,Y,,_T,,Y15T64,,_Z,,Q,,2018-Q1,,73.31142,,,,A,,0,,1,
DATAFLOW,OECD.SDD.TPS:DSD_LFS@DF_IALFS_EMP_WAP_Q(1.0),,I,AUS,,EMP_WAP,,PT_WAP_SUB,,_Z,,Y,,_T,,Y15T64,,_Z,,Q,,2018-Q2,,73.29974,,,,A,,0,,1,
DATAFLOW,OECD.SDD.TPS:DSD_LFS@DF_IALFS_EMP_WAP_Q(1.0),,I,AUS,,EMP_WAP,,PT_WAP_SUB,,_Z,,Y,,_T,,Y15T64,,_Z,,Q,,2018-Q3,,73.5229,,,,A,,0,,1,
DATAFLOW,OECD.SDD.TPS:DSD_LFS@DF_IALFS_EMP_WAP_Q(1.0),,I,AUS,,EMP_WAP,,PT_WAP_SUB,,_Z,,Y,,_T,,Y15T64,,_Z,,Q,,2018-Q4,,73.73314,,,,A,,0,,1,
DATAFLOW,OECD.SDD.TPS:DSD_LFS@DF_IALFS_EMP_WAP_Q(1.0),,I,AUS,,EMP_WAP,,PT_WAP_SUB,,_Z,,Y,,_T,,Y15T64,,_Z,,Q,,2019-Q1,,73.94846,,,,A,,0,,1,
DATAFLOW,OECD.SDD.TPS:DSD_LFS@DF_IALFS_EMP_WAP_Q(1.0),,I,AUS,,EMP_WAP,,PT_WAP_SUB,,_Z,,Y,,_T,,Y15T64,,_Z,,Q,,2019-Q2,,73.99302,,,,A,,0,,1,
DATAFLOW,OECD.SDD.TPS:DSD_LFS@DF_IALFS_EMP_WAP_Q(1.0),,I,AUS,,EMP_WAP,,PT_WAP_SUB,,_Z,,Y,,_T,,Y15T64,,_Z,,Q,,2019-Q3,,74.22581,,,,A,,0,,1,
DATAFLOW,OECD.SDD.TPS:DSD_LFS@DF_IALFS_EMP_WAP_Q(1.0),,I,AUS,,EMP_WAP,,PT_WAP_SUB,,_Z,,Y,,_T,,Y15T64,,_Z,,Q,,2019-Q4,,74.13269,,,,A,,0,,1,
DATAFLOW,OECD.SDD.TPS:DSD_LFS@DF_IALFS_EMP_WAP_Q(1.0),,I,AUS,,EMP_WAP,,PT_WAP_SUB,,_Z,,Y,,_T,,Y15T64,,_Z,,Q,,2020-Q1,,74.20905,,,,A,,0,,1,
DATAFLOW,OECD.SDD.TPS:DSD_LFS@DF_IALFS_EMP_WAP_Q(1.0),,I,AUS,,EMP_WAP,,PT_WAP_SUB,,_Z,,Y,,_T,,Y15T64,,_Z,,Q,,2020-Q2,,70.18697,,,,A,,0,,1,
DATAFLOW,OECD.SDD.TPS:DSD_LFS@DF_IALFS_EMP_WAP_Q(1.0),,I,AUS,,EMP_WAP,,PT_WAP_SUB,,_Z,,Y,,_T,,Y15T64,,_Z,,Q,,2020-Q3,,71.76424,,,,A,,0,,1,
DATAFLOW,OECD.SDD.TPS:DSD_LFS@DF_IALFS_EMP_WAP_Q(1.0),,I,AUS,,EMP_WAP,,PT_WAP_SUB,,_Z,,Y,,_T,,Y15T64,,_Z,,Q,,2020-Q4,,73.15849,,,,A,,0,,1,
DATAFLOW,OECD.SDD.TPS:DSD_LFS@DF_IALFS_EMP_WAP_Q(1.0),,I,AUS,,EMP_WAP,,PT_WAP_SUB,,_Z,,Y,,_T,,Y15T64,,_Z,,Q,,2021-Q1,,73.98933,,,,A,,0,,1,
DATAFLOW,OECD.SDD.TPS:DSD_LFS@DF_IALFS_EMP_WAP_Q(1.0),,I,AUS,,EMP_WAP,,PT_WAP_SUB,,_Z,,Y,,_T,,Y15T64,,_Z,,Q,,2021-Q2,,74.7924,,,,A,,0,,1,
DATAFLOW,OECD.SDD.TPS:DSD_LFS@DF_IALFS_EMP_WAP_Q(1.0),,I,AUS,,EMP_WAP,,PT_WAP_SUB,,_Z,,Y,,_T,,Y15T64,,_Z,,Q,,2021-Q3,,74.47459,,,,A,,0,,1,
DATAFLOW,OECD.SDD.TPS:DSD_LFS@DF_IALFS_EMP_WAP_Q(1.0),,I,AUS,,EMP_WAP,,PT_WAP_SUB,,_Z,,Y,,_T,,Y15T64,,_Z,,Q,,2021-Q4,,74.93922,,,,A,,0,,1,
DATAFLOW,OECD.SDD.TPS:DSD_LFS@DF_IALFS_EMP_WAP_Q(1.0),,I,AUS,,EMP_WAP,,PT_WAP_SUB,,_Z,,Y,,_T,,Y15T64,,_Z,,Q,,2022-Q1,,76.33178,,,,A,,0,,1,
DATAFLOW,OECD.SDD.TPS:DSD_LFS@DF_IALFS_EMP_WAP_Q(1.0),,I,AUS,,EMP_WAP,,PT_WAP_SUB,,_Z,,Y,,_T,,Y15T64,,_Z,,Q,,2022-Q2,,76.81952,,,,A,,0,,1,
DATAFLOW,OECD.SDD.TPS:DSD_LFS@DF_IALFS_EMP_WAP_Q(1.0),,I,AUS,,EMP_WAP,,PT_WAP_SUB,,_Z,,Y,,_T,,Y15T64,,_Z,,Q,,2022-Q3,,77.17846,,,,A,,0,,1,
DATAFLOW,OECD.SDD.TPS:DSD_LFS@DF_IALFS_EMP_WAP_Q(1.0),,I,AUS,,EMP_WAP,,PT_WAP_SUB,,_Z,,Y,,_T,,Y15T64,,_Z,,Q,,2022-Q4,,77.19959,,,,A,,0,,1,
DATAFLOW,OECD.SDD.TPS:DSD_LFS@DF_IALFS_EMP_WAP_Q(1.0),,I,AUS,,EMP_WAP,,PT_WAP_SUB,,_Z,,Y,,_T,,Y15T64,,_Z,,Q,,2023-Q1,,77.14154,,,,A,,0,,1,
DATAFLOW,OECD.SDD.TPS:DSD_LFS@DF_IALFS_EMP_WAP_Q(1.0),,I,AUS,,EMP_WAP,,PT_WAP_SUB,,_Z,,Y,,_T,,Y15T64,,_Z,,Q,,2023-Q2,,77.27863,,,,A,,0,,1,
DATAFLOW,OECD.SDD.TPS:DSD_LFS@DF_IALFS_EMP_WAP_Q(1.0),,I,AUS,,EMP_WAP,,PT_WAP_SUB,,_Z,,Y,,_T,,Y15T64,,_Z,,Q,,2023-Q3,,77.1861,,,,A,,0,,1,
DATAFLOW,OECD.SDD.TPS:DSD_LFS@DF_IALFS_EMP_WAP_Q(1.0),,I,AUS,,EMP_WAP,,PT_WAP_SUB,,_Z,,Y,,_T,,Y15T64,,_Z,,Q,,2023-Q4,,77.11439,,,,A,,0,,1,
DATAFLOW,OECD.SDD.TPS:DSD_LFS@DF_IALFS_EMP_WAP_Q(1.0),,I,AUS,,EMP_WAP,,PT_WAP_SUB,,_Z,,Y,,_T,,Y15T64,,_Z,,Q,,2024-Q1,,76.80428,,,,A,,0,,1,
DATAFLOW,OECD.SDD.TPS:DSD_LFS@DF_IALFS_EMP_WAP_Q(1.0),,I,AUS,,EMP_WAP,,PT_WAP_SUB,,_Z,,Y,,_T,,Y15T64,,_Z,,Q,,2024-Q2,,76.83003,,,,A,,0,,1,
DATAFLOW,OECD.SDD.TPS:DSD_LFS@DF_IALFS_EMP_WAP_Q(1.0),,I,AUS,,EMP_WAP,,PT_WAP_SUB,,_Z,,Y,,_T,,Y15T64,,_Z,,Q,,2024-Q3,,77.22806,,,,A,,0,,1,
DATAFLOW,OECD.SDD.TPS:DSD_LFS@DF_IALFS_EMP_WAP_Q(1.0),,I,AUS,,EMP_WAP,,PT_WAP_SUB,,_Z,,Y,,_T,,Y15T64,,_Z,,Q,,2024-Q4,,77.26035,,,,A,,0,,1,
DATAFLOW,OECD.SDD.TPS:DSD_LFS@DF_IALFS_EMP_WAP_Q(1.0),,I,AUS,,EMP_WAP,,PT_WAP_SUB,,_Z,,Y,,_T,,Y15T64,,_Z,,Q,,2025-Q1,,77.21696,,,,A,,0,,1,
DATAFLOW,OECD.SDD.TPS:DSD_LFS@DF_IALFS_EMP_WAP_Q(1.0),,I,AUS,,EMP_WAP,,PT_WAP_SUB,,_Z,,Y,,_T,,Y15T64,,_Z,,Q,,2025-Q2,,77.27026,,,,A,,0,,1,
DATAFLOW,OECD.SDD.TPS:DSD_LFS@DF_IALFS_EMP_WAP_Q(1.0),,I,AUS,,EMP_WAP,,PT_WAP_SUB,,_Z,,Y,,_T,,Y15T64,,_Z,,Q,,2025-Q3,,77.11478,,,,A,,0,,1,
DATAFLOW,OECD.SDD.TPS:DSD_LFS@DF_IALFS_EMP_WAP_Q(1.0),,I,AUS,,EMP_WAP,,PT_WAP_SUB,,_Z,,Y,,_T,,Y15T64,,_Z,,Q,,2025-Q4,,77.05833,,,,A,,0,,1,
DATAFLOW,OECD.SDD.TPS:DSD_LFS@DF_IALFS_EMP_WAP_Q(1.0),,I,AUS,,EMP_WAP,,PT_WAP_SUB,,_Z,,Y,,_T,,Y15T64,,_Z,,Q,,2026-Q1,,77.23218,,,,A,,0,,1,
DATAFLOW,OECD.SDD.TPS:DSD_LFS@DF_IALFS_EMP_WAP_Q(1.0),,I,AUS,,EMP_WAP,,PT_WAP_SUB,,_Z,,Y,,_T,,Y15T64,,_Z,,Q,,2026-Q2,,77.08961,,,,A,,0,,1,
DATAFLOW,OECD.SDD.TPS:DSD_LFS@DF_IALFS_EMP_WAP_Q(1.0),,I,KOR,,EMP_WAP,,PT_WAP_SUB,,_Z,,Y,,_T,,Y15T64,,_Z,,Q,,1999-Q3,,60.07294,,,,A,,0,,1,
DATAFLOW,OECD.SDD.TPS:DSD_LFS@DF_IALFS_EMP_WAP_Q(1.0),,I,KOR,,EMP_WAP,,PT_WAP_SUB,,_Z,,Y,,_T,,Y15T64,,_Z,,Q,,1999-Q4,,60.91268,,,,A,,0,,1,
DATAFLOW,OECD.SDD.TPS:DSD_LFS@DF_IALFS_EMP_WAP_Q(1.0),,I,KOR,,EMP_WAP,,PT_WAP_SUB,,_Z,,Y,,_T,,Y15T64,,_Z,,Q,,2000-Q1,,61.06609,,,,A,,0,,1,
DATAFLOW,OECD.SDD.TPS:DSD_LFS@DF_IALFS_EMP_WAP_Q(1.0),,I,KOR,,EMP_WAP,,PT_WAP_SUB,,_Z,,Y,,_T,,Y15T64,,_Z,,Q,,2000-Q2,,61.36659,,,,A,,0,,1,
DATAFLOW,OECD.SDD.TPS:DSD_LFS@DF_IALFS_EMP_WAP_Q(1.0),,I,KOR,,EMP_WAP,,PT_WAP_SUB,,_Z,,Y,,_T,,Y15T64,,_Z,,Q,,2000-Q3,,61.82793,,,,A,,0,,1,
DATAFLOW,OECD.SDD.TPS:DSD_LFS@DF_IALFS_EMP_WAP_Q(1.0),,I,KOR,,EMP_WAP,,PT_WAP_SUB,,_Z,,Y,,_T,,Y15T64,,_Z,,Q,,2000-Q4,,61.79459,,,,A,,0,,1,
DATAFLOW,OECD.SDD.TPS:DSD_LFS@DF_IALFS_EMP_WAP_Q(1.0),,I,KOR,,EMP_WAP,,PT_WAP_SUB,,_Z,,Y,,_T,,Y15T64,,_Z,,Q,,2001-Q1,,61.2601,,,,A,,0,,1,
DATAFLOW,OECD.SDD.TPS:DSD_LFS@DF_IALFS_EMP_WAP_Q(1.0),,I,KOR,,EMP_WAP,,PT_WAP_SUB,,_Z,,Y,,_T,,Y15T64,,_Z,,Q,,2001-Q2,,62.35918,,,,A,,0,,1,
DATAFLOW,OECD.SDD.TPS:DSD_LFS@DF_IALFS_EMP_WAP_Q(1.0),,I,KOR,,EMP_WAP,,PT_WAP_SUB,,_Z,,Y,,_T,,Y15T64,,_Z,,Q,,2001-Q3,,62.51208,,,,A,,0,,1,
DATAFLOW,OECD.SDD.TPS:DSD_LFS@DF_IALFS_EMP_WAP_Q(1.0),,I,KOR,,EMP_WAP,,PT_WAP_SUB,,_Z,,Y,,_T,,Y15T64,,_Z,,Q,,2001-Q4,,62.69151,,,,A,,0,,1,
DATAFLOW,OECD.SDD.TPS:DSD_LFS@DF_IALFS_EMP_WAP_Q(1.0),,I,KOR,,EMP_WAP,,PT_WAP_SUB,,_Z,,Y,,_T,,Y15T64,,_Z,,Q,,2002-Q1,,63.15928,,,,A,,0,,1,
DATAFLOW,OECD.SDD.TPS:DSD_LFS@DF_IALFS_EMP_WAP_Q(1.0),,I,KOR,,EMP_WAP,,PT_WAP_SUB,,_Z,,Y,,_T,,Y15T64,,_Z,,Q,,2002-Q2,,63.49168,,,,A,,0,,1,
DATAFLOW,OECD.SDD.TPS:DSD_LFS@DF_IALFS_EMP_WAP_Q(1.0),,I,KOR,,EMP_WAP,,PT_WAP_SUB,,_Z,,Y,,_T,,Y15T64,,_Z,,Q,,2002-Q3,,63.55886,,,,A,,0,,1,
DATAFLOW,OECD.SDD.TPS:DSD_LFS@DF_IALFS_EMP_WAP_Q(1.0),,I,KOR,,EMP_WAP,,PT_WAP_SUB,,_Z,,Y,,_T,,Y15T64,,_Z,,Q,,2002-Q4,,63.41554,,,,A,,0,,1,
DATAFLOW,OECD.SDD.TPS:DSD_LFS@DF_IALFS_EMP_WAP_Q(1.0),,I,KOR,,EMP_WAP,,PT_WAP_SUB,,_Z,,Y,,_T,,Y15T64,,_Z,,Q,,2003-Q1,,63.13283,,,,A,,0,,1,
DATAFLOW,OECD.SDD.TPS:DSD_LFS@DF_IALFS_EMP_WAP_Q(1.0),,I,KOR,,EMP_WAP,,PT_WAP_SUB,,_Z,,Y,,_T,,Y15T64,,_Z,,Q,,2003-Q2,,62.92304,,,,A,,0,,1,
DATAFLOW,OECD.SDD.TPS:DSD_LFS@DF_IALFS_EMP_WAP_Q(1.0),,I,KOR,,EMP_WAP,,PT_WAP_SUB,,_Z,,Y,,_T,,Y15T64,,_Z,,Q,,2003-Q3,,62.97443,,,,A,,0,,1,
DATAFLOW,OECD.SDD.TPS:DSD_LFS@DF_IALFS_EMP_WAP_Q(1.0),,I,KOR,,EMP_WAP,,PT_WAP_SUB,,_Z,,Y,,_T,,Y15T64,,_Z,,Q,,2003-Q4,,63.11125,,,,A,,0,,1,
DATAFLOW,OECD.SDD.TPS:DSD_LFS@DF_IALFS_EMP_WAP_Q(1.0),,I,KOR,,EMP_WAP,,PT_WAP_SUB,,_Z,,Y,,_T,,Y15T64,,_Z,,Q,,2004-Q1,,63.92468,,,,A,,0,,1,
DATAFLOW,OECD.SDD.TPS:DSD_LFS@DF_IALFS_EMP_WAP_Q(1.0),,I,KOR,,EMP_WAP,,PT_WAP_SUB,,_Z,,Y,,_T,,Y15T64,,_Z,,Q,,2004-Q2,,63.70745,,,,A,,0,,1,
DATAFLOW,OECD.SDD.TPS:DSD_LFS@DF_IALFS_EMP_WAP_Q(1.0),,I,KOR,,EMP_WAP,,PT_WAP_SUB,,_Z,,Y,,_T,,Y15T64,,_Z,,Q,,2004-Q3,,63.62144,,,,A,,0,,1,
DATAFLOW,OECD.SDD.TPS:DSD_LFS@DF_IALFS_EMP_WAP_Q(1.0),,I,KOR,,EMP_WAP,,PT_WAP_SUB,,_Z,,Y,,_T,,Y15T64,,_Z,,Q,,2004-Q4,,63.8168,,,,A,,0,,1,
DATAFLOW,OECD.SDD.TPS:DSD_LFS@DF_IALFS_EMP_WAP_Q(1.0),,I,KOR,,EMP_WAP,,PT_WAP_SUB,,_Z,,Y,,_T,,Y15T64,,_Z,,Q,,2005-Q1,,63.75396,,,,A,,0,,1,
DATAFLOW,OECD.SDD.TPS:DSD_LFS@DF_IALFS_EMP_WAP_Q(1.0),,I,KOR,,EMP_WAP,,PT_WAP_SUB,,_Z,,Y,,_T,,Y15T64,,_Z,,Q,,2005-Q2,,63.75248,,,,A,,0,,1,
DATAFLOW,OECD.SDD.TPS:DSD_LFS@DF_IALFS_EMP_WAP_Q(1.0),,I,KOR,,EMP_WAP,,PT_WAP_SUB,,_Z,,Y,,_T,,Y15T64,,_Z,,Q,,2005-Q3,,63.69346,,,,A,,0,,1,
DATAFLOW,OECD.SDD.TPS:DSD_LFS@DF_IALFS_EMP_WAP_Q(1.0),,I,KOR,,EMP_WAP,,PT_WAP_SUB,,_Z,,Y,,_T,,Y15T64,,_Z,,Q,,2005-Q4,,63.79323,,,,A,,0,,1,
DATAFLOW,OECD.SDD.TPS:DSD_LFS@DF_IALFS_EMP_WAP_Q(1.0),,I,KOR,,EMP_WAP,,PT_WAP_SUB,,_Z,,Y,,_T,,Y15T64,,_Z,,Q,,2006-Q1,,64.00847,,,,A,,0,,1,
DATAFLOW,OECD.SDD.TPS:DSD_LFS@DF_IALFS_EMP_WAP_Q(1.0),,I,KOR,,EMP_WAP,,PT_WAP_SUB,,_Z,,Y,,_T,,Y15T64,,_Z,,Q,,2006-Q2,,64.01579,,,,A,,0,,1,
DATAFLOW,OECD.SDD.TPS:DSD_LFS@DF_IALFS_EMP_WAP_Q(1.0),,I,KOR,,EMP_WAP,,PT_WAP_SUB,,_Z,,Y,,_T,,Y15T64,,_Z,,Q,,2006-Q3,,63.91793,,,,A,,0,,1,
DATAFLOW,OECD.SDD.TPS:DSD_LFS@DF_IALFS_EMP_WAP_Q(1.0),,I,KOR,,EMP_WAP,,PT_WAP_SUB,,_Z,,Y,,_T,,Y15T64,,_Z,,Q,,2006-Q4,,63.95478,,,,A,,0,,1,
DATAFLOW,OECD.SDD.TPS:DSD_LFS@DF_IALFS_EMP_WAP_Q(1.0),,I,KOR,,EMP_WAP,,PT_WAP_SUB,,_Z,,Y,,_T,,Y15T64,,_Z,,Q,,2007-Q1,,64.14917,,,,A,,0,,1,
DATAFLOW,OECD.SDD.TPS:DSD_LFS@DF_IALFS_EMP_WAP_Q(1.0),,I,KOR,,EMP_WAP,,PT_WAP_SUB,,_Z,,Y,,_T,,Y15T64,,_Z,,Q,,2007-Q2,,64.13487,,,,A,,0,,1,
DATAFLOW,OECD.SDD.TPS:DSD_LFS@DF_IALFS_EMP_WAP_Q(1.0),,I,KOR,,EMP_WAP,,PT_WAP_SUB,,_Z,,Y,,_T,,Y15T64,,_Z,,Q,,2007-Q3,,64.11708,,,,A,,0,,1,
DATAFLOW,OECD.SDD.TPS:DSD_LFS@DF_IALFS_EMP_WAP_Q(1.0),,I,KOR,,EMP_WAP,,PT_WAP_SUB,,_Z,,Y,,_T,,Y15T64,,_Z,,Q,,2007-Q4,,64.18338,,,,A,,0,,1,
DATAFLOW,OECD.SDD.TPS:DSD_LFS@DF_IALFS_EMP_WAP_Q(1.0),,I,KOR,,EMP_WAP,,PT_WAP_SUB,,_Z,,Y,,_T,,Y15T64,,_Z,,Q,,2008-Q1,,64.15148,,,,A,,0,,1,
DATAFLOW,OECD.SDD.TPS:DSD_LFS@DF_IALFS_EMP_WAP_Q(1.0),,I,KOR,,EMP_WAP,,PT_WAP_SUB,,_Z,,Y,,_T,,Y15T64,,_Z,,Q,,2008-Q2,,64.12865,,,,A,,0,,1,
DATAFLOW,OECD.SDD.TPS:DSD_LFS@DF_IALFS_EMP_WAP_Q(1.0),,I,KOR,,EMP_WAP,,PT_WAP_SUB,,_Z,,Y,,_T,,Y15T64,,_Z,,Q,,2008-Q3,,63.90128,,,,A,,0,,1,
DATAFLOW,OECD.SDD.TPS:DSD_LFS@DF_IALFS_EMP_WAP_Q(1.0),,I,KOR,,EMP_WAP,,PT_WAP_SUB,,_Z,,Y,,_T,,Y15T64,,_Z,,Q,,2008-Q4,,63.64532,,,,A,,0,,1,
DATAFLOW,OECD.SDD.TPS:DSD_LFS@DF_IALFS_EMP_WAP_Q(1.0),,I,KOR,,EMP_WAP,,PT_WAP_SUB,,_Z,,Y,,_T,,Y15T64,,_Z,,Q,,2009-Q2,,62.95602,,,,A,,0,,1,
DATAFLOW,OECD.SDD.TPS:DSD_LFS@DF_IALFS_EMP_WAP_Q(1.0),,I,KOR,,EMP_WAP,,PT_WAP_SUB,,_Z,,Y,,_T,,Y15T64,,_Z,,Q,,2009-Q3,,62.98167,,,,A,,0,,1,
DATAFLOW,OECD.SDD.TPS:DSD_LFS@DF_IALFS_EMP_WAP_Q(1.0),,I,KOR,,EMP_WAP,,PT_WAP_SUB,,_Z,,Y,,_T,,Y15T64,,_Z,,Q,,2009-Q4,,63.03924,,,,A,,0,,1,
DATAFLOW,OECD.SDD.TPS:DSD_LFS@DF_IALFS_EMP_WAP_Q(1.0),,I,KOR,,EMP_WAP,,PT_WAP_SUB,,_Z,,Y,,_T,,Y15T64,,_Z,,Q,,2010-Q1,,63.08974,,,,A,,0,,1,
DATAFLOW,OECD.SDD.TPS:DSD_LFS@DF_IALFS_EMP_WAP_Q(1.0),,I,KOR,,EMP_WAP,,PT_WAP_SUB,,_Z,,Y,,_T,,Y15T64,,_Z,,Q,,2010-Q2,,63.47951,,,,A,,0,,1,
DATAFLOW,OECD.SDD.TPS:DSD_LFS@DF_IALFS_EMP_WAP_Q(1.0),,I,KOR,,EMP_WAP,,PT_WAP_SUB,,_Z,,Y,,_T,,Y15T64,,_Z,,Q,,2010-Q3,,63.46913,,,,A,,0,,1,
DATAFLOW,OECD.SDD.TPS:DSD_LFS@DF_IALFS_EMP_WAP_Q(1.0),,I,KOR,,EMP_WAP,,PT_WAP_SUB,,_Z,,Y,,_T,,Y15T64,,_Z,,Q,,2010-Q4,,63.51673,,,,A,,0,,1,
DATAFLOW,OECD.SDD.TPS:DSD_LFS@DF_IALFS_EMP_WAP_Q(1.0),,I,KOR,,EMP_WAP,,PT_WAP_SUB,,_Z,,Y,,_T,,Y15T64,,_Z,,Q,,2011-Q1,,63.62931,,,,A,,0,,1,
DATAFLOW,OECD.SDD.TPS:DSD_LFS@DF_IALFS_EMP_WAP_Q(1.0),,I,KOR,,EMP_WAP,,PT_WAP_SUB,,_Z,,Y,,_T,,Y15T64,,_Z,,Q,,2011-Q2,,63.99746,,,,A,,0,,1,
DATAFLOW,OECD.SDD.TPS:DSD_LFS@DF_IALFS_EMP_WAP_Q(1.0),,I,KOR,,EMP_WAP,,PT_WAP_SUB,,_Z,,Y,,_T,,Y15T64,,_Z,,Q,,2011-Q3,,63.87067,,,,A,,0,,1,
DATAFLOW,OECD.SDD.TPS:DSD_LFS@DF_IALFS_EMP_WAP_Q(1.0),,I,KOR,,EMP_WAP,,PT_WAP_SUB,,_Z,,Y,,_T,,Y15T64,,_Z,,Q,,2011-Q4,,64.16621,,,,A,,0,,1,
DATAFLOW,OECD.SDD.TPS:DSD_LFS@DF_IALFS_EMP_WAP_Q(1.0),,I,KOR,,EMP_WAP,,PT_WAP_SUB,,_Z,,Y,,_T,,Y15T64,,_Z,,Q,,2012-Q1,,64.23308,,,,A,,0,,1,
DATAFLOW,OECD.SDD.TPS:DSD_LFS@DF_IALFS_EMP_WAP_Q(1.0),,I,KOR,,EMP_WAP,,PT_WAP_SUB,,_Z,,Y,,_T,,Y15T64,,_Z,,Q,,2012-Q2,,64.45146,,,,A,,0,,1,
DATAFLOW,OECD.SDD.TPS:DSD_LFS@DF_IALFS_EMP_WAP_Q(1.0),,I,KOR,,EMP_WAP,,PT_WAP_SUB,,_Z,,Y,,_T,,Y15T64,,_Z,,Q,,2012-Q3,,64.40243,,,,A,,0,,1,
DATAFLOW,OECD.SDD.TPS:DSD_LFS@DF_IALFS_EMP_WAP_Q(1.0),,I,KOR,,EMP_WAP,,PT_WAP_SUB,,_Z,,Y,,_T,,Y15T64,,_Z,,Q,,2012-Q4,,64.28912,,,,A,,0,,1,
DATAFLOW,OECD.SDD.TPS:DSD_LFS@DF_IALFS_EMP_WAP_Q(1.0),,I,KOR,,EMP_WAP,,PT_WAP_SUB,,_Z,,Y,,_T,,Y15T64,,_Z,,Q,,2013-Q1,,64.08791,,,,A,,0,,1,
DATAFLOW,OECD.SDD.TPS:DSD_LFS@DF_IALFS_EMP_WAP_Q(1.0),,I,KOR,,EMP_WAP,,PT_WAP_SUB,,_Z,,Y,,_T,,Y15T64,,_Z,,Q,,2013-Q2,,64.54806,,,,A,,0,,1,
DATAFLOW,OECD.SDD.TPS:DSD_LFS@DF_IALFS_EMP_WAP_Q(1.0),,I,KOR,,EMP_WAP,,PT_WAP_SUB,,_Z,,Y,,_T,,Y15T64,,_Z,,Q,,2013-Q3,,64.78537,,,,A,,0,,1,
DATAFLOW,OECD.SDD.TPS:DSD_LFS@DF_IALFS_EMP_WAP_Q(1.0),,I,KOR,,EMP_WAP,,PT_WAP_SUB,,_Z,,Y,,_T,,Y15T64,,_Z,,Q,,2013-Q4,,65.08992,,,,A,,0,,1,
DATAFLOW,OECD.SDD.TPS:DSD_LFS@DF_IALFS_EMP_WAP_Q(1.0),,I,KOR,,EMP_WAP,,PT_WAP_SUB,,_Z,,Y,,_T,,Y15T64,,_Z,,Q,,2014-Q1,,65.47601,,,,A,,0,,1,
DATAFLOW,OECD.SDD.TPS:DSD_LFS@DF_IALFS_EMP_WAP_Q(1.0),,I,KOR,,EMP_WAP,,PT_WAP_SUB,,_Z,,Y,,_T,,Y15T64,,_Z,,Q,,2014-Q2,,65.42635,,,,A,,0,,1,
DATAFLOW,OECD.SDD.TPS:DSD_LFS@DF_IALFS_EMP_WAP_Q(1.0),,I,KOR,,EMP_WAP,,PT_WAP_SUB,,_Z,,Y,,_T,,Y15T64,,_Z,,Q,,2014-Q3,,65.70185,,,,A,,0,,1,
DATAFLOW,OECD.SDD.TPS:DSD_LFS@DF_IALFS_EMP_WAP_Q(1.0),,I,KOR,,EMP_WAP,,PT_WAP_SUB,,_Z,,Y,,_T,,Y15T64,,_Z,,Q,,2014-Q4,,65.66281,,,,A,,0,,1,
DATAFLOW,OECD.SDD.TPS:DSD_LFS@DF_IALFS_EMP_WAP_Q(1.0),,I,KOR,,EMP_WAP,,PT_WAP_SUB,,_Z,,Y,,_T,,Y15T64,,_Z,,Q,,2015-Q1,,65.85564,,,,A,,0,,1,
DATAFLOW,OECD.SDD.TPS:DSD_LFS@DF_IALFS_EMP_WAP_Q(1.0),,I,KOR,,EMP_WAP,,PT_WAP_SUB,,_Z,,Y,,_T,,Y15T64,,_Z,,Q,,2015-Q2,,65.76836,,,,A,,0,,1,
DATAFLOW,OECD.SDD.TPS:DSD_LFS@DF_IALFS_EMP_WAP_Q(1.0),,I,KOR,,EMP_WAP,,PT_WAP_SUB,,_Z,,Y,,_T,,Y15T64,,_Z,,Q,,2015-Q3,,65.94852,,,,A,,0,,1,
DATAFLOW,OECD.SDD.TPS:DSD_LFS@DF_IALFS_EMP_WAP_Q(1.0),,I,KOR,,EMP_WAP,,PT_WAP_SUB,,_Z,,Y,,_T,,Y15T64,,_Z,,Q,,2015-Q4,,66.06848,,,,A,,0,,1,
DATAFLOW,OECD.SDD.TPS:DSD_LFS@DF_IALFS_EMP_WAP_Q(1.0),,I,KOR,,EMP_WAP,,PT_WAP_SUB,,_Z,,Y,,_T,,Y15T64,,_Z,,Q,,2016-Q1,,65.92785,,,,A,,0,,1,
DATAFLOW,OECD.SDD.TPS:DSD_LFS@DF_IALFS_EMP_WAP_Q(1.0),,I,KOR,,EMP_WAP,,PT_WAP_SUB,,_Z,,Y,,_T,,Y15T64,,_Z,,Q,,2016-Q2,,65.90445,,,,A,,0,,1,
DATAFLOW,OECD.SDD.TPS:DSD_LFS@DF_IALFS_EMP_WAP_Q(1.0),,I,KOR,,EMP_WAP,,PT_WAP_SUB,,_Z,,Y,,_T,,Y15T64,,_Z,,Q,,2016-Q3,,66.18608,,,,A,,0,,1,
DATAFLOW,OECD.SDD.TPS:DSD_LFS@DF_IALFS_EMP_WAP_Q(1.0),,I,KOR,,EMP_WAP,,PT_WAP_SUB,,_Z,,Y,,_T,,Y15T64,,_Z,,Q,,2016-Q4,,66.28529,,,,A,,0,,1,
DATAFLOW,OECD.SDD.TPS:DSD_LFS@DF_IALFS_EMP_WAP_Q(1.0),,I,KOR,,EMP_WAP,,PT_WAP_SUB,,_Z,,Y,,_T,,Y15T64,,_Z,,Q,,2017-Q1,,66.49667,,,,A,,0,,1,
DATAFLOW,OECD.SDD.TPS:DSD_LFS@DF_IALFS_EMP_WAP_Q(1.0),,I,KOR,,EMP_WAP,,PT_WAP_SUB,,_Z,,Y,,_T,,Y15T64,,_Z,,Q,,2017-Q2,,66.64539,,,,A,,0,,1,
DATAFLOW,OECD.SDD.TPS:DSD_LFS@DF_IALFS_EMP_WAP_Q(1.0),,I,KOR,,EMP_WAP,,PT_WAP_SUB,,_Z,,Y,,_T,,Y15T64,,_Z,,Q,,2017-Q3,,66.6998,,,,A,,0,,1,
DATAFLOW,OECD.SDD.TPS:DSD_LFS@DF_IALFS_EMP_WAP_Q(1.0),,I,KOR,,EMP_WAP,,PT_WAP_SUB,,_Z,,Y,,_T,,Y15T64,,_Z,,Q,,2017-Q4,,66.67513,,,,A,,0,,1,
DATAFLOW,OECD.SDD.TPS:DSD_LFS@DF_IALFS_EMP_WAP_Q(1.0),,I,KOR,,EMP_WAP,,PT_WAP_SUB,,_Z,,Y,,_T,,Y15T64,,_Z,,Q,,2018-Q1,,66.74673,,,,A,,0,,1,
DATAFLOW,OECD.SDD.TPS:DSD_LFS@DF_IALFS_EMP_WAP_Q(1.0),,I,KOR,,EMP_WAP,,PT_WAP_SUB,,_Z,,Y,,_T,,Y15T64,,_Z,,Q,,2018-Q2,,66.64962,,,,A,,0,,1,
DATAFLOW,OECD.SDD.TPS:DSD_LFS@DF_IALFS_EMP_WAP_Q(1.0),,I,KOR,,EMP_WAP,,PT_WAP_SUB,,_Z,,Y,,_T,,Y15T64,,_Z,,Q,,2018-Q3,,66.45842,,,,A,,0,,1,
DATAFLOW,OECD.SDD.TPS:DSD_LFS@DF_IALFS_EMP_WAP_Q(1.0),,I,KOR,,EMP_WAP,,PT_WAP_SUB,,_Z,,Y,,_T,,Y15T64,,_Z,,Q,,2018-Q4,,66.59731,,,,A,,0,,1,
DATAFLOW,OECD.SDD.TPS:DSD_LFS@DF_IALFS_EMP_WAP_Q(1.0),,I,KOR,,EMP_WAP,,PT_WAP_SUB,,_Z,,Y,,_T,,Y15T64,,_Z,,Q,,2019-Q1,,66.68359,,,,A,,0,,1,
DATAFLOW,OECD.SDD.TPS:DSD_LFS@DF_IALFS_EMP_WAP_Q(1.0),,I,KOR,,EMP_WAP,,PT_WAP_SUB,,_Z,,Y,,_T,,Y15T64,,_Z,,Q,,2019-Q2,,66.72076,,,,A,,0,,1,
DATAFLOW,OECD.SDD.TPS:DSD_LFS@DF_IALFS_EMP_WAP_Q(1.0),,I,KOR,,EMP_WAP,,PT_WAP_SUB,,_Z,,Y,,_T,,Y15T64,,_Z,,Q,,2019-Q3,,66.83449,,,,A,,0,,1,
DATAFLOW,OECD.SDD.TPS:DSD_LFS@DF_IALFS_EMP_WAP_Q(1.0),,I,KOR,,EMP_WAP,,PT_WAP_SUB,,_Z,,Y,,_T,,Y15T64,,_Z,,Q,,2019-Q4,,67.05178,,,,A,,0,,1,
DATAFLOW,OECD.SDD.TPS:DSD_LFS@DF_IALFS_EMP_WAP_Q(1.0),,I,KOR,,EMP_WAP,,PT_WAP_SUB,,_Z,,Y,,_T,,Y15T64,,_Z,,Q,,2020-Q1,,66.76485,,,,A,,0,,1,
DATAFLOW,OECD.SDD.TPS:DSD_LFS@DF_IALFS_EMP_WAP_Q(1.0),,I,KOR,,EMP_WAP,,PT_WAP_SUB,,_Z,,Y,,_T,,Y15T64,,_Z,,Q,,2020-Q2,,65.40929,,,,A,,0,,1,
DATAFLOW,OECD.SDD.TPS:DSD_LFS@DF_IALFS_EMP_WAP_Q(1.0),,I,KOR,,EMP_WAP,,PT_WAP_SUB,,_Z,,Y,,_T,,Y15T64,,_Z,,Q,,2020-Q3,,65.62411,,,,A,,0,,1,
DATAFLOW,OECD.SDD.TPS:DSD_LFS@DF_IALFS_EMP_WAP_Q(1.0),,I,KOR,,EMP_WAP,,PT_WAP_SUB,,_Z,,Y,,_T,,Y15T64,,_Z,,Q,,2020-Q4,,65.64129,,,,A,,0,,1,
DATAFLOW,OECD.SDD.TPS:DSD_LFS@DF_IALFS_EMP_WAP_Q(1.0),,I,KOR,,EMP_WAP,,PT_WAP_SUB,,_Z,,Y,,_T,,Y15T64,,_Z,,Q,,2021-Q1,,65.62975,,,,A,,0,,1,
DATAFLOW,OECD.SDD.TPS:DSD_LFS@DF_IALFS_EMP_WAP_Q(1.0),,I,KOR,,EMP_WAP,,PT_WAP_SUB,,_Z,,Y,,_T,,Y15T64,,_Z,,Q,,2021-Q2,,66.41971,,,,A,,0,,1,
DATAFLOW,OECD.SDD.TPS:DSD_LFS@DF_IALFS_EMP_WAP_Q(1.0),,I,KOR,,EMP_WAP,,PT_WAP_SUB,,_Z,,Y,,_T,,Y15T64,,_Z,,Q,,2021-Q3,,66.79882,,,,A,,0,,1,
DATAFLOW,OECD.SDD.TPS:DSD_LFS@DF_IALFS_EMP_WAP_Q(1.0),,I,KOR,,EMP_WAP,,PT_WAP_SUB,,_Z,,Y,,_T,,Y15T64,,_Z,,Q,,2021-Q4,,67.25679,,,,A,,0,,1,
DATAFLOW,OECD.SDD.TPS:DSD_LFS@DF_IALFS_EMP_WAP_Q(1.0),,I,KOR,,EMP_WAP,,PT_WAP_SUB,,_Z,,Y,,_T,,Y15T64,,_Z,,Q,,2022-Q1,,68.04716,,,,A,,0,,1,
DATAFLOW,OECD.SDD.TPS:DSD_LFS@DF_IALFS_EMP_WAP_Q(1.0),,I,KOR,,EMP_WAP,,PT_WAP_SUB,,_Z,,Y,,_T,,Y15T64,,_Z,,Q,,2022-Q2,,68.54845,,,,A,,0,,1,
DATAFLOW,OECD.SDD.TPS:DSD_LFS@DF_IALFS_EMP_WAP_Q(1.0),,I,KOR,,EMP_WAP,,PT_WAP_SUB,,_Z,,Y,,_T,,Y15T64,,_Z,,Q,,2022-Q3,,68.71424,,,,A,,0,,1,
DATAFLOW,OECD.SDD.TPS:DSD_LFS@DF_IALFS_EMP_WAP_Q(1.0),,I,KOR,,EMP_WAP,,PT_WAP_SUB,,_Z,,Y,,_T,,Y15T64,,_Z,,Q,,2022-Q4,,68.73763,,,,A,,0,,1,
DATAFLOW,OECD.SDD.TPS:DSD_LFS@DF_IALFS_EMP_WAP_Q(1.0),,I,KOR,,EMP_WAP,,PT_WAP_SUB,,_Z,,Y,,_T,,Y15T64,,_Z,,Q,,2023-Q1,,68.8271,,,,A,,0,,1,
DATAFLOW,OECD.SDD.TPS:DSD_LFS@DF_IALFS_EMP_WAP_Q(1.0),,I,KOR,,EMP_WAP,,PT_WAP_SUB,,_Z,,Y,,_T,,Y15T64,,_Z,,Q,,2023-Q2,,69.26682,,,,A,,0,,1,
DATAFLOW,OECD.SDD.TPS:DSD_LFS@DF_IALFS_EMP_WAP_Q(1.0),,I,KOR,,EMP_WAP,,PT_WAP_SUB,,_Z,,Y,,_T,,Y15T64,,_Z,,Q,,2023-Q3,,69.35366,,,,A,,0,,1,
DATAFLOW,OECD.SDD.TPS:DSD_LFS@DF_IALFS_EMP_WAP_Q(1.0),,I,KOR,,EMP_WAP,,PT_WAP_SUB,,_Z,,Y,,_T,,Y15T64,,_Z,,Q,,2023-Q4,,69.46501,,,,A,,0,,1,
DATAFLOW,OECD.SDD.TPS:DSD_LFS@DF_IALFS_EMP_WAP_Q(1.0),,I,KOR,,EMP_WAP,,PT_WAP_SUB,,_Z,,Y,,_T,,Y15T64,,_Z,,Q,,2024-Q1,,69.4932,,,,A,,0,,1,
DATAFLOW,OECD.SDD.TPS:DSD_LFS@DF_IALFS_EMP_WAP_Q(1.0),,I,KOR,,EMP_WAP,,PT_WAP_SUB,,_Z,,Y,,_T,,Y15T64,,_Z,,Q,,2024-Q2,,69.4895,,,,A,,0,,1,
DATAFLOW,OECD.SDD.TPS:DSD_LFS@DF_IALFS_EMP_WAP_Q(1.0),,I,KOR,,EMP_WAP,,PT_WAP_SUB,,_Z,,Y,,_T,,Y15T64,,_Z,,Q,,2024-Q3,,69.56929,,,,A,,0,,1,
DATAFLOW,OECD.SDD.TPS:DSD_LFS@DF_IALFS_EMP_WAP_Q(1.0),,I,KOR,,EMP_WAP,,PT_WAP_SUB,,_Z,,Y,,_T,,Y15T64,,_Z,,Q,,2024-Q4,,69.61967,,,,A,,0,,1,
DATAFLOW,OECD.SDD.TPS:DSD_LFS@DF_IALFS_EMP_WAP_Q(1.0),,I,KOR,,EMP_WAP,,PT_WAP_SUB,,_Z,,Y,,_T,,Y15T64,,_Z,,Q,,2025-Q1,,69.6719,,,,A,,0,,1,
DATAFLOW,OECD.SDD.TPS:DSD_LFS@DF_IALFS_EMP_WAP_Q(1.0),,I,KOR,,EMP_WAP,,PT_WAP_SUB,,_Z,,Y,,_T,,Y15T64,,_Z,,Q,,2025-Q2,,69.904,,,,A,,0,,1,
DATAFLOW,OECD.SDD.TPS:DSD_LFS@DF_IALFS_EMP_WAP_Q(1.0),,I,KOR,,EMP_WAP,,PT_WAP_SUB,,_Z,,Y,,_T,,Y15T64,,_Z,,Q,,2025-Q3,,69.92857,,,,A,,0,,1,
DATAFLOW,OECD.SDD.TPS:DSD_LFS@DF_IALFS_EMP_WAP_Q(1.0),,I,KOR,,EMP_WAP,,PT_WAP_SUB,,_Z,,Y,,_T,,Y15T64,,_Z,,Q,,2025-Q4,,69.88539,,,,A,,0,,1,
DATAFLOW,OECD.SDD.TPS:DSD_LFS@DF_IALFS_EMP_WAP_Q(1.0),,I,KOR,,EMP_WAP,,PT_WAP_SUB,,_Z,,Y,,_T,,Y15T64,,_Z,,Q,,2026-Q1,,69.98367,,,,A,,0,,1,
DATAFLOW,OECD.SDD.TPS:DSD_LFS@DF_IALFS_EMP_WAP_Q(1.0),,I,KOR,,EMP_WAP,,PT_WAP_SUB,,_Z,,Y,,_T,,Y15T64,,_Z,,Q,,2026-Q2,,69.80589,,,,A,,0,,1,
DATAFLOW,OECD.SDD.TPS:DSD_LFS@DF_IALFS_EMP_WAP_Q(1.0),,I,KOR,,EMP_WAP,,PT_WAP_SUB,,_Z,,Y,,_T,,Y15T64,,_Z,,Q,,2009-Q1,,63.09489,,,,A,,0,,1,
DATAFLOW,OECD.SDD.TPS:DSD_LFS@DF_IALFS_EMP_WAP_Q(1.0),,I,ISR,,EMP_WAP,,PT_WAP_SUB,,_Z,,Y,,_T,,Y15T64,,_Z,,Q,,2026-Q2,,69.00321,,,,A,,0,,1,
DATAFLOW,OECD.SDD.TPS:DSD_LFS@DF_IALFS_EMP_WAP_Q(1.0),,I,USA,,EMP_WAP,,PT_WAP_SUB,,_Z,,Y,,_T,,Y15T64,,_Z,,Q,,1987-Q2,,70.63116,,,,A,,0,,1,
DATAFLOW,OECD.SDD.TPS:DSD_LFS@DF_IALFS_EMP_WAP_Q(1.0),,I,USA,,EMP_WAP,,PT_WAP_SUB,,_Z,,Y,,_T,,Y15T64,,_Z,,Q,,2001-Q4,,72.33089,,,,A,,0,,1,
DATAFLOW,OECD.SDD.TPS:DSD_LFS@DF_IALFS_EMP_WAP_Q(1.0),,I,USA,,EMP_WAP,,PT_WAP_SUB,,_Z,,Y,,_T,,Y15T64,,_Z,,Q,,2002-Q2,,71.92838,,,,A,,0,,1,
DATAFLOW,OECD.SDD.TPS:DSD_LFS@DF_IALFS_EMP_WAP_Q(1.0),,I,CAN,,EMP_WAP,,PT_WAP_SUB,,_Z,,Y,,_T,,Y15T64,,_Z,,Q,,2026-Q2,,74.53333,,,,A,,0,,1,
DATAFLOW,OECD.SDD.TPS:DSD_LFS@DF_IALFS_EMP_WAP_Q(1.0),,I,JPN,,EMP_WAP,,PT_WAP_SUB,,_Z,,Y,,_T,,Y15T64,,_Z,,Q,,2026-Q2,,80.53133,,,,A,,0,,1,
DATAFLOW,OECD.SDD.TPS:DSD_LFS@DF_IALFS_EMP_WAP_Q(1.0),,I,COL,,EMP_WAP,,PT_WAP_SUB,,_Z,,Y,,_T,,Y15T64,,_Z,,Q,,2007-Q1,,59.25233,,,,A,,0,,1,
DATAFLOW,OECD.SDD.TPS:DSD_LFS@DF_IALFS_EMP_WAP_Q(1.0),,I,COL,,EMP_WAP,,PT_WAP_SUB,,_Z,,Y,,_T,,Y15T64,,_Z,,Q,,2007-Q2,,59.94631,,,,A,,0,,1,
DATAFLOW,OECD.SDD.TPS:DSD_LFS@DF_IALFS_EMP_WAP_Q(1.0),,I,COL,,EMP_WAP,,PT_WAP_SUB,,_Z,,Y,,_T,,Y15T64,,_Z,,Q,,2007-Q3,,60.22759,,,,A,,0,,1,
DATAFLOW,OECD.SDD.TPS:DSD_LFS@DF_IALFS_EMP_WAP_Q(1.0),,I,COL,,EMP_WAP,,PT_WAP_SUB,,_Z,,Y,,_T,,Y15T64,,_Z,,Q,,2007-Q4,,60.56346,,,,A,,0,,1,
DATAFLOW,OECD.SDD.TPS:DSD_LFS@DF_IALFS_EMP_WAP_Q(1.0),,I,COL,,EMP_WAP,,PT_WAP_SUB,,_Z,,Y,,_T,,Y15T64,,_Z,,Q,,2008-Q1,,61.10238,,,,A,,0,,1,
DATAFLOW,OECD.SDD.TPS:DSD_LFS@DF_IALFS_EMP_WAP_Q(1.0),,I,COL,,EMP_WAP,,PT_WAP_SUB,,_Z,,Y,,_T,,Y15T64,,_Z,,Q,,2008-Q2,,60.50357,,,,A,,0,,1,
DATAFLOW,OECD.SDD.TPS:DSD_LFS@DF_IALFS_EMP_WAP_Q(1.0),,I,COL,,EMP_WAP,,PT_WAP_SUB,,_Z,,Y,,_T,,Y15T64,,_Z,,Q,,2008-Q3,,60.3728,,,,A,,0,,1,
DATAFLOW,OECD.SDD.TPS:DSD_LFS@DF_IALFS_EMP_WAP_Q(1.0),,I,COL,,EMP_WAP,,PT_WAP_SUB,,_Z,,Y,,_T,,Y15T64,,_Z,,Q,,2008-Q4,,58.88686,,,,A,,0,,1,
DATAFLOW,OECD.SDD.TPS:DSD_LFS@DF_IALFS_EMP_WAP_Q(1.0),,I,COL,,EMP_WAP,,PT_WAP_SUB,,_Z,,Y,,_T,,Y15T64,,_Z,,Q,,2009-Q1,,61.08068,,,,A,,0,,1,
DATAFLOW,OECD.SDD.TPS:DSD_LFS@DF_IALFS_EMP_WAP_Q(1.0),,I,COL,,EMP_WAP,,PT_WAP_SUB,,_Z,,Y,,_T,,Y15T64,,_Z,,Q,,2009-Q2,,62.47833,,,,A,,0,,1,
DATAFLOW,OECD.SDD.TPS:DSD_LFS@DF_IALFS_EMP_WAP_Q(1.0),,I,COL,,EMP_WAP,,PT_WAP_SUB,,_Z,,Y,,_T,,Y15T64,,_Z,,Q,,2009-Q3,,61.84032,,,,A,,0,,1,
DATAFLOW,OECD.SDD.TPS:DSD_LFS@DF_IALFS_EMP_WAP_Q(1.0),,I,COL,,EMP_WAP,,PT_WAP_SUB,,_Z,,Y,,_T,,Y15T64,,_Z,,Q,,2009-Q4,,62.70421,,,,A,,0,,1,
DATAFLOW,OECD.SDD.TPS:DSD_LFS@DF_IALFS_EMP_WAP_Q(1.0),,I,COL,,EMP_WAP,,PT_WAP_SUB,,_Z,,Y,,_T,,Y15T64,,_Z,,Q,,2010-Q1,,63.11383,,,,A,,0,,1,
DATAFLOW,OECD.SDD.TPS:DSD_LFS@DF_IALFS_EMP_WAP_Q(1.0),,I,COL,,EMP_WAP,,PT_WAP_SUB,,_Z,,Y,,_T,,Y15T64,,_Z,,Q,,2010-Q2,,62.98148,,,,A,,0,,1,
DATAFLOW,OECD.SDD.TPS:DSD_LFS@DF_IALFS_EMP_WAP_Q(1.0),,I,COL,,EMP_WAP,,PT_WAP_SUB,,_Z,,Y,,_T,,Y15T64,,_Z,,Q,,2010-Q3,,63.87359,,,,A,,0,,1,
DATAFLOW,OECD.SDD.TPS:DSD_LFS@DF_IALFS_EMP_WAP_Q(1.0),,I,COL,,EMP_WAP,,PT_WAP_SUB,,_Z,,Y,,_T,,Y15T64,,_Z,,Q,,2010-Q4,,63.45006,,,,A,,0,,1,
DATAFLOW,OECD.SDD.TPS:DSD_LFS@DF_IALFS_EMP_WAP_Q(1.0),,I,COL,,EMP_WAP,,PT_WAP_SUB,,_Z,,Y,,_T,,Y15T64,,_Z,,Q,,2011-Q1,,64.2114,,,,A,,0,,1,
DATAFLOW,OECD.SDD.TPS:DSD_LFS@DF_IALFS_EMP_WAP_Q(1.0),,I,COL,,EMP_WAP,,PT_WAP_SUB,,_Z,,Y,,_T,,Y15T64,,_Z,,Q,,2011-Q2,,64.04617,,,,A,,0,,1,
DATAFLOW,OECD.SDD.TPS:DSD_LFS@DF_IALFS_EMP_WAP_Q(1.0),,I,COL,,EMP_WAP,,PT_WAP_SUB,,_Z,,Y,,_T,,Y15T64,,_Z,,Q,,2011-Q3,,64.86314,,,,A,,0,,1,
DATAFLOW,OECD.SDD.TPS:DSD_LFS@DF_IALFS_EMP_WAP_Q(1.0),,I,COL,,EMP_WAP,,PT_WAP_SUB,,_Z,,Y,,_T,,Y15T64,,_Z,,Q,,2011-Q4,,66.18534,,,,A,,0,,1,
DATAFLOW,OECD.SDD.TPS:DSD_LFS@DF_IALFS_EMP_WAP_Q(1.0),,I,COL,,EMP_WAP,,PT_WAP_SUB,,_Z,,Y,,_T,,Y15T64,,_Z,,Q,,2012-Q1,,66.31088,,,,A,,0,,1,
DATAFLOW,OECD.SDD.TPS:DSD_LFS@DF_IALFS_EMP_WAP_Q(1.0),,I,COL,,EMP_WAP,,PT_WAP_SUB,,_Z,,Y,,_T,,Y15T64,,_Z,,Q,,2012-Q2,,66.17995,,,,A,,0,,1,
DATAFLOW,OECD.SDD.TPS:DSD_LFS@DF_IALFS_EMP_WAP_Q(1.0),,I,COL,,EMP_WAP,,PT_WAP_SUB,,_Z,,Y,,_T,,Y15T64,,_Z,,Q,,2012-Q3,,65.79684,,,,A,,0,,1,
DATAFLOW,OECD.SDD.TPS:DSD_LFS@DF_IALFS_EMP_WAP_Q(1.0),,I,COL,,EMP_WAP,,PT_WAP_SUB,,_Z,,Y,,_T,,Y15T64,,_Z,,Q,,2012-Q4,,65.78372,,,,A,,0,,1,
DATAFLOW,OECD.SDD.TPS:DSD_LFS@DF_IALFS_EMP_WAP_Q(1.0),,I,COL,,EMP_WAP,,PT_WAP_SUB,,_Z,,Y,,_T,,Y15T64,,_Z,,Q,,2013-Q1,,65.6313,,,,A,,0,,1,
DATAFLOW,OECD.SDD.TPS:DSD_LFS@DF_IALFS_EMP_WAP_Q(1.0),,I,COL,,EMP_WAP,,PT_WAP_SUB,,_Z,,Y,,_T,,Y15T64,,_Z,,Q,,2013-Q2,,66.08984,,,,A,,0,,1,
DATAFLOW,OECD.SDD.TPS:DSD_LFS@DF_IALFS_EMP_WAP_Q(1.0),,I,COL,,EMP_WAP,,PT_WAP_SUB,,_Z,,Y,,_T,,Y15T64,,_Z,,Q,,2013-Q3,,66.6319,,,,A,,0,,1,
DATAFLOW,OECD.SDD.TPS:DSD_LFS@DF_IALFS_EMP_WAP_Q(1.0),,I,COL,,EMP_WAP,,PT_WAP_SUB,,_Z,,Y,,_T,,Y15T64,,_Z,,Q,,2013-Q4,,66.51547,,,,A,,0,,1,
DATAFLOW,OECD.SDD.TPS:DSD_LFS@DF_IALFS_EMP_WAP_Q(1.0),,I,COL,,EMP_WAP,,PT_WAP_SUB,,_Z,,Y,,_T,,Y15T64,,_Z,,Q,,2014-Q1,,66.37901,,,,A,,0,,1,
DATAFLOW,OECD.SDD.TPS:DSD_LFS@DF_IALFS_EMP_WAP_Q(1.0),,I,COL,,EMP_WAP,,PT_WAP_SUB,,_Z,,Y,,_T,,Y15T64,,_Z,,Q,,2014-Q2,,66.61732,,,,A,,0,,1,
DATAFLOW,OECD.SDD.TPS:DSD_LFS@DF_IALFS_EMP_WAP_Q(1.0),,I,COL,,EMP_WAP,,PT_WAP_SUB,,_Z,,Y,,_T,,Y15T64,,_Z,,Q,,2014-Q3,,66.87522,,,,A,,0,,1,
DATAFLOW,OECD.SDD.TPS:DSD_LFS@DF_IALFS_EMP_WAP_Q(1.0),,I,COL,,EMP_WAP,,PT_WAP_SUB,,_Z,,Y,,_T,,Y15T64,,_Z,,Q,,2014-Q4,,66.97434,,,,A,,0,,1,
DATAFLOW,OECD.SDD.TPS:DSD_LFS@DF_IALFS_EMP_WAP_Q(1.0),,I,COL,,EMP_WAP,,PT_WAP_SUB,,_Z,,Y,,_T,,Y15T64,,_Z,,Q,,2015-Q1,,67.08421,,,,A,,0,,1,
DATAFLOW,OECD.SDD.TPS:DSD_LFS@DF_IALFS_EMP_WAP_Q(1.0),,I,COL,,EMP_WAP,,PT_WAP_SUB,,_Z,,Y,,_T,,Y15T64,,_Z,,Q,,2015-Q2,,67.29327,,,,A,,0,,1,
DATAFLOW,OECD.SDD.TPS:DSD_LFS@DF_IALFS_EMP_WAP_Q(1.0),,I,COL,,EMP_WAP,,PT_WAP_SUB,,_Z,,Y,,_T,,Y15T64,,_Z,,Q,,2015-Q3,,67.32774,,,,A,,0,,1,
DATAFLOW,OECD.SDD.TPS:DSD_LFS@DF_IALFS_EMP_WAP_Q(1.0),,I,COL,,EMP_WAP,,PT_WAP_SUB,,_Z,,Y,,_T,,Y15T64,,_Z,,Q,,2015-Q4,,67.84879,,,,A,,0,,1,
DATAFLOW,OECD.SDD.TPS:DSD_LFS@DF_IALFS_EMP_WAP_Q(1.0),,I,COL,,EMP_WAP,,PT_WAP_SUB,,_Z,,Y,,_T,,Y15T64,,_Z,,Q,,2016-Q1,,66.89723,,,,A,,0,,1,
DATAFLOW,OECD.SDD.TPS:DSD_LFS@DF_IALFS_EMP_WAP_Q(1.0),,I,COL,,EMP_WAP,,PT_WAP_SUB,,_Z,,Y,,_T,,Y15T64,,_Z,,Q,,2016-Q2,,67.19525,,,,A,,0,,1,
DATAFLOW,OECD.SDD.TPS:DSD_LFS@DF_IALFS_EMP_WAP_Q(1.0),,I,COL,,EMP_WAP,,PT_WAP_SUB,,_Z,,Y,,_T,,Y15T64,,_Z,,Q,,2016-Q3,,66.79508,,,,A,,0,,1,
DATAFLOW,OECD.SDD.TPS:DSD_LFS@DF_IALFS_EMP_WAP_Q(1.0),,I,COL,,EMP_WAP,,PT_WAP_SUB,,_Z,,Y,,_T,,Y15T64,,_Z,,Q,,2016-Q4,,67.25774,,,,A,,0,,1,
DATAFLOW,OECD.SDD.TPS:DSD_LFS@DF_IALFS_EMP_WAP_Q(1.0),,I,COL,,EMP_WAP,,PT_WAP_SUB,,_Z,,Y,,_T,,Y15T64,,_Z,,Q,,2017-Q1,,66.90865,,,,A,,0,,1,
DATAFLOW,OECD.SDD.TPS:DSD_LFS@DF_IALFS_EMP_WAP_Q(1.0),,I,COL,,EMP_WAP,,PT_WAP_SUB,,_Z,,Y,,_T,,Y15T64,,_Z,,Q,,2017-Q2,,67.36697,,,,A,,0,,1,
DATAFLOW,OECD.SDD.TPS:DSD_LFS@DF_IALFS_EMP_WAP_Q(1.0),,I,COL,,EMP_WAP,,PT_WAP_SUB,,_Z,,Y,,_T,,Y15T64,,_Z,,Q,,2017-Q3,,66.81828,,,,A,,0,,1,
DATAFLOW,OECD.SDD.TPS:DSD_LFS@DF_IALFS_EMP_WAP_Q(1.0),,I,COL,,EMP_WAP,,PT_WAP_SUB,,_Z,,Y,,_T,,Y15T64,,_Z,,Q,,2017-Q4,,66.65661,,,,A,,0,,1,
DATAFLOW,OECD.SDD.TPS:DSD_LFS@DF_IALFS_EMP_WAP_Q(1.0),,I,COL,,EMP_WAP,,PT_WAP_SUB,,_Z,,Y,,_T,,Y15T64,,_Z,,Q,,2018-Q1,,66.22418,,,,A,,0,,1,
DATAFLOW,OECD.SDD.TPS:DSD_LFS@DF_IALFS_EMP_WAP_Q(1.0),,I,COL,,EMP_WAP,,PT_WAP_SUB,,_Z,,Y,,_T,,Y15T64,,_Z,,Q,,2018-Q2,,66.82153,,,,A,,0,,1,
DATAFLOW,OECD.SDD.TPS:DSD_LFS@DF_IALFS_EMP_WAP_Q(1.0),,I,COL,,EMP_WAP,,PT_WAP_SUB,,_Z,,Y,,_T,,Y15T64,,_Z,,Q,,2018-Q3,,66.80005,,,,A,,0,,1,
DATAFLOW,OECD.SDD.TPS:DSD_LFS@DF_IALFS_EMP_WAP_Q(1.0),,I,COL,,EMP_WAP,,PT_WAP_SUB,,_Z,,Y,,_T,,Y15T64,,_Z,,Q,,2018-Q4,,65.97907,,,,A,,0,,1,
DATAFLOW,OECD.SDD.TPS:DSD_LFS@DF_IALFS_EMP_WAP_Q(1.0),,I,COL,,EMP_WAP,,PT_WAP_SUB,,_Z,,Y,,_T,,Y15T64,,_Z,,Q,,2019-Q1,,65.78978,,,,A,,0,,1,
DATAFLOW,OECD.SDD.TPS:DSD_LFS@DF_IALFS_EMP_WAP_Q(1.0),,I,COL,,EMP_WAP,,PT_WAP_SUB,,_Z,,Y,,_T,,Y15T64,,_Z,,Q,,2019-Q2,,65.3782,,,,A,,0,,1,
DATAFLOW,OECD.SDD.TPS:DSD_LFS@DF_IALFS_EMP_WAP_Q(1.0),,I,COL,,EMP_WAP,,PT_WAP_SUB,,_Z,,Y,,_T,,Y15T64,,_Z,,Q,,2019-Q3,,64.94501,,,,A,,0,,1,
DATAFLOW,OECD.SDD.TPS:DSD_LFS@DF_IALFS_EMP_WAP_Q(1.0),,I,COL,,EMP_WAP,,PT_WAP_SUB,,_Z,,Y,,_T,,Y15T64,,_Z,,Q,,2019-Q4,,65.37503,,,,A,,0,,1,
DATAFLOW,OECD.SDD.TPS:DSD_LFS@DF_IALFS_EMP_WAP_Q(1.0),,I,COL,,EMP_WAP,,PT_WAP_SUB,,_Z,,Y,,_T,,Y15T64,,_Z,,Q,,2020-Q1,,63.43805,,,,A,,0,,1,
DATAFLOW,OECD.SDD.TPS:DSD_LFS@DF_IALFS_EMP_WAP_Q(1.0),,I,COL,,EMP_WAP,,PT_WAP_SUB,,_Z,,Y,,_T,,Y15T64,,_Z,,Q,,2020-Q2,,51.03273,,,,A,,0,,1,
DATAFLOW,OECD.SDD.TPS:DSD_LFS@DF_IALFS_EMP_WAP_Q(1.0),,I,COL,,EMP_WAP,,PT_WAP_SUB,,_Z,,Y,,_T,,Y15T64,,_Z,,Q,,2020-Q3,,56.39408,,,,A,,0,,1,
DATAFLOW,OECD.SDD.TPS:DSD_LFS@DF_IALFS_EMP_WAP_Q(1.0),,I,COL,,EMP_WAP,,PT_WAP_SUB,,_Z,,Y,,_T,,Y15T64,,_Z,,Q,,2020-Q4,,60.45179,,,,A,,0,,1,
DATAFLOW,OECD.SDD.TPS:DSD_LFS@DF_IALFS_EMP_WAP_Q(1.0),,I,COL,,EMP_WAP,,PT_WAP_SUB,,_Z,,Y,,_T,,Y15T64,,_Z,,Q,,2021-Q1,,57.53911,,,,A,,0,,1,
DATAFLOW,OECD.SDD.TPS:DSD_LFS@DF_IALFS_EMP_WAP_Q(1.0),,I,COL,,EMP_WAP,,PT_WAP_SUB,,_Z,,Y,,_T,,Y15T64,,_Z,,Q,,2021-Q2,,56.63967,,,,A,,0,,1,
DATAFLOW,OECD.SDD.TPS:DSD_LFS@DF_IALFS_EMP_WAP_Q(1.0),,I,COL,,EMP_WAP,,PT_WAP_SUB,,_Z,,Y,,_T,,Y15T64,,_Z,,Q,,2021-Q3,,58.24817,,,,A,,0,,1,
DATAFLOW,OECD.SDD.TPS:DSD_LFS@DF_IALFS_EMP_WAP_Q(1.0),,I,COL,,EMP_WAP,,PT_WAP_SUB,,_Z,,Y,,_T,,Y15T64,,_Z,,Q,,2021-Q4,,58.97264,,,,A,,0,,1,
DATAFLOW,OECD.SDD.TPS:DSD_LFS@DF_IALFS_EMP_WAP_Q(1.0),,I,COL,,EMP_WAP,,PT_WAP_SUB,,_Z,,Y,,_T,,Y15T64,,_Z,,Q,,2022-Q1,,60.99506,,,,A,,0,,1,
DATAFLOW,OECD.SDD.TPS:DSD_LFS@DF_IALFS_EMP_WAP_Q(1.0),,I,COL,,EMP_WAP,,PT_WAP_SUB,,_Z,,Y,,_T,,Y15T64,,_Z,,Q,,2022-Q2,,61.58537,,,,A,,0,,1,
DATAFLOW,OECD.SDD.TPS:DSD_LFS@DF_IALFS_EMP_WAP_Q(1.0),,I,COL,,EMP_WAP,,PT_WAP_SUB,,_Z,,Y,,_T,,Y15T64,,_Z,,Q,,2022-Q3,,62.01464,,,,A,,0,,1,
DATAFLOW,OECD.SDD.TPS:DSD_LFS@DF_IALFS_EMP_WAP_Q(1.0),,I,COL,,EMP_WAP,,PT_WAP_SUB,,_Z,,Y,,_T,,Y15T64,,_Z,,Q,,2022-Q4,,61.78055,,,,A,,0,,1,
DATAFLOW,OECD.SDD.TPS:DSD_LFS@DF_IALFS_EMP_WAP_Q(1.0),,I,COL,,EMP_WAP,,PT_WAP_SUB,,_Z,,Y,,_T,,Y15T64,,_Z,,Q,,2023-Q1,,62.51133,,,,A,,0,,1,
DATAFLOW,OECD.SDD.TPS:DSD_LFS@DF_IALFS_EMP_WAP_Q(1.0),,I,COL,,EMP_WAP,,PT_WAP_SUB,,_Z,,Y,,_T,,Y15T64,,_Z,,Q,,2023-Q2,,63.16452,,,,A,,0,,1,
DATAFLOW,OECD.SDD.TPS:DSD_LFS@DF_IALFS_EMP_WAP_Q(1.0),,I,COL,,EMP_WAP,,PT_WAP_SUB,,_Z,,Y,,_T,,Y15T64,,_Z,,Q,,2023-Q3,,63.73769,,,,A,,0,,1,
DATAFLOW,OECD.SDD.TPS:DSD_LFS@DF_IALFS_EMP_WAP_Q(1.0),,I,COL,,EMP_WAP,,PT_WAP_SUB,,_Z,,Y,,_T,,Y15T64,,_Z,,Q,,2023-Q4,,62.47653,,,,A,,0,,1,
DATAFLOW,OECD.SDD.TPS:DSD_LFS@DF_IALFS_EMP_WAP_Q(1.0),,I,COL,,EMP_WAP,,PT_WAP_SUB,,_Z,,Y,,_T,,Y15T64,,_Z,,Q,,2024-Q1,,62.30454,,,,A,,0,,1,
DATAFLOW,OECD.SDD.TPS:DSD_LFS@DF_IALFS_EMP_WAP_Q(1.0),,I,COL,,EMP_WAP,,PT_WAP_SUB,,_Z,,Y,,_T,,Y15T64,,_Z,,Q,,2024-Q2,,62.78364,,,,A,,0,,1,
DATAFLOW,OECD.SDD.TPS:DSD_LFS@DF_IALFS_EMP_WAP_Q(1.0),,I,COL,,EMP_WAP,,PT_WAP_SUB,,_Z,,Y,,_T,,Y15T64,,_Z,,Q,,2024-Q3,,63.25697,,,,A,,0,,1,
DATAFLOW,OECD.SDD.TPS:DSD_LFS@DF_IALFS_EMP_WAP_Q(1.0),,I,COL,,EMP_WAP,,PT_WAP_SUB,,_Z,,Y,,_T,,Y15T64,,_Z,,Q,,2024-Q4,,63.07353,,,,A,,0,,1,
DATAFLOW,OECD.SDD.TPS:DSD_LFS@DF_IALFS_EMP_WAP_Q(1.0),,I,COL,,EMP_WAP,,PT_WAP_SUB,,_Z,,Y,,_T,,Y15T64,,_Z,,Q,,2025-Q1,,64.18197,,,,A,,0,,1,
DATAFLOW,OECD.SDD.TPS:DSD_LFS@DF_IALFS_EMP_WAP_Q(1.0),,I,COL,,EMP_WAP,,PT_WAP_SUB,,_Z,,Y,,_T,,Y15T64,,_Z,,Q,,2025-Q2,,64.03469,,,,A,,0,,1,
DATAFLOW,OECD.SDD.TPS:DSD_LFS@DF_IALFS_EMP_WAP_Q(1.0),,I,COL,,EMP_WAP,,PT_WAP_SUB,,_Z,,Y,,_T,,Y15T64,,_Z,,Q,,2025-Q3,,64.40151,,,,A,,0,,1,
DATAFLOW,OECD.SDD.TPS:DSD_LFS@DF_IALFS_EMP_WAP_Q(1.0),,I,COL,,EMP_WAP,,PT_WAP_SUB,,_Z,,Y,,_T,,Y15T64,,_Z,,Q,,2025-Q4,,64.76014,,,,A,,0,,1,
DATAFLOW,OECD.SDD.TPS:DSD_LFS@DF_IALFS_EMP_WAP_Q(1.0),,I,COL,,EMP_WAP,,PT_WAP_SUB,,_Z,,Y,,_T,,Y15T64,,_Z,,Q,,2026-Q1,,64.90118,,,,A,,0,,1,
DATAFLOW,OECD.SDD.TPS:DSD_LFS@DF_IALFS_EMP_WAP_Q(1.0),,I,COL,,EMP_WAP,,PT_WAP_SUB,,_Z,,Y,,_T,,Y15T64,,_Z,,Q,,2026-Q2,,65.53443,,,,A,,0,,1,
DATAFLOW,OECD.SDD.TPS:DSD_LFS@DF_IALFS_EMP_WAP_Q(1.0),,I,NZL,,EMP_WAP,,PT_WAP_SUB,,_Z,,Y,,_T,,Y15T64,,_Z,,Q,,1986-Q1,,72.46175,,,,A,,0,,1,
DATAFLOW,OECD.SDD.TPS:DSD_LFS@DF_IALFS_EMP_WAP_Q(1.0),,I,NZL,,EMP_WAP,,PT_WAP_SUB,,_Z,,Y,,_T,,Y15T64,,_Z,,Q,,1986-Q2,,72.31364,,,,A,,0,,1,
DATAFLOW,OECD.SDD.TPS:DSD_LFS@DF_IALFS_EMP_WAP_Q(1.0),,I,NZL,,EMP_WAP,,PT_WAP_SUB,,_Z,,Y,,_T,,Y15T64,,_Z,,Q,,1986-Q3,,72.11913,,,,A,,0,,1,
DATAFLOW,OECD.SDD.TPS:DSD_LFS@DF_IALFS_EMP_WAP_Q(1.0),,I,NZL,,EMP_WAP,,PT_WAP_SUB,,_Z,,Y,,_T,,Y15T64,,_Z,,Q,,1986-Q4,,71.72416,,,,A,,0,,1,
DATAFLOW,OECD.SDD.TPS:DSD_LFS@DF_IALFS_EMP_WAP_Q(1.0),,I,NZL,,EMP_WAP,,PT_WAP_SUB,,_Z,,Y,,_T,,Y15T64,,_Z,,Q,,1987-Q1,,72.21136,,,,A,,0,,1,
DATAFLOW,OECD.SDD.TPS:DSD_LFS@DF_IALFS_EMP_WAP_Q(1.0),,I,NZL,,EMP_WAP,,PT_WAP_SUB,,_Z,,Y,,_T,,Y15T64,,_Z,,Q,,1987-Q2,,72.1075,,,,A,,0,,1,
DATAFLOW,OECD.SDD.TPS:DSD_LFS@DF_IALFS_EMP_WAP_Q(1.0),,I,NZL,,EMP_WAP,,PT_WAP_SUB,,_Z,,Y,,_T,,Y15T64,,_Z,,Q,,1987-Q3,,72.00129,,,,A,,0,,1,
DATAFLOW,OECD.SDD.TPS:DSD_LFS@DF_IALFS_EMP_WAP_Q(1.0),,I,NZL,,EMP_WAP,,PT_WAP_SUB,,_Z,,Y,,_T,,Y15T64,,_Z,,Q,,1987-Q4,,71.61128,,,,A,,0,,1,
DATAFLOW,OECD.SDD.TPS:DSD_LFS@DF_IALFS_EMP_WAP_Q(1.0),,I,NZL,,EMP_WAP,,PT_WAP_SUB,,_Z,,Y,,_T,,Y15T64,,_Z,,Q,,1988-Q2,,69.93111,,,,A,,0,,1,
DATAFLOW,OECD.SDD.TPS:DSD_LFS@DF_IALFS_EMP_WAP_Q(1.0),,I,NZL,,EMP_WAP,,PT_WAP_SUB,,_Z,,Y,,_T,,Y15T64,,_Z,,Q,,1988-Q3,,68.71097,,,,A,,0,,1,
DATAFLOW,OECD.SDD.TPS:DSD_LFS@DF_IALFS_EMP_WAP_Q(1.0),,I,NZL,,EMP_WAP,,PT_WAP_SUB,,_Z,,Y,,_T,,Y15T64,,_Z,,Q,,1988-Q4,,68.57828,,,,A,,0,,1,
DATAFLOW,OECD.SDD.TPS:DSD_LFS@DF_IALFS_EMP_WAP_Q(1.0),,I,NZL,,EMP_WAP,,PT_WAP_SUB,,_Z,,Y,,_T,,Y15T64,,_Z,,Q,,1989-Q1,,67.68737,,,,A,,0,,1,
DATAFLOW,OECD.SDD.TPS:DSD_LFS@DF_IALFS_EMP_WAP_Q(1.0),,I,NZL,,EMP_WAP,,PT_WAP_SUB,,_Z,,Y,,_T,,Y15T64,,_Z,,Q,,1989-Q2,,66.95876,,,,A,,0,,1,
DATAFLOW,OECD.SDD.TPS:DSD_LFS@DF_IALFS_EMP_WAP_Q(1.0),,I,NZL,,EMP_WAP,,PT_WAP_SUB,,_Z,,Y,,_T,,Y15T64,,_Z,,Q,,1989-Q3,,66.95836,,,,A,,0,,1,
DATAFLOW,OECD.SDD.TPS:DSD_LFS@DF_IALFS_EMP_WAP_Q(1.0),,I,NZL,,EMP_WAP,,PT_WAP_SUB,,_Z,,Y,,_T,,Y15T64,,_Z,,Q,,1989-Q4,,67.06127,,,,A,,0,,1,
DATAFLOW,OECD.SDD.TPS:DSD_LFS@DF_IALFS_EMP_WAP_Q(1.0),,I,NZL,,EMP_WAP,,PT_WAP_SUB,,_Z,,Y,,_T,,Y15T64,,_Z,,Q,,1990-Q1,,67.30518,,,,A,,0,,1,
DATAFLOW,OECD.SDD.TPS:DSD_LFS@DF_IALFS_EMP_WAP_Q(1.0),,I,NZL,,EMP_WAP,,PT_WAP_SUB,,_Z,,Y,,_T,,Y15T64,,_Z,,Q,,1990-Q2,,67.63934,,,,A,,0,,1,
DATAFLOW,OECD.SDD.TPS:DSD_LFS@DF_IALFS_EMP_WAP_Q(1.0),,I,NZL,,EMP_WAP,,PT_WAP_SUB,,_Z,,Y,,_T,,Y15T64,,_Z,,Q,,1990-Q3,,66.96192,,,,A,,0,,1,
DATAFLOW,OECD.SDD.TPS:DSD_LFS@DF_IALFS_EMP_WAP_Q(1.0),,I,NZL,,EMP_WAP,,PT_WAP_SUB,,_Z,,Y,,_T,,Y15T64,,_Z,,Q,,1990-Q4,,66.50524,,,,A,,0,,1,
DATAFLOW,OECD.SDD.TPS:DSD_LFS@DF_IALFS_EMP_WAP_Q(1.0),,I,NZL,,EMP_WAP,,PT_WAP_SUB,,_Z,,Y,,_T,,Y15T64,,_Z,,Q,,1991-Q1,,65.98469,,,,A,,0,,1,
DATAFLOW,OECD.SDD.TPS:DSD_LFS@DF_IALFS_EMP_WAP_Q(1.0),,I,NZL,,EMP_WAP,,PT_WAP_SUB,,_Z,,Y,,_T,,Y15T64,,_Z,,Q,,1991-Q2,,65.58282,,,,A,,0,,1,
DATAFLOW,OECD.SDD.TPS:DSD_LFS@DF_IALFS_EMP_WAP_Q(1.0),,I,NZL,,EMP_WAP,,PT_WAP_SUB,,_Z,,Y,,_T,,Y15T64,,_Z,,Q,,1991-Q3,,64.93023,,,,A,,0,,1,
DATAFLOW,OECD.SDD.TPS:DSD_LFS@DF_IALFS_EMP_WAP_Q(1.0),,I,NZL,,EMP_WAP,,PT_WAP_SUB,,_Z,,Y,,_T,,Y15T64,,_Z,,Q,,1991-Q4,,64.57013,,,,A,,0,,1,
DATAFLOW,OECD.SDD.TPS:DSD_LFS@DF_IALFS_EMP_WAP_Q(1.0),,I,NZL,,EMP_WAP,,PT_WAP_SUB,,_Z,,Y,,_T,,Y15T64,,_Z,,Q,,1992-Q1,,64.92635,,,,A,,0,,1,
DATAFLOW,OECD.SDD.TPS:DSD_LFS@DF_IALFS_EMP_WAP_Q(1.0),,I,NZL,,EMP_WAP,,PT_WAP_SUB,,_Z,,Y,,_T,,Y15T64,,_Z,,Q,,1992-Q2,,65.26711,,,,A,,0,,1,
DATAFLOW,OECD.SDD.TPS:DSD_LFS@DF_IALFS_EMP_WAP_Q(1.0),,I,NZL,,EMP_WAP,,PT_WAP_SUB,,_Z,,Y,,_T,,Y15T64,,_Z,,Q,,1992-Q3,,64.67752,,,,A,,0,,1,
DATAFLOW,OECD.SDD.TPS:DSD_LFS@DF_IALFS_EMP_WAP_Q(1.0),,I,NZL,,EMP_WAP,,PT_WAP_SUB,,_Z,,Y,,_T,,Y15T64,,_Z,,Q,,1992-Q4,,64.85795,,,,A,,0,,1,
DATAFLOW,OECD.SDD.TPS:DSD_LFS@DF_IALFS_EMP_WAP_Q(1.0),,I,NZL,,EMP_WAP,,PT_WAP_SUB,,_Z,,Y,,_T,,Y15T64,,_Z,,Q,,1993-Q1,,65.15411,,,,A,,0,,1,
DATAFLOW,OECD.SDD.TPS:DSD_LFS@DF_IALFS_EMP_WAP_Q(1.0),,I,NZL,,EMP_WAP,,PT_WAP_SUB,,_Z,,Y,,_T,,Y15T64,,_Z,,Q,,1993-Q2,,65.44189,,,,A,,0,,1,
DATAFLOW,OECD.SDD.TPS:DSD_LFS@DF_IALFS_EMP_WAP_Q(1.0),,I,NZL,,EMP_WAP,,PT_WAP_SUB,,_Z,,Y,,_T,,Y15T64,,_Z,,Q,,1993-Q3,,65.81503,,,,A,,0,,1,
DATAFLOW,OECD.SDD.TPS:DSD_LFS@DF_IALFS_EMP_WAP_Q(1.0),,I,NZL,,EMP_WAP,,PT_WAP_SUB,,_Z,,Y,,_T,,Y15T64,,_Z,,Q,,1993-Q4,,66.09193,,,,A,,0,,1,
DATAFLOW,OECD.SDD.TPS:DSD_LFS@DF_IALFS_EMP_WAP_Q(1.0),,I,NZL,,EMP_WAP,,PT_WAP_SUB,,_Z,,Y,,_T,,Y15T64,,_Z,,Q,,1994-Q1,,66.6024,,,,A,,0,,1,
DATAFLOW,OECD.SDD.TPS:DSD_LFS@DF_IALFS_EMP_WAP_Q(1.0),,I,NZL,,EMP_WAP,,PT_WAP_SUB,,_Z,,Y,,_T,,Y15T64,,_Z,,Q,,1994-Q2,,67.27046,,,,A,,0,,1,
DATAFLOW,OECD.SDD.TPS:DSD_LFS@DF_IALFS_EMP_WAP_Q(1.0),,I,NZL,,EMP_WAP,,PT_WAP_SUB,,_Z,,Y,,_T,,Y15T64,,_Z,,Q,,1994-Q3,,67.77583,,,,A,,0,,1,
DATAFLOW,OECD.SDD.TPS:DSD_LFS@DF_IALFS_EMP_WAP_Q(1.0),,I,NZL,,EMP_WAP,,PT_WAP_SUB,,_Z,,Y,,_T,,Y15T64,,_Z,,Q,,1994-Q4,,68.33813,,,,A,,0,,1,
DATAFLOW,OECD.SDD.TPS:DSD_LFS@DF_IALFS_EMP_WAP_Q(1.0),,I,NZL,,EMP_WAP,,PT_WAP_SUB,,_Z,,Y,,_T,,Y15T64,,_Z,,Q,,1995-Q1,,68.94763,,,,A,,0,,1,
DATAFLOW,OECD.SDD.TPS:DSD_LFS@DF_IALFS_EMP_WAP_Q(1.0),,I,NZL,,EMP_WAP,,PT_WAP_SUB,,_Z,,Y,,_T,,Y15T64,,_Z,,Q,,1995-Q2,,69.61015,,,,A,,0,,1,
DATAFLOW,OECD.SDD.TPS:DSD_LFS@DF_IALFS_EMP_WAP_Q(1.0),,I,NZL,,EMP_WAP,,PT_WAP_SUB,,_Z,,Y,,_T,,Y15T64,,_Z,,Q,,1995-Q3,,70.00589,,,,A,,0,,1,
DATAFLOW,OECD.SDD.TPS:DSD_LFS@DF_IALFS_EMP_WAP_Q(1.0),,I,NZL,,EMP_WAP,,PT_WAP_SUB,,_Z,,Y,,_T,,Y15T64,,_Z,,Q,,1995-Q4,,70.06278,,,,A,,0,,1,
DATAFLOW,OECD.SDD.TPS:DSD_LFS@DF_IALFS_EMP_WAP_Q(1.0),,I,NZL,,EMP_WAP,,PT_WAP_SUB,,_Z,,Y,,_T,,Y15T64,,_Z,,Q,,1996-Q1,,70.29417,,,,A,,0,,1,
DATAFLOW,OECD.SDD.TPS:DSD_LFS@DF_IALFS_EMP_WAP_Q(1.0),,I,NZL,,EMP_WAP,,PT_WAP_SUB,,_Z,,Y,,_T,,Y15T64,,_Z,,Q,,1996-Q2,,70.78256,,,,A,,0,,1,
DATAFLOW,OECD.SDD.TPS:DSD_LFS@DF_IALFS_EMP_WAP_Q(1.0),,I,NZL,,EMP_WAP,,PT_WAP_SUB,,_Z,,Y,,_T,,Y15T64,,_Z,,Q,,1996-Q3,,71.06485,,,,A,,0,,1,
DATAFLOW,OECD.SDD.TPS:DSD_LFS@DF_IALFS_EMP_WAP_Q(1.0),,I,NZL,,EMP_WAP,,PT_WAP_SUB,,_Z,,Y,,_T,,Y15T64,,_Z,,Q,,1996-Q4,,70.29974,,,,A,,0,,1,
DATAFLOW,OECD.SDD.TPS:DSD_LFS@DF_IALFS_EMP_WAP_Q(1.0),,I,NZL,,EMP_WAP,,PT_WAP_SUB,,_Z,,Y,,_T,,Y15T64,,_Z,,Q,,1997-Q1,,70.17921,,,,A,,0,,1,
DATAFLOW,OECD.SDD.TPS:DSD_LFS@DF_IALFS_EMP_WAP_Q(1.0),,I,NZL,,EMP_WAP,,PT_WAP_SUB,,_Z,,Y,,_T,,Y15T64,,_Z,,Q,,1997-Q2,,70.24149,,,,A,,0,,1,
DATAFLOW,OECD.SDD.TPS:DSD_LFS@DF_IALFS_EMP_WAP_Q(1.0),,I,NZL,,EMP_WAP,,PT_WAP_SUB,,_Z,,Y,,_T,,Y15T64,,_Z,,Q,,1997-Q3,,70.17494,,,,A,,0,,1,
DATAFLOW,OECD.SDD.TPS:DSD_LFS@DF_IALFS_EMP_WAP_Q(1.0),,I,NZL,,EMP_WAP,,PT_WAP_SUB,,_Z,,Y,,_T,,Y15T64,,_Z,,Q,,1997-Q4,,69.906,,,,A,,0,,1,
DATAFLOW,OECD.SDD.TPS:DSD_LFS@DF_IALFS_EMP_WAP_Q(1.0),,I,NZL,,EMP_WAP,,PT_WAP_SUB,,_Z,,Y,,_T,,Y15T64,,_Z,,Q,,1998-Q1,,69.6353,,,,A,,0,,1,
DATAFLOW,OECD.SDD.TPS:DSD_LFS@DF_IALFS_EMP_WAP_Q(1.0),,I,NZL,,EMP_WAP,,PT_WAP_SUB,,_Z,,Y,,_T,,Y15T64,,_Z,,Q,,1998-Q2,,69.01729,,,,A,,0,,1,
DATAFLOW,OECD.SDD.TPS:DSD_LFS@DF_IALFS_EMP_WAP_Q(1.0),,I,NZL,,EMP_WAP,,PT_WAP_SUB,,_Z,,Y,,_T,,Y15T64,,_Z,,Q,,1998-Q4,,68.64507,,,,A,,0,,1,
DATAFLOW,OECD.SDD.TPS:DSD_LFS@DF_IALFS_EMP_WAP_Q(1.0),,I,NZL,,EMP_WAP,,PT_WAP_SUB,,_Z,,Y,,_T,,Y15T64,,_Z,,Q,,1999-Q1,,69.24365,,,,A,,0,,1,
DATAFLOW,OECD.SDD.TPS:DSD_LFS@DF_IALFS_EMP_WAP_Q(1.0),,I,NZL,,EMP_WAP,,PT_WAP_SUB,,_Z,,Y,,_T,,Y15T64,,_Z,,Q,,1999-Q2,,69.1905,,,,A,,0,,1,
DATAFLOW,OECD.SDD.TPS:DSD_LFS@DF_IALFS_EMP_WAP_Q(1.0),,I,NZL,,EMP_WAP,,PT_WAP_SUB,,_Z,,Y,,_T,,Y15T64,,_Z,,Q,,1999-Q3,,69.57233,,,,A,,0,,1,
DATAFLOW,OECD.SDD.TPS:DSD_LFS@DF_IALFS_EMP_WAP_Q(1.0),,I,NZL,,EMP_WAP,,PT_WAP_SUB,,_Z,,Y,,_T,,Y15T64,,_Z,,Q,,1999-Q4,,70.21179,,,,A,,0,,1,
DATAFLOW,OECD.SDD.TPS:DSD_LFS@DF_IALFS_EMP_WAP_Q(1.0),,I,NZL,,EMP_WAP,,PT_WAP_SUB,,_Z,,Y,,_T,,Y15T64,,_Z,,Q,,2000-Q1,,69.99883,,,,A,,0,,1,
DATAFLOW,OECD.SDD.TPS:DSD_LFS@DF_IALFS_EMP_WAP_Q(1.0),,I,NZL,,EMP_WAP,,PT_WAP_SUB,,_Z,,Y,,_T,,Y15T64,,_Z,,Q,,2000-Q2,,69.67876,,,,A,,0,,1,
DATAFLOW,OECD.SDD.TPS:DSD_LFS@DF_IALFS_EMP_WAP_Q(1.0),,I,NZL,,EMP_WAP,,PT_WAP_SUB,,_Z,,Y,,_T,,Y15T64,,_Z,,Q,,2000-Q3,,70.60112,,,,A,,0,,1,
DATAFLOW,OECD.SDD.TPS:DSD_LFS@DF_IALFS_EMP_WAP_Q(1.0),,I,NZL,,EMP_WAP,,PT_WAP_SUB,,_Z,,Y,,_T,,Y15T64,,_Z,,Q,,2000-Q4,,71.05111,,,,A,,0,,1,
DATAFLOW,OECD.SDD.TPS:DSD_LFS@DF_IALFS_EMP_WAP_Q(1.0),,I,NZL,,EMP_WAP,,PT_WAP_SUB,,_Z,,Y,,_T,,Y15T64,,_Z,,Q,,2001-Q1,,71.02192,,,,A,,0,,1,
DATAFLOW,OECD.SDD.TPS:DSD_LFS@DF_IALFS_EMP_WAP_Q(1.0),,I,NZL,,EMP_WAP,,PT_WAP_SUB,,_Z,,Y,,_T,,Y15T64,,_Z,,Q,,2001-Q2,,71.23925,,,,A,,0,,1,
DATAFLOW,OECD.SDD.TPS:DSD_LFS@DF_IALFS_EMP_WAP_Q(1.0),,I,NZL,,EMP_WAP,,PT_WAP_SUB,,_Z,,Y,,_T,,Y15T64,,_Z,,Q,,2001-Q3,,71.35856,,,,A,,0,,1,
DATAFLOW,OECD.SDD.TPS:DSD_LFS@DF_IALFS_EMP_WAP_Q(1.0),,I,NZL,,EMP_WAP,,PT_WAP_SUB,,_Z,,Y,,_T,,Y15T64,,_Z,,Q,,2001-Q4,,71.89185,,,,A,,0,,1,
DATAFLOW,OECD.SDD.TPS:DSD_LFS@DF_IALFS_EMP_WAP_Q(1.0),,I,NZL,,EMP_WAP,,PT_WAP_SUB,,_Z,,Y,,_T,,Y15T64,,_Z,,Q,,2002-Q1,,72.33044,,,,A,,0,,1,
DATAFLOW,OECD.SDD.TPS:DSD_LFS@DF_IALFS_EMP_WAP_Q(1.0),,I,NZL,,EMP_WAP,,PT_WAP_SUB,,_Z,,Y,,_T,,Y15T64,,_Z,,Q,,2002-Q2,,72.05344,,,,A,,0,,1,
DATAFLOW,OECD.SDD.TPS:DSD_LFS@DF_IALFS_EMP_WAP_Q(1.0),,I,NZL,,EMP_WAP,,PT_WAP_SUB,,_Z,,Y,,_T,,Y15T64,,_Z,,Q,,2002-Q3,,71.90812,,,,A,,0,,1,
DATAFLOW,OECD.SDD.TPS:DSD_LFS@DF_IALFS_EMP_WAP_Q(1.0),,I,NZL,,EMP_WAP,,PT_WAP_SUB,,_Z,,Y,,_T,,Y15T64,,_Z,,Q,,2002-Q4,,72.09615,,,,A,,0,,1,
DATAFLOW,OECD.SDD.TPS:DSD_LFS@DF_IALFS_EMP_WAP_Q(1.0),,I,NZL,,EMP_WAP,,PT_WAP_SUB,,_Z,,Y,,_T,,Y15T64,,_Z,,Q,,2003-Q1,,71.83469,,,,A,,0,,1,
DATAFLOW,OECD.SDD.TPS:DSD_LFS@DF_IALFS_EMP_WAP_Q(1.0),,I,NZL,,EMP_WAP,,PT_WAP_SUB,,_Z,,Y,,_T,,Y15T64,,_Z,,Q,,2003-Q2,,71.84373,,,,A,,0,,1,
DATAFLOW,OECD.SDD.TPS:DSD_LFS@DF_IALFS_EMP_WAP_Q(1.0),,I,NZL,,EMP_WAP,,PT_WAP_SUB,,_Z,,Y,,_T,,Y15T64,,_Z,,Q,,2003-Q3,,72.59939,,,,A,,0,,1,
DATAFLOW,OECD.SDD.TPS:DSD_LFS@DF_IALFS_EMP_WAP_Q(1.0),,I,NZL,,EMP_WAP,,PT_WAP_SUB,,_Z,,Y,,_T,,Y15T64,,_Z,,Q,,2003-Q4,,72.35583,,,,A,,0,,1,
DATAFLOW,OECD.SDD.TPS:DSD_LFS@DF_IALFS_EMP_WAP_Q(1.0),,I,NZL,,EMP_WAP,,PT_WAP_SUB,,_Z,,Y,,_T,,Y15T64,,_Z,,Q,,2004-Q1,,72.50607,,,,A,,0,,1,
DATAFLOW,OECD.SDD.TPS:DSD_LFS@DF_IALFS_EMP_WAP_Q(1.0),,I,NZL,,EMP_WAP,,PT_WAP_SUB,,_Z,,Y,,_T,,Y15T64,,_Z,,Q,,2004-Q2,,72.61852,,,,A,,0,,1,
DATAFLOW,OECD.SDD.TPS:DSD_LFS@DF_IALFS_EMP_WAP_Q(1.0),,I,NZL,,EMP_WAP,,PT_WAP_SUB,,_Z,,Y,,_T,,Y15T64,,_Z,,Q,,2004-Q3,,73.29737,,,,A,,0,,1,
DATAFLOW,OECD.SDD.TPS:DSD_LFS@DF_IALFS_EMP_WAP_Q(1.0),,I,NZL,,EMP_WAP,,PT_WAP_SUB,,_Z,,Y,,_T,,Y15T64,,_Z,,Q,,2004-Q4,,74.25702,,,,A,,0,,1,
DATAFLOW,OECD.SDD.TPS:DSD_LFS@DF_IALFS_EMP_WAP_Q(1.0),,I,NZL,,EMP_WAP,,PT_WAP_SUB,,_Z,,Y,,_T,,Y15T64,,_Z,,Q,,2005-Q1,,73.70898,,,,A,,0,,1,
DATAFLOW,OECD.SDD.TPS:DSD_LFS@DF_IALFS_EMP_WAP_Q(1.0),,I,NZL,,EMP_WAP,,PT_WAP_SUB,,_Z,,Y,,_T,,Y15T64,,_Z,,Q,,2005-Q2,,73.78462,,,,A,,0,,1,
DATAFLOW,OECD.SDD.TPS:DSD_LFS@DF_IALFS_EMP_WAP_Q(1.0),,I,NZL,,EMP_WAP,,PT_WAP_SUB,,_Z,,Y,,_T,,Y15T64,,_Z,,Q,,2005-Q3,,74.63223,,,,A,,0,,1,
DATAFLOW,OECD.SDD.TPS:DSD_LFS@DF_IALFS_EMP_WAP_Q(1.0),,I,NZL,,EMP_WAP,,PT_WAP_SUB,,_Z,,Y,,_T,,Y15T64,,_Z,,Q,,2005-Q4,,74.7513,,,,A,,0,,1,
DATAFLOW,OECD.SDD.TPS:DSD_LFS@DF_IALFS_EMP_WAP_Q(1.0),,I,NZL,,EMP_WAP,,PT_WAP_SUB,,_Z,,Y,,_T,,Y15T64,,_Z,,Q,,2006-Q1,,74.77174,,,,A,,0,,1,
DATAFLOW,OECD.SDD.TPS:DSD_LFS@DF_IALFS_EMP_WAP_Q(1.0),,I,NZL,,EMP_WAP,,PT_WAP_SUB,,_Z,,Y,,_T,,Y15T64,,_Z,,Q,,2006-Q2,,75.1073,,,,A,,0,,1,
DATAFLOW,OECD.SDD.TPS:DSD_LFS@DF_IALFS_EMP_WAP_Q(1.0),,I,NZL,,EMP_WAP,,PT_WAP_SUB,,_Z,,Y,,_T,,Y15T64,,_Z,,Q,,2006-Q3,,74.73493,,,,A,,0,,1,
DATAFLOW,OECD.SDD.TPS:DSD_LFS@DF_IALFS_EMP_WAP_Q(1.0),,I,NZL,,EMP_WAP,,PT_WAP_SUB,,_Z,,Y,,_T,,Y15T64,,_Z,,Q,,2006-Q4,,74.44582,,,,A,,0,,1,
DATAFLOW,OECD.SDD.TPS:DSD_LFS@DF_IALFS_EMP_WAP_Q(1.0),,I,NZL,,EMP_WAP,,PT_WAP_SUB,,_Z,,Y,,_T,,Y15T64,,_Z,,Q,,2007-Q1,,74.95494,,,,A,,0,,1,
DATAFLOW,OECD.SDD.TPS:DSD_LFS@DF_IALFS_EMP_WAP_Q(1.0),,I,NZL,,EMP_WAP,,PT_WAP_SUB,,_Z,,Y,,_T,,Y15T64,,_Z,,Q,,2007-Q2,,75.1854,,,,A,,0,,1,
DATAFLOW,OECD.SDD.TPS:DSD_LFS@DF_IALFS_EMP_WAP_Q(1.0),,I,NZL,,EMP_WAP,,PT_WAP_SUB,,_Z,,Y,,_T,,Y15T64,,_Z,,Q,,2007-Q3,,74.94512,,,,A,,0,,1,
DATAFLOW,OECD.SDD.TPS:DSD_LFS@DF_IALFS_EMP_WAP_Q(1.0),,I,NZL,,EMP_WAP,,PT_WAP_SUB,,_Z,,Y,,_T,,Y15T64,,_Z,,Q,,2007-Q4,,75.33026,,,,A,,0,,1,
DATAFLOW,OECD.SDD.TPS:DSD_LFS@DF_IALFS_EMP_WAP_Q(1.0),,I,NZL,,EMP_WAP,,PT_WAP_SUB,,_Z,,Y,,_T,,Y15T64,,_Z,,Q,,2008-Q1,,73.77884,,,,A,,0,,1,
DATAFLOW,OECD.SDD.TPS:DSD_LFS@DF_IALFS_EMP_WAP_Q(1.0),,I,NZL,,EMP_WAP,,PT_WAP_SUB,,_Z,,Y,,_T,,Y15T64,,_Z,,Q,,2008-Q2,,74.94081,,,,A,,0,,1,
DATAFLOW,OECD.SDD.TPS:DSD_LFS@DF_IALFS_EMP_WAP_Q(1.0),,I,NZL,,EMP_WAP,,PT_WAP_SUB,,_Z,,Y,,_T,,Y15T64,,_Z,,Q,,2008-Q3,,74.72609,,,,A,,0,,1,
DATAFLOW,OECD.SDD.TPS:DSD_LFS@DF_IALFS_EMP_WAP_Q(1.0),,I,NZL,,EMP_WAP,,PT_WAP_SUB,,_Z,,Y,,_T,,Y15T64,,_Z,,Q,,2008-Q4,,74.74629,,,,A,,0,,1,
DATAFLOW,OECD.SDD.TPS:DSD_LFS@DF_IALFS_EMP_WAP_Q(1.0),,I,NZL,,EMP_WAP,,PT_WAP_SUB,,_Z,,Y,,_T,,Y15T64,,_Z,,Q,,2009-Q1,,73.30866,,,,A,,0,,1,
DATAFLOW,OECD.SDD.TPS:DSD_LFS@DF_IALFS_EMP_WAP_Q(1.0),,I,NZL,,EMP_WAP,,PT_WAP_SUB,,_Z,,Y,,_T,,Y15T64,,_Z,,Q,,2009-Q2,,73.22594,,,,A,,0,,1,
DATAFLOW,OECD.SDD.TPS:DSD_LFS@DF_IALFS_EMP_WAP_Q(1.0),,I,NZL,,EMP_WAP,,PT_WAP_SUB,,_Z,,Y,,_T,,Y15T64,,_Z,,Q,,2009-Q3,,72.22734,,,,A,,0,,1,
DATAFLOW,OECD.SDD.TPS:DSD_LFS@DF_IALFS_EMP_WAP_Q(1.0),,I,NZL,,EMP_WAP,,PT_WAP_SUB,,_Z,,Y,,_T,,Y15T64,,_Z,,Q,,2009-Q4,,72.14974,,,,A,,0,,1,
DATAFLOW,OECD.SDD.TPS:DSD_LFS@DF_IALFS_EMP_WAP_Q(1.0),,I,NZL,,EMP_WAP,,PT_WAP_SUB,,_Z,,Y,,_T,,Y15T64,,_Z,,Q,,2010-Q1,,72.20692,,,,A,,0,,1,
DATAFLOW,OECD.SDD.TPS:DSD_LFS@DF_IALFS_EMP_WAP_Q(1.0),,I,NZL,,EMP_WAP,,PT_WAP_SUB,,_Z,,Y,,_T,,Y15T64,,_Z,,Q,,2010-Q2,,72.0093,,,,A,,0,,1,
DATAFLOW,OECD.SDD.TPS:DSD_LFS@DF_IALFS_EMP_WAP_Q(1.0),,I,NZL,,EMP_WAP,,PT_WAP_SUB,,_Z,,Y,,_T,,Y15T64,,_Z,,Q,,2010-Q3,,72.27219,,,,A,,0,,1,
DATAFLOW,OECD.SDD.TPS:DSD_LFS@DF_IALFS_EMP_WAP_Q(1.0),,I,NZL,,EMP_WAP,,PT_WAP_SUB,,_Z,,Y,,_T,,Y15T64,,_Z,,Q,,2010-Q4,,71.95978,,,,A,,0,,1,
DATAFLOW,OECD.SDD.TPS:DSD_LFS@DF_IALFS_EMP_WAP_Q(1.0),,I,NZL,,EMP_WAP,,PT_WAP_SUB,,_Z,,Y,,_T,,Y15T64,,_Z,,Q,,2011-Q1,,72.45182,,,,A,,0,,1,
DATAFLOW,OECD.SDD.TPS:DSD_LFS@DF_IALFS_EMP_WAP_Q(1.0),,I,NZL,,EMP_WAP,,PT_WAP_SUB,,_Z,,Y,,_T,,Y15T64,,_Z,,Q,,2011-Q2,,72.45762,,,,A,,0,,1,
DATAFLOW,OECD.SDD.TPS:DSD_LFS@DF_IALFS_EMP_WAP_Q(1.0),,I,NZL,,EMP_WAP,,PT_WAP_SUB,,_Z,,Y,,_T,,Y15T64,,_Z,,Q,,2011-Q3,,72.35121,,,,A,,0,,1,
DATAFLOW,OECD.SDD.TPS:DSD_LFS@DF_IALFS_EMP_WAP_Q(1.0),,I,NZL,,EMP_WAP,,PT_WAP_SUB,,_Z,,Y,,_T,,Y15T64,,_Z,,Q,,2011-Q4,,72.35738,,,,A,,0,,1,
DATAFLOW,OECD.SDD.TPS:DSD_LFS@DF_IALFS_EMP_WAP_Q(1.0),,I,NZL,,EMP_WAP,,PT_WAP_SUB,,_Z,,Y,,_T,,Y15T64,,_Z,,Q,,2012-Q1,,72.4944,,,,A,,0,,1,
DATAFLOW,OECD.SDD.TPS:DSD_LFS@DF_IALFS_EMP_WAP_Q(1.0),,I,NZL,,EMP_WAP,,PT_WAP_SUB,,_Z,,Y,,_T,,Y15T64,,_Z,,Q,,2012-Q2,,72.27422,,,,A,,0,,1,
DATAFLOW,OECD.SDD.TPS:DSD_LFS@DF_IALFS_EMP_WAP_Q(1.0),,I,NZL,,EMP_WAP,,PT_WAP_SUB,,_Z,,Y,,_T,,Y15T64,,_Z,,Q,,2012-Q3,,71.76672,,,,A,,0,,1,
DATAFLOW,OECD.SDD.TPS:DSD_LFS@DF_IALFS_EMP_WAP_Q(1.0),,I,NZL,,EMP_WAP,,PT_WAP_SUB,,_Z,,Y,,_T,,Y15T64,,_Z,,Q,,2012-Q4,,70.88873,,,,A,,0,,1,
DATAFLOW,OECD.SDD.TPS:DSD_LFS@DF_IALFS_EMP_WAP_Q(1.0),,I,NZL,,EMP_WAP,,PT_WAP_SUB,,_Z,,Y,,_T,,Y15T64,,_Z,,Q,,2013-Q1,,72.11832,,,,A,,0,,1,
DATAFLOW,OECD.SDD.TPS:DSD_LFS@DF_IALFS_EMP_WAP_Q(1.0),,I,NZL,,EMP_WAP,,PT_WAP_SUB,,_Z,,Y,,_T,,Y15T64,,_Z,,Q,,2013-Q2,,72.37337,,,,A,,0,,1,
DATAFLOW,OECD.SDD.TPS:DSD_LFS@DF_IALFS_EMP_WAP_Q(1.0),,I,NZL,,EMP_WAP,,PT_WAP_SUB,,_Z,,Y,,_T,,Y15T64,,_Z,,Q,,2013-Q3,,72.92296,,,,A,,0,,1,
DATAFLOW,OECD.SDD.TPS:DSD_LFS@DF_IALFS_EMP_WAP_Q(1.0),,I,NZL,,EMP_WAP,,PT_WAP_SUB,,_Z,,Y,,_T,,Y15T64,,_Z,,Q,,2013-Q4,,73.46278,,,,A,,0,,1,
DATAFLOW,OECD.SDD.TPS:DSD_LFS@DF_IALFS_EMP_WAP_Q(1.0),,I,NZL,,EMP_WAP,,PT_WAP_SUB,,_Z,,Y,,_T,,Y15T64,,_Z,,Q,,2014-Q1,,73.97276,,,,A,,0,,1,
DATAFLOW,OECD.SDD.TPS:DSD_LFS@DF_IALFS_EMP_WAP_Q(1.0),,I,NZL,,EMP_WAP,,PT_WAP_SUB,,_Z,,Y,,_T,,Y15T64,,_Z,,Q,,2014-Q2,,73.94224,,,,A,,0,,1,
DATAFLOW,OECD.SDD.TPS:DSD_LFS@DF_IALFS_EMP_WAP_Q(1.0),,I,NZL,,EMP_WAP,,PT_WAP_SUB,,_Z,,Y,,_T,,Y15T64,,_Z,,Q,,2014-Q3,,74.07677,,,,A,,0,,1,
DATAFLOW,OECD.SDD.TPS:DSD_LFS@DF_IALFS_EMP_WAP_Q(1.0),,I,NZL,,EMP_WAP,,PT_WAP_SUB,,_Z,,Y,,_T,,Y15T64,,_Z,,Q,,2014-Q4,,74.70274,,,,A,,0,,1,
DATAFLOW,OECD.SDD.TPS:DSD_LFS@DF_IALFS_EMP_WAP_Q(1.0),,I,NZL,,EMP_WAP,,PT_WAP_SUB,,_Z,,Y,,_T,,Y15T64,,_Z,,Q,,2015-Q1,,74.83327,,,,A,,0,,1,
DATAFLOW,OECD.SDD.TPS:DSD_LFS@DF_IALFS_EMP_WAP_Q(1.0),,I,NZL,,EMP_WAP,,PT_WAP_SUB,,_Z,,Y,,_T,,Y15T64,,_Z,,Q,,2015-Q2,,74.45532,,,,A,,0,,1,
DATAFLOW,OECD.SDD.TPS:DSD_LFS@DF_IALFS_EMP_WAP_Q(1.0),,I,NZL,,EMP_WAP,,PT_WAP_SUB,,_Z,,Y,,_T,,Y15T64,,_Z,,Q,,2015-Q3,,73.57786,,,,A,,0,,1,
DATAFLOW,OECD.SDD.TPS:DSD_LFS@DF_IALFS_EMP_WAP_Q(1.0),,I,NZL,,EMP_WAP,,PT_WAP_SUB,,_Z,,Y,,_T,,Y15T64,,_Z,,Q,,2015-Q4,,74.14363,,,,A,,0,,1,
DATAFLOW,OECD.SDD.TPS:DSD_LFS@DF_IALFS_EMP_WAP_Q(1.0),,I,NZL,,EMP_WAP,,PT_WAP_SUB,,_Z,,Y,,_T,,Y15T64,,_Z,,Q,,2016-Q1,,74.65065,,,,A,,0,,1,
DATAFLOW,OECD.SDD.TPS:DSD_LFS@DF_IALFS_EMP_WAP_Q(1.0),,I,NZL,,EMP_WAP,,PT_WAP_SUB,,_Z,,Y,,_T,,Y15T64,,_Z,,Q,,2016-Q2,,75.61887,,,,A,,0,,1,
DATAFLOW,OECD.SDD.TPS:DSD_LFS@DF_IALFS_EMP_WAP_Q(1.0),,I,NZL,,EMP_WAP,,PT_WAP_SUB,,_Z,,Y,,_T,,Y15T64,,_Z,,Q,,2016-Q3,,75.73566,,,,A,,0,,1,
DATAFLOW,OECD.SDD.TPS:DSD_LFS@DF_IALFS_EMP_WAP_Q(1.0),,I,NZL,,EMP_WAP,,PT_WAP_SUB,,_Z,,Y,,_T,,Y15T64,,_Z,,Q,,2016-Q4,,76.30421,,,,A,,0,,1,
DATAFLOW,OECD.SDD.TPS:DSD_LFS@DF_IALFS_EMP_WAP_Q(1.0),,I,NZL,,EMP_WAP,,PT_WAP_SUB,,_Z,,Y,,_T,,Y15T64,,_Z,,Q,,2017-Q1,,76.81462,,,,A,,0,,1,
DATAFLOW,OECD.SDD.TPS:DSD_LFS@DF_IALFS_EMP_WAP_Q(1.0),,I,NZL,,EMP_WAP,,PT_WAP_SUB,,_Z,,Y,,_T,,Y15T64,,_Z,,Q,,2017-Q2,,76.22395,,,,A,,0,,1,
DATAFLOW,OECD.SDD.TPS:DSD_LFS@DF_IALFS_EMP_WAP_Q(1.0),,I,NZL,,EMP_WAP,,PT_WAP_SUB,,_Z,,Y,,_T,,Y15T64,,_Z,,Q,,2017-Q3,,77.13001,,,,A,,0,,1,
DATAFLOW,OECD.SDD.TPS:DSD_LFS@DF_IALFS_EMP_WAP_Q(1.0),,I,NZL,,EMP_WAP,,PT_WAP_SUB,,_Z,,Y,,_T,,Y15T64,,_Z,,Q,,2017-Q4,,77.50144,,,,A,,0,,1,
DATAFLOW,OECD.SDD.TPS:DSD_LFS@DF_IALFS_EMP_WAP_Q(1.0),,I,NZL,,EMP_WAP,,PT_WAP_SUB,,_Z,,Y,,_T,,Y15T64,,_Z,,Q,,2018-Q1,,77.58222,,,,A,,0,,1,
DATAFLOW,OECD.SDD.TPS:DSD_LFS@DF_IALFS_EMP_WAP_Q(1.0),,I,NZL,,EMP_WAP,,PT_WAP_SUB,,_Z,,Y,,_T,,Y15T64,,_Z,,Q,,2018-Q2,,77.5638,,,,A,,0,,1,
DATAFLOW,OECD.SDD.TPS:DSD_LFS@DF_IALFS_EMP_WAP_Q(1.0),,I,NZL,,EMP_WAP,,PT_WAP_SUB,,_Z,,Y,,_T,,Y15T64,,_Z,,Q,,2018-Q3,,77.94174,,,,A,,0,,1,
DATAFLOW,OECD.SDD.TPS:DSD_LFS@DF_IALFS_EMP_WAP_Q(1.0),,I,NZL,,EMP_WAP,,PT_WAP_SUB,,_Z,,Y,,_T,,Y15T64,,_Z,,Q,,2018-Q4,,76.88263,,,,A,,0,,1,
DATAFLOW,OECD.SDD.TPS:DSD_LFS@DF_IALFS_EMP_WAP_Q(1.0),,I,NZL,,EMP_WAP,,PT_WAP_SUB,,_Z,,Y,,_T,,Y15T64,,_Z,,Q,,2019-Q1,,77.48905,,,,A,,0,,1,
DATAFLOW,OECD.SDD.TPS:DSD_LFS@DF_IALFS_EMP_WAP_Q(1.0),,I,NZL,,EMP_WAP,,PT_WAP_SUB,,_Z,,Y,,_T,,Y15T64,,_Z,,Q,,2019-Q2,,77.5748,,,,A,,0,,1,
DATAFLOW,OECD.SDD.TPS:DSD_LFS@DF_IALFS_EMP_WAP_Q(1.0),,I,NZL,,EMP_WAP,,PT_WAP_SUB,,_Z,,Y,,_T,,Y15T64,,_Z,,Q,,2019-Q3,,77.49616,,,,A,,0,,1,
DATAFLOW,OECD.SDD.TPS:DSD_LFS@DF_IALFS_EMP_WAP_Q(1.0),,I,NZL,,EMP_WAP,,PT_WAP_SUB,,_Z,,Y,,_T,,Y15T64,,_Z,,Q,,2019-Q4,,77.23566,,,,A,,0,,1,
DATAFLOW,OECD.SDD.TPS:DSD_LFS@DF_IALFS_EMP_WAP_Q(1.0),,I,NZL,,EMP_WAP,,PT_WAP_SUB,,_Z,,Y,,_T,,Y15T64,,_Z,,Q,,2020-Q1,,77.70253,,,,A,,0,,1,
DATAFLOW,OECD.SDD.TPS:DSD_LFS@DF_IALFS_EMP_WAP_Q(1.0),,I,NZL,,EMP_WAP,,PT_WAP_SUB,,_Z,,Y,,_T,,Y15T64,,_Z,,Q,,2020-Q2,,76.79701,,,,A,,0,,1,
DATAFLOW,OECD.SDD.TPS:DSD_LFS@DF_IALFS_EMP_WAP_Q(1.0),,I,NZL,,EMP_WAP,,PT_WAP_SUB,,_Z,,Y,,_T,,Y15T64,,_Z,,Q,,2020-Q3,,76.09912,,,,A,,0,,1,
DATAFLOW,OECD.SDD.TPS:DSD_LFS@DF_IALFS_EMP_WAP_Q(1.0),,I,NZL,,EMP_WAP,,PT_WAP_SUB,,_Z,,Y,,_T,,Y15T64,,_Z,,Q,,2020-Q4,,76.42864,,,,A,,0,,1,
DATAFLOW,OECD.SDD.TPS:DSD_LFS@DF_IALFS_EMP_WAP_Q(1.0),,I,NZL,,EMP_WAP,,PT_WAP_SUB,,_Z,,Y,,_T,,Y15T64,,_Z,,Q,,2021-Q1,,77.11259,,,,A,,0,,1,
DATAFLOW,OECD.SDD.TPS:DSD_LFS@DF_IALFS_EMP_WAP_Q(1.0),,I,NZL,,EMP_WAP,,PT_WAP_SUB,,_Z,,Y,,_T,,Y15T64,,_Z,,Q,,2021-Q2,,77.77016,,,,A,,0,,1,
DATAFLOW,OECD.SDD.TPS:DSD_LFS@DF_IALFS_EMP_WAP_Q(1.0),,I,NZL,,EMP_WAP,,PT_WAP_SUB,,_Z,,Y,,_T,,Y15T64,,_Z,,Q,,2021-Q3,,79.07472,,,,A,,0,,1,
DATAFLOW,OECD.SDD.TPS:DSD_LFS@DF_IALFS_EMP_WAP_Q(1.0),,I,NZL,,EMP_WAP,,PT_WAP_SUB,,_Z,,Y,,_T,,Y15T64,,_Z,,Q,,2021-Q4,,79.15732,,,,A,,0,,1,
DATAFLOW,OECD.SDD.TPS:DSD_LFS@DF_IALFS_EMP_WAP_Q(1.0),,I,NZL,,EMP_WAP,,PT_WAP_SUB,,_Z,,Y,,_T,,Y15T64,,_Z,,Q,,2022-Q1,,79.06921,,,,A,,0,,1,
DATAFLOW,OECD.SDD.TPS:DSD_LFS@DF_IALFS_EMP_WAP_Q(1.0),,I,NZL,,EMP_WAP,,PT_WAP_SUB,,_Z,,Y,,_T,,Y15T64,,_Z,,Q,,2022-Q2,,79.10365,,,,A,,0,,1,
DATAFLOW,OECD.SDD.TPS:DSD_LFS@DF_IALFS_EMP_WAP_Q(1.0),,I,NZL,,EMP_WAP,,PT_WAP_SUB,,_Z,,Y,,_T,,Y15T64,,_Z,,Q,,2022-Q3,,80.06654,,,,A,,0,,1,
DATAFLOW,OECD.SDD.TPS:DSD_LFS@DF_IALFS_EMP_WAP_Q(1.0),,I,NZL,,EMP_WAP,,PT_WAP_SUB,,_Z,,Y,,_T,,Y15T64,,_Z,,Q,,2022-Q4,,80.10938,,,,A,,0,,1,
DATAFLOW,OECD.SDD.TPS:DSD_LFS@DF_IALFS_EMP_WAP_Q(1.0),,I,NZL,,EMP_WAP,,PT_WAP_SUB,,_Z,,Y,,_T,,Y15T64,,_Z,,Q,,2023-Q1,,80.30295,,,,A,,0,,1,
DATAFLOW,OECD.SDD.TPS:DSD_LFS@DF_IALFS_EMP_WAP_Q(1.0),,I,NZL,,EMP_WAP,,PT_WAP_SUB,,_Z,,Y,,_T,,Y15T64,,_Z,,Q,,2023-Q2,,80.25645,,,,A,,0,,1,
DATAFLOW,OECD.SDD.TPS:DSD_LFS@DF_IALFS_EMP_WAP_Q(1.0),,I,NZL,,EMP_WAP,,PT_WAP_SUB,,_Z,,Y,,_T,,Y15T64,,_Z,,Q,,2023-Q3,,79.69839,,,,A,,0,,1,
DATAFLOW,OECD.SDD.TPS:DSD_LFS@DF_IALFS_EMP_WAP_Q(1.0),,I,NZL,,EMP_WAP,,PT_WAP_SUB,,_Z,,Y,,_T,,Y15T64,,_Z,,Q,,2023-Q4,,79.59664,,,,A,,0,,1,
DATAFLOW,OECD.SDD.TPS:DSD_LFS@DF_IALFS_EMP_WAP_Q(1.0),,I,NZL,,EMP_WAP,,PT_WAP_SUB,,_Z,,Y,,_T,,Y15T64,,_Z,,Q,,2024-Q1,,78.97461,,,,A,,0,,1,
DATAFLOW,OECD.SDD.TPS:DSD_LFS@DF_IALFS_EMP_WAP_Q(1.0),,I,NZL,,EMP_WAP,,PT_WAP_SUB,,_Z,,Y,,_T,,Y15T64,,_Z,,Q,,2024-Q2,,78.78323,,,,A,,0,,1,
DATAFLOW,OECD.SDD.TPS:DSD_LFS@DF_IALFS_EMP_WAP_Q(1.0),,I,NZL,,EMP_WAP,,PT_WAP_SUB,,_Z,,Y,,_T,,Y15T64,,_Z,,Q,,2024-Q3,,78.25227,,,,A,,0,,1,
DATAFLOW,OECD.SDD.TPS:DSD_LFS@DF_IALFS_EMP_WAP_Q(1.0),,I,NZL,,EMP_WAP,,PT_WAP_SUB,,_Z,,Y,,_T,,Y15T64,,_Z,,Q,,2024-Q4,,77.81378,,,,A,,0,,1,
DATAFLOW,OECD.SDD.TPS:DSD_LFS@DF_IALFS_EMP_WAP_Q(1.0),,I,NZL,,EMP_WAP,,PT_WAP_SUB,,_Z,,Y,,_T,,Y15T64,,_Z,,Q,,2025-Q1,,77.53424,,,,A,,0,,1,
DATAFLOW,OECD.SDD.TPS:DSD_LFS@DF_IALFS_EMP_WAP_Q(1.0),,I,NZL,,EMP_WAP,,PT_WAP_SUB,,_Z,,Y,,_T,,Y15T64,,_Z,,Q,,2025-Q2,,77.24334,,,,A,,0,,1,
DATAFLOW,OECD.SDD.TPS:DSD_LFS@DF_IALFS_EMP_WAP_Q(1.0),,I,NZL,,EMP_WAP,,PT_WAP_SUB,,_Z,,Y,,_T,,Y15T64,,_Z,,Q,,2025-Q3,,76.90469,,,,A,,0,,1,
DATAFLOW,OECD.SDD.TPS:DSD_LFS@DF_IALFS_EMP_WAP_Q(1.0),,I,NZL,,EMP_WAP,,PT_WAP_SUB,,_Z,,Y,,_T,,Y15T64,,_Z,,Q,,2025-Q4,,77.26791,,,,A,,0,,1,
DATAFLOW,OECD.SDD.TPS:DSD_LFS@DF_IALFS_EMP_WAP_Q(1.0),,I,NZL,,EMP_WAP,,PT_WAP_SUB,,_Z,,Y,,_T,,Y15T64,,_Z,,Q,,2026-Q1,,76.96479,,,,A,,0,,1,
DATAFLOW,OECD.SDD.TPS:DSD_LFS@DF_IALFS_EMP_WAP_Q(1.0),,I,NZL,,EMP_WAP,,PT_WAP_SUB,,_Z,,Y,,_T,,Y15T64,,_Z,,Q,,2026-Q2,,77.07593,,,,A,,0,,1,
DATAFLOW,OECD.SDD.TPS:DSD_LFS@DF_IALFS_EMP_WAP_Q(1.0),,I,CRI,,EMP_WAP,,PT_WAP_SUB,,_Z,,Y,,_T,,Y15T64,,_Z,,Q,,2026-Q2,,61.16597,,,,A,,0,,1,
DATAFLOW,OECD.SDD.TPS:DSD_LFS@DF_IALFS_EMP_WAP_Q(1.0),,I,USA,,EMP_WAP,,PT_WAP_SUB,,_Z,,Y,,_T,,Y15T64,,_Z,,Q,,1977-Q1,,64.72383,,,,A,,0,,1,
DATAFLOW,OECD.SDD.TPS:DSD_LFS@DF_IALFS_EMP_WAP_Q(1.0),,I,USA,,EMP_WAP,,PT_WAP_SUB,,_Z,,Y,,_T,,Y15T64,,_Z,,Q,,1977-Q2,,65.30047,,,,A,,0,,1,
DATAFLOW,OECD.SDD.TPS:DSD_LFS@DF_IALFS_EMP_WAP_Q(1.0),,I,USA,,EMP_WAP,,PT_WAP_SUB,,_Z,,Y,,_T,,Y15T64,,_Z,,Q,,1977-Q3,,65.5487,,,,A,,0,,1,
DATAFLOW,OECD.SDD.TPS:DSD_LFS@DF_IALFS_EMP_WAP_Q(1.0),,I,USA,,EMP_WAP,,PT_WAP_SUB,,_Z,,Y,,_T,,Y15T64,,_Z,,Q,,1977-Q4,,66.09977,,,,A,,0,,1,
DATAFLOW,OECD.SDD.TPS:DSD_LFS@DF_IALFS_EMP_WAP_Q(1.0),,I,USA,,EMP_WAP,,PT_WAP_SUB,,_Z,,Y,,_T,,Y15T64,,_Z,,Q,,1978-Q1,,66.47413,,,,A,,0,,1,
DATAFLOW,OECD.SDD.TPS:DSD_LFS@DF_IALFS_EMP_WAP_Q(1.0),,I,USA,,EMP_WAP,,PT_WAP_SUB,,_Z,,Y,,_T,,Y15T64,,_Z,,Q,,1978-Q2,,67.07536,,,,A,,0,,1,
DATAFLOW,OECD.SDD.TPS:DSD_LFS@DF_IALFS_EMP_WAP_Q(1.0),,I,USA,,EMP_WAP,,PT_WAP_SUB,,_Z,,Y,,_T,,Y15T64,,_Z,,Q,,1978-Q3,,67.25495,,,,A,,0,,1,
DATAFLOW,OECD.SDD.TPS:DSD_LFS@DF_IALFS_EMP_WAP_Q(1.0),,I,USA,,EMP_WAP,,PT_WAP_SUB,,_Z,,Y,,_T,,Y15T64,,_Z,,Q,,1978-Q4,,67.67269,,,,A,,0,,1,
DATAFLOW,OECD.SDD.TPS:DSD_LFS@DF_IALFS_EMP_WAP_Q(1.0),,I,USA,,EMP_WAP,,PT_WAP_SUB,,_Z,,Y,,_T,,Y15T64,,_Z,,Q,,1979-Q1,,67.87692,,,,A,,0,,1,
DATAFLOW,OECD.SDD.TPS:DSD_LFS@DF_IALFS_EMP_WAP_Q(1.0),,I,USA,,EMP_WAP,,PT_WAP_SUB,,_Z,,Y,,_T,,Y15T64,,_Z,,Q,,1979-Q2,,67.75188,,,,A,,0,,1,
DATAFLOW,OECD.SDD.TPS:DSD_LFS@DF_IALFS_EMP_WAP_Q(1.0),,I,USA,,EMP_WAP,,PT_WAP_SUB,,_Z,,Y,,_T,,Y15T64,,_Z,,Q,,1979-Q3,,67.97559,,,,A,,0,,1,
DATAFLOW,OECD.SDD.TPS:DSD_LFS@DF_IALFS_EMP_WAP_Q(1.0),,I,USA,,EMP_WAP,,PT_WAP_SUB,,_Z,,Y,,_T,,Y15T64,,_Z,,Q,,1979-Q4,,68.09451,,,,A,,0,,1,
DATAFLOW,OECD.SDD.TPS:DSD_LFS@DF_IALFS_EMP_WAP_Q(1.0),,I,USA,,EMP_WAP,,PT_WAP_SUB,,_Z,,Y,,_T,,Y15T64,,_Z,,Q,,1980-Q1,,67.89297,,,,A,,0,,1,
DATAFLOW,OECD.SDD.TPS:DSD_LFS@DF_IALFS_EMP_WAP_Q(1.0),,I,USA,,EMP_WAP,,PT_WAP_SUB,,_Z,,Y,,_T,,Y15T64,,_Z,,Q,,1980-Q2,,67.06379,,,,A,,0,,1,
DATAFLOW,OECD.SDD.TPS:DSD_LFS@DF_IALFS_EMP_WAP_Q(1.0),,I,USA,,EMP_WAP,,PT_WAP_SUB,,_Z,,Y,,_T,,Y15T64,,_Z,,Q,,1980-Q3,,66.77394,,,,A,,0,,1,
DATAFLOW,OECD.SDD.TPS:DSD_LFS@DF_IALFS_EMP_WAP_Q(1.0),,I,USA,,EMP_WAP,,PT_WAP_SUB,,_Z,,Y,,_T,,Y15T64,,_Z,,Q,,1980-Q4,,67.00285,,,,A,,0,,1,
DATAFLOW,OECD.SDD.TPS:DSD_LFS@DF_IALFS_EMP_WAP_Q(1.0),,I,USA,,EMP_WAP,,PT_WAP_SUB,,_Z,,Y,,_T,,Y15T64,,_Z,,Q,,1981-Q1,,67.30515,,,,A,,0,,1,
DATAFLOW,OECD.SDD.TPS:DSD_LFS@DF_IALFS_EMP_WAP_Q(1.0),,I,USA,,EMP_WAP,,PT_WAP_SUB,,_Z,,Y,,_T,,Y15T64,,_Z,,Q,,1981-Q2,,67.37114,,,,A,,0,,1,
DATAFLOW,OECD.SDD.TPS:DSD_LFS@DF_IALFS_EMP_WAP_Q(1.0),,I,USA,,EMP_WAP,,PT_WAP_SUB,,_Z,,Y,,_T,,Y15T64,,_Z,,Q,,1981-Q3,,67.03545,,,,A,,0,,1,
DATAFLOW,OECD.SDD.TPS:DSD_LFS@DF_IALFS_EMP_WAP_Q(1.0),,I,USA,,EMP_WAP,,PT_WAP_SUB,,_Z,,Y,,_T,,Y15T64,,_Z,,Q,,1981-Q4,,66.57244,,,,A,,0,,1,
DATAFLOW,OECD.SDD.TPS:DSD_LFS@DF_IALFS_EMP_WAP_Q(1.0),,I,USA,,EMP_WAP,,PT_WAP_SUB,,_Z,,Y,,_T,,Y15T64,,_Z,,Q,,1982-Q1,,66.24705,,,,A,,0,,1,
DATAFLOW,OECD.SDD.TPS:DSD_LFS@DF_IALFS_EMP_WAP_Q(1.0),,I,USA,,EMP_WAP,,PT_WAP_SUB,,_Z,,Y,,_T,,Y15T64,,_Z,,Q,,1982-Q2,,65.89706,,,,A,,0,,1,
DATAFLOW,OECD.SDD.TPS:DSD_LFS@DF_IALFS_EMP_WAP_Q(1.0),,I,USA,,EMP_WAP,,PT_WAP_SUB,,_Z,,Y,,_T,,Y15T64,,_Z,,Q,,1982-Q3,,65.67673,,,,A,,0,,1,
DATAFLOW,OECD.SDD.TPS:DSD_LFS@DF_IALFS_EMP_WAP_Q(1.0),,I,USA,,EMP_WAP,,PT_WAP_SUB,,_Z,,Y,,_T,,Y15T64,,_Z,,Q,,1982-Q4,,65.16872,,,,A,,0,,1,
DATAFLOW,OECD.SDD.TPS:DSD_LFS@DF_IALFS_EMP_WAP_Q(1.0),,I,USA,,EMP_WAP,,PT_WAP_SUB,,_Z,,Y,,_T,,Y15T64,,_Z,,Q,,1983-Q1,,65.2577,,,,A,,0,,1,
DATAFLOW,OECD.SDD.TPS:DSD_LFS@DF_IALFS_EMP_WAP_Q(1.0),,I,USA,,EMP_WAP,,PT_WAP_SUB,,_Z,,Y,,_T,,Y15T64,,_Z,,Q,,1983-Q2,,65.47728,,,,A,,0,,1,
DATAFLOW,OECD.SDD.TPS:DSD_LFS@DF_IALFS_EMP_WAP_Q(1.0),,I,USA,,EMP_WAP,,PT_WAP_SUB,,_Z,,Y,,_T,,Y15T64,,_Z,,Q,,1983-Q3,,66.44711,,,,A,,0,,1,
DATAFLOW,OECD.SDD.TPS:DSD_LFS@DF_IALFS_EMP_WAP_Q(1.0),,I,USA,,EMP_WAP,,PT_WAP_SUB,,_Z,,Y,,_T,,Y15T64,,_Z,,Q,,1983-Q4,,66.89529,,,,A,,0,,1,
DATAFLOW,OECD.SDD.TPS:DSD_LFS@DF_IALFS_EMP_WAP_Q(1.0),,I,USA,,EMP_WAP,,PT_WAP_SUB,,_Z,,Y,,_T,,Y15T64,,_Z,,Q,,1984-Q1,,67.48959,,,,A,,0,,1,
DATAFLOW,OECD.SDD.TPS:DSD_LFS@DF_IALFS_EMP_WAP_Q(1.0),,I,USA,,EMP_WAP,,PT_WAP_SUB,,_Z,,Y,,_T,,Y15T64,,_Z,,Q,,1984-Q2,,68.2431,,,,A,,0,,1,
DATAFLOW,OECD.SDD.TPS:DSD_LFS@DF_IALFS_EMP_WAP_Q(1.0),,I,USA,,EMP_WAP,,PT_WAP_SUB,,_Z,,Y,,_T,,Y15T64,,_Z,,Q,,1984-Q3,,68.33054,,,,A,,0,,1,
DATAFLOW,OECD.SDD.TPS:DSD_LFS@DF_IALFS_EMP_WAP_Q(1.0),,I,USA,,EMP_WAP,,PT_WAP_SUB,,_Z,,Y,,_T,,Y15T64,,_Z,,Q,,1984-Q4,,68.50243,,,,A,,0,,1,
DATAFLOW,OECD.SDD.TPS:DSD_LFS@DF_IALFS_EMP_WAP_Q(1.0),,I,USA,,EMP_WAP,,PT_WAP_SUB,,_Z,,Y,,_T,,Y15T64,,_Z,,Q,,1985-Q1,,68.85123,,,,A,,0,,1,
DATAFLOW,OECD.SDD.TPS:DSD_LFS@DF_IALFS_EMP_WAP_Q(1.0),,I,USA,,EMP_WAP,,PT_WAP_SUB,,_Z,,Y,,_T,,Y15T64,,_Z,,Q,,1985-Q2,,68.84763,,,,A,,0,,1,
DATAFLOW,OECD.SDD.TPS:DSD_LFS@DF_IALFS_EMP_WAP_Q(1.0),,I,USA,,EMP_WAP,,PT_WAP_SUB,,_Z,,Y,,_T,,Y15T64,,_Z,,Q,,1985-Q3,,69.00807,,,,A,,0,,1,
DATAFLOW,OECD.SDD.TPS:DSD_LFS@DF_IALFS_EMP_WAP_Q(1.0),,I,USA,,EMP_WAP,,PT_WAP_SUB,,_Z,,Y,,_T,,Y15T64,,_Z,,Q,,1985-Q4,,69.29747,,,,A,,0,,1,
DATAFLOW,OECD.SDD.TPS:DSD_LFS@DF_IALFS_EMP_WAP_Q(1.0),,I,USA,,EMP_WAP,,PT_WAP_SUB,,_Z,,Y,,_T,,Y15T64,,_Z,,Q,,1986-Q1,,69.37636,,,,A,,0,,1,
DATAFLOW,OECD.SDD.TPS:DSD_LFS@DF_IALFS_EMP_WAP_Q(1.0),,I,USA,,EMP_WAP,,PT_WAP_SUB,,_Z,,Y,,_T,,Y15T64,,_Z,,Q,,1986-Q2,,69.4992,,,,A,,0,,1,
DATAFLOW,OECD.SDD.TPS:DSD_LFS@DF_IALFS_EMP_WAP_Q(1.0),,I,USA,,EMP_WAP,,PT_WAP_SUB,,_Z,,Y,,_T,,Y15T64,,_Z,,Q,,1986-Q3,,69.84097,,,,A,,0,,1,
DATAFLOW,OECD.SDD.TPS:DSD_LFS@DF_IALFS_EMP_WAP_Q(1.0),,I,USA,,EMP_WAP,,PT_WAP_SUB,,_Z,,Y,,_T,,Y15T64,,_Z,,Q,,1986-Q4,,70.01239,,,,A,,0,,1,
DATAFLOW,OECD.SDD.TPS:DSD_LFS@DF_IALFS_EMP_WAP_Q(1.0),,I,USA,,EMP_WAP,,PT_WAP_SUB,,_Z,,Y,,_T,,Y15T64,,_Z,,Q,,1987-Q1,,70.25863,,,,A,,0,,1,
DATAFLOW,OECD.SDD.TPS:DSD_LFS@DF_IALFS_EMP_WAP_Q(1.0),,I,USA,,EMP_WAP,,PT_WAP_SUB,,_Z,,Y,,_T,,Y15T64,,_Z,,Q,,1987-Q3,,70.90448,,,,A,,0,,1,
DATAFLOW,OECD.SDD.TPS:DSD_LFS@DF_IALFS_EMP_WAP_Q(1.0),,I,USA,,EMP_WAP,,PT_WAP_SUB,,_Z,,Y,,_T,,Y15T64,,_Z,,Q,,1987-Q4,,71.188,,,,A,,0,,1,
DATAFLOW,OECD.SDD.TPS:DSD_LFS@DF_IALFS_EMP_WAP_Q(1.0),,I,USA,,EMP_WAP,,PT_WAP_SUB,,_Z,,Y,,_T,,Y15T64,,_Z,,Q,,1988-Q1,,71.32307,,,,A,,0,,1,
DATAFLOW,OECD.SDD.TPS:DSD_LFS@DF_IALFS_EMP_WAP_Q(1.0),,I,USA,,EMP_WAP,,PT_WAP_SUB,,_Z,,Y,,_T,,Y15T64,,_Z,,Q,,1988-Q2,,71.48392,,,,A,,0,,1,
DATAFLOW,OECD.SDD.TPS:DSD_LFS@DF_IALFS_EMP_WAP_Q(1.0),,I,USA,,EMP_WAP,,PT_WAP_SUB,,_Z,,Y,,_T,,Y15T64,,_Z,,Q,,1988-Q3,,71.76724,,,,A,,0,,1,
DATAFLOW,OECD.SDD.TPS:DSD_LFS@DF_IALFS_EMP_WAP_Q(1.0),,I,USA,,EMP_WAP,,PT_WAP_SUB,,_Z,,Y,,_T,,Y15T64,,_Z,,Q,,1988-Q4,,72.02773,,,,A,,0,,1,
DATAFLOW,OECD.SDD.TPS:DSD_LFS@DF_IALFS_EMP_WAP_Q(1.0),,I,USA,,EMP_WAP,,PT_WAP_SUB,,_Z,,Y,,_T,,Y15T64,,_Z,,Q,,1989-Q1,,72.32751,,,,A,,0,,1,
DATAFLOW,OECD.SDD.TPS:DSD_LFS@DF_IALFS_EMP_WAP_Q(1.0),,I,USA,,EMP_WAP,,PT_WAP_SUB,,_Z,,Y,,_T,,Y15T64,,_Z,,Q,,1989-Q2,,72.44554,,,,A,,0,,1,
DATAFLOW,OECD.SDD.TPS:DSD_LFS@DF_IALFS_EMP_WAP_Q(1.0),,I,USA,,EMP_WAP,,PT_WAP_SUB,,_Z,,Y,,_T,,Y15T64,,_Z,,Q,,1989-Q3,,72.59748,,,,A,,0,,1,
DATAFLOW,OECD.SDD.TPS:DSD_LFS@DF_IALFS_EMP_WAP_Q(1.0),,I,USA,,EMP_WAP,,PT_WAP_SUB,,_Z,,Y,,_T,,Y15T64,,_Z,,Q,,1989-Q4,,72.62408,,,,A,,0,,1,
DATAFLOW,OECD.SDD.TPS:DSD_LFS@DF_IALFS_EMP_WAP_Q(1.0),,I,USA,,EMP_WAP,,PT_WAP_SUB,,_Z,,Y,,_T,,Y15T64,,_Z,,Q,,1990-Q1,,72.48614,,,,A,,0,,1,
DATAFLOW,OECD.SDD.TPS:DSD_LFS@DF_IALFS_EMP_WAP_Q(1.0),,I,USA,,EMP_WAP,,PT_WAP_SUB,,_Z,,Y,,_T,,Y15T64,,_Z,,Q,,1990-Q2,,72.41841,,,,A,,0,,1,
DATAFLOW,OECD.SDD.TPS:DSD_LFS@DF_IALFS_EMP_WAP_Q(1.0),,I,USA,,EMP_WAP,,PT_WAP_SUB,,_Z,,Y,,_T,,Y15T64,,_Z,,Q,,1990-Q3,,72.12213,,,,A,,0,,1,
DATAFLOW,OECD.SDD.TPS:DSD_LFS@DF_IALFS_EMP_WAP_Q(1.0),,I,USA,,EMP_WAP,,PT_WAP_SUB,,_Z,,Y,,_T,,Y15T64,,_Z,,Q,,1990-Q4,,71.70645,,,,A,,0,,1,
DATAFLOW,OECD.SDD.TPS:DSD_LFS@DF_IALFS_EMP_WAP_Q(1.0),,I,USA,,EMP_WAP,,PT_WAP_SUB,,_Z,,Y,,_T,,Y15T64,,_Z,,Q,,1991-Q1,,71.19157,,,,A,,0,,1,
DATAFLOW,OECD.SDD.TPS:DSD_LFS@DF_IALFS_EMP_WAP_Q(1.0),,I,USA,,EMP_WAP,,PT_WAP_SUB,,_Z,,Y,,_T,,Y15T64,,_Z,,Q,,1991-Q2,,71.03866,,,,A,,0,,1,
DATAFLOW,OECD.SDD.TPS:DSD_LFS@DF_IALFS_EMP_WAP_Q(1.0),,I,USA,,EMP_WAP,,PT_WAP_SUB,,_Z,,Y,,_T,,Y15T64,,_Z,,Q,,1991-Q3,,70.91022,,,,A,,0,,1,
DATAFLOW,OECD.SDD.TPS:DSD_LFS@DF_IALFS_EMP_WAP_Q(1.0),,I,USA,,EMP_WAP,,PT_WAP_SUB,,_Z,,Y,,_T,,Y15T64,,_Z,,Q,,1991-Q4,,70.70499,,,,A,,0,,1,
DATAFLOW,OECD.SDD.TPS:DSD_LFS@DF_IALFS_EMP_WAP_Q(1.0),,I,USA,,EMP_WAP,,PT_WAP_SUB,,_Z,,Y,,_T,,Y15T64,,_Z,,Q,,1992-Q1,,70.71913,,,,A,,0,,1,
DATAFLOW,OECD.SDD.TPS:DSD_LFS@DF_IALFS_EMP_WAP_Q(1.0),,I,USA,,EMP_WAP,,PT_WAP_SUB,,_Z,,Y,,_T,,Y15T64,,_Z,,Q,,1992-Q2,,70.87726,,,,A,,0,,1,
DATAFLOW,OECD.SDD.TPS:DSD_LFS@DF_IALFS_EMP_WAP_Q(1.0),,I,USA,,EMP_WAP,,PT_WAP_SUB,,_Z,,Y,,_T,,Y15T64,,_Z,,Q,,1992-Q3,,70.94265,,,,A,,0,,1,
DATAFLOW,OECD.SDD.TPS:DSD_LFS@DF_IALFS_EMP_WAP_Q(1.0),,I,USA,,EMP_WAP,,PT_WAP_SUB,,_Z,,Y,,_T,,Y15T64,,_Z,,Q,,1992-Q4,,70.68797,,,,A,,0,,1,
DATAFLOW,OECD.SDD.TPS:DSD_LFS@DF_IALFS_EMP_WAP_Q(1.0),,I,USA,,EMP_WAP,,PT_WAP_SUB,,_Z,,Y,,_T,,Y15T64,,_Z,,Q,,1993-Q1,,70.93296,,,,A,,0,,1,
DATAFLOW,OECD.SDD.TPS:DSD_LFS@DF_IALFS_EMP_WAP_Q(1.0),,I,USA,,EMP_WAP,,PT_WAP_SUB,,_Z,,Y,,_T,,Y15T64,,_Z,,Q,,1993-Q2,,71.15818,,,,A,,0,,1,
DATAFLOW,OECD.SDD.TPS:DSD_LFS@DF_IALFS_EMP_WAP_Q(1.0),,I,USA,,EMP_WAP,,PT_WAP_SUB,,_Z,,Y,,_T,,Y15T64,,_Z,,Q,,1993-Q3,,71.31725,,,,A,,0,,1,
DATAFLOW,OECD.SDD.TPS:DSD_LFS@DF_IALFS_EMP_WAP_Q(1.0),,I,USA,,EMP_WAP,,PT_WAP_SUB,,_Z,,Y,,_T,,Y15T64,,_Z,,Q,,1993-Q4,,71.43089,,,,A,,0,,1,
DATAFLOW,OECD.SDD.TPS:DSD_LFS@DF_IALFS_EMP_WAP_Q(1.0),,I,USA,,EMP_WAP,,PT_WAP_SUB,,_Z,,Y,,_T,,Y15T64,,_Z,,Q,,1994-Q1,,71.58904,,,,A,,0,,1,
DATAFLOW,OECD.SDD.TPS:DSD_LFS@DF_IALFS_EMP_WAP_Q(1.0),,I,USA,,EMP_WAP,,PT_WAP_SUB,,_Z,,Y,,_T,,Y15T64,,_Z,,Q,,1994-Q2,,71.80219,,,,A,,0,,1,
DATAFLOW,OECD.SDD.TPS:DSD_LFS@DF_IALFS_EMP_WAP_Q(1.0),,I,USA,,EMP_WAP,,PT_WAP_SUB,,_Z,,Y,,_T,,Y15T64,,_Z,,Q,,1994-Q3,,72.05757,,,,A,,0,,1,
DATAFLOW,OECD.SDD.TPS:DSD_LFS@DF_IALFS_EMP_WAP_Q(1.0),,I,USA,,EMP_WAP,,PT_WAP_SUB,,_Z,,Y,,_T,,Y15T64,,_Z,,Q,,1994-Q4,,72.58108,,,,A,,0,,1,
DATAFLOW,OECD.SDD.TPS:DSD_LFS@DF_IALFS_EMP_WAP_Q(1.0),,I,USA,,EMP_WAP,,PT_WAP_SUB,,_Z,,Y,,_T,,Y15T64,,_Z,,Q,,1995-Q1,,72.66924,,,,A,,0,,1,
DATAFLOW,OECD.SDD.TPS:DSD_LFS@DF_IALFS_EMP_WAP_Q(1.0),,I,USA,,EMP_WAP,,PT_WAP_SUB,,_Z,,Y,,_T,,Y15T64,,_Z,,Q,,1995-Q2,,72.48235,,,,A,,0,,1,
DATAFLOW,OECD.SDD.TPS:DSD_LFS@DF_IALFS_EMP_WAP_Q(1.0),,I,USA,,EMP_WAP,,PT_WAP_SUB,,_Z,,Y,,_T,,Y15T64,,_Z,,Q,,1995-Q3,,72.50594,,,,A,,0,,1,
DATAFLOW,OECD.SDD.TPS:DSD_LFS@DF_IALFS_EMP_WAP_Q(1.0),,I,USA,,EMP_WAP,,PT_WAP_SUB,,_Z,,Y,,_T,,Y15T64,,_Z,,Q,,1995-Q4,,72.47028,,,,A,,0,,1,
DATAFLOW,OECD.SDD.TPS:DSD_LFS@DF_IALFS_EMP_WAP_Q(1.0),,I,USA,,EMP_WAP,,PT_WAP_SUB,,_Z,,Y,,_T,,Y15T64,,_Z,,Q,,1996-Q1,,72.48345,,,,A,,0,,1,
DATAFLOW,OECD.SDD.TPS:DSD_LFS@DF_IALFS_EMP_WAP_Q(1.0),,I,USA,,EMP_WAP,,PT_WAP_SUB,,_Z,,Y,,_T,,Y15T64,,_Z,,Q,,1996-Q2,,72.69987,,,,A,,0,,1,
DATAFLOW,OECD.SDD.TPS:DSD_LFS@DF_IALFS_EMP_WAP_Q(1.0),,I,USA,,EMP_WAP,,PT_WAP_SUB,,_Z,,Y,,_T,,Y15T64,,_Z,,Q,,1996-Q3,,73.07134,,,,A,,0,,1,
DATAFLOW,OECD.SDD.TPS:DSD_LFS@DF_IALFS_EMP_WAP_Q(1.0),,I,USA,,EMP_WAP,,PT_WAP_SUB,,_Z,,Y,,_T,,Y15T64,,_Z,,Q,,1996-Q4,,73.18629,,,,A,,0,,1,
DATAFLOW,OECD.SDD.TPS:DSD_LFS@DF_IALFS_EMP_WAP_Q(1.0),,I,USA,,EMP_WAP,,PT_WAP_SUB,,_Z,,Y,,_T,,Y15T64,,_Z,,Q,,1997-Q1,,73.15805,,,,A,,0,,1,
DATAFLOW,OECD.SDD.TPS:DSD_LFS@DF_IALFS_EMP_WAP_Q(1.0),,I,USA,,EMP_WAP,,PT_WAP_SUB,,_Z,,Y,,_T,,Y15T64,,_Z,,Q,,1997-Q2,,73.43933,,,,A,,0,,1,
DATAFLOW,OECD.SDD.TPS:DSD_LFS@DF_IALFS_EMP_WAP_Q(1.0),,I,USA,,EMP_WAP,,PT_WAP_SUB,,_Z,,Y,,_T,,Y15T64,,_Z,,Q,,1997-Q3,,73.69175,,,,A,,0,,1,
DATAFLOW,OECD.SDD.TPS:DSD_LFS@DF_IALFS_EMP_WAP_Q(1.0),,I,USA,,EMP_WAP,,PT_WAP_SUB,,_Z,,Y,,_T,,Y15T64,,_Z,,Q,,1997-Q4,,73.74036,,,,A,,0,,1,
DATAFLOW,OECD.SDD.TPS:DSD_LFS@DF_IALFS_EMP_WAP_Q(1.0),,I,USA,,EMP_WAP,,PT_WAP_SUB,,_Z,,Y,,_T,,Y15T64,,_Z,,Q,,1998-Q1,,73.76231,,,,A,,0,,1,
DATAFLOW,OECD.SDD.TPS:DSD_LFS@DF_IALFS_EMP_WAP_Q(1.0),,I,USA,,EMP_WAP,,PT_WAP_SUB,,_Z,,Y,,_T,,Y15T64,,_Z,,Q,,1998-Q2,,73.85234,,,,A,,0,,1,
DATAFLOW,OECD.SDD.TPS:DSD_LFS@DF_IALFS_EMP_WAP_Q(1.0),,I,USA,,EMP_WAP,,PT_WAP_SUB,,_Z,,Y,,_T,,Y15T64,,_Z,,Q,,1998-Q3,,73.81924,,,,A,,0,,1,
DATAFLOW,OECD.SDD.TPS:DSD_LFS@DF_IALFS_EMP_WAP_Q(1.0),,I,USA,,EMP_WAP,,PT_WAP_SUB,,_Z,,Y,,_T,,Y15T64,,_Z,,Q,,1998-Q4,,73.94773,,,,A,,0,,1,
DATAFLOW,OECD.SDD.TPS:DSD_LFS@DF_IALFS_EMP_WAP_Q(1.0),,I,USA,,EMP_WAP,,PT_WAP_SUB,,_Z,,Y,,_T,,Y15T64,,_Z,,Q,,1999-Q1,,73.99088,,,,A,,0,,1,
DATAFLOW,OECD.SDD.TPS:DSD_LFS@DF_IALFS_EMP_WAP_Q(1.0),,I,USA,,EMP_WAP,,PT_WAP_SUB,,_Z,,Y,,_T,,Y15T64,,_Z,,Q,,1999-Q2,,73.89854,,,,A,,0,,1,
DATAFLOW,OECD.SDD.TPS:DSD_LFS@DF_IALFS_EMP_WAP_Q(1.0),,I,USA,,EMP_WAP,,PT_WAP_SUB,,_Z,,Y,,_T,,Y15T64,,_Z,,Q,,1999-Q3,,73.86788,,,,A,,0,,1,
DATAFLOW,OECD.SDD.TPS:DSD_LFS@DF_IALFS_EMP_WAP_Q(1.0),,I,USA,,EMP_WAP,,PT_WAP_SUB,,_Z,,Y,,_T,,Y15T64,,_Z,,Q,,1999-Q4,,74.02969,,,,A,,0,,1,
DATAFLOW,OECD.SDD.TPS:DSD_LFS@DF_IALFS_EMP_WAP_Q(1.0),,I,USA,,EMP_WAP,,PT_WAP_SUB,,_Z,,Y,,_T,,Y15T64,,_Z,,Q,,2000-Q1,,74.26647,,,,A,,0,,1,
DATAFLOW,OECD.SDD.TPS:DSD_LFS@DF_IALFS_EMP_WAP_Q(1.0),,I,USA,,EMP_WAP,,PT_WAP_SUB,,_Z,,Y,,_T,,Y15T64,,_Z,,Q,,2000-Q2,,74.2675,,,,A,,0,,1,
DATAFLOW,OECD.SDD.TPS:DSD_LFS@DF_IALFS_EMP_WAP_Q(1.0),,I,USA,,EMP_WAP,,PT_WAP_SUB,,_Z,,Y,,_T,,Y15T64,,_Z,,Q,,2000-Q3,,73.8539,,,,A,,0,,1,
DATAFLOW,OECD.SDD.TPS:DSD_LFS@DF_IALFS_EMP_WAP_Q(1.0),,I,USA,,EMP_WAP,,PT_WAP_SUB,,_Z,,Y,,_T,,Y15T64,,_Z,,Q,,2000-Q4,,73.97801,,,,A,,0,,1,
DATAFLOW,OECD.SDD.TPS:DSD_LFS@DF_IALFS_EMP_WAP_Q(1.0),,I,USA,,EMP_WAP,,PT_WAP_SUB,,_Z,,Y,,_T,,Y15T64,,_Z,,Q,,2001-Q1,,73.92824,,,,A,,0,,1,
DATAFLOW,OECD.SDD.TPS:DSD_LFS@DF_IALFS_EMP_WAP_Q(1.0),,I,USA,,EMP_WAP,,PT_WAP_SUB,,_Z,,Y,,_T,,Y15T64,,_Z,,Q,,2001-Q2,,73.36472,,,,A,,0,,1,
DATAFLOW,OECD.SDD.TPS:DSD_LFS@DF_IALFS_EMP_WAP_Q(1.0),,I,USA,,EMP_WAP,,PT_WAP_SUB,,_Z,,Y,,_T,,Y15T64,,_Z,,Q,,2001-Q3,,72.83088,,,,A,,0,,1,
DATAFLOW,OECD.SDD.TPS:DSD_LFS@DF_IALFS_EMP_WAP_Q(1.0),,I,USA,,EMP_WAP,,PT_WAP_SUB,,_Z,,Y,,_T,,Y15T64,,_Z,,Q,,2002-Q1,,72.1638,,,,A,,0,,1,
DATAFLOW,OECD.SDD.TPS:DSD_LFS@DF_IALFS_EMP_WAP_Q(1.0),,I,USA,,EMP_WAP,,PT_WAP_SUB,,_Z,,Y,,_T,,Y15T64,,_Z,,Q,,2002-Q3,,71.90278,,,,A,,0,,1,
DATAFLOW,OECD.SDD.TPS:DSD_LFS@DF_IALFS_EMP_WAP_Q(1.0),,I,USA,,EMP_WAP,,PT_WAP_SUB,,_Z,,Y,,_T,,Y15T64,,_Z,,Q,,2002-Q4,,71.66776,,,,A,,0,,1,
DATAFLOW,OECD.SDD.TPS:DSD_LFS@DF_IALFS_EMP_WAP_Q(1.0),,I,USA,,EMP_WAP,,PT_WAP_SUB,,_Z,,Y,,_T,,Y15T64,,_Z,,Q,,2003-Q1,,71.50535,,,,A,,0,,1,
DATAFLOW,OECD.SDD.TPS:DSD_LFS@DF_IALFS_EMP_WAP_Q(1.0),,I,USA,,EMP_WAP,,PT_WAP_SUB,,_Z,,Y,,_T,,Y15T64,,_Z,,Q,,2003-Q2,,71.26923,,,,A,,0,,1,
DATAFLOW,OECD.SDD.TPS:DSD_LFS@DF_IALFS_EMP_WAP_Q(1.0),,I,USA,,EMP_WAP,,PT_WAP_SUB,,_Z,,Y,,_T,,Y15T64,,_Z,,Q,,2003-Q3,,70.96906,,,,A,,0,,1,
DATAFLOW,OECD.SDD.TPS:DSD_LFS@DF_IALFS_EMP_WAP_Q(1.0),,I,USA,,EMP_WAP,,PT_WAP_SUB,,_Z,,Y,,_T,,Y15T64,,_Z,,Q,,2003-Q4,,71.10456,,,,A,,0,,1,
DATAFLOW,OECD.SDD.TPS:DSD_LFS@DF_IALFS_EMP_WAP_Q(1.0),,I,USA,,EMP_WAP,,PT_WAP_SUB,,_Z,,Y,,_T,,Y15T64,,_Z,,Q,,2004-Q1,,71.18108,,,,A,,0,,1,
DATAFLOW,OECD.SDD.TPS:DSD_LFS@DF_IALFS_EMP_WAP_Q(1.0),,I,USA,,EMP_WAP,,PT_WAP_SUB,,_Z,,Y,,_T,,Y15T64,,_Z,,Q,,2004-Q2,,71.14085,,,,A,,0,,1,
DATAFLOW,OECD.SDD.TPS:DSD_LFS@DF_IALFS_EMP_WAP_Q(1.0),,I,USA,,EMP_WAP,,PT_WAP_SUB,,_Z,,Y,,_T,,Y15T64,,_Z,,Q,,2004-Q3,,71.23979,,,,A,,0,,1,
DATAFLOW,OECD.SDD.TPS:DSD_LFS@DF_IALFS_EMP_WAP_Q(1.0),,I,USA,,EMP_WAP,,PT_WAP_SUB,,_Z,,Y,,_T,,Y15T64,,_Z,,Q,,2004-Q4,,71.29578,,,,A,,0,,1,
DATAFLOW,OECD.SDD.TPS:DSD_LFS@DF_IALFS_EMP_WAP_Q(1.0),,I,USA,,EMP_WAP,,PT_WAP_SUB,,_Z,,Y,,_T,,Y15T64,,_Z,,Q,,2005-Q1,,71.26801,,,,A,,0,,1,
DATAFLOW,OECD.SDD.TPS:DSD_LFS@DF_IALFS_EMP_WAP_Q(1.0),,I,USA,,EMP_WAP,,PT_WAP_SUB,,_Z,,Y,,_T,,Y15T64,,_Z,,Q,,2005-Q2,,71.48729,,,,A,,0,,1,
DATAFLOW,OECD.SDD.TPS:DSD_LFS@DF_IALFS_EMP_WAP_Q(1.0),,I,USA,,EMP_WAP,,PT_WAP_SUB,,_Z,,Y,,_T,,Y15T64,,_Z,,Q,,2005-Q3,,71.71361,,,,A,,0,,1,
DATAFLOW,OECD.SDD.TPS:DSD_LFS@DF_IALFS_EMP_WAP_Q(1.0),,I,USA,,EMP_WAP,,PT_WAP_SUB,,_Z,,Y,,_T,,Y15T64,,_Z,,Q,,2005-Q4,,71.62788,,,,A,,0,,1,
DATAFLOW,OECD.SDD.TPS:DSD_LFS@DF_IALFS_EMP_WAP_Q(1.0),,I,USA,,EMP_WAP,,PT_WAP_SUB,,_Z,,Y,,_T,,Y15T64,,_Z,,Q,,2006-Q1,,71.76737,,,,A,,0,,1,
DATAFLOW,OECD.SDD.TPS:DSD_LFS@DF_IALFS_EMP_WAP_Q(1.0),,I,USA,,EMP_WAP,,PT_WAP_SUB,,_Z,,Y,,_T,,Y15T64,,_Z,,Q,,2006-Q2,,71.88897,,,,A,,0,,1,
DATAFLOW,OECD.SDD.TPS:DSD_LFS@DF_IALFS_EMP_WAP_Q(1.0),,I,USA,,EMP_WAP,,PT_WAP_SUB,,_Z,,Y,,_T,,Y15T64,,_Z,,Q,,2006-Q3,,72.05392,,,,A,,0,,1,
DATAFLOW,OECD.SDD.TPS:DSD_LFS@DF_IALFS_EMP_WAP_Q(1.0),,I,USA,,EMP_WAP,,PT_WAP_SUB,,_Z,,Y,,_T,,Y15T64,,_Z,,Q,,2006-Q4,,72.25147,,,,A,,0,,1,
DATAFLOW,OECD.SDD.TPS:DSD_LFS@DF_IALFS_EMP_WAP_Q(1.0),,I,USA,,EMP_WAP,,PT_WAP_SUB,,_Z,,Y,,_T,,Y15T64,,_Z,,Q,,2007-Q1,,72.04289,,,,A,,0,,1,
DATAFLOW,OECD.SDD.TPS:DSD_LFS@DF_IALFS_EMP_WAP_Q(1.0),,I,USA,,EMP_WAP,,PT_WAP_SUB,,_Z,,Y,,_T,,Y15T64,,_Z,,Q,,2007-Q2,,71.74281,,,,A,,0,,1,
DATAFLOW,OECD.SDD.TPS:DSD_LFS@DF_IALFS_EMP_WAP_Q(1.0),,I,USA,,EMP_WAP,,PT_WAP_SUB,,_Z,,Y,,_T,,Y15T64,,_Z,,Q,,2007-Q3,,71.66864,,,,A,,0,,1,
DATAFLOW,OECD.SDD.TPS:DSD_LFS@DF_IALFS_EMP_WAP_Q(1.0),,I,USA,,EMP_WAP,,PT_WAP_SUB,,_Z,,Y,,_T,,Y15T64,,_Z,,Q,,2007-Q4,,71.63622,,,,A,,0,,1,
DATAFLOW,OECD.SDD.TPS:DSD_LFS@DF_IALFS_EMP_WAP_Q(1.0),,I,USA,,EMP_WAP,,PT_WAP_SUB,,_Z,,Y,,_T,,Y15T64,,_Z,,Q,,2008-Q1,,71.50607,,,,A,,0,,1,
DATAFLOW,OECD.SDD.TPS:DSD_LFS@DF_IALFS_EMP_WAP_Q(1.0),,I,USA,,EMP_WAP,,PT_WAP_SUB,,_Z,,Y,,_T,,Y15T64,,_Z,,Q,,2008-Q2,,71.25367,,,,A,,0,,1,
DATAFLOW,OECD.SDD.TPS:DSD_LFS@DF_IALFS_EMP_WAP_Q(1.0),,I,USA,,EMP_WAP,,PT_WAP_SUB,,_Z,,Y,,_T,,Y15T64,,_Z,,Q,,2008-Q3,,70.73498,,,,A,,0,,1,
DATAFLOW,OECD.SDD.TPS:DSD_LFS@DF_IALFS_EMP_WAP_Q(1.0),,I,USA,,EMP_WAP,,PT_WAP_SUB,,_Z,,Y,,_T,,Y15T64,,_Z,,Q,,2008-Q4,,69.96543,,,,A,,0,,1,
DATAFLOW,OECD.SDD.TPS:DSD_LFS@DF_IALFS_EMP_WAP_Q(1.0),,I,USA,,EMP_WAP,,PT_WAP_SUB,,_Z,,Y,,_T,,Y15T64,,_Z,,Q,,2009-Q1,,68.65194,,,,A,,0,,1,
DATAFLOW,OECD.SDD.TPS:DSD_LFS@DF_IALFS_EMP_WAP_Q(1.0),,I,USA,,EMP_WAP,,PT_WAP_SUB,,_Z,,Y,,_T,,Y15T64,,_Z,,Q,,2009-Q2,,67.89912,,,,A,,0,,1,
DATAFLOW,OECD.SDD.TPS:DSD_LFS@DF_IALFS_EMP_WAP_Q(1.0),,I,USA,,EMP_WAP,,PT_WAP_SUB,,_Z,,Y,,_T,,Y15T64,,_Z,,Q,,2009-Q3,,67.30784,,,,A,,0,,1,
DATAFLOW,OECD.SDD.TPS:DSD_LFS@DF_IALFS_EMP_WAP_Q(1.0),,I,USA,,EMP_WAP,,PT_WAP_SUB,,_Z,,Y,,_T,,Y15T64,,_Z,,Q,,2009-Q4,,66.56239,,,,A,,0,,1,
DATAFLOW,OECD.SDD.TPS:DSD_LFS@DF_IALFS_EMP_WAP_Q(1.0),,I,USA,,EMP_WAP,,PT_WAP_SUB,,_Z,,Y,,_T,,Y15T64,,_Z,,Q,,2010-Q1,,66.72742,,,,A,,0,,1,
DATAFLOW,OECD.SDD.TPS:DSD_LFS@DF_IALFS_EMP_WAP_Q(1.0),,I,USA,,EMP_WAP,,PT_WAP_SUB,,_Z,,Y,,_T,,Y15T64,,_Z,,Q,,2010-Q2,,66.7923,,,,A,,0,,1,
DATAFLOW,OECD.SDD.TPS:DSD_LFS@DF_IALFS_EMP_WAP_Q(1.0),,I,USA,,EMP_WAP,,PT_WAP_SUB,,_Z,,Y,,_T,,Y15T64,,_Z,,Q,,2010-Q3,,66.73017,,,,A,,0,,1,
DATAFLOW,OECD.SDD.TPS:DSD_LFS@DF_IALFS_EMP_WAP_Q(1.0),,I,USA,,EMP_WAP,,PT_WAP_SUB,,_Z,,Y,,_T,,Y15T64,,_Z,,Q,,2010-Q4,,66.4425,,,,A,,0,,1,
DATAFLOW,OECD.SDD.TPS:DSD_LFS@DF_IALFS_EMP_WAP_Q(1.0),,I,USA,,EMP_WAP,,PT_WAP_SUB,,_Z,,Y,,_T,,Y15T64,,_Z,,Q,,2011-Q1,,66.65167,,,,A,,0,,1,
DATAFLOW,OECD.SDD.TPS:DSD_LFS@DF_IALFS_EMP_WAP_Q(1.0),,I,USA,,EMP_WAP,,PT_WAP_SUB,,_Z,,Y,,_T,,Y15T64,,_Z,,Q,,2011-Q2,,66.49582,,,,A,,0,,1,
DATAFLOW,OECD.SDD.TPS:DSD_LFS@DF_IALFS_EMP_WAP_Q(1.0),,I,USA,,EMP_WAP,,PT_WAP_SUB,,_Z,,Y,,_T,,Y15T64,,_Z,,Q,,2011-Q3,,66.58975,,,,A,,0,,1,
DATAFLOW,OECD.SDD.TPS:DSD_LFS@DF_IALFS_EMP_WAP_Q(1.0),,I,USA,,EMP_WAP,,PT_WAP_SUB,,_Z,,Y,,_T,,Y15T64,,_Z,,Q,,2011-Q4,,66.78533,,,,A,,0,,1,
DATAFLOW,OECD.SDD.TPS:DSD_LFS@DF_IALFS_EMP_WAP_Q(1.0),,I,USA,,EMP_WAP,,PT_WAP_SUB,,_Z,,Y,,_T,,Y15T64,,_Z,,Q,,2012-Q1,,66.95595,,,,A,,0,,1,
DATAFLOW,OECD.SDD.TPS:DSD_LFS@DF_IALFS_EMP_WAP_Q(1.0),,I,USA,,EMP_WAP,,PT_WAP_SUB,,_Z,,Y,,_T,,Y15T64,,_Z,,Q,,2012-Q2,,67.03635,,,,A,,0,,1,
DATAFLOW,OECD.SDD.TPS:DSD_LFS@DF_IALFS_EMP_WAP_Q(1.0),,I,USA,,EMP_WAP,,PT_WAP_SUB,,_Z,,Y,,_T,,Y15T64,,_Z,,Q,,2012-Q3,,67.12849,,,,A,,0,,1,
DATAFLOW,OECD.SDD.TPS:DSD_LFS@DF_IALFS_EMP_WAP_Q(1.0),,I,USA,,EMP_WAP,,PT_WAP_SUB,,_Z,,Y,,_T,,Y15T64,,_Z,,Q,,2012-Q4,,67.36195,,,,A,,0,,1,
DATAFLOW,OECD.SDD.TPS:DSD_LFS@DF_IALFS_EMP_WAP_Q(1.0),,I,USA,,EMP_WAP,,PT_WAP_SUB,,_Z,,Y,,_T,,Y15T64,,_Z,,Q,,2013-Q1,,67.22165,,,,A,,0,,1,
DATAFLOW,OECD.SDD.TPS:DSD_LFS@DF_IALFS_EMP_WAP_Q(1.0),,I,USA,,EMP_WAP,,PT_WAP_SUB,,_Z,,Y,,_T,,Y15T64,,_Z,,Q,,2013-Q2,,67.3248,,,,A,,0,,1,
DATAFLOW,OECD.SDD.TPS:DSD_LFS@DF_IALFS_EMP_WAP_Q(1.0),,I,USA,,EMP_WAP,,PT_WAP_SUB,,_Z,,Y,,_T,,Y15T64,,_Z,,Q,,2013-Q3,,67.46493,,,,A,,0,,1,
DATAFLOW,OECD.SDD.TPS:DSD_LFS@DF_IALFS_EMP_WAP_Q(1.0),,I,USA,,EMP_WAP,,PT_WAP_SUB,,_Z,,Y,,_T,,Y15T64,,_Z,,Q,,2013-Q4,,67.3762,,,,A,,0,,1,
DATAFLOW,OECD.SDD.TPS:DSD_LFS@DF_IALFS_EMP_WAP_Q(1.0),,I,USA,,EMP_WAP,,PT_WAP_SUB,,_Z,,Y,,_T,,Y15T64,,_Z,,Q,,2014-Q1,,67.76601,,,,A,,0,,1,
DATAFLOW,OECD.SDD.TPS:DSD_LFS@DF_IALFS_EMP_WAP_Q(1.0),,I,USA,,EMP_WAP,,PT_WAP_SUB,,_Z,,Y,,_T,,Y15T64,,_Z,,Q,,2014-Q2,,68.0396,,,,A,,0,,1,
DATAFLOW,OECD.SDD.TPS:DSD_LFS@DF_IALFS_EMP_WAP_Q(1.0),,I,USA,,EMP_WAP,,PT_WAP_SUB,,_Z,,Y,,_T,,Y15T64,,_Z,,Q,,2014-Q3,,68.234,,,,A,,0,,1,
DATAFLOW,OECD.SDD.TPS:DSD_LFS@DF_IALFS_EMP_WAP_Q(1.0),,I,USA,,EMP_WAP,,PT_WAP_SUB,,_Z,,Y,,_T,,Y15T64,,_Z,,Q,,2014-Q4,,68.5293,,,,A,,0,,1,
DATAFLOW,OECD.SDD.TPS:DSD_LFS@DF_IALFS_EMP_WAP_Q(1.0),,I,USA,,EMP_WAP,,PT_WAP_SUB,,_Z,,Y,,_T,,Y15T64,,_Z,,Q,,2015-Q1,,68.49741,,,,A,,0,,1,
DATAFLOW,OECD.SDD.TPS:DSD_LFS@DF_IALFS_EMP_WAP_Q(1.0),,I,USA,,EMP_WAP,,PT_WAP_SUB,,_Z,,Y,,_T,,Y15T64,,_Z,,Q,,2015-Q2,,68.72253,,,,A,,0,,1,
DATAFLOW,OECD.SDD.TPS:DSD_LFS@DF_IALFS_EMP_WAP_Q(1.0),,I,USA,,EMP_WAP,,PT_WAP_SUB,,_Z,,Y,,_T,,Y15T64,,_Z,,Q,,2015-Q3,,68.68916,,,,A,,0,,1,
DATAFLOW,OECD.SDD.TPS:DSD_LFS@DF_IALFS_EMP_WAP_Q(1.0),,I,USA,,EMP_WAP,,PT_WAP_SUB,,_Z,,Y,,_T,,Y15T64,,_Z,,Q,,2015-Q4,,68.89723,,,,A,,0,,1,
DATAFLOW,OECD.SDD.TPS:DSD_LFS@DF_IALFS_EMP_WAP_Q(1.0),,I,USA,,EMP_WAP,,PT_WAP_SUB,,_Z,,Y,,_T,,Y15T64,,_Z,,Q,,2016-Q1,,69.23746,,,,A,,0,,1,
DATAFLOW,OECD.SDD.TPS:DSD_LFS@DF_IALFS_EMP_WAP_Q(1.0),,I,USA,,EMP_WAP,,PT_WAP_SUB,,_Z,,Y,,_T,,Y15T64,,_Z,,Q,,2016-Q2,,69.22,,,,A,,0,,1,
DATAFLOW,OECD.SDD.TPS:DSD_LFS@DF_IALFS_EMP_WAP_Q(1.0),,I,USA,,EMP_WAP,,PT_WAP_SUB,,_Z,,Y,,_T,,Y15T64,,_Z,,Q,,2016-Q3,,69.37461,,,,A,,0,,1,
DATAFLOW,OECD.SDD.TPS:DSD_LFS@DF_IALFS_EMP_WAP_Q(1.0),,I,USA,,EMP_WAP,,PT_WAP_SUB,,_Z,,Y,,_T,,Y15T64,,_Z,,Q,,2016-Q4,,69.52032,,,,A,,0,,1,
DATAFLOW,OECD.SDD.TPS:DSD_LFS@DF_IALFS_EMP_WAP_Q(1.0),,I,USA,,EMP_WAP,,PT_WAP_SUB,,_Z,,Y,,_T,,Y15T64,,_Z,,Q,,2017-Q1,,69.78111,,,,A,,0,,1,
DATAFLOW,OECD.SDD.TPS:DSD_LFS@DF_IALFS_EMP_WAP_Q(1.0),,I,USA,,EMP_WAP,,PT_WAP_SUB,,_Z,,Y,,_T,,Y15T64,,_Z,,Q,,2017-Q2,,70.06274,,,,A,,0,,1,
DATAFLOW,OECD.SDD.TPS:DSD_LFS@DF_IALFS_EMP_WAP_Q(1.0),,I,USA,,EMP_WAP,,PT_WAP_SUB,,_Z,,Y,,_T,,Y15T64,,_Z,,Q,,2017-Q3,,70.27944,,,,A,,0,,1,
DATAFLOW,OECD.SDD.TPS:DSD_LFS@DF_IALFS_EMP_WAP_Q(1.0),,I,USA,,EMP_WAP,,PT_WAP_SUB,,_Z,,Y,,_T,,Y15T64,,_Z,,Q,,2017-Q4,,70.28722,,,,A,,0,,1,
DATAFLOW,OECD.SDD.TPS:DSD_LFS@DF_IALFS_EMP_WAP_Q(1.0),,I,USA,,EMP_WAP,,PT_WAP_SUB,,_Z,,Y,,_T,,Y15T64,,_Z,,Q,,2018-Q1,,70.48055,,,,A,,0,,1,
DATAFLOW,OECD.SDD.TPS:DSD_LFS@DF_IALFS_EMP_WAP_Q(1.0),,I,USA,,EMP_WAP,,PT_WAP_SUB,,_Z,,Y,,_T,,Y15T64,,_Z,,Q,,2018-Q2,,70.66446,,,,A,,0,,1,
DATAFLOW,OECD.SDD.TPS:DSD_LFS@DF_IALFS_EMP_WAP_Q(1.0),,I,USA,,EMP_WAP,,PT_WAP_SUB,,_Z,,Y,,_T,,Y15T64,,_Z,,Q,,2018-Q3,,70.74542,,,,A,,0,,1,
DATAFLOW,OECD.SDD.TPS:DSD_LFS@DF_IALFS_EMP_WAP_Q(1.0),,I,USA,,EMP_WAP,,PT_WAP_SUB,,_Z,,Y,,_T,,Y15T64,,_Z,,Q,,2018-Q4,,70.97926,,,,A,,0,,1,
DATAFLOW,OECD.SDD.TPS:DSD_LFS@DF_IALFS_EMP_WAP_Q(1.0),,I,USA,,EMP_WAP,,PT_WAP_SUB,,_Z,,Y,,_T,,Y15T64,,_Z,,Q,,2019-Q1,,71.03133,,,,A,,0,,1,
DATAFLOW,OECD.SDD.TPS:DSD_LFS@DF_IALFS_EMP_WAP_Q(1.0),,I,USA,,EMP_WAP,,PT_WAP_SUB,,_Z,,Y,,_T,,Y15T64,,_Z,,Q,,2019-Q2,,71.16843,,,,A,,0,,1,
DATAFLOW,OECD.SDD.TPS:DSD_LFS@DF_IALFS_EMP_WAP_Q(1.0),,I,USA,,EMP_WAP,,PT_WAP_SUB,,_Z,,Y,,_T,,Y15T64,,_Z,,Q,,2019-Q3,,71.48135,,,,A,,0,,1,
DATAFLOW,OECD.SDD.TPS:DSD_LFS@DF_IALFS_EMP_WAP_Q(1.0),,I,USA,,EMP_WAP,,PT_WAP_SUB,,_Z,,Y,,_T,,Y15T64,,_Z,,Q,,2019-Q4,,71.71983,,,,A,,0,,1,
DATAFLOW,OECD.SDD.TPS:DSD_LFS@DF_IALFS_EMP_WAP_Q(1.0),,I,USA,,EMP_WAP,,PT_WAP_SUB,,_Z,,Y,,_T,,Y15T64,,_Z,,Q,,2020-Q1,,71.35504,,,,A,,0,,1,
DATAFLOW,OECD.SDD.TPS:DSD_LFS@DF_IALFS_EMP_WAP_Q(1.0),,I,USA,,EMP_WAP,,PT_WAP_SUB,,_Z,,Y,,_T,,Y15T64,,_Z,,Q,,2020-Q2,,62.38173,,,,A,,0,,1,
DATAFLOW,OECD.SDD.TPS:DSD_LFS@DF_IALFS_EMP_WAP_Q(1.0),,I,USA,,EMP_WAP,,PT_WAP_SUB,,_Z,,Y,,_T,,Y15T64,,_Z,,Q,,2020-Q3,,66.41927,,,,A,,0,,1,
DATAFLOW,OECD.SDD.TPS:DSD_LFS@DF_IALFS_EMP_WAP_Q(1.0),,I,USA,,EMP_WAP,,PT_WAP_SUB,,_Z,,Y,,_T,,Y15T64,,_Z,,Q,,2020-Q4,,67.90048,,,,A,,0,,1,
DATAFLOW,OECD.SDD.TPS:DSD_LFS@DF_IALFS_EMP_WAP_Q(1.0),,I,USA,,EMP_WAP,,PT_WAP_SUB,,_Z,,Y,,_T,,Y15T64,,_Z,,Q,,2021-Q1,,68.35963,,,,A,,0,,1,
DATAFLOW,OECD.SDD.TPS:DSD_LFS@DF_IALFS_EMP_WAP_Q(1.0),,I,USA,,EMP_WAP,,PT_WAP_SUB,,_Z,,Y,,_T,,Y15T64,,_Z,,Q,,2021-Q2,,68.89445,,,,A,,0,,1,
DATAFLOW,OECD.SDD.TPS:DSD_LFS@DF_IALFS_EMP_WAP_Q(1.0),,I,USA,,EMP_WAP,,PT_WAP_SUB,,_Z,,Y,,_T,,Y15T64,,_Z,,Q,,2021-Q3,,69.78869,,,,A,,0,,1,
DATAFLOW,OECD.SDD.TPS:DSD_LFS@DF_IALFS_EMP_WAP_Q(1.0),,I,USA,,EMP_WAP,,PT_WAP_SUB,,_Z,,Y,,_T,,Y15T64,,_Z,,Q,,2021-Q4,,70.5675,,,,A,,0,,1,
DATAFLOW,OECD.SDD.TPS:DSD_LFS@DF_IALFS_EMP_WAP_Q(1.0),,I,USA,,EMP_WAP,,PT_WAP_SUB,,_Z,,Y,,_T,,Y15T64,,_Z,,Q,,2022-Q1,,70.94411,,,,A,,0,,1,
DATAFLOW,OECD.SDD.TPS:DSD_LFS@DF_IALFS_EMP_WAP_Q(1.0),,I,USA,,EMP_WAP,,PT_WAP_SUB,,_Z,,Y,,_T,,Y15T64,,_Z,,Q,,2022-Q2,,71.26777,,,,A,,0,,1,
DATAFLOW,OECD.SDD.TPS:DSD_LFS@DF_IALFS_EMP_WAP_Q(1.0),,I,USA,,EMP_WAP,,PT_WAP_SUB,,_Z,,Y,,_T,,Y15T64,,_Z,,Q,,2022-Q3,,71.42864,,,,A,,0,,1,
DATAFLOW,OECD.SDD.TPS:DSD_LFS@DF_IALFS_EMP_WAP_Q(1.0),,I,USA,,EMP_WAP,,PT_WAP_SUB,,_Z,,Y,,_T,,Y15T64,,_Z,,Q,,2022-Q4,,71.41212,,,,A,,0,,1,
DATAFLOW,OECD.SDD.TPS:DSD_LFS@DF_IALFS_EMP_WAP_Q(1.0),,I,USA,,EMP_WAP,,PT_WAP_SUB,,_Z,,Y,,_T,,Y15T64,,_Z,,Q,,2023-Q1,,71.73639,,,,A,,0,,1,
DATAFLOW,OECD.SDD.TPS:DSD_LFS@DF_IALFS_EMP_WAP_Q(1.0),,I,USA,,EMP_WAP,,PT_WAP_SUB,,_Z,,Y,,_T,,Y15T64,,_Z,,Q,,2023-Q2,,71.9624,,,,A,,0,,1,
DATAFLOW,OECD.SDD.TPS:DSD_LFS@DF_IALFS_EMP_WAP_Q(1.0),,I,USA,,EMP_WAP,,PT_WAP_SUB,,_Z,,Y,,_T,,Y15T64,,_Z,,Q,,2023-Q3,,72.0706,,,,A,,0,,1,
DATAFLOW,OECD.SDD.TPS:DSD_LFS@DF_IALFS_EMP_WAP_Q(1.0),,I,USA,,EMP_WAP,,PT_WAP_SUB,,_Z,,Y,,_T,,Y15T64,,_Z,,Q,,2023-Q4,,72.00529,,,,A,,0,,1,
DATAFLOW,OECD.SDD.TPS:DSD_LFS@DF_IALFS_EMP_WAP_Q(1.0),,I,USA,,EMP_WAP,,PT_WAP_SUB,,_Z,,Y,,_T,,Y15T64,,_Z,,Q,,2024-Q1,,71.8856,,,,A,,0,,1,
DATAFLOW,OECD.SDD.TPS:DSD_LFS@DF_IALFS_EMP_WAP_Q(1.0),,I,USA,,EMP_WAP,,PT_WAP_SUB,,_Z,,Y,,_T,,Y15T64,,_Z,,Q,,2024-Q2,,71.88255,,,,A,,0,,1,
DATAFLOW,OECD.SDD.TPS:DSD_LFS@DF_IALFS_EMP_WAP_Q(1.0),,I,USA,,EMP_WAP,,PT_WAP_SUB,,_Z,,Y,,_T,,Y15T64,,_Z,,Q,,2024-Q3,,71.85939,,,,A,,0,,1,
DATAFLOW,OECD.SDD.TPS:DSD_LFS@DF_IALFS_EMP_WAP_Q(1.0),,I,USA,,EMP_WAP,,PT_WAP_SUB,,_Z,,Y,,_T,,Y15T64,,_Z,,Q,,2024-Q4,,71.78111,,,,A,,0,,1,
DATAFLOW,OECD.SDD.TPS:DSD_LFS@DF_IALFS_EMP_WAP_Q(1.0),,I,USA,,EMP_WAP,,PT_WAP_SUB,,_Z,,Y,,_T,,Y15T64,,_Z,,Q,,2025-Q1,,71.81879,,,,A,,0,,1,
DATAFLOW,OECD.SDD.TPS:DSD_LFS@DF_IALFS_EMP_WAP_Q(1.0),,I,USA,,EMP_WAP,,PT_WAP_SUB,,_Z,,Y,,_T,,Y15T64,,_Z,,Q,,2025-Q2,,71.76392,,,,A,,0,,1,
DATAFLOW,OECD.SDD.TPS:DSD_LFS@DF_IALFS_EMP_WAP_Q(1.0),,I,USA,,EMP_WAP,,PT_WAP_SUB,,_Z,,Y,,_T,,Y15T64,,_Z,,Q,,2025-Q3,,71.6494,,,,A,,0,,1,
DATAFLOW,OECD.SDD.TPS:DSD_LFS@DF_IALFS_EMP_WAP_Q(1.0),,I,USA,,EMP_WAP,,PT_WAP_SUB,,_Z,,Y,,_T,,Y15T64,,_Z,,Q,,2025-Q4,,71.77663,,,,A,,0,,1,
DATAFLOW,OECD.SDD.TPS:DSD_LFS@DF_IALFS_EMP_WAP_Q(1.0),,I,USA,,EMP_WAP,,PT_WAP_SUB,,_Z,,Y,,_T,,Y15T64,,_Z,,Q,,2026-Q1,,71.76447,,,,A,,0,,1,
DATAFLOW,OECD.SDD.TPS:DSD_LFS@DF_IALFS_EMP_WAP_Q(1.0),,I,USA,,EMP_WAP,,PT_WAP_SUB,,_Z,,Y,,_T,,Y15T64,,_Z,,Q,,2026-Q2,,71.65475,,,,A,,0,,1,
DATAFLOW,OECD.SDD.TPS:DSD_LFS@DF_IALFS_EMP_WAP_Q(1.0),,I,G7,,EMP_WAP,,PT_WAP_SUB,,_Z,,Y,,_T,,Y15T64,,_Z,,Q,,2013-Q1,,67.81819,,,,E,,0,,1,
DATAFLOW,OECD.SDD.TPS:DSD_LFS@DF_IALFS_EMP_WAP_Q(1.0),,I,G7,,EMP_WAP,,PT_WAP_SUB,,_Z,,Y,,_T,,Y15T64,,_Z,,Q,,2005-Q1,,68.8025,,,,E,,0,,1,
DATAFLOW,OECD.SDD.TPS:DSD_LFS@DF_IALFS_EMP_WAP_Q(1.0),,I,G7,,EMP_WAP,,PT_WAP_SUB,,_Z,,Y,,_T,,Y15T64,,_Z,,Q,,2005-Q2,,68.88878,,,,E,,0,,1,
DATAFLOW,OECD.SDD.TPS:DSD_LFS@DF_IALFS_EMP_WAP_Q(1.0),,I,G7,,EMP_WAP,,PT_WAP_SUB,,_Z,,Y,,_T,,Y15T64,,_Z,,Q,,2005-Q3,,69.0577,,,,E,,0,,1,
DATAFLOW,OECD.SDD.TPS:DSD_LFS@DF_IALFS_EMP_WAP_Q(1.0),,I,G7,,EMP_WAP,,PT_WAP_SUB,,_Z,,Y,,_T,,Y15T64,,_Z,,Q,,2005-Q4,,69.05864,,,,E,,0,,1,
DATAFLOW,OECD.SDD.TPS:DSD_LFS@DF_IALFS_EMP_WAP_Q(1.0),,I,G7,,EMP_WAP,,PT_WAP_SUB,,_Z,,Y,,_T,,Y15T64,,_Z,,Q,,2006-Q1,,69.30091,,,,E,,0,,1,
DATAFLOW,OECD.SDD.TPS:DSD_LFS@DF_IALFS_EMP_WAP_Q(1.0),,I,G7,,EMP_WAP,,PT_WAP_SUB,,_Z,,Y,,_T,,Y15T64,,_Z,,Q,,2006-Q2,,69.48331,,,,E,,0,,1,
DATAFLOW,OECD.SDD.TPS:DSD_LFS@DF_IALFS_EMP_WAP_Q(1.0),,I,G7,,EMP_WAP,,PT_WAP_SUB,,_Z,,Y,,_T,,Y15T64,,_Z,,Q,,2006-Q3,,69.62123,,,,E,,0,,1,
DATAFLOW,OECD.SDD.TPS:DSD_LFS@DF_IALFS_EMP_WAP_Q(1.0),,I,G7,,EMP_WAP,,PT_WAP_SUB,,_Z,,Y,,_T,,Y15T64,,_Z,,Q,,2006-Q4,,69.77859,,,,E,,0,,1,
DATAFLOW,OECD.SDD.TPS:DSD_LFS@DF_IALFS_EMP_WAP_Q(1.0),,I,G7,,EMP_WAP,,PT_WAP_SUB,,_Z,,Y,,_T,,Y15T64,,_Z,,Q,,2007-Q1,,69.82272,,,,E,,0,,1,
DATAFLOW,OECD.SDD.TPS:DSD_LFS@DF_IALFS_EMP_WAP_Q(1.0),,I,G7,,EMP_WAP,,PT_WAP_SUB,,_Z,,Y,,_T,,Y15T64,,_Z,,Q,,2007-Q2,,69.86587,,,,E,,0,,1,
DATAFLOW,OECD.SDD.TPS:DSD_LFS@DF_IALFS_EMP_WAP_Q(1.0),,I,G7,,EMP_WAP,,PT_WAP_SUB,,_Z,,Y,,_T,,Y15T64,,_Z,,Q,,2007-Q3,,69.92584,,,,E,,0,,1,
DATAFLOW,OECD.SDD.TPS:DSD_LFS@DF_IALFS_EMP_WAP_Q(1.0),,I,G7,,EMP_WAP,,PT_WAP_SUB,,_Z,,Y,,_T,,Y15T64,,_Z,,Q,,2007-Q4,,69.96941,,,,E,,0,,1,
DATAFLOW,OECD.SDD.TPS:DSD_LFS@DF_IALFS_EMP_WAP_Q(1.0),,I,G7,,EMP_WAP,,PT_WAP_SUB,,_Z,,Y,,_T,,Y15T64,,_Z,,Q,,2008-Q1,,69.97974,,,,E,,0,,1,
DATAFLOW,OECD.SDD.TPS:DSD_LFS@DF_IALFS_EMP_WAP_Q(1.0),,I,G7,,EMP_WAP,,PT_WAP_SUB,,_Z,,Y,,_T,,Y15T64,,_Z,,Q,,2008-Q2,,69.89458,,,,E,,0,,1,
DATAFLOW,OECD.SDD.TPS:DSD_LFS@DF_IALFS_EMP_WAP_Q(1.0),,I,G7,,EMP_WAP,,PT_WAP_SUB,,_Z,,Y,,_T,,Y15T64,,_Z,,Q,,2008-Q3,,69.67274,,,,E,,0,,1,
DATAFLOW,OECD.SDD.TPS:DSD_LFS@DF_IALFS_EMP_WAP_Q(1.0),,I,G7,,EMP_WAP,,PT_WAP_SUB,,_Z,,Y,,_T,,Y15T64,,_Z,,Q,,2008-Q4,,69.30917,,,,E,,0,,1,
DATAFLOW,OECD.SDD.TPS:DSD_LFS@DF_IALFS_EMP_WAP_Q(1.0),,I,G7,,EMP_WAP,,PT_WAP_SUB,,_Z,,Y,,_T,,Y15T64,,_Z,,Q,,2009-Q1,,68.21661,,,,E,,0,,1,
DATAFLOW,OECD.SDD.TPS:DSD_LFS@DF_IALFS_EMP_WAP_Q(1.0),,I,G7,,EMP_WAP,,PT_WAP_SUB,,_Z,,Y,,_T,,Y15T64,,_Z,,Q,,2009-Q2,,67.6972,,,,E,,0,,1,
DATAFLOW,OECD.SDD.TPS:DSD_LFS@DF_IALFS_EMP_WAP_Q(1.0),,I,G7,,EMP_WAP,,PT_WAP_SUB,,_Z,,Y,,_T,,Y15T64,,_Z,,Q,,2009-Q3,,67.32201,,,,E,,0,,1,
DATAFLOW,OECD.SDD.TPS:DSD_LFS@DF_IALFS_EMP_WAP_Q(1.0),,I,G7,,EMP_WAP,,PT_WAP_SUB,,_Z,,Y,,_T,,Y15T64,,_Z,,Q,,2009-Q4,,67.04852,,,,E,,0,,1,
DATAFLOW,OECD.SDD.TPS:DSD_LFS@DF_IALFS_EMP_WAP_Q(1.0),,I,G7,,EMP_WAP,,PT_WAP_SUB,,_Z,,Y,,_T,,Y15T64,,_Z,,Q,,2010-Q1,,67.15202,,,,E,,0,,1,
DATAFLOW,OECD.SDD.TPS:DSD_LFS@DF_IALFS_EMP_WAP_Q(1.0),,I,G7,,EMP_WAP,,PT_WAP_SUB,,_Z,,Y,,_T,,Y15T64,,_Z,,Q,,2010-Q2,,67.21819,,,,E,,0,,1,
DATAFLOW,OECD.SDD.TPS:DSD_LFS@DF_IALFS_EMP_WAP_Q(1.0),,I,G7,,EMP_WAP,,PT_WAP_SUB,,_Z,,Y,,_T,,Y15T64,,_Z,,Q,,2010-Q3,,67.25864,,,,E,,0,,1,
DATAFLOW,OECD.SDD.TPS:DSD_LFS@DF_IALFS_EMP_WAP_Q(1.0),,I,G7,,EMP_WAP,,PT_WAP_SUB,,_Z,,Y,,_T,,Y15T64,,_Z,,Q,,2010-Q4,,67.15768,,,,E,,0,,1,
DATAFLOW,OECD.SDD.TPS:DSD_LFS@DF_IALFS_EMP_WAP_Q(1.0),,I,G7,,EMP_WAP,,PT_WAP_SUB,,_Z,,Y,,_T,,Y15T64,,_Z,,Q,,2011-Q1,,67.4249,,,,E,,0,,1,
DATAFLOW,OECD.SDD.TPS:DSD_LFS@DF_IALFS_EMP_WAP_Q(1.0),,I,G7,,EMP_WAP,,PT_WAP_SUB,,_Z,,Y,,_T,,Y15T64,,_Z,,Q,,2011-Q2,,67.43522,,,,E,,0,,1,
DATAFLOW,OECD.SDD.TPS:DSD_LFS@DF_IALFS_EMP_WAP_Q(1.0),,I,G7,,EMP_WAP,,PT_WAP_SUB,,_Z,,Y,,_T,,Y15T64,,_Z,,Q,,2011-Q3,,67.39275,,,,E,,0,,1,
DATAFLOW,OECD.SDD.TPS:DSD_LFS@DF_IALFS_EMP_WAP_Q(1.0),,I,G7,,EMP_WAP,,PT_WAP_SUB,,_Z,,Y,,_T,,Y15T64,,_Z,,Q,,2011-Q4,,67.46293,,,,E,,0,,1,
DATAFLOW,OECD.SDD.TPS:DSD_LFS@DF_IALFS_EMP_WAP_Q(1.0),,I,G7,,EMP_WAP,,PT_WAP_SUB,,_Z,,Y,,_T,,Y15T64,,_Z,,Q,,2012-Q1,,67.49878,,,,E,,0,,1,
DATAFLOW,OECD.SDD.TPS:DSD_LFS@DF_IALFS_EMP_WAP_Q(1.0),,I,G7,,EMP_WAP,,PT_WAP_SUB,,_Z,,Y,,_T,,Y15T64,,_Z,,Q,,2012-Q2,,67.62728,,,,E,,0,,1,
DATAFLOW,OECD.SDD.TPS:DSD_LFS@DF_IALFS_EMP_WAP_Q(1.0),,I,G7,,EMP_WAP,,PT_WAP_SUB,,_Z,,Y,,_T,,Y15T64,,_Z,,Q,,2012-Q3,,67.72081,,,,E,,0,,1,
DATAFLOW,OECD.SDD.TPS:DSD_LFS@DF_IALFS_EMP_WAP_Q(1.0),,I,G7,,EMP_WAP,,PT_WAP_SUB,,_Z,,Y,,_T,,Y15T64,,_Z,,Q,,2012-Q4,,67.8852,,,,E,,0,,1,
DATAFLOW,OECD.SDD.TPS:DSD_LFS@DF_IALFS_EMP_WAP_Q(1.0),,I,G7,,EMP_WAP,,PT_WAP_SUB,,_Z,,Y,,_T,,Y15T64,,_Z,,Q,,2013-Q2,,67.93716,,,,E,,0,,1,
DATAFLOW,OECD.SDD.TPS:DSD_LFS@DF_IALFS_EMP_WAP_Q(1.0),,I,G7,,EMP_WAP,,PT_WAP_SUB,,_Z,,Y,,_T,,Y15T64,,_Z,,Q,,2013-Q3,,68.0611,,,,E,,0,,1,
DATAFLOW,OECD.SDD.TPS:DSD_LFS@DF_IALFS_EMP_WAP_Q(1.0),,I,G7,,EMP_WAP,,PT_WAP_SUB,,_Z,,Y,,_T,,Y15T64,,_Z,,Q,,2013-Q4,,68.11848,,,,E,,0,,1,
DATAFLOW,OECD.SDD.TPS:DSD_LFS@DF_IALFS_EMP_WAP_Q(1.0),,I,G7,,EMP_WAP,,PT_WAP_SUB,,_Z,,Y,,_T,,Y15T64,,_Z,,Q,,2014-Q1,,68.38844,,,,E,,0,,1,
DATAFLOW,OECD.SDD.TPS:DSD_LFS@DF_IALFS_EMP_WAP_Q(1.0),,I,G7,,EMP_WAP,,PT_WAP_SUB,,_Z,,Y,,_T,,Y15T64,,_Z,,Q,,2014-Q2,,68.57243,,,,E,,0,,1,
DATAFLOW,OECD.SDD.TPS:DSD_LFS@DF_IALFS_EMP_WAP_Q(1.0),,I,G7,,EMP_WAP,,PT_WAP_SUB,,_Z,,Y,,_T,,Y15T64,,_Z,,Q,,2014-Q3,,68.7193,,,,E,,0,,1,
DATAFLOW,OECD.SDD.TPS:DSD_LFS@DF_IALFS_EMP_WAP_Q(1.0),,I,G7,,EMP_WAP,,PT_WAP_SUB,,_Z,,Y,,_T,,Y15T64,,_Z,,Q,,2014-Q4,,68.90402,,,,E,,0,,1,
DATAFLOW,OECD.SDD.TPS:DSD_LFS@DF_IALFS_EMP_WAP_Q(1.0),,I,G7,,EMP_WAP,,PT_WAP_SUB,,_Z,,Y,,_T,,Y15T64,,_Z,,Q,,2015-Q1,,68.97391,,,,E,,0,,1,
DATAFLOW,OECD.SDD.TPS:DSD_LFS@DF_IALFS_EMP_WAP_Q(1.0),,I,G7,,EMP_WAP,,PT_WAP_SUB,,_Z,,Y,,_T,,Y15T64,,_Z,,Q,,2015-Q2,,69.05331,,,,E,,0,,1,
DATAFLOW,OECD.SDD.TPS:DSD_LFS@DF_IALFS_EMP_WAP_Q(1.0),,I,G7,,EMP_WAP,,PT_WAP_SUB,,_Z,,Y,,_T,,Y15T64,,_Z,,Q,,2015-Q3,,69.18617,,,,E,,0,,1,
DATAFLOW,OECD.SDD.TPS:DSD_LFS@DF_IALFS_EMP_WAP_Q(1.0),,I,G7,,EMP_WAP,,PT_WAP_SUB,,_Z,,Y,,_T,,Y15T64,,_Z,,Q,,2015-Q4,,69.37455,,,,E,,0,,1,
DATAFLOW,OECD.SDD.TPS:DSD_LFS@DF_IALFS_EMP_WAP_Q(1.0),,I,G7,,EMP_WAP,,PT_WAP_SUB,,_Z,,Y,,_T,,Y15T64,,_Z,,Q,,2016-Q1,,69.62852,,,,E,,0,,1,
DATAFLOW,OECD.SDD.TPS:DSD_LFS@DF_IALFS_EMP_WAP_Q(1.0),,I,G7,,EMP_WAP,,PT_WAP_SUB,,_Z,,Y,,_T,,Y15T64,,_Z,,Q,,2016-Q2,,69.72978,,,,E,,0,,1,
DATAFLOW,OECD.SDD.TPS:DSD_LFS@DF_IALFS_EMP_WAP_Q(1.0),,I,G7,,EMP_WAP,,PT_WAP_SUB,,_Z,,Y,,_T,,Y15T64,,_Z,,Q,,2016-Q3,,69.91205,,,,E,,0,,1,
DATAFLOW,OECD.SDD.TPS:DSD_LFS@DF_IALFS_EMP_WAP_Q(1.0),,I,G7,,EMP_WAP,,PT_WAP_SUB,,_Z,,Y,,_T,,Y15T64,,_Z,,Q,,2016-Q4,,70.04061,,,,E,,0,,1,
DATAFLOW,OECD.SDD.TPS:DSD_LFS@DF_IALFS_EMP_WAP_Q(1.0),,I,G7,,EMP_WAP,,PT_WAP_SUB,,_Z,,Y,,_T,,Y15T64,,_Z,,Q,,2017-Q1,,70.23228,,,,E,,0,,1,
DATAFLOW,OECD.SDD.TPS:DSD_LFS@DF_IALFS_EMP_WAP_Q(1.0),,I,G7,,EMP_WAP,,PT_WAP_SUB,,_Z,,Y,,_T,,Y15T64,,_Z,,Q,,2017-Q2,,70.50024,,,,E,,0,,1,
DATAFLOW,OECD.SDD.TPS:DSD_LFS@DF_IALFS_EMP_WAP_Q(1.0),,I,G7,,EMP_WAP,,PT_WAP_SUB,,_Z,,Y,,_T,,Y15T64,,_Z,,Q,,2017-Q3,,70.68217,,,,E,,0,,1,
DATAFLOW,OECD.SDD.TPS:DSD_LFS@DF_IALFS_EMP_WAP_Q(1.0),,I,G7,,EMP_WAP,,PT_WAP_SUB,,_Z,,Y,,_T,,Y15T64,,_Z,,Q,,2017-Q4,,70.83348,,,,E,,0,,1,
DATAFLOW,OECD.SDD.TPS:DSD_LFS@DF_IALFS_EMP_WAP_Q(1.0),,I,G7,,EMP_WAP,,PT_WAP_SUB,,_Z,,Y,,_T,,Y15T64,,_Z,,Q,,2018-Q1,,71.05704,,,,E,,0,,1,
DATAFLOW,OECD.SDD.TPS:DSD_LFS@DF_IALFS_EMP_WAP_Q(1.0),,I,G7,,EMP_WAP,,PT_WAP_SUB,,_Z,,Y,,_T,,Y15T64,,_Z,,Q,,2018-Q2,,71.24627,,,,E,,0,,1,
DATAFLOW,OECD.SDD.TPS:DSD_LFS@DF_IALFS_EMP_WAP_Q(1.0),,I,G7,,EMP_WAP,,PT_WAP_SUB,,_Z,,Y,,_T,,Y15T64,,_Z,,Q,,2018-Q3,,71.3617,,,,E,,0,,1,
DATAFLOW,OECD.SDD.TPS:DSD_LFS@DF_IALFS_EMP_WAP_Q(1.0),,I,G7,,EMP_WAP,,PT_WAP_SUB,,_Z,,Y,,_T,,Y15T64,,_Z,,Q,,2018-Q4,,71.56567,,,,E,,0,,1,
DATAFLOW,OECD.SDD.TPS:DSD_LFS@DF_IALFS_EMP_WAP_Q(1.0),,I,G7,,EMP_WAP,,PT_WAP_SUB,,_Z,,Y,,_T,,Y15T64,,_Z,,Q,,2019-Q1,,71.68784,,,,E,,0,,1,
DATAFLOW,OECD.SDD.TPS:DSD_LFS@DF_IALFS_EMP_WAP_Q(1.0),,I,G7,,EMP_WAP,,PT_WAP_SUB,,_Z,,Y,,_T,,Y15T64,,_Z,,Q,,2019-Q2,,71.84879,,,,E,,0,,1,
DATAFLOW,OECD.SDD.TPS:DSD_LFS@DF_IALFS_EMP_WAP_Q(1.0),,I,G7,,EMP_WAP,,PT_WAP_SUB,,_Z,,Y,,_T,,Y15T64,,_Z,,Q,,2019-Q3,,71.99258,,,,E,,0,,1,
DATAFLOW,OECD.SDD.TPS:DSD_LFS@DF_IALFS_EMP_WAP_Q(1.0),,I,G7,,EMP_WAP,,PT_WAP_SUB,,_Z,,Y,,_T,,Y15T64,,_Z,,Q,,2019-Q4,,72.19183,,,,E,,0,,1,
DATAFLOW,OECD.SDD.TPS:DSD_LFS@DF_IALFS_EMP_WAP_Q(1.0),,I,G7,,EMP_WAP,,PT_WAP_SUB,,_Z,,Y,,_T,,Y15T64,,_Z,,Q,,2020-Q1,,71.81248,,,,E,,0,,1,
DATAFLOW,OECD.SDD.TPS:DSD_LFS@DF_IALFS_EMP_WAP_Q(1.0),,I,G7,,EMP_WAP,,PT_WAP_SUB,,_Z,,Y,,_T,,Y15T64,,_Z,,Q,,2020-Q2,,66.9106,,,,E,,0,,1,
DATAFLOW,OECD.SDD.TPS:DSD_LFS@DF_IALFS_EMP_WAP_Q(1.0),,I,G7,,EMP_WAP,,PT_WAP_SUB,,_Z,,Y,,_T,,Y15T64,,_Z,,Q,,2020-Q3,,69.00412,,,,E,,0,,1,
DATAFLOW,OECD.SDD.TPS:DSD_LFS@DF_IALFS_EMP_WAP_Q(1.0),,I,G7,,EMP_WAP,,PT_WAP_SUB,,_Z,,Y,,_T,,Y15T64,,_Z,,Q,,2020-Q4,,69.85254,,,,E,,0,,1,
DATAFLOW,OECD.SDD.TPS:DSD_LFS@DF_IALFS_EMP_WAP_Q(1.0),,I,G7,,EMP_WAP,,PT_WAP_SUB,,_Z,,Y,,_T,,Y15T64,,_Z,,Q,,2021-Q1,,70.21087,,,,E,,0,,1,
DATAFLOW,OECD.SDD.TPS:DSD_LFS@DF_IALFS_EMP_WAP_Q(1.0),,I,G7,,EMP_WAP,,PT_WAP_SUB,,_Z,,Y,,_T,,Y15T64,,_Z,,Q,,2021-Q2,,70.68181,,,,E,,0,,1,
DATAFLOW,OECD.SDD.TPS:DSD_LFS@DF_IALFS_EMP_WAP_Q(1.0),,I,G7,,EMP_WAP,,PT_WAP_SUB,,_Z,,Y,,_T,,Y15T64,,_Z,,Q,,2021-Q3,,71.43893,,,,E,,0,,1,
DATAFLOW,OECD.SDD.TPS:DSD_LFS@DF_IALFS_EMP_WAP_Q(1.0),,I,G7,,EMP_WAP,,PT_WAP_SUB,,_Z,,Y,,_T,,Y15T64,,_Z,,Q,,2021-Q4,,71.88638,,,,E,,0,,1,
DATAFLOW,OECD.SDD.TPS:DSD_LFS@DF_IALFS_EMP_WAP_Q(1.0),,I,G7,,EMP_WAP,,PT_WAP_SUB,,_Z,,Y,,_T,,Y15T64,,_Z,,Q,,2022-Q1,,72.14497,,,,E,,0,,1,
DATAFLOW,OECD.SDD.TPS:DSD_LFS@DF_IALFS_EMP_WAP_Q(1.0),,I,G7,,EMP_WAP,,PT_WAP_SUB,,_Z,,Y,,_T,,Y15T64,,_Z,,Q,,2022-Q2,,72.44615,,,,E,,0,,1,
DATAFLOW,OECD.SDD.TPS:DSD_LFS@DF_IALFS_EMP_WAP_Q(1.0),,I,G7,,EMP_WAP,,PT_WAP_SUB,,_Z,,Y,,_T,,Y15T64,,_Z,,Q,,2022-Q3,,72.52462,,,,E,,0,,1,
DATAFLOW,OECD.SDD.TPS:DSD_LFS@DF_IALFS_EMP_WAP_Q(1.0),,I,G7,,EMP_WAP,,PT_WAP_SUB,,_Z,,Y,,_T,,Y15T64,,_Z,,Q,,2022-Q4,,72.58949,,,,E,,0,,1,
DATAFLOW,OECD.SDD.TPS:DSD_LFS@DF_IALFS_EMP_WAP_Q(1.0),,I,G7,,EMP_WAP,,PT_WAP_SUB,,_Z,,Y,,_T,,Y15T64,,_Z,,Q,,2023-Q1,,72.85545,,,,E,,0,,1,
DATAFLOW,OECD.SDD.TPS:DSD_LFS@DF_IALFS_EMP_WAP_Q(1.0),,I,G7,,EMP_WAP,,PT_WAP_SUB,,_Z,,Y,,_T,,Y15T64,,_Z,,Q,,2023-Q2,,73.00449,,,,E,,0,,1,
DATAFLOW,OECD.SDD.TPS:DSD_LFS@DF_IALFS_EMP_WAP_Q(1.0),,I,G7,,EMP_WAP,,PT_WAP_SUB,,_Z,,Y,,_T,,Y15T64,,_Z,,Q,,2023-Q3,,73.01999,,,,E,,0,,1,
DATAFLOW,OECD.SDD.TPS:DSD_LFS@DF_IALFS_EMP_WAP_Q(1.0),,I,G7,,EMP_WAP,,PT_WAP_SUB,,_Z,,Y,,_T,,Y15T64,,_Z,,Q,,2023-Q4,,73.03401,,,,E,,0,,1,
DATAFLOW,OECD.SDD.TPS:DSD_LFS@DF_IALFS_EMP_WAP_Q(1.0),,I,G7,,EMP_WAP,,PT_WAP_SUB,,_Z,,Y,,_T,,Y15T64,,_Z,,Q,,2024-Q1,,72.95271,,,,E,,0,,1,
DATAFLOW,OECD.SDD.TPS:DSD_LFS@DF_IALFS_EMP_WAP_Q(1.0),,I,G7,,EMP_WAP,,PT_WAP_SUB,,_Z,,Y,,_T,,Y15T64,,_Z,,Q,,2024-Q2,,72.99288,,,,E,,0,,1,
DATAFLOW,OECD.SDD.TPS:DSD_LFS@DF_IALFS_EMP_WAP_Q(1.0),,I,G7,,EMP_WAP,,PT_WAP_SUB,,_Z,,Y,,_T,,Y15T64,,_Z,,Q,,2024-Q3,,73.07762,,,,E,,0,,1,
DATAFLOW,OECD.SDD.TPS:DSD_LFS@DF_IALFS_EMP_WAP_Q(1.0),,I,G7,,EMP_WAP,,PT_WAP_SUB,,_Z,,Y,,_T,,Y15T64,,_Z,,Q,,2024-Q4,,73.03855,,,,E,,0,,1,
DATAFLOW,OECD.SDD.TPS:DSD_LFS@DF_IALFS_EMP_WAP_Q(1.0),,I,G7,,EMP_WAP,,PT_WAP_SUB,,_Z,,Y,,_T,,Y15T64,,_Z,,Q,,2025-Q1,,73.1559,,,,E,,0,,1,
DATAFLOW,OECD.SDD.TPS:DSD_LFS@DF_IALFS_EMP_WAP_Q(1.0),,I,G7,,EMP_WAP,,PT_WAP_SUB,,_Z,,Y,,_T,,Y15T64,,_Z,,Q,,2025-Q2,,73.13351,,,,E,,0,,1,
DATAFLOW,OECD.SDD.TPS:DSD_LFS@DF_IALFS_EMP_WAP_Q(1.0),,I,G7,,EMP_WAP,,PT_WAP_SUB,,_Z,,Y,,_T,,Y15T64,,_Z,,Q,,2025-Q3,,73.04405,,,,E,,0,,1,
DATAFLOW,OECD.SDD.TPS:DSD_LFS@DF_IALFS_EMP_WAP_Q(1.0),,I,G7,,EMP_WAP,,PT_WAP_SUB,,_Z,,Y,,_T,,Y15T64,,_Z,,Q,,2025-Q4,,73.17562,,,,E,,0,,1,
DATAFLOW,OECD.SDD.TPS:DSD_LFS@DF_IALFS_EMP_WAP_Q(1.0),,I,G7,,EMP_WAP,,PT_WAP_SUB,,_Z,,Y,,_T,,Y15T64,,_Z,,Q,,2026-Q1,,73.18766,,,,E,,0,,1,
DATAFLOW,OECD.SDD.TPS:DSD_LFS@DF_IALFS_EMP_WAP_Q(1.0),,I,CHL,,EMP_WAP,,PT_WAP_SUB,,_Z,,Y,,_T,,Y15T64,,_Z,,Q,,2005-Q1,,54.41882,,,,E,,0,,1,
DATAFLOW,OECD.SDD.TPS:DSD_LFS@DF_IALFS_EMP_WAP_Q(1.0),,I,CHL,,EMP_WAP,,PT_WAP_SUB,,_Z,,Y,,_T,,Y15T64,,_Z,,Q,,2005-Q2,,54.42902,,,,E,,0,,1,
DATAFLOW,OECD.SDD.TPS:DSD_LFS@DF_IALFS_EMP_WAP_Q(1.0),,I,CHL,,EMP_WAP,,PT_WAP_SUB,,_Z,,Y,,_T,,Y15T64,,_Z,,Q,,2005-Q3,,54.3471,,,,E,,0,,1,
DATAFLOW,OECD.SDD.TPS:DSD_LFS@DF_IALFS_EMP_WAP_Q(1.0),,I,CHL,,EMP_WAP,,PT_WAP_SUB,,_Z,,Y,,_T,,Y15T64,,_Z,,Q,,2005-Q4,,54.58558,,,,E,,0,,1,
DATAFLOW,OECD.SDD.TPS:DSD_LFS@DF_IALFS_EMP_WAP_Q(1.0),,I,CHL,,EMP_WAP,,PT_WAP_SUB,,_Z,,Y,,_T,,Y15T64,,_Z,,Q,,2006-Q1,,55.18908,,,,E,,0,,1,
DATAFLOW,OECD.SDD.TPS:DSD_LFS@DF_IALFS_EMP_WAP_Q(1.0),,I,CHL,,EMP_WAP,,PT_WAP_SUB,,_Z,,Y,,_T,,Y15T64,,_Z,,Q,,2006-Q2,,55.36325,,,,E,,0,,1,
DATAFLOW,OECD.SDD.TPS:DSD_LFS@DF_IALFS_EMP_WAP_Q(1.0),,I,CHL,,EMP_WAP,,PT_WAP_SUB,,_Z,,Y,,_T,,Y15T64,,_Z,,Q,,2006-Q3,,55.43705,,,,E,,0,,1,
DATAFLOW,OECD.SDD.TPS:DSD_LFS@DF_IALFS_EMP_WAP_Q(1.0),,I,CHL,,EMP_WAP,,PT_WAP_SUB,,_Z,,Y,,_T,,Y15T64,,_Z,,Q,,2006-Q4,,55.99848,,,,E,,0,,1,
DATAFLOW,OECD.SDD.TPS:DSD_LFS@DF_IALFS_EMP_WAP_Q(1.0),,I,CHL,,EMP_WAP,,PT_WAP_SUB,,_Z,,Y,,_T,,Y15T64,,_Z,,Q,,2007-Q1,,56.36299,,,,E,,0,,1,
DATAFLOW,OECD.SDD.TPS:DSD_LFS@DF_IALFS_EMP_WAP_Q(1.0),,I,CHL,,EMP_WAP,,PT_WAP_SUB,,_Z,,Y,,_T,,Y15T64,,_Z,,Q,,2007-Q2,,56.36611,,,,E,,0,,1,
DATAFLOW,OECD.SDD.TPS:DSD_LFS@DF_IALFS_EMP_WAP_Q(1.0),,I,CHL,,EMP_WAP,,PT_WAP_SUB,,_Z,,Y,,_T,,Y15T64,,_Z,,Q,,2007-Q3,,56.01076,,,,E,,0,,1,
DATAFLOW,OECD.SDD.TPS:DSD_LFS@DF_IALFS_EMP_WAP_Q(1.0),,I,CHL,,EMP_WAP,,PT_WAP_SUB,,_Z,,Y,,_T,,Y15T64,,_Z,,Q,,2007-Q4,,56.57822,,,,E,,0,,1,
DATAFLOW,OECD.SDD.TPS:DSD_LFS@DF_IALFS_EMP_WAP_Q(1.0),,I,CHL,,EMP_WAP,,PT_WAP_SUB,,_Z,,Y,,_T,,Y15T64,,_Z,,Q,,2008-Q1,,57.27271,,,,E,,0,,1,
DATAFLOW,OECD.SDD.TPS:DSD_LFS@DF_IALFS_EMP_WAP_Q(1.0),,I,CHL,,EMP_WAP,,PT_WAP_SUB,,_Z,,Y,,_T,,Y15T64,,_Z,,Q,,2008-Q2,,57.19077,,,,E,,0,,1,
DATAFLOW,OECD.SDD.TPS:DSD_LFS@DF_IALFS_EMP_WAP_Q(1.0),,I,CHL,,EMP_WAP,,PT_WAP_SUB,,_Z,,Y,,_T,,Y15T64,,_Z,,Q,,2008-Q3,,57.29323,,,,E,,0,,1,
DATAFLOW,OECD.SDD.TPS:DSD_LFS@DF_IALFS_EMP_WAP_Q(1.0),,I,CHL,,EMP_WAP,,PT_WAP_SUB,,_Z,,Y,,_T,,Y15T64,,_Z,,Q,,2008-Q4,,57.28894,,,,E,,0,,1,
DATAFLOW,OECD.SDD.TPS:DSD_LFS@DF_IALFS_EMP_WAP_Q(1.0),,I,CHL,,EMP_WAP,,PT_WAP_SUB,,_Z,,Y,,_T,,Y15T64,,_Z,,Q,,2009-Q1,,56.29493,,,,E,,0,,1,
DATAFLOW,OECD.SDD.TPS:DSD_LFS@DF_IALFS_EMP_WAP_Q(1.0),,I,CHL,,EMP_WAP,,PT_WAP_SUB,,_Z,,Y,,_T,,Y15T64,,_Z,,Q,,2009-Q2,,55.7187,,,,E,,0,,1,
DATAFLOW,OECD.SDD.TPS:DSD_LFS@DF_IALFS_EMP_WAP_Q(1.0),,I,CHL,,EMP_WAP,,PT_WAP_SUB,,_Z,,Y,,_T,,Y15T64,,_Z,,Q,,2009-Q3,,55.88289,,,,E,,0,,1,
DATAFLOW,OECD.SDD.TPS:DSD_LFS@DF_IALFS_EMP_WAP_Q(1.0),,I,CHL,,EMP_WAP,,PT_WAP_SUB,,_Z,,Y,,_T,,Y15T64,,_Z,,Q,,2009-Q4,,56.35162,,,,E,,0,,1,
DATAFLOW,OECD.SDD.TPS:DSD_LFS@DF_IALFS_EMP_WAP_Q(1.0),,I,CHL,,EMP_WAP,,PT_WAP_SUB,,_Z,,Y,,_T,,Y15T64,,_Z,,Q,,2010-Q1,,58.89017,,,,E,,0,,1,
DATAFLOW,OECD.SDD.TPS:DSD_LFS@DF_IALFS_EMP_WAP_Q(1.0),,I,CHL,,EMP_WAP,,PT_WAP_SUB,,_Z,,Y,,_T,,Y15T64,,_Z,,Q,,2010-Q2,,59.61716,,,,E,,0,,1,
DATAFLOW,OECD.SDD.TPS:DSD_LFS@DF_IALFS_EMP_WAP_Q(1.0),,I,CHL,,EMP_WAP,,PT_WAP_SUB,,_Z,,Y,,_T,,Y15T64,,_Z,,Q,,2010-Q3,,60.83533,,,,E,,0,,1,
DATAFLOW,OECD.SDD.TPS:DSD_LFS@DF_IALFS_EMP_WAP_Q(1.0),,I,CHL,,EMP_WAP,,PT_WAP_SUB,,_Z,,Y,,_T,,Y15T64,,_Z,,Q,,2010-Q4,,61.05011,,,,E,,0,,1,
DATAFLOW,OECD.SDD.TPS:DSD_LFS@DF_IALFS_EMP_WAP_Q(1.0),,I,CHL,,EMP_WAP,,PT_WAP_SUB,,_Z,,Y,,_T,,Y15T64,,_Z,,Q,,2011-Q1,,61.50358,,,,E,,0,,1,
DATAFLOW,OECD.SDD.TPS:DSD_LFS@DF_IALFS_EMP_WAP_Q(1.0),,I,CHL,,EMP_WAP,,PT_WAP_SUB,,_Z,,Y,,_T,,Y15T64,,_Z,,Q,,2011-Q2,,62.39339,,,,E,,0,,1,
DATAFLOW,OECD.SDD.TPS:DSD_LFS@DF_IALFS_EMP_WAP_Q(1.0),,I,CHL,,EMP_WAP,,PT_WAP_SUB,,_Z,,Y,,_T,,Y15T64,,_Z,,Q,,2011-Q3,,62.2431,,,,E,,0,,1,
DATAFLOW,OECD.SDD.TPS:DSD_LFS@DF_IALFS_EMP_WAP_Q(1.0),,I,CHL,,EMP_WAP,,PT_WAP_SUB,,_Z,,Y,,_T,,Y15T64,,_Z,,Q,,2011-Q4,,62.02196,,,,E,,0,,1,
DATAFLOW,OECD.SDD.TPS:DSD_LFS@DF_IALFS_EMP_WAP_Q(1.0),,I,CHL,,EMP_WAP,,PT_WAP_SUB,,_Z,,Y,,_T,,Y15T64,,_Z,,Q,,2012-Q1,,62.54139,,,,E,,0,,1,
DATAFLOW,OECD.SDD.TPS:DSD_LFS@DF_IALFS_EMP_WAP_Q(1.0),,I,CHL,,EMP_WAP,,PT_WAP_SUB,,_Z,,Y,,_T,,Y15T64,,_Z,,Q,,2012-Q2,,62.58093,,,,E,,0,,1,
DATAFLOW,OECD.SDD.TPS:DSD_LFS@DF_IALFS_EMP_WAP_Q(1.0),,I,CHL,,EMP_WAP,,PT_WAP_SUB,,_Z,,Y,,_T,,Y15T64,,_Z,,Q,,2012-Q3,,63.01965,,,,E,,0,,1,
DATAFLOW,OECD.SDD.TPS:DSD_LFS@DF_IALFS_EMP_WAP_Q(1.0),,I,CHL,,EMP_WAP,,PT_WAP_SUB,,_Z,,Y,,_T,,Y15T64,,_Z,,Q,,2012-Q4,,62.46041,,,,E,,0,,1,
DATAFLOW,OECD.SDD.TPS:DSD_LFS@DF_IALFS_EMP_WAP_Q(1.0),,I,CHL,,EMP_WAP,,PT_WAP_SUB,,_Z,,Y,,_T,,Y15T64,,_Z,,Q,,2013-Q1,,62.94406,,,,E,,0,,1,
DATAFLOW,OECD.SDD.TPS:DSD_LFS@DF_IALFS_EMP_WAP_Q(1.0),,I,CHL,,EMP_WAP,,PT_WAP_SUB,,_Z,,Y,,_T,,Y15T64,,_Z,,Q,,2013-Q2,,63.25195,,,,E,,0,,1,
DATAFLOW,OECD.SDD.TPS:DSD_LFS@DF_IALFS_EMP_WAP_Q(1.0),,I,CHL,,EMP_WAP,,PT_WAP_SUB,,_Z,,Y,,_T,,Y15T64,,_Z,,Q,,2013-Q3,,63.20242,,,,E,,0,,1,
DATAFLOW,OECD.SDD.TPS:DSD_LFS@DF_IALFS_EMP_WAP_Q(1.0),,I,CHL,,EMP_WAP,,PT_WAP_SUB,,_Z,,Y,,_T,,Y15T64,,_Z,,Q,,2013-Q4,,63.19756,,,,E,,0,,1,
DATAFLOW,OECD.SDD.TPS:DSD_LFS@DF_IALFS_EMP_WAP_Q(1.0),,I,CHL,,EMP_WAP,,PT_WAP_SUB,,_Z,,Y,,_T,,Y15T64,,_Z,,Q,,2014-Q1,,63.26509,,,,E,,0,,1,
DATAFLOW,OECD.SDD.TPS:DSD_LFS@DF_IALFS_EMP_WAP_Q(1.0),,I,CHL,,EMP_WAP,,PT_WAP_SUB,,_Z,,Y,,_T,,Y15T64,,_Z,,Q,,2014-Q2,,63.45416,,,,E,,0,,1,
DATAFLOW,OECD.SDD.TPS:DSD_LFS@DF_IALFS_EMP_WAP_Q(1.0),,I,CHL,,EMP_WAP,,PT_WAP_SUB,,_Z,,Y,,_T,,Y15T64,,_Z,,Q,,2014-Q3,,63.14543,,,,E,,0,,1,
DATAFLOW,OECD.SDD.TPS:DSD_LFS@DF_IALFS_EMP_WAP_Q(1.0),,I,CHL,,EMP_WAP,,PT_WAP_SUB,,_Z,,Y,,_T,,Y15T64,,_Z,,Q,,2014-Q4,,63.07899,,,,E,,0,,1,
DATAFLOW,OECD.SDD.TPS:DSD_LFS@DF_IALFS_EMP_WAP_Q(1.0),,I,CHL,,EMP_WAP,,PT_WAP_SUB,,_Z,,Y,,_T,,Y15T64,,_Z,,Q,,2015-Q1,,63.22772,,,,E,,0,,1,
DATAFLOW,OECD.SDD.TPS:DSD_LFS@DF_IALFS_EMP_WAP_Q(1.0),,I,CHL,,EMP_WAP,,PT_WAP_SUB,,_Z,,Y,,_T,,Y15T64,,_Z,,Q,,2015-Q2,,63.38213,,,,E,,0,,1,
DATAFLOW,OECD.SDD.TPS:DSD_LFS@DF_IALFS_EMP_WAP_Q(1.0),,I,CHL,,EMP_WAP,,PT_WAP_SUB,,_Z,,Y,,_T,,Y15T64,,_Z,,Q,,2015-Q3,,63.80507,,,,E,,0,,1,
DATAFLOW,OECD.SDD.TPS:DSD_LFS@DF_IALFS_EMP_WAP_Q(1.0),,I,CHL,,EMP_WAP,,PT_WAP_SUB,,_Z,,Y,,_T,,Y15T64,,_Z,,Q,,2015-Q4,,63.58002,,,,E,,0,,1,
DATAFLOW,OECD.SDD.TPS:DSD_LFS@DF_IALFS_EMP_WAP_Q(1.0),,I,CHL,,EMP_WAP,,PT_WAP_SUB,,_Z,,Y,,_T,,Y15T64,,_Z,,Q,,2016-Q1,,63.16905,,,,E,,0,,1,
DATAFLOW,OECD.SDD.TPS:DSD_LFS@DF_IALFS_EMP_WAP_Q(1.0),,I,CHL,,EMP_WAP,,PT_WAP_SUB,,_Z,,Y,,_T,,Y15T64,,_Z,,Q,,2016-Q2,,63.31311,,,,E,,0,,1,
DATAFLOW,OECD.SDD.TPS:DSD_LFS@DF_IALFS_EMP_WAP_Q(1.0),,I,CHL,,EMP_WAP,,PT_WAP_SUB,,_Z,,Y,,_T,,Y15T64,,_Z,,Q,,2016-Q3,,63.5886,,,,E,,0,,1,
DATAFLOW,OECD.SDD.TPS:DSD_LFS@DF_IALFS_EMP_WAP_Q(1.0),,I,CHL,,EMP_WAP,,PT_WAP_SUB,,_Z,,Y,,_T,,Y15T64,,_Z,,Q,,2016-Q4,,63.3143,,,,E,,0,,1,
DATAFLOW,OECD.SDD.TPS:DSD_LFS@DF_IALFS_EMP_WAP_Q(1.0),,I,CHL,,EMP_WAP,,PT_WAP_SUB,,_Z,,Y,,_T,,Y15T64,,_Z,,Q,,2017-Q1,,63.31952,,,,E,,0,,1,
DATAFLOW,OECD.SDD.TPS:DSD_LFS@DF_IALFS_EMP_WAP_Q(1.0),,I,CHL,,EMP_WAP,,PT_WAP_SUB,,_Z,,Y,,_T,,Y15T64,,_Z,,Q,,2017-Q2,,63.8451,,,,E,,0,,1,
DATAFLOW,OECD.SDD.TPS:DSD_LFS@DF_IALFS_EMP_WAP_Q(1.0),,I,CHL,,EMP_WAP,,PT_WAP_SUB,,_Z,,Y,,_T,,Y15T64,,_Z,,Q,,2017-Q3,,64.28412,,,,E,,0,,1,
DATAFLOW,OECD.SDD.TPS:DSD_LFS@DF_IALFS_EMP_WAP_Q(1.0),,I,CHL,,EMP_WAP,,PT_WAP_SUB,,_Z,,Y,,_T,,Y15T64,,_Z,,Q,,2017-Q4,,64.17335,,,,E,,0,,1,
DATAFLOW,OECD.SDD.TPS:DSD_LFS@DF_IALFS_EMP_WAP_Q(1.0),,I,CHL,,EMP_WAP,,PT_WAP_SUB,,_Z,,Y,,_T,,Y15T64,,_Z,,Q,,2018-Q1,,64.18523,,,,E,,0,,1,
DATAFLOW,OECD.SDD.TPS:DSD_LFS@DF_IALFS_EMP_WAP_Q(1.0),,I,CHL,,EMP_WAP,,PT_WAP_SUB,,_Z,,Y,,_T,,Y15T64,,_Z,,Q,,2018-Q2,,64.38932,,,,E,,0,,1,
DATAFLOW,OECD.SDD.TPS:DSD_LFS@DF_IALFS_EMP_WAP_Q(1.0),,I,CHL,,EMP_WAP,,PT_WAP_SUB,,_Z,,Y,,_T,,Y15T64,,_Z,,Q,,2018-Q3,,63.76407,,,,E,,0,,1,
DATAFLOW,OECD.SDD.TPS:DSD_LFS@DF_IALFS_EMP_WAP_Q(1.0),,I,CHL,,EMP_WAP,,PT_WAP_SUB,,_Z,,Y,,_T,,Y15T64,,_Z,,Q,,2018-Q4,,64.05801,,,,E,,0,,1,
DATAFLOW,OECD.SDD.TPS:DSD_LFS@DF_IALFS_EMP_WAP_Q(1.0),,I,CHL,,EMP_WAP,,PT_WAP_SUB,,_Z,,Y,,_T,,Y15T64,,_Z,,Q,,2019-Q1,,63.72429,,,,E,,0,,1,
DATAFLOW,OECD.SDD.TPS:DSD_LFS@DF_IALFS_EMP_WAP_Q(1.0),,I,CHL,,EMP_WAP,,PT_WAP_SUB,,_Z,,Y,,_T,,Y15T64,,_Z,,Q,,2019-Q2,,64.2473,,,,E,,0,,1,
DATAFLOW,OECD.SDD.TPS:DSD_LFS@DF_IALFS_EMP_WAP_Q(1.0),,I,CHL,,EMP_WAP,,PT_WAP_SUB,,_Z,,Y,,_T,,Y15T64,,_Z,,Q,,2019-Q3,,64.51495,,,,E,,0,,1,
DATAFLOW,OECD.SDD.TPS:DSD_LFS@DF_IALFS_EMP_WAP_Q(1.0),,I,CHL,,EMP_WAP,,PT_WAP_SUB,,_Z,,Y,,_T,,Y15T64,,_Z,,Q,,2019-Q4,,63.90211,,,,E,,0,,1,
DATAFLOW,OECD.SDD.TPS:DSD_LFS@DF_IALFS_EMP_WAP_Q(1.0),,I,CHL,,EMP_WAP,,PT_WAP_SUB,,_Z,,Y,,_T,,Y15T64,,_Z,,Q,,2020-Q1,,63.18051,,,,E,,0,,1,
DATAFLOW,OECD.SDD.TPS:DSD_LFS@DF_IALFS_EMP_WAP_Q(1.0),,I,CHL,,EMP_WAP,,PT_WAP_SUB,,_Z,,Y,,_T,,Y15T64,,_Z,,Q,,2020-Q2,,51.22849,,,,E,,0,,1,
DATAFLOW,OECD.SDD.TPS:DSD_LFS@DF_IALFS_EMP_WAP_Q(1.0),,I,CHL,,EMP_WAP,,PT_WAP_SUB,,_Z,,Y,,_T,,Y15T64,,_Z,,Q,,2020-Q3,,52.60545,,,,E,,0,,1,
DATAFLOW,OECD.SDD.TPS:DSD_LFS@DF_IALFS_EMP_WAP_Q(1.0),,I,CHL,,EMP_WAP,,PT_WAP_SUB,,_Z,,Y,,_T,,Y15T64,,_Z,,Q,,2020-Q4,,56.41079,,,,E,,0,,1,
DATAFLOW,OECD.SDD.TPS:DSD_LFS@DF_IALFS_EMP_WAP_Q(1.0),,I,CHL,,EMP_WAP,,PT_WAP_SUB,,_Z,,Y,,_T,,Y15T64,,_Z,,Q,,2021-Q1,,57.36748,,,,E,,0,,1,
DATAFLOW,OECD.SDD.TPS:DSD_LFS@DF_IALFS_EMP_WAP_Q(1.0),,I,CHL,,EMP_WAP,,PT_WAP_SUB,,_Z,,Y,,_T,,Y15T64,,_Z,,Q,,2021-Q2,,57.0589,,,,E,,0,,1,
DATAFLOW,OECD.SDD.TPS:DSD_LFS@DF_IALFS_EMP_WAP_Q(1.0),,I,CHL,,EMP_WAP,,PT_WAP_SUB,,_Z,,Y,,_T,,Y15T64,,_Z,,Q,,2021-Q3,,59.0892,,,,E,,0,,1,
DATAFLOW,OECD.SDD.TPS:DSD_LFS@DF_IALFS_EMP_WAP_Q(1.0),,I,CHL,,EMP_WAP,,PT_WAP_SUB,,_Z,,Y,,_T,,Y15T64,,_Z,,Q,,2021-Q4,,60.37932,,,,E,,0,,1,
DATAFLOW,OECD.SDD.TPS:DSD_LFS@DF_IALFS_EMP_WAP_Q(1.0),,I,CHL,,EMP_WAP,,PT_WAP_SUB,,_Z,,Y,,_T,,Y15T64,,_Z,,Q,,2022-Q1,,61.50432,,,,E,,0,,1,
DATAFLOW,OECD.SDD.TPS:DSD_LFS@DF_IALFS_EMP_WAP_Q(1.0),,I,CHL,,EMP_WAP,,PT_WAP_SUB,,_Z,,Y,,_T,,Y15T64,,_Z,,Q,,2022-Q2,,62.07255,,,,E,,0,,1,
DATAFLOW,OECD.SDD.TPS:DSD_LFS@DF_IALFS_EMP_WAP_Q(1.0),,I,CHL,,EMP_WAP,,PT_WAP_SUB,,_Z,,Y,,_T,,Y15T64,,_Z,,Q,,2022-Q3,,62.11975,,,,E,,0,,1,
DATAFLOW,OECD.SDD.TPS:DSD_LFS@DF_IALFS_EMP_WAP_Q(1.0),,I,CHL,,EMP_WAP,,PT_WAP_SUB,,_Z,,Y,,_T,,Y15T64,,_Z,,Q,,2022-Q4,,62.03195,,,,E,,0,,1,
DATAFLOW,OECD.SDD.TPS:DSD_LFS@DF_IALFS_EMP_WAP_Q(1.0),,I,CHL,,EMP_WAP,,PT_WAP_SUB,,_Z,,Y,,_T,,Y15T64,,_Z,,Q,,2023-Q1,,62.31784,,,,E,,0,,1,
DATAFLOW,OECD.SDD.TPS:DSD_LFS@DF_IALFS_EMP_WAP_Q(1.0),,I,CHL,,EMP_WAP,,PT_WAP_SUB,,_Z,,Y,,_T,,Y15T64,,_Z,,Q,,2023-Q2,,63.07723,,,,E,,0,,1,
DATAFLOW,OECD.SDD.TPS:DSD_LFS@DF_IALFS_EMP_WAP_Q(1.0),,I,CHL,,EMP_WAP,,PT_WAP_SUB,,_Z,,Y,,_T,,Y15T64,,_Z,,Q,,2023-Q3,,62.84545,,,,E,,0,,1,
DATAFLOW,OECD.SDD.TPS:DSD_LFS@DF_IALFS_EMP_WAP_Q(1.0),,I,CHL,,EMP_WAP,,PT_WAP_SUB,,_Z,,Y,,_T,,Y15T64,,_Z,,Q,,2023-Q4,,63.27762,,,,E,,0,,1,
DATAFLOW,OECD.SDD.TPS:DSD_LFS@DF_IALFS_EMP_WAP_Q(1.0),,I,CHL,,EMP_WAP,,PT_WAP_SUB,,_Z,,Y,,_T,,Y15T64,,_Z,,Q,,2024-Q1,,64.01186,,,,E,,0,,1,
DATAFLOW,OECD.SDD.TPS:DSD_LFS@DF_IALFS_EMP_WAP_Q(1.0),,I,CHL,,EMP_WAP,,PT_WAP_SUB,,_Z,,Y,,_T,,Y15T64,,_Z,,Q,,2024-Q2,,64.78571,,,,E,,0,,1,
DATAFLOW,OECD.SDD.TPS:DSD_LFS@DF_IALFS_EMP_WAP_Q(1.0),,I,CHL,,EMP_WAP,,PT_WAP_SUB,,_Z,,Y,,_T,,Y15T64,,_Z,,Q,,2024-Q3,,64.10872,,,,E,,0,,1,
DATAFLOW,OECD.SDD.TPS:DSD_LFS@DF_IALFS_EMP_WAP_Q(1.0),,I,CHL,,EMP_WAP,,PT_WAP_SUB,,_Z,,Y,,_T,,Y15T64,,_Z,,Q,,2024-Q4,,63.64761,,,,E,,0,,1,
DATAFLOW,OECD.SDD.TPS:DSD_LFS@DF_IALFS_EMP_WAP_Q(1.0),,I,CHL,,EMP_WAP,,PT_WAP_SUB,,_Z,,Y,,_T,,Y15T64,,_Z,,Q,,2025-Q1,,64.23361,,,,E,,0,,1,
DATAFLOW,OECD.SDD.TPS:DSD_LFS@DF_IALFS_EMP_WAP_Q(1.0),,I,CHL,,EMP_WAP,,PT_WAP_SUB,,_Z,,Y,,_T,,Y15T64,,_Z,,Q,,2025-Q2,,64.27831,,,,E,,0,,1,
DATAFLOW,OECD.SDD.TPS:DSD_LFS@DF_IALFS_EMP_WAP_Q(1.0),,I,CHL,,EMP_WAP,,PT_WAP_SUB,,_Z,,Y,,_T,,Y15T64,,_Z,,Q,,2025-Q3,,64.62384,,,,E,,0,,1,
DATAFLOW,OECD.SDD.TPS:DSD_LFS@DF_IALFS_EMP_WAP_Q(1.0),,I,CHL,,EMP_WAP,,PT_WAP_SUB,,_Z,,Y,,_T,,Y15T64,,_Z,,Q,,2025-Q4,,64.32569,,,,E,,0,,1,
DATAFLOW,OECD.SDD.TPS:DSD_LFS@DF_IALFS_EMP_WAP_Q(1.0),,I,CHL,,EMP_WAP,,PT_WAP_SUB,,_Z,,Y,,_T,,Y15T64,,_Z,,Q,,2026-Q1,,64.14732,,,,E,,0,,1,
DATAFLOW,OECD.SDD.TPS:DSD_LFS@DF_IALFS_EMP_WAP_Q(1.0),,I,CHL,,EMP_WAP,,PT_WAP_SUB,,_Z,,Y,,_T,,Y15T64,,_Z,,Q,,2026-Q2,,64.46632,,,,E,,0,,1,
DATAFLOW,OECD.SDD.TPS:DSD_LFS@DF_IALFS_EMP_WAP_Q(1.0),,I,OECD,,EMP_WAP,,PT_WAP_SUB,,_Z,,Y,,_T,,Y15T64,,_Z,,Q,,2005-Q2,,65.06801,,,,E,,0,,1,
DATAFLOW,OECD.SDD.TPS:DSD_LFS@DF_IALFS_EMP_WAP_Q(1.0),,I,OECD,,EMP_WAP,,PT_WAP_SUB,,_Z,,Y,,_T,,Y15T64,,_Z,,Q,,2008-Q1,,66.46989,,,,E,,0,,1,
DATAFLOW,OECD.SDD.TPS:DSD_LFS@DF_IALFS_EMP_WAP_Q(1.0),,I,OECD,,EMP_WAP,,PT_WAP_SUB,,_Z,,Y,,_T,,Y15T64,,_Z,,Q,,2010-Q4,,64.26873,,,,E,,0,,1,
DATAFLOW,OECD.SDD.TPS:DSD_LFS@DF_IALFS_EMP_WAP_Q(1.0),,I,OECD,,EMP_WAP,,PT_WAP_SUB,,_Z,,Y,,_T,,Y15T64,,_Z,,Q,,2011-Q3,,64.64822,,,,E,,0,,1,
DATAFLOW,OECD.SDD.TPS:DSD_LFS@DF_IALFS_EMP_WAP_Q(1.0),,I,OECD,,EMP_WAP,,PT_WAP_SUB,,_Z,,Y,,_T,,Y15T64,,_Z,,Q,,2012-Q4,,64.97148,,,,E,,0,,1,
DATAFLOW,OECD.SDD.TPS:DSD_LFS@DF_IALFS_EMP_WAP_Q(1.0),,I,OECD,,EMP_WAP,,PT_WAP_SUB,,_Z,,Y,,_T,,Y15T64,,_Z,,Q,,2018-Q4,,68.43906,,,,E,,0,,1,
DATAFLOW,OECD.SDD.TPS:DSD_LFS@DF_IALFS_EMP_WAP_Q(1.0),,I,OECD,,EMP_WAP,,PT_WAP_SUB,,_Z,,Y,,_T,,Y15T64,,_Z,,Q,,2021-Q1,,66.71555,,,,E,,0,,1,
DATAFLOW,OECD.SDD.TPS:DSD_LFS@DF_IALFS_EMP_WAP_Q(1.0),,I,OECD,,EMP_WAP,,PT_WAP_SUB,,_Z,,Y,,_T,,Y15T64,,_Z,,Q,,2005-Q1,,64.979,,,,E,,0,,1,
DATAFLOW,OECD.SDD.TPS:DSD_LFS@DF_IALFS_EMP_WAP_Q(1.0),,I,OECD,,EMP_WAP,,PT_WAP_SUB,,_Z,,Y,,_T,,Y15T64,,_Z,,Q,,2005-Q3,,65.28061,,,,E,,0,,1,
DATAFLOW,OECD.SDD.TPS:DSD_LFS@DF_IALFS_EMP_WAP_Q(1.0),,I,OECD,,EMP_WAP,,PT_WAP_SUB,,_Z,,Y,,_T,,Y15T64,,_Z,,Q,,2005-Q4,,65.37929,,,,E,,0,,1,
DATAFLOW,OECD.SDD.TPS:DSD_LFS@DF_IALFS_EMP_WAP_Q(1.0),,I,OECD,,EMP_WAP,,PT_WAP_SUB,,_Z,,Y,,_T,,Y15T64,,_Z,,Q,,2006-Q1,,65.56606,,,,E,,0,,1,
DATAFLOW,OECD.SDD.TPS:DSD_LFS@DF_IALFS_EMP_WAP_Q(1.0),,I,OECD,,EMP_WAP,,PT_WAP_SUB,,_Z,,Y,,_T,,Y15T64,,_Z,,Q,,2006-Q2,,65.74927,,,,E,,0,,1,
DATAFLOW,OECD.SDD.TPS:DSD_LFS@DF_IALFS_EMP_WAP_Q(1.0),,I,OECD,,EMP_WAP,,PT_WAP_SUB,,_Z,,Y,,_T,,Y15T64,,_Z,,Q,,2006-Q3,,65.91867,,,,E,,0,,1,
DATAFLOW,OECD.SDD.TPS:DSD_LFS@DF_IALFS_EMP_WAP_Q(1.0),,I,OECD,,EMP_WAP,,PT_WAP_SUB,,_Z,,Y,,_T,,Y15T64,,_Z,,Q,,2006-Q4,,66.08907,,,,E,,0,,1,
DATAFLOW,OECD.SDD.TPS:DSD_LFS@DF_IALFS_EMP_WAP_Q(1.0),,I,OECD,,EMP_WAP,,PT_WAP_SUB,,_Z,,Y,,_T,,Y15T64,,_Z,,Q,,2007-Q1,,66.14474,,,,E,,0,,1,
DATAFLOW,OECD.SDD.TPS:DSD_LFS@DF_IALFS_EMP_WAP_Q(1.0),,I,OECD,,EMP_WAP,,PT_WAP_SUB,,_Z,,Y,,_T,,Y15T64,,_Z,,Q,,2007-Q2,,66.2328,,,,E,,0,,1,
DATAFLOW,OECD.SDD.TPS:DSD_LFS@DF_IALFS_EMP_WAP_Q(1.0),,I,OECD,,EMP_WAP,,PT_WAP_SUB,,_Z,,Y,,_T,,Y15T64,,_Z,,Q,,2007-Q3,,66.27705,,,,E,,0,,1,
DATAFLOW,OECD.SDD.TPS:DSD_LFS@DF_IALFS_EMP_WAP_Q(1.0),,I,OECD,,EMP_WAP,,PT_WAP_SUB,,_Z,,Y,,_T,,Y15T64,,_Z,,Q,,2007-Q4,,66.4071,,,,E,,0,,1,
DATAFLOW,OECD.SDD.TPS:DSD_LFS@DF_IALFS_EMP_WAP_Q(1.0),,I,OECD,,EMP_WAP,,PT_WAP_SUB,,_Z,,Y,,_T,,Y15T64,,_Z,,Q,,2008-Q2,,66.41987,,,,E,,0,,1,
DATAFLOW,OECD.SDD.TPS:DSD_LFS@DF_IALFS_EMP_WAP_Q(1.0),,I,OECD,,EMP_WAP,,PT_WAP_SUB,,_Z,,Y,,_T,,Y15T64,,_Z,,Q,,2008-Q3,,66.19778,,,,E,,0,,1,
DATAFLOW,OECD.SDD.TPS:DSD_LFS@DF_IALFS_EMP_WAP_Q(1.0),,I,OECD,,EMP_WAP,,PT_WAP_SUB,,_Z,,Y,,_T,,Y15T64,,_Z,,Q,,2008-Q4,,65.7558,,,,E,,0,,1,
DATAFLOW,OECD.SDD.TPS:DSD_LFS@DF_IALFS_EMP_WAP_Q(1.0),,I,OECD,,EMP_WAP,,PT_WAP_SUB,,_Z,,Y,,_T,,Y15T64,,_Z,,Q,,2009-Q1,,64.86167,,,,E,,0,,1,
DATAFLOW,OECD.SDD.TPS:DSD_LFS@DF_IALFS_EMP_WAP_Q(1.0),,I,OECD,,EMP_WAP,,PT_WAP_SUB,,_Z,,Y,,_T,,Y15T64,,_Z,,Q,,2009-Q2,,64.44106,,,,E,,0,,1,
DATAFLOW,OECD.SDD.TPS:DSD_LFS@DF_IALFS_EMP_WAP_Q(1.0),,I,OECD,,EMP_WAP,,PT_WAP_SUB,,_Z,,Y,,_T,,Y15T64,,_Z,,Q,,2009-Q3,,64.24354,,,,E,,0,,1,
DATAFLOW,OECD.SDD.TPS:DSD_LFS@DF_IALFS_EMP_WAP_Q(1.0),,I,OECD,,EMP_WAP,,PT_WAP_SUB,,_Z,,Y,,_T,,Y15T64,,_Z,,Q,,2009-Q4,,64.14491,,,,E,,0,,1,
DATAFLOW,OECD.SDD.TPS:DSD_LFS@DF_IALFS_EMP_WAP_Q(1.0),,I,OECD,,EMP_WAP,,PT_WAP_SUB,,_Z,,Y,,_T,,Y15T64,,_Z,,Q,,2010-Q1,,64.18711,,,,E,,0,,1,
DATAFLOW,OECD.SDD.TPS:DSD_LFS@DF_IALFS_EMP_WAP_Q(1.0),,I,OECD,,EMP_WAP,,PT_WAP_SUB,,_Z,,Y,,_T,,Y15T64,,_Z,,Q,,2010-Q2,,64.31106,,,,E,,0,,1,
DATAFLOW,OECD.SDD.TPS:DSD_LFS@DF_IALFS_EMP_WAP_Q(1.0),,I,OECD,,EMP_WAP,,PT_WAP_SUB,,_Z,,Y,,_T,,Y15T64,,_Z,,Q,,2010-Q3,,64.38394,,,,E,,0,,1,
DATAFLOW,OECD.SDD.TPS:DSD_LFS@DF_IALFS_EMP_WAP_Q(1.0),,I,OECD,,EMP_WAP,,PT_WAP_SUB,,_Z,,Y,,_T,,Y15T64,,_Z,,Q,,2011-Q1,,64.55135,,,,E,,0,,1,
DATAFLOW,OECD.SDD.TPS:DSD_LFS@DF_IALFS_EMP_WAP_Q(1.0),,I,OECD,,EMP_WAP,,PT_WAP_SUB,,_Z,,Y,,_T,,Y15T64,,_Z,,Q,,2011-Q2,,64.61692,,,,E,,0,,1,
DATAFLOW,OECD.SDD.TPS:DSD_LFS@DF_IALFS_EMP_WAP_Q(1.0),,I,OECD,,EMP_WAP,,PT_WAP_SUB,,_Z,,Y,,_T,,Y15T64,,_Z,,Q,,2011-Q4,,64.78581,,,,E,,0,,1,
DATAFLOW,OECD.SDD.TPS:DSD_LFS@DF_IALFS_EMP_WAP_Q(1.0),,I,OECD,,EMP_WAP,,PT_WAP_SUB,,_Z,,Y,,_T,,Y15T64,,_Z,,Q,,2012-Q1,,64.74981,,,,E,,0,,1,
DATAFLOW,OECD.SDD.TPS:DSD_LFS@DF_IALFS_EMP_WAP_Q(1.0),,I,OECD,,EMP_WAP,,PT_WAP_SUB,,_Z,,Y,,_T,,Y15T64,,_Z,,Q,,2012-Q2,,64.91538,,,,E,,0,,1,
DATAFLOW,OECD.SDD.TPS:DSD_LFS@DF_IALFS_EMP_WAP_Q(1.0),,I,OECD,,EMP_WAP,,PT_WAP_SUB,,_Z,,Y,,_T,,Y15T64,,_Z,,Q,,2012-Q3,,64.96101,,,,E,,0,,1,
DATAFLOW,OECD.SDD.TPS:DSD_LFS@DF_IALFS_EMP_WAP_Q(1.0),,I,OECD,,EMP_WAP,,PT_WAP_SUB,,_Z,,Y,,_T,,Y15T64,,_Z,,Q,,2013-Q1,,64.88042,,,,E,,0,,1,
DATAFLOW,OECD.SDD.TPS:DSD_LFS@DF_IALFS_EMP_WAP_Q(1.0),,I,OECD,,EMP_WAP,,PT_WAP_SUB,,_Z,,Y,,_T,,Y15T64,,_Z,,Q,,2013-Q2,,65.06749,,,,E,,0,,1,
DATAFLOW,OECD.SDD.TPS:DSD_LFS@DF_IALFS_EMP_WAP_Q(1.0),,I,OECD,,EMP_WAP,,PT_WAP_SUB,,_Z,,Y,,_T,,Y15T64,,_Z,,Q,,2013-Q3,,65.1656,,,,E,,0,,1,
DATAFLOW,OECD.SDD.TPS:DSD_LFS@DF_IALFS_EMP_WAP_Q(1.0),,I,OECD,,EMP_WAP,,PT_WAP_SUB,,_Z,,Y,,_T,,Y15T64,,_Z,,Q,,2013-Q4,,65.27655,,,,E,,0,,1,
DATAFLOW,OECD.SDD.TPS:DSD_LFS@DF_IALFS_EMP_WAP_Q(1.0),,I,OECD,,EMP_WAP,,PT_WAP_SUB,,_Z,,Y,,_T,,Y15T64,,_Z,,Q,,2014-Q1,,65.45168,,,,E,,0,,1,
DATAFLOW,OECD.SDD.TPS:DSD_LFS@DF_IALFS_EMP_WAP_Q(1.0),,I,OECD,,EMP_WAP,,PT_WAP_SUB,,_Z,,Y,,_T,,Y15T64,,_Z,,Q,,2014-Q2,,65.59183,,,,E,,0,,1,
DATAFLOW,OECD.SDD.TPS:DSD_LFS@DF_IALFS_EMP_WAP_Q(1.0),,I,OECD,,EMP_WAP,,PT_WAP_SUB,,_Z,,Y,,_T,,Y15T64,,_Z,,Q,,2014-Q3,,65.72293,,,,E,,0,,1,
DATAFLOW,OECD.SDD.TPS:DSD_LFS@DF_IALFS_EMP_WAP_Q(1.0),,I,OECD,,EMP_WAP,,PT_WAP_SUB,,_Z,,Y,,_T,,Y15T64,,_Z,,Q,,2014-Q4,,65.87272,,,,E,,0,,1,
DATAFLOW,OECD.SDD.TPS:DSD_LFS@DF_IALFS_EMP_WAP_Q(1.0),,I,OECD,,EMP_WAP,,PT_WAP_SUB,,_Z,,Y,,_T,,Y15T64,,_Z,,Q,,2015-Q1,,66.01967,,,,E,,0,,1,
DATAFLOW,OECD.SDD.TPS:DSD_LFS@DF_IALFS_EMP_WAP_Q(1.0),,I,OECD,,EMP_WAP,,PT_WAP_SUB,,_Z,,Y,,_T,,Y15T64,,_Z,,Q,,2015-Q2,,66.14019,,,,E,,0,,1,
DATAFLOW,OECD.SDD.TPS:DSD_LFS@DF_IALFS_EMP_WAP_Q(1.0),,I,OECD,,EMP_WAP,,PT_WAP_SUB,,_Z,,Y,,_T,,Y15T64,,_Z,,Q,,2015-Q3,,66.30648,,,,E,,0,,1,
DATAFLOW,OECD.SDD.TPS:DSD_LFS@DF_IALFS_EMP_WAP_Q(1.0),,I,OECD,,EMP_WAP,,PT_WAP_SUB,,_Z,,Y,,_T,,Y15T64,,_Z,,Q,,2015-Q4,,66.54042,,,,E,,0,,1,
DATAFLOW,OECD.SDD.TPS:DSD_LFS@DF_IALFS_EMP_WAP_Q(1.0),,I,OECD,,EMP_WAP,,PT_WAP_SUB,,_Z,,Y,,_T,,Y15T64,,_Z,,Q,,2016-Q1,,66.68974,,,,E,,0,,1,
DATAFLOW,OECD.SDD.TPS:DSD_LFS@DF_IALFS_EMP_WAP_Q(1.0),,I,OECD,,EMP_WAP,,PT_WAP_SUB,,_Z,,Y,,_T,,Y15T64,,_Z,,Q,,2016-Q2,,66.82326,,,,E,,0,,1,
DATAFLOW,OECD.SDD.TPS:DSD_LFS@DF_IALFS_EMP_WAP_Q(1.0),,I,OECD,,EMP_WAP,,PT_WAP_SUB,,_Z,,Y,,_T,,Y15T64,,_Z,,Q,,2016-Q3,,66.97116,,,,E,,0,,1,
DATAFLOW,OECD.SDD.TPS:DSD_LFS@DF_IALFS_EMP_WAP_Q(1.0),,I,OECD,,EMP_WAP,,PT_WAP_SUB,,_Z,,Y,,_T,,Y15T64,,_Z,,Q,,2016-Q4,,67.10317,,,,E,,0,,1,
DATAFLOW,OECD.SDD.TPS:DSD_LFS@DF_IALFS_EMP_WAP_Q(1.0),,I,OECD,,EMP_WAP,,PT_WAP_SUB,,_Z,,Y,,_T,,Y15T64,,_Z,,Q,,2017-Q1,,67.31614,,,,E,,0,,1,
DATAFLOW,OECD.SDD.TPS:DSD_LFS@DF_IALFS_EMP_WAP_Q(1.0),,I,OECD,,EMP_WAP,,PT_WAP_SUB,,_Z,,Y,,_T,,Y15T64,,_Z,,Q,,2017-Q2,,67.57101,,,,E,,0,,1,
DATAFLOW,OECD.SDD.TPS:DSD_LFS@DF_IALFS_EMP_WAP_Q(1.0),,I,OECD,,EMP_WAP,,PT_WAP_SUB,,_Z,,Y,,_T,,Y15T64,,_Z,,Q,,2017-Q3,,67.74442,,,,E,,0,,1,
DATAFLOW,OECD.SDD.TPS:DSD_LFS@DF_IALFS_EMP_WAP_Q(1.0),,I,OECD,,EMP_WAP,,PT_WAP_SUB,,_Z,,Y,,_T,,Y15T64,,_Z,,Q,,2017-Q4,,67.88928,,,,E,,0,,1,
DATAFLOW,OECD.SDD.TPS:DSD_LFS@DF_IALFS_EMP_WAP_Q(1.0),,I,OECD,,EMP_WAP,,PT_WAP_SUB,,_Z,,Y,,_T,,Y15T64,,_Z,,Q,,2018-Q1,,68.08533,,,,E,,0,,1,
DATAFLOW,OECD.SDD.TPS:DSD_LFS@DF_IALFS_EMP_WAP_Q(1.0),,I,OECD,,EMP_WAP,,PT_WAP_SUB,,_Z,,Y,,_T,,Y15T64,,_Z,,Q,,2018-Q2,,68.29042,,,,E,,0,,1,
DATAFLOW,OECD.SDD.TPS:DSD_LFS@DF_IALFS_EMP_WAP_Q(1.0),,I,OECD,,EMP_WAP,,PT_WAP_SUB,,_Z,,Y,,_T,,Y15T64,,_Z,,Q,,2018-Q3,,68.38671,,,,E,,0,,1,
DATAFLOW,OECD.SDD.TPS:DSD_LFS@DF_IALFS_EMP_WAP_Q(1.0),,I,OECD,,EMP_WAP,,PT_WAP_SUB,,_Z,,Y,,_T,,Y15T64,,_Z,,Q,,2019-Q1,,68.53588,,,,E,,0,,1,
DATAFLOW,OECD.SDD.TPS:DSD_LFS@DF_IALFS_EMP_WAP_Q(1.0),,I,OECD,,EMP_WAP,,PT_WAP_SUB,,_Z,,Y,,_T,,Y15T64,,_Z,,Q,,2019-Q2,,68.65092,,,,E,,0,,1,
DATAFLOW,OECD.SDD.TPS:DSD_LFS@DF_IALFS_EMP_WAP_Q(1.0),,I,OECD,,EMP_WAP,,PT_WAP_SUB,,_Z,,Y,,_T,,Y15T64,,_Z,,Q,,2019-Q3,,68.72877,,,,E,,0,,1,
DATAFLOW,OECD.SDD.TPS:DSD_LFS@DF_IALFS_EMP_WAP_Q(1.0),,I,OECD,,EMP_WAP,,PT_WAP_SUB,,_Z,,Y,,_T,,Y15T64,,_Z,,Q,,2019-Q4,,68.87984,,,,E,,0,,1,
DATAFLOW,OECD.SDD.TPS:DSD_LFS@DF_IALFS_EMP_WAP_Q(1.0),,I,OECD,,EMP_WAP,,PT_WAP_SUB,,_Z,,Y,,_T,,Y15T64,,_Z,,Q,,2020-Q1,,68.4662,,,,E,,0,,1,
DATAFLOW,OECD.SDD.TPS:DSD_LFS@DF_IALFS_EMP_WAP_Q(1.0),,I,OECD,,EMP_WAP,,PT_WAP_SUB,,_Z,,Y,,_T,,Y15T64,,_Z,,Q,,2020-Q2,,63.28121,,,,E,,0,,1,
DATAFLOW,OECD.SDD.TPS:DSD_LFS@DF_IALFS_EMP_WAP_Q(1.0),,I,OECD,,EMP_WAP,,PT_WAP_SUB,,_Z,,Y,,_T,,Y15T64,,_Z,,Q,,2020-Q3,,65.49032,,,,E,,0,,1,
DATAFLOW,OECD.SDD.TPS:DSD_LFS@DF_IALFS_EMP_WAP_Q(1.0),,I,OECD,,EMP_WAP,,PT_WAP_SUB,,_Z,,Y,,_T,,Y15T64,,_Z,,Q,,2020-Q4,,66.47752,,,,E,,0,,1,
DATAFLOW,OECD.SDD.TPS:DSD_LFS@DF_IALFS_EMP_WAP_Q(1.0),,I,OECD,,EMP_WAP,,PT_WAP_SUB,,_Z,,Y,,_T,,Y15T64,,_Z,,Q,,2021-Q2,,67.29237,,,,E,,0,,1,
DATAFLOW,OECD.SDD.TPS:DSD_LFS@DF_IALFS_EMP_WAP_Q(1.0),,I,OECD,,EMP_WAP,,PT_WAP_SUB,,_Z,,Y,,_T,,Y15T64,,_Z,,Q,,2021-Q3,,68.09389,,,,E,,0,,1,
DATAFLOW,OECD.SDD.TPS:DSD_LFS@DF_IALFS_EMP_WAP_Q(1.0),,I,OECD,,EMP_WAP,,PT_WAP_SUB,,_Z,,Y,,_T,,Y15T64,,_Z,,Q,,2021-Q4,,68.57724,,,,E,,0,,1,
DATAFLOW,OECD.SDD.TPS:DSD_LFS@DF_IALFS_EMP_WAP_Q(1.0),,I,OECD,,EMP_WAP,,PT_WAP_SUB,,_Z,,Y,,_T,,Y15T64,,_Z,,Q,,2022-Q1,,68.94614,,,,E,,0,,1,
DATAFLOW,OECD.SDD.TPS:DSD_LFS@DF_IALFS_EMP_WAP_Q(1.0),,I,OECD,,EMP_WAP,,PT_WAP_SUB,,_Z,,Y,,_T,,Y15T64,,_Z,,Q,,2022-Q2,,69.34221,,,,E,,0,,1,
DATAFLOW,OECD.SDD.TPS:DSD_LFS@DF_IALFS_EMP_WAP_Q(1.0),,I,OECD,,EMP_WAP,,PT_WAP_SUB,,_Z,,Y,,_T,,Y15T64,,_Z,,Q,,2022-Q3,,69.43337,,,,E,,0,,1,
DATAFLOW,OECD.SDD.TPS:DSD_LFS@DF_IALFS_EMP_WAP_Q(1.0),,I,OECD,,EMP_WAP,,PT_WAP_SUB,,_Z,,Y,,_T,,Y15T64,,_Z,,Q,,2022-Q4,,69.5956,,,,E,,0,,1,
DATAFLOW,OECD.SDD.TPS:DSD_LFS@DF_IALFS_EMP_WAP_Q(1.0),,I,OECD,,EMP_WAP,,PT_WAP_SUB,,_Z,,Y,,_T,,Y15T64,,_Z,,Q,,2023-Q1,,69.85886,,,,E,,0,,1,
DATAFLOW,OECD.SDD.TPS:DSD_LFS@DF_IALFS_EMP_WAP_Q(1.0),,I,OECD,,EMP_WAP,,PT_WAP_SUB,,_Z,,Y,,_T,,Y15T64,,_Z,,Q,,2023-Q2,,69.99097,,,,E,,0,,1,
DATAFLOW,OECD.SDD.TPS:DSD_LFS@DF_IALFS_EMP_WAP_Q(1.0),,I,OECD,,EMP_WAP,,PT_WAP_SUB,,_Z,,Y,,_T,,Y15T64,,_Z,,Q,,2023-Q3,,70.08504,,,,E,,0,,1,
DATAFLOW,OECD.SDD.TPS:DSD_LFS@DF_IALFS_EMP_WAP_Q(1.0),,I,OECD,,EMP_WAP,,PT_WAP_SUB,,_Z,,Y,,_T,,Y15T64,,_Z,,Q,,2023-Q4,,70.09163,,,,E,,0,,1,
DATAFLOW,OECD.SDD.TPS:DSD_LFS@DF_IALFS_EMP_WAP_Q(1.0),,I,OECD,,EMP_WAP,,PT_WAP_SUB,,_Z,,Y,,_T,,Y15T64,,_Z,,Q,,2024-Q1,,70.15321,,,,E,,0,,1,
DATAFLOW,OECD.SDD.TPS:DSD_LFS@DF_IALFS_EMP_WAP_Q(1.0),,I,OECD,,EMP_WAP,,PT_WAP_SUB,,_Z,,Y,,_T,,Y15T64,,_Z,,Q,,2024-Q2,,70.19433,,,,E,,0,,1,
DATAFLOW,OECD.SDD.TPS:DSD_LFS@DF_IALFS_EMP_WAP_Q(1.0),,I,OECD,,EMP_WAP,,PT_WAP_SUB,,_Z,,Y,,_T,,Y15T64,,_Z,,Q,,2024-Q3,,70.25708,,,,E,,0,,1,
DATAFLOW,OECD.SDD.TPS:DSD_LFS@DF_IALFS_EMP_WAP_Q(1.0),,I,OECD,,EMP_WAP,,PT_WAP_SUB,,_Z,,Y,,_T,,Y15T64,,_Z,,Q,,2024-Q4,,70.1871,,,,E,,0,,1,
DATAFLOW,OECD.SDD.TPS:DSD_LFS@DF_IALFS_EMP_WAP_Q(1.0),,I,OECD,,EMP_WAP,,PT_WAP_SUB,,_Z,,Y,,_T,,Y15T64,,_Z,,Q,,2025-Q1,,70.33495,,,,E,,0,,1,
DATAFLOW,OECD.SDD.TPS:DSD_LFS@DF_IALFS_EMP_WAP_Q(1.0),,I,OECD,,EMP_WAP,,PT_WAP_SUB,,_Z,,Y,,_T,,Y15T64,,_Z,,Q,,2025-Q2,,70.31783,,,,E,,0,,1,
DATAFLOW,OECD.SDD.TPS:DSD_LFS@DF_IALFS_EMP_WAP_Q(1.0),,I,OECD,,EMP_WAP,,PT_WAP_SUB,,_Z,,Y,,_T,,Y15T64,,_Z,,Q,,2025-Q3,,70.28086,,,,E,,0,,1,
DATAFLOW,OECD.SDD.TPS:DSD_LFS@DF_IALFS_EMP_WAP_Q(1.0),,I,OECD,,EMP_WAP,,PT_WAP_SUB,,_Z,,Y,,_T,,Y15T64,,_Z,,Q,,2025-Q4,,70.36369,,,,E,,0,,1,
DATAFLOW,OECD.SDD.TPS:DSD_LFS@DF_IALFS_EMP_WAP_Q(1.0),,I,OECD,,EMP_WAP,,PT_WAP_SUB,,_Z,,Y,,_T,,Y15T64,,_Z,,Q,,2026-Q1,,70.34633,,,,E,,0,,1,
