STRUCTURE,STRUCTURE_ID,STRUCTURE_NAME,ACTION,REF_AREA,,MEASURE,,UNIT_MEASURE,,TRANSFORMATION,,ADJUSTMENT,,SEX,,AGE,,ACTIVITY,,FREQ,,TIME_PERIOD,,OBS_VALUE,,BASE_PER,,OBS_STATUS,,UNIT_MULT,,DECIMALS,
DATAFLOW,OECD.SDD.TPS:DSD_LFS@DF_IALFS_LF_WAP_Q(1.0),,I,AUS,,LF_WAP,,PT_WAP_SUB,,_Z,,Y,,_T,,Y15T64,,_Z,,Q,,2010-Q4,,76.82709,,,,A,,0,,1,
DATAFLOW,OECD.SDD.TPS:DSD_LFS@DF_IALFS_LF_WAP_Q(1.0),,I,CRI,,LF_WAP,,PT_WAP_SUB,,_Z,,Y,,_T,,Y15T64,,_Z,,Q,,2010-Q3,,65.59879,,,,A,,0,,1,
DATAFLOW,OECD.SDD.TPS:DSD_LFS@DF_IALFS_LF_WAP_Q(1.0),,I,CRI,,LF_WAP,,PT_WAP_SUB,,_Z,,Y,,_T,,Y15T64,,_Z,,Q,,2010-Q4,,65.54454,,,,A,,0,,1,
DATAFLOW,OECD.SDD.TPS:DSD_LFS@DF_IALFS_LF_WAP_Q(1.0),,I,CRI,,LF_WAP,,PT_WAP_SUB,,_Z,,Y,,_T,,Y15T64,,_Z,,Q,,2011-Q1,,63.52698,,,,A,,0,,1,
DATAFLOW,OECD.SDD.TPS:DSD_LFS@DF_IALFS_LF_WAP_Q(1.0),,I,CRI,,LF_WAP,,PT_WAP_SUB,,_Z,,Y,,_T,,Y15T64,,_Z,,Q,,2011-Q2,,62.62869,,,,A,,0,,1,
DATAFLOW,OECD.SDD.TPS:DSD_LFS@DF_IALFS_LF_WAP_Q(1.0),,I,CRI,,LF_WAP,,PT_WAP_SUB,,_Z,,Y,,_T,,Y15T64,,_Z,,Q,,2011-Q3,,65.58134,,,,A,,0,,1,
DATAFLOW,OECD.SDD.TPS:DSD_LFS@DF_IALFS_LF_WAP_Q(1.0),,I,CRI,,LF_WAP,,PT_WAP_SUB,,_Z,,Y,,_T,,Y15T64,,_Z,,Q,,2011-Q4,,67.78957,,,,A,,0,,1,
DATAFLOW,OECD.SDD.TPS:DSD_LFS@DF_IALFS_LF_WAP_Q(1.0),,I,CRI,,LF_WAP,,PT_WAP_SUB,,_Z,,Y,,_T,,Y15T64,,_Z,,Q,,2012-Q1,,70.22368,,,,A,,0,,1,
DATAFLOW,OECD.SDD.TPS:DSD_LFS@DF_IALFS_LF_WAP_Q(1.0),,I,CRI,,LF_WAP,,PT_WAP_SUB,,_Z,,Y,,_T,,Y15T64,,_Z,,Q,,2012-Q2,,68.7168,,,,A,,0,,1,
DATAFLOW,OECD.SDD.TPS:DSD_LFS@DF_IALFS_LF_WAP_Q(1.0),,I,CRI,,LF_WAP,,PT_WAP_SUB,,_Z,,Y,,_T,,Y15T64,,_Z,,Q,,2012-Q3,,68.44831,,,,A,,0,,1,
DATAFLOW,OECD.SDD.TPS:DSD_LFS@DF_IALFS_LF_WAP_Q(1.0),,I,CRI,,LF_WAP,,PT_WAP_SUB,,_Z,,Y,,_T,,Y15T64,,_Z,,Q,,2012-Q4,,68.2143,,,,A,,0,,1,
DATAFLOW,OECD.SDD.TPS:DSD_LFS@DF_IALFS_LF_WAP_Q(1.0),,I,CRI,,LF_WAP,,PT_WAP_SUB,,_Z,,Y,,_T,,Y15T64,,_Z,,Q,,2013-Q1,,67.34663,,,,A,,0,,1,
DATAFLOW,OECD.SDD.TPS:DSD_LFS@DF_IALFS_LF_WAP_Q(1.0),,I,CRI,,LF_WAP,,PT_WAP_SUB,,_Z,,Y,,_T,,Y15T64,,_Z,,Q,,2013-Q2,,68.32398,,,,A,,0,,1,
DATAFLOW,OECD.SDD.TPS:DSD_LFS@DF_IALFS_LF_WAP_Q(1.0),,I,CRI,,LF_WAP,,PT_WAP_SUB,,_Z,,Y,,_T,,Y15T64,,_Z,,Q,,2013-Q3,,68.14154,,,,A,,0,,1,
DATAFLOW,OECD.SDD.TPS:DSD_LFS@DF_IALFS_LF_WAP_Q(1.0),,I,CRI,,LF_WAP,,PT_WAP_SUB,,_Z,,Y,,_T,,Y15T64,,_Z,,Q,,2013-Q4,,69.1353,,,,A,,0,,1,
DATAFLOW,OECD.SDD.TPS:DSD_LFS@DF_IALFS_LF_WAP_Q(1.0),,I,CRI,,LF_WAP,,PT_WAP_SUB,,_Z,,Y,,_T,,Y15T64,,_Z,,Q,,2014-Q1,,69.73917,,,,A,,0,,1,
DATAFLOW,OECD.SDD.TPS:DSD_LFS@DF_IALFS_LF_WAP_Q(1.0),,I,CRI,,LF_WAP,,PT_WAP_SUB,,_Z,,Y,,_T,,Y15T64,,_Z,,Q,,2014-Q2,,67.43394,,,,A,,0,,1,
DATAFLOW,OECD.SDD.TPS:DSD_LFS@DF_IALFS_LF_WAP_Q(1.0),,I,CRI,,LF_WAP,,PT_WAP_SUB,,_Z,,Y,,_T,,Y15T64,,_Z,,Q,,2014-Q3,,68.54131,,,,A,,0,,1,
DATAFLOW,OECD.SDD.TPS:DSD_LFS@DF_IALFS_LF_WAP_Q(1.0),,I,CRI,,LF_WAP,,PT_WAP_SUB,,_Z,,Y,,_T,,Y15T64,,_Z,,Q,,2014-Q4,,68.02102,,,,A,,0,,1,
DATAFLOW,OECD.SDD.TPS:DSD_LFS@DF_IALFS_LF_WAP_Q(1.0),,I,CRI,,LF_WAP,,PT_WAP_SUB,,_Z,,Y,,_T,,Y15T64,,_Z,,Q,,2015-Q1,,67.7445,,,,A,,0,,1,
DATAFLOW,OECD.SDD.TPS:DSD_LFS@DF_IALFS_LF_WAP_Q(1.0),,I,CRI,,LF_WAP,,PT_WAP_SUB,,_Z,,Y,,_T,,Y15T64,,_Z,,Q,,2015-Q2,,68.09187,,,,A,,0,,1,
DATAFLOW,OECD.SDD.TPS:DSD_LFS@DF_IALFS_LF_WAP_Q(1.0),,I,CRI,,LF_WAP,,PT_WAP_SUB,,_Z,,Y,,_T,,Y15T64,,_Z,,Q,,2015-Q3,,67.34885,,,,A,,0,,1,
DATAFLOW,OECD.SDD.TPS:DSD_LFS@DF_IALFS_LF_WAP_Q(1.0),,I,CRI,,LF_WAP,,PT_WAP_SUB,,_Z,,Y,,_T,,Y15T64,,_Z,,Q,,2015-Q4,,66.00888,,,,A,,0,,1,
DATAFLOW,OECD.SDD.TPS:DSD_LFS@DF_IALFS_LF_WAP_Q(1.0),,I,CRI,,LF_WAP,,PT_WAP_SUB,,_Z,,Y,,_T,,Y15T64,,_Z,,Q,,2016-Q1,,65.31898,,,,A,,0,,1,
DATAFLOW,OECD.SDD.TPS:DSD_LFS@DF_IALFS_LF_WAP_Q(1.0),,I,CRI,,LF_WAP,,PT_WAP_SUB,,_Z,,Y,,_T,,Y15T64,,_Z,,Q,,2016-Q2,,63.55552,,,,A,,0,,1,
DATAFLOW,OECD.SDD.TPS:DSD_LFS@DF_IALFS_LF_WAP_Q(1.0),,I,CRI,,LF_WAP,,PT_WAP_SUB,,_Z,,Y,,_T,,Y15T64,,_Z,,Q,,2016-Q3,,64.15768,,,,A,,0,,1,
DATAFLOW,OECD.SDD.TPS:DSD_LFS@DF_IALFS_LF_WAP_Q(1.0),,I,CRI,,LF_WAP,,PT_WAP_SUB,,_Z,,Y,,_T,,Y15T64,,_Z,,Q,,2016-Q4,,67.00358,,,,A,,0,,1,
DATAFLOW,OECD.SDD.TPS:DSD_LFS@DF_IALFS_LF_WAP_Q(1.0),,I,CRI,,LF_WAP,,PT_WAP_SUB,,_Z,,Y,,_T,,Y15T64,,_Z,,Q,,2017-Q1,,66.52277,,,,A,,0,,1,
DATAFLOW,OECD.SDD.TPS:DSD_LFS@DF_IALFS_LF_WAP_Q(1.0),,I,CRI,,LF_WAP,,PT_WAP_SUB,,_Z,,Y,,_T,,Y15T64,,_Z,,Q,,2017-Q2,,66.27671,,,,A,,0,,1,
DATAFLOW,OECD.SDD.TPS:DSD_LFS@DF_IALFS_LF_WAP_Q(1.0),,I,CRI,,LF_WAP,,PT_WAP_SUB,,_Z,,Y,,_T,,Y15T64,,_Z,,Q,,2017-Q3,,66.58046,,,,A,,0,,1,
DATAFLOW,OECD.SDD.TPS:DSD_LFS@DF_IALFS_LF_WAP_Q(1.0),,I,CRI,,LF_WAP,,PT_WAP_SUB,,_Z,,Y,,_T,,Y15T64,,_Z,,Q,,2017-Q4,,64.13508,,,,A,,0,,1,
DATAFLOW,OECD.SDD.TPS:DSD_LFS@DF_IALFS_LF_WAP_Q(1.0),,I,CRI,,LF_WAP,,PT_WAP_SUB,,_Z,,Y,,_T,,Y15T64,,_Z,,Q,,2018-Q1,,65.33446,,,,A,,0,,1,
DATAFLOW,OECD.SDD.TPS:DSD_LFS@DF_IALFS_LF_WAP_Q(1.0),,I,CRI,,LF_WAP,,PT_WAP_SUB,,_Z,,Y,,_T,,Y15T64,,_Z,,Q,,2018-Q2,,68.2566,,,,A,,0,,1,
DATAFLOW,OECD.SDD.TPS:DSD_LFS@DF_IALFS_LF_WAP_Q(1.0),,I,CRI,,LF_WAP,,PT_WAP_SUB,,_Z,,Y,,_T,,Y15T64,,_Z,,Q,,2018-Q3,,68.41673,,,,A,,0,,1,
DATAFLOW,OECD.SDD.TPS:DSD_LFS@DF_IALFS_LF_WAP_Q(1.0),,I,CRI,,LF_WAP,,PT_WAP_SUB,,_Z,,Y,,_T,,Y15T64,,_Z,,Q,,2018-Q4,,70.44259,,,,A,,0,,1,
DATAFLOW,OECD.SDD.TPS:DSD_LFS@DF_IALFS_LF_WAP_Q(1.0),,I,CRI,,LF_WAP,,PT_WAP_SUB,,_Z,,Y,,_T,,Y15T64,,_Z,,Q,,2019-Q1,,69.70715,,,,A,,0,,1,
DATAFLOW,OECD.SDD.TPS:DSD_LFS@DF_IALFS_LF_WAP_Q(1.0),,I,CRI,,LF_WAP,,PT_WAP_SUB,,_Z,,Y,,_T,,Y15T64,,_Z,,Q,,2019-Q2,,70.5151,,,,A,,0,,1,
DATAFLOW,OECD.SDD.TPS:DSD_LFS@DF_IALFS_LF_WAP_Q(1.0),,I,CRI,,LF_WAP,,PT_WAP_SUB,,_Z,,Y,,_T,,Y15T64,,_Z,,Q,,2019-Q3,,69.34843,,,,A,,0,,1,
DATAFLOW,OECD.SDD.TPS:DSD_LFS@DF_IALFS_LF_WAP_Q(1.0),,I,CRI,,LF_WAP,,PT_WAP_SUB,,_Z,,Y,,_T,,Y15T64,,_Z,,Q,,2019-Q4,,70.71223,,,,A,,0,,1,
DATAFLOW,OECD.SDD.TPS:DSD_LFS@DF_IALFS_LF_WAP_Q(1.0),,I,CRI,,LF_WAP,,PT_WAP_SUB,,_Z,,Y,,_T,,Y15T64,,_Z,,Q,,2020-Q1,,71.08267,,,,A,,0,,1,
DATAFLOW,OECD.SDD.TPS:DSD_LFS@DF_IALFS_LF_WAP_Q(1.0),,I,CRI,,LF_WAP,,PT_WAP_SUB,,_Z,,Y,,_T,,Y15T64,,_Z,,Q,,2020-Q2,,65.44601,,,,A,,0,,1,
DATAFLOW,OECD.SDD.TPS:DSD_LFS@DF_IALFS_LF_WAP_Q(1.0),,I,CRI,,LF_WAP,,PT_WAP_SUB,,_Z,,Y,,_T,,Y15T64,,_Z,,Q,,2020-Q3,,67.30965,,,,A,,0,,1,
DATAFLOW,OECD.SDD.TPS:DSD_LFS@DF_IALFS_LF_WAP_Q(1.0),,I,CRI,,LF_WAP,,PT_WAP_SUB,,_Z,,Y,,_T,,Y15T64,,_Z,,Q,,2020-Q4,,69.32408,,,,A,,0,,1,
DATAFLOW,OECD.SDD.TPS:DSD_LFS@DF_IALFS_LF_WAP_Q(1.0),,I,CRI,,LF_WAP,,PT_WAP_SUB,,_Z,,Y,,_T,,Y15T64,,_Z,,Q,,2021-Q1,,69.15386,,,,A,,0,,1,
DATAFLOW,OECD.SDD.TPS:DSD_LFS@DF_IALFS_LF_WAP_Q(1.0),,I,CRI,,LF_WAP,,PT_WAP_SUB,,_Z,,Y,,_T,,Y15T64,,_Z,,Q,,2021-Q2,,68.09802,,,,A,,0,,1,
DATAFLOW,OECD.SDD.TPS:DSD_LFS@DF_IALFS_LF_WAP_Q(1.0),,I,CRI,,LF_WAP,,PT_WAP_SUB,,_Z,,Y,,_T,,Y15T64,,_Z,,Q,,2021-Q3,,69.01476,,,,A,,0,,1,
DATAFLOW,OECD.SDD.TPS:DSD_LFS@DF_IALFS_LF_WAP_Q(1.0),,I,CRI,,LF_WAP,,PT_WAP_SUB,,_Z,,Y,,_T,,Y15T64,,_Z,,Q,,2021-Q4,,68.19775,,,,A,,0,,1,
DATAFLOW,OECD.SDD.TPS:DSD_LFS@DF_IALFS_LF_WAP_Q(1.0),,I,CRI,,LF_WAP,,PT_WAP_SUB,,_Z,,Y,,_T,,Y15T64,,_Z,,Q,,2022-Q1,,68.07386,,,,A,,0,,1,
DATAFLOW,OECD.SDD.TPS:DSD_LFS@DF_IALFS_LF_WAP_Q(1.0),,I,CRI,,LF_WAP,,PT_WAP_SUB,,_Z,,Y,,_T,,Y15T64,,_Z,,Q,,2022-Q2,,68.23519,,,,A,,0,,1,
DATAFLOW,OECD.SDD.TPS:DSD_LFS@DF_IALFS_LF_WAP_Q(1.0),,I,CRI,,LF_WAP,,PT_WAP_SUB,,_Z,,Y,,_T,,Y15T64,,_Z,,Q,,2022-Q3,,69.42863,,,,A,,0,,1,
DATAFLOW,OECD.SDD.TPS:DSD_LFS@DF_IALFS_LF_WAP_Q(1.0),,I,CRI,,LF_WAP,,PT_WAP_SUB,,_Z,,Y,,_T,,Y15T64,,_Z,,Q,,2022-Q4,,68.88342,,,,A,,0,,1,
DATAFLOW,OECD.SDD.TPS:DSD_LFS@DF_IALFS_LF_WAP_Q(1.0),,I,CRI,,LF_WAP,,PT_WAP_SUB,,_Z,,Y,,_T,,Y15T64,,_Z,,Q,,2023-Q1,,66.15906,,,,A,,0,,1,
DATAFLOW,OECD.SDD.TPS:DSD_LFS@DF_IALFS_LF_WAP_Q(1.0),,I,CRI,,LF_WAP,,PT_WAP_SUB,,_Z,,Y,,_T,,Y15T64,,_Z,,Q,,2023-Q2,,65.77855,,,,A,,0,,1,
DATAFLOW,OECD.SDD.TPS:DSD_LFS@DF_IALFS_LF_WAP_Q(1.0),,I,CRI,,LF_WAP,,PT_WAP_SUB,,_Z,,Y,,_T,,Y15T64,,_Z,,Q,,2023-Q3,,63.4157,,,,A,,0,,1,
DATAFLOW,OECD.SDD.TPS:DSD_LFS@DF_IALFS_LF_WAP_Q(1.0),,I,CRI,,LF_WAP,,PT_WAP_SUB,,_Z,,Y,,_T,,Y15T64,,_Z,,Q,,2023-Q4,,62.82136,,,,A,,0,,1,
DATAFLOW,OECD.SDD.TPS:DSD_LFS@DF_IALFS_LF_WAP_Q(1.0),,I,CRI,,LF_WAP,,PT_WAP_SUB,,_Z,,Y,,_T,,Y15T64,,_Z,,Q,,2024-Q1,,65.43624,,,,A,,0,,1,
DATAFLOW,OECD.SDD.TPS:DSD_LFS@DF_IALFS_LF_WAP_Q(1.0),,I,CRI,,LF_WAP,,PT_WAP_SUB,,_Z,,Y,,_T,,Y15T64,,_Z,,Q,,2024-Q2,,65.40645,,,,A,,0,,1,
DATAFLOW,OECD.SDD.TPS:DSD_LFS@DF_IALFS_LF_WAP_Q(1.0),,I,CRI,,LF_WAP,,PT_WAP_SUB,,_Z,,Y,,_T,,Y15T64,,_Z,,Q,,2024-Q3,,66.85136,,,,A,,0,,1,
DATAFLOW,OECD.SDD.TPS:DSD_LFS@DF_IALFS_LF_WAP_Q(1.0),,I,CRI,,LF_WAP,,PT_WAP_SUB,,_Z,,Y,,_T,,Y15T64,,_Z,,Q,,2024-Q4,,66.63136,,,,A,,0,,1,
DATAFLOW,OECD.SDD.TPS:DSD_LFS@DF_IALFS_LF_WAP_Q(1.0),,I,CRI,,LF_WAP,,PT_WAP_SUB,,_Z,,Y,,_T,,Y15T64,,_Z,,Q,,2025-Q1,,66.31882,,,,A,,0,,1,
DATAFLOW,OECD.SDD.TPS:DSD_LFS@DF_IALFS_LF_WAP_Q(1.0),,I,CRI,,LF_WAP,,PT_WAP_SUB,,_Z,,Y,,_T,,Y15T64,,_Z,,Q,,2025-Q2,,65.43113,,,,A,,0,,1,
DATAFLOW,OECD.SDD.TPS:DSD_LFS@DF_IALFS_LF_WAP_Q(1.0),,I,CRI,,LF_WAP,,PT_WAP_SUB,,_Z,,Y,,_T,,Y15T64,,_Z,,Q,,2025-Q3,,65.22558,,,,A,,0,,1,
DATAFLOW,OECD.SDD.TPS:DSD_LFS@DF_IALFS_LF_WAP_Q(1.0),,I,CRI,,LF_WAP,,PT_WAP_SUB,,_Z,,Y,,_T,,Y15T64,,_Z,,Q,,2025-Q4,,65.54594,,,,A,,0,,1,
DATAFLOW,OECD.SDD.TPS:DSD_LFS@DF_IALFS_LF_WAP_Q(1.0),,I,CRI,,LF_WAP,,PT_WAP_SUB,,_Z,,Y,,_T,,Y15T64,,_Z,,Q,,2026-Q1,,65.89027,,,,A,,0,,1,
DATAFLOW,OECD.SDD.TPS:DSD_LFS@DF_IALFS_LF_WAP_Q(1.0),,I,ZAF,,LF_WAP,,PT_WAP_SUB,,_Z,,Y,,_T,,Y15T64,,_Z,,Q,,2008-Q1,,59.31394,,,,A,,0,,1,
DATAFLOW,OECD.SDD.TPS:DSD_LFS@DF_IALFS_LF_WAP_Q(1.0),,I,ZAF,,LF_WAP,,PT_WAP_SUB,,_Z,,Y,,_T,,Y15T64,,_Z,,Q,,2008-Q2,,59.50373,,,,A,,0,,1,
DATAFLOW,OECD.SDD.TPS:DSD_LFS@DF_IALFS_LF_WAP_Q(1.0),,I,ZAF,,LF_WAP,,PT_WAP_SUB,,_Z,,Y,,_T,,Y15T64,,_Z,,Q,,2008-Q3,,59.35255,,,,A,,0,,1,
DATAFLOW,OECD.SDD.TPS:DSD_LFS@DF_IALFS_LF_WAP_Q(1.0),,I,ZAF,,LF_WAP,,PT_WAP_SUB,,_Z,,Y,,_T,,Y15T64,,_Z,,Q,,2008-Q4,,58.96231,,,,A,,0,,1,
DATAFLOW,OECD.SDD.TPS:DSD_LFS@DF_IALFS_LF_WAP_Q(1.0),,I,ZAF,,LF_WAP,,PT_WAP_SUB,,_Z,,Y,,_T,,Y15T64,,_Z,,Q,,2009-Q1,,58.83109,,,,A,,0,,1,
DATAFLOW,OECD.SDD.TPS:DSD_LFS@DF_IALFS_LF_WAP_Q(1.0),,I,ZAF,,LF_WAP,,PT_WAP_SUB,,_Z,,Y,,_T,,Y15T64,,_Z,,Q,,2009-Q2,,57.91525,,,,A,,0,,1,
DATAFLOW,OECD.SDD.TPS:DSD_LFS@DF_IALFS_LF_WAP_Q(1.0),,I,ZAF,,LF_WAP,,PT_WAP_SUB,,_Z,,Y,,_T,,Y15T64,,_Z,,Q,,2009-Q3,,56.50781,,,,A,,0,,1,
DATAFLOW,OECD.SDD.TPS:DSD_LFS@DF_IALFS_LF_WAP_Q(1.0),,I,ZAF,,LF_WAP,,PT_WAP_SUB,,_Z,,Y,,_T,,Y15T64,,_Z,,Q,,2009-Q4,,56.64059,,,,A,,0,,1,
DATAFLOW,OECD.SDD.TPS:DSD_LFS@DF_IALFS_LF_WAP_Q(1.0),,I,ZAF,,LF_WAP,,PT_WAP_SUB,,_Z,,Y,,_T,,Y15T64,,_Z,,Q,,2010-Q1,,56.07152,,,,A,,0,,1,
DATAFLOW,OECD.SDD.TPS:DSD_LFS@DF_IALFS_LF_WAP_Q(1.0),,I,ZAF,,LF_WAP,,PT_WAP_SUB,,_Z,,Y,,_T,,Y15T64,,_Z,,Q,,2010-Q2,,56.01109,,,,A,,0,,1,
DATAFLOW,OECD.SDD.TPS:DSD_LFS@DF_IALFS_LF_WAP_Q(1.0),,I,ZAF,,LF_WAP,,PT_WAP_SUB,,_Z,,Y,,_T,,Y15T64,,_Z,,Q,,2010-Q3,,55.41086,,,,A,,0,,1,
DATAFLOW,OECD.SDD.TPS:DSD_LFS@DF_IALFS_LF_WAP_Q(1.0),,I,ZAF,,LF_WAP,,PT_WAP_SUB,,_Z,,Y,,_T,,Y15T64,,_Z,,Q,,2010-Q4,,55.24874,,,,A,,0,,1,
DATAFLOW,OECD.SDD.TPS:DSD_LFS@DF_IALFS_LF_WAP_Q(1.0),,I,ZAF,,LF_WAP,,PT_WAP_SUB,,_Z,,Y,,_T,,Y15T64,,_Z,,Q,,2011-Q1,,55.3812,,,,A,,0,,1,
DATAFLOW,OECD.SDD.TPS:DSD_LFS@DF_IALFS_LF_WAP_Q(1.0),,I,ZAF,,LF_WAP,,PT_WAP_SUB,,_Z,,Y,,_T,,Y15T64,,_Z,,Q,,2011-Q2,,55.79824,,,,A,,0,,1,
DATAFLOW,OECD.SDD.TPS:DSD_LFS@DF_IALFS_LF_WAP_Q(1.0),,I,ZAF,,LF_WAP,,PT_WAP_SUB,,_Z,,Y,,_T,,Y15T64,,_Z,,Q,,2011-Q3,,55.89741,,,,A,,0,,1,
DATAFLOW,OECD.SDD.TPS:DSD_LFS@DF_IALFS_LF_WAP_Q(1.0),,I,ZAF,,LF_WAP,,PT_WAP_SUB,,_Z,,Y,,_T,,Y15T64,,_Z,,Q,,2011-Q4,,55.85776,,,,A,,0,,1,
DATAFLOW,OECD.SDD.TPS:DSD_LFS@DF_IALFS_LF_WAP_Q(1.0),,I,ZAF,,LF_WAP,,PT_WAP_SUB,,_Z,,Y,,_T,,Y15T64,,_Z,,Q,,2012-Q1,,56.01158,,,,A,,0,,1,
DATAFLOW,OECD.SDD.TPS:DSD_LFS@DF_IALFS_LF_WAP_Q(1.0),,I,ZAF,,LF_WAP,,PT_WAP_SUB,,_Z,,Y,,_T,,Y15T64,,_Z,,Q,,2012-Q2,,55.84067,,,,A,,0,,1,
DATAFLOW,OECD.SDD.TPS:DSD_LFS@DF_IALFS_LF_WAP_Q(1.0),,I,ZAF,,LF_WAP,,PT_WAP_SUB,,_Z,,Y,,_T,,Y15T64,,_Z,,Q,,2012-Q3,,56.76109,,,,A,,0,,1,
DATAFLOW,OECD.SDD.TPS:DSD_LFS@DF_IALFS_LF_WAP_Q(1.0),,I,ZAF,,LF_WAP,,PT_WAP_SUB,,_Z,,Y,,_T,,Y15T64,,_Z,,Q,,2012-Q4,,56.10832,,,,A,,0,,1,
DATAFLOW,OECD.SDD.TPS:DSD_LFS@DF_IALFS_LF_WAP_Q(1.0),,I,ZAF,,LF_WAP,,PT_WAP_SUB,,_Z,,Y,,_T,,Y15T64,,_Z,,Q,,2013-Q1,,56.05882,,,,A,,0,,1,
DATAFLOW,OECD.SDD.TPS:DSD_LFS@DF_IALFS_LF_WAP_Q(1.0),,I,ZAF,,LF_WAP,,PT_WAP_SUB,,_Z,,Y,,_T,,Y15T64,,_Z,,Q,,2013-Q2,,56.62906,,,,A,,0,,1,
DATAFLOW,OECD.SDD.TPS:DSD_LFS@DF_IALFS_LF_WAP_Q(1.0),,I,ZAF,,LF_WAP,,PT_WAP_SUB,,_Z,,Y,,_T,,Y15T64,,_Z,,Q,,2013-Q3,,57.06538,,,,A,,0,,1,
DATAFLOW,OECD.SDD.TPS:DSD_LFS@DF_IALFS_LF_WAP_Q(1.0),,I,ZAF,,LF_WAP,,PT_WAP_SUB,,_Z,,Y,,_T,,Y15T64,,_Z,,Q,,2013-Q4,,57.33202,,,,A,,0,,1,
DATAFLOW,OECD.SDD.TPS:DSD_LFS@DF_IALFS_LF_WAP_Q(1.0),,I,ZAF,,LF_WAP,,PT_WAP_SUB,,_Z,,Y,,_T,,Y15T64,,_Z,,Q,,2014-Q1,,57.02676,,,,A,,0,,1,
DATAFLOW,OECD.SDD.TPS:DSD_LFS@DF_IALFS_LF_WAP_Q(1.0),,I,ZAF,,LF_WAP,,PT_WAP_SUB,,_Z,,Y,,_T,,Y15T64,,_Z,,Q,,2014-Q2,,57.30641,,,,A,,0,,1,
DATAFLOW,OECD.SDD.TPS:DSD_LFS@DF_IALFS_LF_WAP_Q(1.0),,I,ZAF,,LF_WAP,,PT_WAP_SUB,,_Z,,Y,,_T,,Y15T64,,_Z,,Q,,2014-Q3,,57.06097,,,,A,,0,,1,
DATAFLOW,OECD.SDD.TPS:DSD_LFS@DF_IALFS_LF_WAP_Q(1.0),,I,ZAF,,LF_WAP,,PT_WAP_SUB,,_Z,,Y,,_T,,Y15T64,,_Z,,Q,,2014-Q4,,56.97592,,,,A,,0,,1,
DATAFLOW,OECD.SDD.TPS:DSD_LFS@DF_IALFS_LF_WAP_Q(1.0),,I,ZAF,,LF_WAP,,PT_WAP_SUB,,_Z,,Y,,_T,,Y15T64,,_Z,,Q,,2015-Q1,,58.43995,,,,A,,0,,1,
DATAFLOW,OECD.SDD.TPS:DSD_LFS@DF_IALFS_LF_WAP_Q(1.0),,I,ZAF,,LF_WAP,,PT_WAP_SUB,,_Z,,Y,,_T,,Y15T64,,_Z,,Q,,2015-Q2,,58.13811,,,,A,,0,,1,
DATAFLOW,OECD.SDD.TPS:DSD_LFS@DF_IALFS_LF_WAP_Q(1.0),,I,ZAF,,LF_WAP,,PT_WAP_SUB,,_Z,,Y,,_T,,Y15T64,,_Z,,Q,,2015-Q3,,58.77334,,,,A,,0,,1,
DATAFLOW,OECD.SDD.TPS:DSD_LFS@DF_IALFS_LF_WAP_Q(1.0),,I,ZAF,,LF_WAP,,PT_WAP_SUB,,_Z,,Y,,_T,,Y15T64,,_Z,,Q,,2015-Q4,,58.69305,,,,A,,0,,1,
DATAFLOW,OECD.SDD.TPS:DSD_LFS@DF_IALFS_LF_WAP_Q(1.0),,I,ZAF,,LF_WAP,,PT_WAP_SUB,,_Z,,Y,,_T,,Y15T64,,_Z,,Q,,2016-Q1,,58.55302,,,,A,,0,,1,
DATAFLOW,OECD.SDD.TPS:DSD_LFS@DF_IALFS_LF_WAP_Q(1.0),,I,ZAF,,LF_WAP,,PT_WAP_SUB,,_Z,,Y,,_T,,Y15T64,,_Z,,Q,,2016-Q2,,57.93761,,,,A,,0,,1,
DATAFLOW,OECD.SDD.TPS:DSD_LFS@DF_IALFS_LF_WAP_Q(1.0),,I,ZAF,,LF_WAP,,PT_WAP_SUB,,_Z,,Y,,_T,,Y15T64,,_Z,,Q,,2016-Q3,,58.98627,,,,A,,0,,1,
DATAFLOW,OECD.SDD.TPS:DSD_LFS@DF_IALFS_LF_WAP_Q(1.0),,I,ZAF,,LF_WAP,,PT_WAP_SUB,,_Z,,Y,,_T,,Y15T64,,_Z,,Q,,2016-Q4,,59.40483,,,,A,,0,,1,
DATAFLOW,OECD.SDD.TPS:DSD_LFS@DF_IALFS_LF_WAP_Q(1.0),,I,ZAF,,LF_WAP,,PT_WAP_SUB,,_Z,,Y,,_T,,Y15T64,,_Z,,Q,,2017-Q1,,60.39626,,,,A,,0,,1,
DATAFLOW,OECD.SDD.TPS:DSD_LFS@DF_IALFS_LF_WAP_Q(1.0),,I,ZAF,,LF_WAP,,PT_WAP_SUB,,_Z,,Y,,_T,,Y15T64,,_Z,,Q,,2017-Q2,,59.88763,,,,A,,0,,1,
DATAFLOW,OECD.SDD.TPS:DSD_LFS@DF_IALFS_LF_WAP_Q(1.0),,I,ZAF,,LF_WAP,,PT_WAP_SUB,,_Z,,Y,,_T,,Y15T64,,_Z,,Q,,2017-Q3,,59.85502,,,,A,,0,,1,
DATAFLOW,OECD.SDD.TPS:DSD_LFS@DF_IALFS_LF_WAP_Q(1.0),,I,ZAF,,LF_WAP,,PT_WAP_SUB,,_Z,,Y,,_T,,Y15T64,,_Z,,Q,,2017-Q4,,58.93349,,,,A,,0,,1,
DATAFLOW,OECD.SDD.TPS:DSD_LFS@DF_IALFS_LF_WAP_Q(1.0),,I,ZAF,,LF_WAP,,PT_WAP_SUB,,_Z,,Y,,_T,,Y15T64,,_Z,,Q,,2018-Q1,,59.31819,,,,A,,0,,1,
DATAFLOW,OECD.SDD.TPS:DSD_LFS@DF_IALFS_LF_WAP_Q(1.0),,I,ZAF,,LF_WAP,,PT_WAP_SUB,,_Z,,Y,,_T,,Y15T64,,_Z,,Q,,2018-Q2,,59.13927,,,,A,,0,,1,
DATAFLOW,OECD.SDD.TPS:DSD_LFS@DF_IALFS_LF_WAP_Q(1.0),,I,ZAF,,LF_WAP,,PT_WAP_SUB,,_Z,,Y,,_T,,Y15T64,,_Z,,Q,,2018-Q3,,59.37499,,,,A,,0,,1,
DATAFLOW,OECD.SDD.TPS:DSD_LFS@DF_IALFS_LF_WAP_Q(1.0),,I,ZAF,,LF_WAP,,PT_WAP_SUB,,_Z,,Y,,_T,,Y15T64,,_Z,,Q,,2018-Q4,,59.54971,,,,A,,0,,1,
DATAFLOW,OECD.SDD.TPS:DSD_LFS@DF_IALFS_LF_WAP_Q(1.0),,I,ZAF,,LF_WAP,,PT_WAP_SUB,,_Z,,Y,,_T,,Y15T64,,_Z,,Q,,2019-Q1,,58.78228,,,,A,,0,,1,
DATAFLOW,OECD.SDD.TPS:DSD_LFS@DF_IALFS_LF_WAP_Q(1.0),,I,ZAF,,LF_WAP,,PT_WAP_SUB,,_Z,,Y,,_T,,Y15T64,,_Z,,Q,,2019-Q2,,59.74351,,,,A,,0,,1,
DATAFLOW,OECD.SDD.TPS:DSD_LFS@DF_IALFS_LF_WAP_Q(1.0),,I,ZAF,,LF_WAP,,PT_WAP_SUB,,_Z,,Y,,_T,,Y15T64,,_Z,,Q,,2019-Q3,,59.84472,,,,A,,0,,1,
DATAFLOW,OECD.SDD.TPS:DSD_LFS@DF_IALFS_LF_WAP_Q(1.0),,I,ZAF,,LF_WAP,,PT_WAP_SUB,,_Z,,Y,,_T,,Y15T64,,_Z,,Q,,2019-Q4,,59.80536,,,,A,,0,,1,
DATAFLOW,OECD.SDD.TPS:DSD_LFS@DF_IALFS_LF_WAP_Q(1.0),,I,ZAF,,LF_WAP,,PT_WAP_SUB,,_Z,,Y,,_T,,Y15T64,,_Z,,Q,,2020-Q1,,60.34667,,,,A,,0,,1,
DATAFLOW,OECD.SDD.TPS:DSD_LFS@DF_IALFS_LF_WAP_Q(1.0),,I,ZAF,,LF_WAP,,PT_WAP_SUB,,_Z,,Y,,_T,,Y15T64,,_Z,,Q,,2020-Q2,,47.23856,,,,A,,0,,1,
DATAFLOW,OECD.SDD.TPS:DSD_LFS@DF_IALFS_LF_WAP_Q(1.0),,I,ZAF,,LF_WAP,,PT_WAP_SUB,,_Z,,Y,,_T,,Y15T64,,_Z,,Q,,2020-Q3,,54.20488,,,,A,,0,,1,
DATAFLOW,OECD.SDD.TPS:DSD_LFS@DF_IALFS_LF_WAP_Q(1.0),,I,ZAF,,LF_WAP,,PT_WAP_SUB,,_Z,,Y,,_T,,Y15T64,,_Z,,Q,,2020-Q4,,56.60872,,,,A,,0,,1,
DATAFLOW,OECD.SDD.TPS:DSD_LFS@DF_IALFS_LF_WAP_Q(1.0),,I,ZAF,,LF_WAP,,PT_WAP_SUB,,_Z,,Y,,_T,,Y15T64,,_Z,,Q,,2021-Q1,,56.38762,,,,A,,0,,1,
DATAFLOW,OECD.SDD.TPS:DSD_LFS@DF_IALFS_LF_WAP_Q(1.0),,I,ZAF,,LF_WAP,,PT_WAP_SUB,,_Z,,Y,,_T,,Y15T64,,_Z,,Q,,2021-Q2,,57.38306,,,,A,,0,,1,
DATAFLOW,OECD.SDD.TPS:DSD_LFS@DF_IALFS_LF_WAP_Q(1.0),,I,ZAF,,LF_WAP,,PT_WAP_SUB,,_Z,,Y,,_T,,Y15T64,,_Z,,Q,,2021-Q3,,55.22836,,,,A,,0,,1,
DATAFLOW,OECD.SDD.TPS:DSD_LFS@DF_IALFS_LF_WAP_Q(1.0),,I,ZAF,,LF_WAP,,PT_WAP_SUB,,_Z,,Y,,_T,,Y15T64,,_Z,,Q,,2021-Q4,,56.35001,,,,A,,0,,1,
DATAFLOW,OECD.SDD.TPS:DSD_LFS@DF_IALFS_LF_WAP_Q(1.0),,I,ZAF,,LF_WAP,,PT_WAP_SUB,,_Z,,Y,,_T,,Y15T64,,_Z,,Q,,2022-Q1,,56.91528,,,,A,,0,,1,
DATAFLOW,OECD.SDD.TPS:DSD_LFS@DF_IALFS_LF_WAP_Q(1.0),,I,ZAF,,LF_WAP,,PT_WAP_SUB,,_Z,,Y,,_T,,Y15T64,,_Z,,Q,,2022-Q2,,58.50558,,,,A,,0,,1,
DATAFLOW,OECD.SDD.TPS:DSD_LFS@DF_IALFS_LF_WAP_Q(1.0),,I,ZAF,,LF_WAP,,PT_WAP_SUB,,_Z,,Y,,_T,,Y15T64,,_Z,,Q,,2022-Q3,,58.30063,,,,A,,0,,1,
DATAFLOW,OECD.SDD.TPS:DSD_LFS@DF_IALFS_LF_WAP_Q(1.0),,I,ZAF,,LF_WAP,,PT_WAP_SUB,,_Z,,Y,,_T,,Y15T64,,_Z,,Q,,2022-Q4,,58.60069,,,,A,,0,,1,
DATAFLOW,OECD.SDD.TPS:DSD_LFS@DF_IALFS_LF_WAP_Q(1.0),,I,ZAF,,LF_WAP,,PT_WAP_SUB,,_Z,,Y,,_T,,Y15T64,,_Z,,Q,,2023-Q1,,59.4118,,,,A,,0,,1,
DATAFLOW,OECD.SDD.TPS:DSD_LFS@DF_IALFS_LF_WAP_Q(1.0),,I,ZAF,,LF_WAP,,PT_WAP_SUB,,_Z,,Y,,_T,,Y15T64,,_Z,,Q,,2023-Q2,,59.44439,,,,A,,0,,1,
DATAFLOW,OECD.SDD.TPS:DSD_LFS@DF_IALFS_LF_WAP_Q(1.0),,I,ZAF,,LF_WAP,,PT_WAP_SUB,,_Z,,Y,,_T,,Y15T64,,_Z,,Q,,2023-Q3,,60.1979,,,,A,,0,,1,
DATAFLOW,OECD.SDD.TPS:DSD_LFS@DF_IALFS_LF_WAP_Q(1.0),,I,ZAF,,LF_WAP,,PT_WAP_SUB,,_Z,,Y,,_T,,Y15T64,,_Z,,Q,,2023-Q4,,60.08401,,,,A,,0,,1,
DATAFLOW,OECD.SDD.TPS:DSD_LFS@DF_IALFS_LF_WAP_Q(1.0),,I,ZAF,,LF_WAP,,PT_WAP_SUB,,_Z,,Y,,_T,,Y15T64,,_Z,,Q,,2024-Q1,,60.64988,,,,A,,0,,1,
DATAFLOW,OECD.SDD.TPS:DSD_LFS@DF_IALFS_LF_WAP_Q(1.0),,I,ZAF,,LF_WAP,,PT_WAP_SUB,,_Z,,Y,,_T,,Y15T64,,_Z,,Q,,2024-Q2,,60.47828,,,,A,,0,,1,
DATAFLOW,OECD.SDD.TPS:DSD_LFS@DF_IALFS_LF_WAP_Q(1.0),,I,ZAF,,LF_WAP,,PT_WAP_SUB,,_Z,,Y,,_T,,Y15T64,,_Z,,Q,,2024-Q3,,60.30623,,,,A,,0,,1,
DATAFLOW,OECD.SDD.TPS:DSD_LFS@DF_IALFS_LF_WAP_Q(1.0),,I,ZAF,,LF_WAP,,PT_WAP_SUB,,_Z,,Y,,_T,,Y15T64,,_Z,,Q,,2024-Q4,,60.41766,,,,A,,0,,1,
DATAFLOW,OECD.SDD.TPS:DSD_LFS@DF_IALFS_LF_WAP_Q(1.0),,I,ZAF,,LF_WAP,,PT_WAP_SUB,,_Z,,Y,,_T,,Y15T64,,_Z,,Q,,2025-Q1,,60.00081,,,,A,,0,,1,
DATAFLOW,OECD.SDD.TPS:DSD_LFS@DF_IALFS_LF_WAP_Q(1.0),,I,ZAF,,LF_WAP,,PT_WAP_SUB,,_Z,,Y,,_T,,Y15T64,,_Z,,Q,,2025-Q2,,60.0189,,,,A,,0,,1,
DATAFLOW,OECD.SDD.TPS:DSD_LFS@DF_IALFS_LF_WAP_Q(1.0),,I,ZAF,,LF_WAP,,PT_WAP_SUB,,_Z,,Y,,_T,,Y15T64,,_Z,,Q,,2025-Q3,,59.81247,,,,A,,0,,1,
DATAFLOW,OECD.SDD.TPS:DSD_LFS@DF_IALFS_LF_WAP_Q(1.0),,I,ZAF,,LF_WAP,,PT_WAP_SUB,,_Z,,Y,,_T,,Y15T64,,_Z,,Q,,2025-Q4,,59.38,,,,A,,0,,1,
DATAFLOW,OECD.SDD.TPS:DSD_LFS@DF_IALFS_LF_WAP_Q(1.0),,I,ZAF,,LF_WAP,,PT_WAP_SUB,,_Z,,Y,,_T,,Y15T64,,_Z,,Q,,2026-Q1,,59.01596,,,,A,,0,,1,
DATAFLOW,OECD.SDD.TPS:DSD_LFS@DF_IALFS_LF_WAP_Q(1.0),,I,CHE,,LF_WAP,,PT_WAP_SUB,,_Z,,Y,,_T,,Y15T64,,_Z,,Q,,1998-Q2,,81,,,,A,,0,,1,
DATAFLOW,OECD.SDD.TPS:DSD_LFS@DF_IALFS_LF_WAP_Q(1.0),,I,CHE,,LF_WAP,,PT_WAP_SUB,,_Z,,Y,,_T,,Y15T64,,_Z,,Q,,1999-Q2,,81,,,,A,,0,,1,
DATAFLOW,OECD.SDD.TPS:DSD_LFS@DF_IALFS_LF_WAP_Q(1.0),,I,CHE,,LF_WAP,,PT_WAP_SUB,,_Z,,Y,,_T,,Y15T64,,_Z,,Q,,2000-Q2,,80.5,,,,A,,0,,1,
DATAFLOW,OECD.SDD.TPS:DSD_LFS@DF_IALFS_LF_WAP_Q(1.0),,I,CHE,,LF_WAP,,PT_WAP_SUB,,_Z,,Y,,_T,,Y15T64,,_Z,,Q,,2001-Q2,,81.2,,,,A,,0,,1,
DATAFLOW,OECD.SDD.TPS:DSD_LFS@DF_IALFS_LF_WAP_Q(1.0),,I,CHE,,LF_WAP,,PT_WAP_SUB,,_Z,,Y,,_T,,Y15T64,,_Z,,Q,,2002-Q2,,81.3,,,,A,,0,,1,
DATAFLOW,OECD.SDD.TPS:DSD_LFS@DF_IALFS_LF_WAP_Q(1.0),,I,CHE,,LF_WAP,,PT_WAP_SUB,,_Z,,Y,,_T,,Y15T64,,_Z,,Q,,2003-Q2,,81.3,,,,A,,0,,1,
DATAFLOW,OECD.SDD.TPS:DSD_LFS@DF_IALFS_LF_WAP_Q(1.0),,I,CHE,,LF_WAP,,PT_WAP_SUB,,_Z,,Y,,_T,,Y15T64,,_Z,,Q,,2004-Q2,,81,,,,A,,0,,1,
DATAFLOW,OECD.SDD.TPS:DSD_LFS@DF_IALFS_LF_WAP_Q(1.0),,I,CHE,,LF_WAP,,PT_WAP_SUB,,_Z,,Y,,_T,,Y15T64,,_Z,,Q,,2005-Q2,,80.9,,,,A,,0,,1,
DATAFLOW,OECD.SDD.TPS:DSD_LFS@DF_IALFS_LF_WAP_Q(1.0),,I,CHE,,LF_WAP,,PT_WAP_SUB,,_Z,,Y,,_T,,Y15T64,,_Z,,Q,,2006-Q2,,81.2,,,,A,,0,,1,
DATAFLOW,OECD.SDD.TPS:DSD_LFS@DF_IALFS_LF_WAP_Q(1.0),,I,CHE,,LF_WAP,,PT_WAP_SUB,,_Z,,Y,,_T,,Y15T64,,_Z,,Q,,2007-Q2,,81.6,,,,A,,0,,1,
DATAFLOW,OECD.SDD.TPS:DSD_LFS@DF_IALFS_LF_WAP_Q(1.0),,I,CHE,,LF_WAP,,PT_WAP_SUB,,_Z,,Y,,_T,,Y15T64,,_Z,,Q,,2008-Q2,,82.3,,,,A,,0,,1,
DATAFLOW,OECD.SDD.TPS:DSD_LFS@DF_IALFS_LF_WAP_Q(1.0),,I,CHE,,LF_WAP,,PT_WAP_SUB,,_Z,,Y,,_T,,Y15T64,,_Z,,Q,,2009-Q2,,82.5,,,,A,,0,,1,
DATAFLOW,OECD.SDD.TPS:DSD_LFS@DF_IALFS_LF_WAP_Q(1.0),,I,CHE,,LF_WAP,,PT_WAP_SUB,,_Z,,Y,,_T,,Y15T64,,_Z,,Q,,2010-Q1,,81.02077,,,,A,,0,,1,
DATAFLOW,OECD.SDD.TPS:DSD_LFS@DF_IALFS_LF_WAP_Q(1.0),,I,CHE,,LF_WAP,,PT_WAP_SUB,,_Z,,Y,,_T,,Y15T64,,_Z,,Q,,2010-Q2,,81.26688,,,,A,,0,,1,
DATAFLOW,OECD.SDD.TPS:DSD_LFS@DF_IALFS_LF_WAP_Q(1.0),,I,CHE,,LF_WAP,,PT_WAP_SUB,,_Z,,Y,,_T,,Y15T64,,_Z,,Q,,2010-Q3,,81.62722,,,,A,,0,,1,
DATAFLOW,OECD.SDD.TPS:DSD_LFS@DF_IALFS_LF_WAP_Q(1.0),,I,CHE,,LF_WAP,,PT_WAP_SUB,,_Z,,Y,,_T,,Y15T64,,_Z,,Q,,2010-Q4,,81.27523,,,,A,,0,,1,
DATAFLOW,OECD.SDD.TPS:DSD_LFS@DF_IALFS_LF_WAP_Q(1.0),,I,CHE,,LF_WAP,,PT_WAP_SUB,,_Z,,Y,,_T,,Y15T64,,_Z,,Q,,2011-Q1,,81.85699,,,,A,,0,,1,
DATAFLOW,OECD.SDD.TPS:DSD_LFS@DF_IALFS_LF_WAP_Q(1.0),,I,CHE,,LF_WAP,,PT_WAP_SUB,,_Z,,Y,,_T,,Y15T64,,_Z,,Q,,2011-Q2,,81.96752,,,,A,,0,,1,
DATAFLOW,OECD.SDD.TPS:DSD_LFS@DF_IALFS_LF_WAP_Q(1.0),,I,CHE,,LF_WAP,,PT_WAP_SUB,,_Z,,Y,,_T,,Y15T64,,_Z,,Q,,2011-Q3,,82.02408,,,,A,,0,,1,
DATAFLOW,OECD.SDD.TPS:DSD_LFS@DF_IALFS_LF_WAP_Q(1.0),,I,CHE,,LF_WAP,,PT_WAP_SUB,,_Z,,Y,,_T,,Y15T64,,_Z,,Q,,2011-Q4,,82.33028,,,,A,,0,,1,
DATAFLOW,OECD.SDD.TPS:DSD_LFS@DF_IALFS_LF_WAP_Q(1.0),,I,CHE,,LF_WAP,,PT_WAP_SUB,,_Z,,Y,,_T,,Y15T64,,_Z,,Q,,2012-Q1,,82.03621,,,,A,,0,,1,
DATAFLOW,OECD.SDD.TPS:DSD_LFS@DF_IALFS_LF_WAP_Q(1.0),,I,CHE,,LF_WAP,,PT_WAP_SUB,,_Z,,Y,,_T,,Y15T64,,_Z,,Q,,2012-Q2,,82.11591,,,,A,,0,,1,
DATAFLOW,OECD.SDD.TPS:DSD_LFS@DF_IALFS_LF_WAP_Q(1.0),,I,CHE,,LF_WAP,,PT_WAP_SUB,,_Z,,Y,,_T,,Y15T64,,_Z,,Q,,2012-Q3,,82.67877,,,,A,,0,,1,
DATAFLOW,OECD.SDD.TPS:DSD_LFS@DF_IALFS_LF_WAP_Q(1.0),,I,CHE,,LF_WAP,,PT_WAP_SUB,,_Z,,Y,,_T,,Y15T64,,_Z,,Q,,2012-Q4,,82.29103,,,,A,,0,,1,
DATAFLOW,OECD.SDD.TPS:DSD_LFS@DF_IALFS_LF_WAP_Q(1.0),,I,CHE,,LF_WAP,,PT_WAP_SUB,,_Z,,Y,,_T,,Y15T64,,_Z,,Q,,2013-Q1,,82.45,,,,A,,0,,1,
DATAFLOW,OECD.SDD.TPS:DSD_LFS@DF_IALFS_LF_WAP_Q(1.0),,I,CHE,,LF_WAP,,PT_WAP_SUB,,_Z,,Y,,_T,,Y15T64,,_Z,,Q,,2013-Q2,,82.28471,,,,A,,0,,1,
DATAFLOW,OECD.SDD.TPS:DSD_LFS@DF_IALFS_LF_WAP_Q(1.0),,I,CHE,,LF_WAP,,PT_WAP_SUB,,_Z,,Y,,_T,,Y15T64,,_Z,,Q,,2013-Q3,,82.35475,,,,A,,0,,1,
DATAFLOW,OECD.SDD.TPS:DSD_LFS@DF_IALFS_LF_WAP_Q(1.0),,I,CHE,,LF_WAP,,PT_WAP_SUB,,_Z,,Y,,_T,,Y15T64,,_Z,,Q,,2013-Q4,,82.50634,,,,A,,0,,1,
DATAFLOW,OECD.SDD.TPS:DSD_LFS@DF_IALFS_LF_WAP_Q(1.0),,I,CHE,,LF_WAP,,PT_WAP_SUB,,_Z,,Y,,_T,,Y15T64,,_Z,,Q,,2014-Q1,,82.52,,,,A,,0,,1,
DATAFLOW,OECD.SDD.TPS:DSD_LFS@DF_IALFS_LF_WAP_Q(1.0),,I,CHE,,LF_WAP,,PT_WAP_SUB,,_Z,,Y,,_T,,Y15T64,,_Z,,Q,,2014-Q2,,82.85136,,,,A,,0,,1,
DATAFLOW,OECD.SDD.TPS:DSD_LFS@DF_IALFS_LF_WAP_Q(1.0),,I,CHE,,LF_WAP,,PT_WAP_SUB,,_Z,,Y,,_T,,Y15T64,,_Z,,Q,,2014-Q3,,82.91519,,,,A,,0,,1,
DATAFLOW,OECD.SDD.TPS:DSD_LFS@DF_IALFS_LF_WAP_Q(1.0),,I,CHE,,LF_WAP,,PT_WAP_SUB,,_Z,,Y,,_T,,Y15T64,,_Z,,Q,,2014-Q4,,83.22624,,,,A,,0,,1,
DATAFLOW,OECD.SDD.TPS:DSD_LFS@DF_IALFS_LF_WAP_Q(1.0),,I,CHE,,LF_WAP,,PT_WAP_SUB,,_Z,,Y,,_T,,Y15T64,,_Z,,Q,,2015-Q1,,83.17698,,,,A,,0,,1,
DATAFLOW,OECD.SDD.TPS:DSD_LFS@DF_IALFS_LF_WAP_Q(1.0),,I,CHE,,LF_WAP,,PT_WAP_SUB,,_Z,,Y,,_T,,Y15T64,,_Z,,Q,,2015-Q2,,83.18644,,,,A,,0,,1,
DATAFLOW,OECD.SDD.TPS:DSD_LFS@DF_IALFS_LF_WAP_Q(1.0),,I,CHE,,LF_WAP,,PT_WAP_SUB,,_Z,,Y,,_T,,Y15T64,,_Z,,Q,,2015-Q3,,83.22462,,,,A,,0,,1,
DATAFLOW,OECD.SDD.TPS:DSD_LFS@DF_IALFS_LF_WAP_Q(1.0),,I,CHE,,LF_WAP,,PT_WAP_SUB,,_Z,,Y,,_T,,Y15T64,,_Z,,Q,,2015-Q4,,83.5589,,,,A,,0,,1,
DATAFLOW,OECD.SDD.TPS:DSD_LFS@DF_IALFS_LF_WAP_Q(1.0),,I,CHE,,LF_WAP,,PT_WAP_SUB,,_Z,,Y,,_T,,Y15T64,,_Z,,Q,,2016-Q1,,83.94262,,,,A,,0,,1,
DATAFLOW,OECD.SDD.TPS:DSD_LFS@DF_IALFS_LF_WAP_Q(1.0),,I,CHE,,LF_WAP,,PT_WAP_SUB,,_Z,,Y,,_T,,Y15T64,,_Z,,Q,,2016-Q2,,83.73917,,,,A,,0,,1,
DATAFLOW,OECD.SDD.TPS:DSD_LFS@DF_IALFS_LF_WAP_Q(1.0),,I,CHE,,LF_WAP,,PT_WAP_SUB,,_Z,,Y,,_T,,Y15T64,,_Z,,Q,,2016-Q3,,83.83788,,,,A,,0,,1,
DATAFLOW,OECD.SDD.TPS:DSD_LFS@DF_IALFS_LF_WAP_Q(1.0),,I,CHE,,LF_WAP,,PT_WAP_SUB,,_Z,,Y,,_T,,Y15T64,,_Z,,Q,,2016-Q4,,83.96794,,,,A,,0,,1,
DATAFLOW,OECD.SDD.TPS:DSD_LFS@DF_IALFS_LF_WAP_Q(1.0),,I,CHE,,LF_WAP,,PT_WAP_SUB,,_Z,,Y,,_T,,Y15T64,,_Z,,Q,,2017-Q1,,83.8035,,,,A,,0,,1,
DATAFLOW,OECD.SDD.TPS:DSD_LFS@DF_IALFS_LF_WAP_Q(1.0),,I,CHE,,LF_WAP,,PT_WAP_SUB,,_Z,,Y,,_T,,Y15T64,,_Z,,Q,,2017-Q2,,83.92883,,,,A,,0,,1,
DATAFLOW,OECD.SDD.TPS:DSD_LFS@DF_IALFS_LF_WAP_Q(1.0),,I,CHE,,LF_WAP,,PT_WAP_SUB,,_Z,,Y,,_T,,Y15T64,,_Z,,Q,,2017-Q3,,84.13984,,,,A,,0,,1,
DATAFLOW,OECD.SDD.TPS:DSD_LFS@DF_IALFS_LF_WAP_Q(1.0),,I,CHE,,LF_WAP,,PT_WAP_SUB,,_Z,,Y,,_T,,Y15T64,,_Z,,Q,,2017-Q4,,83.93294,,,,A,,0,,1,
DATAFLOW,OECD.SDD.TPS:DSD_LFS@DF_IALFS_LF_WAP_Q(1.0),,I,CHE,,LF_WAP,,PT_WAP_SUB,,_Z,,Y,,_T,,Y15T64,,_Z,,Q,,2018-Q1,,84.0035,,,,A,,0,,1,
DATAFLOW,OECD.SDD.TPS:DSD_LFS@DF_IALFS_LF_WAP_Q(1.0),,I,CHE,,LF_WAP,,PT_WAP_SUB,,_Z,,Y,,_T,,Y15T64,,_Z,,Q,,2018-Q2,,84.244,,,,A,,0,,1,
DATAFLOW,OECD.SDD.TPS:DSD_LFS@DF_IALFS_LF_WAP_Q(1.0),,I,CHE,,LF_WAP,,PT_WAP_SUB,,_Z,,Y,,_T,,Y15T64,,_Z,,Q,,2018-Q3,,84.20177,,,,A,,0,,1,
DATAFLOW,OECD.SDD.TPS:DSD_LFS@DF_IALFS_LF_WAP_Q(1.0),,I,CHE,,LF_WAP,,PT_WAP_SUB,,_Z,,Y,,_T,,Y15T64,,_Z,,Q,,2018-Q4,,84.38158,,,,A,,0,,1,
DATAFLOW,OECD.SDD.TPS:DSD_LFS@DF_IALFS_LF_WAP_Q(1.0),,I,CHE,,LF_WAP,,PT_WAP_SUB,,_Z,,Y,,_T,,Y15T64,,_Z,,Q,,2019-Q1,,84.30833,,,,A,,0,,1,
DATAFLOW,OECD.SDD.TPS:DSD_LFS@DF_IALFS_LF_WAP_Q(1.0),,I,CHE,,LF_WAP,,PT_WAP_SUB,,_Z,,Y,,_T,,Y15T64,,_Z,,Q,,2019-Q2,,84.63441,,,,A,,0,,1,
DATAFLOW,OECD.SDD.TPS:DSD_LFS@DF_IALFS_LF_WAP_Q(1.0),,I,CHE,,LF_WAP,,PT_WAP_SUB,,_Z,,Y,,_T,,Y15T64,,_Z,,Q,,2019-Q3,,84.20177,,,,A,,0,,1,
DATAFLOW,OECD.SDD.TPS:DSD_LFS@DF_IALFS_LF_WAP_Q(1.0),,I,CHE,,LF_WAP,,PT_WAP_SUB,,_Z,,Y,,_T,,Y15T64,,_Z,,Q,,2019-Q4,,84.03955,,,,A,,0,,1,
DATAFLOW,OECD.SDD.TPS:DSD_LFS@DF_IALFS_LF_WAP_Q(1.0),,I,CHE,,LF_WAP,,PT_WAP_SUB,,_Z,,Y,,_T,,Y15T64,,_Z,,Q,,2020-Q1,,84.39827,,,,A,,0,,1,
DATAFLOW,OECD.SDD.TPS:DSD_LFS@DF_IALFS_LF_WAP_Q(1.0),,I,CHE,,LF_WAP,,PT_WAP_SUB,,_Z,,Y,,_T,,Y15T64,,_Z,,Q,,2020-Q2,,83.68557,,,,A,,0,,1,
DATAFLOW,OECD.SDD.TPS:DSD_LFS@DF_IALFS_LF_WAP_Q(1.0),,I,CHE,,LF_WAP,,PT_WAP_SUB,,_Z,,Y,,_T,,Y15T64,,_Z,,Q,,2020-Q3,,84.04186,,,,A,,0,,1,
DATAFLOW,OECD.SDD.TPS:DSD_LFS@DF_IALFS_LF_WAP_Q(1.0),,I,CHE,,LF_WAP,,PT_WAP_SUB,,_Z,,Y,,_T,,Y15T64,,_Z,,Q,,2020-Q4,,84.29572,,,,A,,0,,1,
DATAFLOW,OECD.SDD.TPS:DSD_LFS@DF_IALFS_LF_WAP_Q(1.0),,I,CHE,,LF_WAP,,PT_WAP_SUB,,_Z,,Y,,_T,,Y15T64,,_Z,,Q,,2021-Q1,,84.07076,,,,A,,0,,1,
DATAFLOW,OECD.SDD.TPS:DSD_LFS@DF_IALFS_LF_WAP_Q(1.0),,I,CHE,,LF_WAP,,PT_WAP_SUB,,_Z,,Y,,_T,,Y15T64,,_Z,,Q,,2021-Q2,,83.7732,,,,A,,0,,1,
DATAFLOW,OECD.SDD.TPS:DSD_LFS@DF_IALFS_LF_WAP_Q(1.0),,I,CHE,,LF_WAP,,PT_WAP_SUB,,_Z,,Y,,_T,,Y15T64,,_Z,,Q,,2021-Q3,,83.97462,,,,A,,0,,1,
DATAFLOW,OECD.SDD.TPS:DSD_LFS@DF_IALFS_LF_WAP_Q(1.0),,I,CHE,,LF_WAP,,PT_WAP_SUB,,_Z,,Y,,_T,,Y15T64,,_Z,,Q,,2021-Q4,,83.95624,,,,A,,0,,1,
DATAFLOW,OECD.SDD.TPS:DSD_LFS@DF_IALFS_LF_WAP_Q(1.0),,I,CHE,,LF_WAP,,PT_WAP_SUB,,_Z,,Y,,_T,,Y15T64,,_Z,,Q,,2022-Q1,,83.67178,,,,A,,0,,1,
DATAFLOW,OECD.SDD.TPS:DSD_LFS@DF_IALFS_LF_WAP_Q(1.0),,I,CHE,,LF_WAP,,PT_WAP_SUB,,_Z,,Y,,_T,,Y15T64,,_Z,,Q,,2022-Q2,,83.65781,,,,A,,0,,1,
DATAFLOW,OECD.SDD.TPS:DSD_LFS@DF_IALFS_LF_WAP_Q(1.0),,I,CHE,,LF_WAP,,PT_WAP_SUB,,_Z,,Y,,_T,,Y15T64,,_Z,,Q,,2022-Q3,,83.55151,,,,A,,0,,1,
DATAFLOW,OECD.SDD.TPS:DSD_LFS@DF_IALFS_LF_WAP_Q(1.0),,I,CHE,,LF_WAP,,PT_WAP_SUB,,_Z,,Y,,_T,,Y15T64,,_Z,,Q,,2022-Q4,,83.62843,,,,A,,0,,1,
DATAFLOW,OECD.SDD.TPS:DSD_LFS@DF_IALFS_LF_WAP_Q(1.0),,I,CHE,,LF_WAP,,PT_WAP_SUB,,_Z,,Y,,_T,,Y15T64,,_Z,,Q,,2023-Q1,,84.08797,,,,A,,0,,1,
DATAFLOW,OECD.SDD.TPS:DSD_LFS@DF_IALFS_LF_WAP_Q(1.0),,I,CHE,,LF_WAP,,PT_WAP_SUB,,_Z,,Y,,_T,,Y15T64,,_Z,,Q,,2023-Q2,,84.14526,,,,A,,0,,1,
DATAFLOW,OECD.SDD.TPS:DSD_LFS@DF_IALFS_LF_WAP_Q(1.0),,I,CHE,,LF_WAP,,PT_WAP_SUB,,_Z,,Y,,_T,,Y15T64,,_Z,,Q,,2023-Q3,,84.10257,,,,A,,0,,1,
DATAFLOW,OECD.SDD.TPS:DSD_LFS@DF_IALFS_LF_WAP_Q(1.0),,I,CHE,,LF_WAP,,PT_WAP_SUB,,_Z,,Y,,_T,,Y15T64,,_Z,,Q,,2023-Q4,,84.21788,,,,A,,0,,1,
DATAFLOW,OECD.SDD.TPS:DSD_LFS@DF_IALFS_LF_WAP_Q(1.0),,I,CHE,,LF_WAP,,PT_WAP_SUB,,_Z,,Y,,_T,,Y15T64,,_Z,,Q,,2024-Q1,,83.9627,,,,A,,0,,1,
DATAFLOW,OECD.SDD.TPS:DSD_LFS@DF_IALFS_LF_WAP_Q(1.0),,I,CHE,,LF_WAP,,PT_WAP_SUB,,_Z,,Y,,_T,,Y15T64,,_Z,,Q,,2024-Q2,,84.12558,,,,A,,0,,1,
DATAFLOW,OECD.SDD.TPS:DSD_LFS@DF_IALFS_LF_WAP_Q(1.0),,I,CHE,,LF_WAP,,PT_WAP_SUB,,_Z,,Y,,_T,,Y15T64,,_Z,,Q,,2024-Q3,,84.22749,,,,A,,0,,1,
DATAFLOW,OECD.SDD.TPS:DSD_LFS@DF_IALFS_LF_WAP_Q(1.0),,I,CHE,,LF_WAP,,PT_WAP_SUB,,_Z,,Y,,_T,,Y15T64,,_Z,,Q,,2024-Q4,,84.14394,,,,A,,0,,1,
DATAFLOW,OECD.SDD.TPS:DSD_LFS@DF_IALFS_LF_WAP_Q(1.0),,I,CHE,,LF_WAP,,PT_WAP_SUB,,_Z,,Y,,_T,,Y15T64,,_Z,,Q,,2025-Q1,,84.09424,,,,A,,0,,1,
DATAFLOW,OECD.SDD.TPS:DSD_LFS@DF_IALFS_LF_WAP_Q(1.0),,I,CHE,,LF_WAP,,PT_WAP_SUB,,_Z,,Y,,_T,,Y15T64,,_Z,,Q,,2025-Q2,,84.22079,,,,A,,0,,1,
DATAFLOW,OECD.SDD.TPS:DSD_LFS@DF_IALFS_LF_WAP_Q(1.0),,I,CHE,,LF_WAP,,PT_WAP_SUB,,_Z,,Y,,_T,,Y15T64,,_Z,,Q,,2025-Q3,,84.13242,,,,A,,0,,1,
DATAFLOW,OECD.SDD.TPS:DSD_LFS@DF_IALFS_LF_WAP_Q(1.0),,I,CHE,,LF_WAP,,PT_WAP_SUB,,_Z,,Y,,_T,,Y15T64,,_Z,,Q,,2025-Q4,,84.10419,,,,A,,0,,1,
DATAFLOW,OECD.SDD.TPS:DSD_LFS@DF_IALFS_LF_WAP_Q(1.0),,I,CHE,,LF_WAP,,PT_WAP_SUB,,_Z,,Y,,_T,,Y15T64,,_Z,,Q,,2026-Q1,,84.0201,,,,A,,0,,1,
DATAFLOW,OECD.SDD.TPS:DSD_LFS@DF_IALFS_LF_WAP_Q(1.0),,I,LUX,,LF_WAP,,PT_WAP_SUB,,_Z,,Y,,_T,,Y15T64,,_Z,,Q,,2007-Q1,,67.49826,,,,A,,0,,1,
DATAFLOW,OECD.SDD.TPS:DSD_LFS@DF_IALFS_LF_WAP_Q(1.0),,I,LUX,,LF_WAP,,PT_WAP_SUB,,_Z,,Y,,_T,,Y15T64,,_Z,,Q,,2007-Q2,,66.08855,,,,A,,0,,1,
DATAFLOW,OECD.SDD.TPS:DSD_LFS@DF_IALFS_LF_WAP_Q(1.0),,I,LUX,,LF_WAP,,PT_WAP_SUB,,_Z,,Y,,_T,,Y15T64,,_Z,,Q,,2007-Q3,,67.08423,,,,A,,0,,1,
DATAFLOW,OECD.SDD.TPS:DSD_LFS@DF_IALFS_LF_WAP_Q(1.0),,I,LUX,,LF_WAP,,PT_WAP_SUB,,_Z,,Y,,_T,,Y15T64,,_Z,,Q,,2007-Q4,,66.85556,,,,A,,0,,1,
DATAFLOW,OECD.SDD.TPS:DSD_LFS@DF_IALFS_LF_WAP_Q(1.0),,I,LUX,,LF_WAP,,PT_WAP_SUB,,_Z,,Y,,_T,,Y15T64,,_Z,,Q,,2008-Q1,,66.36358,,,,A,,0,,1,
DATAFLOW,OECD.SDD.TPS:DSD_LFS@DF_IALFS_LF_WAP_Q(1.0),,I,LUX,,LF_WAP,,PT_WAP_SUB,,_Z,,Y,,_T,,Y15T64,,_Z,,Q,,2008-Q2,,67.51752,,,,A,,0,,1,
DATAFLOW,OECD.SDD.TPS:DSD_LFS@DF_IALFS_LF_WAP_Q(1.0),,I,LUX,,LF_WAP,,PT_WAP_SUB,,_Z,,Y,,_T,,Y15T64,,_Z,,Q,,2008-Q3,,67.03625,,,,A,,0,,1,
DATAFLOW,OECD.SDD.TPS:DSD_LFS@DF_IALFS_LF_WAP_Q(1.0),,I,LUX,,LF_WAP,,PT_WAP_SUB,,_Z,,Y,,_T,,Y15T64,,_Z,,Q,,2008-Q4,,66.28419,,,,A,,0,,1,
DATAFLOW,OECD.SDD.TPS:DSD_LFS@DF_IALFS_LF_WAP_Q(1.0),,I,LUX,,LF_WAP,,PT_WAP_SUB,,_Z,,Y,,_T,,Y15T64,,_Z,,Q,,2009-Q1,,68.59793,,,,A,,0,,1,
DATAFLOW,OECD.SDD.TPS:DSD_LFS@DF_IALFS_LF_WAP_Q(1.0),,I,LUX,,LF_WAP,,PT_WAP_SUB,,_Z,,Y,,_T,,Y15T64,,_Z,,Q,,2009-Q2,,69.00803,,,,A,,0,,1,
DATAFLOW,OECD.SDD.TPS:DSD_LFS@DF_IALFS_LF_WAP_Q(1.0),,I,LUX,,LF_WAP,,PT_WAP_SUB,,_Z,,Y,,_T,,Y15T64,,_Z,,Q,,2009-Q3,,68.63585,,,,A,,0,,1,
DATAFLOW,OECD.SDD.TPS:DSD_LFS@DF_IALFS_LF_WAP_Q(1.0),,I,LUX,,LF_WAP,,PT_WAP_SUB,,_Z,,Y,,_T,,Y15T64,,_Z,,Q,,2009-Q4,,68.71782,,,,A,,0,,1,
DATAFLOW,OECD.SDD.TPS:DSD_LFS@DF_IALFS_LF_WAP_Q(1.0),,I,LUX,,LF_WAP,,PT_WAP_SUB,,_Z,,Y,,_T,,Y15T64,,_Z,,Q,,2010-Q1,,68.28118,,,,A,,0,,1,
DATAFLOW,OECD.SDD.TPS:DSD_LFS@DF_IALFS_LF_WAP_Q(1.0),,I,LUX,,LF_WAP,,PT_WAP_SUB,,_Z,,Y,,_T,,Y15T64,,_Z,,Q,,2010-Q2,,67.45877,,,,A,,0,,1,
DATAFLOW,OECD.SDD.TPS:DSD_LFS@DF_IALFS_LF_WAP_Q(1.0),,I,LUX,,LF_WAP,,PT_WAP_SUB,,_Z,,Y,,_T,,Y15T64,,_Z,,Q,,2010-Q3,,68.65419,,,,A,,0,,1,
DATAFLOW,OECD.SDD.TPS:DSD_LFS@DF_IALFS_LF_WAP_Q(1.0),,I,LUX,,LF_WAP,,PT_WAP_SUB,,_Z,,Y,,_T,,Y15T64,,_Z,,Q,,2010-Q4,,68.4392,,,,A,,0,,1,
DATAFLOW,OECD.SDD.TPS:DSD_LFS@DF_IALFS_LF_WAP_Q(1.0),,I,LUX,,LF_WAP,,PT_WAP_SUB,,_Z,,Y,,_T,,Y15T64,,_Z,,Q,,2011-Q1,,69.19178,,,,A,,0,,1,
DATAFLOW,OECD.SDD.TPS:DSD_LFS@DF_IALFS_LF_WAP_Q(1.0),,I,LUX,,LF_WAP,,PT_WAP_SUB,,_Z,,Y,,_T,,Y15T64,,_Z,,Q,,2011-Q2,,67.39408,,,,A,,0,,1,
DATAFLOW,OECD.SDD.TPS:DSD_LFS@DF_IALFS_LF_WAP_Q(1.0),,I,LUX,,LF_WAP,,PT_WAP_SUB,,_Z,,Y,,_T,,Y15T64,,_Z,,Q,,2011-Q3,,67.82042,,,,A,,0,,1,
DATAFLOW,OECD.SDD.TPS:DSD_LFS@DF_IALFS_LF_WAP_Q(1.0),,I,LUX,,LF_WAP,,PT_WAP_SUB,,_Z,,Y,,_T,,Y15T64,,_Z,,Q,,2011-Q4,,67.3808,,,,A,,0,,1,
DATAFLOW,OECD.SDD.TPS:DSD_LFS@DF_IALFS_LF_WAP_Q(1.0),,I,LUX,,LF_WAP,,PT_WAP_SUB,,_Z,,Y,,_T,,Y15T64,,_Z,,Q,,2012-Q1,,68.73438,,,,A,,0,,1,
DATAFLOW,OECD.SDD.TPS:DSD_LFS@DF_IALFS_LF_WAP_Q(1.0),,I,LUX,,LF_WAP,,PT_WAP_SUB,,_Z,,Y,,_T,,Y15T64,,_Z,,Q,,2012-Q2,,68.60325,,,,A,,0,,1,
DATAFLOW,OECD.SDD.TPS:DSD_LFS@DF_IALFS_LF_WAP_Q(1.0),,I,LUX,,LF_WAP,,PT_WAP_SUB,,_Z,,Y,,_T,,Y15T64,,_Z,,Q,,2012-Q3,,70.4958,,,,A,,0,,1,
DATAFLOW,OECD.SDD.TPS:DSD_LFS@DF_IALFS_LF_WAP_Q(1.0),,I,LUX,,LF_WAP,,PT_WAP_SUB,,_Z,,Y,,_T,,Y15T64,,_Z,,Q,,2012-Q4,,69.90116,,,,A,,0,,1,
DATAFLOW,OECD.SDD.TPS:DSD_LFS@DF_IALFS_LF_WAP_Q(1.0),,I,LUX,,LF_WAP,,PT_WAP_SUB,,_Z,,Y,,_T,,Y15T64,,_Z,,Q,,2013-Q1,,69.17389,,,,A,,0,,1,
DATAFLOW,OECD.SDD.TPS:DSD_LFS@DF_IALFS_LF_WAP_Q(1.0),,I,LUX,,LF_WAP,,PT_WAP_SUB,,_Z,,Y,,_T,,Y15T64,,_Z,,Q,,2013-Q2,,69.92117,,,,A,,0,,1,
DATAFLOW,OECD.SDD.TPS:DSD_LFS@DF_IALFS_LF_WAP_Q(1.0),,I,LUX,,LF_WAP,,PT_WAP_SUB,,_Z,,Y,,_T,,Y15T64,,_Z,,Q,,2013-Q3,,69.80908,,,,A,,0,,1,
DATAFLOW,OECD.SDD.TPS:DSD_LFS@DF_IALFS_LF_WAP_Q(1.0),,I,LUX,,LF_WAP,,PT_WAP_SUB,,_Z,,Y,,_T,,Y15T64,,_Z,,Q,,2013-Q4,,70.50555,,,,A,,0,,1,
DATAFLOW,OECD.SDD.TPS:DSD_LFS@DF_IALFS_LF_WAP_Q(1.0),,I,LUX,,LF_WAP,,PT_WAP_SUB,,_Z,,Y,,_T,,Y15T64,,_Z,,Q,,2014-Q1,,70.8606,,,,A,,0,,1,
DATAFLOW,OECD.SDD.TPS:DSD_LFS@DF_IALFS_LF_WAP_Q(1.0),,I,LUX,,LF_WAP,,PT_WAP_SUB,,_Z,,Y,,_T,,Y15T64,,_Z,,Q,,2014-Q2,,70.2715,,,,A,,0,,1,
DATAFLOW,OECD.SDD.TPS:DSD_LFS@DF_IALFS_LF_WAP_Q(1.0),,I,LUX,,LF_WAP,,PT_WAP_SUB,,_Z,,Y,,_T,,Y15T64,,_Z,,Q,,2014-Q3,,70.44579,,,,A,,0,,1,
DATAFLOW,OECD.SDD.TPS:DSD_LFS@DF_IALFS_LF_WAP_Q(1.0),,I,LUX,,LF_WAP,,PT_WAP_SUB,,_Z,,Y,,_T,,Y15T64,,_Z,,Q,,2014-Q4,,71.63845,,,,A,,0,,1,
DATAFLOW,OECD.SDD.TPS:DSD_LFS@DF_IALFS_LF_WAP_Q(1.0),,I,LUX,,LF_WAP,,PT_WAP_SUB,,_Z,,Y,,_T,,Y15T64,,_Z,,Q,,2015-Q1,,71.28875,,,,A,,0,,1,
DATAFLOW,OECD.SDD.TPS:DSD_LFS@DF_IALFS_LF_WAP_Q(1.0),,I,LUX,,LF_WAP,,PT_WAP_SUB,,_Z,,Y,,_T,,Y15T64,,_Z,,Q,,2015-Q2,,70.93016,,,,A,,0,,1,
DATAFLOW,OECD.SDD.TPS:DSD_LFS@DF_IALFS_LF_WAP_Q(1.0),,I,LUX,,LF_WAP,,PT_WAP_SUB,,_Z,,Y,,_T,,Y15T64,,_Z,,Q,,2015-Q3,,71.00197,,,,A,,0,,1,
DATAFLOW,OECD.SDD.TPS:DSD_LFS@DF_IALFS_LF_WAP_Q(1.0),,I,LUX,,LF_WAP,,PT_WAP_SUB,,_Z,,Y,,_T,,Y15T64,,_Z,,Q,,2015-Q4,,70.29079,,,,A,,0,,1,
DATAFLOW,OECD.SDD.TPS:DSD_LFS@DF_IALFS_LF_WAP_Q(1.0),,I,LUX,,LF_WAP,,PT_WAP_SUB,,_Z,,Y,,_T,,Y15T64,,_Z,,Q,,2016-Q1,,69.46022,,,,A,,0,,1,
DATAFLOW,OECD.SDD.TPS:DSD_LFS@DF_IALFS_LF_WAP_Q(1.0),,I,LUX,,LF_WAP,,PT_WAP_SUB,,_Z,,Y,,_T,,Y15T64,,_Z,,Q,,2016-Q2,,69.52876,,,,A,,0,,1,
DATAFLOW,OECD.SDD.TPS:DSD_LFS@DF_IALFS_LF_WAP_Q(1.0),,I,LUX,,LF_WAP,,PT_WAP_SUB,,_Z,,Y,,_T,,Y15T64,,_Z,,Q,,2016-Q3,,70.22247,,,,A,,0,,1,
DATAFLOW,OECD.SDD.TPS:DSD_LFS@DF_IALFS_LF_WAP_Q(1.0),,I,LUX,,LF_WAP,,PT_WAP_SUB,,_Z,,Y,,_T,,Y15T64,,_Z,,Q,,2016-Q4,,70.66216,,,,A,,0,,1,
DATAFLOW,OECD.SDD.TPS:DSD_LFS@DF_IALFS_LF_WAP_Q(1.0),,I,LUX,,LF_WAP,,PT_WAP_SUB,,_Z,,Y,,_T,,Y15T64,,_Z,,Q,,2017-Q1,,70.11858,,,,A,,0,,1,
DATAFLOW,OECD.SDD.TPS:DSD_LFS@DF_IALFS_LF_WAP_Q(1.0),,I,LUX,,LF_WAP,,PT_WAP_SUB,,_Z,,Y,,_T,,Y15T64,,_Z,,Q,,2017-Q2,,69.68365,,,,A,,0,,1,
DATAFLOW,OECD.SDD.TPS:DSD_LFS@DF_IALFS_LF_WAP_Q(1.0),,I,LUX,,LF_WAP,,PT_WAP_SUB,,_Z,,Y,,_T,,Y15T64,,_Z,,Q,,2017-Q3,,70.91558,,,,A,,0,,1,
DATAFLOW,OECD.SDD.TPS:DSD_LFS@DF_IALFS_LF_WAP_Q(1.0),,I,LUX,,LF_WAP,,PT_WAP_SUB,,_Z,,Y,,_T,,Y15T64,,_Z,,Q,,2017-Q4,,69.8929,,,,A,,0,,1,
DATAFLOW,OECD.SDD.TPS:DSD_LFS@DF_IALFS_LF_WAP_Q(1.0),,I,LUX,,LF_WAP,,PT_WAP_SUB,,_Z,,Y,,_T,,Y15T64,,_Z,,Q,,2018-Q1,,70.97852,,,,A,,0,,1,
DATAFLOW,OECD.SDD.TPS:DSD_LFS@DF_IALFS_LF_WAP_Q(1.0),,I,LUX,,LF_WAP,,PT_WAP_SUB,,_Z,,Y,,_T,,Y15T64,,_Z,,Q,,2018-Q2,,70.12374,,,,A,,0,,1,
DATAFLOW,OECD.SDD.TPS:DSD_LFS@DF_IALFS_LF_WAP_Q(1.0),,I,LUX,,LF_WAP,,PT_WAP_SUB,,_Z,,Y,,_T,,Y15T64,,_Z,,Q,,2018-Q3,,71.33784,,,,A,,0,,1,
DATAFLOW,OECD.SDD.TPS:DSD_LFS@DF_IALFS_LF_WAP_Q(1.0),,I,LUX,,LF_WAP,,PT_WAP_SUB,,_Z,,Y,,_T,,Y15T64,,_Z,,Q,,2018-Q4,,71.87877,,,,A,,0,,1,
DATAFLOW,OECD.SDD.TPS:DSD_LFS@DF_IALFS_LF_WAP_Q(1.0),,I,LUX,,LF_WAP,,PT_WAP_SUB,,_Z,,Y,,_T,,Y15T64,,_Z,,Q,,2019-Q1,,71.41729,,,,A,,0,,1,
DATAFLOW,OECD.SDD.TPS:DSD_LFS@DF_IALFS_LF_WAP_Q(1.0),,I,LUX,,LF_WAP,,PT_WAP_SUB,,_Z,,Y,,_T,,Y15T64,,_Z,,Q,,2019-Q2,,72.2251,,,,A,,0,,1,
DATAFLOW,OECD.SDD.TPS:DSD_LFS@DF_IALFS_LF_WAP_Q(1.0),,I,LUX,,LF_WAP,,PT_WAP_SUB,,_Z,,Y,,_T,,Y15T64,,_Z,,Q,,2019-Q3,,72.15978,,,,A,,0,,1,
DATAFLOW,OECD.SDD.TPS:DSD_LFS@DF_IALFS_LF_WAP_Q(1.0),,I,LUX,,LF_WAP,,PT_WAP_SUB,,_Z,,Y,,_T,,Y15T64,,_Z,,Q,,2019-Q4,,72.04009,,,,A,,0,,1,
DATAFLOW,OECD.SDD.TPS:DSD_LFS@DF_IALFS_LF_WAP_Q(1.0),,I,LUX,,LF_WAP,,PT_WAP_SUB,,_Z,,Y,,_T,,Y15T64,,_Z,,Q,,2020-Q1,,71.14282,,,,A,,0,,1,
DATAFLOW,OECD.SDD.TPS:DSD_LFS@DF_IALFS_LF_WAP_Q(1.0),,I,LUX,,LF_WAP,,PT_WAP_SUB,,_Z,,Y,,_T,,Y15T64,,_Z,,Q,,2020-Q2,,71.52303,,,,A,,0,,1,
DATAFLOW,OECD.SDD.TPS:DSD_LFS@DF_IALFS_LF_WAP_Q(1.0),,I,LUX,,LF_WAP,,PT_WAP_SUB,,_Z,,Y,,_T,,Y15T64,,_Z,,Q,,2020-Q3,,72.66917,,,,A,,0,,1,
DATAFLOW,OECD.SDD.TPS:DSD_LFS@DF_IALFS_LF_WAP_Q(1.0),,I,LUX,,LF_WAP,,PT_WAP_SUB,,_Z,,Y,,_T,,Y15T64,,_Z,,Q,,2020-Q4,,73.2677,,,,A,,0,,1,
DATAFLOW,OECD.SDD.TPS:DSD_LFS@DF_IALFS_LF_WAP_Q(1.0),,I,LUX,,LF_WAP,,PT_WAP_SUB,,_Z,,Y,,_T,,Y15T64,,_Z,,Q,,2021-Q1,,72.17278,,,,A,,0,,1,
DATAFLOW,OECD.SDD.TPS:DSD_LFS@DF_IALFS_LF_WAP_Q(1.0),,I,LUX,,LF_WAP,,PT_WAP_SUB,,_Z,,Y,,_T,,Y15T64,,_Z,,Q,,2021-Q2,,73.83303,,,,A,,0,,1,
DATAFLOW,OECD.SDD.TPS:DSD_LFS@DF_IALFS_LF_WAP_Q(1.0),,I,LUX,,LF_WAP,,PT_WAP_SUB,,_Z,,Y,,_T,,Y15T64,,_Z,,Q,,2021-Q3,,74.25527,,,,A,,0,,1,
DATAFLOW,OECD.SDD.TPS:DSD_LFS@DF_IALFS_LF_WAP_Q(1.0),,I,LUX,,LF_WAP,,PT_WAP_SUB,,_Z,,Y,,_T,,Y15T64,,_Z,,Q,,2021-Q4,,72.67958,,,,A,,0,,1,
DATAFLOW,OECD.SDD.TPS:DSD_LFS@DF_IALFS_LF_WAP_Q(1.0),,I,LUX,,LF_WAP,,PT_WAP_SUB,,_Z,,Y,,_T,,Y15T64,,_Z,,Q,,2022-Q1,,73.59579,,,,A,,0,,1,
DATAFLOW,OECD.SDD.TPS:DSD_LFS@DF_IALFS_LF_WAP_Q(1.0),,I,LUX,,LF_WAP,,PT_WAP_SUB,,_Z,,Y,,_T,,Y15T64,,_Z,,Q,,2022-Q2,,73.41209,,,,A,,0,,1,
DATAFLOW,OECD.SDD.TPS:DSD_LFS@DF_IALFS_LF_WAP_Q(1.0),,I,LUX,,LF_WAP,,PT_WAP_SUB,,_Z,,Y,,_T,,Y15T64,,_Z,,Q,,2022-Q3,,73.769,,,,A,,0,,1,
DATAFLOW,OECD.SDD.TPS:DSD_LFS@DF_IALFS_LF_WAP_Q(1.0),,I,LUX,,LF_WAP,,PT_WAP_SUB,,_Z,,Y,,_T,,Y15T64,,_Z,,Q,,2022-Q4,,73.16846,,,,A,,0,,1,
DATAFLOW,OECD.SDD.TPS:DSD_LFS@DF_IALFS_LF_WAP_Q(1.0),,I,LUX,,LF_WAP,,PT_WAP_SUB,,_Z,,Y,,_T,,Y15T64,,_Z,,Q,,2023-Q1,,74.19683,,,,A,,0,,1,
DATAFLOW,OECD.SDD.TPS:DSD_LFS@DF_IALFS_LF_WAP_Q(1.0),,I,LUX,,LF_WAP,,PT_WAP_SUB,,_Z,,Y,,_T,,Y15T64,,_Z,,Q,,2023-Q2,,74.36431,,,,A,,0,,1,
DATAFLOW,OECD.SDD.TPS:DSD_LFS@DF_IALFS_LF_WAP_Q(1.0),,I,LUX,,LF_WAP,,PT_WAP_SUB,,_Z,,Y,,_T,,Y15T64,,_Z,,Q,,2023-Q3,,74.60932,,,,A,,0,,1,
DATAFLOW,OECD.SDD.TPS:DSD_LFS@DF_IALFS_LF_WAP_Q(1.0),,I,LUX,,LF_WAP,,PT_WAP_SUB,,_Z,,Y,,_T,,Y15T64,,_Z,,Q,,2023-Q4,,73.41492,,,,A,,0,,1,
DATAFLOW,OECD.SDD.TPS:DSD_LFS@DF_IALFS_LF_WAP_Q(1.0),,I,LUX,,LF_WAP,,PT_WAP_SUB,,_Z,,Y,,_T,,Y15T64,,_Z,,Q,,2024-Q1,,73.99802,,,,A,,0,,1,
DATAFLOW,OECD.SDD.TPS:DSD_LFS@DF_IALFS_LF_WAP_Q(1.0),,I,LUX,,LF_WAP,,PT_WAP_SUB,,_Z,,Y,,_T,,Y15T64,,_Z,,Q,,2024-Q2,,74.7233,,,,A,,0,,1,
DATAFLOW,OECD.SDD.TPS:DSD_LFS@DF_IALFS_LF_WAP_Q(1.0),,I,LUX,,LF_WAP,,PT_WAP_SUB,,_Z,,Y,,_T,,Y15T64,,_Z,,Q,,2024-Q3,,74.33035,,,,A,,0,,1,
DATAFLOW,OECD.SDD.TPS:DSD_LFS@DF_IALFS_LF_WAP_Q(1.0),,I,LUX,,LF_WAP,,PT_WAP_SUB,,_Z,,Y,,_T,,Y15T64,,_Z,,Q,,2024-Q4,,74.96733,,,,A,,0,,1,
DATAFLOW,OECD.SDD.TPS:DSD_LFS@DF_IALFS_LF_WAP_Q(1.0),,I,LUX,,LF_WAP,,PT_WAP_SUB,,_Z,,Y,,_T,,Y15T64,,_Z,,Q,,2025-Q1,,74.84131,,,,A,,0,,1,
DATAFLOW,OECD.SDD.TPS:DSD_LFS@DF_IALFS_LF_WAP_Q(1.0),,I,LUX,,LF_WAP,,PT_WAP_SUB,,_Z,,Y,,_T,,Y15T64,,_Z,,Q,,2025-Q2,,74.77312,,,,A,,0,,1,
DATAFLOW,OECD.SDD.TPS:DSD_LFS@DF_IALFS_LF_WAP_Q(1.0),,I,LUX,,LF_WAP,,PT_WAP_SUB,,_Z,,Y,,_T,,Y15T64,,_Z,,Q,,2025-Q3,,74.15984,,,,A,,0,,1,
DATAFLOW,OECD.SDD.TPS:DSD_LFS@DF_IALFS_LF_WAP_Q(1.0),,I,LUX,,LF_WAP,,PT_WAP_SUB,,_Z,,Y,,_T,,Y15T64,,_Z,,Q,,2025-Q4,,73.50961,,,,A,,0,,1,
DATAFLOW,OECD.SDD.TPS:DSD_LFS@DF_IALFS_LF_WAP_Q(1.0),,I,LUX,,LF_WAP,,PT_WAP_SUB,,_Z,,Y,,_T,,Y15T64,,_Z,,Q,,2026-Q1,,74.02751,,,,A,,0,,1,
DATAFLOW,OECD.SDD.TPS:DSD_LFS@DF_IALFS_LF_WAP_Q(1.0),,I,TUR,,LF_WAP,,PT_WAP_SUB,,_Z,,Y,,_T,,Y15T64,,_Z,,Q,,2006-Q1,,48.49643,,,,A,,0,,1,
DATAFLOW,OECD.SDD.TPS:DSD_LFS@DF_IALFS_LF_WAP_Q(1.0),,I,TUR,,LF_WAP,,PT_WAP_SUB,,_Z,,Y,,_T,,Y15T64,,_Z,,Q,,2006-Q2,,48.77306,,,,A,,0,,1,
DATAFLOW,OECD.SDD.TPS:DSD_LFS@DF_IALFS_LF_WAP_Q(1.0),,I,TUR,,LF_WAP,,PT_WAP_SUB,,_Z,,Y,,_T,,Y15T64,,_Z,,Q,,2006-Q3,,49.11184,,,,A,,0,,1,
DATAFLOW,OECD.SDD.TPS:DSD_LFS@DF_IALFS_LF_WAP_Q(1.0),,I,TUR,,LF_WAP,,PT_WAP_SUB,,_Z,,Y,,_T,,Y15T64,,_Z,,Q,,2006-Q4,,49.49212,,,,A,,0,,1,
DATAFLOW,OECD.SDD.TPS:DSD_LFS@DF_IALFS_LF_WAP_Q(1.0),,I,TUR,,LF_WAP,,PT_WAP_SUB,,_Z,,Y,,_T,,Y15T64,,_Z,,Q,,2007-Q1,,49.23244,,,,A,,0,,1,
DATAFLOW,OECD.SDD.TPS:DSD_LFS@DF_IALFS_LF_WAP_Q(1.0),,I,TUR,,LF_WAP,,PT_WAP_SUB,,_Z,,Y,,_T,,Y15T64,,_Z,,Q,,2007-Q2,,49.17931,,,,A,,0,,1,
DATAFLOW,OECD.SDD.TPS:DSD_LFS@DF_IALFS_LF_WAP_Q(1.0),,I,TUR,,LF_WAP,,PT_WAP_SUB,,_Z,,Y,,_T,,Y15T64,,_Z,,Q,,2007-Q3,,49.15036,,,,A,,0,,1,
DATAFLOW,OECD.SDD.TPS:DSD_LFS@DF_IALFS_LF_WAP_Q(1.0),,I,TUR,,LF_WAP,,PT_WAP_SUB,,_Z,,Y,,_T,,Y15T64,,_Z,,Q,,2007-Q4,,48.76573,,,,A,,0,,1,
DATAFLOW,OECD.SDD.TPS:DSD_LFS@DF_IALFS_LF_WAP_Q(1.0),,I,TUR,,LF_WAP,,PT_WAP_SUB,,_Z,,Y,,_T,,Y15T64,,_Z,,Q,,2008-Q1,,49.2849,,,,A,,0,,1,
DATAFLOW,OECD.SDD.TPS:DSD_LFS@DF_IALFS_LF_WAP_Q(1.0),,I,TUR,,LF_WAP,,PT_WAP_SUB,,_Z,,Y,,_T,,Y15T64,,_Z,,Q,,2008-Q2,,49.70526,,,,A,,0,,1,
DATAFLOW,OECD.SDD.TPS:DSD_LFS@DF_IALFS_LF_WAP_Q(1.0),,I,TUR,,LF_WAP,,PT_WAP_SUB,,_Z,,Y,,_T,,Y15T64,,_Z,,Q,,2008-Q3,,49.95154,,,,A,,0,,1,
DATAFLOW,OECD.SDD.TPS:DSD_LFS@DF_IALFS_LF_WAP_Q(1.0),,I,TUR,,LF_WAP,,PT_WAP_SUB,,_Z,,Y,,_T,,Y15T64,,_Z,,Q,,2008-Q4,,50.30319,,,,A,,0,,1,
DATAFLOW,OECD.SDD.TPS:DSD_LFS@DF_IALFS_LF_WAP_Q(1.0),,I,TUR,,LF_WAP,,PT_WAP_SUB,,_Z,,Y,,_T,,Y15T64,,_Z,,Q,,2009-Q1,,50.00121,,,,A,,0,,1,
DATAFLOW,OECD.SDD.TPS:DSD_LFS@DF_IALFS_LF_WAP_Q(1.0),,I,TUR,,LF_WAP,,PT_WAP_SUB,,_Z,,Y,,_T,,Y15T64,,_Z,,Q,,2009-Q2,,50.46938,,,,A,,0,,1,
DATAFLOW,OECD.SDD.TPS:DSD_LFS@DF_IALFS_LF_WAP_Q(1.0),,I,TUR,,LF_WAP,,PT_WAP_SUB,,_Z,,Y,,_T,,Y15T64,,_Z,,Q,,2009-Q3,,51.18008,,,,A,,0,,1,
DATAFLOW,OECD.SDD.TPS:DSD_LFS@DF_IALFS_LF_WAP_Q(1.0),,I,TUR,,LF_WAP,,PT_WAP_SUB,,_Z,,Y,,_T,,Y15T64,,_Z,,Q,,2009-Q4,,51.40911,,,,A,,0,,1,
DATAFLOW,OECD.SDD.TPS:DSD_LFS@DF_IALFS_LF_WAP_Q(1.0),,I,TUR,,LF_WAP,,PT_WAP_SUB,,_Z,,Y,,_T,,Y15T64,,_Z,,Q,,2010-Q1,,51.91337,,,,A,,0,,1,
DATAFLOW,OECD.SDD.TPS:DSD_LFS@DF_IALFS_LF_WAP_Q(1.0),,I,TUR,,LF_WAP,,PT_WAP_SUB,,_Z,,Y,,_T,,Y15T64,,_Z,,Q,,2010-Q2,,51.94889,,,,A,,0,,1,
DATAFLOW,OECD.SDD.TPS:DSD_LFS@DF_IALFS_LF_WAP_Q(1.0),,I,TUR,,LF_WAP,,PT_WAP_SUB,,_Z,,Y,,_T,,Y15T64,,_Z,,Q,,2010-Q3,,51.84162,,,,A,,0,,1,
DATAFLOW,OECD.SDD.TPS:DSD_LFS@DF_IALFS_LF_WAP_Q(1.0),,I,TUR,,LF_WAP,,PT_WAP_SUB,,_Z,,Y,,_T,,Y15T64,,_Z,,Q,,2010-Q4,,52.07406,,,,A,,0,,1,
DATAFLOW,OECD.SDD.TPS:DSD_LFS@DF_IALFS_LF_WAP_Q(1.0),,I,TUR,,LF_WAP,,PT_WAP_SUB,,_Z,,Y,,_T,,Y15T64,,_Z,,Q,,2011-Q1,,53.05127,,,,A,,0,,1,
DATAFLOW,OECD.SDD.TPS:DSD_LFS@DF_IALFS_LF_WAP_Q(1.0),,I,TUR,,LF_WAP,,PT_WAP_SUB,,_Z,,Y,,_T,,Y15T64,,_Z,,Q,,2011-Q2,,53.19448,,,,A,,0,,1,
DATAFLOW,OECD.SDD.TPS:DSD_LFS@DF_IALFS_LF_WAP_Q(1.0),,I,TUR,,LF_WAP,,PT_WAP_SUB,,_Z,,Y,,_T,,Y15T64,,_Z,,Q,,2011-Q3,,53.45405,,,,A,,0,,1,
DATAFLOW,OECD.SDD.TPS:DSD_LFS@DF_IALFS_LF_WAP_Q(1.0),,I,TUR,,LF_WAP,,PT_WAP_SUB,,_Z,,Y,,_T,,Y15T64,,_Z,,Q,,2011-Q4,,53.12441,,,,A,,0,,1,
DATAFLOW,OECD.SDD.TPS:DSD_LFS@DF_IALFS_LF_WAP_Q(1.0),,I,TUR,,LF_WAP,,PT_WAP_SUB,,_Z,,Y,,_T,,Y15T64,,_Z,,Q,,2012-Q1,,52.58764,,,,A,,0,,1,
DATAFLOW,OECD.SDD.TPS:DSD_LFS@DF_IALFS_LF_WAP_Q(1.0),,I,TUR,,LF_WAP,,PT_WAP_SUB,,_Z,,Y,,_T,,Y15T64,,_Z,,Q,,2012-Q2,,53.10459,,,,A,,0,,1,
DATAFLOW,OECD.SDD.TPS:DSD_LFS@DF_IALFS_LF_WAP_Q(1.0),,I,TUR,,LF_WAP,,PT_WAP_SUB,,_Z,,Y,,_T,,Y15T64,,_Z,,Q,,2012-Q3,,53.25681,,,,A,,0,,1,
DATAFLOW,OECD.SDD.TPS:DSD_LFS@DF_IALFS_LF_WAP_Q(1.0),,I,TUR,,LF_WAP,,PT_WAP_SUB,,_Z,,Y,,_T,,Y15T64,,_Z,,Q,,2012-Q4,,54.40218,,,,A,,0,,1,
DATAFLOW,OECD.SDD.TPS:DSD_LFS@DF_IALFS_LF_WAP_Q(1.0),,I,TUR,,LF_WAP,,PT_WAP_SUB,,_Z,,Y,,_T,,Y15T64,,_Z,,Q,,2013-Q1,,54.28719,,,,A,,0,,1,
DATAFLOW,OECD.SDD.TPS:DSD_LFS@DF_IALFS_LF_WAP_Q(1.0),,I,TUR,,LF_WAP,,PT_WAP_SUB,,_Z,,Y,,_T,,Y15T64,,_Z,,Q,,2013-Q2,,54.54437,,,,A,,0,,1,
DATAFLOW,OECD.SDD.TPS:DSD_LFS@DF_IALFS_LF_WAP_Q(1.0),,I,TUR,,LF_WAP,,PT_WAP_SUB,,_Z,,Y,,_T,,Y15T64,,_Z,,Q,,2013-Q3,,54.36752,,,,A,,0,,1,
DATAFLOW,OECD.SDD.TPS:DSD_LFS@DF_IALFS_LF_WAP_Q(1.0),,I,TUR,,LF_WAP,,PT_WAP_SUB,,_Z,,Y,,_T,,Y15T64,,_Z,,Q,,2013-Q4,,54.31336,,,,A,,0,,1,
DATAFLOW,OECD.SDD.TPS:DSD_LFS@DF_IALFS_LF_WAP_Q(1.0),,I,TUR,,LF_WAP,,PT_WAP_SUB,,_Z,,Y,,_T,,Y15T64,,_Z,,Q,,2014-Q1,,54.7644,,,,A,,0,,1,
DATAFLOW,OECD.SDD.TPS:DSD_LFS@DF_IALFS_LF_WAP_Q(1.0),,I,TUR,,LF_WAP,,PT_WAP_SUB,,_Z,,Y,,_T,,Y15T64,,_Z,,Q,,2014-Q2,,55.09466,,,,A,,0,,1,
DATAFLOW,OECD.SDD.TPS:DSD_LFS@DF_IALFS_LF_WAP_Q(1.0),,I,TUR,,LF_WAP,,PT_WAP_SUB,,_Z,,Y,,_T,,Y15T64,,_Z,,Q,,2014-Q3,,55.08142,,,,A,,0,,1,
DATAFLOW,OECD.SDD.TPS:DSD_LFS@DF_IALFS_LF_WAP_Q(1.0),,I,TUR,,LF_WAP,,PT_WAP_SUB,,_Z,,Y,,_T,,Y15T64,,_Z,,Q,,2014-Q4,,55.43853,,,,A,,0,,1,
DATAFLOW,OECD.SDD.TPS:DSD_LFS@DF_IALFS_LF_WAP_Q(1.0),,I,TUR,,LF_WAP,,PT_WAP_SUB,,_Z,,Y,,_T,,Y15T64,,_Z,,Q,,2015-Q1,,55.7038,,,,A,,0,,1,
DATAFLOW,OECD.SDD.TPS:DSD_LFS@DF_IALFS_LF_WAP_Q(1.0),,I,TUR,,LF_WAP,,PT_WAP_SUB,,_Z,,Y,,_T,,Y15T64,,_Z,,Q,,2015-Q2,,55.89827,,,,A,,0,,1,
DATAFLOW,OECD.SDD.TPS:DSD_LFS@DF_IALFS_LF_WAP_Q(1.0),,I,TUR,,LF_WAP,,PT_WAP_SUB,,_Z,,Y,,_T,,Y15T64,,_Z,,Q,,2015-Q3,,56.17647,,,,A,,0,,1,
DATAFLOW,OECD.SDD.TPS:DSD_LFS@DF_IALFS_LF_WAP_Q(1.0),,I,TUR,,LF_WAP,,PT_WAP_SUB,,_Z,,Y,,_T,,Y15T64,,_Z,,Q,,2015-Q4,,56.29088,,,,A,,0,,1,
DATAFLOW,OECD.SDD.TPS:DSD_LFS@DF_IALFS_LF_WAP_Q(1.0),,I,TUR,,LF_WAP,,PT_WAP_SUB,,_Z,,Y,,_T,,Y15T64,,_Z,,Q,,2016-Q1,,56.61159,,,,A,,0,,1,
DATAFLOW,OECD.SDD.TPS:DSD_LFS@DF_IALFS_LF_WAP_Q(1.0),,I,TUR,,LF_WAP,,PT_WAP_SUB,,_Z,,Y,,_T,,Y15T64,,_Z,,Q,,2016-Q2,,56.98405,,,,A,,0,,1,
DATAFLOW,OECD.SDD.TPS:DSD_LFS@DF_IALFS_LF_WAP_Q(1.0),,I,TUR,,LF_WAP,,PT_WAP_SUB,,_Z,,Y,,_T,,Y15T64,,_Z,,Q,,2016-Q3,,56.83881,,,,A,,0,,1,
DATAFLOW,OECD.SDD.TPS:DSD_LFS@DF_IALFS_LF_WAP_Q(1.0),,I,TUR,,LF_WAP,,PT_WAP_SUB,,_Z,,Y,,_T,,Y15T64,,_Z,,Q,,2016-Q4,,57.32398,,,,A,,0,,1,
DATAFLOW,OECD.SDD.TPS:DSD_LFS@DF_IALFS_LF_WAP_Q(1.0),,I,TUR,,LF_WAP,,PT_WAP_SUB,,_Z,,Y,,_T,,Y15T64,,_Z,,Q,,2017-Q1,,57.71808,,,,A,,0,,1,
DATAFLOW,OECD.SDD.TPS:DSD_LFS@DF_IALFS_LF_WAP_Q(1.0),,I,TUR,,LF_WAP,,PT_WAP_SUB,,_Z,,Y,,_T,,Y15T64,,_Z,,Q,,2017-Q2,,57.87534,,,,A,,0,,1,
DATAFLOW,OECD.SDD.TPS:DSD_LFS@DF_IALFS_LF_WAP_Q(1.0),,I,TUR,,LF_WAP,,PT_WAP_SUB,,_Z,,Y,,_T,,Y15T64,,_Z,,Q,,2017-Q3,,57.99415,,,,A,,0,,1,
DATAFLOW,OECD.SDD.TPS:DSD_LFS@DF_IALFS_LF_WAP_Q(1.0),,I,TUR,,LF_WAP,,PT_WAP_SUB,,_Z,,Y,,_T,,Y15T64,,_Z,,Q,,2017-Q4,,58.20093,,,,A,,0,,1,
DATAFLOW,OECD.SDD.TPS:DSD_LFS@DF_IALFS_LF_WAP_Q(1.0),,I,TUR,,LF_WAP,,PT_WAP_SUB,,_Z,,Y,,_T,,Y15T64,,_Z,,Q,,2018-Q1,,58.22433,,,,A,,0,,1,
DATAFLOW,OECD.SDD.TPS:DSD_LFS@DF_IALFS_LF_WAP_Q(1.0),,I,TUR,,LF_WAP,,PT_WAP_SUB,,_Z,,Y,,_T,,Y15T64,,_Z,,Q,,2018-Q2,,58.33835,,,,A,,0,,1,
DATAFLOW,OECD.SDD.TPS:DSD_LFS@DF_IALFS_LF_WAP_Q(1.0),,I,TUR,,LF_WAP,,PT_WAP_SUB,,_Z,,Y,,_T,,Y15T64,,_Z,,Q,,2018-Q3,,58.81589,,,,A,,0,,1,
DATAFLOW,OECD.SDD.TPS:DSD_LFS@DF_IALFS_LF_WAP_Q(1.0),,I,TUR,,LF_WAP,,PT_WAP_SUB,,_Z,,Y,,_T,,Y15T64,,_Z,,Q,,2018-Q4,,58.53511,,,,A,,0,,1,
DATAFLOW,OECD.SDD.TPS:DSD_LFS@DF_IALFS_LF_WAP_Q(1.0),,I,TUR,,LF_WAP,,PT_WAP_SUB,,_Z,,Y,,_T,,Y15T64,,_Z,,Q,,2019-Q1,,58.76699,,,,A,,0,,1,
DATAFLOW,OECD.SDD.TPS:DSD_LFS@DF_IALFS_LF_WAP_Q(1.0),,I,TUR,,LF_WAP,,PT_WAP_SUB,,_Z,,Y,,_T,,Y15T64,,_Z,,Q,,2019-Q2,,58.34792,,,,A,,0,,1,
DATAFLOW,OECD.SDD.TPS:DSD_LFS@DF_IALFS_LF_WAP_Q(1.0),,I,TUR,,LF_WAP,,PT_WAP_SUB,,_Z,,Y,,_T,,Y15T64,,_Z,,Q,,2019-Q3,,58.53403,,,,A,,0,,1,
DATAFLOW,OECD.SDD.TPS:DSD_LFS@DF_IALFS_LF_WAP_Q(1.0),,I,TUR,,LF_WAP,,PT_WAP_SUB,,_Z,,Y,,_T,,Y15T64,,_Z,,Q,,2019-Q4,,58.12164,,,,A,,0,,1,
DATAFLOW,OECD.SDD.TPS:DSD_LFS@DF_IALFS_LF_WAP_Q(1.0),,I,TUR,,LF_WAP,,PT_WAP_SUB,,_Z,,Y,,_T,,Y15T64,,_Z,,Q,,2020-Q1,,56.19501,,,,A,,0,,1,
DATAFLOW,OECD.SDD.TPS:DSD_LFS@DF_IALFS_LF_WAP_Q(1.0),,I,TUR,,LF_WAP,,PT_WAP_SUB,,_Z,,Y,,_T,,Y15T64,,_Z,,Q,,2020-Q2,,52.97487,,,,A,,0,,1,
DATAFLOW,OECD.SDD.TPS:DSD_LFS@DF_IALFS_LF_WAP_Q(1.0),,I,TUR,,LF_WAP,,PT_WAP_SUB,,_Z,,Y,,_T,,Y15T64,,_Z,,Q,,2020-Q3,,55.34954,,,,A,,0,,1,
DATAFLOW,OECD.SDD.TPS:DSD_LFS@DF_IALFS_LF_WAP_Q(1.0),,I,TUR,,LF_WAP,,PT_WAP_SUB,,_Z,,Y,,_T,,Y15T64,,_Z,,Q,,2020-Q4,,54.90821,,,,A,,0,,1,
DATAFLOW,OECD.SDD.TPS:DSD_LFS@DF_IALFS_LF_WAP_Q(1.0),,I,TUR,,LF_WAP,,PT_WAP_SUB,,_Z,,Y,,_T,,Y15T64,,_Z,,Q,,2021-Q1,,56.50185,,,,A,,0,,1,
DATAFLOW,OECD.SDD.TPS:DSD_LFS@DF_IALFS_LF_WAP_Q(1.0),,I,TUR,,LF_WAP,,PT_WAP_SUB,,_Z,,Y,,_T,,Y15T64,,_Z,,Q,,2021-Q2,,56.66696,,,,A,,0,,1,
DATAFLOW,OECD.SDD.TPS:DSD_LFS@DF_IALFS_LF_WAP_Q(1.0),,I,TUR,,LF_WAP,,PT_WAP_SUB,,_Z,,Y,,_T,,Y15T64,,_Z,,Q,,2021-Q3,,57.68319,,,,A,,0,,1,
DATAFLOW,OECD.SDD.TPS:DSD_LFS@DF_IALFS_LF_WAP_Q(1.0),,I,TUR,,LF_WAP,,PT_WAP_SUB,,_Z,,Y,,_T,,Y15T64,,_Z,,Q,,2021-Q4,,58.16137,,,,A,,0,,1,
DATAFLOW,OECD.SDD.TPS:DSD_LFS@DF_IALFS_LF_WAP_Q(1.0),,I,TUR,,LF_WAP,,PT_WAP_SUB,,_Z,,Y,,_T,,Y15T64,,_Z,,Q,,2022-Q1,,58.44037,,,,A,,0,,1,
DATAFLOW,OECD.SDD.TPS:DSD_LFS@DF_IALFS_LF_WAP_Q(1.0),,I,TUR,,LF_WAP,,PT_WAP_SUB,,_Z,,Y,,_T,,Y15T64,,_Z,,Q,,2022-Q2,,59.20793,,,,A,,0,,1,
DATAFLOW,OECD.SDD.TPS:DSD_LFS@DF_IALFS_LF_WAP_Q(1.0),,I,TUR,,LF_WAP,,PT_WAP_SUB,,_Z,,Y,,_T,,Y15T64,,_Z,,Q,,2022-Q3,,58.84887,,,,A,,0,,1,
DATAFLOW,OECD.SDD.TPS:DSD_LFS@DF_IALFS_LF_WAP_Q(1.0),,I,TUR,,LF_WAP,,PT_WAP_SUB,,_Z,,Y,,_T,,Y15T64,,_Z,,Q,,2022-Q4,,60.11814,,,,A,,0,,1,
DATAFLOW,OECD.SDD.TPS:DSD_LFS@DF_IALFS_LF_WAP_Q(1.0),,I,TUR,,LF_WAP,,PT_WAP_SUB,,_Z,,Y,,_T,,Y15T64,,_Z,,Q,,2023-Q1,,59.72477,,,,A,,0,,1,
DATAFLOW,OECD.SDD.TPS:DSD_LFS@DF_IALFS_LF_WAP_Q(1.0),,I,TUR,,LF_WAP,,PT_WAP_SUB,,_Z,,Y,,_T,,Y15T64,,_Z,,Q,,2023-Q2,,59.38547,,,,A,,0,,1,
DATAFLOW,OECD.SDD.TPS:DSD_LFS@DF_IALFS_LF_WAP_Q(1.0),,I,TUR,,LF_WAP,,PT_WAP_SUB,,_Z,,Y,,_T,,Y15T64,,_Z,,Q,,2023-Q3,,59.39743,,,,A,,0,,1,
DATAFLOW,OECD.SDD.TPS:DSD_LFS@DF_IALFS_LF_WAP_Q(1.0),,I,TUR,,LF_WAP,,PT_WAP_SUB,,_Z,,Y,,_T,,Y15T64,,_Z,,Q,,2023-Q4,,59.61333,,,,A,,0,,1,
DATAFLOW,OECD.SDD.TPS:DSD_LFS@DF_IALFS_LF_WAP_Q(1.0),,I,TUR,,LF_WAP,,PT_WAP_SUB,,_Z,,Y,,_T,,Y15T64,,_Z,,Q,,2024-Q1,,60.71123,,,,A,,0,,1,
DATAFLOW,OECD.SDD.TPS:DSD_LFS@DF_IALFS_LF_WAP_Q(1.0),,I,TUR,,LF_WAP,,PT_WAP_SUB,,_Z,,Y,,_T,,Y15T64,,_Z,,Q,,2024-Q2,,60.63021,,,,A,,0,,1,
DATAFLOW,OECD.SDD.TPS:DSD_LFS@DF_IALFS_LF_WAP_Q(1.0),,I,TUR,,LF_WAP,,PT_WAP_SUB,,_Z,,Y,,_T,,Y15T64,,_Z,,Q,,2024-Q3,,60.53592,,,,A,,0,,1,
DATAFLOW,OECD.SDD.TPS:DSD_LFS@DF_IALFS_LF_WAP_Q(1.0),,I,TUR,,LF_WAP,,PT_WAP_SUB,,_Z,,Y,,_T,,Y15T64,,_Z,,Q,,2024-Q4,,60.37572,,,,A,,0,,1,
DATAFLOW,OECD.SDD.TPS:DSD_LFS@DF_IALFS_LF_WAP_Q(1.0),,I,TUR,,LF_WAP,,PT_WAP_SUB,,_Z,,Y,,_T,,Y15T64,,_Z,,Q,,2025-Q1,,60.11042,,,,A,,0,,1,
DATAFLOW,OECD.SDD.TPS:DSD_LFS@DF_IALFS_LF_WAP_Q(1.0),,I,TUR,,LF_WAP,,PT_WAP_SUB,,_Z,,Y,,_T,,Y15T64,,_Z,,Q,,2025-Q2,,60.21864,,,,A,,0,,1,
DATAFLOW,OECD.SDD.TPS:DSD_LFS@DF_IALFS_LF_WAP_Q(1.0),,I,TUR,,LF_WAP,,PT_WAP_SUB,,_Z,,Y,,_T,,Y15T64,,_Z,,Q,,2025-Q3,,60.20227,,,,A,,0,,1,
DATAFLOW,OECD.SDD.TPS:DSD_LFS@DF_IALFS_LF_WAP_Q(1.0),,I,TUR,,LF_WAP,,PT_WAP_SUB,,_Z,,Y,,_T,,Y15T64,,_Z,,Q,,2025-Q4,,60.0561,,,,A,,0,,1,
DATAFLOW,OECD.SDD.TPS:DSD_LFS@DF_IALFS_LF_WAP_Q(1.0),,I,TUR,,LF_WAP,,PT_WAP_SUB,,_Z,,Y,,_T,,Y15T64,,_Z,,Q,,2026-Q1,,59.29314,,,,A,,0,,1,
DATAFLOW,OECD.SDD.TPS:DSD_LFS@DF_IALFS_LF_WAP_Q(1.0),,I,EU,,LF_WAP,,PT_WAP_SUB,,_Z,,Y,,_T,,Y15T64,,_Z,,Q,,2005-Q1,,68.63416,,,,A,,0,,1,
DATAFLOW,OECD.SDD.TPS:DSD_LFS@DF_IALFS_LF_WAP_Q(1.0),,I,EU,,LF_WAP,,PT_WAP_SUB,,_Z,,Y,,_T,,Y15T64,,_Z,,Q,,2005-Q2,,68.78157,,,,A,,0,,1,
DATAFLOW,OECD.SDD.TPS:DSD_LFS@DF_IALFS_LF_WAP_Q(1.0),,I,EU,,LF_WAP,,PT_WAP_SUB,,_Z,,Y,,_T,,Y15T64,,_Z,,Q,,2005-Q3,,68.84809,,,,A,,0,,1,
DATAFLOW,OECD.SDD.TPS:DSD_LFS@DF_IALFS_LF_WAP_Q(1.0),,I,EU,,LF_WAP,,PT_WAP_SUB,,_Z,,Y,,_T,,Y15T64,,_Z,,Q,,2005-Q4,,69.00484,,,,A,,0,,1,
DATAFLOW,OECD.SDD.TPS:DSD_LFS@DF_IALFS_LF_WAP_Q(1.0),,I,EU,,LF_WAP,,PT_WAP_SUB,,_Z,,Y,,_T,,Y15T64,,_Z,,Q,,2006-Q1,,69.13775,,,,A,,0,,1,
DATAFLOW,OECD.SDD.TPS:DSD_LFS@DF_IALFS_LF_WAP_Q(1.0),,I,EU,,LF_WAP,,PT_WAP_SUB,,_Z,,Y,,_T,,Y15T64,,_Z,,Q,,2006-Q2,,69.20759,,,,A,,0,,1,
DATAFLOW,OECD.SDD.TPS:DSD_LFS@DF_IALFS_LF_WAP_Q(1.0),,I,EU,,LF_WAP,,PT_WAP_SUB,,_Z,,Y,,_T,,Y15T64,,_Z,,Q,,2006-Q3,,69.34004,,,,A,,0,,1,
DATAFLOW,OECD.SDD.TPS:DSD_LFS@DF_IALFS_LF_WAP_Q(1.0),,I,EU,,LF_WAP,,PT_WAP_SUB,,_Z,,Y,,_T,,Y15T64,,_Z,,Q,,2006-Q4,,69.38773,,,,A,,0,,1,
DATAFLOW,OECD.SDD.TPS:DSD_LFS@DF_IALFS_LF_WAP_Q(1.0),,I,EU,,LF_WAP,,PT_WAP_SUB,,_Z,,Y,,_T,,Y15T64,,_Z,,Q,,2007-Q1,,69.44015,,,,A,,0,,1,
DATAFLOW,OECD.SDD.TPS:DSD_LFS@DF_IALFS_LF_WAP_Q(1.0),,I,EU,,LF_WAP,,PT_WAP_SUB,,_Z,,Y,,_T,,Y15T64,,_Z,,Q,,2007-Q2,,69.51527,,,,A,,0,,1,
DATAFLOW,OECD.SDD.TPS:DSD_LFS@DF_IALFS_LF_WAP_Q(1.0),,I,EU,,LF_WAP,,PT_WAP_SUB,,_Z,,Y,,_T,,Y15T64,,_Z,,Q,,2007-Q3,,69.63683,,,,A,,0,,1,
DATAFLOW,OECD.SDD.TPS:DSD_LFS@DF_IALFS_LF_WAP_Q(1.0),,I,EU,,LF_WAP,,PT_WAP_SUB,,_Z,,Y,,_T,,Y15T64,,_Z,,Q,,2007-Q4,,69.71339,,,,A,,0,,1,
DATAFLOW,OECD.SDD.TPS:DSD_LFS@DF_IALFS_LF_WAP_Q(1.0),,I,EU,,LF_WAP,,PT_WAP_SUB,,_Z,,Y,,_T,,Y15T64,,_Z,,Q,,2008-Q1,,69.8957,,,,A,,0,,1,
DATAFLOW,OECD.SDD.TPS:DSD_LFS@DF_IALFS_LF_WAP_Q(1.0),,I,EU,,LF_WAP,,PT_WAP_SUB,,_Z,,Y,,_T,,Y15T64,,_Z,,Q,,2008-Q2,,69.94331,,,,A,,0,,1,
DATAFLOW,OECD.SDD.TPS:DSD_LFS@DF_IALFS_LF_WAP_Q(1.0),,I,EU,,LF_WAP,,PT_WAP_SUB,,_Z,,Y,,_T,,Y15T64,,_Z,,Q,,2008-Q3,,69.98048,,,,A,,0,,1,
DATAFLOW,OECD.SDD.TPS:DSD_LFS@DF_IALFS_LF_WAP_Q(1.0),,I,EU,,LF_WAP,,PT_WAP_SUB,,_Z,,Y,,_T,,Y15T64,,_Z,,Q,,2008-Q4,,70.01112,,,,A,,0,,1,
DATAFLOW,OECD.SDD.TPS:DSD_LFS@DF_IALFS_LF_WAP_Q(1.0),,I,EU,,LF_WAP,,PT_WAP_SUB,,_Z,,Y,,_T,,Y15T64,,_Z,,Q,,2009-Q1,,69.45627,,,,A,,0,,1,
DATAFLOW,OECD.SDD.TPS:DSD_LFS@DF_IALFS_LF_WAP_Q(1.0),,I,EU,,LF_WAP,,PT_WAP_SUB,,_Z,,Y,,_T,,Y15T64,,_Z,,Q,,2009-Q2,,69.49858,,,,A,,0,,1,
DATAFLOW,OECD.SDD.TPS:DSD_LFS@DF_IALFS_LF_WAP_Q(1.0),,I,EU,,LF_WAP,,PT_WAP_SUB,,_Z,,Y,,_T,,Y15T64,,_Z,,Q,,2009-Q3,,69.59915,,,,A,,0,,1,
DATAFLOW,OECD.SDD.TPS:DSD_LFS@DF_IALFS_LF_WAP_Q(1.0),,I,EU,,LF_WAP,,PT_WAP_SUB,,_Z,,Y,,_T,,Y15T64,,_Z,,Q,,2009-Q4,,69.64063,,,,A,,0,,1,
DATAFLOW,OECD.SDD.TPS:DSD_LFS@DF_IALFS_LF_WAP_Q(1.0),,I,EU,,LF_WAP,,PT_WAP_SUB,,_Z,,Y,,_T,,Y15T64,,_Z,,Q,,2010-Q1,,69.83568,,,,A,,0,,1,
DATAFLOW,OECD.SDD.TPS:DSD_LFS@DF_IALFS_LF_WAP_Q(1.0),,I,EU,,LF_WAP,,PT_WAP_SUB,,_Z,,Y,,_T,,Y15T64,,_Z,,Q,,2010-Q2,,69.90027,,,,A,,0,,1,
DATAFLOW,OECD.SDD.TPS:DSD_LFS@DF_IALFS_LF_WAP_Q(1.0),,I,EU,,LF_WAP,,PT_WAP_SUB,,_Z,,Y,,_T,,Y15T64,,_Z,,Q,,2010-Q3,,69.96383,,,,A,,0,,1,
DATAFLOW,OECD.SDD.TPS:DSD_LFS@DF_IALFS_LF_WAP_Q(1.0),,I,EU,,LF_WAP,,PT_WAP_SUB,,_Z,,Y,,_T,,Y15T64,,_Z,,Q,,2010-Q4,,70.00017,,,,A,,0,,1,
DATAFLOW,OECD.SDD.TPS:DSD_LFS@DF_IALFS_LF_WAP_Q(1.0),,I,EU,,LF_WAP,,PT_WAP_SUB,,_Z,,Y,,_T,,Y15T64,,_Z,,Q,,2011-Q1,,69.98743,,,,A,,0,,1,
DATAFLOW,OECD.SDD.TPS:DSD_LFS@DF_IALFS_LF_WAP_Q(1.0),,I,EU,,LF_WAP,,PT_WAP_SUB,,_Z,,Y,,_T,,Y15T64,,_Z,,Q,,2011-Q2,,70.04044,,,,A,,0,,1,
DATAFLOW,OECD.SDD.TPS:DSD_LFS@DF_IALFS_LF_WAP_Q(1.0),,I,EU,,LF_WAP,,PT_WAP_SUB,,_Z,,Y,,_T,,Y15T64,,_Z,,Q,,2011-Q3,,70.11325,,,,A,,0,,1,
DATAFLOW,OECD.SDD.TPS:DSD_LFS@DF_IALFS_LF_WAP_Q(1.0),,I,EU,,LF_WAP,,PT_WAP_SUB,,_Z,,Y,,_T,,Y15T64,,_Z,,Q,,2011-Q4,,70.29702,,,,A,,0,,1,
DATAFLOW,OECD.SDD.TPS:DSD_LFS@DF_IALFS_LF_WAP_Q(1.0),,I,EU,,LF_WAP,,PT_WAP_SUB,,_Z,,Y,,_T,,Y15T64,,_Z,,Q,,2012-Q1,,70.42849,,,,A,,0,,1,
DATAFLOW,OECD.SDD.TPS:DSD_LFS@DF_IALFS_LF_WAP_Q(1.0),,I,EU,,LF_WAP,,PT_WAP_SUB,,_Z,,Y,,_T,,Y15T64,,_Z,,Q,,2012-Q2,,70.6156,,,,A,,0,,1,
DATAFLOW,OECD.SDD.TPS:DSD_LFS@DF_IALFS_LF_WAP_Q(1.0),,I,EU,,LF_WAP,,PT_WAP_SUB,,_Z,,Y,,_T,,Y15T64,,_Z,,Q,,2012-Q3,,70.74609,,,,A,,0,,1,
DATAFLOW,OECD.SDD.TPS:DSD_LFS@DF_IALFS_LF_WAP_Q(1.0),,I,EU,,LF_WAP,,PT_WAP_SUB,,_Z,,Y,,_T,,Y15T64,,_Z,,Q,,2012-Q4,,70.82996,,,,A,,0,,1,
DATAFLOW,OECD.SDD.TPS:DSD_LFS@DF_IALFS_LF_WAP_Q(1.0),,I,EU,,LF_WAP,,PT_WAP_SUB,,_Z,,Y,,_T,,Y15T64,,_Z,,Q,,2013-Q1,,70.89311,,,,A,,0,,1,
DATAFLOW,OECD.SDD.TPS:DSD_LFS@DF_IALFS_LF_WAP_Q(1.0),,I,EU,,LF_WAP,,PT_WAP_SUB,,_Z,,Y,,_T,,Y15T64,,_Z,,Q,,2013-Q2,,70.97384,,,,A,,0,,1,
DATAFLOW,OECD.SDD.TPS:DSD_LFS@DF_IALFS_LF_WAP_Q(1.0),,I,EU,,LF_WAP,,PT_WAP_SUB,,_Z,,Y,,_T,,Y15T64,,_Z,,Q,,2013-Q3,,70.95158,,,,A,,0,,1,
DATAFLOW,OECD.SDD.TPS:DSD_LFS@DF_IALFS_LF_WAP_Q(1.0),,I,EU,,LF_WAP,,PT_WAP_SUB,,_Z,,Y,,_T,,Y15T64,,_Z,,Q,,2013-Q4,,70.96444,,,,A,,0,,1,
DATAFLOW,OECD.SDD.TPS:DSD_LFS@DF_IALFS_LF_WAP_Q(1.0),,I,EU,,LF_WAP,,PT_WAP_SUB,,_Z,,Y,,_T,,Y15T64,,_Z,,Q,,2014-Q1,,70.95547,,,,A,,0,,1,
DATAFLOW,OECD.SDD.TPS:DSD_LFS@DF_IALFS_LF_WAP_Q(1.0),,I,EU,,LF_WAP,,PT_WAP_SUB,,_Z,,Y,,_T,,Y15T64,,_Z,,Q,,2014-Q2,,70.95064,,,,A,,0,,1,
DATAFLOW,OECD.SDD.TPS:DSD_LFS@DF_IALFS_LF_WAP_Q(1.0),,I,EU,,LF_WAP,,PT_WAP_SUB,,_Z,,Y,,_T,,Y15T64,,_Z,,Q,,2014-Q3,,71.04346,,,,A,,0,,1,
DATAFLOW,OECD.SDD.TPS:DSD_LFS@DF_IALFS_LF_WAP_Q(1.0),,I,EU,,LF_WAP,,PT_WAP_SUB,,_Z,,Y,,_T,,Y15T64,,_Z,,Q,,2014-Q4,,71.12897,,,,A,,0,,1,
DATAFLOW,OECD.SDD.TPS:DSD_LFS@DF_IALFS_LF_WAP_Q(1.0),,I,EU,,LF_WAP,,PT_WAP_SUB,,_Z,,Y,,_T,,Y15T64,,_Z,,Q,,2015-Q1,,71.18762,,,,A,,0,,1,
DATAFLOW,OECD.SDD.TPS:DSD_LFS@DF_IALFS_LF_WAP_Q(1.0),,I,EU,,LF_WAP,,PT_WAP_SUB,,_Z,,Y,,_T,,Y15T64,,_Z,,Q,,2015-Q2,,71.26432,,,,A,,0,,1,
DATAFLOW,OECD.SDD.TPS:DSD_LFS@DF_IALFS_LF_WAP_Q(1.0),,I,EU,,LF_WAP,,PT_WAP_SUB,,_Z,,Y,,_T,,Y15T64,,_Z,,Q,,2015-Q3,,71.32976,,,,A,,0,,1,
DATAFLOW,OECD.SDD.TPS:DSD_LFS@DF_IALFS_LF_WAP_Q(1.0),,I,EU,,LF_WAP,,PT_WAP_SUB,,_Z,,Y,,_T,,Y15T64,,_Z,,Q,,2015-Q4,,71.46619,,,,A,,0,,1,
DATAFLOW,OECD.SDD.TPS:DSD_LFS@DF_IALFS_LF_WAP_Q(1.0),,I,EU,,LF_WAP,,PT_WAP_SUB,,_Z,,Y,,_T,,Y15T64,,_Z,,Q,,2016-Q1,,71.59044,,,,A,,0,,1,
DATAFLOW,OECD.SDD.TPS:DSD_LFS@DF_IALFS_LF_WAP_Q(1.0),,I,EU,,LF_WAP,,PT_WAP_SUB,,_Z,,Y,,_T,,Y15T64,,_Z,,Q,,2016-Q2,,71.71237,,,,A,,0,,1,
DATAFLOW,OECD.SDD.TPS:DSD_LFS@DF_IALFS_LF_WAP_Q(1.0),,I,EU,,LF_WAP,,PT_WAP_SUB,,_Z,,Y,,_T,,Y15T64,,_Z,,Q,,2016-Q3,,71.8257,,,,A,,0,,1,
DATAFLOW,OECD.SDD.TPS:DSD_LFS@DF_IALFS_LF_WAP_Q(1.0),,I,EU,,LF_WAP,,PT_WAP_SUB,,_Z,,Y,,_T,,Y15T64,,_Z,,Q,,2016-Q4,,71.92894,,,,A,,0,,1,
DATAFLOW,OECD.SDD.TPS:DSD_LFS@DF_IALFS_LF_WAP_Q(1.0),,I,EU,,LF_WAP,,PT_WAP_SUB,,_Z,,Y,,_T,,Y15T64,,_Z,,Q,,2017-Q1,,72.05088,,,,A,,0,,1,
DATAFLOW,OECD.SDD.TPS:DSD_LFS@DF_IALFS_LF_WAP_Q(1.0),,I,EU,,LF_WAP,,PT_WAP_SUB,,_Z,,Y,,_T,,Y15T64,,_Z,,Q,,2017-Q2,,72.18579,,,,A,,0,,1,
DATAFLOW,OECD.SDD.TPS:DSD_LFS@DF_IALFS_LF_WAP_Q(1.0),,I,EU,,LF_WAP,,PT_WAP_SUB,,_Z,,Y,,_T,,Y15T64,,_Z,,Q,,2017-Q3,,72.31587,,,,A,,0,,1,
DATAFLOW,OECD.SDD.TPS:DSD_LFS@DF_IALFS_LF_WAP_Q(1.0),,I,EU,,LF_WAP,,PT_WAP_SUB,,_Z,,Y,,_T,,Y15T64,,_Z,,Q,,2017-Q4,,72.4175,,,,A,,0,,1,
DATAFLOW,OECD.SDD.TPS:DSD_LFS@DF_IALFS_LF_WAP_Q(1.0),,I,EU,,LF_WAP,,PT_WAP_SUB,,_Z,,Y,,_T,,Y15T64,,_Z,,Q,,2018-Q1,,72.48196,,,,A,,0,,1,
DATAFLOW,OECD.SDD.TPS:DSD_LFS@DF_IALFS_LF_WAP_Q(1.0),,I,EU,,LF_WAP,,PT_WAP_SUB,,_Z,,Y,,_T,,Y15T64,,_Z,,Q,,2018-Q2,,72.58137,,,,A,,0,,1,
DATAFLOW,OECD.SDD.TPS:DSD_LFS@DF_IALFS_LF_WAP_Q(1.0),,I,EU,,LF_WAP,,PT_WAP_SUB,,_Z,,Y,,_T,,Y15T64,,_Z,,Q,,2018-Q3,,72.67588,,,,A,,0,,1,
DATAFLOW,OECD.SDD.TPS:DSD_LFS@DF_IALFS_LF_WAP_Q(1.0),,I,EU,,LF_WAP,,PT_WAP_SUB,,_Z,,Y,,_T,,Y15T64,,_Z,,Q,,2018-Q4,,72.75044,,,,A,,0,,1,
DATAFLOW,OECD.SDD.TPS:DSD_LFS@DF_IALFS_LF_WAP_Q(1.0),,I,EU,,LF_WAP,,PT_WAP_SUB,,_Z,,Y,,_T,,Y15T64,,_Z,,Q,,2019-Q1,,72.98186,,,,A,,0,,1,
DATAFLOW,OECD.SDD.TPS:DSD_LFS@DF_IALFS_LF_WAP_Q(1.0),,I,EU,,LF_WAP,,PT_WAP_SUB,,_Z,,Y,,_T,,Y15T64,,_Z,,Q,,2019-Q2,,73.01373,,,,A,,0,,1,
DATAFLOW,OECD.SDD.TPS:DSD_LFS@DF_IALFS_LF_WAP_Q(1.0),,I,EU,,LF_WAP,,PT_WAP_SUB,,_Z,,Y,,_T,,Y15T64,,_Z,,Q,,2019-Q3,,73.0397,,,,A,,0,,1,
DATAFLOW,OECD.SDD.TPS:DSD_LFS@DF_IALFS_LF_WAP_Q(1.0),,I,EU,,LF_WAP,,PT_WAP_SUB,,_Z,,Y,,_T,,Y15T64,,_Z,,Q,,2019-Q4,,73.25581,,,,A,,0,,1,
DATAFLOW,OECD.SDD.TPS:DSD_LFS@DF_IALFS_LF_WAP_Q(1.0),,I,EU,,LF_WAP,,PT_WAP_SUB,,_Z,,Y,,_T,,Y15T64,,_Z,,Q,,2020-Q1,,72.9456,,,,A,,0,,1,
DATAFLOW,OECD.SDD.TPS:DSD_LFS@DF_IALFS_LF_WAP_Q(1.0),,I,EU,,LF_WAP,,PT_WAP_SUB,,_Z,,Y,,_T,,Y15T64,,_Z,,Q,,2020-Q2,,70.9772,,,,A,,0,,1,
DATAFLOW,OECD.SDD.TPS:DSD_LFS@DF_IALFS_LF_WAP_Q(1.0),,I,EU,,LF_WAP,,PT_WAP_SUB,,_Z,,Y,,_T,,Y15T64,,_Z,,Q,,2020-Q3,,72.42238,,,,A,,0,,1,
DATAFLOW,OECD.SDD.TPS:DSD_LFS@DF_IALFS_LF_WAP_Q(1.0),,I,EU,,LF_WAP,,PT_WAP_SUB,,_Z,,Y,,_T,,Y15T64,,_Z,,Q,,2020-Q4,,72.69923,,,,A,,0,,1,
DATAFLOW,OECD.SDD.TPS:DSD_LFS@DF_IALFS_LF_WAP_Q(1.0),,I,EU,,LF_WAP,,PT_WAP_SUB,,_Z,,Y,,_T,,Y15T64,,_Z,,Q,,2021-Q1,,73.00796,,,,A,,0,,1,
DATAFLOW,OECD.SDD.TPS:DSD_LFS@DF_IALFS_LF_WAP_Q(1.0),,I,EU,,LF_WAP,,PT_WAP_SUB,,_Z,,Y,,_T,,Y15T64,,_Z,,Q,,2021-Q2,,73.39613,,,,A,,0,,1,
DATAFLOW,OECD.SDD.TPS:DSD_LFS@DF_IALFS_LF_WAP_Q(1.0),,I,EU,,LF_WAP,,PT_WAP_SUB,,_Z,,Y,,_T,,Y15T64,,_Z,,Q,,2021-Q3,,73.95058,,,,A,,0,,1,
DATAFLOW,OECD.SDD.TPS:DSD_LFS@DF_IALFS_LF_WAP_Q(1.0),,I,EU,,LF_WAP,,PT_WAP_SUB,,_Z,,Y,,_T,,Y15T64,,_Z,,Q,,2021-Q4,,74.13629,,,,A,,0,,1,
DATAFLOW,OECD.SDD.TPS:DSD_LFS@DF_IALFS_LF_WAP_Q(1.0),,I,EU,,LF_WAP,,PT_WAP_SUB,,_Z,,Y,,_T,,Y15T64,,_Z,,Q,,2022-Q1,,74.29207,,,,A,,0,,1,
DATAFLOW,OECD.SDD.TPS:DSD_LFS@DF_IALFS_LF_WAP_Q(1.0),,I,EU,,LF_WAP,,PT_WAP_SUB,,_Z,,Y,,_T,,Y15T64,,_Z,,Q,,2022-Q2,,74.42775,,,,A,,0,,1,
DATAFLOW,OECD.SDD.TPS:DSD_LFS@DF_IALFS_LF_WAP_Q(1.0),,I,EU,,LF_WAP,,PT_WAP_SUB,,_Z,,Y,,_T,,Y15T64,,_Z,,Q,,2022-Q3,,74.54665,,,,A,,0,,1,
DATAFLOW,OECD.SDD.TPS:DSD_LFS@DF_IALFS_LF_WAP_Q(1.0),,I,EU,,LF_WAP,,PT_WAP_SUB,,_Z,,Y,,_T,,Y15T64,,_Z,,Q,,2022-Q4,,74.69747,,,,A,,0,,1,
DATAFLOW,OECD.SDD.TPS:DSD_LFS@DF_IALFS_LF_WAP_Q(1.0),,I,EU,,LF_WAP,,PT_WAP_SUB,,_Z,,Y,,_T,,Y15T64,,_Z,,Q,,2023-Q1,,74.83149,,,,A,,0,,1,
DATAFLOW,OECD.SDD.TPS:DSD_LFS@DF_IALFS_LF_WAP_Q(1.0),,I,EU,,LF_WAP,,PT_WAP_SUB,,_Z,,Y,,_T,,Y15T64,,_Z,,Q,,2023-Q2,,74.95982,,,,A,,0,,1,
DATAFLOW,OECD.SDD.TPS:DSD_LFS@DF_IALFS_LF_WAP_Q(1.0),,I,EU,,LF_WAP,,PT_WAP_SUB,,_Z,,Y,,_T,,Y15T64,,_Z,,Q,,2023-Q3,,75.04394,,,,A,,0,,1,
DATAFLOW,OECD.SDD.TPS:DSD_LFS@DF_IALFS_LF_WAP_Q(1.0),,I,EU,,LF_WAP,,PT_WAP_SUB,,_Z,,Y,,_T,,Y15T64,,_Z,,Q,,2023-Q4,,75.23128,,,,A,,0,,1,
DATAFLOW,OECD.SDD.TPS:DSD_LFS@DF_IALFS_LF_WAP_Q(1.0),,I,EU,,LF_WAP,,PT_WAP_SUB,,_Z,,Y,,_T,,Y15T64,,_Z,,Q,,2024-Q1,,75.24951,,,,A,,0,,1,
DATAFLOW,OECD.SDD.TPS:DSD_LFS@DF_IALFS_LF_WAP_Q(1.0),,I,EU,,LF_WAP,,PT_WAP_SUB,,_Z,,Y,,_T,,Y15T64,,_Z,,Q,,2024-Q2,,75.29244,,,,A,,0,,1,
DATAFLOW,OECD.SDD.TPS:DSD_LFS@DF_IALFS_LF_WAP_Q(1.0),,I,EU,,LF_WAP,,PT_WAP_SUB,,_Z,,Y,,_T,,Y15T64,,_Z,,Q,,2024-Q3,,75.36758,,,,A,,0,,1,
DATAFLOW,OECD.SDD.TPS:DSD_LFS@DF_IALFS_LF_WAP_Q(1.0),,I,EU,,LF_WAP,,PT_WAP_SUB,,_Z,,Y,,_T,,Y15T64,,_Z,,Q,,2024-Q4,,75.36073,,,,A,,0,,1,
DATAFLOW,OECD.SDD.TPS:DSD_LFS@DF_IALFS_LF_WAP_Q(1.0),,I,EU,,LF_WAP,,PT_WAP_SUB,,_Z,,Y,,_T,,Y15T64,,_Z,,Q,,2025-Q1,,75.54887,,,,A,,0,,1,
DATAFLOW,OECD.SDD.TPS:DSD_LFS@DF_IALFS_LF_WAP_Q(1.0),,I,EU,,LF_WAP,,PT_WAP_SUB,,_Z,,Y,,_T,,Y15T64,,_Z,,Q,,2025-Q2,,75.6058,,,,A,,0,,1,
DATAFLOW,OECD.SDD.TPS:DSD_LFS@DF_IALFS_LF_WAP_Q(1.0),,I,EU,,LF_WAP,,PT_WAP_SUB,,_Z,,Y,,_T,,Y15T64,,_Z,,Q,,2025-Q3,,75.70074,,,,A,,0,,1,
DATAFLOW,OECD.SDD.TPS:DSD_LFS@DF_IALFS_LF_WAP_Q(1.0),,I,EU,,LF_WAP,,PT_WAP_SUB,,_Z,,Y,,_T,,Y15T64,,_Z,,Q,,2025-Q4,,75.75141,,,,A,,0,,1,
DATAFLOW,OECD.SDD.TPS:DSD_LFS@DF_IALFS_LF_WAP_Q(1.0),,I,EU,,LF_WAP,,PT_WAP_SUB,,_Z,,Y,,_T,,Y15T64,,_Z,,Q,,2026-Q1,,75.79448,,,,A,,0,,1,
DATAFLOW,OECD.SDD.TPS:DSD_LFS@DF_IALFS_LF_WAP_Q(1.0),,I,EA,,LF_WAP,,PT_WAP_SUB,,_Z,,Y,,_T,,Y15T64,,_Z,,Q,,2005-Q1,,69.62711,,,,A,,0,,1,
DATAFLOW,OECD.SDD.TPS:DSD_LFS@DF_IALFS_LF_WAP_Q(1.0),,I,EA,,LF_WAP,,PT_WAP_SUB,,_Z,,Y,,_T,,Y15T64,,_Z,,Q,,2005-Q2,,69.75909,,,,A,,0,,1,
DATAFLOW,OECD.SDD.TPS:DSD_LFS@DF_IALFS_LF_WAP_Q(1.0),,I,EA,,LF_WAP,,PT_WAP_SUB,,_Z,,Y,,_T,,Y15T64,,_Z,,Q,,2005-Q3,,69.79898,,,,A,,0,,1,
DATAFLOW,OECD.SDD.TPS:DSD_LFS@DF_IALFS_LF_WAP_Q(1.0),,I,EA,,LF_WAP,,PT_WAP_SUB,,_Z,,Y,,_T,,Y15T64,,_Z,,Q,,2005-Q4,,69.95412,,,,A,,0,,1,
DATAFLOW,OECD.SDD.TPS:DSD_LFS@DF_IALFS_LF_WAP_Q(1.0),,I,EA,,LF_WAP,,PT_WAP_SUB,,_Z,,Y,,_T,,Y15T64,,_Z,,Q,,2006-Q1,,70.20394,,,,A,,0,,1,
DATAFLOW,OECD.SDD.TPS:DSD_LFS@DF_IALFS_LF_WAP_Q(1.0),,I,EA,,LF_WAP,,PT_WAP_SUB,,_Z,,Y,,_T,,Y15T64,,_Z,,Q,,2006-Q2,,70.24219,,,,A,,0,,1,
DATAFLOW,OECD.SDD.TPS:DSD_LFS@DF_IALFS_LF_WAP_Q(1.0),,I,EA,,LF_WAP,,PT_WAP_SUB,,_Z,,Y,,_T,,Y15T64,,_Z,,Q,,2006-Q3,,70.34369,,,,A,,0,,1,
DATAFLOW,OECD.SDD.TPS:DSD_LFS@DF_IALFS_LF_WAP_Q(1.0),,I,EA,,LF_WAP,,PT_WAP_SUB,,_Z,,Y,,_T,,Y15T64,,_Z,,Q,,2006-Q4,,70.47115,,,,A,,0,,1,
DATAFLOW,OECD.SDD.TPS:DSD_LFS@DF_IALFS_LF_WAP_Q(1.0),,I,EA,,LF_WAP,,PT_WAP_SUB,,_Z,,Y,,_T,,Y15T64,,_Z,,Q,,2007-Q1,,70.51377,,,,A,,0,,1,
DATAFLOW,OECD.SDD.TPS:DSD_LFS@DF_IALFS_LF_WAP_Q(1.0),,I,EA,,LF_WAP,,PT_WAP_SUB,,_Z,,Y,,_T,,Y15T64,,_Z,,Q,,2007-Q2,,70.61526,,,,A,,0,,1,
DATAFLOW,OECD.SDD.TPS:DSD_LFS@DF_IALFS_LF_WAP_Q(1.0),,I,EA,,LF_WAP,,PT_WAP_SUB,,_Z,,Y,,_T,,Y15T64,,_Z,,Q,,2007-Q3,,70.89909,,,,A,,0,,1,
DATAFLOW,OECD.SDD.TPS:DSD_LFS@DF_IALFS_LF_WAP_Q(1.0),,I,EA,,LF_WAP,,PT_WAP_SUB,,_Z,,Y,,_T,,Y15T64,,_Z,,Q,,2007-Q4,,70.89319,,,,A,,0,,1,
DATAFLOW,OECD.SDD.TPS:DSD_LFS@DF_IALFS_LF_WAP_Q(1.0),,I,EA,,LF_WAP,,PT_WAP_SUB,,_Z,,Y,,_T,,Y15T64,,_Z,,Q,,2008-Q1,,71.05408,,,,A,,0,,1,
DATAFLOW,OECD.SDD.TPS:DSD_LFS@DF_IALFS_LF_WAP_Q(1.0),,I,EA,,LF_WAP,,PT_WAP_SUB,,_Z,,Y,,_T,,Y15T64,,_Z,,Q,,2008-Q2,,71.1278,,,,A,,0,,1,
DATAFLOW,OECD.SDD.TPS:DSD_LFS@DF_IALFS_LF_WAP_Q(1.0),,I,EA,,LF_WAP,,PT_WAP_SUB,,_Z,,Y,,_T,,Y15T64,,_Z,,Q,,2008-Q3,,71.21627,,,,A,,0,,1,
DATAFLOW,OECD.SDD.TPS:DSD_LFS@DF_IALFS_LF_WAP_Q(1.0),,I,EA,,LF_WAP,,PT_WAP_SUB,,_Z,,Y,,_T,,Y15T64,,_Z,,Q,,2008-Q4,,71.20179,,,,A,,0,,1,
DATAFLOW,OECD.SDD.TPS:DSD_LFS@DF_IALFS_LF_WAP_Q(1.0),,I,EA,,LF_WAP,,PT_WAP_SUB,,_Z,,Y,,_T,,Y15T64,,_Z,,Q,,2009-Q1,,73.75239,,,,A,,0,,1,
DATAFLOW,OECD.SDD.TPS:DSD_LFS@DF_IALFS_LF_WAP_Q(1.0),,I,EA,,LF_WAP,,PT_WAP_SUB,,_Z,,Y,,_T,,Y15T64,,_Z,,Q,,2009-Q2,,73.8084,,,,A,,0,,1,
DATAFLOW,OECD.SDD.TPS:DSD_LFS@DF_IALFS_LF_WAP_Q(1.0),,I,EA,,LF_WAP,,PT_WAP_SUB,,_Z,,Y,,_T,,Y15T64,,_Z,,Q,,2009-Q3,,73.72682,,,,A,,0,,1,
DATAFLOW,OECD.SDD.TPS:DSD_LFS@DF_IALFS_LF_WAP_Q(1.0),,I,EA,,LF_WAP,,PT_WAP_SUB,,_Z,,Y,,_T,,Y15T64,,_Z,,Q,,2009-Q4,,73.73086,,,,A,,0,,1,
DATAFLOW,OECD.SDD.TPS:DSD_LFS@DF_IALFS_LF_WAP_Q(1.0),,I,EA,,LF_WAP,,PT_WAP_SUB,,_Z,,Y,,_T,,Y15T64,,_Z,,Q,,2010-Q1,,73.81639,,,,A,,0,,1,
DATAFLOW,OECD.SDD.TPS:DSD_LFS@DF_IALFS_LF_WAP_Q(1.0),,I,EA,,LF_WAP,,PT_WAP_SUB,,_Z,,Y,,_T,,Y15T64,,_Z,,Q,,2010-Q2,,73.82918,,,,A,,0,,1,
DATAFLOW,OECD.SDD.TPS:DSD_LFS@DF_IALFS_LF_WAP_Q(1.0),,I,EA,,LF_WAP,,PT_WAP_SUB,,_Z,,Y,,_T,,Y15T64,,_Z,,Q,,2010-Q3,,73.8392,,,,A,,0,,1,
DATAFLOW,OECD.SDD.TPS:DSD_LFS@DF_IALFS_LF_WAP_Q(1.0),,I,EA,,LF_WAP,,PT_WAP_SUB,,_Z,,Y,,_T,,Y15T64,,_Z,,Q,,2010-Q4,,73.87272,,,,A,,0,,1,
DATAFLOW,OECD.SDD.TPS:DSD_LFS@DF_IALFS_LF_WAP_Q(1.0),,I,EA,,LF_WAP,,PT_WAP_SUB,,_Z,,Y,,_T,,Y15T64,,_Z,,Q,,2011-Q1,,73.83749,,,,A,,0,,1,
DATAFLOW,OECD.SDD.TPS:DSD_LFS@DF_IALFS_LF_WAP_Q(1.0),,I,EA,,LF_WAP,,PT_WAP_SUB,,_Z,,Y,,_T,,Y15T64,,_Z,,Q,,2011-Q2,,73.88464,,,,A,,0,,1,
DATAFLOW,OECD.SDD.TPS:DSD_LFS@DF_IALFS_LF_WAP_Q(1.0),,I,EA,,LF_WAP,,PT_WAP_SUB,,_Z,,Y,,_T,,Y15T64,,_Z,,Q,,2011-Q3,,73.98946,,,,A,,0,,1,
DATAFLOW,OECD.SDD.TPS:DSD_LFS@DF_IALFS_LF_WAP_Q(1.0),,I,EA,,LF_WAP,,PT_WAP_SUB,,_Z,,Y,,_T,,Y15T64,,_Z,,Q,,2011-Q4,,74.14661,,,,A,,0,,1,
DATAFLOW,OECD.SDD.TPS:DSD_LFS@DF_IALFS_LF_WAP_Q(1.0),,I,EA,,LF_WAP,,PT_WAP_SUB,,_Z,,Y,,_T,,Y15T64,,_Z,,Q,,2012-Q1,,74.22681,,,,A,,0,,1,
DATAFLOW,OECD.SDD.TPS:DSD_LFS@DF_IALFS_LF_WAP_Q(1.0),,I,EA,,LF_WAP,,PT_WAP_SUB,,_Z,,Y,,_T,,Y15T64,,_Z,,Q,,2012-Q2,,74.38388,,,,A,,0,,1,
DATAFLOW,OECD.SDD.TPS:DSD_LFS@DF_IALFS_LF_WAP_Q(1.0),,I,EA,,LF_WAP,,PT_WAP_SUB,,_Z,,Y,,_T,,Y15T64,,_Z,,Q,,2012-Q3,,74.52615,,,,A,,0,,1,
DATAFLOW,OECD.SDD.TPS:DSD_LFS@DF_IALFS_LF_WAP_Q(1.0),,I,EA,,LF_WAP,,PT_WAP_SUB,,_Z,,Y,,_T,,Y15T64,,_Z,,Q,,2012-Q4,,74.55223,,,,A,,0,,1,
DATAFLOW,OECD.SDD.TPS:DSD_LFS@DF_IALFS_LF_WAP_Q(1.0),,I,EA,,LF_WAP,,PT_WAP_SUB,,_Z,,Y,,_T,,Y15T64,,_Z,,Q,,2013-Q1,,74.59697,,,,A,,0,,1,
DATAFLOW,OECD.SDD.TPS:DSD_LFS@DF_IALFS_LF_WAP_Q(1.0),,I,EA,,LF_WAP,,PT_WAP_SUB,,_Z,,Y,,_T,,Y15T64,,_Z,,Q,,2013-Q2,,74.58636,,,,A,,0,,1,
DATAFLOW,OECD.SDD.TPS:DSD_LFS@DF_IALFS_LF_WAP_Q(1.0),,I,EA,,LF_WAP,,PT_WAP_SUB,,_Z,,Y,,_T,,Y15T64,,_Z,,Q,,2013-Q3,,74.60059,,,,A,,0,,1,
DATAFLOW,OECD.SDD.TPS:DSD_LFS@DF_IALFS_LF_WAP_Q(1.0),,I,EA,,LF_WAP,,PT_WAP_SUB,,_Z,,Y,,_T,,Y15T64,,_Z,,Q,,2013-Q4,,74.55712,,,,A,,0,,1,
DATAFLOW,OECD.SDD.TPS:DSD_LFS@DF_IALFS_LF_WAP_Q(1.0),,I,EA,,LF_WAP,,PT_WAP_SUB,,_Z,,Y,,_T,,Y15T64,,_Z,,Q,,2014-Q1,,74.31077,,,,A,,0,,1,
DATAFLOW,OECD.SDD.TPS:DSD_LFS@DF_IALFS_LF_WAP_Q(1.0),,I,EA,,LF_WAP,,PT_WAP_SUB,,_Z,,Y,,_T,,Y15T64,,_Z,,Q,,2014-Q2,,74.24044,,,,A,,0,,1,
DATAFLOW,OECD.SDD.TPS:DSD_LFS@DF_IALFS_LF_WAP_Q(1.0),,I,EA,,LF_WAP,,PT_WAP_SUB,,_Z,,Y,,_T,,Y15T64,,_Z,,Q,,2014-Q3,,74.36575,,,,A,,0,,1,
DATAFLOW,OECD.SDD.TPS:DSD_LFS@DF_IALFS_LF_WAP_Q(1.0),,I,EA,,LF_WAP,,PT_WAP_SUB,,_Z,,Y,,_T,,Y15T64,,_Z,,Q,,2014-Q4,,74.44981,,,,A,,0,,1,
DATAFLOW,OECD.SDD.TPS:DSD_LFS@DF_IALFS_LF_WAP_Q(1.0),,I,EA,,LF_WAP,,PT_WAP_SUB,,_Z,,Y,,_T,,Y15T64,,_Z,,Q,,2015-Q1,,74.41124,,,,A,,0,,1,
DATAFLOW,OECD.SDD.TPS:DSD_LFS@DF_IALFS_LF_WAP_Q(1.0),,I,EA,,LF_WAP,,PT_WAP_SUB,,_Z,,Y,,_T,,Y15T64,,_Z,,Q,,2015-Q2,,74.43582,,,,A,,0,,1,
DATAFLOW,OECD.SDD.TPS:DSD_LFS@DF_IALFS_LF_WAP_Q(1.0),,I,EA,,LF_WAP,,PT_WAP_SUB,,_Z,,Y,,_T,,Y15T64,,_Z,,Q,,2015-Q3,,74.4587,,,,A,,0,,1,
DATAFLOW,OECD.SDD.TPS:DSD_LFS@DF_IALFS_LF_WAP_Q(1.0),,I,EA,,LF_WAP,,PT_WAP_SUB,,_Z,,Y,,_T,,Y15T64,,_Z,,Q,,2015-Q4,,74.53674,,,,A,,0,,1,
DATAFLOW,OECD.SDD.TPS:DSD_LFS@DF_IALFS_LF_WAP_Q(1.0),,I,EA,,LF_WAP,,PT_WAP_SUB,,_Z,,Y,,_T,,Y15T64,,_Z,,Q,,2016-Q1,,74.58048,,,,A,,0,,1,
DATAFLOW,OECD.SDD.TPS:DSD_LFS@DF_IALFS_LF_WAP_Q(1.0),,I,EA,,LF_WAP,,PT_WAP_SUB,,_Z,,Y,,_T,,Y15T64,,_Z,,Q,,2016-Q2,,74.72469,,,,A,,0,,1,
DATAFLOW,OECD.SDD.TPS:DSD_LFS@DF_IALFS_LF_WAP_Q(1.0),,I,EA,,LF_WAP,,PT_WAP_SUB,,_Z,,Y,,_T,,Y15T64,,_Z,,Q,,2016-Q3,,74.84235,,,,A,,0,,1,
DATAFLOW,OECD.SDD.TPS:DSD_LFS@DF_IALFS_LF_WAP_Q(1.0),,I,EA,,LF_WAP,,PT_WAP_SUB,,_Z,,Y,,_T,,Y15T64,,_Z,,Q,,2016-Q4,,74.81876,,,,A,,0,,1,
DATAFLOW,OECD.SDD.TPS:DSD_LFS@DF_IALFS_LF_WAP_Q(1.0),,I,EA,,LF_WAP,,PT_WAP_SUB,,_Z,,Y,,_T,,Y15T64,,_Z,,Q,,2017-Q1,,74.81663,,,,A,,0,,1,
DATAFLOW,OECD.SDD.TPS:DSD_LFS@DF_IALFS_LF_WAP_Q(1.0),,I,EA,,LF_WAP,,PT_WAP_SUB,,_Z,,Y,,_T,,Y15T64,,_Z,,Q,,2017-Q2,,74.92137,,,,A,,0,,1,
DATAFLOW,OECD.SDD.TPS:DSD_LFS@DF_IALFS_LF_WAP_Q(1.0),,I,EA,,LF_WAP,,PT_WAP_SUB,,_Z,,Y,,_T,,Y15T64,,_Z,,Q,,2017-Q3,,75.10983,,,,A,,0,,1,
DATAFLOW,OECD.SDD.TPS:DSD_LFS@DF_IALFS_LF_WAP_Q(1.0),,I,EA,,LF_WAP,,PT_WAP_SUB,,_Z,,Y,,_T,,Y15T64,,_Z,,Q,,2017-Q4,,75.19314,,,,A,,0,,1,
DATAFLOW,OECD.SDD.TPS:DSD_LFS@DF_IALFS_LF_WAP_Q(1.0),,I,EA,,LF_WAP,,PT_WAP_SUB,,_Z,,Y,,_T,,Y15T64,,_Z,,Q,,2018-Q1,,75.15135,,,,A,,0,,1,
DATAFLOW,OECD.SDD.TPS:DSD_LFS@DF_IALFS_LF_WAP_Q(1.0),,I,EA,,LF_WAP,,PT_WAP_SUB,,_Z,,Y,,_T,,Y15T64,,_Z,,Q,,2018-Q2,,75.23687,,,,A,,0,,1,
DATAFLOW,OECD.SDD.TPS:DSD_LFS@DF_IALFS_LF_WAP_Q(1.0),,I,EA,,LF_WAP,,PT_WAP_SUB,,_Z,,Y,,_T,,Y15T64,,_Z,,Q,,2018-Q3,,75.30814,,,,A,,0,,1,
DATAFLOW,OECD.SDD.TPS:DSD_LFS@DF_IALFS_LF_WAP_Q(1.0),,I,EA,,LF_WAP,,PT_WAP_SUB,,_Z,,Y,,_T,,Y15T64,,_Z,,Q,,2018-Q4,,75.37539,,,,A,,0,,1,
DATAFLOW,OECD.SDD.TPS:DSD_LFS@DF_IALFS_LF_WAP_Q(1.0),,I,EA,,LF_WAP,,PT_WAP_SUB,,_Z,,Y,,_T,,Y15T64,,_Z,,Q,,2019-Q1,,75.35946,,,,A,,0,,1,
DATAFLOW,OECD.SDD.TPS:DSD_LFS@DF_IALFS_LF_WAP_Q(1.0),,I,EA,,LF_WAP,,PT_WAP_SUB,,_Z,,Y,,_T,,Y15T64,,_Z,,Q,,2019-Q2,,75.37466,,,,A,,0,,1,
DATAFLOW,OECD.SDD.TPS:DSD_LFS@DF_IALFS_LF_WAP_Q(1.0),,I,EA,,LF_WAP,,PT_WAP_SUB,,_Z,,Y,,_T,,Y15T64,,_Z,,Q,,2019-Q3,,75.37438,,,,A,,0,,1,
DATAFLOW,OECD.SDD.TPS:DSD_LFS@DF_IALFS_LF_WAP_Q(1.0),,I,EA,,LF_WAP,,PT_WAP_SUB,,_Z,,Y,,_T,,Y15T64,,_Z,,Q,,2019-Q4,,75.55294,,,,A,,0,,1,
DATAFLOW,OECD.SDD.TPS:DSD_LFS@DF_IALFS_LF_WAP_Q(1.0),,I,EA,,LF_WAP,,PT_WAP_SUB,,_Z,,Y,,_T,,Y15T64,,_Z,,Q,,2020-Q1,,74.80309,,,,A,,0,,1,
DATAFLOW,OECD.SDD.TPS:DSD_LFS@DF_IALFS_LF_WAP_Q(1.0),,I,EA,,LF_WAP,,PT_WAP_SUB,,_Z,,Y,,_T,,Y15T64,,_Z,,Q,,2020-Q2,,72.75338,,,,A,,0,,1,
DATAFLOW,OECD.SDD.TPS:DSD_LFS@DF_IALFS_LF_WAP_Q(1.0),,I,EA,,LF_WAP,,PT_WAP_SUB,,_Z,,Y,,_T,,Y15T64,,_Z,,Q,,2020-Q3,,74.6411,,,,A,,0,,1,
DATAFLOW,OECD.SDD.TPS:DSD_LFS@DF_IALFS_LF_WAP_Q(1.0),,I,EA,,LF_WAP,,PT_WAP_SUB,,_Z,,Y,,_T,,Y15T64,,_Z,,Q,,2020-Q4,,74.66035,,,,A,,0,,1,
DATAFLOW,OECD.SDD.TPS:DSD_LFS@DF_IALFS_LF_WAP_Q(1.0),,I,EA,,LF_WAP,,PT_WAP_SUB,,_Z,,Y,,_T,,Y15T64,,_Z,,Q,,2021-Q1,,72.65559,,,,A,,0,,1,
DATAFLOW,OECD.SDD.TPS:DSD_LFS@DF_IALFS_LF_WAP_Q(1.0),,I,EA,,LF_WAP,,PT_WAP_SUB,,_Z,,Y,,_T,,Y15T64,,_Z,,Q,,2021-Q2,,73.42883,,,,A,,0,,1,
DATAFLOW,OECD.SDD.TPS:DSD_LFS@DF_IALFS_LF_WAP_Q(1.0),,I,EA,,LF_WAP,,PT_WAP_SUB,,_Z,,Y,,_T,,Y15T64,,_Z,,Q,,2021-Q3,,74.15044,,,,A,,0,,1,
DATAFLOW,OECD.SDD.TPS:DSD_LFS@DF_IALFS_LF_WAP_Q(1.0),,I,EA,,LF_WAP,,PT_WAP_SUB,,_Z,,Y,,_T,,Y15T64,,_Z,,Q,,2021-Q4,,74.23813,,,,A,,0,,1,
DATAFLOW,OECD.SDD.TPS:DSD_LFS@DF_IALFS_LF_WAP_Q(1.0),,I,EA,,LF_WAP,,PT_WAP_SUB,,_Z,,Y,,_T,,Y15T64,,_Z,,Q,,2022-Q1,,74.20695,,,,A,,0,,1,
DATAFLOW,OECD.SDD.TPS:DSD_LFS@DF_IALFS_LF_WAP_Q(1.0),,I,EA,,LF_WAP,,PT_WAP_SUB,,_Z,,Y,,_T,,Y15T64,,_Z,,Q,,2022-Q2,,74.45078,,,,A,,0,,1,
DATAFLOW,OECD.SDD.TPS:DSD_LFS@DF_IALFS_LF_WAP_Q(1.0),,I,EA,,LF_WAP,,PT_WAP_SUB,,_Z,,Y,,_T,,Y15T64,,_Z,,Q,,2022-Q3,,74.59097,,,,A,,0,,1,
DATAFLOW,OECD.SDD.TPS:DSD_LFS@DF_IALFS_LF_WAP_Q(1.0),,I,EA,,LF_WAP,,PT_WAP_SUB,,_Z,,Y,,_T,,Y15T64,,_Z,,Q,,2022-Q4,,74.69466,,,,A,,0,,1,
DATAFLOW,OECD.SDD.TPS:DSD_LFS@DF_IALFS_LF_WAP_Q(1.0),,I,EA,,LF_WAP,,PT_WAP_SUB,,_Z,,Y,,_T,,Y15T64,,_Z,,Q,,2023-Q1,,74.76812,,,,A,,0,,1,
DATAFLOW,OECD.SDD.TPS:DSD_LFS@DF_IALFS_LF_WAP_Q(1.0),,I,EA,,LF_WAP,,PT_WAP_SUB,,_Z,,Y,,_T,,Y15T64,,_Z,,Q,,2023-Q2,,74.96264,,,,A,,0,,1,
DATAFLOW,OECD.SDD.TPS:DSD_LFS@DF_IALFS_LF_WAP_Q(1.0),,I,EA,,LF_WAP,,PT_WAP_SUB,,_Z,,Y,,_T,,Y15T64,,_Z,,Q,,2023-Q3,,75.0867,,,,A,,0,,1,
DATAFLOW,OECD.SDD.TPS:DSD_LFS@DF_IALFS_LF_WAP_Q(1.0),,I,EA,,LF_WAP,,PT_WAP_SUB,,_Z,,Y,,_T,,Y15T64,,_Z,,Q,,2023-Q4,,75.20554,,,,A,,0,,1,
DATAFLOW,OECD.SDD.TPS:DSD_LFS@DF_IALFS_LF_WAP_Q(1.0),,I,EA,,LF_WAP,,PT_WAP_SUB,,_Z,,Y,,_T,,Y15T64,,_Z,,Q,,2024-Q1,,75.17786,,,,A,,0,,1,
DATAFLOW,OECD.SDD.TPS:DSD_LFS@DF_IALFS_LF_WAP_Q(1.0),,I,EA,,LF_WAP,,PT_WAP_SUB,,_Z,,Y,,_T,,Y15T64,,_Z,,Q,,2024-Q2,,75.30769,,,,A,,0,,1,
DATAFLOW,OECD.SDD.TPS:DSD_LFS@DF_IALFS_LF_WAP_Q(1.0),,I,EA,,LF_WAP,,PT_WAP_SUB,,_Z,,Y,,_T,,Y15T64,,_Z,,Q,,2024-Q3,,75.37416,,,,A,,0,,1,
DATAFLOW,OECD.SDD.TPS:DSD_LFS@DF_IALFS_LF_WAP_Q(1.0),,I,EA,,LF_WAP,,PT_WAP_SUB,,_Z,,Y,,_T,,Y15T64,,_Z,,Q,,2024-Q4,,75.27579,,,,A,,0,,1,
DATAFLOW,OECD.SDD.TPS:DSD_LFS@DF_IALFS_LF_WAP_Q(1.0),,I,EA,,LF_WAP,,PT_WAP_SUB,,_Z,,Y,,_T,,Y15T64,,_Z,,Q,,2025-Q1,,75.53671,,,,A,,0,,1,
DATAFLOW,OECD.SDD.TPS:DSD_LFS@DF_IALFS_LF_WAP_Q(1.0),,I,EA,,LF_WAP,,PT_WAP_SUB,,_Z,,Y,,_T,,Y15T64,,_Z,,Q,,2025-Q2,,75.68734,,,,A,,0,,1,
DATAFLOW,OECD.SDD.TPS:DSD_LFS@DF_IALFS_LF_WAP_Q(1.0),,I,EA,,LF_WAP,,PT_WAP_SUB,,_Z,,Y,,_T,,Y15T64,,_Z,,Q,,2025-Q3,,75.72345,,,,A,,0,,1,
DATAFLOW,OECD.SDD.TPS:DSD_LFS@DF_IALFS_LF_WAP_Q(1.0),,I,EA,,LF_WAP,,PT_WAP_SUB,,_Z,,Y,,_T,,Y15T64,,_Z,,Q,,2025-Q4,,75.6688,,,,A,,0,,1,
DATAFLOW,OECD.SDD.TPS:DSD_LFS@DF_IALFS_LF_WAP_Q(1.0),,I,EA,,LF_WAP,,PT_WAP_SUB,,_Z,,Y,,_T,,Y15T64,,_Z,,Q,,2026-Q1,,75.6641,,,,A,,0,,1,
DATAFLOW,OECD.SDD.TPS:DSD_LFS@DF_IALFS_LF_WAP_Q(1.0),,I,MEX,,LF_WAP,,PT_WAP_SUB,,_Z,,Y,,_T,,Y15T64,,_Z,,Q,,2005-Q1,,62.40796,,,,A,,0,,1,
DATAFLOW,OECD.SDD.TPS:DSD_LFS@DF_IALFS_LF_WAP_Q(1.0),,I,MEX,,LF_WAP,,PT_WAP_SUB,,_Z,,Y,,_T,,Y15T64,,_Z,,Q,,2005-Q2,,61.91826,,,,A,,0,,1,
DATAFLOW,OECD.SDD.TPS:DSD_LFS@DF_IALFS_LF_WAP_Q(1.0),,I,MEX,,LF_WAP,,PT_WAP_SUB,,_Z,,Y,,_T,,Y15T64,,_Z,,Q,,2005-Q3,,62.48612,,,,A,,0,,1,
DATAFLOW,OECD.SDD.TPS:DSD_LFS@DF_IALFS_LF_WAP_Q(1.0),,I,MEX,,LF_WAP,,PT_WAP_SUB,,_Z,,Y,,_T,,Y15T64,,_Z,,Q,,2005-Q4,,62.57596,,,,A,,0,,1,
DATAFLOW,OECD.SDD.TPS:DSD_LFS@DF_IALFS_LF_WAP_Q(1.0),,I,MEX,,LF_WAP,,PT_WAP_SUB,,_Z,,Y,,_T,,Y15T64,,_Z,,Q,,2006-Q1,,63.11332,,,,A,,0,,1,
DATAFLOW,OECD.SDD.TPS:DSD_LFS@DF_IALFS_LF_WAP_Q(1.0),,I,MEX,,LF_WAP,,PT_WAP_SUB,,_Z,,Y,,_T,,Y15T64,,_Z,,Q,,2006-Q2,,63.00794,,,,A,,0,,1,
DATAFLOW,OECD.SDD.TPS:DSD_LFS@DF_IALFS_LF_WAP_Q(1.0),,I,MEX,,LF_WAP,,PT_WAP_SUB,,_Z,,Y,,_T,,Y15T64,,_Z,,Q,,2006-Q3,,63.53546,,,,A,,0,,1,
DATAFLOW,OECD.SDD.TPS:DSD_LFS@DF_IALFS_LF_WAP_Q(1.0),,I,MEX,,LF_WAP,,PT_WAP_SUB,,_Z,,Y,,_T,,Y15T64,,_Z,,Q,,2006-Q4,,63.52205,,,,A,,0,,1,
DATAFLOW,OECD.SDD.TPS:DSD_LFS@DF_IALFS_LF_WAP_Q(1.0),,I,MEX,,LF_WAP,,PT_WAP_SUB,,_Z,,Y,,_T,,Y15T64,,_Z,,Q,,2007-Q1,,63.43893,,,,A,,0,,1,
DATAFLOW,OECD.SDD.TPS:DSD_LFS@DF_IALFS_LF_WAP_Q(1.0),,I,MEX,,LF_WAP,,PT_WAP_SUB,,_Z,,Y,,_T,,Y15T64,,_Z,,Q,,2007-Q2,,63.20081,,,,A,,0,,1,
DATAFLOW,OECD.SDD.TPS:DSD_LFS@DF_IALFS_LF_WAP_Q(1.0),,I,MEX,,LF_WAP,,PT_WAP_SUB,,_Z,,Y,,_T,,Y15T64,,_Z,,Q,,2007-Q3,,62.93855,,,,A,,0,,1,
DATAFLOW,OECD.SDD.TPS:DSD_LFS@DF_IALFS_LF_WAP_Q(1.0),,I,MEX,,LF_WAP,,PT_WAP_SUB,,_Z,,Y,,_T,,Y15T64,,_Z,,Q,,2007-Q4,,63.97609,,,,A,,0,,1,
DATAFLOW,OECD.SDD.TPS:DSD_LFS@DF_IALFS_LF_WAP_Q(1.0),,I,MEX,,LF_WAP,,PT_WAP_SUB,,_Z,,Y,,_T,,Y15T64,,_Z,,Q,,2008-Q1,,63.66035,,,,A,,0,,1,
DATAFLOW,OECD.SDD.TPS:DSD_LFS@DF_IALFS_LF_WAP_Q(1.0),,I,MEX,,LF_WAP,,PT_WAP_SUB,,_Z,,Y,,_T,,Y15T64,,_Z,,Q,,2008-Q2,,63.54323,,,,A,,0,,1,
DATAFLOW,OECD.SDD.TPS:DSD_LFS@DF_IALFS_LF_WAP_Q(1.0),,I,MEX,,LF_WAP,,PT_WAP_SUB,,_Z,,Y,,_T,,Y15T64,,_Z,,Q,,2008-Q3,,63.07535,,,,A,,0,,1,
DATAFLOW,OECD.SDD.TPS:DSD_LFS@DF_IALFS_LF_WAP_Q(1.0),,I,MEX,,LF_WAP,,PT_WAP_SUB,,_Z,,Y,,_T,,Y15T64,,_Z,,Q,,2008-Q4,,62.57729,,,,A,,0,,1,
DATAFLOW,OECD.SDD.TPS:DSD_LFS@DF_IALFS_LF_WAP_Q(1.0),,I,MEX,,LF_WAP,,PT_WAP_SUB,,_Z,,Y,,_T,,Y15T64,,_Z,,Q,,2009-Q1,,62.94808,,,,A,,0,,1,
DATAFLOW,OECD.SDD.TPS:DSD_LFS@DF_IALFS_LF_WAP_Q(1.0),,I,MEX,,LF_WAP,,PT_WAP_SUB,,_Z,,Y,,_T,,Y15T64,,_Z,,Q,,2009-Q2,,62.72297,,,,A,,0,,1,
DATAFLOW,OECD.SDD.TPS:DSD_LFS@DF_IALFS_LF_WAP_Q(1.0),,I,MEX,,LF_WAP,,PT_WAP_SUB,,_Z,,Y,,_T,,Y15T64,,_Z,,Q,,2009-Q3,,63.7516,,,,A,,0,,1,
DATAFLOW,OECD.SDD.TPS:DSD_LFS@DF_IALFS_LF_WAP_Q(1.0),,I,MEX,,LF_WAP,,PT_WAP_SUB,,_Z,,Y,,_T,,Y15T64,,_Z,,Q,,2009-Q4,,63.80303,,,,A,,0,,1,
DATAFLOW,OECD.SDD.TPS:DSD_LFS@DF_IALFS_LF_WAP_Q(1.0),,I,MEX,,LF_WAP,,PT_WAP_SUB,,_Z,,Y,,_T,,Y15T64,,_Z,,Q,,2010-Q1,,63.19613,,,,A,,0,,1,
DATAFLOW,OECD.SDD.TPS:DSD_LFS@DF_IALFS_LF_WAP_Q(1.0),,I,MEX,,LF_WAP,,PT_WAP_SUB,,_Z,,Y,,_T,,Y15T64,,_Z,,Q,,2010-Q2,,63.69956,,,,A,,0,,1,
DATAFLOW,OECD.SDD.TPS:DSD_LFS@DF_IALFS_LF_WAP_Q(1.0),,I,MEX,,LF_WAP,,PT_WAP_SUB,,_Z,,Y,,_T,,Y15T64,,_Z,,Q,,2010-Q3,,63.29576,,,,A,,0,,1,
DATAFLOW,OECD.SDD.TPS:DSD_LFS@DF_IALFS_LF_WAP_Q(1.0),,I,MEX,,LF_WAP,,PT_WAP_SUB,,_Z,,Y,,_T,,Y15T64,,_Z,,Q,,2010-Q4,,62.36552,,,,A,,0,,1,
DATAFLOW,OECD.SDD.TPS:DSD_LFS@DF_IALFS_LF_WAP_Q(1.0),,I,MEX,,LF_WAP,,PT_WAP_SUB,,_Z,,Y,,_T,,Y15T64,,_Z,,Q,,2011-Q1,,62.85273,,,,A,,0,,1,
DATAFLOW,OECD.SDD.TPS:DSD_LFS@DF_IALFS_LF_WAP_Q(1.0),,I,MEX,,LF_WAP,,PT_WAP_SUB,,_Z,,Y,,_T,,Y15T64,,_Z,,Q,,2011-Q2,,63.23921,,,,A,,0,,1,
DATAFLOW,OECD.SDD.TPS:DSD_LFS@DF_IALFS_LF_WAP_Q(1.0),,I,MEX,,LF_WAP,,PT_WAP_SUB,,_Z,,Y,,_T,,Y15T64,,_Z,,Q,,2011-Q3,,63.43562,,,,A,,0,,1,
DATAFLOW,OECD.SDD.TPS:DSD_LFS@DF_IALFS_LF_WAP_Q(1.0),,I,MEX,,LF_WAP,,PT_WAP_SUB,,_Z,,Y,,_T,,Y15T64,,_Z,,Q,,2011-Q4,,64.18709,,,,A,,0,,1,
DATAFLOW,OECD.SDD.TPS:DSD_LFS@DF_IALFS_LF_WAP_Q(1.0),,I,MEX,,LF_WAP,,PT_WAP_SUB,,_Z,,Y,,_T,,Y15T64,,_Z,,Q,,2012-Q1,,63.75084,,,,A,,0,,1,
DATAFLOW,OECD.SDD.TPS:DSD_LFS@DF_IALFS_LF_WAP_Q(1.0),,I,MEX,,LF_WAP,,PT_WAP_SUB,,_Z,,Y,,_T,,Y15T64,,_Z,,Q,,2012-Q2,,64.50828,,,,A,,0,,1,
DATAFLOW,OECD.SDD.TPS:DSD_LFS@DF_IALFS_LF_WAP_Q(1.0),,I,MEX,,LF_WAP,,PT_WAP_SUB,,_Z,,Y,,_T,,Y15T64,,_Z,,Q,,2012-Q3,,64.61214,,,,A,,0,,1,
DATAFLOW,OECD.SDD.TPS:DSD_LFS@DF_IALFS_LF_WAP_Q(1.0),,I,MEX,,LF_WAP,,PT_WAP_SUB,,_Z,,Y,,_T,,Y15T64,,_Z,,Q,,2012-Q4,,63.82152,,,,A,,0,,1,
DATAFLOW,OECD.SDD.TPS:DSD_LFS@DF_IALFS_LF_WAP_Q(1.0),,I,MEX,,LF_WAP,,PT_WAP_SUB,,_Z,,Y,,_T,,Y15T64,,_Z,,Q,,2013-Q1,,63.65792,,,,A,,0,,1,
DATAFLOW,OECD.SDD.TPS:DSD_LFS@DF_IALFS_LF_WAP_Q(1.0),,I,MEX,,LF_WAP,,PT_WAP_SUB,,_Z,,Y,,_T,,Y15T64,,_Z,,Q,,2013-Q2,,64.29926,,,,A,,0,,1,
DATAFLOW,OECD.SDD.TPS:DSD_LFS@DF_IALFS_LF_WAP_Q(1.0),,I,MEX,,LF_WAP,,PT_WAP_SUB,,_Z,,Y,,_T,,Y15T64,,_Z,,Q,,2013-Q3,,64.05424,,,,A,,0,,1,
DATAFLOW,OECD.SDD.TPS:DSD_LFS@DF_IALFS_LF_WAP_Q(1.0),,I,MEX,,LF_WAP,,PT_WAP_SUB,,_Z,,Y,,_T,,Y15T64,,_Z,,Q,,2013-Q4,,64.45085,,,,A,,0,,1,
DATAFLOW,OECD.SDD.TPS:DSD_LFS@DF_IALFS_LF_WAP_Q(1.0),,I,MEX,,LF_WAP,,PT_WAP_SUB,,_Z,,Y,,_T,,Y15T64,,_Z,,Q,,2014-Q1,,64.02222,,,,A,,0,,1,
DATAFLOW,OECD.SDD.TPS:DSD_LFS@DF_IALFS_LF_WAP_Q(1.0),,I,MEX,,LF_WAP,,PT_WAP_SUB,,_Z,,Y,,_T,,Y15T64,,_Z,,Q,,2014-Q2,,63.64023,,,,A,,0,,1,
DATAFLOW,OECD.SDD.TPS:DSD_LFS@DF_IALFS_LF_WAP_Q(1.0),,I,MEX,,LF_WAP,,PT_WAP_SUB,,_Z,,Y,,_T,,Y15T64,,_Z,,Q,,2014-Q3,,63.51934,,,,A,,0,,1,
DATAFLOW,OECD.SDD.TPS:DSD_LFS@DF_IALFS_LF_WAP_Q(1.0),,I,MEX,,LF_WAP,,PT_WAP_SUB,,_Z,,Y,,_T,,Y15T64,,_Z,,Q,,2014-Q4,,63.18138,,,,A,,0,,1,
DATAFLOW,OECD.SDD.TPS:DSD_LFS@DF_IALFS_LF_WAP_Q(1.0),,I,MEX,,LF_WAP,,PT_WAP_SUB,,_Z,,Y,,_T,,Y15T64,,_Z,,Q,,2015-Q1,,63.43674,,,,A,,0,,1,
DATAFLOW,OECD.SDD.TPS:DSD_LFS@DF_IALFS_LF_WAP_Q(1.0),,I,MEX,,LF_WAP,,PT_WAP_SUB,,_Z,,Y,,_T,,Y15T64,,_Z,,Q,,2015-Q2,,63.39989,,,,A,,0,,1,
DATAFLOW,OECD.SDD.TPS:DSD_LFS@DF_IALFS_LF_WAP_Q(1.0),,I,MEX,,LF_WAP,,PT_WAP_SUB,,_Z,,Y,,_T,,Y15T64,,_Z,,Q,,2015-Q3,,63.47487,,,,A,,0,,1,
DATAFLOW,OECD.SDD.TPS:DSD_LFS@DF_IALFS_LF_WAP_Q(1.0),,I,MEX,,LF_WAP,,PT_WAP_SUB,,_Z,,Y,,_T,,Y15T64,,_Z,,Q,,2015-Q4,,64.12789,,,,A,,0,,1,
DATAFLOW,OECD.SDD.TPS:DSD_LFS@DF_IALFS_LF_WAP_Q(1.0),,I,MEX,,LF_WAP,,PT_WAP_SUB,,_Z,,Y,,_T,,Y15T64,,_Z,,Q,,2016-Q1,,63.58809,,,,A,,0,,1,
DATAFLOW,OECD.SDD.TPS:DSD_LFS@DF_IALFS_LF_WAP_Q(1.0),,I,MEX,,LF_WAP,,PT_WAP_SUB,,_Z,,Y,,_T,,Y15T64,,_Z,,Q,,2016-Q2,,63.49162,,,,A,,0,,1,
DATAFLOW,OECD.SDD.TPS:DSD_LFS@DF_IALFS_LF_WAP_Q(1.0),,I,MEX,,LF_WAP,,PT_WAP_SUB,,_Z,,Y,,_T,,Y15T64,,_Z,,Q,,2016-Q3,,63.91026,,,,A,,0,,1,
DATAFLOW,OECD.SDD.TPS:DSD_LFS@DF_IALFS_LF_WAP_Q(1.0),,I,MEX,,LF_WAP,,PT_WAP_SUB,,_Z,,Y,,_T,,Y15T64,,_Z,,Q,,2016-Q4,,63.47313,,,,A,,0,,1,
DATAFLOW,OECD.SDD.TPS:DSD_LFS@DF_IALFS_LF_WAP_Q(1.0),,I,MEX,,LF_WAP,,PT_WAP_SUB,,_Z,,Y,,_T,,Y15T64,,_Z,,Q,,2017-Q1,,63.72105,,,,A,,0,,1,
DATAFLOW,OECD.SDD.TPS:DSD_LFS@DF_IALFS_LF_WAP_Q(1.0),,I,MEX,,LF_WAP,,PT_WAP_SUB,,_Z,,Y,,_T,,Y15T64,,_Z,,Q,,2017-Q2,,63.40229,,,,A,,0,,1,
DATAFLOW,OECD.SDD.TPS:DSD_LFS@DF_IALFS_LF_WAP_Q(1.0),,I,MEX,,LF_WAP,,PT_WAP_SUB,,_Z,,Y,,_T,,Y15T64,,_Z,,Q,,2017-Q3,,63.27693,,,,A,,0,,1,
DATAFLOW,OECD.SDD.TPS:DSD_LFS@DF_IALFS_LF_WAP_Q(1.0),,I,MEX,,LF_WAP,,PT_WAP_SUB,,_Z,,Y,,_T,,Y15T64,,_Z,,Q,,2017-Q4,,63.43469,,,,A,,0,,1,
DATAFLOW,OECD.SDD.TPS:DSD_LFS@DF_IALFS_LF_WAP_Q(1.0),,I,MEX,,LF_WAP,,PT_WAP_SUB,,_Z,,Y,,_T,,Y15T64,,_Z,,Q,,2018-Q1,,63.58632,,,,A,,0,,1,
DATAFLOW,OECD.SDD.TPS:DSD_LFS@DF_IALFS_LF_WAP_Q(1.0),,I,MEX,,LF_WAP,,PT_WAP_SUB,,_Z,,Y,,_T,,Y15T64,,_Z,,Q,,2018-Q2,,63.8444,,,,A,,0,,1,
DATAFLOW,OECD.SDD.TPS:DSD_LFS@DF_IALFS_LF_WAP_Q(1.0),,I,MEX,,LF_WAP,,PT_WAP_SUB,,_Z,,Y,,_T,,Y15T64,,_Z,,Q,,2018-Q3,,63.84026,,,,A,,0,,1,
DATAFLOW,OECD.SDD.TPS:DSD_LFS@DF_IALFS_LF_WAP_Q(1.0),,I,MEX,,LF_WAP,,PT_WAP_SUB,,_Z,,Y,,_T,,Y15T64,,_Z,,Q,,2018-Q4,,63.84141,,,,A,,0,,1,
DATAFLOW,OECD.SDD.TPS:DSD_LFS@DF_IALFS_LF_WAP_Q(1.0),,I,MEX,,LF_WAP,,PT_WAP_SUB,,_Z,,Y,,_T,,Y15T64,,_Z,,Q,,2019-Q1,,64.38802,,,,A,,0,,1,
DATAFLOW,OECD.SDD.TPS:DSD_LFS@DF_IALFS_LF_WAP_Q(1.0),,I,MEX,,LF_WAP,,PT_WAP_SUB,,_Z,,Y,,_T,,Y15T64,,_Z,,Q,,2019-Q2,,64.63742,,,,A,,0,,1,
DATAFLOW,OECD.SDD.TPS:DSD_LFS@DF_IALFS_LF_WAP_Q(1.0),,I,MEX,,LF_WAP,,PT_WAP_SUB,,_Z,,Y,,_T,,Y15T64,,_Z,,Q,,2019-Q3,,64.70992,,,,A,,0,,1,
DATAFLOW,OECD.SDD.TPS:DSD_LFS@DF_IALFS_LF_WAP_Q(1.0),,I,MEX,,LF_WAP,,PT_WAP_SUB,,_Z,,Y,,_T,,Y15T64,,_Z,,Q,,2019-Q4,,64.73814,,,,A,,0,,1,
DATAFLOW,OECD.SDD.TPS:DSD_LFS@DF_IALFS_LF_WAP_Q(1.0),,I,MEX,,LF_WAP,,PT_WAP_SUB,,_Z,,Y,,_T,,Y15T64,,_Z,,Q,,2020-Q1,,64.95597,,,,A,,0,,1,
DATAFLOW,OECD.SDD.TPS:DSD_LFS@DF_IALFS_LF_WAP_Q(1.0),,I,MEX,,LF_WAP,,PT_WAP_SUB,,_Z,,Y,,_T,,Y15T64,,_Z,,Q,,2020-Q2,,54.1611,,,,A,,0,,1,
DATAFLOW,OECD.SDD.TPS:DSD_LFS@DF_IALFS_LF_WAP_Q(1.0),,I,MEX,,LF_WAP,,PT_WAP_SUB,,_Z,,Y,,_T,,Y15T64,,_Z,,Q,,2020-Q3,,59.87397,,,,A,,0,,1,
DATAFLOW,OECD.SDD.TPS:DSD_LFS@DF_IALFS_LF_WAP_Q(1.0),,I,MEX,,LF_WAP,,PT_WAP_SUB,,_Z,,Y,,_T,,Y15T64,,_Z,,Q,,2020-Q4,,62.25857,,,,A,,0,,1,
DATAFLOW,OECD.SDD.TPS:DSD_LFS@DF_IALFS_LF_WAP_Q(1.0),,I,MEX,,LF_WAP,,PT_WAP_SUB,,_Z,,Y,,_T,,Y15T64,,_Z,,Q,,2021-Q1,,62.48443,,,,A,,0,,1,
DATAFLOW,OECD.SDD.TPS:DSD_LFS@DF_IALFS_LF_WAP_Q(1.0),,I,MEX,,LF_WAP,,PT_WAP_SUB,,_Z,,Y,,_T,,Y15T64,,_Z,,Q,,2021-Q2,,63.93843,,,,A,,0,,1,
DATAFLOW,OECD.SDD.TPS:DSD_LFS@DF_IALFS_LF_WAP_Q(1.0),,I,MEX,,LF_WAP,,PT_WAP_SUB,,_Z,,Y,,_T,,Y15T64,,_Z,,Q,,2021-Q3,,64.13155,,,,A,,0,,1,
DATAFLOW,OECD.SDD.TPS:DSD_LFS@DF_IALFS_LF_WAP_Q(1.0),,I,MEX,,LF_WAP,,PT_WAP_SUB,,_Z,,Y,,_T,,Y15T64,,_Z,,Q,,2021-Q4,,64.43314,,,,A,,0,,1,
DATAFLOW,OECD.SDD.TPS:DSD_LFS@DF_IALFS_LF_WAP_Q(1.0),,I,MEX,,LF_WAP,,PT_WAP_SUB,,_Z,,Y,,_T,,Y15T64,,_Z,,Q,,2022-Q1,,64.21733,,,,A,,0,,1,
DATAFLOW,OECD.SDD.TPS:DSD_LFS@DF_IALFS_LF_WAP_Q(1.0),,I,MEX,,LF_WAP,,PT_WAP_SUB,,_Z,,Y,,_T,,Y15T64,,_Z,,Q,,2022-Q2,,64.79093,,,,A,,0,,1,
DATAFLOW,OECD.SDD.TPS:DSD_LFS@DF_IALFS_LF_WAP_Q(1.0),,I,MEX,,LF_WAP,,PT_WAP_SUB,,_Z,,Y,,_T,,Y15T64,,_Z,,Q,,2022-Q3,,64.68352,,,,A,,0,,1,
DATAFLOW,OECD.SDD.TPS:DSD_LFS@DF_IALFS_LF_WAP_Q(1.0),,I,MEX,,LF_WAP,,PT_WAP_SUB,,_Z,,Y,,_T,,Y15T64,,_Z,,Q,,2022-Q4,,65.24998,,,,A,,0,,1,
DATAFLOW,OECD.SDD.TPS:DSD_LFS@DF_IALFS_LF_WAP_Q(1.0),,I,MEX,,LF_WAP,,PT_WAP_SUB,,_Z,,Y,,_T,,Y15T64,,_Z,,Q,,2023-Q1,,65.70969,,,,A,,0,,1,
DATAFLOW,OECD.SDD.TPS:DSD_LFS@DF_IALFS_LF_WAP_Q(1.0),,I,MEX,,LF_WAP,,PT_WAP_SUB,,_Z,,Y,,_T,,Y15T64,,_Z,,Q,,2023-Q2,,65.31251,,,,A,,0,,1,
DATAFLOW,OECD.SDD.TPS:DSD_LFS@DF_IALFS_LF_WAP_Q(1.0),,I,MEX,,LF_WAP,,PT_WAP_SUB,,_Z,,Y,,_T,,Y15T64,,_Z,,Q,,2023-Q3,,65.68584,,,,A,,0,,1,
DATAFLOW,OECD.SDD.TPS:DSD_LFS@DF_IALFS_LF_WAP_Q(1.0),,I,MEX,,LF_WAP,,PT_WAP_SUB,,_Z,,Y,,_T,,Y15T64,,_Z,,Q,,2023-Q4,,65.71451,,,,A,,0,,1,
DATAFLOW,OECD.SDD.TPS:DSD_LFS@DF_IALFS_LF_WAP_Q(1.0),,I,MEX,,LF_WAP,,PT_WAP_SUB,,_Z,,Y,,_T,,Y15T64,,_Z,,Q,,2024-Q1,,66.02089,,,,A,,0,,1,
DATAFLOW,OECD.SDD.TPS:DSD_LFS@DF_IALFS_LF_WAP_Q(1.0),,I,MEX,,LF_WAP,,PT_WAP_SUB,,_Z,,Y,,_T,,Y15T64,,_Z,,Q,,2024-Q2,,65.80013,,,,A,,0,,1,
DATAFLOW,OECD.SDD.TPS:DSD_LFS@DF_IALFS_LF_WAP_Q(1.0),,I,MEX,,LF_WAP,,PT_WAP_SUB,,_Z,,Y,,_T,,Y15T64,,_Z,,Q,,2024-Q3,,65.75838,,,,A,,0,,1,
DATAFLOW,OECD.SDD.TPS:DSD_LFS@DF_IALFS_LF_WAP_Q(1.0),,I,MEX,,LF_WAP,,PT_WAP_SUB,,_Z,,Y,,_T,,Y15T64,,_Z,,Q,,2024-Q4,,65.28996,,,,A,,0,,1,
DATAFLOW,OECD.SDD.TPS:DSD_LFS@DF_IALFS_LF_WAP_Q(1.0),,I,MEX,,LF_WAP,,PT_WAP_SUB,,_Z,,Y,,_T,,Y15T64,,_Z,,Q,,2025-Q1,,65.36978,,,,A,,0,,1,
DATAFLOW,OECD.SDD.TPS:DSD_LFS@DF_IALFS_LF_WAP_Q(1.0),,I,MEX,,LF_WAP,,PT_WAP_SUB,,_Z,,Y,,_T,,Y15T64,,_Z,,Q,,2025-Q2,,65.1281,,,,A,,0,,1,
DATAFLOW,OECD.SDD.TPS:DSD_LFS@DF_IALFS_LF_WAP_Q(1.0),,I,MEX,,LF_WAP,,PT_WAP_SUB,,_Z,,Y,,_T,,Y15T64,,_Z,,Q,,2025-Q3,,64.92134,,,,A,,0,,1,
DATAFLOW,OECD.SDD.TPS:DSD_LFS@DF_IALFS_LF_WAP_Q(1.0),,I,MEX,,LF_WAP,,PT_WAP_SUB,,_Z,,Y,,_T,,Y15T64,,_Z,,Q,,2025-Q4,,64.89426,,,,A,,0,,1,
DATAFLOW,OECD.SDD.TPS:DSD_LFS@DF_IALFS_LF_WAP_Q(1.0),,I,MEX,,LF_WAP,,PT_WAP_SUB,,_Z,,Y,,_T,,Y15T64,,_Z,,Q,,2026-Q1,,65.09875,,,,A,,0,,1,
DATAFLOW,OECD.SDD.TPS:DSD_LFS@DF_IALFS_LF_WAP_Q(1.0),,I,LTU,,LF_WAP,,PT_WAP_SUB,,_Z,,Y,,_T,,Y15T64,,_Z,,Q,,2005-Q1,,68.93034,,,,A,,0,,1,
DATAFLOW,OECD.SDD.TPS:DSD_LFS@DF_IALFS_LF_WAP_Q(1.0),,I,LTU,,LF_WAP,,PT_WAP_SUB,,_Z,,Y,,_T,,Y15T64,,_Z,,Q,,2005-Q2,,68.89005,,,,A,,0,,1,
DATAFLOW,OECD.SDD.TPS:DSD_LFS@DF_IALFS_LF_WAP_Q(1.0),,I,LTU,,LF_WAP,,PT_WAP_SUB,,_Z,,Y,,_T,,Y15T64,,_Z,,Q,,2005-Q3,,68.50868,,,,A,,0,,1,
DATAFLOW,OECD.SDD.TPS:DSD_LFS@DF_IALFS_LF_WAP_Q(1.0),,I,LTU,,LF_WAP,,PT_WAP_SUB,,_Z,,Y,,_T,,Y15T64,,_Z,,Q,,2005-Q4,,68.27987,,,,A,,0,,1,
DATAFLOW,OECD.SDD.TPS:DSD_LFS@DF_IALFS_LF_WAP_Q(1.0),,I,LTU,,LF_WAP,,PT_WAP_SUB,,_Z,,Y,,_T,,Y15T64,,_Z,,Q,,2006-Q1,,67.87212,,,,A,,0,,1,
DATAFLOW,OECD.SDD.TPS:DSD_LFS@DF_IALFS_LF_WAP_Q(1.0),,I,LTU,,LF_WAP,,PT_WAP_SUB,,_Z,,Y,,_T,,Y15T64,,_Z,,Q,,2006-Q2,,67.66347,,,,A,,0,,1,
DATAFLOW,OECD.SDD.TPS:DSD_LFS@DF_IALFS_LF_WAP_Q(1.0),,I,LTU,,LF_WAP,,PT_WAP_SUB,,_Z,,Y,,_T,,Y15T64,,_Z,,Q,,2006-Q3,,67.89561,,,,A,,0,,1,
DATAFLOW,OECD.SDD.TPS:DSD_LFS@DF_IALFS_LF_WAP_Q(1.0),,I,LTU,,LF_WAP,,PT_WAP_SUB,,_Z,,Y,,_T,,Y15T64,,_Z,,Q,,2006-Q4,,66.80264,,,,A,,0,,1,
DATAFLOW,OECD.SDD.TPS:DSD_LFS@DF_IALFS_LF_WAP_Q(1.0),,I,LTU,,LF_WAP,,PT_WAP_SUB,,_Z,,Y,,_T,,Y15T64,,_Z,,Q,,2007-Q1,,67.66469,,,,A,,0,,1,
DATAFLOW,OECD.SDD.TPS:DSD_LFS@DF_IALFS_LF_WAP_Q(1.0),,I,LTU,,LF_WAP,,PT_WAP_SUB,,_Z,,Y,,_T,,Y15T64,,_Z,,Q,,2007-Q2,,68.30121,,,,A,,0,,1,
DATAFLOW,OECD.SDD.TPS:DSD_LFS@DF_IALFS_LF_WAP_Q(1.0),,I,LTU,,LF_WAP,,PT_WAP_SUB,,_Z,,Y,,_T,,Y15T64,,_Z,,Q,,2007-Q3,,68.71837,,,,A,,0,,1,
DATAFLOW,OECD.SDD.TPS:DSD_LFS@DF_IALFS_LF_WAP_Q(1.0),,I,LTU,,LF_WAP,,PT_WAP_SUB,,_Z,,Y,,_T,,Y15T64,,_Z,,Q,,2007-Q4,,67.12129,,,,A,,0,,1,
DATAFLOW,OECD.SDD.TPS:DSD_LFS@DF_IALFS_LF_WAP_Q(1.0),,I,LTU,,LF_WAP,,PT_WAP_SUB,,_Z,,Y,,_T,,Y15T64,,_Z,,Q,,2008-Q1,,67.51356,,,,A,,0,,1,
DATAFLOW,OECD.SDD.TPS:DSD_LFS@DF_IALFS_LF_WAP_Q(1.0),,I,LTU,,LF_WAP,,PT_WAP_SUB,,_Z,,Y,,_T,,Y15T64,,_Z,,Q,,2008-Q2,,67.72092,,,,A,,0,,1,
DATAFLOW,OECD.SDD.TPS:DSD_LFS@DF_IALFS_LF_WAP_Q(1.0),,I,LTU,,LF_WAP,,PT_WAP_SUB,,_Z,,Y,,_T,,Y15T64,,_Z,,Q,,2008-Q3,,69.1534,,,,A,,0,,1,
DATAFLOW,OECD.SDD.TPS:DSD_LFS@DF_IALFS_LF_WAP_Q(1.0),,I,LTU,,LF_WAP,,PT_WAP_SUB,,_Z,,Y,,_T,,Y15T64,,_Z,,Q,,2008-Q4,,69.33949,,,,A,,0,,1,
DATAFLOW,OECD.SDD.TPS:DSD_LFS@DF_IALFS_LF_WAP_Q(1.0),,I,LTU,,LF_WAP,,PT_WAP_SUB,,_Z,,Y,,_T,,Y15T64,,_Z,,Q,,2009-Q1,,69.14587,,,,A,,0,,1,
DATAFLOW,OECD.SDD.TPS:DSD_LFS@DF_IALFS_LF_WAP_Q(1.0),,I,LTU,,LF_WAP,,PT_WAP_SUB,,_Z,,Y,,_T,,Y15T64,,_Z,,Q,,2009-Q2,,69.78601,,,,A,,0,,1,
DATAFLOW,OECD.SDD.TPS:DSD_LFS@DF_IALFS_LF_WAP_Q(1.0),,I,LTU,,LF_WAP,,PT_WAP_SUB,,_Z,,Y,,_T,,Y15T64,,_Z,,Q,,2009-Q3,,70.16168,,,,A,,0,,1,
DATAFLOW,OECD.SDD.TPS:DSD_LFS@DF_IALFS_LF_WAP_Q(1.0),,I,LTU,,LF_WAP,,PT_WAP_SUB,,_Z,,Y,,_T,,Y15T64,,_Z,,Q,,2009-Q4,,69.34911,,,,A,,0,,1,
DATAFLOW,OECD.SDD.TPS:DSD_LFS@DF_IALFS_LF_WAP_Q(1.0),,I,LTU,,LF_WAP,,PT_WAP_SUB,,_Z,,Y,,_T,,Y15T64,,_Z,,Q,,2010-Q1,,69.18756,,,,A,,0,,1,
DATAFLOW,OECD.SDD.TPS:DSD_LFS@DF_IALFS_LF_WAP_Q(1.0),,I,LTU,,LF_WAP,,PT_WAP_SUB,,_Z,,Y,,_T,,Y15T64,,_Z,,Q,,2010-Q2,,69.55496,,,,A,,0,,1,
DATAFLOW,OECD.SDD.TPS:DSD_LFS@DF_IALFS_LF_WAP_Q(1.0),,I,LTU,,LF_WAP,,PT_WAP_SUB,,_Z,,Y,,_T,,Y15T64,,_Z,,Q,,2010-Q3,,70.94474,,,,A,,0,,1,
DATAFLOW,OECD.SDD.TPS:DSD_LFS@DF_IALFS_LF_WAP_Q(1.0),,I,LTU,,LF_WAP,,PT_WAP_SUB,,_Z,,Y,,_T,,Y15T64,,_Z,,Q,,2010-Q4,,71.31664,,,,A,,0,,1,
DATAFLOW,OECD.SDD.TPS:DSD_LFS@DF_IALFS_LF_WAP_Q(1.0),,I,LTU,,LF_WAP,,PT_WAP_SUB,,_Z,,Y,,_T,,Y15T64,,_Z,,Q,,2011-Q1,,71.32168,,,,A,,0,,1,
DATAFLOW,OECD.SDD.TPS:DSD_LFS@DF_IALFS_LF_WAP_Q(1.0),,I,LTU,,LF_WAP,,PT_WAP_SUB,,_Z,,Y,,_T,,Y15T64,,_Z,,Q,,2011-Q2,,71.55886,,,,A,,0,,1,
DATAFLOW,OECD.SDD.TPS:DSD_LFS@DF_IALFS_LF_WAP_Q(1.0),,I,LTU,,LF_WAP,,PT_WAP_SUB,,_Z,,Y,,_T,,Y15T64,,_Z,,Q,,2011-Q3,,71.4735,,,,A,,0,,1,
DATAFLOW,OECD.SDD.TPS:DSD_LFS@DF_IALFS_LF_WAP_Q(1.0),,I,LTU,,LF_WAP,,PT_WAP_SUB,,_Z,,Y,,_T,,Y15T64,,_Z,,Q,,2011-Q4,,71.11603,,,,A,,0,,1,
DATAFLOW,OECD.SDD.TPS:DSD_LFS@DF_IALFS_LF_WAP_Q(1.0),,I,LTU,,LF_WAP,,PT_WAP_SUB,,_Z,,Y,,_T,,Y15T64,,_Z,,Q,,2012-Q1,,71.32515,,,,A,,0,,1,
DATAFLOW,OECD.SDD.TPS:DSD_LFS@DF_IALFS_LF_WAP_Q(1.0),,I,LTU,,LF_WAP,,PT_WAP_SUB,,_Z,,Y,,_T,,Y15T64,,_Z,,Q,,2012-Q2,,71.8726,,,,A,,0,,1,
DATAFLOW,OECD.SDD.TPS:DSD_LFS@DF_IALFS_LF_WAP_Q(1.0),,I,LTU,,LF_WAP,,PT_WAP_SUB,,_Z,,Y,,_T,,Y15T64,,_Z,,Q,,2012-Q3,,72.17777,,,,A,,0,,1,
DATAFLOW,OECD.SDD.TPS:DSD_LFS@DF_IALFS_LF_WAP_Q(1.0),,I,LTU,,LF_WAP,,PT_WAP_SUB,,_Z,,Y,,_T,,Y15T64,,_Z,,Q,,2012-Q4,,71.87843,,,,A,,0,,1,
DATAFLOW,OECD.SDD.TPS:DSD_LFS@DF_IALFS_LF_WAP_Q(1.0),,I,LTU,,LF_WAP,,PT_WAP_SUB,,_Z,,Y,,_T,,Y15T64,,_Z,,Q,,2013-Q1,,72.07105,,,,A,,0,,1,
DATAFLOW,OECD.SDD.TPS:DSD_LFS@DF_IALFS_LF_WAP_Q(1.0),,I,LTU,,LF_WAP,,PT_WAP_SUB,,_Z,,Y,,_T,,Y15T64,,_Z,,Q,,2013-Q2,,72.44618,,,,A,,0,,1,
DATAFLOW,OECD.SDD.TPS:DSD_LFS@DF_IALFS_LF_WAP_Q(1.0),,I,LTU,,LF_WAP,,PT_WAP_SUB,,_Z,,Y,,_T,,Y15T64,,_Z,,Q,,2013-Q3,,72.4297,,,,A,,0,,1,
DATAFLOW,OECD.SDD.TPS:DSD_LFS@DF_IALFS_LF_WAP_Q(1.0),,I,LTU,,LF_WAP,,PT_WAP_SUB,,_Z,,Y,,_T,,Y15T64,,_Z,,Q,,2013-Q4,,72.74535,,,,A,,0,,1,
DATAFLOW,OECD.SDD.TPS:DSD_LFS@DF_IALFS_LF_WAP_Q(1.0),,I,LTU,,LF_WAP,,PT_WAP_SUB,,_Z,,Y,,_T,,Y15T64,,_Z,,Q,,2014-Q1,,73.62176,,,,A,,0,,1,
DATAFLOW,OECD.SDD.TPS:DSD_LFS@DF_IALFS_LF_WAP_Q(1.0),,I,LTU,,LF_WAP,,PT_WAP_SUB,,_Z,,Y,,_T,,Y15T64,,_Z,,Q,,2014-Q2,,73.57044,,,,A,,0,,1,
DATAFLOW,OECD.SDD.TPS:DSD_LFS@DF_IALFS_LF_WAP_Q(1.0),,I,LTU,,LF_WAP,,PT_WAP_SUB,,_Z,,Y,,_T,,Y15T64,,_Z,,Q,,2014-Q3,,73.98049,,,,A,,0,,1,
DATAFLOW,OECD.SDD.TPS:DSD_LFS@DF_IALFS_LF_WAP_Q(1.0),,I,LTU,,LF_WAP,,PT_WAP_SUB,,_Z,,Y,,_T,,Y15T64,,_Z,,Q,,2014-Q4,,73.68465,,,,A,,0,,1,
DATAFLOW,OECD.SDD.TPS:DSD_LFS@DF_IALFS_LF_WAP_Q(1.0),,I,LTU,,LF_WAP,,PT_WAP_SUB,,_Z,,Y,,_T,,Y15T64,,_Z,,Q,,2015-Q1,,73.5655,,,,A,,0,,1,
DATAFLOW,OECD.SDD.TPS:DSD_LFS@DF_IALFS_LF_WAP_Q(1.0),,I,LTU,,LF_WAP,,PT_WAP_SUB,,_Z,,Y,,_T,,Y15T64,,_Z,,Q,,2015-Q2,,74.04822,,,,A,,0,,1,
DATAFLOW,OECD.SDD.TPS:DSD_LFS@DF_IALFS_LF_WAP_Q(1.0),,I,LTU,,LF_WAP,,PT_WAP_SUB,,_Z,,Y,,_T,,Y15T64,,_Z,,Q,,2015-Q3,,74.22013,,,,A,,0,,1,
DATAFLOW,OECD.SDD.TPS:DSD_LFS@DF_IALFS_LF_WAP_Q(1.0),,I,LTU,,LF_WAP,,PT_WAP_SUB,,_Z,,Y,,_T,,Y15T64,,_Z,,Q,,2015-Q4,,74.70702,,,,A,,0,,1,
DATAFLOW,OECD.SDD.TPS:DSD_LFS@DF_IALFS_LF_WAP_Q(1.0),,I,LTU,,LF_WAP,,PT_WAP_SUB,,_Z,,Y,,_T,,Y15T64,,_Z,,Q,,2016-Q1,,74.8252,,,,A,,0,,1,
DATAFLOW,OECD.SDD.TPS:DSD_LFS@DF_IALFS_LF_WAP_Q(1.0),,I,LTU,,LF_WAP,,PT_WAP_SUB,,_Z,,Y,,_T,,Y15T64,,_Z,,Q,,2016-Q2,,75.73801,,,,A,,0,,1,
DATAFLOW,OECD.SDD.TPS:DSD_LFS@DF_IALFS_LF_WAP_Q(1.0),,I,LTU,,LF_WAP,,PT_WAP_SUB,,_Z,,Y,,_T,,Y15T64,,_Z,,Q,,2016-Q3,,75.68771,,,,A,,0,,1,
DATAFLOW,OECD.SDD.TPS:DSD_LFS@DF_IALFS_LF_WAP_Q(1.0),,I,LTU,,LF_WAP,,PT_WAP_SUB,,_Z,,Y,,_T,,Y15T64,,_Z,,Q,,2016-Q4,,75.61467,,,,A,,0,,1,
DATAFLOW,OECD.SDD.TPS:DSD_LFS@DF_IALFS_LF_WAP_Q(1.0),,I,LTU,,LF_WAP,,PT_WAP_SUB,,_Z,,Y,,_T,,Y15T64,,_Z,,Q,,2017-Q1,,75.38717,,,,A,,0,,1,
DATAFLOW,OECD.SDD.TPS:DSD_LFS@DF_IALFS_LF_WAP_Q(1.0),,I,LTU,,LF_WAP,,PT_WAP_SUB,,_Z,,Y,,_T,,Y15T64,,_Z,,Q,,2017-Q2,,76.11394,,,,A,,0,,1,
DATAFLOW,OECD.SDD.TPS:DSD_LFS@DF_IALFS_LF_WAP_Q(1.0),,I,LTU,,LF_WAP,,PT_WAP_SUB,,_Z,,Y,,_T,,Y15T64,,_Z,,Q,,2017-Q3,,75.9825,,,,A,,0,,1,
DATAFLOW,OECD.SDD.TPS:DSD_LFS@DF_IALFS_LF_WAP_Q(1.0),,I,LTU,,LF_WAP,,PT_WAP_SUB,,_Z,,Y,,_T,,Y15T64,,_Z,,Q,,2017-Q4,,76.31962,,,,A,,0,,1,
DATAFLOW,OECD.SDD.TPS:DSD_LFS@DF_IALFS_LF_WAP_Q(1.0),,I,LTU,,LF_WAP,,PT_WAP_SUB,,_Z,,Y,,_T,,Y15T64,,_Z,,Q,,2018-Q1,,76.35633,,,,A,,0,,1,
DATAFLOW,OECD.SDD.TPS:DSD_LFS@DF_IALFS_LF_WAP_Q(1.0),,I,LTU,,LF_WAP,,PT_WAP_SUB,,_Z,,Y,,_T,,Y15T64,,_Z,,Q,,2018-Q2,,76.79464,,,,A,,0,,1,
DATAFLOW,OECD.SDD.TPS:DSD_LFS@DF_IALFS_LF_WAP_Q(1.0),,I,LTU,,LF_WAP,,PT_WAP_SUB,,_Z,,Y,,_T,,Y15T64,,_Z,,Q,,2018-Q3,,78.44752,,,,A,,0,,1,
DATAFLOW,OECD.SDD.TPS:DSD_LFS@DF_IALFS_LF_WAP_Q(1.0),,I,LTU,,LF_WAP,,PT_WAP_SUB,,_Z,,Y,,_T,,Y15T64,,_Z,,Q,,2018-Q4,,77.67639,,,,A,,0,,1,
DATAFLOW,OECD.SDD.TPS:DSD_LFS@DF_IALFS_LF_WAP_Q(1.0),,I,LTU,,LF_WAP,,PT_WAP_SUB,,_Z,,Y,,_T,,Y15T64,,_Z,,Q,,2019-Q1,,77.8508,,,,A,,0,,1,
DATAFLOW,OECD.SDD.TPS:DSD_LFS@DF_IALFS_LF_WAP_Q(1.0),,I,LTU,,LF_WAP,,PT_WAP_SUB,,_Z,,Y,,_T,,Y15T64,,_Z,,Q,,2019-Q2,,77.91449,,,,A,,0,,1,
DATAFLOW,OECD.SDD.TPS:DSD_LFS@DF_IALFS_LF_WAP_Q(1.0),,I,LTU,,LF_WAP,,PT_WAP_SUB,,_Z,,Y,,_T,,Y15T64,,_Z,,Q,,2019-Q3,,78.04092,,,,A,,0,,1,
DATAFLOW,OECD.SDD.TPS:DSD_LFS@DF_IALFS_LF_WAP_Q(1.0),,I,LTU,,LF_WAP,,PT_WAP_SUB,,_Z,,Y,,_T,,Y15T64,,_Z,,Q,,2019-Q4,,78.35434,,,,A,,0,,1,
DATAFLOW,OECD.SDD.TPS:DSD_LFS@DF_IALFS_LF_WAP_Q(1.0),,I,LTU,,LF_WAP,,PT_WAP_SUB,,_Z,,Y,,_T,,Y15T64,,_Z,,Q,,2020-Q1,,78.85271,,,,A,,0,,1,
DATAFLOW,OECD.SDD.TPS:DSD_LFS@DF_IALFS_LF_WAP_Q(1.0),,I,LTU,,LF_WAP,,PT_WAP_SUB,,_Z,,Y,,_T,,Y15T64,,_Z,,Q,,2020-Q2,,78.31149,,,,A,,0,,1,
DATAFLOW,OECD.SDD.TPS:DSD_LFS@DF_IALFS_LF_WAP_Q(1.0),,I,LTU,,LF_WAP,,PT_WAP_SUB,,_Z,,Y,,_T,,Y15T64,,_Z,,Q,,2020-Q3,,78.20364,,,,A,,0,,1,
DATAFLOW,OECD.SDD.TPS:DSD_LFS@DF_IALFS_LF_WAP_Q(1.0),,I,LTU,,LF_WAP,,PT_WAP_SUB,,_Z,,Y,,_T,,Y15T64,,_Z,,Q,,2020-Q4,,78.76283,,,,A,,0,,1,
DATAFLOW,OECD.SDD.TPS:DSD_LFS@DF_IALFS_LF_WAP_Q(1.0),,I,LTU,,LF_WAP,,PT_WAP_SUB,,_Z,,Y,,_T,,Y15T64,,_Z,,Q,,2021-Q1,,77.45715,,,,A,,0,,1,
DATAFLOW,OECD.SDD.TPS:DSD_LFS@DF_IALFS_LF_WAP_Q(1.0),,I,LTU,,LF_WAP,,PT_WAP_SUB,,_Z,,Y,,_T,,Y15T64,,_Z,,Q,,2021-Q2,,77.94598,,,,A,,0,,1,
DATAFLOW,OECD.SDD.TPS:DSD_LFS@DF_IALFS_LF_WAP_Q(1.0),,I,LTU,,LF_WAP,,PT_WAP_SUB,,_Z,,Y,,_T,,Y15T64,,_Z,,Q,,2021-Q3,,78.63139,,,,A,,0,,1,
DATAFLOW,OECD.SDD.TPS:DSD_LFS@DF_IALFS_LF_WAP_Q(1.0),,I,LTU,,LF_WAP,,PT_WAP_SUB,,_Z,,Y,,_T,,Y15T64,,_Z,,Q,,2021-Q4,,78.86718,,,,A,,0,,1,
DATAFLOW,OECD.SDD.TPS:DSD_LFS@DF_IALFS_LF_WAP_Q(1.0),,I,LTU,,LF_WAP,,PT_WAP_SUB,,_Z,,Y,,_T,,Y15T64,,_Z,,Q,,2022-Q1,,77.85705,,,,A,,0,,1,
DATAFLOW,OECD.SDD.TPS:DSD_LFS@DF_IALFS_LF_WAP_Q(1.0),,I,LTU,,LF_WAP,,PT_WAP_SUB,,_Z,,Y,,_T,,Y15T64,,_Z,,Q,,2022-Q2,,78.7301,,,,A,,0,,1,
DATAFLOW,OECD.SDD.TPS:DSD_LFS@DF_IALFS_LF_WAP_Q(1.0),,I,LTU,,LF_WAP,,PT_WAP_SUB,,_Z,,Y,,_T,,Y15T64,,_Z,,Q,,2022-Q3,,79.92751,,,,A,,0,,1,
DATAFLOW,OECD.SDD.TPS:DSD_LFS@DF_IALFS_LF_WAP_Q(1.0),,I,LTU,,LF_WAP,,PT_WAP_SUB,,_Z,,Y,,_T,,Y15T64,,_Z,,Q,,2022-Q4,,77.98958,,,,A,,0,,1,
DATAFLOW,OECD.SDD.TPS:DSD_LFS@DF_IALFS_LF_WAP_Q(1.0),,I,LTU,,LF_WAP,,PT_WAP_SUB,,_Z,,Y,,_T,,Y15T64,,_Z,,Q,,2023-Q1,,77.91089,,,,A,,0,,1,
DATAFLOW,OECD.SDD.TPS:DSD_LFS@DF_IALFS_LF_WAP_Q(1.0),,I,LTU,,LF_WAP,,PT_WAP_SUB,,_Z,,Y,,_T,,Y15T64,,_Z,,Q,,2023-Q2,,78.75169,,,,A,,0,,1,
DATAFLOW,OECD.SDD.TPS:DSD_LFS@DF_IALFS_LF_WAP_Q(1.0),,I,LTU,,LF_WAP,,PT_WAP_SUB,,_Z,,Y,,_T,,Y15T64,,_Z,,Q,,2023-Q3,,79.28123,,,,A,,0,,1,
DATAFLOW,OECD.SDD.TPS:DSD_LFS@DF_IALFS_LF_WAP_Q(1.0),,I,LTU,,LF_WAP,,PT_WAP_SUB,,_Z,,Y,,_T,,Y15T64,,_Z,,Q,,2023-Q4,,79.133,,,,A,,0,,1,
DATAFLOW,OECD.SDD.TPS:DSD_LFS@DF_IALFS_LF_WAP_Q(1.0),,I,LTU,,LF_WAP,,PT_WAP_SUB,,_Z,,Y,,_T,,Y15T64,,_Z,,Q,,2024-Q1,,79.07234,,,,A,,0,,1,
DATAFLOW,OECD.SDD.TPS:DSD_LFS@DF_IALFS_LF_WAP_Q(1.0),,I,LTU,,LF_WAP,,PT_WAP_SUB,,_Z,,Y,,_T,,Y15T64,,_Z,,Q,,2024-Q2,,79.9007,,,,A,,0,,1,
DATAFLOW,OECD.SDD.TPS:DSD_LFS@DF_IALFS_LF_WAP_Q(1.0),,I,LTU,,LF_WAP,,PT_WAP_SUB,,_Z,,Y,,_T,,Y15T64,,_Z,,Q,,2024-Q3,,79.77858,,,,A,,0,,1,
DATAFLOW,OECD.SDD.TPS:DSD_LFS@DF_IALFS_LF_WAP_Q(1.0),,I,LTU,,LF_WAP,,PT_WAP_SUB,,_Z,,Y,,_T,,Y15T64,,_Z,,Q,,2024-Q4,,79.30183,,,,A,,0,,1,
DATAFLOW,OECD.SDD.TPS:DSD_LFS@DF_IALFS_LF_WAP_Q(1.0),,I,LTU,,LF_WAP,,PT_WAP_SUB,,_Z,,Y,,_T,,Y15T64,,_Z,,Q,,2025-Q1,,79.20658,,,,A,,0,,1,
DATAFLOW,OECD.SDD.TPS:DSD_LFS@DF_IALFS_LF_WAP_Q(1.0),,I,LTU,,LF_WAP,,PT_WAP_SUB,,_Z,,Y,,_T,,Y15T64,,_Z,,Q,,2025-Q2,,79.82682,,,,A,,0,,1,
DATAFLOW,OECD.SDD.TPS:DSD_LFS@DF_IALFS_LF_WAP_Q(1.0),,I,LTU,,LF_WAP,,PT_WAP_SUB,,_Z,,Y,,_T,,Y15T64,,_Z,,Q,,2025-Q3,,80.44157,,,,A,,0,,1,
DATAFLOW,OECD.SDD.TPS:DSD_LFS@DF_IALFS_LF_WAP_Q(1.0),,I,LTU,,LF_WAP,,PT_WAP_SUB,,_Z,,Y,,_T,,Y15T64,,_Z,,Q,,2025-Q4,,79.46124,,,,A,,0,,1,
DATAFLOW,OECD.SDD.TPS:DSD_LFS@DF_IALFS_LF_WAP_Q(1.0),,I,LTU,,LF_WAP,,PT_WAP_SUB,,_Z,,Y,,_T,,Y15T64,,_Z,,Q,,2026-Q1,,80.00574,,,,A,,0,,1,
DATAFLOW,OECD.SDD.TPS:DSD_LFS@DF_IALFS_LF_WAP_Q(1.0),,I,ISL,,LF_WAP,,PT_WAP_SUB,,_Z,,Y,,_T,,Y15T64,,_Z,,Q,,2003-Q1,,86.36032,,,,A,,0,,1,
DATAFLOW,OECD.SDD.TPS:DSD_LFS@DF_IALFS_LF_WAP_Q(1.0),,I,ISL,,LF_WAP,,PT_WAP_SUB,,_Z,,Y,,_T,,Y15T64,,_Z,,Q,,2003-Q2,,86.17224,,,,A,,0,,1,
DATAFLOW,OECD.SDD.TPS:DSD_LFS@DF_IALFS_LF_WAP_Q(1.0),,I,ISL,,LF_WAP,,PT_WAP_SUB,,_Z,,Y,,_T,,Y15T64,,_Z,,Q,,2003-Q3,,86.80573,,,,A,,0,,1,
DATAFLOW,OECD.SDD.TPS:DSD_LFS@DF_IALFS_LF_WAP_Q(1.0),,I,ISL,,LF_WAP,,PT_WAP_SUB,,_Z,,Y,,_T,,Y15T64,,_Z,,Q,,2003-Q4,,85.46144,,,,A,,0,,1,
DATAFLOW,OECD.SDD.TPS:DSD_LFS@DF_IALFS_LF_WAP_Q(1.0),,I,ISL,,LF_WAP,,PT_WAP_SUB,,_Z,,Y,,_T,,Y15T64,,_Z,,Q,,2004-Q1,,85.01461,,,,A,,0,,1,
DATAFLOW,OECD.SDD.TPS:DSD_LFS@DF_IALFS_LF_WAP_Q(1.0),,I,ISL,,LF_WAP,,PT_WAP_SUB,,_Z,,Y,,_T,,Y15T64,,_Z,,Q,,2004-Q2,,84.88047,,,,A,,0,,1,
DATAFLOW,OECD.SDD.TPS:DSD_LFS@DF_IALFS_LF_WAP_Q(1.0),,I,ISL,,LF_WAP,,PT_WAP_SUB,,_Z,,Y,,_T,,Y15T64,,_Z,,Q,,2004-Q3,,84.73959,,,,A,,0,,1,
DATAFLOW,OECD.SDD.TPS:DSD_LFS@DF_IALFS_LF_WAP_Q(1.0),,I,ISL,,LF_WAP,,PT_WAP_SUB,,_Z,,Y,,_T,,Y15T64,,_Z,,Q,,2004-Q4,,84.87965,,,,A,,0,,1,
DATAFLOW,OECD.SDD.TPS:DSD_LFS@DF_IALFS_LF_WAP_Q(1.0),,I,ISL,,LF_WAP,,PT_WAP_SUB,,_Z,,Y,,_T,,Y15T64,,_Z,,Q,,2005-Q1,,85.70052,,,,A,,0,,1,
DATAFLOW,OECD.SDD.TPS:DSD_LFS@DF_IALFS_LF_WAP_Q(1.0),,I,ISL,,LF_WAP,,PT_WAP_SUB,,_Z,,Y,,_T,,Y15T64,,_Z,,Q,,2005-Q2,,85.82515,,,,A,,0,,1,
DATAFLOW,OECD.SDD.TPS:DSD_LFS@DF_IALFS_LF_WAP_Q(1.0),,I,ISL,,LF_WAP,,PT_WAP_SUB,,_Z,,Y,,_T,,Y15T64,,_Z,,Q,,2005-Q3,,85.90662,,,,A,,0,,1,
DATAFLOW,OECD.SDD.TPS:DSD_LFS@DF_IALFS_LF_WAP_Q(1.0),,I,ISL,,LF_WAP,,PT_WAP_SUB,,_Z,,Y,,_T,,Y15T64,,_Z,,Q,,2005-Q4,,86.66692,,,,A,,0,,1,
DATAFLOW,OECD.SDD.TPS:DSD_LFS@DF_IALFS_LF_WAP_Q(1.0),,I,ISL,,LF_WAP,,PT_WAP_SUB,,_Z,,Y,,_T,,Y15T64,,_Z,,Q,,2006-Q1,,86.41322,,,,A,,0,,1,
DATAFLOW,OECD.SDD.TPS:DSD_LFS@DF_IALFS_LF_WAP_Q(1.0),,I,ISL,,LF_WAP,,PT_WAP_SUB,,_Z,,Y,,_T,,Y15T64,,_Z,,Q,,2006-Q2,,87.4347,,,,A,,0,,1,
DATAFLOW,OECD.SDD.TPS:DSD_LFS@DF_IALFS_LF_WAP_Q(1.0),,I,ISL,,LF_WAP,,PT_WAP_SUB,,_Z,,Y,,_T,,Y15T64,,_Z,,Q,,2006-Q3,,87.13911,,,,A,,0,,1,
DATAFLOW,OECD.SDD.TPS:DSD_LFS@DF_IALFS_LF_WAP_Q(1.0),,I,ISL,,LF_WAP,,PT_WAP_SUB,,_Z,,Y,,_T,,Y15T64,,_Z,,Q,,2006-Q4,,87.30836,,,,A,,0,,1,
DATAFLOW,OECD.SDD.TPS:DSD_LFS@DF_IALFS_LF_WAP_Q(1.0),,I,ISL,,LF_WAP,,PT_WAP_SUB,,_Z,,Y,,_T,,Y15T64,,_Z,,Q,,2007-Q1,,87.68858,,,,A,,0,,1,
DATAFLOW,OECD.SDD.TPS:DSD_LFS@DF_IALFS_LF_WAP_Q(1.0),,I,ISL,,LF_WAP,,PT_WAP_SUB,,_Z,,Y,,_T,,Y15T64,,_Z,,Q,,2007-Q2,,87.13433,,,,A,,0,,1,
DATAFLOW,OECD.SDD.TPS:DSD_LFS@DF_IALFS_LF_WAP_Q(1.0),,I,ISL,,LF_WAP,,PT_WAP_SUB,,_Z,,Y,,_T,,Y15T64,,_Z,,Q,,2007-Q3,,86.95827,,,,A,,0,,1,
DATAFLOW,OECD.SDD.TPS:DSD_LFS@DF_IALFS_LF_WAP_Q(1.0),,I,ISL,,LF_WAP,,PT_WAP_SUB,,_Z,,Y,,_T,,Y15T64,,_Z,,Q,,2007-Q4,,86.70724,,,,A,,0,,1,
DATAFLOW,OECD.SDD.TPS:DSD_LFS@DF_IALFS_LF_WAP_Q(1.0),,I,ISL,,LF_WAP,,PT_WAP_SUB,,_Z,,Y,,_T,,Y15T64,,_Z,,Q,,2008-Q1,,86.27736,,,,A,,0,,1,
DATAFLOW,OECD.SDD.TPS:DSD_LFS@DF_IALFS_LF_WAP_Q(1.0),,I,ISL,,LF_WAP,,PT_WAP_SUB,,_Z,,Y,,_T,,Y15T64,,_Z,,Q,,2008-Q2,,86.59979,,,,A,,0,,1,
DATAFLOW,OECD.SDD.TPS:DSD_LFS@DF_IALFS_LF_WAP_Q(1.0),,I,ISL,,LF_WAP,,PT_WAP_SUB,,_Z,,Y,,_T,,Y15T64,,_Z,,Q,,2008-Q3,,85.93685,,,,A,,0,,1,
DATAFLOW,OECD.SDD.TPS:DSD_LFS@DF_IALFS_LF_WAP_Q(1.0),,I,ISL,,LF_WAP,,PT_WAP_SUB,,_Z,,Y,,_T,,Y15T64,,_Z,,Q,,2008-Q4,,85.90316,,,,A,,0,,1,
DATAFLOW,OECD.SDD.TPS:DSD_LFS@DF_IALFS_LF_WAP_Q(1.0),,I,ISL,,LF_WAP,,PT_WAP_SUB,,_Z,,Y,,_T,,Y15T64,,_Z,,Q,,2009-Q1,,84.39569,,,,A,,0,,1,
DATAFLOW,OECD.SDD.TPS:DSD_LFS@DF_IALFS_LF_WAP_Q(1.0),,I,ISL,,LF_WAP,,PT_WAP_SUB,,_Z,,Y,,_T,,Y15T64,,_Z,,Q,,2009-Q2,,84.52323,,,,A,,0,,1,
DATAFLOW,OECD.SDD.TPS:DSD_LFS@DF_IALFS_LF_WAP_Q(1.0),,I,ISL,,LF_WAP,,PT_WAP_SUB,,_Z,,Y,,_T,,Y15T64,,_Z,,Q,,2009-Q3,,84.81023,,,,A,,0,,1,
DATAFLOW,OECD.SDD.TPS:DSD_LFS@DF_IALFS_LF_WAP_Q(1.0),,I,ISL,,LF_WAP,,PT_WAP_SUB,,_Z,,Y,,_T,,Y15T64,,_Z,,Q,,2009-Q4,,84.60427,,,,A,,0,,1,
DATAFLOW,OECD.SDD.TPS:DSD_LFS@DF_IALFS_LF_WAP_Q(1.0),,I,ISL,,LF_WAP,,PT_WAP_SUB,,_Z,,Y,,_T,,Y15T64,,_Z,,Q,,2010-Q1,,84.88415,,,,A,,0,,1,
DATAFLOW,OECD.SDD.TPS:DSD_LFS@DF_IALFS_LF_WAP_Q(1.0),,I,ISL,,LF_WAP,,PT_WAP_SUB,,_Z,,Y,,_T,,Y15T64,,_Z,,Q,,2010-Q2,,84.62336,,,,A,,0,,1,
DATAFLOW,OECD.SDD.TPS:DSD_LFS@DF_IALFS_LF_WAP_Q(1.0),,I,ISL,,LF_WAP,,PT_WAP_SUB,,_Z,,Y,,_T,,Y15T64,,_Z,,Q,,2010-Q3,,83.96977,,,,A,,0,,1,
DATAFLOW,OECD.SDD.TPS:DSD_LFS@DF_IALFS_LF_WAP_Q(1.0),,I,ISL,,LF_WAP,,PT_WAP_SUB,,_Z,,Y,,_T,,Y15T64,,_Z,,Q,,2010-Q4,,85.22298,,,,A,,0,,1,
DATAFLOW,OECD.SDD.TPS:DSD_LFS@DF_IALFS_LF_WAP_Q(1.0),,I,ISL,,LF_WAP,,PT_WAP_SUB,,_Z,,Y,,_T,,Y15T64,,_Z,,Q,,2011-Q1,,84.9055,,,,A,,0,,1,
DATAFLOW,OECD.SDD.TPS:DSD_LFS@DF_IALFS_LF_WAP_Q(1.0),,I,ISL,,LF_WAP,,PT_WAP_SUB,,_Z,,Y,,_T,,Y15T64,,_Z,,Q,,2011-Q2,,84.63277,,,,A,,0,,1,
DATAFLOW,OECD.SDD.TPS:DSD_LFS@DF_IALFS_LF_WAP_Q(1.0),,I,ISL,,LF_WAP,,PT_WAP_SUB,,_Z,,Y,,_T,,Y15T64,,_Z,,Q,,2011-Q3,,83.9845,,,,A,,0,,1,
DATAFLOW,OECD.SDD.TPS:DSD_LFS@DF_IALFS_LF_WAP_Q(1.0),,I,ISL,,LF_WAP,,PT_WAP_SUB,,_Z,,Y,,_T,,Y15T64,,_Z,,Q,,2011-Q4,,84.46791,,,,A,,0,,1,
DATAFLOW,OECD.SDD.TPS:DSD_LFS@DF_IALFS_LF_WAP_Q(1.0),,I,ISL,,LF_WAP,,PT_WAP_SUB,,_Z,,Y,,_T,,Y15T64,,_Z,,Q,,2012-Q1,,84.41164,,,,A,,0,,1,
DATAFLOW,OECD.SDD.TPS:DSD_LFS@DF_IALFS_LF_WAP_Q(1.0),,I,ISL,,LF_WAP,,PT_WAP_SUB,,_Z,,Y,,_T,,Y15T64,,_Z,,Q,,2012-Q2,,84.87816,,,,A,,0,,1,
DATAFLOW,OECD.SDD.TPS:DSD_LFS@DF_IALFS_LF_WAP_Q(1.0),,I,ISL,,LF_WAP,,PT_WAP_SUB,,_Z,,Y,,_T,,Y15T64,,_Z,,Q,,2012-Q3,,85.16879,,,,A,,0,,1,
DATAFLOW,OECD.SDD.TPS:DSD_LFS@DF_IALFS_LF_WAP_Q(1.0),,I,ISL,,LF_WAP,,PT_WAP_SUB,,_Z,,Y,,_T,,Y15T64,,_Z,,Q,,2012-Q4,,85.0133,,,,A,,0,,1,
DATAFLOW,OECD.SDD.TPS:DSD_LFS@DF_IALFS_LF_WAP_Q(1.0),,I,ISL,,LF_WAP,,PT_WAP_SUB,,_Z,,Y,,_T,,Y15T64,,_Z,,Q,,2013-Q1,,84.79221,,,,A,,0,,1,
DATAFLOW,OECD.SDD.TPS:DSD_LFS@DF_IALFS_LF_WAP_Q(1.0),,I,ISL,,LF_WAP,,PT_WAP_SUB,,_Z,,Y,,_T,,Y15T64,,_Z,,Q,,2013-Q2,,85.68294,,,,A,,0,,1,
DATAFLOW,OECD.SDD.TPS:DSD_LFS@DF_IALFS_LF_WAP_Q(1.0),,I,ISL,,LF_WAP,,PT_WAP_SUB,,_Z,,Y,,_T,,Y15T64,,_Z,,Q,,2013-Q3,,86.47562,,,,A,,0,,1,
DATAFLOW,OECD.SDD.TPS:DSD_LFS@DF_IALFS_LF_WAP_Q(1.0),,I,ISL,,LF_WAP,,PT_WAP_SUB,,_Z,,Y,,_T,,Y15T64,,_Z,,Q,,2013-Q4,,86.27316,,,,A,,0,,1,
DATAFLOW,OECD.SDD.TPS:DSD_LFS@DF_IALFS_LF_WAP_Q(1.0),,I,ISL,,LF_WAP,,PT_WAP_SUB,,_Z,,Y,,_T,,Y15T64,,_Z,,Q,,2014-Q1,,86.76037,,,,A,,0,,1,
DATAFLOW,OECD.SDD.TPS:DSD_LFS@DF_IALFS_LF_WAP_Q(1.0),,I,ISL,,LF_WAP,,PT_WAP_SUB,,_Z,,Y,,_T,,Y15T64,,_Z,,Q,,2014-Q2,,87.42746,,,,A,,0,,1,
DATAFLOW,OECD.SDD.TPS:DSD_LFS@DF_IALFS_LF_WAP_Q(1.0),,I,ISL,,LF_WAP,,PT_WAP_SUB,,_Z,,Y,,_T,,Y15T64,,_Z,,Q,,2014-Q3,,87.44178,,,,A,,0,,1,
DATAFLOW,OECD.SDD.TPS:DSD_LFS@DF_IALFS_LF_WAP_Q(1.0),,I,ISL,,LF_WAP,,PT_WAP_SUB,,_Z,,Y,,_T,,Y15T64,,_Z,,Q,,2014-Q4,,87.79165,,,,A,,0,,1,
DATAFLOW,OECD.SDD.TPS:DSD_LFS@DF_IALFS_LF_WAP_Q(1.0),,I,ISL,,LF_WAP,,PT_WAP_SUB,,_Z,,Y,,_T,,Y15T64,,_Z,,Q,,2015-Q1,,88.14555,,,,A,,0,,1,
DATAFLOW,OECD.SDD.TPS:DSD_LFS@DF_IALFS_LF_WAP_Q(1.0),,I,ISL,,LF_WAP,,PT_WAP_SUB,,_Z,,Y,,_T,,Y15T64,,_Z,,Q,,2015-Q2,,88.35983,,,,A,,0,,1,
DATAFLOW,OECD.SDD.TPS:DSD_LFS@DF_IALFS_LF_WAP_Q(1.0),,I,ISL,,LF_WAP,,PT_WAP_SUB,,_Z,,Y,,_T,,Y15T64,,_Z,,Q,,2015-Q3,,88.8611,,,,A,,0,,1,
DATAFLOW,OECD.SDD.TPS:DSD_LFS@DF_IALFS_LF_WAP_Q(1.0),,I,ISL,,LF_WAP,,PT_WAP_SUB,,_Z,,Y,,_T,,Y15T64,,_Z,,Q,,2015-Q4,,88.19212,,,,A,,0,,1,
DATAFLOW,OECD.SDD.TPS:DSD_LFS@DF_IALFS_LF_WAP_Q(1.0),,I,ISL,,LF_WAP,,PT_WAP_SUB,,_Z,,Y,,_T,,Y15T64,,_Z,,Q,,2016-Q1,,89.12871,,,,A,,0,,1,
DATAFLOW,OECD.SDD.TPS:DSD_LFS@DF_IALFS_LF_WAP_Q(1.0),,I,ISL,,LF_WAP,,PT_WAP_SUB,,_Z,,Y,,_T,,Y15T64,,_Z,,Q,,2016-Q2,,88.84647,,,,A,,0,,1,
DATAFLOW,OECD.SDD.TPS:DSD_LFS@DF_IALFS_LF_WAP_Q(1.0),,I,ISL,,LF_WAP,,PT_WAP_SUB,,_Z,,Y,,_T,,Y15T64,,_Z,,Q,,2016-Q3,,89.73344,,,,A,,0,,1,
DATAFLOW,OECD.SDD.TPS:DSD_LFS@DF_IALFS_LF_WAP_Q(1.0),,I,ISL,,LF_WAP,,PT_WAP_SUB,,_Z,,Y,,_T,,Y15T64,,_Z,,Q,,2016-Q4,,89.62557,,,,A,,0,,1,
DATAFLOW,OECD.SDD.TPS:DSD_LFS@DF_IALFS_LF_WAP_Q(1.0),,I,ISL,,LF_WAP,,PT_WAP_SUB,,_Z,,Y,,_T,,Y15T64,,_Z,,Q,,2017-Q1,,89.61503,,,,A,,0,,1,
DATAFLOW,OECD.SDD.TPS:DSD_LFS@DF_IALFS_LF_WAP_Q(1.0),,I,ISL,,LF_WAP,,PT_WAP_SUB,,_Z,,Y,,_T,,Y15T64,,_Z,,Q,,2017-Q2,,89.29263,,,,A,,0,,1,
DATAFLOW,OECD.SDD.TPS:DSD_LFS@DF_IALFS_LF_WAP_Q(1.0),,I,ISL,,LF_WAP,,PT_WAP_SUB,,_Z,,Y,,_T,,Y15T64,,_Z,,Q,,2017-Q3,,87.87948,,,,A,,0,,1,
DATAFLOW,OECD.SDD.TPS:DSD_LFS@DF_IALFS_LF_WAP_Q(1.0),,I,ISL,,LF_WAP,,PT_WAP_SUB,,_Z,,Y,,_T,,Y15T64,,_Z,,Q,,2017-Q4,,87.9529,,,,A,,0,,1,
DATAFLOW,OECD.SDD.TPS:DSD_LFS@DF_IALFS_LF_WAP_Q(1.0),,I,ISL,,LF_WAP,,PT_WAP_SUB,,_Z,,Y,,_T,,Y15T64,,_Z,,Q,,2018-Q1,,87.55137,,,,A,,0,,1,
DATAFLOW,OECD.SDD.TPS:DSD_LFS@DF_IALFS_LF_WAP_Q(1.0),,I,ISL,,LF_WAP,,PT_WAP_SUB,,_Z,,Y,,_T,,Y15T64,,_Z,,Q,,2018-Q2,,86.98797,,,,A,,0,,1,
DATAFLOW,OECD.SDD.TPS:DSD_LFS@DF_IALFS_LF_WAP_Q(1.0),,I,ISL,,LF_WAP,,PT_WAP_SUB,,_Z,,Y,,_T,,Y15T64,,_Z,,Q,,2018-Q3,,87.66934,,,,A,,0,,1,
DATAFLOW,OECD.SDD.TPS:DSD_LFS@DF_IALFS_LF_WAP_Q(1.0),,I,ISL,,LF_WAP,,PT_WAP_SUB,,_Z,,Y,,_T,,Y15T64,,_Z,,Q,,2018-Q4,,87.72131,,,,A,,0,,1,
DATAFLOW,OECD.SDD.TPS:DSD_LFS@DF_IALFS_LF_WAP_Q(1.0),,I,ISL,,LF_WAP,,PT_WAP_SUB,,_Z,,Y,,_T,,Y15T64,,_Z,,Q,,2019-Q1,,87.78976,,,,A,,0,,1,
DATAFLOW,OECD.SDD.TPS:DSD_LFS@DF_IALFS_LF_WAP_Q(1.0),,I,ISL,,LF_WAP,,PT_WAP_SUB,,_Z,,Y,,_T,,Y15T64,,_Z,,Q,,2019-Q2,,87.99059,,,,A,,0,,1,
DATAFLOW,OECD.SDD.TPS:DSD_LFS@DF_IALFS_LF_WAP_Q(1.0),,I,ISL,,LF_WAP,,PT_WAP_SUB,,_Z,,Y,,_T,,Y15T64,,_Z,,Q,,2019-Q3,,86.85869,,,,A,,0,,1,
DATAFLOW,OECD.SDD.TPS:DSD_LFS@DF_IALFS_LF_WAP_Q(1.0),,I,ISL,,LF_WAP,,PT_WAP_SUB,,_Z,,Y,,_T,,Y15T64,,_Z,,Q,,2019-Q4,,86.436,,,,A,,0,,1,
DATAFLOW,OECD.SDD.TPS:DSD_LFS@DF_IALFS_LF_WAP_Q(1.0),,I,ISL,,LF_WAP,,PT_WAP_SUB,,_Z,,Y,,_T,,Y15T64,,_Z,,Q,,2020-Q1,,85.72338,,,,A,,0,,1,
DATAFLOW,OECD.SDD.TPS:DSD_LFS@DF_IALFS_LF_WAP_Q(1.0),,I,ISL,,LF_WAP,,PT_WAP_SUB,,_Z,,Y,,_T,,Y15T64,,_Z,,Q,,2020-Q2,,84.7885,,,,A,,0,,1,
DATAFLOW,OECD.SDD.TPS:DSD_LFS@DF_IALFS_LF_WAP_Q(1.0),,I,ISL,,LF_WAP,,PT_WAP_SUB,,_Z,,Y,,_T,,Y15T64,,_Z,,Q,,2020-Q3,,86.59964,,,,A,,0,,1,
DATAFLOW,OECD.SDD.TPS:DSD_LFS@DF_IALFS_LF_WAP_Q(1.0),,I,ISL,,LF_WAP,,PT_WAP_SUB,,_Z,,Y,,_T,,Y15T64,,_Z,,Q,,2020-Q4,,83.50351,,,,A,,0,,1,
DATAFLOW,OECD.SDD.TPS:DSD_LFS@DF_IALFS_LF_WAP_Q(1.0),,I,ISL,,LF_WAP,,PT_WAP_SUB,,_Z,,Y,,_T,,Y15T64,,_Z,,Q,,2021-Q1,,83.89644,,,,A,,0,,1,
DATAFLOW,OECD.SDD.TPS:DSD_LFS@DF_IALFS_LF_WAP_Q(1.0),,I,ISL,,LF_WAP,,PT_WAP_SUB,,_Z,,Y,,_T,,Y15T64,,_Z,,Q,,2021-Q2,,84.81365,,,,A,,0,,1,
DATAFLOW,OECD.SDD.TPS:DSD_LFS@DF_IALFS_LF_WAP_Q(1.0),,I,ISL,,LF_WAP,,PT_WAP_SUB,,_Z,,Y,,_T,,Y15T64,,_Z,,Q,,2021-Q3,,85.24638,,,,A,,0,,1,
DATAFLOW,OECD.SDD.TPS:DSD_LFS@DF_IALFS_LF_WAP_Q(1.0),,I,ISL,,LF_WAP,,PT_WAP_SUB,,_Z,,Y,,_T,,Y15T64,,_Z,,Q,,2021-Q4,,86.35947,,,,A,,0,,1,
DATAFLOW,OECD.SDD.TPS:DSD_LFS@DF_IALFS_LF_WAP_Q(1.0),,I,ISL,,LF_WAP,,PT_WAP_SUB,,_Z,,Y,,_T,,Y15T64,,_Z,,Q,,2022-Q1,,86.58798,,,,A,,0,,1,
DATAFLOW,OECD.SDD.TPS:DSD_LFS@DF_IALFS_LF_WAP_Q(1.0),,I,ISL,,LF_WAP,,PT_WAP_SUB,,_Z,,Y,,_T,,Y15T64,,_Z,,Q,,2022-Q2,,87.04156,,,,A,,0,,1,
DATAFLOW,OECD.SDD.TPS:DSD_LFS@DF_IALFS_LF_WAP_Q(1.0),,I,ISL,,LF_WAP,,PT_WAP_SUB,,_Z,,Y,,_T,,Y15T64,,_Z,,Q,,2022-Q3,,86.24403,,,,A,,0,,1,
DATAFLOW,OECD.SDD.TPS:DSD_LFS@DF_IALFS_LF_WAP_Q(1.0),,I,ISL,,LF_WAP,,PT_WAP_SUB,,_Z,,Y,,_T,,Y15T64,,_Z,,Q,,2022-Q4,,86.85523,,,,A,,0,,1,
DATAFLOW,OECD.SDD.TPS:DSD_LFS@DF_IALFS_LF_WAP_Q(1.0),,I,ISL,,LF_WAP,,PT_WAP_SUB,,_Z,,Y,,_T,,Y15T64,,_Z,,Q,,2023-Q1,,86.94818,,,,A,,0,,1,
DATAFLOW,OECD.SDD.TPS:DSD_LFS@DF_IALFS_LF_WAP_Q(1.0),,I,ISL,,LF_WAP,,PT_WAP_SUB,,_Z,,Y,,_T,,Y15T64,,_Z,,Q,,2023-Q2,,86.71945,,,,A,,0,,1,
DATAFLOW,OECD.SDD.TPS:DSD_LFS@DF_IALFS_LF_WAP_Q(1.0),,I,ISL,,LF_WAP,,PT_WAP_SUB,,_Z,,Y,,_T,,Y15T64,,_Z,,Q,,2023-Q3,,86.79071,,,,A,,0,,1,
DATAFLOW,OECD.SDD.TPS:DSD_LFS@DF_IALFS_LF_WAP_Q(1.0),,I,ISL,,LF_WAP,,PT_WAP_SUB,,_Z,,Y,,_T,,Y15T64,,_Z,,Q,,2023-Q4,,87.11121,,,,A,,0,,1,
DATAFLOW,OECD.SDD.TPS:DSD_LFS@DF_IALFS_LF_WAP_Q(1.0),,I,ISL,,LF_WAP,,PT_WAP_SUB,,_Z,,Y,,_T,,Y15T64,,_Z,,Q,,2024-Q1,,87.68844,,,,A,,0,,1,
DATAFLOW,OECD.SDD.TPS:DSD_LFS@DF_IALFS_LF_WAP_Q(1.0),,I,ISL,,LF_WAP,,PT_WAP_SUB,,_Z,,Y,,_T,,Y15T64,,_Z,,Q,,2024-Q2,,88.28952,,,,A,,0,,1,
DATAFLOW,OECD.SDD.TPS:DSD_LFS@DF_IALFS_LF_WAP_Q(1.0),,I,ISL,,LF_WAP,,PT_WAP_SUB,,_Z,,Y,,_T,,Y15T64,,_Z,,Q,,2024-Q3,,89.83955,,,,A,,0,,1,
DATAFLOW,OECD.SDD.TPS:DSD_LFS@DF_IALFS_LF_WAP_Q(1.0),,I,ISL,,LF_WAP,,PT_WAP_SUB,,_Z,,Y,,_T,,Y15T64,,_Z,,Q,,2024-Q4,,88.55067,,,,A,,0,,1,
DATAFLOW,OECD.SDD.TPS:DSD_LFS@DF_IALFS_LF_WAP_Q(1.0),,I,ISL,,LF_WAP,,PT_WAP_SUB,,_Z,,Y,,_T,,Y15T64,,_Z,,Q,,2025-Q1,,88.05936,,,,A,,0,,1,
DATAFLOW,OECD.SDD.TPS:DSD_LFS@DF_IALFS_LF_WAP_Q(1.0),,I,ISL,,LF_WAP,,PT_WAP_SUB,,_Z,,Y,,_T,,Y15T64,,_Z,,Q,,2025-Q2,,87.80146,,,,A,,0,,1,
DATAFLOW,OECD.SDD.TPS:DSD_LFS@DF_IALFS_LF_WAP_Q(1.0),,I,ISL,,LF_WAP,,PT_WAP_SUB,,_Z,,Y,,_T,,Y15T64,,_Z,,Q,,2025-Q3,,88.53931,,,,A,,0,,1,
DATAFLOW,OECD.SDD.TPS:DSD_LFS@DF_IALFS_LF_WAP_Q(1.0),,I,ISL,,LF_WAP,,PT_WAP_SUB,,_Z,,Y,,_T,,Y15T64,,_Z,,Q,,2025-Q4,,87.9655,,,,A,,0,,1,
DATAFLOW,OECD.SDD.TPS:DSD_LFS@DF_IALFS_LF_WAP_Q(1.0),,I,FRA,,LF_WAP,,PT_WAP_SUB,,_Z,,Y,,_T,,Y15T64,,_Z,,Q,,2003-Q1,,72.14244,,,,A,,0,,1,
DATAFLOW,OECD.SDD.TPS:DSD_LFS@DF_IALFS_LF_WAP_Q(1.0),,I,FRA,,LF_WAP,,PT_WAP_SUB,,_Z,,Y,,_T,,Y15T64,,_Z,,Q,,2003-Q2,,71.98018,,,,A,,0,,1,
DATAFLOW,OECD.SDD.TPS:DSD_LFS@DF_IALFS_LF_WAP_Q(1.0),,I,FRA,,LF_WAP,,PT_WAP_SUB,,_Z,,Y,,_T,,Y15T64,,_Z,,Q,,2003-Q3,,71.95156,,,,A,,0,,1,
DATAFLOW,OECD.SDD.TPS:DSD_LFS@DF_IALFS_LF_WAP_Q(1.0),,I,FRA,,LF_WAP,,PT_WAP_SUB,,_Z,,Y,,_T,,Y15T64,,_Z,,Q,,2003-Q4,,72.01068,,,,A,,0,,1,
DATAFLOW,OECD.SDD.TPS:DSD_LFS@DF_IALFS_LF_WAP_Q(1.0),,I,FRA,,LF_WAP,,PT_WAP_SUB,,_Z,,Y,,_T,,Y15T64,,_Z,,Q,,2004-Q1,,72.11278,,,,A,,0,,1,
DATAFLOW,OECD.SDD.TPS:DSD_LFS@DF_IALFS_LF_WAP_Q(1.0),,I,FRA,,LF_WAP,,PT_WAP_SUB,,_Z,,Y,,_T,,Y15T64,,_Z,,Q,,2004-Q2,,72.02087,,,,A,,0,,1,
DATAFLOW,OECD.SDD.TPS:DSD_LFS@DF_IALFS_LF_WAP_Q(1.0),,I,FRA,,LF_WAP,,PT_WAP_SUB,,_Z,,Y,,_T,,Y15T64,,_Z,,Q,,2004-Q3,,72.15803,,,,A,,0,,1,
DATAFLOW,OECD.SDD.TPS:DSD_LFS@DF_IALFS_LF_WAP_Q(1.0),,I,FRA,,LF_WAP,,PT_WAP_SUB,,_Z,,Y,,_T,,Y15T64,,_Z,,Q,,2004-Q4,,72.10528,,,,A,,0,,1,
DATAFLOW,OECD.SDD.TPS:DSD_LFS@DF_IALFS_LF_WAP_Q(1.0),,I,FRA,,LF_WAP,,PT_WAP_SUB,,_Z,,Y,,_T,,Y15T64,,_Z,,Q,,2005-Q1,,72.01118,,,,A,,0,,1,
DATAFLOW,OECD.SDD.TPS:DSD_LFS@DF_IALFS_LF_WAP_Q(1.0),,I,FRA,,LF_WAP,,PT_WAP_SUB,,_Z,,Y,,_T,,Y15T64,,_Z,,Q,,2005-Q2,,72.11034,,,,A,,0,,1,
DATAFLOW,OECD.SDD.TPS:DSD_LFS@DF_IALFS_LF_WAP_Q(1.0),,I,FRA,,LF_WAP,,PT_WAP_SUB,,_Z,,Y,,_T,,Y15T64,,_Z,,Q,,2005-Q3,,72.07667,,,,A,,0,,1,
DATAFLOW,OECD.SDD.TPS:DSD_LFS@DF_IALFS_LF_WAP_Q(1.0),,I,FRA,,LF_WAP,,PT_WAP_SUB,,_Z,,Y,,_T,,Y15T64,,_Z,,Q,,2005-Q4,,71.97117,,,,A,,0,,1,
DATAFLOW,OECD.SDD.TPS:DSD_LFS@DF_IALFS_LF_WAP_Q(1.0),,I,FRA,,LF_WAP,,PT_WAP_SUB,,_Z,,Y,,_T,,Y15T64,,_Z,,Q,,2006-Q1,,72.01963,,,,A,,0,,1,
DATAFLOW,OECD.SDD.TPS:DSD_LFS@DF_IALFS_LF_WAP_Q(1.0),,I,FRA,,LF_WAP,,PT_WAP_SUB,,_Z,,Y,,_T,,Y15T64,,_Z,,Q,,2006-Q2,,71.90855,,,,A,,0,,1,
DATAFLOW,OECD.SDD.TPS:DSD_LFS@DF_IALFS_LF_WAP_Q(1.0),,I,FRA,,LF_WAP,,PT_WAP_SUB,,_Z,,Y,,_T,,Y15T64,,_Z,,Q,,2006-Q3,,72.1879,,,,A,,0,,1,
DATAFLOW,OECD.SDD.TPS:DSD_LFS@DF_IALFS_LF_WAP_Q(1.0),,I,FRA,,LF_WAP,,PT_WAP_SUB,,_Z,,Y,,_T,,Y15T64,,_Z,,Q,,2006-Q4,,71.87366,,,,A,,0,,1,
DATAFLOW,OECD.SDD.TPS:DSD_LFS@DF_IALFS_LF_WAP_Q(1.0),,I,FRA,,LF_WAP,,PT_WAP_SUB,,_Z,,Y,,_T,,Y15T64,,_Z,,Q,,2007-Q1,,72.01718,,,,A,,0,,1,
DATAFLOW,OECD.SDD.TPS:DSD_LFS@DF_IALFS_LF_WAP_Q(1.0),,I,FRA,,LF_WAP,,PT_WAP_SUB,,_Z,,Y,,_T,,Y15T64,,_Z,,Q,,2007-Q2,,72.00613,,,,A,,0,,1,
DATAFLOW,OECD.SDD.TPS:DSD_LFS@DF_IALFS_LF_WAP_Q(1.0),,I,FRA,,LF_WAP,,PT_WAP_SUB,,_Z,,Y,,_T,,Y15T64,,_Z,,Q,,2007-Q3,,72.12971,,,,A,,0,,1,
DATAFLOW,OECD.SDD.TPS:DSD_LFS@DF_IALFS_LF_WAP_Q(1.0),,I,FRA,,LF_WAP,,PT_WAP_SUB,,_Z,,Y,,_T,,Y15T64,,_Z,,Q,,2007-Q4,,72.02026,,,,A,,0,,1,
DATAFLOW,OECD.SDD.TPS:DSD_LFS@DF_IALFS_LF_WAP_Q(1.0),,I,FRA,,LF_WAP,,PT_WAP_SUB,,_Z,,Y,,_T,,Y15T64,,_Z,,Q,,2008-Q1,,72.05202,,,,A,,0,,1,
DATAFLOW,OECD.SDD.TPS:DSD_LFS@DF_IALFS_LF_WAP_Q(1.0),,I,FRA,,LF_WAP,,PT_WAP_SUB,,_Z,,Y,,_T,,Y15T64,,_Z,,Q,,2008-Q2,,72.1503,,,,A,,0,,1,
DATAFLOW,OECD.SDD.TPS:DSD_LFS@DF_IALFS_LF_WAP_Q(1.0),,I,FRA,,LF_WAP,,PT_WAP_SUB,,_Z,,Y,,_T,,Y15T64,,_Z,,Q,,2008-Q3,,72.20513,,,,A,,0,,1,
DATAFLOW,OECD.SDD.TPS:DSD_LFS@DF_IALFS_LF_WAP_Q(1.0),,I,FRA,,LF_WAP,,PT_WAP_SUB,,_Z,,Y,,_T,,Y15T64,,_Z,,Q,,2008-Q4,,72.43368,,,,A,,0,,1,
DATAFLOW,OECD.SDD.TPS:DSD_LFS@DF_IALFS_LF_WAP_Q(1.0),,I,FRA,,LF_WAP,,PT_WAP_SUB,,_Z,,Y,,_T,,Y15T64,,_Z,,Q,,2009-Q1,,70.91081,,,,A,,0,,1,
DATAFLOW,OECD.SDD.TPS:DSD_LFS@DF_IALFS_LF_WAP_Q(1.0),,I,FRA,,LF_WAP,,PT_WAP_SUB,,_Z,,Y,,_T,,Y15T64,,_Z,,Q,,2009-Q2,,71.11889,,,,A,,0,,1,
DATAFLOW,OECD.SDD.TPS:DSD_LFS@DF_IALFS_LF_WAP_Q(1.0),,I,FRA,,LF_WAP,,PT_WAP_SUB,,_Z,,Y,,_T,,Y15T64,,_Z,,Q,,2009-Q3,,70.79835,,,,A,,0,,1,
DATAFLOW,OECD.SDD.TPS:DSD_LFS@DF_IALFS_LF_WAP_Q(1.0),,I,FRA,,LF_WAP,,PT_WAP_SUB,,_Z,,Y,,_T,,Y15T64,,_Z,,Q,,2009-Q4,,70.93346,,,,A,,0,,1,
DATAFLOW,OECD.SDD.TPS:DSD_LFS@DF_IALFS_LF_WAP_Q(1.0),,I,FRA,,LF_WAP,,PT_WAP_SUB,,_Z,,Y,,_T,,Y15T64,,_Z,,Q,,2010-Q1,,71.08647,,,,A,,0,,1,
DATAFLOW,OECD.SDD.TPS:DSD_LFS@DF_IALFS_LF_WAP_Q(1.0),,I,FRA,,LF_WAP,,PT_WAP_SUB,,_Z,,Y,,_T,,Y15T64,,_Z,,Q,,2010-Q2,,70.98524,,,,A,,0,,1,
DATAFLOW,OECD.SDD.TPS:DSD_LFS@DF_IALFS_LF_WAP_Q(1.0),,I,FRA,,LF_WAP,,PT_WAP_SUB,,_Z,,Y,,_T,,Y15T64,,_Z,,Q,,2010-Q3,,70.96395,,,,A,,0,,1,
DATAFLOW,OECD.SDD.TPS:DSD_LFS@DF_IALFS_LF_WAP_Q(1.0),,I,FRA,,LF_WAP,,PT_WAP_SUB,,_Z,,Y,,_T,,Y15T64,,_Z,,Q,,2010-Q4,,70.85146,,,,A,,0,,1,
DATAFLOW,OECD.SDD.TPS:DSD_LFS@DF_IALFS_LF_WAP_Q(1.0),,I,FRA,,LF_WAP,,PT_WAP_SUB,,_Z,,Y,,_T,,Y15T64,,_Z,,Q,,2011-Q1,,70.80537,,,,A,,0,,1,
DATAFLOW,OECD.SDD.TPS:DSD_LFS@DF_IALFS_LF_WAP_Q(1.0),,I,FRA,,LF_WAP,,PT_WAP_SUB,,_Z,,Y,,_T,,Y15T64,,_Z,,Q,,2011-Q2,,70.80442,,,,A,,0,,1,
DATAFLOW,OECD.SDD.TPS:DSD_LFS@DF_IALFS_LF_WAP_Q(1.0),,I,FRA,,LF_WAP,,PT_WAP_SUB,,_Z,,Y,,_T,,Y15T64,,_Z,,Q,,2011-Q3,,70.75525,,,,A,,0,,1,
DATAFLOW,OECD.SDD.TPS:DSD_LFS@DF_IALFS_LF_WAP_Q(1.0),,I,FRA,,LF_WAP,,PT_WAP_SUB,,_Z,,Y,,_T,,Y15T64,,_Z,,Q,,2011-Q4,,70.92341,,,,A,,0,,1,
DATAFLOW,OECD.SDD.TPS:DSD_LFS@DF_IALFS_LF_WAP_Q(1.0),,I,FRA,,LF_WAP,,PT_WAP_SUB,,_Z,,Y,,_T,,Y15T64,,_Z,,Q,,2012-Q1,,71.06413,,,,A,,0,,1,
DATAFLOW,OECD.SDD.TPS:DSD_LFS@DF_IALFS_LF_WAP_Q(1.0),,I,FRA,,LF_WAP,,PT_WAP_SUB,,_Z,,Y,,_T,,Y15T64,,_Z,,Q,,2012-Q2,,71.33098,,,,A,,0,,1,
DATAFLOW,OECD.SDD.TPS:DSD_LFS@DF_IALFS_LF_WAP_Q(1.0),,I,FRA,,LF_WAP,,PT_WAP_SUB,,_Z,,Y,,_T,,Y15T64,,_Z,,Q,,2012-Q3,,71.37971,,,,A,,0,,1,
DATAFLOW,OECD.SDD.TPS:DSD_LFS@DF_IALFS_LF_WAP_Q(1.0),,I,FRA,,LF_WAP,,PT_WAP_SUB,,_Z,,Y,,_T,,Y15T64,,_Z,,Q,,2012-Q4,,71.84354,,,,A,,0,,1,
DATAFLOW,OECD.SDD.TPS:DSD_LFS@DF_IALFS_LF_WAP_Q(1.0),,I,FRA,,LF_WAP,,PT_WAP_SUB,,_Z,,Y,,_T,,Y15T64,,_Z,,Q,,2013-Q1,,71.75636,,,,A,,0,,1,
DATAFLOW,OECD.SDD.TPS:DSD_LFS@DF_IALFS_LF_WAP_Q(1.0),,I,FRA,,LF_WAP,,PT_WAP_SUB,,_Z,,Y,,_T,,Y15T64,,_Z,,Q,,2013-Q2,,71.91388,,,,A,,0,,1,
DATAFLOW,OECD.SDD.TPS:DSD_LFS@DF_IALFS_LF_WAP_Q(1.0),,I,FRA,,LF_WAP,,PT_WAP_SUB,,_Z,,Y,,_T,,Y15T64,,_Z,,Q,,2013-Q3,,71.91514,,,,A,,0,,1,
DATAFLOW,OECD.SDD.TPS:DSD_LFS@DF_IALFS_LF_WAP_Q(1.0),,I,FRA,,LF_WAP,,PT_WAP_SUB,,_Z,,Y,,_T,,Y15T64,,_Z,,Q,,2013-Q4,,71.80825,,,,A,,0,,1,
DATAFLOW,OECD.SDD.TPS:DSD_LFS@DF_IALFS_LF_WAP_Q(1.0),,I,FRA,,LF_WAP,,PT_WAP_SUB,,_Z,,Y,,_T,,Y15T64,,_Z,,Q,,2014-Q1,,71.993,,,,A,,0,,1,
DATAFLOW,OECD.SDD.TPS:DSD_LFS@DF_IALFS_LF_WAP_Q(1.0),,I,FRA,,LF_WAP,,PT_WAP_SUB,,_Z,,Y,,_T,,Y15T64,,_Z,,Q,,2014-Q2,,71.91212,,,,A,,0,,1,
DATAFLOW,OECD.SDD.TPS:DSD_LFS@DF_IALFS_LF_WAP_Q(1.0),,I,FRA,,LF_WAP,,PT_WAP_SUB,,_Z,,Y,,_T,,Y15T64,,_Z,,Q,,2014-Q3,,71.85073,,,,A,,0,,1,
DATAFLOW,OECD.SDD.TPS:DSD_LFS@DF_IALFS_LF_WAP_Q(1.0),,I,FRA,,LF_WAP,,PT_WAP_SUB,,_Z,,Y,,_T,,Y15T64,,_Z,,Q,,2014-Q4,,72.0959,,,,A,,0,,1,
DATAFLOW,OECD.SDD.TPS:DSD_LFS@DF_IALFS_LF_WAP_Q(1.0),,I,FRA,,LF_WAP,,PT_WAP_SUB,,_Z,,Y,,_T,,Y15T64,,_Z,,Q,,2015-Q1,,72.10624,,,,A,,0,,1,
DATAFLOW,OECD.SDD.TPS:DSD_LFS@DF_IALFS_LF_WAP_Q(1.0),,I,FRA,,LF_WAP,,PT_WAP_SUB,,_Z,,Y,,_T,,Y15T64,,_Z,,Q,,2015-Q2,,72.19212,,,,A,,0,,1,
DATAFLOW,OECD.SDD.TPS:DSD_LFS@DF_IALFS_LF_WAP_Q(1.0),,I,FRA,,LF_WAP,,PT_WAP_SUB,,_Z,,Y,,_T,,Y15T64,,_Z,,Q,,2015-Q3,,72.31175,,,,A,,0,,1,
DATAFLOW,OECD.SDD.TPS:DSD_LFS@DF_IALFS_LF_WAP_Q(1.0),,I,FRA,,LF_WAP,,PT_WAP_SUB,,_Z,,Y,,_T,,Y15T64,,_Z,,Q,,2015-Q4,,72.24207,,,,A,,0,,1,
DATAFLOW,OECD.SDD.TPS:DSD_LFS@DF_IALFS_LF_WAP_Q(1.0),,I,FRA,,LF_WAP,,PT_WAP_SUB,,_Z,,Y,,_T,,Y15T64,,_Z,,Q,,2016-Q1,,72.46344,,,,A,,0,,1,
DATAFLOW,OECD.SDD.TPS:DSD_LFS@DF_IALFS_LF_WAP_Q(1.0),,I,FRA,,LF_WAP,,PT_WAP_SUB,,_Z,,Y,,_T,,Y15T64,,_Z,,Q,,2016-Q2,,72.26694,,,,A,,0,,1,
DATAFLOW,OECD.SDD.TPS:DSD_LFS@DF_IALFS_LF_WAP_Q(1.0),,I,FRA,,LF_WAP,,PT_WAP_SUB,,_Z,,Y,,_T,,Y15T64,,_Z,,Q,,2016-Q3,,72.28916,,,,A,,0,,1,
DATAFLOW,OECD.SDD.TPS:DSD_LFS@DF_IALFS_LF_WAP_Q(1.0),,I,FRA,,LF_WAP,,PT_WAP_SUB,,_Z,,Y,,_T,,Y15T64,,_Z,,Q,,2016-Q4,,72.32689,,,,A,,0,,1,
DATAFLOW,OECD.SDD.TPS:DSD_LFS@DF_IALFS_LF_WAP_Q(1.0),,I,FRA,,LF_WAP,,PT_WAP_SUB,,_Z,,Y,,_T,,Y15T64,,_Z,,Q,,2017-Q1,,72.0703,,,,A,,0,,1,
DATAFLOW,OECD.SDD.TPS:DSD_LFS@DF_IALFS_LF_WAP_Q(1.0),,I,FRA,,LF_WAP,,PT_WAP_SUB,,_Z,,Y,,_T,,Y15T64,,_Z,,Q,,2017-Q2,,72.54964,,,,A,,0,,1,
DATAFLOW,OECD.SDD.TPS:DSD_LFS@DF_IALFS_LF_WAP_Q(1.0),,I,FRA,,LF_WAP,,PT_WAP_SUB,,_Z,,Y,,_T,,Y15T64,,_Z,,Q,,2017-Q3,,72.46909,,,,A,,0,,1,
DATAFLOW,OECD.SDD.TPS:DSD_LFS@DF_IALFS_LF_WAP_Q(1.0),,I,FRA,,LF_WAP,,PT_WAP_SUB,,_Z,,Y,,_T,,Y15T64,,_Z,,Q,,2017-Q4,,72.61842,,,,A,,0,,1,
DATAFLOW,OECD.SDD.TPS:DSD_LFS@DF_IALFS_LF_WAP_Q(1.0),,I,FRA,,LF_WAP,,PT_WAP_SUB,,_Z,,Y,,_T,,Y15T64,,_Z,,Q,,2018-Q1,,72.76217,,,,A,,0,,1,
DATAFLOW,OECD.SDD.TPS:DSD_LFS@DF_IALFS_LF_WAP_Q(1.0),,I,FRA,,LF_WAP,,PT_WAP_SUB,,_Z,,Y,,_T,,Y15T64,,_Z,,Q,,2018-Q2,,72.68623,,,,A,,0,,1,
DATAFLOW,OECD.SDD.TPS:DSD_LFS@DF_IALFS_LF_WAP_Q(1.0),,I,FRA,,LF_WAP,,PT_WAP_SUB,,_Z,,Y,,_T,,Y15T64,,_Z,,Q,,2018-Q3,,72.80302,,,,A,,0,,1,
DATAFLOW,OECD.SDD.TPS:DSD_LFS@DF_IALFS_LF_WAP_Q(1.0),,I,FRA,,LF_WAP,,PT_WAP_SUB,,_Z,,Y,,_T,,Y15T64,,_Z,,Q,,2018-Q4,,72.80737,,,,A,,0,,1,
DATAFLOW,OECD.SDD.TPS:DSD_LFS@DF_IALFS_LF_WAP_Q(1.0),,I,FRA,,LF_WAP,,PT_WAP_SUB,,_Z,,Y,,_T,,Y15T64,,_Z,,Q,,2019-Q1,,72.69516,,,,A,,0,,1,
DATAFLOW,OECD.SDD.TPS:DSD_LFS@DF_IALFS_LF_WAP_Q(1.0),,I,FRA,,LF_WAP,,PT_WAP_SUB,,_Z,,Y,,_T,,Y15T64,,_Z,,Q,,2019-Q2,,72.52688,,,,A,,0,,1,
DATAFLOW,OECD.SDD.TPS:DSD_LFS@DF_IALFS_LF_WAP_Q(1.0),,I,FRA,,LF_WAP,,PT_WAP_SUB,,_Z,,Y,,_T,,Y15T64,,_Z,,Q,,2019-Q3,,72.20984,,,,A,,0,,1,
DATAFLOW,OECD.SDD.TPS:DSD_LFS@DF_IALFS_LF_WAP_Q(1.0),,I,FRA,,LF_WAP,,PT_WAP_SUB,,_Z,,Y,,_T,,Y15T64,,_Z,,Q,,2019-Q4,,72.8058,,,,A,,0,,1,
DATAFLOW,OECD.SDD.TPS:DSD_LFS@DF_IALFS_LF_WAP_Q(1.0),,I,FRA,,LF_WAP,,PT_WAP_SUB,,_Z,,Y,,_T,,Y15T64,,_Z,,Q,,2020-Q1,,72.57651,,,,A,,0,,1,
DATAFLOW,OECD.SDD.TPS:DSD_LFS@DF_IALFS_LF_WAP_Q(1.0),,I,FRA,,LF_WAP,,PT_WAP_SUB,,_Z,,Y,,_T,,Y15T64,,_Z,,Q,,2020-Q2,,70.34992,,,,A,,0,,1,
DATAFLOW,OECD.SDD.TPS:DSD_LFS@DF_IALFS_LF_WAP_Q(1.0),,I,FRA,,LF_WAP,,PT_WAP_SUB,,_Z,,Y,,_T,,Y15T64,,_Z,,Q,,2020-Q3,,72.41463,,,,A,,0,,1,
DATAFLOW,OECD.SDD.TPS:DSD_LFS@DF_IALFS_LF_WAP_Q(1.0),,I,FRA,,LF_WAP,,PT_WAP_SUB,,_Z,,Y,,_T,,Y15T64,,_Z,,Q,,2020-Q4,,72.46305,,,,A,,0,,1,
DATAFLOW,OECD.SDD.TPS:DSD_LFS@DF_IALFS_LF_WAP_Q(1.0),,I,FRA,,LF_WAP,,PT_WAP_SUB,,_Z,,Y,,_T,,Y15T64,,_Z,,Q,,2021-Q1,,72.48169,,,,A,,0,,1,
DATAFLOW,OECD.SDD.TPS:DSD_LFS@DF_IALFS_LF_WAP_Q(1.0),,I,FRA,,LF_WAP,,PT_WAP_SUB,,_Z,,Y,,_T,,Y15T64,,_Z,,Q,,2021-Q2,,72.826,,,,A,,0,,1,
DATAFLOW,OECD.SDD.TPS:DSD_LFS@DF_IALFS_LF_WAP_Q(1.0),,I,FRA,,LF_WAP,,PT_WAP_SUB,,_Z,,Y,,_T,,Y15T64,,_Z,,Q,,2021-Q3,,73.42725,,,,A,,0,,1,
DATAFLOW,OECD.SDD.TPS:DSD_LFS@DF_IALFS_LF_WAP_Q(1.0),,I,FRA,,LF_WAP,,PT_WAP_SUB,,_Z,,Y,,_T,,Y15T64,,_Z,,Q,,2021-Q4,,73.38677,,,,A,,0,,1,
DATAFLOW,OECD.SDD.TPS:DSD_LFS@DF_IALFS_LF_WAP_Q(1.0),,I,FRA,,LF_WAP,,PT_WAP_SUB,,_Z,,Y,,_T,,Y15T64,,_Z,,Q,,2022-Q1,,73.31366,,,,A,,0,,1,
DATAFLOW,OECD.SDD.TPS:DSD_LFS@DF_IALFS_LF_WAP_Q(1.0),,I,FRA,,LF_WAP,,PT_WAP_SUB,,_Z,,Y,,_T,,Y15T64,,_Z,,Q,,2022-Q2,,73.49708,,,,A,,0,,1,
DATAFLOW,OECD.SDD.TPS:DSD_LFS@DF_IALFS_LF_WAP_Q(1.0),,I,FRA,,LF_WAP,,PT_WAP_SUB,,_Z,,Y,,_T,,Y15T64,,_Z,,Q,,2022-Q3,,73.73203,,,,A,,0,,1,
DATAFLOW,OECD.SDD.TPS:DSD_LFS@DF_IALFS_LF_WAP_Q(1.0),,I,FRA,,LF_WAP,,PT_WAP_SUB,,_Z,,Y,,_T,,Y15T64,,_Z,,Q,,2022-Q4,,73.72175,,,,A,,0,,1,
DATAFLOW,OECD.SDD.TPS:DSD_LFS@DF_IALFS_LF_WAP_Q(1.0),,I,FRA,,LF_WAP,,PT_WAP_SUB,,_Z,,Y,,_T,,Y15T64,,_Z,,Q,,2023-Q1,,73.77142,,,,A,,0,,1,
DATAFLOW,OECD.SDD.TPS:DSD_LFS@DF_IALFS_LF_WAP_Q(1.0),,I,FRA,,LF_WAP,,PT_WAP_SUB,,_Z,,Y,,_T,,Y15T64,,_Z,,Q,,2023-Q2,,73.83713,,,,A,,0,,1,
DATAFLOW,OECD.SDD.TPS:DSD_LFS@DF_IALFS_LF_WAP_Q(1.0),,I,FRA,,LF_WAP,,PT_WAP_SUB,,_Z,,Y,,_T,,Y15T64,,_Z,,Q,,2023-Q3,,73.89925,,,,A,,0,,1,
DATAFLOW,OECD.SDD.TPS:DSD_LFS@DF_IALFS_LF_WAP_Q(1.0),,I,FRA,,LF_WAP,,PT_WAP_SUB,,_Z,,Y,,_T,,Y15T64,,_Z,,Q,,2023-Q4,,74.13792,,,,A,,0,,1,
DATAFLOW,OECD.SDD.TPS:DSD_LFS@DF_IALFS_LF_WAP_Q(1.0),,I,FRA,,LF_WAP,,PT_WAP_SUB,,_Z,,Y,,_T,,Y15T64,,_Z,,Q,,2024-Q1,,74.34184,,,,A,,0,,1,
DATAFLOW,OECD.SDD.TPS:DSD_LFS@DF_IALFS_LF_WAP_Q(1.0),,I,FRA,,LF_WAP,,PT_WAP_SUB,,_Z,,Y,,_T,,Y15T64,,_Z,,Q,,2024-Q2,,74.44592,,,,A,,0,,1,
DATAFLOW,OECD.SDD.TPS:DSD_LFS@DF_IALFS_LF_WAP_Q(1.0),,I,FRA,,LF_WAP,,PT_WAP_SUB,,_Z,,Y,,_T,,Y15T64,,_Z,,Q,,2024-Q3,,74.83405,,,,A,,0,,1,
DATAFLOW,OECD.SDD.TPS:DSD_LFS@DF_IALFS_LF_WAP_Q(1.0),,I,FRA,,LF_WAP,,PT_WAP_SUB,,_Z,,Y,,_T,,Y15T64,,_Z,,Q,,2024-Q4,,74.507,,,,A,,0,,1,
DATAFLOW,OECD.SDD.TPS:DSD_LFS@DF_IALFS_LF_WAP_Q(1.0),,I,FRA,,LF_WAP,,PT_WAP_SUB,,_Z,,Y,,_T,,Y15T64,,_Z,,Q,,2025-Q1,,75.03631,,,,A,,0,,1,
DATAFLOW,OECD.SDD.TPS:DSD_LFS@DF_IALFS_LF_WAP_Q(1.0),,I,FRA,,LF_WAP,,PT_WAP_SUB,,_Z,,Y,,_T,,Y15T64,,_Z,,Q,,2025-Q2,,75.26266,,,,A,,0,,1,
DATAFLOW,OECD.SDD.TPS:DSD_LFS@DF_IALFS_LF_WAP_Q(1.0),,I,FRA,,LF_WAP,,PT_WAP_SUB,,_Z,,Y,,_T,,Y15T64,,_Z,,Q,,2025-Q3,,75.3111,,,,A,,0,,1,
DATAFLOW,OECD.SDD.TPS:DSD_LFS@DF_IALFS_LF_WAP_Q(1.0),,I,FRA,,LF_WAP,,PT_WAP_SUB,,_Z,,Y,,_T,,Y15T64,,_Z,,Q,,2025-Q4,,75.38343,,,,A,,0,,1,
DATAFLOW,OECD.SDD.TPS:DSD_LFS@DF_IALFS_LF_WAP_Q(1.0),,I,FRA,,LF_WAP,,PT_WAP_SUB,,_Z,,Y,,_T,,Y15T64,,_Z,,Q,,2026-Q1,,75.59344,,,,A,,0,,1,
DATAFLOW,OECD.SDD.TPS:DSD_LFS@DF_IALFS_LF_WAP_Q(1.0),,I,LVA,,LF_WAP,,PT_WAP_SUB,,_Z,,Y,,_T,,Y15T64,,_Z,,Q,,2002-Q1,,67.06207,,,,A,,0,,1,
DATAFLOW,OECD.SDD.TPS:DSD_LFS@DF_IALFS_LF_WAP_Q(1.0),,I,LVA,,LF_WAP,,PT_WAP_SUB,,_Z,,Y,,_T,,Y15T64,,_Z,,Q,,2002-Q2,,69.49731,,,,A,,0,,1,
DATAFLOW,OECD.SDD.TPS:DSD_LFS@DF_IALFS_LF_WAP_Q(1.0),,I,LVA,,LF_WAP,,PT_WAP_SUB,,_Z,,Y,,_T,,Y15T64,,_Z,,Q,,2002-Q3,,68.20805,,,,A,,0,,1,
DATAFLOW,OECD.SDD.TPS:DSD_LFS@DF_IALFS_LF_WAP_Q(1.0),,I,LVA,,LF_WAP,,PT_WAP_SUB,,_Z,,Y,,_T,,Y15T64,,_Z,,Q,,2002-Q4,,69.48444,,,,A,,0,,1,
DATAFLOW,OECD.SDD.TPS:DSD_LFS@DF_IALFS_LF_WAP_Q(1.0),,I,LVA,,LF_WAP,,PT_WAP_SUB,,_Z,,Y,,_T,,Y15T64,,_Z,,Q,,2003-Q1,,68.70387,,,,A,,0,,1,
DATAFLOW,OECD.SDD.TPS:DSD_LFS@DF_IALFS_LF_WAP_Q(1.0),,I,LVA,,LF_WAP,,PT_WAP_SUB,,_Z,,Y,,_T,,Y15T64,,_Z,,Q,,2003-Q2,,68.92095,,,,A,,0,,1,
DATAFLOW,OECD.SDD.TPS:DSD_LFS@DF_IALFS_LF_WAP_Q(1.0),,I,LVA,,LF_WAP,,PT_WAP_SUB,,_Z,,Y,,_T,,Y15T64,,_Z,,Q,,2003-Q3,,69.89563,,,,A,,0,,1,
DATAFLOW,OECD.SDD.TPS:DSD_LFS@DF_IALFS_LF_WAP_Q(1.0),,I,LVA,,LF_WAP,,PT_WAP_SUB,,_Z,,Y,,_T,,Y15T64,,_Z,,Q,,2003-Q4,,68.08981,,,,A,,0,,1,
DATAFLOW,OECD.SDD.TPS:DSD_LFS@DF_IALFS_LF_WAP_Q(1.0),,I,LVA,,LF_WAP,,PT_WAP_SUB,,_Z,,Y,,_T,,Y15T64,,_Z,,Q,,2004-Q1,,69.47029,,,,A,,0,,1,
DATAFLOW,OECD.SDD.TPS:DSD_LFS@DF_IALFS_LF_WAP_Q(1.0),,I,LVA,,LF_WAP,,PT_WAP_SUB,,_Z,,Y,,_T,,Y15T64,,_Z,,Q,,2004-Q2,,68.87264,,,,A,,0,,1,
DATAFLOW,OECD.SDD.TPS:DSD_LFS@DF_IALFS_LF_WAP_Q(1.0),,I,LVA,,LF_WAP,,PT_WAP_SUB,,_Z,,Y,,_T,,Y15T64,,_Z,,Q,,2004-Q3,,69.34326,,,,A,,0,,1,
DATAFLOW,OECD.SDD.TPS:DSD_LFS@DF_IALFS_LF_WAP_Q(1.0),,I,LVA,,LF_WAP,,PT_WAP_SUB,,_Z,,Y,,_T,,Y15T64,,_Z,,Q,,2004-Q4,,69.53309,,,,A,,0,,1,
DATAFLOW,OECD.SDD.TPS:DSD_LFS@DF_IALFS_LF_WAP_Q(1.0),,I,LVA,,LF_WAP,,PT_WAP_SUB,,_Z,,Y,,_T,,Y15T64,,_Z,,Q,,2005-Q1,,69.06313,,,,A,,0,,1,
DATAFLOW,OECD.SDD.TPS:DSD_LFS@DF_IALFS_LF_WAP_Q(1.0),,I,LVA,,LF_WAP,,PT_WAP_SUB,,_Z,,Y,,_T,,Y15T64,,_Z,,Q,,2005-Q2,,69.38251,,,,A,,0,,1,
DATAFLOW,OECD.SDD.TPS:DSD_LFS@DF_IALFS_LF_WAP_Q(1.0),,I,LVA,,LF_WAP,,PT_WAP_SUB,,_Z,,Y,,_T,,Y15T64,,_Z,,Q,,2005-Q3,,68.74149,,,,A,,0,,1,
DATAFLOW,OECD.SDD.TPS:DSD_LFS@DF_IALFS_LF_WAP_Q(1.0),,I,LVA,,LF_WAP,,PT_WAP_SUB,,_Z,,Y,,_T,,Y15T64,,_Z,,Q,,2005-Q4,,69.39454,,,,A,,0,,1,
DATAFLOW,OECD.SDD.TPS:DSD_LFS@DF_IALFS_LF_WAP_Q(1.0),,I,LVA,,LF_WAP,,PT_WAP_SUB,,_Z,,Y,,_T,,Y15T64,,_Z,,Q,,2006-Q1,,69.9083,,,,A,,0,,1,
DATAFLOW,OECD.SDD.TPS:DSD_LFS@DF_IALFS_LF_WAP_Q(1.0),,I,LVA,,LF_WAP,,PT_WAP_SUB,,_Z,,Y,,_T,,Y15T64,,_Z,,Q,,2006-Q2,,70.95905,,,,A,,0,,1,
DATAFLOW,OECD.SDD.TPS:DSD_LFS@DF_IALFS_LF_WAP_Q(1.0),,I,LVA,,LF_WAP,,PT_WAP_SUB,,_Z,,Y,,_T,,Y15T64,,_Z,,Q,,2006-Q3,,71.71272,,,,A,,0,,1,
DATAFLOW,OECD.SDD.TPS:DSD_LFS@DF_IALFS_LF_WAP_Q(1.0),,I,LVA,,LF_WAP,,PT_WAP_SUB,,_Z,,Y,,_T,,Y15T64,,_Z,,Q,,2006-Q4,,71.49773,,,,A,,0,,1,
DATAFLOW,OECD.SDD.TPS:DSD_LFS@DF_IALFS_LF_WAP_Q(1.0),,I,LVA,,LF_WAP,,PT_WAP_SUB,,_Z,,Y,,_T,,Y15T64,,_Z,,Q,,2007-Q1,,71.35149,,,,A,,0,,1,
DATAFLOW,OECD.SDD.TPS:DSD_LFS@DF_IALFS_LF_WAP_Q(1.0),,I,LVA,,LF_WAP,,PT_WAP_SUB,,_Z,,Y,,_T,,Y15T64,,_Z,,Q,,2007-Q2,,72.22421,,,,A,,0,,1,
DATAFLOW,OECD.SDD.TPS:DSD_LFS@DF_IALFS_LF_WAP_Q(1.0),,I,LVA,,LF_WAP,,PT_WAP_SUB,,_Z,,Y,,_T,,Y15T64,,_Z,,Q,,2007-Q3,,73.13206,,,,A,,0,,1,
DATAFLOW,OECD.SDD.TPS:DSD_LFS@DF_IALFS_LF_WAP_Q(1.0),,I,LVA,,LF_WAP,,PT_WAP_SUB,,_Z,,Y,,_T,,Y15T64,,_Z,,Q,,2007-Q4,,73.79643,,,,A,,0,,1,
DATAFLOW,OECD.SDD.TPS:DSD_LFS@DF_IALFS_LF_WAP_Q(1.0),,I,LVA,,LF_WAP,,PT_WAP_SUB,,_Z,,Y,,_T,,Y15T64,,_Z,,Q,,2008-Q1,,74.19543,,,,A,,0,,1,
DATAFLOW,OECD.SDD.TPS:DSD_LFS@DF_IALFS_LF_WAP_Q(1.0),,I,LVA,,LF_WAP,,PT_WAP_SUB,,_Z,,Y,,_T,,Y15T64,,_Z,,Q,,2008-Q2,,74.34914,,,,A,,0,,1,
DATAFLOW,OECD.SDD.TPS:DSD_LFS@DF_IALFS_LF_WAP_Q(1.0),,I,LVA,,LF_WAP,,PT_WAP_SUB,,_Z,,Y,,_T,,Y15T64,,_Z,,Q,,2008-Q3,,74.09592,,,,A,,0,,1,
DATAFLOW,OECD.SDD.TPS:DSD_LFS@DF_IALFS_LF_WAP_Q(1.0),,I,LVA,,LF_WAP,,PT_WAP_SUB,,_Z,,Y,,_T,,Y15T64,,_Z,,Q,,2009-Q1,,74.33118,,,,A,,0,,1,
DATAFLOW,OECD.SDD.TPS:DSD_LFS@DF_IALFS_LF_WAP_Q(1.0),,I,LVA,,LF_WAP,,PT_WAP_SUB,,_Z,,Y,,_T,,Y15T64,,_Z,,Q,,2009-Q2,,73.42133,,,,A,,0,,1,
DATAFLOW,OECD.SDD.TPS:DSD_LFS@DF_IALFS_LF_WAP_Q(1.0),,I,LVA,,LF_WAP,,PT_WAP_SUB,,_Z,,Y,,_T,,Y15T64,,_Z,,Q,,2009-Q3,,72.7151,,,,A,,0,,1,
DATAFLOW,OECD.SDD.TPS:DSD_LFS@DF_IALFS_LF_WAP_Q(1.0),,I,LVA,,LF_WAP,,PT_WAP_SUB,,_Z,,Y,,_T,,Y15T64,,_Z,,Q,,2009-Q4,,72.76762,,,,A,,0,,1,
DATAFLOW,OECD.SDD.TPS:DSD_LFS@DF_IALFS_LF_WAP_Q(1.0),,I,LVA,,LF_WAP,,PT_WAP_SUB,,_Z,,Y,,_T,,Y15T64,,_Z,,Q,,2010-Q1,,72.4911,,,,A,,0,,1,
DATAFLOW,OECD.SDD.TPS:DSD_LFS@DF_IALFS_LF_WAP_Q(1.0),,I,LVA,,LF_WAP,,PT_WAP_SUB,,_Z,,Y,,_T,,Y15T64,,_Z,,Q,,2010-Q2,,72.55447,,,,A,,0,,1,
DATAFLOW,OECD.SDD.TPS:DSD_LFS@DF_IALFS_LF_WAP_Q(1.0),,I,LVA,,LF_WAP,,PT_WAP_SUB,,_Z,,Y,,_T,,Y15T64,,_Z,,Q,,2010-Q3,,73.24952,,,,A,,0,,1,
DATAFLOW,OECD.SDD.TPS:DSD_LFS@DF_IALFS_LF_WAP_Q(1.0),,I,LVA,,LF_WAP,,PT_WAP_SUB,,_Z,,Y,,_T,,Y15T64,,_Z,,Q,,2010-Q4,,72.64143,,,,A,,0,,1,
DATAFLOW,OECD.SDD.TPS:DSD_LFS@DF_IALFS_LF_WAP_Q(1.0),,I,LVA,,LF_WAP,,PT_WAP_SUB,,_Z,,Y,,_T,,Y15T64,,_Z,,Q,,2011-Q1,,71.96219,,,,A,,0,,1,
DATAFLOW,OECD.SDD.TPS:DSD_LFS@DF_IALFS_LF_WAP_Q(1.0),,I,LVA,,LF_WAP,,PT_WAP_SUB,,_Z,,Y,,_T,,Y15T64,,_Z,,Q,,2011-Q2,,72.93307,,,,A,,0,,1,
DATAFLOW,OECD.SDD.TPS:DSD_LFS@DF_IALFS_LF_WAP_Q(1.0),,I,LVA,,LF_WAP,,PT_WAP_SUB,,_Z,,Y,,_T,,Y15T64,,_Z,,Q,,2011-Q3,,72.60805,,,,A,,0,,1,
DATAFLOW,OECD.SDD.TPS:DSD_LFS@DF_IALFS_LF_WAP_Q(1.0),,I,LVA,,LF_WAP,,PT_WAP_SUB,,_Z,,Y,,_T,,Y15T64,,_Z,,Q,,2011-Q4,,73.21516,,,,A,,0,,1,
DATAFLOW,OECD.SDD.TPS:DSD_LFS@DF_IALFS_LF_WAP_Q(1.0),,I,LVA,,LF_WAP,,PT_WAP_SUB,,_Z,,Y,,_T,,Y15T64,,_Z,,Q,,2012-Q1,,73.20525,,,,A,,0,,1,
DATAFLOW,OECD.SDD.TPS:DSD_LFS@DF_IALFS_LF_WAP_Q(1.0),,I,LVA,,LF_WAP,,PT_WAP_SUB,,_Z,,Y,,_T,,Y15T64,,_Z,,Q,,2012-Q2,,74.42249,,,,A,,0,,1,
DATAFLOW,OECD.SDD.TPS:DSD_LFS@DF_IALFS_LF_WAP_Q(1.0),,I,LVA,,LF_WAP,,PT_WAP_SUB,,_Z,,Y,,_T,,Y15T64,,_Z,,Q,,2012-Q3,,74.57879,,,,A,,0,,1,
DATAFLOW,OECD.SDD.TPS:DSD_LFS@DF_IALFS_LF_WAP_Q(1.0),,I,LVA,,LF_WAP,,PT_WAP_SUB,,_Z,,Y,,_T,,Y15T64,,_Z,,Q,,2012-Q4,,74.88868,,,,A,,0,,1,
DATAFLOW,OECD.SDD.TPS:DSD_LFS@DF_IALFS_LF_WAP_Q(1.0),,I,LVA,,LF_WAP,,PT_WAP_SUB,,_Z,,Y,,_T,,Y15T64,,_Z,,Q,,2013-Q1,,73.91888,,,,A,,0,,1,
DATAFLOW,OECD.SDD.TPS:DSD_LFS@DF_IALFS_LF_WAP_Q(1.0),,I,LVA,,LF_WAP,,PT_WAP_SUB,,_Z,,Y,,_T,,Y15T64,,_Z,,Q,,2013-Q2,,72.98149,,,,A,,0,,1,
DATAFLOW,OECD.SDD.TPS:DSD_LFS@DF_IALFS_LF_WAP_Q(1.0),,I,LVA,,LF_WAP,,PT_WAP_SUB,,_Z,,Y,,_T,,Y15T64,,_Z,,Q,,2013-Q3,,74.52951,,,,A,,0,,1,
DATAFLOW,OECD.SDD.TPS:DSD_LFS@DF_IALFS_LF_WAP_Q(1.0),,I,LVA,,LF_WAP,,PT_WAP_SUB,,_Z,,Y,,_T,,Y15T64,,_Z,,Q,,2013-Q4,,73.87801,,,,A,,0,,1,
DATAFLOW,OECD.SDD.TPS:DSD_LFS@DF_IALFS_LF_WAP_Q(1.0),,I,LVA,,LF_WAP,,PT_WAP_SUB,,_Z,,Y,,_T,,Y15T64,,_Z,,Q,,2014-Q1,,74.76949,,,,A,,0,,1,
DATAFLOW,OECD.SDD.TPS:DSD_LFS@DF_IALFS_LF_WAP_Q(1.0),,I,LVA,,LF_WAP,,PT_WAP_SUB,,_Z,,Y,,_T,,Y15T64,,_Z,,Q,,2014-Q2,,74.25693,,,,A,,0,,1,
DATAFLOW,OECD.SDD.TPS:DSD_LFS@DF_IALFS_LF_WAP_Q(1.0),,I,LVA,,LF_WAP,,PT_WAP_SUB,,_Z,,Y,,_T,,Y15T64,,_Z,,Q,,2014-Q3,,74.21803,,,,A,,0,,1,
DATAFLOW,OECD.SDD.TPS:DSD_LFS@DF_IALFS_LF_WAP_Q(1.0),,I,LVA,,LF_WAP,,PT_WAP_SUB,,_Z,,Y,,_T,,Y15T64,,_Z,,Q,,2014-Q4,,74.36663,,,,A,,0,,1,
DATAFLOW,OECD.SDD.TPS:DSD_LFS@DF_IALFS_LF_WAP_Q(1.0),,I,LVA,,LF_WAP,,PT_WAP_SUB,,_Z,,Y,,_T,,Y15T64,,_Z,,Q,,2015-Q1,,74.74603,,,,A,,0,,1,
DATAFLOW,OECD.SDD.TPS:DSD_LFS@DF_IALFS_LF_WAP_Q(1.0),,I,LVA,,LF_WAP,,PT_WAP_SUB,,_Z,,Y,,_T,,Y15T64,,_Z,,Q,,2015-Q2,,75.539,,,,A,,0,,1,
DATAFLOW,OECD.SDD.TPS:DSD_LFS@DF_IALFS_LF_WAP_Q(1.0),,I,LVA,,LF_WAP,,PT_WAP_SUB,,_Z,,Y,,_T,,Y15T64,,_Z,,Q,,2015-Q3,,75.9696,,,,A,,0,,1,
DATAFLOW,OECD.SDD.TPS:DSD_LFS@DF_IALFS_LF_WAP_Q(1.0),,I,LVA,,LF_WAP,,PT_WAP_SUB,,_Z,,Y,,_T,,Y15T64,,_Z,,Q,,2015-Q4,,76.45322,,,,A,,0,,1,
DATAFLOW,OECD.SDD.TPS:DSD_LFS@DF_IALFS_LF_WAP_Q(1.0),,I,LVA,,LF_WAP,,PT_WAP_SUB,,_Z,,Y,,_T,,Y15T64,,_Z,,Q,,2016-Q1,,76.30249,,,,A,,0,,1,
DATAFLOW,OECD.SDD.TPS:DSD_LFS@DF_IALFS_LF_WAP_Q(1.0),,I,LVA,,LF_WAP,,PT_WAP_SUB,,_Z,,Y,,_T,,Y15T64,,_Z,,Q,,2016-Q2,,76.12852,,,,A,,0,,1,
DATAFLOW,OECD.SDD.TPS:DSD_LFS@DF_IALFS_LF_WAP_Q(1.0),,I,LVA,,LF_WAP,,PT_WAP_SUB,,_Z,,Y,,_T,,Y15T64,,_Z,,Q,,2016-Q3,,76.13948,,,,A,,0,,1,
DATAFLOW,OECD.SDD.TPS:DSD_LFS@DF_IALFS_LF_WAP_Q(1.0),,I,LVA,,LF_WAP,,PT_WAP_SUB,,_Z,,Y,,_T,,Y15T64,,_Z,,Q,,2016-Q4,,76.10953,,,,A,,0,,1,
DATAFLOW,OECD.SDD.TPS:DSD_LFS@DF_IALFS_LF_WAP_Q(1.0),,I,LVA,,LF_WAP,,PT_WAP_SUB,,_Z,,Y,,_T,,Y15T64,,_Z,,Q,,2017-Q1,,76.14211,,,,A,,0,,1,
DATAFLOW,OECD.SDD.TPS:DSD_LFS@DF_IALFS_LF_WAP_Q(1.0),,I,LVA,,LF_WAP,,PT_WAP_SUB,,_Z,,Y,,_T,,Y15T64,,_Z,,Q,,2017-Q2,,76.56117,,,,A,,0,,1,
DATAFLOW,OECD.SDD.TPS:DSD_LFS@DF_IALFS_LF_WAP_Q(1.0),,I,LVA,,LF_WAP,,PT_WAP_SUB,,_Z,,Y,,_T,,Y15T64,,_Z,,Q,,2017-Q3,,77.31551,,,,A,,0,,1,
DATAFLOW,OECD.SDD.TPS:DSD_LFS@DF_IALFS_LF_WAP_Q(1.0),,I,LVA,,LF_WAP,,PT_WAP_SUB,,_Z,,Y,,_T,,Y15T64,,_Z,,Q,,2017-Q4,,77.52254,,,,A,,0,,1,
DATAFLOW,OECD.SDD.TPS:DSD_LFS@DF_IALFS_LF_WAP_Q(1.0),,I,LVA,,LF_WAP,,PT_WAP_SUB,,_Z,,Y,,_T,,Y15T64,,_Z,,Q,,2018-Q1,,77.4276,,,,A,,0,,1,
DATAFLOW,OECD.SDD.TPS:DSD_LFS@DF_IALFS_LF_WAP_Q(1.0),,I,LVA,,LF_WAP,,PT_WAP_SUB,,_Z,,Y,,_T,,Y15T64,,_Z,,Q,,2018-Q2,,77.77956,,,,A,,0,,1,
DATAFLOW,OECD.SDD.TPS:DSD_LFS@DF_IALFS_LF_WAP_Q(1.0),,I,LVA,,LF_WAP,,PT_WAP_SUB,,_Z,,Y,,_T,,Y15T64,,_Z,,Q,,2018-Q3,,78.08053,,,,A,,0,,1,
DATAFLOW,OECD.SDD.TPS:DSD_LFS@DF_IALFS_LF_WAP_Q(1.0),,I,LVA,,LF_WAP,,PT_WAP_SUB,,_Z,,Y,,_T,,Y15T64,,_Z,,Q,,2018-Q4,,77.30122,,,,A,,0,,1,
DATAFLOW,OECD.SDD.TPS:DSD_LFS@DF_IALFS_LF_WAP_Q(1.0),,I,LVA,,LF_WAP,,PT_WAP_SUB,,_Z,,Y,,_T,,Y15T64,,_Z,,Q,,2019-Q1,,77.04088,,,,A,,0,,1,
DATAFLOW,OECD.SDD.TPS:DSD_LFS@DF_IALFS_LF_WAP_Q(1.0),,I,LVA,,LF_WAP,,PT_WAP_SUB,,_Z,,Y,,_T,,Y15T64,,_Z,,Q,,2019-Q2,,76.88676,,,,A,,0,,1,
DATAFLOW,OECD.SDD.TPS:DSD_LFS@DF_IALFS_LF_WAP_Q(1.0),,I,LVA,,LF_WAP,,PT_WAP_SUB,,_Z,,Y,,_T,,Y15T64,,_Z,,Q,,2019-Q3,,77.68413,,,,A,,0,,1,
DATAFLOW,OECD.SDD.TPS:DSD_LFS@DF_IALFS_LF_WAP_Q(1.0),,I,LVA,,LF_WAP,,PT_WAP_SUB,,_Z,,Y,,_T,,Y15T64,,_Z,,Q,,2019-Q4,,77.52133,,,,A,,0,,1,
DATAFLOW,OECD.SDD.TPS:DSD_LFS@DF_IALFS_LF_WAP_Q(1.0),,I,LVA,,LF_WAP,,PT_WAP_SUB,,_Z,,Y,,_T,,Y15T64,,_Z,,Q,,2020-Q1,,77.96801,,,,A,,0,,1,
DATAFLOW,OECD.SDD.TPS:DSD_LFS@DF_IALFS_LF_WAP_Q(1.0),,I,LVA,,LF_WAP,,PT_WAP_SUB,,_Z,,Y,,_T,,Y15T64,,_Z,,Q,,2020-Q2,,78.31928,,,,A,,0,,1,
DATAFLOW,OECD.SDD.TPS:DSD_LFS@DF_IALFS_LF_WAP_Q(1.0),,I,LVA,,LF_WAP,,PT_WAP_SUB,,_Z,,Y,,_T,,Y15T64,,_Z,,Q,,2020-Q3,,78.09195,,,,A,,0,,1,
DATAFLOW,OECD.SDD.TPS:DSD_LFS@DF_IALFS_LF_WAP_Q(1.0),,I,LVA,,LF_WAP,,PT_WAP_SUB,,_Z,,Y,,_T,,Y15T64,,_Z,,Q,,2020-Q4,,77.923,,,,A,,0,,1,
DATAFLOW,OECD.SDD.TPS:DSD_LFS@DF_IALFS_LF_WAP_Q(1.0),,I,LVA,,LF_WAP,,PT_WAP_SUB,,_Z,,Y,,_T,,Y15T64,,_Z,,Q,,2021-Q1,,75.18777,,,,A,,0,,1,
DATAFLOW,OECD.SDD.TPS:DSD_LFS@DF_IALFS_LF_WAP_Q(1.0),,I,LVA,,LF_WAP,,PT_WAP_SUB,,_Z,,Y,,_T,,Y15T64,,_Z,,Q,,2021-Q2,,75.673,,,,A,,0,,1,
DATAFLOW,OECD.SDD.TPS:DSD_LFS@DF_IALFS_LF_WAP_Q(1.0),,I,LVA,,LF_WAP,,PT_WAP_SUB,,_Z,,Y,,_T,,Y15T64,,_Z,,Q,,2021-Q3,,76.48803,,,,A,,0,,1,
DATAFLOW,OECD.SDD.TPS:DSD_LFS@DF_IALFS_LF_WAP_Q(1.0),,I,LVA,,LF_WAP,,PT_WAP_SUB,,_Z,,Y,,_T,,Y15T64,,_Z,,Q,,2021-Q4,,76.00175,,,,A,,0,,1,
DATAFLOW,OECD.SDD.TPS:DSD_LFS@DF_IALFS_LF_WAP_Q(1.0),,I,LVA,,LF_WAP,,PT_WAP_SUB,,_Z,,Y,,_T,,Y15T64,,_Z,,Q,,2022-Q1,,76.41323,,,,A,,0,,1,
DATAFLOW,OECD.SDD.TPS:DSD_LFS@DF_IALFS_LF_WAP_Q(1.0),,I,LVA,,LF_WAP,,PT_WAP_SUB,,_Z,,Y,,_T,,Y15T64,,_Z,,Q,,2022-Q2,,76.69801,,,,A,,0,,1,
DATAFLOW,OECD.SDD.TPS:DSD_LFS@DF_IALFS_LF_WAP_Q(1.0),,I,LVA,,LF_WAP,,PT_WAP_SUB,,_Z,,Y,,_T,,Y15T64,,_Z,,Q,,2022-Q3,,77.20254,,,,A,,0,,1,
DATAFLOW,OECD.SDD.TPS:DSD_LFS@DF_IALFS_LF_WAP_Q(1.0),,I,LVA,,LF_WAP,,PT_WAP_SUB,,_Z,,Y,,_T,,Y15T64,,_Z,,Q,,2022-Q4,,76.7215,,,,A,,0,,1,
DATAFLOW,OECD.SDD.TPS:DSD_LFS@DF_IALFS_LF_WAP_Q(1.0),,I,LVA,,LF_WAP,,PT_WAP_SUB,,_Z,,Y,,_T,,Y15T64,,_Z,,Q,,2023-Q1,,76.09789,,,,A,,0,,1,
DATAFLOW,OECD.SDD.TPS:DSD_LFS@DF_IALFS_LF_WAP_Q(1.0),,I,LVA,,LF_WAP,,PT_WAP_SUB,,_Z,,Y,,_T,,Y15T64,,_Z,,Q,,2023-Q2,,76.81022,,,,A,,0,,1,
DATAFLOW,OECD.SDD.TPS:DSD_LFS@DF_IALFS_LF_WAP_Q(1.0),,I,LVA,,LF_WAP,,PT_WAP_SUB,,_Z,,Y,,_T,,Y15T64,,_Z,,Q,,2023-Q3,,76.93684,,,,A,,0,,1,
DATAFLOW,OECD.SDD.TPS:DSD_LFS@DF_IALFS_LF_WAP_Q(1.0),,I,LVA,,LF_WAP,,PT_WAP_SUB,,_Z,,Y,,_T,,Y15T64,,_Z,,Q,,2023-Q4,,76.72215,,,,A,,0,,1,
DATAFLOW,OECD.SDD.TPS:DSD_LFS@DF_IALFS_LF_WAP_Q(1.0),,I,LVA,,LF_WAP,,PT_WAP_SUB,,_Z,,Y,,_T,,Y15T64,,_Z,,Q,,2024-Q1,,77.12896,,,,A,,0,,1,
DATAFLOW,OECD.SDD.TPS:DSD_LFS@DF_IALFS_LF_WAP_Q(1.0),,I,LVA,,LF_WAP,,PT_WAP_SUB,,_Z,,Y,,_T,,Y15T64,,_Z,,Q,,2024-Q2,,77.0791,,,,A,,0,,1,
DATAFLOW,OECD.SDD.TPS:DSD_LFS@DF_IALFS_LF_WAP_Q(1.0),,I,LVA,,LF_WAP,,PT_WAP_SUB,,_Z,,Y,,_T,,Y15T64,,_Z,,Q,,2024-Q3,,76.74587,,,,A,,0,,1,
DATAFLOW,OECD.SDD.TPS:DSD_LFS@DF_IALFS_LF_WAP_Q(1.0),,I,LVA,,LF_WAP,,PT_WAP_SUB,,_Z,,Y,,_T,,Y15T64,,_Z,,Q,,2024-Q4,,76.03188,,,,A,,0,,1,
DATAFLOW,OECD.SDD.TPS:DSD_LFS@DF_IALFS_LF_WAP_Q(1.0),,I,LVA,,LF_WAP,,PT_WAP_SUB,,_Z,,Y,,_T,,Y15T64,,_Z,,Q,,2025-Q1,,76.5749,,,,A,,0,,1,
DATAFLOW,OECD.SDD.TPS:DSD_LFS@DF_IALFS_LF_WAP_Q(1.0),,I,LVA,,LF_WAP,,PT_WAP_SUB,,_Z,,Y,,_T,,Y15T64,,_Z,,Q,,2025-Q2,,77.89178,,,,A,,0,,1,
DATAFLOW,OECD.SDD.TPS:DSD_LFS@DF_IALFS_LF_WAP_Q(1.0),,I,LVA,,LF_WAP,,PT_WAP_SUB,,_Z,,Y,,_T,,Y15T64,,_Z,,Q,,2025-Q3,,78.14474,,,,A,,0,,1,
DATAFLOW,OECD.SDD.TPS:DSD_LFS@DF_IALFS_LF_WAP_Q(1.0),,I,LVA,,LF_WAP,,PT_WAP_SUB,,_Z,,Y,,_T,,Y15T64,,_Z,,Q,,2025-Q4,,77.83875,,,,A,,0,,1,
DATAFLOW,OECD.SDD.TPS:DSD_LFS@DF_IALFS_LF_WAP_Q(1.0),,I,LVA,,LF_WAP,,PT_WAP_SUB,,_Z,,Y,,_T,,Y15T64,,_Z,,Q,,2026-Q1,,76.98322,,,,A,,0,,1,
DATAFLOW,OECD.SDD.TPS:DSD_LFS@DF_IALFS_LF_WAP_Q(1.0),,I,HRV,,LF_WAP,,PT_WAP_SUB,,_Z,,Y,,_T,,Y15T64,,_Z,,Q,,2002-Q1,,62.99353,,,,A,,0,,1,
DATAFLOW,OECD.SDD.TPS:DSD_LFS@DF_IALFS_LF_WAP_Q(1.0),,I,HRV,,LF_WAP,,PT_WAP_SUB,,_Z,,Y,,_T,,Y15T64,,_Z,,Q,,2002-Q2,,62.77327,,,,A,,0,,1,
DATAFLOW,OECD.SDD.TPS:DSD_LFS@DF_IALFS_LF_WAP_Q(1.0),,I,HRV,,LF_WAP,,PT_WAP_SUB,,_Z,,Y,,_T,,Y15T64,,_Z,,Q,,2002-Q3,,62.89803,,,,A,,0,,1,
DATAFLOW,OECD.SDD.TPS:DSD_LFS@DF_IALFS_LF_WAP_Q(1.0),,I,HRV,,LF_WAP,,PT_WAP_SUB,,_Z,,Y,,_T,,Y15T64,,_Z,,Q,,2002-Q4,,63.04952,,,,A,,0,,1,
DATAFLOW,OECD.SDD.TPS:DSD_LFS@DF_IALFS_LF_WAP_Q(1.0),,I,HRV,,LF_WAP,,PT_WAP_SUB,,_Z,,Y,,_T,,Y15T64,,_Z,,Q,,2003-Q1,,62.21865,,,,A,,0,,1,
DATAFLOW,OECD.SDD.TPS:DSD_LFS@DF_IALFS_LF_WAP_Q(1.0),,I,HRV,,LF_WAP,,PT_WAP_SUB,,_Z,,Y,,_T,,Y15T64,,_Z,,Q,,2003-Q2,,62.23499,,,,A,,0,,1,
DATAFLOW,OECD.SDD.TPS:DSD_LFS@DF_IALFS_LF_WAP_Q(1.0),,I,HRV,,LF_WAP,,PT_WAP_SUB,,_Z,,Y,,_T,,Y15T64,,_Z,,Q,,2003-Q3,,62.51668,,,,A,,0,,1,
DATAFLOW,OECD.SDD.TPS:DSD_LFS@DF_IALFS_LF_WAP_Q(1.0),,I,HRV,,LF_WAP,,PT_WAP_SUB,,_Z,,Y,,_T,,Y15T64,,_Z,,Q,,2003-Q4,,62.81426,,,,A,,0,,1,
DATAFLOW,OECD.SDD.TPS:DSD_LFS@DF_IALFS_LF_WAP_Q(1.0),,I,HRV,,LF_WAP,,PT_WAP_SUB,,_Z,,Y,,_T,,Y15T64,,_Z,,Q,,2004-Q1,,63.77491,,,,A,,0,,1,
DATAFLOW,OECD.SDD.TPS:DSD_LFS@DF_IALFS_LF_WAP_Q(1.0),,I,HRV,,LF_WAP,,PT_WAP_SUB,,_Z,,Y,,_T,,Y15T64,,_Z,,Q,,2004-Q2,,63.82732,,,,A,,0,,1,
DATAFLOW,OECD.SDD.TPS:DSD_LFS@DF_IALFS_LF_WAP_Q(1.0),,I,HRV,,LF_WAP,,PT_WAP_SUB,,_Z,,Y,,_T,,Y15T64,,_Z,,Q,,2004-Q3,,63.51446,,,,A,,0,,1,
DATAFLOW,OECD.SDD.TPS:DSD_LFS@DF_IALFS_LF_WAP_Q(1.0),,I,HRV,,LF_WAP,,PT_WAP_SUB,,_Z,,Y,,_T,,Y15T64,,_Z,,Q,,2004-Q4,,63.70876,,,,A,,0,,1,
DATAFLOW,OECD.SDD.TPS:DSD_LFS@DF_IALFS_LF_WAP_Q(1.0),,I,HRV,,LF_WAP,,PT_WAP_SUB,,_Z,,Y,,_T,,Y15T64,,_Z,,Q,,2005-Q1,,63.74313,,,,A,,0,,1,
DATAFLOW,OECD.SDD.TPS:DSD_LFS@DF_IALFS_LF_WAP_Q(1.0),,I,HRV,,LF_WAP,,PT_WAP_SUB,,_Z,,Y,,_T,,Y15T64,,_Z,,Q,,2005-Q2,,63.43068,,,,A,,0,,1,
DATAFLOW,OECD.SDD.TPS:DSD_LFS@DF_IALFS_LF_WAP_Q(1.0),,I,HRV,,LF_WAP,,PT_WAP_SUB,,_Z,,Y,,_T,,Y15T64,,_Z,,Q,,2005-Q3,,62.89436,,,,A,,0,,1,
DATAFLOW,OECD.SDD.TPS:DSD_LFS@DF_IALFS_LF_WAP_Q(1.0),,I,HRV,,LF_WAP,,PT_WAP_SUB,,_Z,,Y,,_T,,Y15T64,,_Z,,Q,,2005-Q4,,62.90425,,,,A,,0,,1,
DATAFLOW,OECD.SDD.TPS:DSD_LFS@DF_IALFS_LF_WAP_Q(1.0),,I,HRV,,LF_WAP,,PT_WAP_SUB,,_Z,,Y,,_T,,Y15T64,,_Z,,Q,,2006-Q1,,62.64904,,,,A,,0,,1,
DATAFLOW,OECD.SDD.TPS:DSD_LFS@DF_IALFS_LF_WAP_Q(1.0),,I,HRV,,LF_WAP,,PT_WAP_SUB,,_Z,,Y,,_T,,Y15T64,,_Z,,Q,,2006-Q2,,62.47321,,,,A,,0,,1,
DATAFLOW,OECD.SDD.TPS:DSD_LFS@DF_IALFS_LF_WAP_Q(1.0),,I,HRV,,LF_WAP,,PT_WAP_SUB,,_Z,,Y,,_T,,Y15T64,,_Z,,Q,,2006-Q3,,62.9529,,,,A,,0,,1,
DATAFLOW,OECD.SDD.TPS:DSD_LFS@DF_IALFS_LF_WAP_Q(1.0),,I,HRV,,LF_WAP,,PT_WAP_SUB,,_Z,,Y,,_T,,Y15T64,,_Z,,Q,,2006-Q4,,63.2127,,,,A,,0,,1,
DATAFLOW,OECD.SDD.TPS:DSD_LFS@DF_IALFS_LF_WAP_Q(1.0),,I,HRV,,LF_WAP,,PT_WAP_SUB,,_Z,,Y,,_T,,Y15T64,,_Z,,Q,,2007-Q1,,65.65991,,,,A,,0,,1,
DATAFLOW,OECD.SDD.TPS:DSD_LFS@DF_IALFS_LF_WAP_Q(1.0),,I,HRV,,LF_WAP,,PT_WAP_SUB,,_Z,,Y,,_T,,Y15T64,,_Z,,Q,,2007-Q2,,65.29234,,,,A,,0,,1,
DATAFLOW,OECD.SDD.TPS:DSD_LFS@DF_IALFS_LF_WAP_Q(1.0),,I,HRV,,LF_WAP,,PT_WAP_SUB,,_Z,,Y,,_T,,Y15T64,,_Z,,Q,,2007-Q3,,65.49673,,,,A,,0,,1,
DATAFLOW,OECD.SDD.TPS:DSD_LFS@DF_IALFS_LF_WAP_Q(1.0),,I,HRV,,LF_WAP,,PT_WAP_SUB,,_Z,,Y,,_T,,Y15T64,,_Z,,Q,,2007-Q4,,65.74669,,,,A,,0,,1,
DATAFLOW,OECD.SDD.TPS:DSD_LFS@DF_IALFS_LF_WAP_Q(1.0),,I,HRV,,LF_WAP,,PT_WAP_SUB,,_Z,,Y,,_T,,Y15T64,,_Z,,Q,,2008-Q1,,65.70355,,,,A,,0,,1,
DATAFLOW,OECD.SDD.TPS:DSD_LFS@DF_IALFS_LF_WAP_Q(1.0),,I,HRV,,LF_WAP,,PT_WAP_SUB,,_Z,,Y,,_T,,Y15T64,,_Z,,Q,,2008-Q2,,65.53253,,,,A,,0,,1,
DATAFLOW,OECD.SDD.TPS:DSD_LFS@DF_IALFS_LF_WAP_Q(1.0),,I,HRV,,LF_WAP,,PT_WAP_SUB,,_Z,,Y,,_T,,Y15T64,,_Z,,Q,,2008-Q3,,65.96563,,,,A,,0,,1,
DATAFLOW,OECD.SDD.TPS:DSD_LFS@DF_IALFS_LF_WAP_Q(1.0),,I,HRV,,LF_WAP,,PT_WAP_SUB,,_Z,,Y,,_T,,Y15T64,,_Z,,Q,,2008-Q4,,65.65256,,,,A,,0,,1,
DATAFLOW,OECD.SDD.TPS:DSD_LFS@DF_IALFS_LF_WAP_Q(1.0),,I,HRV,,LF_WAP,,PT_WAP_SUB,,_Z,,Y,,_T,,Y15T64,,_Z,,Q,,2009-Q1,,65.2887,,,,A,,0,,1,
DATAFLOW,OECD.SDD.TPS:DSD_LFS@DF_IALFS_LF_WAP_Q(1.0),,I,HRV,,LF_WAP,,PT_WAP_SUB,,_Z,,Y,,_T,,Y15T64,,_Z,,Q,,2009-Q2,,65.42985,,,,A,,0,,1,
DATAFLOW,OECD.SDD.TPS:DSD_LFS@DF_IALFS_LF_WAP_Q(1.0),,I,HRV,,LF_WAP,,PT_WAP_SUB,,_Z,,Y,,_T,,Y15T64,,_Z,,Q,,2009-Q3,,65.23709,,,,A,,0,,1,
DATAFLOW,OECD.SDD.TPS:DSD_LFS@DF_IALFS_LF_WAP_Q(1.0),,I,HRV,,LF_WAP,,PT_WAP_SUB,,_Z,,Y,,_T,,Y15T64,,_Z,,Q,,2009-Q4,,65.38321,,,,A,,0,,1,
DATAFLOW,OECD.SDD.TPS:DSD_LFS@DF_IALFS_LF_WAP_Q(1.0),,I,HRV,,LF_WAP,,PT_WAP_SUB,,_Z,,Y,,_T,,Y15T64,,_Z,,Q,,2010-Q1,,65.24287,,,,A,,0,,1,
DATAFLOW,OECD.SDD.TPS:DSD_LFS@DF_IALFS_LF_WAP_Q(1.0),,I,HRV,,LF_WAP,,PT_WAP_SUB,,_Z,,Y,,_T,,Y15T64,,_Z,,Q,,2010-Q2,,64.49405,,,,A,,0,,1,
DATAFLOW,OECD.SDD.TPS:DSD_LFS@DF_IALFS_LF_WAP_Q(1.0),,I,HRV,,LF_WAP,,PT_WAP_SUB,,_Z,,Y,,_T,,Y15T64,,_Z,,Q,,2010-Q3,,64.50161,,,,A,,0,,1,
DATAFLOW,OECD.SDD.TPS:DSD_LFS@DF_IALFS_LF_WAP_Q(1.0),,I,HRV,,LF_WAP,,PT_WAP_SUB,,_Z,,Y,,_T,,Y15T64,,_Z,,Q,,2010-Q4,,65.32865,,,,A,,0,,1,
DATAFLOW,OECD.SDD.TPS:DSD_LFS@DF_IALFS_LF_WAP_Q(1.0),,I,HRV,,LF_WAP,,PT_WAP_SUB,,_Z,,Y,,_T,,Y15T64,,_Z,,Q,,2011-Q1,,65.04095,,,,A,,0,,1,
DATAFLOW,OECD.SDD.TPS:DSD_LFS@DF_IALFS_LF_WAP_Q(1.0),,I,HRV,,LF_WAP,,PT_WAP_SUB,,_Z,,Y,,_T,,Y15T64,,_Z,,Q,,2011-Q2,,63.69345,,,,A,,0,,1,
DATAFLOW,OECD.SDD.TPS:DSD_LFS@DF_IALFS_LF_WAP_Q(1.0),,I,HRV,,LF_WAP,,PT_WAP_SUB,,_Z,,Y,,_T,,Y15T64,,_Z,,Q,,2011-Q3,,64.18719,,,,A,,0,,1,
DATAFLOW,OECD.SDD.TPS:DSD_LFS@DF_IALFS_LF_WAP_Q(1.0),,I,HRV,,LF_WAP,,PT_WAP_SUB,,_Z,,Y,,_T,,Y15T64,,_Z,,Q,,2011-Q4,,63.9617,,,,A,,0,,1,
DATAFLOW,OECD.SDD.TPS:DSD_LFS@DF_IALFS_LF_WAP_Q(1.0),,I,HRV,,LF_WAP,,PT_WAP_SUB,,_Z,,Y,,_T,,Y15T64,,_Z,,Q,,2012-Q1,,63.56901,,,,A,,0,,1,
DATAFLOW,OECD.SDD.TPS:DSD_LFS@DF_IALFS_LF_WAP_Q(1.0),,I,HRV,,LF_WAP,,PT_WAP_SUB,,_Z,,Y,,_T,,Y15T64,,_Z,,Q,,2012-Q2,,63.75926,,,,A,,0,,1,
DATAFLOW,OECD.SDD.TPS:DSD_LFS@DF_IALFS_LF_WAP_Q(1.0),,I,HRV,,LF_WAP,,PT_WAP_SUB,,_Z,,Y,,_T,,Y15T64,,_Z,,Q,,2012-Q3,,64.93994,,,,A,,0,,1,
DATAFLOW,OECD.SDD.TPS:DSD_LFS@DF_IALFS_LF_WAP_Q(1.0),,I,HRV,,LF_WAP,,PT_WAP_SUB,,_Z,,Y,,_T,,Y15T64,,_Z,,Q,,2012-Q4,,63.43025,,,,A,,0,,1,
DATAFLOW,OECD.SDD.TPS:DSD_LFS@DF_IALFS_LF_WAP_Q(1.0),,I,HRV,,LF_WAP,,PT_WAP_SUB,,_Z,,Y,,_T,,Y15T64,,_Z,,Q,,2013-Q1,,62.47874,,,,A,,0,,1,
DATAFLOW,OECD.SDD.TPS:DSD_LFS@DF_IALFS_LF_WAP_Q(1.0),,I,HRV,,LF_WAP,,PT_WAP_SUB,,_Z,,Y,,_T,,Y15T64,,_Z,,Q,,2013-Q2,,63.78837,,,,A,,0,,1,
DATAFLOW,OECD.SDD.TPS:DSD_LFS@DF_IALFS_LF_WAP_Q(1.0),,I,HRV,,LF_WAP,,PT_WAP_SUB,,_Z,,Y,,_T,,Y15T64,,_Z,,Q,,2013-Q3,,64.22202,,,,A,,0,,1,
DATAFLOW,OECD.SDD.TPS:DSD_LFS@DF_IALFS_LF_WAP_Q(1.0),,I,HRV,,LF_WAP,,PT_WAP_SUB,,_Z,,Y,,_T,,Y15T64,,_Z,,Q,,2013-Q4,,64.3531,,,,A,,0,,1,
DATAFLOW,OECD.SDD.TPS:DSD_LFS@DF_IALFS_LF_WAP_Q(1.0),,I,HRV,,LF_WAP,,PT_WAP_SUB,,_Z,,Y,,_T,,Y15T64,,_Z,,Q,,2014-Q1,,65.12007,,,,A,,0,,1,
DATAFLOW,OECD.SDD.TPS:DSD_LFS@DF_IALFS_LF_WAP_Q(1.0),,I,HRV,,LF_WAP,,PT_WAP_SUB,,_Z,,Y,,_T,,Y15T64,,_Z,,Q,,2014-Q2,,65.77452,,,,A,,0,,1,
DATAFLOW,OECD.SDD.TPS:DSD_LFS@DF_IALFS_LF_WAP_Q(1.0),,I,HRV,,LF_WAP,,PT_WAP_SUB,,_Z,,Y,,_T,,Y15T64,,_Z,,Q,,2014-Q3,,66.91944,,,,A,,0,,1,
DATAFLOW,OECD.SDD.TPS:DSD_LFS@DF_IALFS_LF_WAP_Q(1.0),,I,HRV,,LF_WAP,,PT_WAP_SUB,,_Z,,Y,,_T,,Y15T64,,_Z,,Q,,2014-Q4,,66.20641,,,,A,,0,,1,
DATAFLOW,OECD.SDD.TPS:DSD_LFS@DF_IALFS_LF_WAP_Q(1.0),,I,HRV,,LF_WAP,,PT_WAP_SUB,,_Z,,Y,,_T,,Y15T64,,_Z,,Q,,2015-Q1,,66.75889,,,,A,,0,,1,
DATAFLOW,OECD.SDD.TPS:DSD_LFS@DF_IALFS_LF_WAP_Q(1.0),,I,HRV,,LF_WAP,,PT_WAP_SUB,,_Z,,Y,,_T,,Y15T64,,_Z,,Q,,2015-Q2,,66.71301,,,,A,,0,,1,
DATAFLOW,OECD.SDD.TPS:DSD_LFS@DF_IALFS_LF_WAP_Q(1.0),,I,HRV,,LF_WAP,,PT_WAP_SUB,,_Z,,Y,,_T,,Y15T64,,_Z,,Q,,2015-Q3,,67.54803,,,,A,,0,,1,
DATAFLOW,OECD.SDD.TPS:DSD_LFS@DF_IALFS_LF_WAP_Q(1.0),,I,HRV,,LF_WAP,,PT_WAP_SUB,,_Z,,Y,,_T,,Y15T64,,_Z,,Q,,2015-Q4,,66.53139,,,,A,,0,,1,
DATAFLOW,OECD.SDD.TPS:DSD_LFS@DF_IALFS_LF_WAP_Q(1.0),,I,HRV,,LF_WAP,,PT_WAP_SUB,,_Z,,Y,,_T,,Y15T64,,_Z,,Q,,2016-Q1,,65.53971,,,,A,,0,,1,
DATAFLOW,OECD.SDD.TPS:DSD_LFS@DF_IALFS_LF_WAP_Q(1.0),,I,HRV,,LF_WAP,,PT_WAP_SUB,,_Z,,Y,,_T,,Y15T64,,_Z,,Q,,2016-Q2,,65.85454,,,,A,,0,,1,
DATAFLOW,OECD.SDD.TPS:DSD_LFS@DF_IALFS_LF_WAP_Q(1.0),,I,HRV,,LF_WAP,,PT_WAP_SUB,,_Z,,Y,,_T,,Y15T64,,_Z,,Q,,2016-Q3,,65.12402,,,,A,,0,,1,
DATAFLOW,OECD.SDD.TPS:DSD_LFS@DF_IALFS_LF_WAP_Q(1.0),,I,HRV,,LF_WAP,,PT_WAP_SUB,,_Z,,Y,,_T,,Y15T64,,_Z,,Q,,2016-Q4,,65.56403,,,,A,,0,,1,
DATAFLOW,OECD.SDD.TPS:DSD_LFS@DF_IALFS_LF_WAP_Q(1.0),,I,HRV,,LF_WAP,,PT_WAP_SUB,,_Z,,Y,,_T,,Y15T64,,_Z,,Q,,2017-Q1,,65.40997,,,,A,,0,,1,
DATAFLOW,OECD.SDD.TPS:DSD_LFS@DF_IALFS_LF_WAP_Q(1.0),,I,HRV,,LF_WAP,,PT_WAP_SUB,,_Z,,Y,,_T,,Y15T64,,_Z,,Q,,2017-Q2,,66.22115,,,,A,,0,,1,
DATAFLOW,OECD.SDD.TPS:DSD_LFS@DF_IALFS_LF_WAP_Q(1.0),,I,HRV,,LF_WAP,,PT_WAP_SUB,,_Z,,Y,,_T,,Y15T64,,_Z,,Q,,2017-Q3,,66.6031,,,,A,,0,,1,
DATAFLOW,OECD.SDD.TPS:DSD_LFS@DF_IALFS_LF_WAP_Q(1.0),,I,HRV,,LF_WAP,,PT_WAP_SUB,,_Z,,Y,,_T,,Y15T64,,_Z,,Q,,2017-Q4,,66.66673,,,,A,,0,,1,
DATAFLOW,OECD.SDD.TPS:DSD_LFS@DF_IALFS_LF_WAP_Q(1.0),,I,HRV,,LF_WAP,,PT_WAP_SUB,,_Z,,Y,,_T,,Y15T64,,_Z,,Q,,2018-Q1,,65.84003,,,,A,,0,,1,
DATAFLOW,OECD.SDD.TPS:DSD_LFS@DF_IALFS_LF_WAP_Q(1.0),,I,HRV,,LF_WAP,,PT_WAP_SUB,,_Z,,Y,,_T,,Y15T64,,_Z,,Q,,2018-Q2,,65.84947,,,,A,,0,,1,
DATAFLOW,OECD.SDD.TPS:DSD_LFS@DF_IALFS_LF_WAP_Q(1.0),,I,HRV,,LF_WAP,,PT_WAP_SUB,,_Z,,Y,,_T,,Y15T64,,_Z,,Q,,2018-Q3,,66.52882,,,,A,,0,,1,
DATAFLOW,OECD.SDD.TPS:DSD_LFS@DF_IALFS_LF_WAP_Q(1.0),,I,HRV,,LF_WAP,,PT_WAP_SUB,,_Z,,Y,,_T,,Y15T64,,_Z,,Q,,2018-Q4,,66.23167,,,,A,,0,,1,
DATAFLOW,OECD.SDD.TPS:DSD_LFS@DF_IALFS_LF_WAP_Q(1.0),,I,HRV,,LF_WAP,,PT_WAP_SUB,,_Z,,Y,,_T,,Y15T64,,_Z,,Q,,2019-Q1,,66.47781,,,,A,,0,,1,
DATAFLOW,OECD.SDD.TPS:DSD_LFS@DF_IALFS_LF_WAP_Q(1.0),,I,HRV,,LF_WAP,,PT_WAP_SUB,,_Z,,Y,,_T,,Y15T64,,_Z,,Q,,2019-Q2,,65.54388,,,,A,,0,,1,
DATAFLOW,OECD.SDD.TPS:DSD_LFS@DF_IALFS_LF_WAP_Q(1.0),,I,HRV,,LF_WAP,,PT_WAP_SUB,,_Z,,Y,,_T,,Y15T64,,_Z,,Q,,2019-Q3,,66.54971,,,,A,,0,,1,
DATAFLOW,OECD.SDD.TPS:DSD_LFS@DF_IALFS_LF_WAP_Q(1.0),,I,HRV,,LF_WAP,,PT_WAP_SUB,,_Z,,Y,,_T,,Y15T64,,_Z,,Q,,2019-Q4,,67.05129,,,,A,,0,,1,
DATAFLOW,OECD.SDD.TPS:DSD_LFS@DF_IALFS_LF_WAP_Q(1.0),,I,HRV,,LF_WAP,,PT_WAP_SUB,,_Z,,Y,,_T,,Y15T64,,_Z,,Q,,2020-Q1,,66.512,,,,A,,0,,1,
DATAFLOW,OECD.SDD.TPS:DSD_LFS@DF_IALFS_LF_WAP_Q(1.0),,I,HRV,,LF_WAP,,PT_WAP_SUB,,_Z,,Y,,_T,,Y15T64,,_Z,,Q,,2020-Q2,,66.38789,,,,A,,0,,1,
DATAFLOW,OECD.SDD.TPS:DSD_LFS@DF_IALFS_LF_WAP_Q(1.0),,I,HRV,,LF_WAP,,PT_WAP_SUB,,_Z,,Y,,_T,,Y15T64,,_Z,,Q,,2020-Q3,,67.8838,,,,A,,0,,1,
DATAFLOW,OECD.SDD.TPS:DSD_LFS@DF_IALFS_LF_WAP_Q(1.0),,I,HRV,,LF_WAP,,PT_WAP_SUB,,_Z,,Y,,_T,,Y15T64,,_Z,,Q,,2020-Q4,,68.06156,,,,A,,0,,1,
DATAFLOW,OECD.SDD.TPS:DSD_LFS@DF_IALFS_LF_WAP_Q(1.0),,I,HRV,,LF_WAP,,PT_WAP_SUB,,_Z,,Y,,_T,,Y15T64,,_Z,,Q,,2021-Q1,,68.63534,,,,A,,0,,1,
DATAFLOW,OECD.SDD.TPS:DSD_LFS@DF_IALFS_LF_WAP_Q(1.0),,I,HRV,,LF_WAP,,PT_WAP_SUB,,_Z,,Y,,_T,,Y15T64,,_Z,,Q,,2021-Q2,,69.08552,,,,A,,0,,1,
DATAFLOW,OECD.SDD.TPS:DSD_LFS@DF_IALFS_LF_WAP_Q(1.0),,I,HRV,,LF_WAP,,PT_WAP_SUB,,_Z,,Y,,_T,,Y15T64,,_Z,,Q,,2021-Q3,,69.10954,,,,A,,0,,1,
DATAFLOW,OECD.SDD.TPS:DSD_LFS@DF_IALFS_LF_WAP_Q(1.0),,I,HRV,,LF_WAP,,PT_WAP_SUB,,_Z,,Y,,_T,,Y15T64,,_Z,,Q,,2021-Q4,,69.27645,,,,A,,0,,1,
DATAFLOW,OECD.SDD.TPS:DSD_LFS@DF_IALFS_LF_WAP_Q(1.0),,I,HRV,,LF_WAP,,PT_WAP_SUB,,_Z,,Y,,_T,,Y15T64,,_Z,,Q,,2022-Q1,,69.7527,,,,A,,0,,1,
DATAFLOW,OECD.SDD.TPS:DSD_LFS@DF_IALFS_LF_WAP_Q(1.0),,I,HRV,,LF_WAP,,PT_WAP_SUB,,_Z,,Y,,_T,,Y15T64,,_Z,,Q,,2022-Q2,,70.23118,,,,A,,0,,1,
DATAFLOW,OECD.SDD.TPS:DSD_LFS@DF_IALFS_LF_WAP_Q(1.0),,I,HRV,,LF_WAP,,PT_WAP_SUB,,_Z,,Y,,_T,,Y15T64,,_Z,,Q,,2022-Q3,,69.99746,,,,A,,0,,1,
DATAFLOW,OECD.SDD.TPS:DSD_LFS@DF_IALFS_LF_WAP_Q(1.0),,I,HRV,,LF_WAP,,PT_WAP_SUB,,_Z,,Y,,_T,,Y15T64,,_Z,,Q,,2022-Q4,,70.34875,,,,A,,0,,1,
DATAFLOW,OECD.SDD.TPS:DSD_LFS@DF_IALFS_LF_WAP_Q(1.0),,I,HRV,,LF_WAP,,PT_WAP_SUB,,_Z,,Y,,_T,,Y15T64,,_Z,,Q,,2023-Q1,,69.88574,,,,A,,0,,1,
DATAFLOW,OECD.SDD.TPS:DSD_LFS@DF_IALFS_LF_WAP_Q(1.0),,I,HRV,,LF_WAP,,PT_WAP_SUB,,_Z,,Y,,_T,,Y15T64,,_Z,,Q,,2023-Q2,,69.85749,,,,A,,0,,1,
DATAFLOW,OECD.SDD.TPS:DSD_LFS@DF_IALFS_LF_WAP_Q(1.0),,I,HRV,,LF_WAP,,PT_WAP_SUB,,_Z,,Y,,_T,,Y15T64,,_Z,,Q,,2023-Q3,,69.77818,,,,A,,0,,1,
DATAFLOW,OECD.SDD.TPS:DSD_LFS@DF_IALFS_LF_WAP_Q(1.0),,I,HRV,,LF_WAP,,PT_WAP_SUB,,_Z,,Y,,_T,,Y15T64,,_Z,,Q,,2023-Q4,,70.94572,,,,A,,0,,1,
DATAFLOW,OECD.SDD.TPS:DSD_LFS@DF_IALFS_LF_WAP_Q(1.0),,I,HRV,,LF_WAP,,PT_WAP_SUB,,_Z,,Y,,_T,,Y15T64,,_Z,,Q,,2024-Q1,,71.79195,,,,A,,0,,1,
DATAFLOW,OECD.SDD.TPS:DSD_LFS@DF_IALFS_LF_WAP_Q(1.0),,I,HRV,,LF_WAP,,PT_WAP_SUB,,_Z,,Y,,_T,,Y15T64,,_Z,,Q,,2024-Q2,,71.89541,,,,A,,0,,1,
DATAFLOW,OECD.SDD.TPS:DSD_LFS@DF_IALFS_LF_WAP_Q(1.0),,I,HRV,,LF_WAP,,PT_WAP_SUB,,_Z,,Y,,_T,,Y15T64,,_Z,,Q,,2024-Q3,,72.19616,,,,A,,0,,1,
DATAFLOW,OECD.SDD.TPS:DSD_LFS@DF_IALFS_LF_WAP_Q(1.0),,I,HRV,,LF_WAP,,PT_WAP_SUB,,_Z,,Y,,_T,,Y15T64,,_Z,,Q,,2024-Q4,,71.71484,,,,A,,0,,1,
DATAFLOW,OECD.SDD.TPS:DSD_LFS@DF_IALFS_LF_WAP_Q(1.0),,I,HRV,,LF_WAP,,PT_WAP_SUB,,_Z,,Y,,_T,,Y15T64,,_Z,,Q,,2025-Q1,,72.16053,,,,A,,0,,1,
DATAFLOW,OECD.SDD.TPS:DSD_LFS@DF_IALFS_LF_WAP_Q(1.0),,I,HRV,,LF_WAP,,PT_WAP_SUB,,_Z,,Y,,_T,,Y15T64,,_Z,,Q,,2025-Q2,,72.26734,,,,A,,0,,1,
DATAFLOW,OECD.SDD.TPS:DSD_LFS@DF_IALFS_LF_WAP_Q(1.0),,I,HRV,,LF_WAP,,PT_WAP_SUB,,_Z,,Y,,_T,,Y15T64,,_Z,,Q,,2025-Q3,,72.52501,,,,A,,0,,1,
DATAFLOW,OECD.SDD.TPS:DSD_LFS@DF_IALFS_LF_WAP_Q(1.0),,I,HRV,,LF_WAP,,PT_WAP_SUB,,_Z,,Y,,_T,,Y15T64,,_Z,,Q,,2025-Q4,,72.48438,,,,A,,0,,1,
DATAFLOW,OECD.SDD.TPS:DSD_LFS@DF_IALFS_LF_WAP_Q(1.0),,I,HRV,,LF_WAP,,PT_WAP_SUB,,_Z,,Y,,_T,,Y15T64,,_Z,,Q,,2026-Q1,,72.62755,,,,A,,0,,1,
DATAFLOW,OECD.SDD.TPS:DSD_LFS@DF_IALFS_LF_WAP_Q(1.0),,I,SWE,,LF_WAP,,PT_WAP_SUB,,_Z,,Y,,_T,,Y15T64,,_Z,,Q,,2001-Q1,,77.8809,,,,A,,0,,1,
DATAFLOW,OECD.SDD.TPS:DSD_LFS@DF_IALFS_LF_WAP_Q(1.0),,I,SWE,,LF_WAP,,PT_WAP_SUB,,_Z,,Y,,_T,,Y15T64,,_Z,,Q,,2001-Q2,,77.8289,,,,A,,0,,1,
DATAFLOW,OECD.SDD.TPS:DSD_LFS@DF_IALFS_LF_WAP_Q(1.0),,I,SWE,,LF_WAP,,PT_WAP_SUB,,_Z,,Y,,_T,,Y15T64,,_Z,,Q,,2001-Q3,,77.86327,,,,A,,0,,1,
DATAFLOW,OECD.SDD.TPS:DSD_LFS@DF_IALFS_LF_WAP_Q(1.0),,I,SWE,,LF_WAP,,PT_WAP_SUB,,_Z,,Y,,_T,,Y15T64,,_Z,,Q,,2001-Q4,,77.84901,,,,A,,0,,1,
DATAFLOW,OECD.SDD.TPS:DSD_LFS@DF_IALFS_LF_WAP_Q(1.0),,I,SWE,,LF_WAP,,PT_WAP_SUB,,_Z,,Y,,_T,,Y15T64,,_Z,,Q,,2002-Q1,,77.80478,,,,A,,0,,1,
DATAFLOW,OECD.SDD.TPS:DSD_LFS@DF_IALFS_LF_WAP_Q(1.0),,I,SWE,,LF_WAP,,PT_WAP_SUB,,_Z,,Y,,_T,,Y15T64,,_Z,,Q,,2002-Q2,,77.5737,,,,A,,0,,1,
DATAFLOW,OECD.SDD.TPS:DSD_LFS@DF_IALFS_LF_WAP_Q(1.0),,I,SWE,,LF_WAP,,PT_WAP_SUB,,_Z,,Y,,_T,,Y15T64,,_Z,,Q,,2002-Q3,,77.54555,,,,A,,0,,1,
DATAFLOW,OECD.SDD.TPS:DSD_LFS@DF_IALFS_LF_WAP_Q(1.0),,I,SWE,,LF_WAP,,PT_WAP_SUB,,_Z,,Y,,_T,,Y15T64,,_Z,,Q,,2002-Q4,,77.46937,,,,A,,0,,1,
DATAFLOW,OECD.SDD.TPS:DSD_LFS@DF_IALFS_LF_WAP_Q(1.0),,I,SWE,,LF_WAP,,PT_WAP_SUB,,_Z,,Y,,_T,,Y15T64,,_Z,,Q,,2003-Q1,,77.34716,,,,A,,0,,1,
DATAFLOW,OECD.SDD.TPS:DSD_LFS@DF_IALFS_LF_WAP_Q(1.0),,I,SWE,,LF_WAP,,PT_WAP_SUB,,_Z,,Y,,_T,,Y15T64,,_Z,,Q,,2003-Q2,,77.44466,,,,A,,0,,1,
DATAFLOW,OECD.SDD.TPS:DSD_LFS@DF_IALFS_LF_WAP_Q(1.0),,I,SWE,,LF_WAP,,PT_WAP_SUB,,_Z,,Y,,_T,,Y15T64,,_Z,,Q,,2003-Q3,,77.23015,,,,A,,0,,1,
DATAFLOW,OECD.SDD.TPS:DSD_LFS@DF_IALFS_LF_WAP_Q(1.0),,I,SWE,,LF_WAP,,PT_WAP_SUB,,_Z,,Y,,_T,,Y15T64,,_Z,,Q,,2003-Q4,,77.25755,,,,A,,0,,1,
DATAFLOW,OECD.SDD.TPS:DSD_LFS@DF_IALFS_LF_WAP_Q(1.0),,I,SWE,,LF_WAP,,PT_WAP_SUB,,_Z,,Y,,_T,,Y15T64,,_Z,,Q,,2004-Q1,,77.3053,,,,A,,0,,1,
DATAFLOW,OECD.SDD.TPS:DSD_LFS@DF_IALFS_LF_WAP_Q(1.0),,I,SWE,,LF_WAP,,PT_WAP_SUB,,_Z,,Y,,_T,,Y15T64,,_Z,,Q,,2004-Q2,,77.08069,,,,A,,0,,1,
DATAFLOW,OECD.SDD.TPS:DSD_LFS@DF_IALFS_LF_WAP_Q(1.0),,I,SWE,,LF_WAP,,PT_WAP_SUB,,_Z,,Y,,_T,,Y15T64,,_Z,,Q,,2004-Q3,,77.30076,,,,A,,0,,1,
DATAFLOW,OECD.SDD.TPS:DSD_LFS@DF_IALFS_LF_WAP_Q(1.0),,I,SWE,,LF_WAP,,PT_WAP_SUB,,_Z,,Y,,_T,,Y15T64,,_Z,,Q,,2004-Q4,,77.01057,,,,A,,0,,1,
DATAFLOW,OECD.SDD.TPS:DSD_LFS@DF_IALFS_LF_WAP_Q(1.0),,I,SWE,,LF_WAP,,PT_WAP_SUB,,_Z,,Y,,_T,,Y15T64,,_Z,,Q,,2005-Q1,,76.89577,,,,A,,0,,1,
DATAFLOW,OECD.SDD.TPS:DSD_LFS@DF_IALFS_LF_WAP_Q(1.0),,I,SWE,,LF_WAP,,PT_WAP_SUB,,_Z,,Y,,_T,,Y15T64,,_Z,,Q,,2005-Q2,,78.81234,,,,A,,0,,1,
DATAFLOW,OECD.SDD.TPS:DSD_LFS@DF_IALFS_LF_WAP_Q(1.0),,I,SWE,,LF_WAP,,PT_WAP_SUB,,_Z,,Y,,_T,,Y15T64,,_Z,,Q,,2005-Q3,,78.45148,,,,A,,0,,1,
DATAFLOW,OECD.SDD.TPS:DSD_LFS@DF_IALFS_LF_WAP_Q(1.0),,I,SWE,,LF_WAP,,PT_WAP_SUB,,_Z,,Y,,_T,,Y15T64,,_Z,,Q,,2005-Q4,,78.7392,,,,A,,0,,1,
DATAFLOW,OECD.SDD.TPS:DSD_LFS@DF_IALFS_LF_WAP_Q(1.0),,I,SWE,,LF_WAP,,PT_WAP_SUB,,_Z,,Y,,_T,,Y15T64,,_Z,,Q,,2006-Q1,,78.62145,,,,A,,0,,1,
DATAFLOW,OECD.SDD.TPS:DSD_LFS@DF_IALFS_LF_WAP_Q(1.0),,I,SWE,,LF_WAP,,PT_WAP_SUB,,_Z,,Y,,_T,,Y15T64,,_Z,,Q,,2006-Q2,,78.72647,,,,A,,0,,1,
DATAFLOW,OECD.SDD.TPS:DSD_LFS@DF_IALFS_LF_WAP_Q(1.0),,I,SWE,,LF_WAP,,PT_WAP_SUB,,_Z,,Y,,_T,,Y15T64,,_Z,,Q,,2006-Q3,,78.89343,,,,A,,0,,1,
DATAFLOW,OECD.SDD.TPS:DSD_LFS@DF_IALFS_LF_WAP_Q(1.0),,I,SWE,,LF_WAP,,PT_WAP_SUB,,_Z,,Y,,_T,,Y15T64,,_Z,,Q,,2006-Q4,,78.79926,,,,A,,0,,1,
DATAFLOW,OECD.SDD.TPS:DSD_LFS@DF_IALFS_LF_WAP_Q(1.0),,I,SWE,,LF_WAP,,PT_WAP_SUB,,_Z,,Y,,_T,,Y15T64,,_Z,,Q,,2007-Q1,,79.00728,,,,A,,0,,1,
DATAFLOW,OECD.SDD.TPS:DSD_LFS@DF_IALFS_LF_WAP_Q(1.0),,I,SWE,,LF_WAP,,PT_WAP_SUB,,_Z,,Y,,_T,,Y15T64,,_Z,,Q,,2007-Q2,,79.00907,,,,A,,0,,1,
DATAFLOW,OECD.SDD.TPS:DSD_LFS@DF_IALFS_LF_WAP_Q(1.0),,I,SWE,,LF_WAP,,PT_WAP_SUB,,_Z,,Y,,_T,,Y15T64,,_Z,,Q,,2007-Q3,,79.23319,,,,A,,0,,1,
DATAFLOW,OECD.SDD.TPS:DSD_LFS@DF_IALFS_LF_WAP_Q(1.0),,I,SWE,,LF_WAP,,PT_WAP_SUB,,_Z,,Y,,_T,,Y15T64,,_Z,,Q,,2007-Q4,,79.29944,,,,A,,0,,1,
DATAFLOW,OECD.SDD.TPS:DSD_LFS@DF_IALFS_LF_WAP_Q(1.0),,I,SWE,,LF_WAP,,PT_WAP_SUB,,_Z,,Y,,_T,,Y15T64,,_Z,,Q,,2008-Q1,,79.34741,,,,A,,0,,1,
DATAFLOW,OECD.SDD.TPS:DSD_LFS@DF_IALFS_LF_WAP_Q(1.0),,I,SWE,,LF_WAP,,PT_WAP_SUB,,_Z,,Y,,_T,,Y15T64,,_Z,,Q,,2008-Q2,,79.43519,,,,A,,0,,1,
DATAFLOW,OECD.SDD.TPS:DSD_LFS@DF_IALFS_LF_WAP_Q(1.0),,I,SWE,,LF_WAP,,PT_WAP_SUB,,_Z,,Y,,_T,,Y15T64,,_Z,,Q,,2008-Q3,,79.38508,,,,A,,0,,1,
DATAFLOW,OECD.SDD.TPS:DSD_LFS@DF_IALFS_LF_WAP_Q(1.0),,I,SWE,,LF_WAP,,PT_WAP_SUB,,_Z,,Y,,_T,,Y15T64,,_Z,,Q,,2009-Q1,,78.46938,,,,A,,0,,1,
DATAFLOW,OECD.SDD.TPS:DSD_LFS@DF_IALFS_LF_WAP_Q(1.0),,I,SWE,,LF_WAP,,PT_WAP_SUB,,_Z,,Y,,_T,,Y15T64,,_Z,,Q,,2009-Q2,,78.45403,,,,A,,0,,1,
DATAFLOW,OECD.SDD.TPS:DSD_LFS@DF_IALFS_LF_WAP_Q(1.0),,I,SWE,,LF_WAP,,PT_WAP_SUB,,_Z,,Y,,_T,,Y15T64,,_Z,,Q,,2009-Q3,,78.15533,,,,A,,0,,1,
DATAFLOW,OECD.SDD.TPS:DSD_LFS@DF_IALFS_LF_WAP_Q(1.0),,I,SWE,,LF_WAP,,PT_WAP_SUB,,_Z,,Y,,_T,,Y15T64,,_Z,,Q,,2009-Q4,,78.29847,,,,A,,0,,1,
DATAFLOW,OECD.SDD.TPS:DSD_LFS@DF_IALFS_LF_WAP_Q(1.0),,I,SWE,,LF_WAP,,PT_WAP_SUB,,_Z,,Y,,_T,,Y15T64,,_Z,,Q,,2010-Q1,,78.18439,,,,A,,0,,1,
DATAFLOW,OECD.SDD.TPS:DSD_LFS@DF_IALFS_LF_WAP_Q(1.0),,I,SWE,,LF_WAP,,PT_WAP_SUB,,_Z,,Y,,_T,,Y15T64,,_Z,,Q,,2010-Q2,,78.36872,,,,A,,0,,1,
DATAFLOW,OECD.SDD.TPS:DSD_LFS@DF_IALFS_LF_WAP_Q(1.0),,I,SWE,,LF_WAP,,PT_WAP_SUB,,_Z,,Y,,_T,,Y15T64,,_Z,,Q,,2010-Q3,,78.7903,,,,A,,0,,1,
DATAFLOW,OECD.SDD.TPS:DSD_LFS@DF_IALFS_LF_WAP_Q(1.0),,I,SWE,,LF_WAP,,PT_WAP_SUB,,_Z,,Y,,_T,,Y15T64,,_Z,,Q,,2010-Q4,,78.70368,,,,A,,0,,1,
DATAFLOW,OECD.SDD.TPS:DSD_LFS@DF_IALFS_LF_WAP_Q(1.0),,I,SWE,,LF_WAP,,PT_WAP_SUB,,_Z,,Y,,_T,,Y15T64,,_Z,,Q,,2011-Q1,,79.15664,,,,A,,0,,1,
DATAFLOW,OECD.SDD.TPS:DSD_LFS@DF_IALFS_LF_WAP_Q(1.0),,I,SWE,,LF_WAP,,PT_WAP_SUB,,_Z,,Y,,_T,,Y15T64,,_Z,,Q,,2011-Q2,,79.3476,,,,A,,0,,1,
DATAFLOW,OECD.SDD.TPS:DSD_LFS@DF_IALFS_LF_WAP_Q(1.0),,I,SWE,,LF_WAP,,PT_WAP_SUB,,_Z,,Y,,_T,,Y15T64,,_Z,,Q,,2011-Q3,,79.36686,,,,A,,0,,1,
DATAFLOW,OECD.SDD.TPS:DSD_LFS@DF_IALFS_LF_WAP_Q(1.0),,I,SWE,,LF_WAP,,PT_WAP_SUB,,_Z,,Y,,_T,,Y15T64,,_Z,,Q,,2011-Q4,,79.62106,,,,A,,0,,1,
DATAFLOW,OECD.SDD.TPS:DSD_LFS@DF_IALFS_LF_WAP_Q(1.0),,I,SWE,,LF_WAP,,PT_WAP_SUB,,_Z,,Y,,_T,,Y15T64,,_Z,,Q,,2012-Q1,,79.45099,,,,A,,0,,1,
DATAFLOW,OECD.SDD.TPS:DSD_LFS@DF_IALFS_LF_WAP_Q(1.0),,I,SWE,,LF_WAP,,PT_WAP_SUB,,_Z,,Y,,_T,,Y15T64,,_Z,,Q,,2012-Q2,,79.7023,,,,A,,0,,1,
DATAFLOW,OECD.SDD.TPS:DSD_LFS@DF_IALFS_LF_WAP_Q(1.0),,I,SWE,,LF_WAP,,PT_WAP_SUB,,_Z,,Y,,_T,,Y15T64,,_Z,,Q,,2012-Q3,,79.87854,,,,A,,0,,1,
DATAFLOW,OECD.SDD.TPS:DSD_LFS@DF_IALFS_LF_WAP_Q(1.0),,I,SWE,,LF_WAP,,PT_WAP_SUB,,_Z,,Y,,_T,,Y15T64,,_Z,,Q,,2012-Q4,,80.02185,,,,A,,0,,1,
DATAFLOW,OECD.SDD.TPS:DSD_LFS@DF_IALFS_LF_WAP_Q(1.0),,I,SWE,,LF_WAP,,PT_WAP_SUB,,_Z,,Y,,_T,,Y15T64,,_Z,,Q,,2013-Q1,,80.26974,,,,A,,0,,1,
DATAFLOW,OECD.SDD.TPS:DSD_LFS@DF_IALFS_LF_WAP_Q(1.0),,I,SWE,,LF_WAP,,PT_WAP_SUB,,_Z,,Y,,_T,,Y15T64,,_Z,,Q,,2013-Q2,,80.3706,,,,A,,0,,1,
DATAFLOW,OECD.SDD.TPS:DSD_LFS@DF_IALFS_LF_WAP_Q(1.0),,I,SWE,,LF_WAP,,PT_WAP_SUB,,_Z,,Y,,_T,,Y15T64,,_Z,,Q,,2013-Q3,,80.61427,,,,A,,0,,1,
DATAFLOW,OECD.SDD.TPS:DSD_LFS@DF_IALFS_LF_WAP_Q(1.0),,I,SWE,,LF_WAP,,PT_WAP_SUB,,_Z,,Y,,_T,,Y15T64,,_Z,,Q,,2013-Q4,,80.85532,,,,A,,0,,1,
DATAFLOW,OECD.SDD.TPS:DSD_LFS@DF_IALFS_LF_WAP_Q(1.0),,I,SWE,,LF_WAP,,PT_WAP_SUB,,_Z,,Y,,_T,,Y15T64,,_Z,,Q,,2014-Q1,,80.78804,,,,A,,0,,1,
DATAFLOW,OECD.SDD.TPS:DSD_LFS@DF_IALFS_LF_WAP_Q(1.0),,I,SWE,,LF_WAP,,PT_WAP_SUB,,_Z,,Y,,_T,,Y15T64,,_Z,,Q,,2014-Q2,,80.79637,,,,A,,0,,1,
DATAFLOW,OECD.SDD.TPS:DSD_LFS@DF_IALFS_LF_WAP_Q(1.0),,I,SWE,,LF_WAP,,PT_WAP_SUB,,_Z,,Y,,_T,,Y15T64,,_Z,,Q,,2014-Q3,,81.26847,,,,A,,0,,1,
DATAFLOW,OECD.SDD.TPS:DSD_LFS@DF_IALFS_LF_WAP_Q(1.0),,I,SWE,,LF_WAP,,PT_WAP_SUB,,_Z,,Y,,_T,,Y15T64,,_Z,,Q,,2014-Q4,,80.91965,,,,A,,0,,1,
DATAFLOW,OECD.SDD.TPS:DSD_LFS@DF_IALFS_LF_WAP_Q(1.0),,I,SWE,,LF_WAP,,PT_WAP_SUB,,_Z,,Y,,_T,,Y15T64,,_Z,,Q,,2015-Q1,,81.12716,,,,A,,0,,1,
DATAFLOW,OECD.SDD.TPS:DSD_LFS@DF_IALFS_LF_WAP_Q(1.0),,I,SWE,,LF_WAP,,PT_WAP_SUB,,_Z,,Y,,_T,,Y15T64,,_Z,,Q,,2015-Q2,,81.0252,,,,A,,0,,1,
DATAFLOW,OECD.SDD.TPS:DSD_LFS@DF_IALFS_LF_WAP_Q(1.0),,I,SWE,,LF_WAP,,PT_WAP_SUB,,_Z,,Y,,_T,,Y15T64,,_Z,,Q,,2015-Q3,,81.11092,,,,A,,0,,1,
DATAFLOW,OECD.SDD.TPS:DSD_LFS@DF_IALFS_LF_WAP_Q(1.0),,I,SWE,,LF_WAP,,PT_WAP_SUB,,_Z,,Y,,_T,,Y15T64,,_Z,,Q,,2015-Q4,,81.36214,,,,A,,0,,1,
DATAFLOW,OECD.SDD.TPS:DSD_LFS@DF_IALFS_LF_WAP_Q(1.0),,I,SWE,,LF_WAP,,PT_WAP_SUB,,_Z,,Y,,_T,,Y15T64,,_Z,,Q,,2016-Q1,,81.43475,,,,A,,0,,1,
DATAFLOW,OECD.SDD.TPS:DSD_LFS@DF_IALFS_LF_WAP_Q(1.0),,I,SWE,,LF_WAP,,PT_WAP_SUB,,_Z,,Y,,_T,,Y15T64,,_Z,,Q,,2016-Q2,,81.42332,,,,A,,0,,1,
DATAFLOW,OECD.SDD.TPS:DSD_LFS@DF_IALFS_LF_WAP_Q(1.0),,I,SWE,,LF_WAP,,PT_WAP_SUB,,_Z,,Y,,_T,,Y15T64,,_Z,,Q,,2016-Q3,,81.35334,,,,A,,0,,1,
DATAFLOW,OECD.SDD.TPS:DSD_LFS@DF_IALFS_LF_WAP_Q(1.0),,I,SWE,,LF_WAP,,PT_WAP_SUB,,_Z,,Y,,_T,,Y15T64,,_Z,,Q,,2016-Q4,,81.67028,,,,A,,0,,1,
DATAFLOW,OECD.SDD.TPS:DSD_LFS@DF_IALFS_LF_WAP_Q(1.0),,I,SWE,,LF_WAP,,PT_WAP_SUB,,_Z,,Y,,_T,,Y15T64,,_Z,,Q,,2017-Q1,,81.91653,,,,A,,0,,1,
DATAFLOW,OECD.SDD.TPS:DSD_LFS@DF_IALFS_LF_WAP_Q(1.0),,I,SWE,,LF_WAP,,PT_WAP_SUB,,_Z,,Y,,_T,,Y15T64,,_Z,,Q,,2017-Q2,,81.71039,,,,A,,0,,1,
DATAFLOW,OECD.SDD.TPS:DSD_LFS@DF_IALFS_LF_WAP_Q(1.0),,I,SWE,,LF_WAP,,PT_WAP_SUB,,_Z,,Y,,_T,,Y15T64,,_Z,,Q,,2017-Q3,,81.94328,,,,A,,0,,1,
DATAFLOW,OECD.SDD.TPS:DSD_LFS@DF_IALFS_LF_WAP_Q(1.0),,I,SWE,,LF_WAP,,PT_WAP_SUB,,_Z,,Y,,_T,,Y15T64,,_Z,,Q,,2017-Q4,,81.95945,,,,A,,0,,1,
DATAFLOW,OECD.SDD.TPS:DSD_LFS@DF_IALFS_LF_WAP_Q(1.0),,I,SWE,,LF_WAP,,PT_WAP_SUB,,_Z,,Y,,_T,,Y15T64,,_Z,,Q,,2018-Q1,,81.96999,,,,A,,0,,1,
DATAFLOW,OECD.SDD.TPS:DSD_LFS@DF_IALFS_LF_WAP_Q(1.0),,I,SWE,,LF_WAP,,PT_WAP_SUB,,_Z,,Y,,_T,,Y15T64,,_Z,,Q,,2018-Q2,,82.03074,,,,A,,0,,1,
DATAFLOW,OECD.SDD.TPS:DSD_LFS@DF_IALFS_LF_WAP_Q(1.0),,I,SWE,,LF_WAP,,PT_WAP_SUB,,_Z,,Y,,_T,,Y15T64,,_Z,,Q,,2018-Q3,,82.16457,,,,A,,0,,1,
DATAFLOW,OECD.SDD.TPS:DSD_LFS@DF_IALFS_LF_WAP_Q(1.0),,I,SWE,,LF_WAP,,PT_WAP_SUB,,_Z,,Y,,_T,,Y15T64,,_Z,,Q,,2018-Q4,,82.31964,,,,A,,0,,1,
DATAFLOW,OECD.SDD.TPS:DSD_LFS@DF_IALFS_LF_WAP_Q(1.0),,I,SWE,,LF_WAP,,PT_WAP_SUB,,_Z,,Y,,_T,,Y15T64,,_Z,,Q,,2019-Q1,,82.5089,,,,A,,0,,1,
DATAFLOW,OECD.SDD.TPS:DSD_LFS@DF_IALFS_LF_WAP_Q(1.0),,I,SWE,,LF_WAP,,PT_WAP_SUB,,_Z,,Y,,_T,,Y15T64,,_Z,,Q,,2019-Q2,,81.78738,,,,A,,0,,1,
DATAFLOW,OECD.SDD.TPS:DSD_LFS@DF_IALFS_LF_WAP_Q(1.0),,I,SWE,,LF_WAP,,PT_WAP_SUB,,_Z,,Y,,_T,,Y15T64,,_Z,,Q,,2019-Q3,,82.34409,,,,A,,0,,1,
DATAFLOW,OECD.SDD.TPS:DSD_LFS@DF_IALFS_LF_WAP_Q(1.0),,I,SWE,,LF_WAP,,PT_WAP_SUB,,_Z,,Y,,_T,,Y15T64,,_Z,,Q,,2019-Q4,,82.44588,,,,A,,0,,1,
DATAFLOW,OECD.SDD.TPS:DSD_LFS@DF_IALFS_LF_WAP_Q(1.0),,I,SWE,,LF_WAP,,PT_WAP_SUB,,_Z,,Y,,_T,,Y15T64,,_Z,,Q,,2020-Q1,,82.00468,,,,A,,0,,1,
DATAFLOW,OECD.SDD.TPS:DSD_LFS@DF_IALFS_LF_WAP_Q(1.0),,I,SWE,,LF_WAP,,PT_WAP_SUB,,_Z,,Y,,_T,,Y15T64,,_Z,,Q,,2020-Q2,,80.98563,,,,A,,0,,1,
DATAFLOW,OECD.SDD.TPS:DSD_LFS@DF_IALFS_LF_WAP_Q(1.0),,I,SWE,,LF_WAP,,PT_WAP_SUB,,_Z,,Y,,_T,,Y15T64,,_Z,,Q,,2020-Q3,,81.9623,,,,A,,0,,1,
DATAFLOW,OECD.SDD.TPS:DSD_LFS@DF_IALFS_LF_WAP_Q(1.0),,I,SWE,,LF_WAP,,PT_WAP_SUB,,_Z,,Y,,_T,,Y15T64,,_Z,,Q,,2020-Q4,,82.21115,,,,A,,0,,1,
DATAFLOW,OECD.SDD.TPS:DSD_LFS@DF_IALFS_LF_WAP_Q(1.0),,I,SWE,,LF_WAP,,PT_WAP_SUB,,_Z,,Y,,_T,,Y15T64,,_Z,,Q,,2021-Q1,,82.10307,,,,A,,0,,1,
DATAFLOW,OECD.SDD.TPS:DSD_LFS@DF_IALFS_LF_WAP_Q(1.0),,I,SWE,,LF_WAP,,PT_WAP_SUB,,_Z,,Y,,_T,,Y15T64,,_Z,,Q,,2021-Q2,,82.76046,,,,A,,0,,1,
DATAFLOW,OECD.SDD.TPS:DSD_LFS@DF_IALFS_LF_WAP_Q(1.0),,I,SWE,,LF_WAP,,PT_WAP_SUB,,_Z,,Y,,_T,,Y15T64,,_Z,,Q,,2021-Q3,,82.86275,,,,A,,0,,1,
DATAFLOW,OECD.SDD.TPS:DSD_LFS@DF_IALFS_LF_WAP_Q(1.0),,I,SWE,,LF_WAP,,PT_WAP_SUB,,_Z,,Y,,_T,,Y15T64,,_Z,,Q,,2021-Q4,,82.76604,,,,A,,0,,1,
DATAFLOW,OECD.SDD.TPS:DSD_LFS@DF_IALFS_LF_WAP_Q(1.0),,I,SWE,,LF_WAP,,PT_WAP_SUB,,_Z,,Y,,_T,,Y15T64,,_Z,,Q,,2022-Q1,,82.97664,,,,A,,0,,1,
DATAFLOW,OECD.SDD.TPS:DSD_LFS@DF_IALFS_LF_WAP_Q(1.0),,I,SWE,,LF_WAP,,PT_WAP_SUB,,_Z,,Y,,_T,,Y15T64,,_Z,,Q,,2022-Q2,,83.56905,,,,A,,0,,1,
DATAFLOW,OECD.SDD.TPS:DSD_LFS@DF_IALFS_LF_WAP_Q(1.0),,I,SWE,,LF_WAP,,PT_WAP_SUB,,_Z,,Y,,_T,,Y15T64,,_Z,,Q,,2022-Q3,,83.31305,,,,A,,0,,1,
DATAFLOW,OECD.SDD.TPS:DSD_LFS@DF_IALFS_LF_WAP_Q(1.0),,I,SWE,,LF_WAP,,PT_WAP_SUB,,_Z,,Y,,_T,,Y15T64,,_Z,,Q,,2022-Q4,,83.43254,,,,A,,0,,1,
DATAFLOW,OECD.SDD.TPS:DSD_LFS@DF_IALFS_LF_WAP_Q(1.0),,I,SWE,,LF_WAP,,PT_WAP_SUB,,_Z,,Y,,_T,,Y15T64,,_Z,,Q,,2023-Q1,,83.8548,,,,A,,0,,1,
DATAFLOW,OECD.SDD.TPS:DSD_LFS@DF_IALFS_LF_WAP_Q(1.0),,I,SWE,,LF_WAP,,PT_WAP_SUB,,_Z,,Y,,_T,,Y15T64,,_Z,,Q,,2023-Q2,,84.00333,,,,A,,0,,1,
DATAFLOW,OECD.SDD.TPS:DSD_LFS@DF_IALFS_LF_WAP_Q(1.0),,I,SWE,,LF_WAP,,PT_WAP_SUB,,_Z,,Y,,_T,,Y15T64,,_Z,,Q,,2023-Q3,,84.0071,,,,A,,0,,1,
DATAFLOW,OECD.SDD.TPS:DSD_LFS@DF_IALFS_LF_WAP_Q(1.0),,I,SWE,,LF_WAP,,PT_WAP_SUB,,_Z,,Y,,_T,,Y15T64,,_Z,,Q,,2023-Q4,,84.07965,,,,A,,0,,1,
DATAFLOW,OECD.SDD.TPS:DSD_LFS@DF_IALFS_LF_WAP_Q(1.0),,I,SWE,,LF_WAP,,PT_WAP_SUB,,_Z,,Y,,_T,,Y15T64,,_Z,,Q,,2024-Q1,,84.03714,,,,A,,0,,1,
DATAFLOW,OECD.SDD.TPS:DSD_LFS@DF_IALFS_LF_WAP_Q(1.0),,I,SWE,,LF_WAP,,PT_WAP_SUB,,_Z,,Y,,_T,,Y15T64,,_Z,,Q,,2024-Q2,,84.09135,,,,A,,0,,1,
DATAFLOW,OECD.SDD.TPS:DSD_LFS@DF_IALFS_LF_WAP_Q(1.0),,I,SWE,,LF_WAP,,PT_WAP_SUB,,_Z,,Y,,_T,,Y15T64,,_Z,,Q,,2024-Q3,,83.7424,,,,A,,0,,1,
DATAFLOW,OECD.SDD.TPS:DSD_LFS@DF_IALFS_LF_WAP_Q(1.0),,I,SWE,,LF_WAP,,PT_WAP_SUB,,_Z,,Y,,_T,,Y15T64,,_Z,,Q,,2024-Q4,,83.436,,,,A,,0,,1,
DATAFLOW,OECD.SDD.TPS:DSD_LFS@DF_IALFS_LF_WAP_Q(1.0),,I,SWE,,LF_WAP,,PT_WAP_SUB,,_Z,,Y,,_T,,Y15T64,,_Z,,Q,,2025-Q1,,84.01774,,,,A,,0,,1,
DATAFLOW,OECD.SDD.TPS:DSD_LFS@DF_IALFS_LF_WAP_Q(1.0),,I,SWE,,LF_WAP,,PT_WAP_SUB,,_Z,,Y,,_T,,Y15T64,,_Z,,Q,,2025-Q2,,83.91825,,,,A,,0,,1,
DATAFLOW,OECD.SDD.TPS:DSD_LFS@DF_IALFS_LF_WAP_Q(1.0),,I,SWE,,LF_WAP,,PT_WAP_SUB,,_Z,,Y,,_T,,Y15T64,,_Z,,Q,,2025-Q3,,83.75405,,,,A,,0,,1,
DATAFLOW,OECD.SDD.TPS:DSD_LFS@DF_IALFS_LF_WAP_Q(1.0),,I,SWE,,LF_WAP,,PT_WAP_SUB,,_Z,,Y,,_T,,Y15T64,,_Z,,Q,,2025-Q4,,84.30975,,,,A,,0,,1,
DATAFLOW,OECD.SDD.TPS:DSD_LFS@DF_IALFS_LF_WAP_Q(1.0),,I,SWE,,LF_WAP,,PT_WAP_SUB,,_Z,,Y,,_T,,Y15T64,,_Z,,Q,,2026-Q1,,84.17497,,,,A,,0,,1,
DATAFLOW,OECD.SDD.TPS:DSD_LFS@DF_IALFS_LF_WAP_Q(1.0),,I,POL,,LF_WAP,,PT_WAP_SUB,,_Z,,Y,,_T,,Y15T64,,_Z,,Q,,2000-Q1,,65.98208,,,,A,,0,,1,
DATAFLOW,OECD.SDD.TPS:DSD_LFS@DF_IALFS_LF_WAP_Q(1.0),,I,POL,,LF_WAP,,PT_WAP_SUB,,_Z,,Y,,_T,,Y15T64,,_Z,,Q,,2000-Q2,,65.82857,,,,A,,0,,1,
DATAFLOW,OECD.SDD.TPS:DSD_LFS@DF_IALFS_LF_WAP_Q(1.0),,I,POL,,LF_WAP,,PT_WAP_SUB,,_Z,,Y,,_T,,Y15T64,,_Z,,Q,,2000-Q3,,65.59125,,,,A,,0,,1,
DATAFLOW,OECD.SDD.TPS:DSD_LFS@DF_IALFS_LF_WAP_Q(1.0),,I,POL,,LF_WAP,,PT_WAP_SUB,,_Z,,Y,,_T,,Y15T64,,_Z,,Q,,2000-Q4,,65.66417,,,,A,,0,,1,
DATAFLOW,OECD.SDD.TPS:DSD_LFS@DF_IALFS_LF_WAP_Q(1.0),,I,POL,,LF_WAP,,PT_WAP_SUB,,_Z,,Y,,_T,,Y15T64,,_Z,,Q,,2001-Q1,,65.785,,,,A,,0,,1,
DATAFLOW,OECD.SDD.TPS:DSD_LFS@DF_IALFS_LF_WAP_Q(1.0),,I,POL,,LF_WAP,,PT_WAP_SUB,,_Z,,Y,,_T,,Y15T64,,_Z,,Q,,2001-Q2,,65.71008,,,,A,,0,,1,
DATAFLOW,OECD.SDD.TPS:DSD_LFS@DF_IALFS_LF_WAP_Q(1.0),,I,POL,,LF_WAP,,PT_WAP_SUB,,_Z,,Y,,_T,,Y15T64,,_Z,,Q,,2001-Q3,,65.47895,,,,A,,0,,1,
DATAFLOW,OECD.SDD.TPS:DSD_LFS@DF_IALFS_LF_WAP_Q(1.0),,I,POL,,LF_WAP,,PT_WAP_SUB,,_Z,,Y,,_T,,Y15T64,,_Z,,Q,,2001-Q4,,65.17022,,,,A,,0,,1,
DATAFLOW,OECD.SDD.TPS:DSD_LFS@DF_IALFS_LF_WAP_Q(1.0),,I,POL,,LF_WAP,,PT_WAP_SUB,,_Z,,Y,,_T,,Y15T64,,_Z,,Q,,2002-Q1,,64.92923,,,,A,,0,,1,
DATAFLOW,OECD.SDD.TPS:DSD_LFS@DF_IALFS_LF_WAP_Q(1.0),,I,POL,,LF_WAP,,PT_WAP_SUB,,_Z,,Y,,_T,,Y15T64,,_Z,,Q,,2002-Q2,,64.71408,,,,A,,0,,1,
DATAFLOW,OECD.SDD.TPS:DSD_LFS@DF_IALFS_LF_WAP_Q(1.0),,I,POL,,LF_WAP,,PT_WAP_SUB,,_Z,,Y,,_T,,Y15T64,,_Z,,Q,,2002-Q3,,64.44752,,,,A,,0,,1,
DATAFLOW,OECD.SDD.TPS:DSD_LFS@DF_IALFS_LF_WAP_Q(1.0),,I,POL,,LF_WAP,,PT_WAP_SUB,,_Z,,Y,,_T,,Y15T64,,_Z,,Q,,2002-Q4,,64.22082,,,,A,,0,,1,
DATAFLOW,OECD.SDD.TPS:DSD_LFS@DF_IALFS_LF_WAP_Q(1.0),,I,POL,,LF_WAP,,PT_WAP_SUB,,_Z,,Y,,_T,,Y15T64,,_Z,,Q,,2003-Q1,,63.87448,,,,A,,0,,1,
DATAFLOW,OECD.SDD.TPS:DSD_LFS@DF_IALFS_LF_WAP_Q(1.0),,I,POL,,LF_WAP,,PT_WAP_SUB,,_Z,,Y,,_T,,Y15T64,,_Z,,Q,,2003-Q2,,63.96699,,,,A,,0,,1,
DATAFLOW,OECD.SDD.TPS:DSD_LFS@DF_IALFS_LF_WAP_Q(1.0),,I,POL,,LF_WAP,,PT_WAP_SUB,,_Z,,Y,,_T,,Y15T64,,_Z,,Q,,2003-Q3,,63.97133,,,,A,,0,,1,
DATAFLOW,OECD.SDD.TPS:DSD_LFS@DF_IALFS_LF_WAP_Q(1.0),,I,POL,,LF_WAP,,PT_WAP_SUB,,_Z,,Y,,_T,,Y15T64,,_Z,,Q,,2003-Q4,,63.94317,,,,A,,0,,1,
DATAFLOW,OECD.SDD.TPS:DSD_LFS@DF_IALFS_LF_WAP_Q(1.0),,I,POL,,LF_WAP,,PT_WAP_SUB,,_Z,,Y,,_T,,Y15T64,,_Z,,Q,,2004-Q1,,64.16357,,,,A,,0,,1,
DATAFLOW,OECD.SDD.TPS:DSD_LFS@DF_IALFS_LF_WAP_Q(1.0),,I,POL,,LF_WAP,,PT_WAP_SUB,,_Z,,Y,,_T,,Y15T64,,_Z,,Q,,2004-Q2,,63.88966,,,,A,,0,,1,
DATAFLOW,OECD.SDD.TPS:DSD_LFS@DF_IALFS_LF_WAP_Q(1.0),,I,POL,,LF_WAP,,PT_WAP_SUB,,_Z,,Y,,_T,,Y15T64,,_Z,,Q,,2004-Q3,,63.79523,,,,A,,0,,1,
DATAFLOW,OECD.SDD.TPS:DSD_LFS@DF_IALFS_LF_WAP_Q(1.0),,I,POL,,LF_WAP,,PT_WAP_SUB,,_Z,,Y,,_T,,Y15T64,,_Z,,Q,,2004-Q4,,64.09731,,,,A,,0,,1,
DATAFLOW,OECD.SDD.TPS:DSD_LFS@DF_IALFS_LF_WAP_Q(1.0),,I,POL,,LF_WAP,,PT_WAP_SUB,,_Z,,Y,,_T,,Y15T64,,_Z,,Q,,2005-Q1,,64.23193,,,,A,,0,,1,
DATAFLOW,OECD.SDD.TPS:DSD_LFS@DF_IALFS_LF_WAP_Q(1.0),,I,POL,,LF_WAP,,PT_WAP_SUB,,_Z,,Y,,_T,,Y15T64,,_Z,,Q,,2005-Q2,,64.32809,,,,A,,0,,1,
DATAFLOW,OECD.SDD.TPS:DSD_LFS@DF_IALFS_LF_WAP_Q(1.0),,I,POL,,LF_WAP,,PT_WAP_SUB,,_Z,,Y,,_T,,Y15T64,,_Z,,Q,,2005-Q3,,64.61915,,,,A,,0,,1,
DATAFLOW,OECD.SDD.TPS:DSD_LFS@DF_IALFS_LF_WAP_Q(1.0),,I,POL,,LF_WAP,,PT_WAP_SUB,,_Z,,Y,,_T,,Y15T64,,_Z,,Q,,2005-Q4,,64.32507,,,,A,,0,,1,
DATAFLOW,OECD.SDD.TPS:DSD_LFS@DF_IALFS_LF_WAP_Q(1.0),,I,POL,,LF_WAP,,PT_WAP_SUB,,_Z,,Y,,_T,,Y15T64,,_Z,,Q,,2006-Q1,,63.46153,,,,A,,0,,1,
DATAFLOW,OECD.SDD.TPS:DSD_LFS@DF_IALFS_LF_WAP_Q(1.0),,I,POL,,LF_WAP,,PT_WAP_SUB,,_Z,,Y,,_T,,Y15T64,,_Z,,Q,,2006-Q2,,63.32313,,,,A,,0,,1,
DATAFLOW,OECD.SDD.TPS:DSD_LFS@DF_IALFS_LF_WAP_Q(1.0),,I,POL,,LF_WAP,,PT_WAP_SUB,,_Z,,Y,,_T,,Y15T64,,_Z,,Q,,2006-Q3,,63.42396,,,,A,,0,,1,
DATAFLOW,OECD.SDD.TPS:DSD_LFS@DF_IALFS_LF_WAP_Q(1.0),,I,POL,,LF_WAP,,PT_WAP_SUB,,_Z,,Y,,_T,,Y15T64,,_Z,,Q,,2006-Q4,,63.22532,,,,A,,0,,1,
DATAFLOW,OECD.SDD.TPS:DSD_LFS@DF_IALFS_LF_WAP_Q(1.0),,I,POL,,LF_WAP,,PT_WAP_SUB,,_Z,,Y,,_T,,Y15T64,,_Z,,Q,,2007-Q1,,63.06859,,,,A,,0,,1,
DATAFLOW,OECD.SDD.TPS:DSD_LFS@DF_IALFS_LF_WAP_Q(1.0),,I,POL,,LF_WAP,,PT_WAP_SUB,,_Z,,Y,,_T,,Y15T64,,_Z,,Q,,2007-Q2,,63.1778,,,,A,,0,,1,
DATAFLOW,OECD.SDD.TPS:DSD_LFS@DF_IALFS_LF_WAP_Q(1.0),,I,POL,,LF_WAP,,PT_WAP_SUB,,_Z,,Y,,_T,,Y15T64,,_Z,,Q,,2007-Q3,,63.05037,,,,A,,0,,1,
DATAFLOW,OECD.SDD.TPS:DSD_LFS@DF_IALFS_LF_WAP_Q(1.0),,I,POL,,LF_WAP,,PT_WAP_SUB,,_Z,,Y,,_T,,Y15T64,,_Z,,Q,,2007-Q4,,63.34396,,,,A,,0,,1,
DATAFLOW,OECD.SDD.TPS:DSD_LFS@DF_IALFS_LF_WAP_Q(1.0),,I,POL,,LF_WAP,,PT_WAP_SUB,,_Z,,Y,,_T,,Y15T64,,_Z,,Q,,2008-Q1,,63.59696,,,,A,,0,,1,
DATAFLOW,OECD.SDD.TPS:DSD_LFS@DF_IALFS_LF_WAP_Q(1.0),,I,POL,,LF_WAP,,PT_WAP_SUB,,_Z,,Y,,_T,,Y15T64,,_Z,,Q,,2008-Q2,,63.69477,,,,A,,0,,1,
DATAFLOW,OECD.SDD.TPS:DSD_LFS@DF_IALFS_LF_WAP_Q(1.0),,I,POL,,LF_WAP,,PT_WAP_SUB,,_Z,,Y,,_T,,Y15T64,,_Z,,Q,,2008-Q3,,63.87176,,,,A,,0,,1,
DATAFLOW,OECD.SDD.TPS:DSD_LFS@DF_IALFS_LF_WAP_Q(1.0),,I,POL,,LF_WAP,,PT_WAP_SUB,,_Z,,Y,,_T,,Y15T64,,_Z,,Q,,2009-Q1,,62.26962,,,,A,,0,,1,
DATAFLOW,OECD.SDD.TPS:DSD_LFS@DF_IALFS_LF_WAP_Q(1.0),,I,POL,,LF_WAP,,PT_WAP_SUB,,_Z,,Y,,_T,,Y15T64,,_Z,,Q,,2009-Q2,,62.26577,,,,A,,0,,1,
DATAFLOW,OECD.SDD.TPS:DSD_LFS@DF_IALFS_LF_WAP_Q(1.0),,I,POL,,LF_WAP,,PT_WAP_SUB,,_Z,,Y,,_T,,Y15T64,,_Z,,Q,,2009-Q3,,62.59489,,,,A,,0,,1,
DATAFLOW,OECD.SDD.TPS:DSD_LFS@DF_IALFS_LF_WAP_Q(1.0),,I,POL,,LF_WAP,,PT_WAP_SUB,,_Z,,Y,,_T,,Y15T64,,_Z,,Q,,2009-Q4,,62.93563,,,,A,,0,,1,
DATAFLOW,OECD.SDD.TPS:DSD_LFS@DF_IALFS_LF_WAP_Q(1.0),,I,POL,,LF_WAP,,PT_WAP_SUB,,_Z,,Y,,_T,,Y15T64,,_Z,,Q,,2010-Q1,,63.12239,,,,A,,0,,1,
DATAFLOW,OECD.SDD.TPS:DSD_LFS@DF_IALFS_LF_WAP_Q(1.0),,I,POL,,LF_WAP,,PT_WAP_SUB,,_Z,,Y,,_T,,Y15T64,,_Z,,Q,,2010-Q2,,63.37987,,,,A,,0,,1,
DATAFLOW,OECD.SDD.TPS:DSD_LFS@DF_IALFS_LF_WAP_Q(1.0),,I,POL,,LF_WAP,,PT_WAP_SUB,,_Z,,Y,,_T,,Y15T64,,_Z,,Q,,2010-Q3,,63.49025,,,,A,,0,,1,
DATAFLOW,OECD.SDD.TPS:DSD_LFS@DF_IALFS_LF_WAP_Q(1.0),,I,POL,,LF_WAP,,PT_WAP_SUB,,_Z,,Y,,_T,,Y15T64,,_Z,,Q,,2010-Q4,,63.43536,,,,A,,0,,1,
DATAFLOW,OECD.SDD.TPS:DSD_LFS@DF_IALFS_LF_WAP_Q(1.0),,I,POL,,LF_WAP,,PT_WAP_SUB,,_Z,,Y,,_T,,Y15T64,,_Z,,Q,,2011-Q1,,63.5307,,,,A,,0,,1,
DATAFLOW,OECD.SDD.TPS:DSD_LFS@DF_IALFS_LF_WAP_Q(1.0),,I,POL,,LF_WAP,,PT_WAP_SUB,,_Z,,Y,,_T,,Y15T64,,_Z,,Q,,2011-Q2,,63.80931,,,,A,,0,,1,
DATAFLOW,OECD.SDD.TPS:DSD_LFS@DF_IALFS_LF_WAP_Q(1.0),,I,POL,,LF_WAP,,PT_WAP_SUB,,_Z,,Y,,_T,,Y15T64,,_Z,,Q,,2011-Q3,,63.93347,,,,A,,0,,1,
DATAFLOW,OECD.SDD.TPS:DSD_LFS@DF_IALFS_LF_WAP_Q(1.0),,I,POL,,LF_WAP,,PT_WAP_SUB,,_Z,,Y,,_T,,Y15T64,,_Z,,Q,,2011-Q4,,64.21424,,,,A,,0,,1,
DATAFLOW,OECD.SDD.TPS:DSD_LFS@DF_IALFS_LF_WAP_Q(1.0),,I,POL,,LF_WAP,,PT_WAP_SUB,,_Z,,Y,,_T,,Y15T64,,_Z,,Q,,2012-Q1,,64.50661,,,,A,,0,,1,
DATAFLOW,OECD.SDD.TPS:DSD_LFS@DF_IALFS_LF_WAP_Q(1.0),,I,POL,,LF_WAP,,PT_WAP_SUB,,_Z,,Y,,_T,,Y15T64,,_Z,,Q,,2012-Q2,,64.77335,,,,A,,0,,1,
DATAFLOW,OECD.SDD.TPS:DSD_LFS@DF_IALFS_LF_WAP_Q(1.0),,I,POL,,LF_WAP,,PT_WAP_SUB,,_Z,,Y,,_T,,Y15T64,,_Z,,Q,,2012-Q3,,64.87436,,,,A,,0,,1,
DATAFLOW,OECD.SDD.TPS:DSD_LFS@DF_IALFS_LF_WAP_Q(1.0),,I,POL,,LF_WAP,,PT_WAP_SUB,,_Z,,Y,,_T,,Y15T64,,_Z,,Q,,2012-Q4,,65.10678,,,,A,,0,,1,
DATAFLOW,OECD.SDD.TPS:DSD_LFS@DF_IALFS_LF_WAP_Q(1.0),,I,POL,,LF_WAP,,PT_WAP_SUB,,_Z,,Y,,_T,,Y15T64,,_Z,,Q,,2013-Q1,,65.05349,,,,A,,0,,1,
DATAFLOW,OECD.SDD.TPS:DSD_LFS@DF_IALFS_LF_WAP_Q(1.0),,I,POL,,LF_WAP,,PT_WAP_SUB,,_Z,,Y,,_T,,Y15T64,,_Z,,Q,,2013-Q2,,65.33275,,,,A,,0,,1,
DATAFLOW,OECD.SDD.TPS:DSD_LFS@DF_IALFS_LF_WAP_Q(1.0),,I,POL,,LF_WAP,,PT_WAP_SUB,,_Z,,Y,,_T,,Y15T64,,_Z,,Q,,2013-Q3,,65.55733,,,,A,,0,,1,
DATAFLOW,OECD.SDD.TPS:DSD_LFS@DF_IALFS_LF_WAP_Q(1.0),,I,POL,,LF_WAP,,PT_WAP_SUB,,_Z,,Y,,_T,,Y15T64,,_Z,,Q,,2013-Q4,,65.69822,,,,A,,0,,1,
DATAFLOW,OECD.SDD.TPS:DSD_LFS@DF_IALFS_LF_WAP_Q(1.0),,I,POL,,LF_WAP,,PT_WAP_SUB,,_Z,,Y,,_T,,Y15T64,,_Z,,Q,,2014-Q1,,66.14191,,,,A,,0,,1,
DATAFLOW,OECD.SDD.TPS:DSD_LFS@DF_IALFS_LF_WAP_Q(1.0),,I,POL,,LF_WAP,,PT_WAP_SUB,,_Z,,Y,,_T,,Y15T64,,_Z,,Q,,2014-Q2,,66.31047,,,,A,,0,,1,
DATAFLOW,OECD.SDD.TPS:DSD_LFS@DF_IALFS_LF_WAP_Q(1.0),,I,POL,,LF_WAP,,PT_WAP_SUB,,_Z,,Y,,_T,,Y15T64,,_Z,,Q,,2014-Q3,,66.50905,,,,A,,0,,1,
DATAFLOW,OECD.SDD.TPS:DSD_LFS@DF_IALFS_LF_WAP_Q(1.0),,I,POL,,LF_WAP,,PT_WAP_SUB,,_Z,,Y,,_T,,Y15T64,,_Z,,Q,,2014-Q4,,66.61034,,,,A,,0,,1,
DATAFLOW,OECD.SDD.TPS:DSD_LFS@DF_IALFS_LF_WAP_Q(1.0),,I,POL,,LF_WAP,,PT_WAP_SUB,,_Z,,Y,,_T,,Y15T64,,_Z,,Q,,2015-Q1,,66.56509,,,,A,,0,,1,
DATAFLOW,OECD.SDD.TPS:DSD_LFS@DF_IALFS_LF_WAP_Q(1.0),,I,POL,,LF_WAP,,PT_WAP_SUB,,_Z,,Y,,_T,,Y15T64,,_Z,,Q,,2015-Q2,,66.49444,,,,A,,0,,1,
DATAFLOW,OECD.SDD.TPS:DSD_LFS@DF_IALFS_LF_WAP_Q(1.0),,I,POL,,LF_WAP,,PT_WAP_SUB,,_Z,,Y,,_T,,Y15T64,,_Z,,Q,,2015-Q3,,66.87113,,,,A,,0,,1,
DATAFLOW,OECD.SDD.TPS:DSD_LFS@DF_IALFS_LF_WAP_Q(1.0),,I,POL,,LF_WAP,,PT_WAP_SUB,,_Z,,Y,,_T,,Y15T64,,_Z,,Q,,2015-Q4,,67.16989,,,,A,,0,,1,
DATAFLOW,OECD.SDD.TPS:DSD_LFS@DF_IALFS_LF_WAP_Q(1.0),,I,POL,,LF_WAP,,PT_WAP_SUB,,_Z,,Y,,_T,,Y15T64,,_Z,,Q,,2016-Q1,,67.45586,,,,A,,0,,1,
DATAFLOW,OECD.SDD.TPS:DSD_LFS@DF_IALFS_LF_WAP_Q(1.0),,I,POL,,LF_WAP,,PT_WAP_SUB,,_Z,,Y,,_T,,Y15T64,,_Z,,Q,,2016-Q2,,67.63578,,,,A,,0,,1,
DATAFLOW,OECD.SDD.TPS:DSD_LFS@DF_IALFS_LF_WAP_Q(1.0),,I,POL,,LF_WAP,,PT_WAP_SUB,,_Z,,Y,,_T,,Y15T64,,_Z,,Q,,2016-Q3,,67.7999,,,,A,,0,,1,
DATAFLOW,OECD.SDD.TPS:DSD_LFS@DF_IALFS_LF_WAP_Q(1.0),,I,POL,,LF_WAP,,PT_WAP_SUB,,_Z,,Y,,_T,,Y15T64,,_Z,,Q,,2016-Q4,,68.1796,,,,A,,0,,1,
DATAFLOW,OECD.SDD.TPS:DSD_LFS@DF_IALFS_LF_WAP_Q(1.0),,I,POL,,LF_WAP,,PT_WAP_SUB,,_Z,,Y,,_T,,Y15T64,,_Z,,Q,,2017-Q1,,68.47351,,,,A,,0,,1,
DATAFLOW,OECD.SDD.TPS:DSD_LFS@DF_IALFS_LF_WAP_Q(1.0),,I,POL,,LF_WAP,,PT_WAP_SUB,,_Z,,Y,,_T,,Y15T64,,_Z,,Q,,2017-Q2,,68.72168,,,,A,,0,,1,
DATAFLOW,OECD.SDD.TPS:DSD_LFS@DF_IALFS_LF_WAP_Q(1.0),,I,POL,,LF_WAP,,PT_WAP_SUB,,_Z,,Y,,_T,,Y15T64,,_Z,,Q,,2017-Q3,,68.77486,,,,A,,0,,1,
DATAFLOW,OECD.SDD.TPS:DSD_LFS@DF_IALFS_LF_WAP_Q(1.0),,I,POL,,LF_WAP,,PT_WAP_SUB,,_Z,,Y,,_T,,Y15T64,,_Z,,Q,,2017-Q4,,68.91325,,,,A,,0,,1,
DATAFLOW,OECD.SDD.TPS:DSD_LFS@DF_IALFS_LF_WAP_Q(1.0),,I,POL,,LF_WAP,,PT_WAP_SUB,,_Z,,Y,,_T,,Y15T64,,_Z,,Q,,2018-Q1,,69.05257,,,,A,,0,,1,
DATAFLOW,OECD.SDD.TPS:DSD_LFS@DF_IALFS_LF_WAP_Q(1.0),,I,POL,,LF_WAP,,PT_WAP_SUB,,_Z,,Y,,_T,,Y15T64,,_Z,,Q,,2018-Q2,,69.37374,,,,A,,0,,1,
DATAFLOW,OECD.SDD.TPS:DSD_LFS@DF_IALFS_LF_WAP_Q(1.0),,I,POL,,LF_WAP,,PT_WAP_SUB,,_Z,,Y,,_T,,Y15T64,,_Z,,Q,,2018-Q3,,69.57314,,,,A,,0,,1,
DATAFLOW,OECD.SDD.TPS:DSD_LFS@DF_IALFS_LF_WAP_Q(1.0),,I,POL,,LF_WAP,,PT_WAP_SUB,,_Z,,Y,,_T,,Y15T64,,_Z,,Q,,2018-Q4,,69.54768,,,,A,,0,,1,
DATAFLOW,OECD.SDD.TPS:DSD_LFS@DF_IALFS_LF_WAP_Q(1.0),,I,POL,,LF_WAP,,PT_WAP_SUB,,_Z,,Y,,_T,,Y15T64,,_Z,,Q,,2019-Q1,,69.921,,,,A,,0,,1,
DATAFLOW,OECD.SDD.TPS:DSD_LFS@DF_IALFS_LF_WAP_Q(1.0),,I,POL,,LF_WAP,,PT_WAP_SUB,,_Z,,Y,,_T,,Y15T64,,_Z,,Q,,2019-Q2,,70.14439,,,,A,,0,,1,
DATAFLOW,OECD.SDD.TPS:DSD_LFS@DF_IALFS_LF_WAP_Q(1.0),,I,POL,,LF_WAP,,PT_WAP_SUB,,_Z,,Y,,_T,,Y15T64,,_Z,,Q,,2019-Q3,,70.20842,,,,A,,0,,1,
DATAFLOW,OECD.SDD.TPS:DSD_LFS@DF_IALFS_LF_WAP_Q(1.0),,I,POL,,LF_WAP,,PT_WAP_SUB,,_Z,,Y,,_T,,Y15T64,,_Z,,Q,,2019-Q4,,70.22096,,,,A,,0,,1,
DATAFLOW,OECD.SDD.TPS:DSD_LFS@DF_IALFS_LF_WAP_Q(1.0),,I,POL,,LF_WAP,,PT_WAP_SUB,,_Z,,Y,,_T,,Y15T64,,_Z,,Q,,2020-Q1,,70.30846,,,,A,,0,,1,
DATAFLOW,OECD.SDD.TPS:DSD_LFS@DF_IALFS_LF_WAP_Q(1.0),,I,POL,,LF_WAP,,PT_WAP_SUB,,_Z,,Y,,_T,,Y15T64,,_Z,,Q,,2020-Q2,,69.39938,,,,A,,0,,1,
DATAFLOW,OECD.SDD.TPS:DSD_LFS@DF_IALFS_LF_WAP_Q(1.0),,I,POL,,LF_WAP,,PT_WAP_SUB,,_Z,,Y,,_T,,Y15T64,,_Z,,Q,,2020-Q3,,70.3425,,,,A,,0,,1,
DATAFLOW,OECD.SDD.TPS:DSD_LFS@DF_IALFS_LF_WAP_Q(1.0),,I,POL,,LF_WAP,,PT_WAP_SUB,,_Z,,Y,,_T,,Y15T64,,_Z,,Q,,2020-Q4,,70.9404,,,,A,,0,,1,
DATAFLOW,OECD.SDD.TPS:DSD_LFS@DF_IALFS_LF_WAP_Q(1.0),,I,POL,,LF_WAP,,PT_WAP_SUB,,_Z,,Y,,_T,,Y15T64,,_Z,,Q,,2021-Q1,,72.36964,,,,A,,0,,1,
DATAFLOW,OECD.SDD.TPS:DSD_LFS@DF_IALFS_LF_WAP_Q(1.0),,I,POL,,LF_WAP,,PT_WAP_SUB,,_Z,,Y,,_T,,Y15T64,,_Z,,Q,,2021-Q2,,72.80492,,,,A,,0,,1,
DATAFLOW,OECD.SDD.TPS:DSD_LFS@DF_IALFS_LF_WAP_Q(1.0),,I,POL,,LF_WAP,,PT_WAP_SUB,,_Z,,Y,,_T,,Y15T64,,_Z,,Q,,2021-Q3,,73.17159,,,,A,,0,,1,
DATAFLOW,OECD.SDD.TPS:DSD_LFS@DF_IALFS_LF_WAP_Q(1.0),,I,POL,,LF_WAP,,PT_WAP_SUB,,_Z,,Y,,_T,,Y15T64,,_Z,,Q,,2021-Q4,,73.32529,,,,A,,0,,1,
DATAFLOW,OECD.SDD.TPS:DSD_LFS@DF_IALFS_LF_WAP_Q(1.0),,I,POL,,LF_WAP,,PT_WAP_SUB,,_Z,,Y,,_T,,Y15T64,,_Z,,Q,,2022-Q1,,73.47955,,,,A,,0,,1,
DATAFLOW,OECD.SDD.TPS:DSD_LFS@DF_IALFS_LF_WAP_Q(1.0),,I,POL,,LF_WAP,,PT_WAP_SUB,,_Z,,Y,,_T,,Y15T64,,_Z,,Q,,2022-Q2,,73.64935,,,,A,,0,,1,
DATAFLOW,OECD.SDD.TPS:DSD_LFS@DF_IALFS_LF_WAP_Q(1.0),,I,POL,,LF_WAP,,PT_WAP_SUB,,_Z,,Y,,_T,,Y15T64,,_Z,,Q,,2022-Q3,,73.42174,,,,A,,0,,1,
DATAFLOW,OECD.SDD.TPS:DSD_LFS@DF_IALFS_LF_WAP_Q(1.0),,I,POL,,LF_WAP,,PT_WAP_SUB,,_Z,,Y,,_T,,Y15T64,,_Z,,Q,,2022-Q4,,74.02296,,,,A,,0,,1,
DATAFLOW,OECD.SDD.TPS:DSD_LFS@DF_IALFS_LF_WAP_Q(1.0),,I,POL,,LF_WAP,,PT_WAP_SUB,,_Z,,Y,,_T,,Y15T64,,_Z,,Q,,2023-Q1,,74.3768,,,,A,,0,,1,
DATAFLOW,OECD.SDD.TPS:DSD_LFS@DF_IALFS_LF_WAP_Q(1.0),,I,POL,,LF_WAP,,PT_WAP_SUB,,_Z,,Y,,_T,,Y15T64,,_Z,,Q,,2023-Q2,,74.43143,,,,A,,0,,1,
DATAFLOW,OECD.SDD.TPS:DSD_LFS@DF_IALFS_LF_WAP_Q(1.0),,I,POL,,LF_WAP,,PT_WAP_SUB,,_Z,,Y,,_T,,Y15T64,,_Z,,Q,,2023-Q3,,74.41348,,,,A,,0,,1,
DATAFLOW,OECD.SDD.TPS:DSD_LFS@DF_IALFS_LF_WAP_Q(1.0),,I,POL,,LF_WAP,,PT_WAP_SUB,,_Z,,Y,,_T,,Y15T64,,_Z,,Q,,2023-Q4,,74.83958,,,,A,,0,,1,
DATAFLOW,OECD.SDD.TPS:DSD_LFS@DF_IALFS_LF_WAP_Q(1.0),,I,POL,,LF_WAP,,PT_WAP_SUB,,_Z,,Y,,_T,,Y15T64,,_Z,,Q,,2024-Q1,,74.75674,,,,A,,0,,1,
DATAFLOW,OECD.SDD.TPS:DSD_LFS@DF_IALFS_LF_WAP_Q(1.0),,I,POL,,LF_WAP,,PT_WAP_SUB,,_Z,,Y,,_T,,Y15T64,,_Z,,Q,,2024-Q2,,74.64061,,,,A,,0,,1,
DATAFLOW,OECD.SDD.TPS:DSD_LFS@DF_IALFS_LF_WAP_Q(1.0),,I,POL,,LF_WAP,,PT_WAP_SUB,,_Z,,Y,,_T,,Y15T64,,_Z,,Q,,2024-Q3,,74.77279,,,,A,,0,,1,
DATAFLOW,OECD.SDD.TPS:DSD_LFS@DF_IALFS_LF_WAP_Q(1.0),,I,POL,,LF_WAP,,PT_WAP_SUB,,_Z,,Y,,_T,,Y15T64,,_Z,,Q,,2024-Q4,,74.74501,,,,A,,0,,1,
DATAFLOW,OECD.SDD.TPS:DSD_LFS@DF_IALFS_LF_WAP_Q(1.0),,I,POL,,LF_WAP,,PT_WAP_SUB,,_Z,,Y,,_T,,Y15T64,,_Z,,Q,,2025-Q1,,74.79169,,,,A,,0,,1,
DATAFLOW,OECD.SDD.TPS:DSD_LFS@DF_IALFS_LF_WAP_Q(1.0),,I,POL,,LF_WAP,,PT_WAP_SUB,,_Z,,Y,,_T,,Y15T64,,_Z,,Q,,2025-Q2,,75.067,,,,A,,0,,1,
DATAFLOW,OECD.SDD.TPS:DSD_LFS@DF_IALFS_LF_WAP_Q(1.0),,I,POL,,LF_WAP,,PT_WAP_SUB,,_Z,,Y,,_T,,Y15T64,,_Z,,Q,,2025-Q3,,75.37118,,,,A,,0,,1,
DATAFLOW,OECD.SDD.TPS:DSD_LFS@DF_IALFS_LF_WAP_Q(1.0),,I,POL,,LF_WAP,,PT_WAP_SUB,,_Z,,Y,,_T,,Y15T64,,_Z,,Q,,2025-Q4,,75.50908,,,,A,,0,,1,
DATAFLOW,OECD.SDD.TPS:DSD_LFS@DF_IALFS_LF_WAP_Q(1.0),,I,POL,,LF_WAP,,PT_WAP_SUB,,_Z,,Y,,_T,,Y15T64,,_Z,,Q,,2026-Q1,,75.70144,,,,A,,0,,1,
DATAFLOW,OECD.SDD.TPS:DSD_LFS@DF_IALFS_LF_WAP_Q(1.0),,I,NLD,,LF_WAP,,PT_WAP_SUB,,_Z,,Y,,_T,,Y15T64,,_Z,,Q,,2000-Q1,,74.20956,,,,A,,0,,1,
DATAFLOW,OECD.SDD.TPS:DSD_LFS@DF_IALFS_LF_WAP_Q(1.0),,I,NLD,,LF_WAP,,PT_WAP_SUB,,_Z,,Y,,_T,,Y15T64,,_Z,,Q,,2000-Q2,,74.96506,,,,A,,0,,1,
DATAFLOW,OECD.SDD.TPS:DSD_LFS@DF_IALFS_LF_WAP_Q(1.0),,I,NLD,,LF_WAP,,PT_WAP_SUB,,_Z,,Y,,_T,,Y15T64,,_Z,,Q,,2000-Q3,,75.52163,,,,A,,0,,1,
DATAFLOW,OECD.SDD.TPS:DSD_LFS@DF_IALFS_LF_WAP_Q(1.0),,I,NLD,,LF_WAP,,PT_WAP_SUB,,_Z,,Y,,_T,,Y15T64,,_Z,,Q,,2000-Q4,,75.90852,,,,A,,0,,1,
DATAFLOW,OECD.SDD.TPS:DSD_LFS@DF_IALFS_LF_WAP_Q(1.0),,I,NLD,,LF_WAP,,PT_WAP_SUB,,_Z,,Y,,_T,,Y15T64,,_Z,,Q,,2001-Q1,,75.80614,,,,A,,0,,1,
DATAFLOW,OECD.SDD.TPS:DSD_LFS@DF_IALFS_LF_WAP_Q(1.0),,I,NLD,,LF_WAP,,PT_WAP_SUB,,_Z,,Y,,_T,,Y15T64,,_Z,,Q,,2001-Q2,,75.71274,,,,A,,0,,1,
DATAFLOW,OECD.SDD.TPS:DSD_LFS@DF_IALFS_LF_WAP_Q(1.0),,I,NLD,,LF_WAP,,PT_WAP_SUB,,_Z,,Y,,_T,,Y15T64,,_Z,,Q,,2001-Q3,,75.78987,,,,A,,0,,1,
DATAFLOW,OECD.SDD.TPS:DSD_LFS@DF_IALFS_LF_WAP_Q(1.0),,I,NLD,,LF_WAP,,PT_WAP_SUB,,_Z,,Y,,_T,,Y15T64,,_Z,,Q,,2001-Q4,,75.98124,,,,A,,0,,1,
DATAFLOW,OECD.SDD.TPS:DSD_LFS@DF_IALFS_LF_WAP_Q(1.0),,I,NLD,,LF_WAP,,PT_WAP_SUB,,_Z,,Y,,_T,,Y15T64,,_Z,,Q,,2002-Q1,,76.20956,,,,A,,0,,1,
DATAFLOW,OECD.SDD.TPS:DSD_LFS@DF_IALFS_LF_WAP_Q(1.0),,I,NLD,,LF_WAP,,PT_WAP_SUB,,_Z,,Y,,_T,,Y15T64,,_Z,,Q,,2002-Q2,,76.44046,,,,A,,0,,1,
DATAFLOW,OECD.SDD.TPS:DSD_LFS@DF_IALFS_LF_WAP_Q(1.0),,I,NLD,,LF_WAP,,PT_WAP_SUB,,_Z,,Y,,_T,,Y15T64,,_Z,,Q,,2002-Q3,,76.68593,,,,A,,0,,1,
DATAFLOW,OECD.SDD.TPS:DSD_LFS@DF_IALFS_LF_WAP_Q(1.0),,I,NLD,,LF_WAP,,PT_WAP_SUB,,_Z,,Y,,_T,,Y15T64,,_Z,,Q,,2002-Q4,,76.77682,,,,A,,0,,1,
DATAFLOW,OECD.SDD.TPS:DSD_LFS@DF_IALFS_LF_WAP_Q(1.0),,I,NLD,,LF_WAP,,PT_WAP_SUB,,_Z,,Y,,_T,,Y15T64,,_Z,,Q,,2003-Q1,,76.59026,,,,A,,0,,1,
DATAFLOW,OECD.SDD.TPS:DSD_LFS@DF_IALFS_LF_WAP_Q(1.0),,I,NLD,,LF_WAP,,PT_WAP_SUB,,_Z,,Y,,_T,,Y15T64,,_Z,,Q,,2003-Q2,,76.48511,,,,A,,0,,1,
DATAFLOW,OECD.SDD.TPS:DSD_LFS@DF_IALFS_LF_WAP_Q(1.0),,I,NLD,,LF_WAP,,PT_WAP_SUB,,_Z,,Y,,_T,,Y15T64,,_Z,,Q,,2003-Q3,,76.48463,,,,A,,0,,1,
DATAFLOW,OECD.SDD.TPS:DSD_LFS@DF_IALFS_LF_WAP_Q(1.0),,I,NLD,,LF_WAP,,PT_WAP_SUB,,_Z,,Y,,_T,,Y15T64,,_Z,,Q,,2003-Q4,,76.29462,,,,A,,0,,1,
DATAFLOW,OECD.SDD.TPS:DSD_LFS@DF_IALFS_LF_WAP_Q(1.0),,I,NLD,,LF_WAP,,PT_WAP_SUB,,_Z,,Y,,_T,,Y15T64,,_Z,,Q,,2004-Q1,,76.54752,,,,A,,0,,1,
DATAFLOW,OECD.SDD.TPS:DSD_LFS@DF_IALFS_LF_WAP_Q(1.0),,I,NLD,,LF_WAP,,PT_WAP_SUB,,_Z,,Y,,_T,,Y15T64,,_Z,,Q,,2004-Q2,,76.58047,,,,A,,0,,1,
DATAFLOW,OECD.SDD.TPS:DSD_LFS@DF_IALFS_LF_WAP_Q(1.0),,I,NLD,,LF_WAP,,PT_WAP_SUB,,_Z,,Y,,_T,,Y15T64,,_Z,,Q,,2004-Q3,,76.68048,,,,A,,0,,1,
DATAFLOW,OECD.SDD.TPS:DSD_LFS@DF_IALFS_LF_WAP_Q(1.0),,I,NLD,,LF_WAP,,PT_WAP_SUB,,_Z,,Y,,_T,,Y15T64,,_Z,,Q,,2004-Q4,,76.66579,,,,A,,0,,1,
DATAFLOW,OECD.SDD.TPS:DSD_LFS@DF_IALFS_LF_WAP_Q(1.0),,I,NLD,,LF_WAP,,PT_WAP_SUB,,_Z,,Y,,_T,,Y15T64,,_Z,,Q,,2005-Q1,,74.77364,,,,A,,0,,1,
DATAFLOW,OECD.SDD.TPS:DSD_LFS@DF_IALFS_LF_WAP_Q(1.0),,I,NLD,,LF_WAP,,PT_WAP_SUB,,_Z,,Y,,_T,,Y15T64,,_Z,,Q,,2005-Q2,,74.99696,,,,A,,0,,1,
DATAFLOW,OECD.SDD.TPS:DSD_LFS@DF_IALFS_LF_WAP_Q(1.0),,I,NLD,,LF_WAP,,PT_WAP_SUB,,_Z,,Y,,_T,,Y15T64,,_Z,,Q,,2005-Q3,,75.16995,,,,A,,0,,1,
DATAFLOW,OECD.SDD.TPS:DSD_LFS@DF_IALFS_LF_WAP_Q(1.0),,I,NLD,,LF_WAP,,PT_WAP_SUB,,_Z,,Y,,_T,,Y15T64,,_Z,,Q,,2005-Q4,,75.3387,,,,A,,0,,1,
DATAFLOW,OECD.SDD.TPS:DSD_LFS@DF_IALFS_LF_WAP_Q(1.0),,I,NLD,,LF_WAP,,PT_WAP_SUB,,_Z,,Y,,_T,,Y15T64,,_Z,,Q,,2006-Q1,,75.19239,,,,A,,0,,1,
DATAFLOW,OECD.SDD.TPS:DSD_LFS@DF_IALFS_LF_WAP_Q(1.0),,I,NLD,,LF_WAP,,PT_WAP_SUB,,_Z,,Y,,_T,,Y15T64,,_Z,,Q,,2006-Q2,,75.0849,,,,A,,0,,1,
DATAFLOW,OECD.SDD.TPS:DSD_LFS@DF_IALFS_LF_WAP_Q(1.0),,I,NLD,,LF_WAP,,PT_WAP_SUB,,_Z,,Y,,_T,,Y15T64,,_Z,,Q,,2006-Q3,,75.35329,,,,A,,0,,1,
DATAFLOW,OECD.SDD.TPS:DSD_LFS@DF_IALFS_LF_WAP_Q(1.0),,I,NLD,,LF_WAP,,PT_WAP_SUB,,_Z,,Y,,_T,,Y15T64,,_Z,,Q,,2006-Q4,,75.8387,,,,A,,0,,1,
DATAFLOW,OECD.SDD.TPS:DSD_LFS@DF_IALFS_LF_WAP_Q(1.0),,I,NLD,,LF_WAP,,PT_WAP_SUB,,_Z,,Y,,_T,,Y15T64,,_Z,,Q,,2007-Q1,,76.2052,,,,A,,0,,1,
DATAFLOW,OECD.SDD.TPS:DSD_LFS@DF_IALFS_LF_WAP_Q(1.0),,I,NLD,,LF_WAP,,PT_WAP_SUB,,_Z,,Y,,_T,,Y15T64,,_Z,,Q,,2007-Q2,,76.52161,,,,A,,0,,1,
DATAFLOW,OECD.SDD.TPS:DSD_LFS@DF_IALFS_LF_WAP_Q(1.0),,I,NLD,,LF_WAP,,PT_WAP_SUB,,_Z,,Y,,_T,,Y15T64,,_Z,,Q,,2007-Q3,,76.93103,,,,A,,0,,1,
DATAFLOW,OECD.SDD.TPS:DSD_LFS@DF_IALFS_LF_WAP_Q(1.0),,I,NLD,,LF_WAP,,PT_WAP_SUB,,_Z,,Y,,_T,,Y15T64,,_Z,,Q,,2007-Q4,,77.10423,,,,A,,0,,1,
DATAFLOW,OECD.SDD.TPS:DSD_LFS@DF_IALFS_LF_WAP_Q(1.0),,I,NLD,,LF_WAP,,PT_WAP_SUB,,_Z,,Y,,_T,,Y15T64,,_Z,,Q,,2008-Q1,,77.43144,,,,A,,0,,1,
DATAFLOW,OECD.SDD.TPS:DSD_LFS@DF_IALFS_LF_WAP_Q(1.0),,I,NLD,,LF_WAP,,PT_WAP_SUB,,_Z,,Y,,_T,,Y15T64,,_Z,,Q,,2008-Q2,,77.84705,,,,A,,0,,1,
DATAFLOW,OECD.SDD.TPS:DSD_LFS@DF_IALFS_LF_WAP_Q(1.0),,I,NLD,,LF_WAP,,PT_WAP_SUB,,_Z,,Y,,_T,,Y15T64,,_Z,,Q,,2008-Q3,,77.86596,,,,A,,0,,1,
DATAFLOW,OECD.SDD.TPS:DSD_LFS@DF_IALFS_LF_WAP_Q(1.0),,I,NLD,,LF_WAP,,PT_WAP_SUB,,_Z,,Y,,_T,,Y15T64,,_Z,,Q,,2009-Q1,,80.79809,,,,A,,0,,1,
DATAFLOW,OECD.SDD.TPS:DSD_LFS@DF_IALFS_LF_WAP_Q(1.0),,I,NLD,,LF_WAP,,PT_WAP_SUB,,_Z,,Y,,_T,,Y15T64,,_Z,,Q,,2009-Q2,,80.70302,,,,A,,0,,1,
DATAFLOW,OECD.SDD.TPS:DSD_LFS@DF_IALFS_LF_WAP_Q(1.0),,I,NLD,,LF_WAP,,PT_WAP_SUB,,_Z,,Y,,_T,,Y15T64,,_Z,,Q,,2009-Q3,,80.52405,,,,A,,0,,1,
DATAFLOW,OECD.SDD.TPS:DSD_LFS@DF_IALFS_LF_WAP_Q(1.0),,I,NLD,,LF_WAP,,PT_WAP_SUB,,_Z,,Y,,_T,,Y15T64,,_Z,,Q,,2009-Q4,,80.27221,,,,A,,0,,1,
DATAFLOW,OECD.SDD.TPS:DSD_LFS@DF_IALFS_LF_WAP_Q(1.0),,I,NLD,,LF_WAP,,PT_WAP_SUB,,_Z,,Y,,_T,,Y15T64,,_Z,,Q,,2010-Q1,,80.30322,,,,A,,0,,1,
DATAFLOW,OECD.SDD.TPS:DSD_LFS@DF_IALFS_LF_WAP_Q(1.0),,I,NLD,,LF_WAP,,PT_WAP_SUB,,_Z,,Y,,_T,,Y15T64,,_Z,,Q,,2010-Q2,,80.3663,,,,A,,0,,1,
DATAFLOW,OECD.SDD.TPS:DSD_LFS@DF_IALFS_LF_WAP_Q(1.0),,I,NLD,,LF_WAP,,PT_WAP_SUB,,_Z,,Y,,_T,,Y15T64,,_Z,,Q,,2010-Q3,,80.36981,,,,A,,0,,1,
DATAFLOW,OECD.SDD.TPS:DSD_LFS@DF_IALFS_LF_WAP_Q(1.0),,I,NLD,,LF_WAP,,PT_WAP_SUB,,_Z,,Y,,_T,,Y15T64,,_Z,,Q,,2010-Q4,,80.42564,,,,A,,0,,1,
DATAFLOW,OECD.SDD.TPS:DSD_LFS@DF_IALFS_LF_WAP_Q(1.0),,I,NLD,,LF_WAP,,PT_WAP_SUB,,_Z,,Y,,_T,,Y15T64,,_Z,,Q,,2011-Q1,,80.31104,,,,A,,0,,1,
DATAFLOW,OECD.SDD.TPS:DSD_LFS@DF_IALFS_LF_WAP_Q(1.0),,I,NLD,,LF_WAP,,PT_WAP_SUB,,_Z,,Y,,_T,,Y15T64,,_Z,,Q,,2011-Q2,,80.25648,,,,A,,0,,1,
DATAFLOW,OECD.SDD.TPS:DSD_LFS@DF_IALFS_LF_WAP_Q(1.0),,I,NLD,,LF_WAP,,PT_WAP_SUB,,_Z,,Y,,_T,,Y15T64,,_Z,,Q,,2011-Q3,,80.54341,,,,A,,0,,1,
DATAFLOW,OECD.SDD.TPS:DSD_LFS@DF_IALFS_LF_WAP_Q(1.0),,I,NLD,,LF_WAP,,PT_WAP_SUB,,_Z,,Y,,_T,,Y15T64,,_Z,,Q,,2011-Q4,,81.18942,,,,A,,0,,1,
DATAFLOW,OECD.SDD.TPS:DSD_LFS@DF_IALFS_LF_WAP_Q(1.0),,I,NLD,,LF_WAP,,PT_WAP_SUB,,_Z,,Y,,_T,,Y15T64,,_Z,,Q,,2012-Q1,,81.27937,,,,A,,0,,1,
DATAFLOW,OECD.SDD.TPS:DSD_LFS@DF_IALFS_LF_WAP_Q(1.0),,I,NLD,,LF_WAP,,PT_WAP_SUB,,_Z,,Y,,_T,,Y15T64,,_Z,,Q,,2012-Q2,,81.40357,,,,A,,0,,1,
DATAFLOW,OECD.SDD.TPS:DSD_LFS@DF_IALFS_LF_WAP_Q(1.0),,I,NLD,,LF_WAP,,PT_WAP_SUB,,_Z,,Y,,_T,,Y15T64,,_Z,,Q,,2012-Q3,,81.6498,,,,A,,0,,1,
DATAFLOW,OECD.SDD.TPS:DSD_LFS@DF_IALFS_LF_WAP_Q(1.0),,I,NLD,,LF_WAP,,PT_WAP_SUB,,_Z,,Y,,_T,,Y15T64,,_Z,,Q,,2012-Q4,,81.71347,,,,A,,0,,1,
DATAFLOW,OECD.SDD.TPS:DSD_LFS@DF_IALFS_LF_WAP_Q(1.0),,I,NLD,,LF_WAP,,PT_WAP_SUB,,_Z,,Y,,_T,,Y15T64,,_Z,,Q,,2013-Q1,,81.73019,,,,A,,0,,1,
DATAFLOW,OECD.SDD.TPS:DSD_LFS@DF_IALFS_LF_WAP_Q(1.0),,I,NLD,,LF_WAP,,PT_WAP_SUB,,_Z,,Y,,_T,,Y15T64,,_Z,,Q,,2013-Q2,,81.90232,,,,A,,0,,1,
DATAFLOW,OECD.SDD.TPS:DSD_LFS@DF_IALFS_LF_WAP_Q(1.0),,I,NLD,,LF_WAP,,PT_WAP_SUB,,_Z,,Y,,_T,,Y15T64,,_Z,,Q,,2013-Q3,,82.00784,,,,A,,0,,1,
DATAFLOW,OECD.SDD.TPS:DSD_LFS@DF_IALFS_LF_WAP_Q(1.0),,I,NLD,,LF_WAP,,PT_WAP_SUB,,_Z,,Y,,_T,,Y15T64,,_Z,,Q,,2013-Q4,,81.90405,,,,A,,0,,1,
DATAFLOW,OECD.SDD.TPS:DSD_LFS@DF_IALFS_LF_WAP_Q(1.0),,I,NLD,,LF_WAP,,PT_WAP_SUB,,_Z,,Y,,_T,,Y15T64,,_Z,,Q,,2014-Q1,,81.44997,,,,A,,0,,1,
DATAFLOW,OECD.SDD.TPS:DSD_LFS@DF_IALFS_LF_WAP_Q(1.0),,I,NLD,,LF_WAP,,PT_WAP_SUB,,_Z,,Y,,_T,,Y15T64,,_Z,,Q,,2014-Q2,,81.40055,,,,A,,0,,1,
DATAFLOW,OECD.SDD.TPS:DSD_LFS@DF_IALFS_LF_WAP_Q(1.0),,I,NLD,,LF_WAP,,PT_WAP_SUB,,_Z,,Y,,_T,,Y15T64,,_Z,,Q,,2014-Q3,,81.50032,,,,A,,0,,1,
DATAFLOW,OECD.SDD.TPS:DSD_LFS@DF_IALFS_LF_WAP_Q(1.0),,I,NLD,,LF_WAP,,PT_WAP_SUB,,_Z,,Y,,_T,,Y15T64,,_Z,,Q,,2014-Q4,,81.78717,,,,A,,0,,1,
DATAFLOW,OECD.SDD.TPS:DSD_LFS@DF_IALFS_LF_WAP_Q(1.0),,I,NLD,,LF_WAP,,PT_WAP_SUB,,_Z,,Y,,_T,,Y15T64,,_Z,,Q,,2015-Q1,,82.02937,,,,A,,0,,1,
DATAFLOW,OECD.SDD.TPS:DSD_LFS@DF_IALFS_LF_WAP_Q(1.0),,I,NLD,,LF_WAP,,PT_WAP_SUB,,_Z,,Y,,_T,,Y15T64,,_Z,,Q,,2015-Q2,,82.20375,,,,A,,0,,1,
DATAFLOW,OECD.SDD.TPS:DSD_LFS@DF_IALFS_LF_WAP_Q(1.0),,I,NLD,,LF_WAP,,PT_WAP_SUB,,_Z,,Y,,_T,,Y15T64,,_Z,,Q,,2015-Q3,,82.20149,,,,A,,0,,1,
DATAFLOW,OECD.SDD.TPS:DSD_LFS@DF_IALFS_LF_WAP_Q(1.0),,I,NLD,,LF_WAP,,PT_WAP_SUB,,_Z,,Y,,_T,,Y15T64,,_Z,,Q,,2015-Q4,,82.1457,,,,A,,0,,1,
DATAFLOW,OECD.SDD.TPS:DSD_LFS@DF_IALFS_LF_WAP_Q(1.0),,I,NLD,,LF_WAP,,PT_WAP_SUB,,_Z,,Y,,_T,,Y15T64,,_Z,,Q,,2016-Q1,,82.0464,,,,A,,0,,1,
DATAFLOW,OECD.SDD.TPS:DSD_LFS@DF_IALFS_LF_WAP_Q(1.0),,I,NLD,,LF_WAP,,PT_WAP_SUB,,_Z,,Y,,_T,,Y15T64,,_Z,,Q,,2016-Q2,,82.28544,,,,A,,0,,1,
DATAFLOW,OECD.SDD.TPS:DSD_LFS@DF_IALFS_LF_WAP_Q(1.0),,I,NLD,,LF_WAP,,PT_WAP_SUB,,_Z,,Y,,_T,,Y15T64,,_Z,,Q,,2016-Q3,,82.25582,,,,A,,0,,1,
DATAFLOW,OECD.SDD.TPS:DSD_LFS@DF_IALFS_LF_WAP_Q(1.0),,I,NLD,,LF_WAP,,PT_WAP_SUB,,_Z,,Y,,_T,,Y15T64,,_Z,,Q,,2016-Q4,,82.13749,,,,A,,0,,1,
DATAFLOW,OECD.SDD.TPS:DSD_LFS@DF_IALFS_LF_WAP_Q(1.0),,I,NLD,,LF_WAP,,PT_WAP_SUB,,_Z,,Y,,_T,,Y15T64,,_Z,,Q,,2017-Q1,,82.11741,,,,A,,0,,1,
DATAFLOW,OECD.SDD.TPS:DSD_LFS@DF_IALFS_LF_WAP_Q(1.0),,I,NLD,,LF_WAP,,PT_WAP_SUB,,_Z,,Y,,_T,,Y15T64,,_Z,,Q,,2017-Q2,,82.23477,,,,A,,0,,1,
DATAFLOW,OECD.SDD.TPS:DSD_LFS@DF_IALFS_LF_WAP_Q(1.0),,I,NLD,,LF_WAP,,PT_WAP_SUB,,_Z,,Y,,_T,,Y15T64,,_Z,,Q,,2017-Q3,,82.2861,,,,A,,0,,1,
DATAFLOW,OECD.SDD.TPS:DSD_LFS@DF_IALFS_LF_WAP_Q(1.0),,I,NLD,,LF_WAP,,PT_WAP_SUB,,_Z,,Y,,_T,,Y15T64,,_Z,,Q,,2017-Q4,,82.26936,,,,A,,0,,1,
DATAFLOW,OECD.SDD.TPS:DSD_LFS@DF_IALFS_LF_WAP_Q(1.0),,I,NLD,,LF_WAP,,PT_WAP_SUB,,_Z,,Y,,_T,,Y15T64,,_Z,,Q,,2018-Q1,,82.28748,,,,A,,0,,1,
DATAFLOW,OECD.SDD.TPS:DSD_LFS@DF_IALFS_LF_WAP_Q(1.0),,I,NLD,,LF_WAP,,PT_WAP_SUB,,_Z,,Y,,_T,,Y15T64,,_Z,,Q,,2018-Q2,,82.59715,,,,A,,0,,1,
DATAFLOW,OECD.SDD.TPS:DSD_LFS@DF_IALFS_LF_WAP_Q(1.0),,I,NLD,,LF_WAP,,PT_WAP_SUB,,_Z,,Y,,_T,,Y15T64,,_Z,,Q,,2018-Q3,,82.94794,,,,A,,0,,1,
DATAFLOW,OECD.SDD.TPS:DSD_LFS@DF_IALFS_LF_WAP_Q(1.0),,I,NLD,,LF_WAP,,PT_WAP_SUB,,_Z,,Y,,_T,,Y15T64,,_Z,,Q,,2018-Q4,,83.13622,,,,A,,0,,1,
DATAFLOW,OECD.SDD.TPS:DSD_LFS@DF_IALFS_LF_WAP_Q(1.0),,I,NLD,,LF_WAP,,PT_WAP_SUB,,_Z,,Y,,_T,,Y15T64,,_Z,,Q,,2019-Q1,,83.2475,,,,A,,0,,1,
DATAFLOW,OECD.SDD.TPS:DSD_LFS@DF_IALFS_LF_WAP_Q(1.0),,I,NLD,,LF_WAP,,PT_WAP_SUB,,_Z,,Y,,_T,,Y15T64,,_Z,,Q,,2019-Q2,,83.34135,,,,A,,0,,1,
DATAFLOW,OECD.SDD.TPS:DSD_LFS@DF_IALFS_LF_WAP_Q(1.0),,I,NLD,,LF_WAP,,PT_WAP_SUB,,_Z,,Y,,_T,,Y15T64,,_Z,,Q,,2019-Q3,,83.4663,,,,A,,0,,1,
DATAFLOW,OECD.SDD.TPS:DSD_LFS@DF_IALFS_LF_WAP_Q(1.0),,I,NLD,,LF_WAP,,PT_WAP_SUB,,_Z,,Y,,_T,,Y15T64,,_Z,,Q,,2019-Q4,,83.46361,,,,A,,0,,1,
DATAFLOW,OECD.SDD.TPS:DSD_LFS@DF_IALFS_LF_WAP_Q(1.0),,I,NLD,,LF_WAP,,PT_WAP_SUB,,_Z,,Y,,_T,,Y15T64,,_Z,,Q,,2020-Q1,,83.53631,,,,A,,0,,1,
DATAFLOW,OECD.SDD.TPS:DSD_LFS@DF_IALFS_LF_WAP_Q(1.0),,I,NLD,,LF_WAP,,PT_WAP_SUB,,_Z,,Y,,_T,,Y15T64,,_Z,,Q,,2020-Q2,,82.90223,,,,A,,0,,1,
DATAFLOW,OECD.SDD.TPS:DSD_LFS@DF_IALFS_LF_WAP_Q(1.0),,I,NLD,,LF_WAP,,PT_WAP_SUB,,_Z,,Y,,_T,,Y15T64,,_Z,,Q,,2020-Q3,,83.50609,,,,A,,0,,1,
DATAFLOW,OECD.SDD.TPS:DSD_LFS@DF_IALFS_LF_WAP_Q(1.0),,I,NLD,,LF_WAP,,PT_WAP_SUB,,_Z,,Y,,_T,,Y15T64,,_Z,,Q,,2020-Q4,,83.61495,,,,A,,0,,1,
DATAFLOW,OECD.SDD.TPS:DSD_LFS@DF_IALFS_LF_WAP_Q(1.0),,I,NLD,,LF_WAP,,PT_WAP_SUB,,_Z,,Y,,_T,,Y15T64,,_Z,,Q,,2021-Q1,,83.30794,,,,A,,0,,1,
DATAFLOW,OECD.SDD.TPS:DSD_LFS@DF_IALFS_LF_WAP_Q(1.0),,I,NLD,,LF_WAP,,PT_WAP_SUB,,_Z,,Y,,_T,,Y15T64,,_Z,,Q,,2021-Q2,,83.37654,,,,A,,0,,1,
DATAFLOW,OECD.SDD.TPS:DSD_LFS@DF_IALFS_LF_WAP_Q(1.0),,I,NLD,,LF_WAP,,PT_WAP_SUB,,_Z,,Y,,_T,,Y15T64,,_Z,,Q,,2021-Q3,,83.92757,,,,A,,0,,1,
DATAFLOW,OECD.SDD.TPS:DSD_LFS@DF_IALFS_LF_WAP_Q(1.0),,I,NLD,,LF_WAP,,PT_WAP_SUB,,_Z,,Y,,_T,,Y15T64,,_Z,,Q,,2021-Q4,,84.09008,,,,A,,0,,1,
DATAFLOW,OECD.SDD.TPS:DSD_LFS@DF_IALFS_LF_WAP_Q(1.0),,I,NLD,,LF_WAP,,PT_WAP_SUB,,_Z,,Y,,_T,,Y15T64,,_Z,,Q,,2022-Q1,,84.24615,,,,A,,0,,1,
DATAFLOW,OECD.SDD.TPS:DSD_LFS@DF_IALFS_LF_WAP_Q(1.0),,I,NLD,,LF_WAP,,PT_WAP_SUB,,_Z,,Y,,_T,,Y15T64,,_Z,,Q,,2022-Q2,,84.5836,,,,A,,0,,1,
DATAFLOW,OECD.SDD.TPS:DSD_LFS@DF_IALFS_LF_WAP_Q(1.0),,I,NLD,,LF_WAP,,PT_WAP_SUB,,_Z,,Y,,_T,,Y15T64,,_Z,,Q,,2022-Q3,,84.92797,,,,A,,0,,1,
DATAFLOW,OECD.SDD.TPS:DSD_LFS@DF_IALFS_LF_WAP_Q(1.0),,I,NLD,,LF_WAP,,PT_WAP_SUB,,_Z,,Y,,_T,,Y15T64,,_Z,,Q,,2022-Q4,,85.1569,,,,A,,0,,1,
DATAFLOW,OECD.SDD.TPS:DSD_LFS@DF_IALFS_LF_WAP_Q(1.0),,I,NLD,,LF_WAP,,PT_WAP_SUB,,_Z,,Y,,_T,,Y15T64,,_Z,,Q,,2023-Q1,,85.30504,,,,A,,0,,1,
DATAFLOW,OECD.SDD.TPS:DSD_LFS@DF_IALFS_LF_WAP_Q(1.0),,I,NLD,,LF_WAP,,PT_WAP_SUB,,_Z,,Y,,_T,,Y15T64,,_Z,,Q,,2023-Q2,,85.41768,,,,A,,0,,1,
DATAFLOW,OECD.SDD.TPS:DSD_LFS@DF_IALFS_LF_WAP_Q(1.0),,I,NLD,,LF_WAP,,PT_WAP_SUB,,_Z,,Y,,_T,,Y15T64,,_Z,,Q,,2023-Q3,,85.62429,,,,A,,0,,1,
DATAFLOW,OECD.SDD.TPS:DSD_LFS@DF_IALFS_LF_WAP_Q(1.0),,I,NLD,,LF_WAP,,PT_WAP_SUB,,_Z,,Y,,_T,,Y15T64,,_Z,,Q,,2023-Q4,,85.47724,,,,A,,0,,1,
DATAFLOW,OECD.SDD.TPS:DSD_LFS@DF_IALFS_LF_WAP_Q(1.0),,I,NLD,,LF_WAP,,PT_WAP_SUB,,_Z,,Y,,_T,,Y15T64,,_Z,,Q,,2024-Q1,,85.44089,,,,A,,0,,1,
DATAFLOW,OECD.SDD.TPS:DSD_LFS@DF_IALFS_LF_WAP_Q(1.0),,I,NLD,,LF_WAP,,PT_WAP_SUB,,_Z,,Y,,_T,,Y15T64,,_Z,,Q,,2024-Q2,,85.56232,,,,A,,0,,1,
DATAFLOW,OECD.SDD.TPS:DSD_LFS@DF_IALFS_LF_WAP_Q(1.0),,I,NLD,,LF_WAP,,PT_WAP_SUB,,_Z,,Y,,_T,,Y15T64,,_Z,,Q,,2024-Q3,,85.55073,,,,A,,0,,1,
DATAFLOW,OECD.SDD.TPS:DSD_LFS@DF_IALFS_LF_WAP_Q(1.0),,I,NLD,,LF_WAP,,PT_WAP_SUB,,_Z,,Y,,_T,,Y15T64,,_Z,,Q,,2024-Q4,,85.39091,,,,A,,0,,1,
DATAFLOW,OECD.SDD.TPS:DSD_LFS@DF_IALFS_LF_WAP_Q(1.0),,I,NLD,,LF_WAP,,PT_WAP_SUB,,_Z,,Y,,_T,,Y15T64,,_Z,,Q,,2025-Q1,,85.49622,,,,A,,0,,1,
DATAFLOW,OECD.SDD.TPS:DSD_LFS@DF_IALFS_LF_WAP_Q(1.0),,I,NLD,,LF_WAP,,PT_WAP_SUB,,_Z,,Y,,_T,,Y15T64,,_Z,,Q,,2025-Q2,,85.56927,,,,A,,0,,1,
DATAFLOW,OECD.SDD.TPS:DSD_LFS@DF_IALFS_LF_WAP_Q(1.0),,I,NLD,,LF_WAP,,PT_WAP_SUB,,_Z,,Y,,_T,,Y15T64,,_Z,,Q,,2025-Q3,,85.79128,,,,A,,0,,1,
DATAFLOW,OECD.SDD.TPS:DSD_LFS@DF_IALFS_LF_WAP_Q(1.0),,I,NLD,,LF_WAP,,PT_WAP_SUB,,_Z,,Y,,_T,,Y15T64,,_Z,,Q,,2025-Q4,,85.7166,,,,A,,0,,1,
DATAFLOW,OECD.SDD.TPS:DSD_LFS@DF_IALFS_LF_WAP_Q(1.0),,I,NLD,,LF_WAP,,PT_WAP_SUB,,_Z,,Y,,_T,,Y15T64,,_Z,,Q,,2026-Q1,,85.65004,,,,A,,0,,1,
DATAFLOW,OECD.SDD.TPS:DSD_LFS@DF_IALFS_LF_WAP_Q(1.0),,I,EST,,LF_WAP,,PT_WAP_SUB,,_Z,,Y,,_T,,Y15T64,,_Z,,Q,,2000-Q1,,70.92015,,,,A,,0,,1,
DATAFLOW,OECD.SDD.TPS:DSD_LFS@DF_IALFS_LF_WAP_Q(1.0),,I,EST,,LF_WAP,,PT_WAP_SUB,,_Z,,Y,,_T,,Y15T64,,_Z,,Q,,2000-Q2,,70.53396,,,,A,,0,,1,
DATAFLOW,OECD.SDD.TPS:DSD_LFS@DF_IALFS_LF_WAP_Q(1.0),,I,EST,,LF_WAP,,PT_WAP_SUB,,_Z,,Y,,_T,,Y15T64,,_Z,,Q,,2000-Q3,,71.09644,,,,A,,0,,1,
DATAFLOW,OECD.SDD.TPS:DSD_LFS@DF_IALFS_LF_WAP_Q(1.0),,I,EST,,LF_WAP,,PT_WAP_SUB,,_Z,,Y,,_T,,Y15T64,,_Z,,Q,,2000-Q4,,70.85382,,,,A,,0,,1,
DATAFLOW,OECD.SDD.TPS:DSD_LFS@DF_IALFS_LF_WAP_Q(1.0),,I,EST,,LF_WAP,,PT_WAP_SUB,,_Z,,Y,,_T,,Y15T64,,_Z,,Q,,2001-Q1,,69.82754,,,,A,,0,,1,
DATAFLOW,OECD.SDD.TPS:DSD_LFS@DF_IALFS_LF_WAP_Q(1.0),,I,EST,,LF_WAP,,PT_WAP_SUB,,_Z,,Y,,_T,,Y15T64,,_Z,,Q,,2001-Q2,,69.99548,,,,A,,0,,1,
DATAFLOW,OECD.SDD.TPS:DSD_LFS@DF_IALFS_LF_WAP_Q(1.0),,I,EST,,LF_WAP,,PT_WAP_SUB,,_Z,,Y,,_T,,Y15T64,,_Z,,Q,,2001-Q3,,71.17582,,,,A,,0,,1,
DATAFLOW,OECD.SDD.TPS:DSD_LFS@DF_IALFS_LF_WAP_Q(1.0),,I,EST,,LF_WAP,,PT_WAP_SUB,,_Z,,Y,,_T,,Y15T64,,_Z,,Q,,2001-Q4,,70.46999,,,,A,,0,,1,
DATAFLOW,OECD.SDD.TPS:DSD_LFS@DF_IALFS_LF_WAP_Q(1.0),,I,EST,,LF_WAP,,PT_WAP_SUB,,_Z,,Y,,_T,,Y15T64,,_Z,,Q,,2002-Q1,,69.04926,,,,A,,0,,1,
DATAFLOW,OECD.SDD.TPS:DSD_LFS@DF_IALFS_LF_WAP_Q(1.0),,I,EST,,LF_WAP,,PT_WAP_SUB,,_Z,,Y,,_T,,Y15T64,,_Z,,Q,,2002-Q2,,68.56184,,,,A,,0,,1,
DATAFLOW,OECD.SDD.TPS:DSD_LFS@DF_IALFS_LF_WAP_Q(1.0),,I,EST,,LF_WAP,,PT_WAP_SUB,,_Z,,Y,,_T,,Y15T64,,_Z,,Q,,2002-Q3,,69.28403,,,,A,,0,,1,
DATAFLOW,OECD.SDD.TPS:DSD_LFS@DF_IALFS_LF_WAP_Q(1.0),,I,EST,,LF_WAP,,PT_WAP_SUB,,_Z,,Y,,_T,,Y15T64,,_Z,,Q,,2002-Q4,,70.23362,,,,A,,0,,1,
DATAFLOW,OECD.SDD.TPS:DSD_LFS@DF_IALFS_LF_WAP_Q(1.0),,I,EST,,LF_WAP,,PT_WAP_SUB,,_Z,,Y,,_T,,Y15T64,,_Z,,Q,,2003-Q1,,69.48532,,,,A,,0,,1,
DATAFLOW,OECD.SDD.TPS:DSD_LFS@DF_IALFS_LF_WAP_Q(1.0),,I,EST,,LF_WAP,,PT_WAP_SUB,,_Z,,Y,,_T,,Y15T64,,_Z,,Q,,2003-Q2,,70.73367,,,,A,,0,,1,
DATAFLOW,OECD.SDD.TPS:DSD_LFS@DF_IALFS_LF_WAP_Q(1.0),,I,EST,,LF_WAP,,PT_WAP_SUB,,_Z,,Y,,_T,,Y15T64,,_Z,,Q,,2003-Q3,,70.98119,,,,A,,0,,1,
DATAFLOW,OECD.SDD.TPS:DSD_LFS@DF_IALFS_LF_WAP_Q(1.0),,I,EST,,LF_WAP,,PT_WAP_SUB,,_Z,,Y,,_T,,Y15T64,,_Z,,Q,,2003-Q4,,70.62998,,,,A,,0,,1,
DATAFLOW,OECD.SDD.TPS:DSD_LFS@DF_IALFS_LF_WAP_Q(1.0),,I,EST,,LF_WAP,,PT_WAP_SUB,,_Z,,Y,,_T,,Y15T64,,_Z,,Q,,2004-Q1,,70.66418,,,,A,,0,,1,
DATAFLOW,OECD.SDD.TPS:DSD_LFS@DF_IALFS_LF_WAP_Q(1.0),,I,EST,,LF_WAP,,PT_WAP_SUB,,_Z,,Y,,_T,,Y15T64,,_Z,,Q,,2004-Q2,,70.78761,,,,A,,0,,1,
DATAFLOW,OECD.SDD.TPS:DSD_LFS@DF_IALFS_LF_WAP_Q(1.0),,I,EST,,LF_WAP,,PT_WAP_SUB,,_Z,,Y,,_T,,Y15T64,,_Z,,Q,,2004-Q3,,70.58434,,,,A,,0,,1,
DATAFLOW,OECD.SDD.TPS:DSD_LFS@DF_IALFS_LF_WAP_Q(1.0),,I,EST,,LF_WAP,,PT_WAP_SUB,,_Z,,Y,,_T,,Y15T64,,_Z,,Q,,2004-Q4,,69.76143,,,,A,,0,,1,
DATAFLOW,OECD.SDD.TPS:DSD_LFS@DF_IALFS_LF_WAP_Q(1.0),,I,EST,,LF_WAP,,PT_WAP_SUB,,_Z,,Y,,_T,,Y15T64,,_Z,,Q,,2005-Q1,,70.59632,,,,A,,0,,1,
DATAFLOW,OECD.SDD.TPS:DSD_LFS@DF_IALFS_LF_WAP_Q(1.0),,I,EST,,LF_WAP,,PT_WAP_SUB,,_Z,,Y,,_T,,Y15T64,,_Z,,Q,,2005-Q2,,71.25047,,,,A,,0,,1,
DATAFLOW,OECD.SDD.TPS:DSD_LFS@DF_IALFS_LF_WAP_Q(1.0),,I,EST,,LF_WAP,,PT_WAP_SUB,,_Z,,Y,,_T,,Y15T64,,_Z,,Q,,2005-Q3,,69.76707,,,,A,,0,,1,
DATAFLOW,OECD.SDD.TPS:DSD_LFS@DF_IALFS_LF_WAP_Q(1.0),,I,EST,,LF_WAP,,PT_WAP_SUB,,_Z,,Y,,_T,,Y15T64,,_Z,,Q,,2005-Q4,,71.02617,,,,A,,0,,1,
DATAFLOW,OECD.SDD.TPS:DSD_LFS@DF_IALFS_LF_WAP_Q(1.0),,I,EST,,LF_WAP,,PT_WAP_SUB,,_Z,,Y,,_T,,Y15T64,,_Z,,Q,,2006-Q1,,72.36346,,,,A,,0,,1,
DATAFLOW,OECD.SDD.TPS:DSD_LFS@DF_IALFS_LF_WAP_Q(1.0),,I,EST,,LF_WAP,,PT_WAP_SUB,,_Z,,Y,,_T,,Y15T64,,_Z,,Q,,2006-Q2,,73.78464,,,,A,,0,,1,
DATAFLOW,OECD.SDD.TPS:DSD_LFS@DF_IALFS_LF_WAP_Q(1.0),,I,EST,,LF_WAP,,PT_WAP_SUB,,_Z,,Y,,_T,,Y15T64,,_Z,,Q,,2006-Q3,,72.24481,,,,A,,0,,1,
DATAFLOW,OECD.SDD.TPS:DSD_LFS@DF_IALFS_LF_WAP_Q(1.0),,I,EST,,LF_WAP,,PT_WAP_SUB,,_Z,,Y,,_T,,Y15T64,,_Z,,Q,,2006-Q4,,72.90447,,,,A,,0,,1,
DATAFLOW,OECD.SDD.TPS:DSD_LFS@DF_IALFS_LF_WAP_Q(1.0),,I,EST,,LF_WAP,,PT_WAP_SUB,,_Z,,Y,,_T,,Y15T64,,_Z,,Q,,2007-Q1,,72.81406,,,,A,,0,,1,
DATAFLOW,OECD.SDD.TPS:DSD_LFS@DF_IALFS_LF_WAP_Q(1.0),,I,EST,,LF_WAP,,PT_WAP_SUB,,_Z,,Y,,_T,,Y15T64,,_Z,,Q,,2007-Q2,,73.90152,,,,A,,0,,1,
DATAFLOW,OECD.SDD.TPS:DSD_LFS@DF_IALFS_LF_WAP_Q(1.0),,I,EST,,LF_WAP,,PT_WAP_SUB,,_Z,,Y,,_T,,Y15T64,,_Z,,Q,,2007-Q3,,73.65147,,,,A,,0,,1,
DATAFLOW,OECD.SDD.TPS:DSD_LFS@DF_IALFS_LF_WAP_Q(1.0),,I,EST,,LF_WAP,,PT_WAP_SUB,,_Z,,Y,,_T,,Y15T64,,_Z,,Q,,2007-Q4,,72.53336,,,,A,,0,,1,
DATAFLOW,OECD.SDD.TPS:DSD_LFS@DF_IALFS_LF_WAP_Q(1.0),,I,EST,,LF_WAP,,PT_WAP_SUB,,_Z,,Y,,_T,,Y15T64,,_Z,,Q,,2008-Q1,,73.18212,,,,A,,0,,1,
DATAFLOW,OECD.SDD.TPS:DSD_LFS@DF_IALFS_LF_WAP_Q(1.0),,I,EST,,LF_WAP,,PT_WAP_SUB,,_Z,,Y,,_T,,Y15T64,,_Z,,Q,,2008-Q2,,73.09917,,,,A,,0,,1,
DATAFLOW,OECD.SDD.TPS:DSD_LFS@DF_IALFS_LF_WAP_Q(1.0),,I,EST,,LF_WAP,,PT_WAP_SUB,,_Z,,Y,,_T,,Y15T64,,_Z,,Q,,2008-Q3,,74.97453,,,,A,,0,,1,
DATAFLOW,OECD.SDD.TPS:DSD_LFS@DF_IALFS_LF_WAP_Q(1.0),,I,EST,,LF_WAP,,PT_WAP_SUB,,_Z,,Y,,_T,,Y15T64,,_Z,,Q,,2009-Q1,,74.36474,,,,A,,0,,1,
DATAFLOW,OECD.SDD.TPS:DSD_LFS@DF_IALFS_LF_WAP_Q(1.0),,I,EST,,LF_WAP,,PT_WAP_SUB,,_Z,,Y,,_T,,Y15T64,,_Z,,Q,,2009-Q2,,74.21579,,,,A,,0,,1,
DATAFLOW,OECD.SDD.TPS:DSD_LFS@DF_IALFS_LF_WAP_Q(1.0),,I,EST,,LF_WAP,,PT_WAP_SUB,,_Z,,Y,,_T,,Y15T64,,_Z,,Q,,2009-Q3,,74.9625,,,,A,,0,,1,
DATAFLOW,OECD.SDD.TPS:DSD_LFS@DF_IALFS_LF_WAP_Q(1.0),,I,EST,,LF_WAP,,PT_WAP_SUB,,_Z,,Y,,_T,,Y15T64,,_Z,,Q,,2009-Q4,,74.27977,,,,A,,0,,1,
DATAFLOW,OECD.SDD.TPS:DSD_LFS@DF_IALFS_LF_WAP_Q(1.0),,I,EST,,LF_WAP,,PT_WAP_SUB,,_Z,,Y,,_T,,Y15T64,,_Z,,Q,,2010-Q1,,74.77517,,,,A,,0,,1,
DATAFLOW,OECD.SDD.TPS:DSD_LFS@DF_IALFS_LF_WAP_Q(1.0),,I,EST,,LF_WAP,,PT_WAP_SUB,,_Z,,Y,,_T,,Y15T64,,_Z,,Q,,2010-Q2,,74.41634,,,,A,,0,,1,
DATAFLOW,OECD.SDD.TPS:DSD_LFS@DF_IALFS_LF_WAP_Q(1.0),,I,EST,,LF_WAP,,PT_WAP_SUB,,_Z,,Y,,_T,,Y15T64,,_Z,,Q,,2010-Q3,,74.57391,,,,A,,0,,1,
DATAFLOW,OECD.SDD.TPS:DSD_LFS@DF_IALFS_LF_WAP_Q(1.0),,I,EST,,LF_WAP,,PT_WAP_SUB,,_Z,,Y,,_T,,Y15T64,,_Z,,Q,,2010-Q4,,74.78807,,,,A,,0,,1,
DATAFLOW,OECD.SDD.TPS:DSD_LFS@DF_IALFS_LF_WAP_Q(1.0),,I,EST,,LF_WAP,,PT_WAP_SUB,,_Z,,Y,,_T,,Y15T64,,_Z,,Q,,2011-Q1,,74.58331,,,,A,,0,,1,
DATAFLOW,OECD.SDD.TPS:DSD_LFS@DF_IALFS_LF_WAP_Q(1.0),,I,EST,,LF_WAP,,PT_WAP_SUB,,_Z,,Y,,_T,,Y15T64,,_Z,,Q,,2011-Q2,,74.90495,,,,A,,0,,1,
DATAFLOW,OECD.SDD.TPS:DSD_LFS@DF_IALFS_LF_WAP_Q(1.0),,I,EST,,LF_WAP,,PT_WAP_SUB,,_Z,,Y,,_T,,Y15T64,,_Z,,Q,,2011-Q3,,75.89978,,,,A,,0,,1,
DATAFLOW,OECD.SDD.TPS:DSD_LFS@DF_IALFS_LF_WAP_Q(1.0),,I,EST,,LF_WAP,,PT_WAP_SUB,,_Z,,Y,,_T,,Y15T64,,_Z,,Q,,2011-Q4,,75.35097,,,,A,,0,,1,
DATAFLOW,OECD.SDD.TPS:DSD_LFS@DF_IALFS_LF_WAP_Q(1.0),,I,EST,,LF_WAP,,PT_WAP_SUB,,_Z,,Y,,_T,,Y15T64,,_Z,,Q,,2012-Q1,,75.48422,,,,A,,0,,1,
DATAFLOW,OECD.SDD.TPS:DSD_LFS@DF_IALFS_LF_WAP_Q(1.0),,I,EST,,LF_WAP,,PT_WAP_SUB,,_Z,,Y,,_T,,Y15T64,,_Z,,Q,,2012-Q2,,75.54885,,,,A,,0,,1,
DATAFLOW,OECD.SDD.TPS:DSD_LFS@DF_IALFS_LF_WAP_Q(1.0),,I,EST,,LF_WAP,,PT_WAP_SUB,,_Z,,Y,,_T,,Y15T64,,_Z,,Q,,2012-Q3,,76.41554,,,,A,,0,,1,
DATAFLOW,OECD.SDD.TPS:DSD_LFS@DF_IALFS_LF_WAP_Q(1.0),,I,EST,,LF_WAP,,PT_WAP_SUB,,_Z,,Y,,_T,,Y15T64,,_Z,,Q,,2012-Q4,,75.24186,,,,A,,0,,1,
DATAFLOW,OECD.SDD.TPS:DSD_LFS@DF_IALFS_LF_WAP_Q(1.0),,I,EST,,LF_WAP,,PT_WAP_SUB,,_Z,,Y,,_T,,Y15T64,,_Z,,Q,,2013-Q1,,76.04566,,,,A,,0,,1,
DATAFLOW,OECD.SDD.TPS:DSD_LFS@DF_IALFS_LF_WAP_Q(1.0),,I,EST,,LF_WAP,,PT_WAP_SUB,,_Z,,Y,,_T,,Y15T64,,_Z,,Q,,2013-Q2,,76.41379,,,,A,,0,,1,
DATAFLOW,OECD.SDD.TPS:DSD_LFS@DF_IALFS_LF_WAP_Q(1.0),,I,EST,,LF_WAP,,PT_WAP_SUB,,_Z,,Y,,_T,,Y15T64,,_Z,,Q,,2013-Q3,,75.30838,,,,A,,0,,1,
DATAFLOW,OECD.SDD.TPS:DSD_LFS@DF_IALFS_LF_WAP_Q(1.0),,I,EST,,LF_WAP,,PT_WAP_SUB,,_Z,,Y,,_T,,Y15T64,,_Z,,Q,,2013-Q4,,75.51874,,,,A,,0,,1,
DATAFLOW,OECD.SDD.TPS:DSD_LFS@DF_IALFS_LF_WAP_Q(1.0),,I,EST,,LF_WAP,,PT_WAP_SUB,,_Z,,Y,,_T,,Y15T64,,_Z,,Q,,2014-Q1,,75.10786,,,,A,,0,,1,
DATAFLOW,OECD.SDD.TPS:DSD_LFS@DF_IALFS_LF_WAP_Q(1.0),,I,EST,,LF_WAP,,PT_WAP_SUB,,_Z,,Y,,_T,,Y15T64,,_Z,,Q,,2014-Q2,,75.7836,,,,A,,0,,1,
DATAFLOW,OECD.SDD.TPS:DSD_LFS@DF_IALFS_LF_WAP_Q(1.0),,I,EST,,LF_WAP,,PT_WAP_SUB,,_Z,,Y,,_T,,Y15T64,,_Z,,Q,,2014-Q3,,76.65372,,,,A,,0,,1,
DATAFLOW,OECD.SDD.TPS:DSD_LFS@DF_IALFS_LF_WAP_Q(1.0),,I,EST,,LF_WAP,,PT_WAP_SUB,,_Z,,Y,,_T,,Y15T64,,_Z,,Q,,2014-Q4,,76.0192,,,,A,,0,,1,
DATAFLOW,OECD.SDD.TPS:DSD_LFS@DF_IALFS_LF_WAP_Q(1.0),,I,EST,,LF_WAP,,PT_WAP_SUB,,_Z,,Y,,_T,,Y15T64,,_Z,,Q,,2015-Q1,,75.06545,,,,A,,0,,1,
DATAFLOW,OECD.SDD.TPS:DSD_LFS@DF_IALFS_LF_WAP_Q(1.0),,I,EST,,LF_WAP,,PT_WAP_SUB,,_Z,,Y,,_T,,Y15T64,,_Z,,Q,,2015-Q2,,76.68748,,,,A,,0,,1,
DATAFLOW,OECD.SDD.TPS:DSD_LFS@DF_IALFS_LF_WAP_Q(1.0),,I,EST,,LF_WAP,,PT_WAP_SUB,,_Z,,Y,,_T,,Y15T64,,_Z,,Q,,2015-Q3,,77.72044,,,,A,,0,,1,
DATAFLOW,OECD.SDD.TPS:DSD_LFS@DF_IALFS_LF_WAP_Q(1.0),,I,EST,,LF_WAP,,PT_WAP_SUB,,_Z,,Y,,_T,,Y15T64,,_Z,,Q,,2015-Q4,,76.87971,,,,A,,0,,1,
DATAFLOW,OECD.SDD.TPS:DSD_LFS@DF_IALFS_LF_WAP_Q(1.0),,I,EST,,LF_WAP,,PT_WAP_SUB,,_Z,,Y,,_T,,Y15T64,,_Z,,Q,,2016-Q1,,75.31993,,,,A,,0,,1,
DATAFLOW,OECD.SDD.TPS:DSD_LFS@DF_IALFS_LF_WAP_Q(1.0),,I,EST,,LF_WAP,,PT_WAP_SUB,,_Z,,Y,,_T,,Y15T64,,_Z,,Q,,2016-Q2,,78.51202,,,,A,,0,,1,
DATAFLOW,OECD.SDD.TPS:DSD_LFS@DF_IALFS_LF_WAP_Q(1.0),,I,EST,,LF_WAP,,PT_WAP_SUB,,_Z,,Y,,_T,,Y15T64,,_Z,,Q,,2016-Q3,,79.24323,,,,A,,0,,1,
DATAFLOW,OECD.SDD.TPS:DSD_LFS@DF_IALFS_LF_WAP_Q(1.0),,I,EST,,LF_WAP,,PT_WAP_SUB,,_Z,,Y,,_T,,Y15T64,,_Z,,Q,,2016-Q4,,76.96091,,,,A,,0,,1,
DATAFLOW,OECD.SDD.TPS:DSD_LFS@DF_IALFS_LF_WAP_Q(1.0),,I,EST,,LF_WAP,,PT_WAP_SUB,,_Z,,Y,,_T,,Y15T64,,_Z,,Q,,2017-Q1,,78.17024,,,,A,,0,,1,
DATAFLOW,OECD.SDD.TPS:DSD_LFS@DF_IALFS_LF_WAP_Q(1.0),,I,EST,,LF_WAP,,PT_WAP_SUB,,_Z,,Y,,_T,,Y15T64,,_Z,,Q,,2017-Q2,,78.3879,,,,A,,0,,1,
DATAFLOW,OECD.SDD.TPS:DSD_LFS@DF_IALFS_LF_WAP_Q(1.0),,I,EST,,LF_WAP,,PT_WAP_SUB,,_Z,,Y,,_T,,Y15T64,,_Z,,Q,,2017-Q3,,78.58138,,,,A,,0,,1,
DATAFLOW,OECD.SDD.TPS:DSD_LFS@DF_IALFS_LF_WAP_Q(1.0),,I,EST,,LF_WAP,,PT_WAP_SUB,,_Z,,Y,,_T,,Y15T64,,_Z,,Q,,2017-Q4,,79.63627,,,,A,,0,,1,
DATAFLOW,OECD.SDD.TPS:DSD_LFS@DF_IALFS_LF_WAP_Q(1.0),,I,EST,,LF_WAP,,PT_WAP_SUB,,_Z,,Y,,_T,,Y15T64,,_Z,,Q,,2018-Q1,,78.94418,,,,A,,0,,1,
DATAFLOW,OECD.SDD.TPS:DSD_LFS@DF_IALFS_LF_WAP_Q(1.0),,I,EST,,LF_WAP,,PT_WAP_SUB,,_Z,,Y,,_T,,Y15T64,,_Z,,Q,,2018-Q2,,78.51775,,,,A,,0,,1,
DATAFLOW,OECD.SDD.TPS:DSD_LFS@DF_IALFS_LF_WAP_Q(1.0),,I,EST,,LF_WAP,,PT_WAP_SUB,,_Z,,Y,,_T,,Y15T64,,_Z,,Q,,2018-Q3,,78.55808,,,,A,,0,,1,
DATAFLOW,OECD.SDD.TPS:DSD_LFS@DF_IALFS_LF_WAP_Q(1.0),,I,EST,,LF_WAP,,PT_WAP_SUB,,_Z,,Y,,_T,,Y15T64,,_Z,,Q,,2018-Q4,,78.84173,,,,A,,0,,1,
DATAFLOW,OECD.SDD.TPS:DSD_LFS@DF_IALFS_LF_WAP_Q(1.0),,I,EST,,LF_WAP,,PT_WAP_SUB,,_Z,,Y,,_T,,Y15T64,,_Z,,Q,,2019-Q1,,77.77641,,,,A,,0,,1,
DATAFLOW,OECD.SDD.TPS:DSD_LFS@DF_IALFS_LF_WAP_Q(1.0),,I,EST,,LF_WAP,,PT_WAP_SUB,,_Z,,Y,,_T,,Y15T64,,_Z,,Q,,2019-Q2,,78.40513,,,,A,,0,,1,
DATAFLOW,OECD.SDD.TPS:DSD_LFS@DF_IALFS_LF_WAP_Q(1.0),,I,EST,,LF_WAP,,PT_WAP_SUB,,_Z,,Y,,_T,,Y15T64,,_Z,,Q,,2019-Q3,,78.94223,,,,A,,0,,1,
DATAFLOW,OECD.SDD.TPS:DSD_LFS@DF_IALFS_LF_WAP_Q(1.0),,I,EST,,LF_WAP,,PT_WAP_SUB,,_Z,,Y,,_T,,Y15T64,,_Z,,Q,,2019-Q4,,79.53759,,,,A,,0,,1,
DATAFLOW,OECD.SDD.TPS:DSD_LFS@DF_IALFS_LF_WAP_Q(1.0),,I,EST,,LF_WAP,,PT_WAP_SUB,,_Z,,Y,,_T,,Y15T64,,_Z,,Q,,2020-Q1,,78.80419,,,,A,,0,,1,
DATAFLOW,OECD.SDD.TPS:DSD_LFS@DF_IALFS_LF_WAP_Q(1.0),,I,EST,,LF_WAP,,PT_WAP_SUB,,_Z,,Y,,_T,,Y15T64,,_Z,,Q,,2020-Q2,,77.76204,,,,A,,0,,1,
DATAFLOW,OECD.SDD.TPS:DSD_LFS@DF_IALFS_LF_WAP_Q(1.0),,I,EST,,LF_WAP,,PT_WAP_SUB,,_Z,,Y,,_T,,Y15T64,,_Z,,Q,,2020-Q3,,79.66393,,,,A,,0,,1,
DATAFLOW,OECD.SDD.TPS:DSD_LFS@DF_IALFS_LF_WAP_Q(1.0),,I,EST,,LF_WAP,,PT_WAP_SUB,,_Z,,Y,,_T,,Y15T64,,_Z,,Q,,2020-Q4,,80.16949,,,,A,,0,,1,
DATAFLOW,OECD.SDD.TPS:DSD_LFS@DF_IALFS_LF_WAP_Q(1.0),,I,EST,,LF_WAP,,PT_WAP_SUB,,_Z,,Y,,_T,,Y15T64,,_Z,,Q,,2021-Q1,,79.36201,,,,A,,0,,1,
DATAFLOW,OECD.SDD.TPS:DSD_LFS@DF_IALFS_LF_WAP_Q(1.0),,I,EST,,LF_WAP,,PT_WAP_SUB,,_Z,,Y,,_T,,Y15T64,,_Z,,Q,,2021-Q2,,78.299,,,,A,,0,,1,
DATAFLOW,OECD.SDD.TPS:DSD_LFS@DF_IALFS_LF_WAP_Q(1.0),,I,EST,,LF_WAP,,PT_WAP_SUB,,_Z,,Y,,_T,,Y15T64,,_Z,,Q,,2021-Q3,,79.32433,,,,A,,0,,1,
DATAFLOW,OECD.SDD.TPS:DSD_LFS@DF_IALFS_LF_WAP_Q(1.0),,I,EST,,LF_WAP,,PT_WAP_SUB,,_Z,,Y,,_T,,Y15T64,,_Z,,Q,,2021-Q4,,79.44241,,,,A,,0,,1,
DATAFLOW,OECD.SDD.TPS:DSD_LFS@DF_IALFS_LF_WAP_Q(1.0),,I,EST,,LF_WAP,,PT_WAP_SUB,,_Z,,Y,,_T,,Y15T64,,_Z,,Q,,2022-Q1,,81.13358,,,,A,,0,,1,
DATAFLOW,OECD.SDD.TPS:DSD_LFS@DF_IALFS_LF_WAP_Q(1.0),,I,EST,,LF_WAP,,PT_WAP_SUB,,_Z,,Y,,_T,,Y15T64,,_Z,,Q,,2022-Q2,,80.941,,,,A,,0,,1,
DATAFLOW,OECD.SDD.TPS:DSD_LFS@DF_IALFS_LF_WAP_Q(1.0),,I,EST,,LF_WAP,,PT_WAP_SUB,,_Z,,Y,,_T,,Y15T64,,_Z,,Q,,2022-Q3,,81.21062,,,,A,,0,,1,
DATAFLOW,OECD.SDD.TPS:DSD_LFS@DF_IALFS_LF_WAP_Q(1.0),,I,EST,,LF_WAP,,PT_WAP_SUB,,_Z,,Y,,_T,,Y15T64,,_Z,,Q,,2022-Q4,,81.48093,,,,A,,0,,1,
DATAFLOW,OECD.SDD.TPS:DSD_LFS@DF_IALFS_LF_WAP_Q(1.0),,I,EST,,LF_WAP,,PT_WAP_SUB,,_Z,,Y,,_T,,Y15T64,,_Z,,Q,,2023-Q1,,80.89948,,,,A,,0,,1,
DATAFLOW,OECD.SDD.TPS:DSD_LFS@DF_IALFS_LF_WAP_Q(1.0),,I,EST,,LF_WAP,,PT_WAP_SUB,,_Z,,Y,,_T,,Y15T64,,_Z,,Q,,2023-Q2,,82.16035,,,,A,,0,,1,
DATAFLOW,OECD.SDD.TPS:DSD_LFS@DF_IALFS_LF_WAP_Q(1.0),,I,EST,,LF_WAP,,PT_WAP_SUB,,_Z,,Y,,_T,,Y15T64,,_Z,,Q,,2023-Q3,,82.32177,,,,A,,0,,1,
DATAFLOW,OECD.SDD.TPS:DSD_LFS@DF_IALFS_LF_WAP_Q(1.0),,I,EST,,LF_WAP,,PT_WAP_SUB,,_Z,,Y,,_T,,Y15T64,,_Z,,Q,,2023-Q4,,81.23475,,,,A,,0,,1,
DATAFLOW,OECD.SDD.TPS:DSD_LFS@DF_IALFS_LF_WAP_Q(1.0),,I,EST,,LF_WAP,,PT_WAP_SUB,,_Z,,Y,,_T,,Y15T64,,_Z,,Q,,2024-Q1,,82.00635,,,,A,,0,,1,
DATAFLOW,OECD.SDD.TPS:DSD_LFS@DF_IALFS_LF_WAP_Q(1.0),,I,EST,,LF_WAP,,PT_WAP_SUB,,_Z,,Y,,_T,,Y15T64,,_Z,,Q,,2024-Q2,,83.10053,,,,A,,0,,1,
DATAFLOW,OECD.SDD.TPS:DSD_LFS@DF_IALFS_LF_WAP_Q(1.0),,I,EST,,LF_WAP,,PT_WAP_SUB,,_Z,,Y,,_T,,Y15T64,,_Z,,Q,,2024-Q3,,82.09277,,,,A,,0,,1,
DATAFLOW,OECD.SDD.TPS:DSD_LFS@DF_IALFS_LF_WAP_Q(1.0),,I,EST,,LF_WAP,,PT_WAP_SUB,,_Z,,Y,,_T,,Y15T64,,_Z,,Q,,2024-Q4,,81.46967,,,,A,,0,,1,
DATAFLOW,OECD.SDD.TPS:DSD_LFS@DF_IALFS_LF_WAP_Q(1.0),,I,EST,,LF_WAP,,PT_WAP_SUB,,_Z,,Y,,_T,,Y15T64,,_Z,,Q,,2025-Q1,,81.40004,,,,A,,0,,1,
DATAFLOW,OECD.SDD.TPS:DSD_LFS@DF_IALFS_LF_WAP_Q(1.0),,I,EST,,LF_WAP,,PT_WAP_SUB,,_Z,,Y,,_T,,Y15T64,,_Z,,Q,,2025-Q2,,81.99377,,,,A,,0,,1,
DATAFLOW,OECD.SDD.TPS:DSD_LFS@DF_IALFS_LF_WAP_Q(1.0),,I,EST,,LF_WAP,,PT_WAP_SUB,,_Z,,Y,,_T,,Y15T64,,_Z,,Q,,2025-Q3,,82.74803,,,,A,,0,,1,
DATAFLOW,OECD.SDD.TPS:DSD_LFS@DF_IALFS_LF_WAP_Q(1.0),,I,EST,,LF_WAP,,PT_WAP_SUB,,_Z,,Y,,_T,,Y15T64,,_Z,,Q,,2025-Q4,,80.49149,,,,A,,0,,1,
DATAFLOW,OECD.SDD.TPS:DSD_LFS@DF_IALFS_LF_WAP_Q(1.0),,I,EST,,LF_WAP,,PT_WAP_SUB,,_Z,,Y,,_T,,Y15T64,,_Z,,Q,,2026-Q1,,80.58815,,,,A,,0,,1,
DATAFLOW,OECD.SDD.TPS:DSD_LFS@DF_IALFS_LF_WAP_Q(1.0),,I,BGR,,LF_WAP,,PT_WAP_SUB,,_Z,,Y,,_T,,Y15T64,,_Z,,Q,,2000-Q1,,61.37976,,,,A,,0,,1,
DATAFLOW,OECD.SDD.TPS:DSD_LFS@DF_IALFS_LF_WAP_Q(1.0),,I,BGR,,LF_WAP,,PT_WAP_SUB,,_Z,,Y,,_T,,Y15T64,,_Z,,Q,,2000-Q2,,60.90083,,,,A,,0,,1,
DATAFLOW,OECD.SDD.TPS:DSD_LFS@DF_IALFS_LF_WAP_Q(1.0),,I,BGR,,LF_WAP,,PT_WAP_SUB,,_Z,,Y,,_T,,Y15T64,,_Z,,Q,,2000-Q3,,60.38336,,,,A,,0,,1,
DATAFLOW,OECD.SDD.TPS:DSD_LFS@DF_IALFS_LF_WAP_Q(1.0),,I,BGR,,LF_WAP,,PT_WAP_SUB,,_Z,,Y,,_T,,Y15T64,,_Z,,Q,,2000-Q4,,60.33627,,,,A,,0,,1,
DATAFLOW,OECD.SDD.TPS:DSD_LFS@DF_IALFS_LF_WAP_Q(1.0),,I,BGR,,LF_WAP,,PT_WAP_SUB,,_Z,,Y,,_T,,Y15T64,,_Z,,Q,,2001-Q1,,63.57207,,,,A,,0,,1,
DATAFLOW,OECD.SDD.TPS:DSD_LFS@DF_IALFS_LF_WAP_Q(1.0),,I,BGR,,LF_WAP,,PT_WAP_SUB,,_Z,,Y,,_T,,Y15T64,,_Z,,Q,,2001-Q2,,62.73716,,,,A,,0,,1,
DATAFLOW,OECD.SDD.TPS:DSD_LFS@DF_IALFS_LF_WAP_Q(1.0),,I,BGR,,LF_WAP,,PT_WAP_SUB,,_Z,,Y,,_T,,Y15T64,,_Z,,Q,,2001-Q3,,62.24467,,,,A,,0,,1,
DATAFLOW,OECD.SDD.TPS:DSD_LFS@DF_IALFS_LF_WAP_Q(1.0),,I,BGR,,LF_WAP,,PT_WAP_SUB,,_Z,,Y,,_T,,Y15T64,,_Z,,Q,,2001-Q4,,61.36496,,,,A,,0,,1,
DATAFLOW,OECD.SDD.TPS:DSD_LFS@DF_IALFS_LF_WAP_Q(1.0),,I,BGR,,LF_WAP,,PT_WAP_SUB,,_Z,,Y,,_T,,Y15T64,,_Z,,Q,,2002-Q1,,62.05534,,,,A,,0,,1,
DATAFLOW,OECD.SDD.TPS:DSD_LFS@DF_IALFS_LF_WAP_Q(1.0),,I,BGR,,LF_WAP,,PT_WAP_SUB,,_Z,,Y,,_T,,Y15T64,,_Z,,Q,,2002-Q2,,61.82742,,,,A,,0,,1,
DATAFLOW,OECD.SDD.TPS:DSD_LFS@DF_IALFS_LF_WAP_Q(1.0),,I,BGR,,LF_WAP,,PT_WAP_SUB,,_Z,,Y,,_T,,Y15T64,,_Z,,Q,,2002-Q3,,62.07925,,,,A,,0,,1,
DATAFLOW,OECD.SDD.TPS:DSD_LFS@DF_IALFS_LF_WAP_Q(1.0),,I,BGR,,LF_WAP,,PT_WAP_SUB,,_Z,,Y,,_T,,Y15T64,,_Z,,Q,,2002-Q4,,61.6292,,,,A,,0,,1,
DATAFLOW,OECD.SDD.TPS:DSD_LFS@DF_IALFS_LF_WAP_Q(1.0),,I,BGR,,LF_WAP,,PT_WAP_SUB,,_Z,,Y,,_T,,Y15T64,,_Z,,Q,,2003-Q1,,60.77033,,,,A,,0,,1,
DATAFLOW,OECD.SDD.TPS:DSD_LFS@DF_IALFS_LF_WAP_Q(1.0),,I,BGR,,LF_WAP,,PT_WAP_SUB,,_Z,,Y,,_T,,Y15T64,,_Z,,Q,,2003-Q2,,60.92429,,,,A,,0,,1,
DATAFLOW,OECD.SDD.TPS:DSD_LFS@DF_IALFS_LF_WAP_Q(1.0),,I,BGR,,LF_WAP,,PT_WAP_SUB,,_Z,,Y,,_T,,Y15T64,,_Z,,Q,,2003-Q3,,61.02104,,,,A,,0,,1,
DATAFLOW,OECD.SDD.TPS:DSD_LFS@DF_IALFS_LF_WAP_Q(1.0),,I,BGR,,LF_WAP,,PT_WAP_SUB,,_Z,,Y,,_T,,Y15T64,,_Z,,Q,,2003-Q4,,60.92175,,,,A,,0,,1,
DATAFLOW,OECD.SDD.TPS:DSD_LFS@DF_IALFS_LF_WAP_Q(1.0),,I,BGR,,LF_WAP,,PT_WAP_SUB,,_Z,,Y,,_T,,Y15T64,,_Z,,Q,,2004-Q1,,61.16963,,,,A,,0,,1,
DATAFLOW,OECD.SDD.TPS:DSD_LFS@DF_IALFS_LF_WAP_Q(1.0),,I,BGR,,LF_WAP,,PT_WAP_SUB,,_Z,,Y,,_T,,Y15T64,,_Z,,Q,,2004-Q2,,62.06832,,,,A,,0,,1,
DATAFLOW,OECD.SDD.TPS:DSD_LFS@DF_IALFS_LF_WAP_Q(1.0),,I,BGR,,LF_WAP,,PT_WAP_SUB,,_Z,,Y,,_T,,Y15T64,,_Z,,Q,,2004-Q3,,61.76064,,,,A,,0,,1,
DATAFLOW,OECD.SDD.TPS:DSD_LFS@DF_IALFS_LF_WAP_Q(1.0),,I,BGR,,LF_WAP,,PT_WAP_SUB,,_Z,,Y,,_T,,Y15T64,,_Z,,Q,,2004-Q4,,62.03208,,,,A,,0,,1,
DATAFLOW,OECD.SDD.TPS:DSD_LFS@DF_IALFS_LF_WAP_Q(1.0),,I,BGR,,LF_WAP,,PT_WAP_SUB,,_Z,,Y,,_T,,Y15T64,,_Z,,Q,,2005-Q1,,61.43732,,,,A,,0,,1,
DATAFLOW,OECD.SDD.TPS:DSD_LFS@DF_IALFS_LF_WAP_Q(1.0),,I,BGR,,LF_WAP,,PT_WAP_SUB,,_Z,,Y,,_T,,Y15T64,,_Z,,Q,,2005-Q2,,61.85989,,,,A,,0,,1,
DATAFLOW,OECD.SDD.TPS:DSD_LFS@DF_IALFS_LF_WAP_Q(1.0),,I,BGR,,LF_WAP,,PT_WAP_SUB,,_Z,,Y,,_T,,Y15T64,,_Z,,Q,,2005-Q3,,62.42237,,,,A,,0,,1,
DATAFLOW,OECD.SDD.TPS:DSD_LFS@DF_IALFS_LF_WAP_Q(1.0),,I,BGR,,LF_WAP,,PT_WAP_SUB,,_Z,,Y,,_T,,Y15T64,,_Z,,Q,,2005-Q4,,62.70951,,,,A,,0,,1,
DATAFLOW,OECD.SDD.TPS:DSD_LFS@DF_IALFS_LF_WAP_Q(1.0),,I,BGR,,LF_WAP,,PT_WAP_SUB,,_Z,,Y,,_T,,Y15T64,,_Z,,Q,,2006-Q1,,62.8549,,,,A,,0,,1,
DATAFLOW,OECD.SDD.TPS:DSD_LFS@DF_IALFS_LF_WAP_Q(1.0),,I,BGR,,LF_WAP,,PT_WAP_SUB,,_Z,,Y,,_T,,Y15T64,,_Z,,Q,,2006-Q2,,64.4476,,,,A,,0,,1,
DATAFLOW,OECD.SDD.TPS:DSD_LFS@DF_IALFS_LF_WAP_Q(1.0),,I,BGR,,LF_WAP,,PT_WAP_SUB,,_Z,,Y,,_T,,Y15T64,,_Z,,Q,,2006-Q3,,65.0183,,,,A,,0,,1,
DATAFLOW,OECD.SDD.TPS:DSD_LFS@DF_IALFS_LF_WAP_Q(1.0),,I,BGR,,LF_WAP,,PT_WAP_SUB,,_Z,,Y,,_T,,Y15T64,,_Z,,Q,,2006-Q4,,65.54071,,,,A,,0,,1,
DATAFLOW,OECD.SDD.TPS:DSD_LFS@DF_IALFS_LF_WAP_Q(1.0),,I,BGR,,LF_WAP,,PT_WAP_SUB,,_Z,,Y,,_T,,Y15T64,,_Z,,Q,,2007-Q1,,65.96988,,,,A,,0,,1,
DATAFLOW,OECD.SDD.TPS:DSD_LFS@DF_IALFS_LF_WAP_Q(1.0),,I,BGR,,LF_WAP,,PT_WAP_SUB,,_Z,,Y,,_T,,Y15T64,,_Z,,Q,,2007-Q2,,65.79105,,,,A,,0,,1,
DATAFLOW,OECD.SDD.TPS:DSD_LFS@DF_IALFS_LF_WAP_Q(1.0),,I,BGR,,LF_WAP,,PT_WAP_SUB,,_Z,,Y,,_T,,Y15T64,,_Z,,Q,,2007-Q3,,66.32713,,,,A,,0,,1,
DATAFLOW,OECD.SDD.TPS:DSD_LFS@DF_IALFS_LF_WAP_Q(1.0),,I,BGR,,LF_WAP,,PT_WAP_SUB,,_Z,,Y,,_T,,Y15T64,,_Z,,Q,,2007-Q4,,67.23037,,,,A,,0,,1,
DATAFLOW,OECD.SDD.TPS:DSD_LFS@DF_IALFS_LF_WAP_Q(1.0),,I,BGR,,LF_WAP,,PT_WAP_SUB,,_Z,,Y,,_T,,Y15T64,,_Z,,Q,,2008-Q1,,67.90963,,,,A,,0,,1,
DATAFLOW,OECD.SDD.TPS:DSD_LFS@DF_IALFS_LF_WAP_Q(1.0),,I,BGR,,LF_WAP,,PT_WAP_SUB,,_Z,,Y,,_T,,Y15T64,,_Z,,Q,,2008-Q2,,67.71896,,,,A,,0,,1,
DATAFLOW,OECD.SDD.TPS:DSD_LFS@DF_IALFS_LF_WAP_Q(1.0),,I,BGR,,LF_WAP,,PT_WAP_SUB,,_Z,,Y,,_T,,Y15T64,,_Z,,Q,,2008-Q3,,67.72907,,,,A,,0,,1,
DATAFLOW,OECD.SDD.TPS:DSD_LFS@DF_IALFS_LF_WAP_Q(1.0),,I,BGR,,LF_WAP,,PT_WAP_SUB,,_Z,,Y,,_T,,Y15T64,,_Z,,Q,,2008-Q4,,67.82886,,,,A,,0,,1,
DATAFLOW,OECD.SDD.TPS:DSD_LFS@DF_IALFS_LF_WAP_Q(1.0),,I,BGR,,LF_WAP,,PT_WAP_SUB,,_Z,,Y,,_T,,Y15T64,,_Z,,Q,,2009-Q1,,67.5762,,,,A,,0,,1,
DATAFLOW,OECD.SDD.TPS:DSD_LFS@DF_IALFS_LF_WAP_Q(1.0),,I,BGR,,LF_WAP,,PT_WAP_SUB,,_Z,,Y,,_T,,Y15T64,,_Z,,Q,,2009-Q2,,67.10285,,,,A,,0,,1,
DATAFLOW,OECD.SDD.TPS:DSD_LFS@DF_IALFS_LF_WAP_Q(1.0),,I,BGR,,LF_WAP,,PT_WAP_SUB,,_Z,,Y,,_T,,Y15T64,,_Z,,Q,,2009-Q3,,66.52605,,,,A,,0,,1,
DATAFLOW,OECD.SDD.TPS:DSD_LFS@DF_IALFS_LF_WAP_Q(1.0),,I,BGR,,LF_WAP,,PT_WAP_SUB,,_Z,,Y,,_T,,Y15T64,,_Z,,Q,,2009-Q4,,66.30546,,,,A,,0,,1,
DATAFLOW,OECD.SDD.TPS:DSD_LFS@DF_IALFS_LF_WAP_Q(1.0),,I,BGR,,LF_WAP,,PT_WAP_SUB,,_Z,,Y,,_T,,Y15T64,,_Z,,Q,,2010-Q1,,66.40076,,,,A,,0,,1,
DATAFLOW,OECD.SDD.TPS:DSD_LFS@DF_IALFS_LF_WAP_Q(1.0),,I,BGR,,LF_WAP,,PT_WAP_SUB,,_Z,,Y,,_T,,Y15T64,,_Z,,Q,,2010-Q2,,66.58243,,,,A,,0,,1,
DATAFLOW,OECD.SDD.TPS:DSD_LFS@DF_IALFS_LF_WAP_Q(1.0),,I,BGR,,LF_WAP,,PT_WAP_SUB,,_Z,,Y,,_T,,Y15T64,,_Z,,Q,,2010-Q3,,66.11982,,,,A,,0,,1,
DATAFLOW,OECD.SDD.TPS:DSD_LFS@DF_IALFS_LF_WAP_Q(1.0),,I,BGR,,LF_WAP,,PT_WAP_SUB,,_Z,,Y,,_T,,Y15T64,,_Z,,Q,,2010-Q4,,66.45596,,,,A,,0,,1,
DATAFLOW,OECD.SDD.TPS:DSD_LFS@DF_IALFS_LF_WAP_Q(1.0),,I,BGR,,LF_WAP,,PT_WAP_SUB,,_Z,,Y,,_T,,Y15T64,,_Z,,Q,,2011-Q1,,65.97693,,,,A,,0,,1,
DATAFLOW,OECD.SDD.TPS:DSD_LFS@DF_IALFS_LF_WAP_Q(1.0),,I,BGR,,LF_WAP,,PT_WAP_SUB,,_Z,,Y,,_T,,Y15T64,,_Z,,Q,,2011-Q2,,65.26644,,,,A,,0,,1,
DATAFLOW,OECD.SDD.TPS:DSD_LFS@DF_IALFS_LF_WAP_Q(1.0),,I,BGR,,LF_WAP,,PT_WAP_SUB,,_Z,,Y,,_T,,Y15T64,,_Z,,Q,,2011-Q3,,65.42469,,,,A,,0,,1,
DATAFLOW,OECD.SDD.TPS:DSD_LFS@DF_IALFS_LF_WAP_Q(1.0),,I,BGR,,LF_WAP,,PT_WAP_SUB,,_Z,,Y,,_T,,Y15T64,,_Z,,Q,,2011-Q4,,65.83647,,,,A,,0,,1,
DATAFLOW,OECD.SDD.TPS:DSD_LFS@DF_IALFS_LF_WAP_Q(1.0),,I,BGR,,LF_WAP,,PT_WAP_SUB,,_Z,,Y,,_T,,Y15T64,,_Z,,Q,,2012-Q1,,66.12646,,,,A,,0,,1,
DATAFLOW,OECD.SDD.TPS:DSD_LFS@DF_IALFS_LF_WAP_Q(1.0),,I,BGR,,LF_WAP,,PT_WAP_SUB,,_Z,,Y,,_T,,Y15T64,,_Z,,Q,,2012-Q2,,66.37656,,,,A,,0,,1,
DATAFLOW,OECD.SDD.TPS:DSD_LFS@DF_IALFS_LF_WAP_Q(1.0),,I,BGR,,LF_WAP,,PT_WAP_SUB,,_Z,,Y,,_T,,Y15T64,,_Z,,Q,,2012-Q3,,67.245,,,,A,,0,,1,
DATAFLOW,OECD.SDD.TPS:DSD_LFS@DF_IALFS_LF_WAP_Q(1.0),,I,BGR,,LF_WAP,,PT_WAP_SUB,,_Z,,Y,,_T,,Y15T64,,_Z,,Q,,2012-Q4,,67.57031,,,,A,,0,,1,
DATAFLOW,OECD.SDD.TPS:DSD_LFS@DF_IALFS_LF_WAP_Q(1.0),,I,BGR,,LF_WAP,,PT_WAP_SUB,,_Z,,Y,,_T,,Y15T64,,_Z,,Q,,2013-Q1,,67.65411,,,,A,,0,,1,
DATAFLOW,OECD.SDD.TPS:DSD_LFS@DF_IALFS_LF_WAP_Q(1.0),,I,BGR,,LF_WAP,,PT_WAP_SUB,,_Z,,Y,,_T,,Y15T64,,_Z,,Q,,2013-Q2,,68.01957,,,,A,,0,,1,
DATAFLOW,OECD.SDD.TPS:DSD_LFS@DF_IALFS_LF_WAP_Q(1.0),,I,BGR,,LF_WAP,,PT_WAP_SUB,,_Z,,Y,,_T,,Y15T64,,_Z,,Q,,2013-Q3,,68.27097,,,,A,,0,,1,
DATAFLOW,OECD.SDD.TPS:DSD_LFS@DF_IALFS_LF_WAP_Q(1.0),,I,BGR,,LF_WAP,,PT_WAP_SUB,,_Z,,Y,,_T,,Y15T64,,_Z,,Q,,2013-Q4,,68.51858,,,,A,,0,,1,
DATAFLOW,OECD.SDD.TPS:DSD_LFS@DF_IALFS_LF_WAP_Q(1.0),,I,BGR,,LF_WAP,,PT_WAP_SUB,,_Z,,Y,,_T,,Y15T64,,_Z,,Q,,2014-Q1,,68.64607,,,,A,,0,,1,
DATAFLOW,OECD.SDD.TPS:DSD_LFS@DF_IALFS_LF_WAP_Q(1.0),,I,BGR,,LF_WAP,,PT_WAP_SUB,,_Z,,Y,,_T,,Y15T64,,_Z,,Q,,2014-Q2,,68.48114,,,,A,,0,,1,
DATAFLOW,OECD.SDD.TPS:DSD_LFS@DF_IALFS_LF_WAP_Q(1.0),,I,BGR,,LF_WAP,,PT_WAP_SUB,,_Z,,Y,,_T,,Y15T64,,_Z,,Q,,2014-Q3,,69.1242,,,,A,,0,,1,
DATAFLOW,OECD.SDD.TPS:DSD_LFS@DF_IALFS_LF_WAP_Q(1.0),,I,BGR,,LF_WAP,,PT_WAP_SUB,,_Z,,Y,,_T,,Y15T64,,_Z,,Q,,2014-Q4,,68.69255,,,,A,,0,,1,
DATAFLOW,OECD.SDD.TPS:DSD_LFS@DF_IALFS_LF_WAP_Q(1.0),,I,BGR,,LF_WAP,,PT_WAP_SUB,,_Z,,Y,,_T,,Y15T64,,_Z,,Q,,2015-Q1,,68.99614,,,,A,,0,,1,
DATAFLOW,OECD.SDD.TPS:DSD_LFS@DF_IALFS_LF_WAP_Q(1.0),,I,BGR,,LF_WAP,,PT_WAP_SUB,,_Z,,Y,,_T,,Y15T64,,_Z,,Q,,2015-Q2,,69.03205,,,,A,,0,,1,
DATAFLOW,OECD.SDD.TPS:DSD_LFS@DF_IALFS_LF_WAP_Q(1.0),,I,BGR,,LF_WAP,,PT_WAP_SUB,,_Z,,Y,,_T,,Y15T64,,_Z,,Q,,2015-Q3,,69.1071,,,,A,,0,,1,
DATAFLOW,OECD.SDD.TPS:DSD_LFS@DF_IALFS_LF_WAP_Q(1.0),,I,BGR,,LF_WAP,,PT_WAP_SUB,,_Z,,Y,,_T,,Y15T64,,_Z,,Q,,2015-Q4,,69.0649,,,,A,,0,,1,
DATAFLOW,OECD.SDD.TPS:DSD_LFS@DF_IALFS_LF_WAP_Q(1.0),,I,BGR,,LF_WAP,,PT_WAP_SUB,,_Z,,Y,,_T,,Y15T64,,_Z,,Q,,2016-Q1,,68.89486,,,,A,,0,,1,
DATAFLOW,OECD.SDD.TPS:DSD_LFS@DF_IALFS_LF_WAP_Q(1.0),,I,BGR,,LF_WAP,,PT_WAP_SUB,,_Z,,Y,,_T,,Y15T64,,_Z,,Q,,2016-Q2,,68.8222,,,,A,,0,,1,
DATAFLOW,OECD.SDD.TPS:DSD_LFS@DF_IALFS_LF_WAP_Q(1.0),,I,BGR,,LF_WAP,,PT_WAP_SUB,,_Z,,Y,,_T,,Y15T64,,_Z,,Q,,2016-Q3,,67.94003,,,,A,,0,,1,
DATAFLOW,OECD.SDD.TPS:DSD_LFS@DF_IALFS_LF_WAP_Q(1.0),,I,BGR,,LF_WAP,,PT_WAP_SUB,,_Z,,Y,,_T,,Y15T64,,_Z,,Q,,2016-Q4,,68.00685,,,,A,,0,,1,
DATAFLOW,OECD.SDD.TPS:DSD_LFS@DF_IALFS_LF_WAP_Q(1.0),,I,BGR,,LF_WAP,,PT_WAP_SUB,,_Z,,Y,,_T,,Y15T64,,_Z,,Q,,2017-Q1,,69.89619,,,,A,,0,,1,
DATAFLOW,OECD.SDD.TPS:DSD_LFS@DF_IALFS_LF_WAP_Q(1.0),,I,BGR,,LF_WAP,,PT_WAP_SUB,,_Z,,Y,,_T,,Y15T64,,_Z,,Q,,2017-Q2,,71.19714,,,,A,,0,,1,
DATAFLOW,OECD.SDD.TPS:DSD_LFS@DF_IALFS_LF_WAP_Q(1.0),,I,BGR,,LF_WAP,,PT_WAP_SUB,,_Z,,Y,,_T,,Y15T64,,_Z,,Q,,2017-Q3,,71.59992,,,,A,,0,,1,
DATAFLOW,OECD.SDD.TPS:DSD_LFS@DF_IALFS_LF_WAP_Q(1.0),,I,BGR,,LF_WAP,,PT_WAP_SUB,,_Z,,Y,,_T,,Y15T64,,_Z,,Q,,2017-Q4,,71.56435,,,,A,,0,,1,
DATAFLOW,OECD.SDD.TPS:DSD_LFS@DF_IALFS_LF_WAP_Q(1.0),,I,BGR,,LF_WAP,,PT_WAP_SUB,,_Z,,Y,,_T,,Y15T64,,_Z,,Q,,2018-Q1,,71.41331,,,,A,,0,,1,
DATAFLOW,OECD.SDD.TPS:DSD_LFS@DF_IALFS_LF_WAP_Q(1.0),,I,BGR,,LF_WAP,,PT_WAP_SUB,,_Z,,Y,,_T,,Y15T64,,_Z,,Q,,2018-Q2,,71.32978,,,,A,,0,,1,
DATAFLOW,OECD.SDD.TPS:DSD_LFS@DF_IALFS_LF_WAP_Q(1.0),,I,BGR,,LF_WAP,,PT_WAP_SUB,,_Z,,Y,,_T,,Y15T64,,_Z,,Q,,2018-Q3,,71.29784,,,,A,,0,,1,
DATAFLOW,OECD.SDD.TPS:DSD_LFS@DF_IALFS_LF_WAP_Q(1.0),,I,BGR,,LF_WAP,,PT_WAP_SUB,,_Z,,Y,,_T,,Y15T64,,_Z,,Q,,2018-Q4,,70.93123,,,,A,,0,,1,
DATAFLOW,OECD.SDD.TPS:DSD_LFS@DF_IALFS_LF_WAP_Q(1.0),,I,BGR,,LF_WAP,,PT_WAP_SUB,,_Z,,Y,,_T,,Y15T64,,_Z,,Q,,2019-Q1,,72.93288,,,,A,,0,,1,
DATAFLOW,OECD.SDD.TPS:DSD_LFS@DF_IALFS_LF_WAP_Q(1.0),,I,BGR,,LF_WAP,,PT_WAP_SUB,,_Z,,Y,,_T,,Y15T64,,_Z,,Q,,2019-Q2,,73.76067,,,,A,,0,,1,
DATAFLOW,OECD.SDD.TPS:DSD_LFS@DF_IALFS_LF_WAP_Q(1.0),,I,BGR,,LF_WAP,,PT_WAP_SUB,,_Z,,Y,,_T,,Y15T64,,_Z,,Q,,2019-Q3,,73.32298,,,,A,,0,,1,
DATAFLOW,OECD.SDD.TPS:DSD_LFS@DF_IALFS_LF_WAP_Q(1.0),,I,BGR,,LF_WAP,,PT_WAP_SUB,,_Z,,Y,,_T,,Y15T64,,_Z,,Q,,2019-Q4,,73.12917,,,,A,,0,,1,
DATAFLOW,OECD.SDD.TPS:DSD_LFS@DF_IALFS_LF_WAP_Q(1.0),,I,BGR,,LF_WAP,,PT_WAP_SUB,,_Z,,Y,,_T,,Y15T64,,_Z,,Q,,2020-Q1,,72.36817,,,,A,,0,,1,
DATAFLOW,OECD.SDD.TPS:DSD_LFS@DF_IALFS_LF_WAP_Q(1.0),,I,BGR,,LF_WAP,,PT_WAP_SUB,,_Z,,Y,,_T,,Y15T64,,_Z,,Q,,2020-Q2,,71.8695,,,,A,,0,,1,
DATAFLOW,OECD.SDD.TPS:DSD_LFS@DF_IALFS_LF_WAP_Q(1.0),,I,BGR,,LF_WAP,,PT_WAP_SUB,,_Z,,Y,,_T,,Y15T64,,_Z,,Q,,2020-Q3,,72.43112,,,,A,,0,,1,
DATAFLOW,OECD.SDD.TPS:DSD_LFS@DF_IALFS_LF_WAP_Q(1.0),,I,BGR,,LF_WAP,,PT_WAP_SUB,,_Z,,Y,,_T,,Y15T64,,_Z,,Q,,2020-Q4,,72.81123,,,,A,,0,,1,
DATAFLOW,OECD.SDD.TPS:DSD_LFS@DF_IALFS_LF_WAP_Q(1.0),,I,BGR,,LF_WAP,,PT_WAP_SUB,,_Z,,Y,,_T,,Y15T64,,_Z,,Q,,2021-Q1,,72.38208,,,,A,,0,,1,
DATAFLOW,OECD.SDD.TPS:DSD_LFS@DF_IALFS_LF_WAP_Q(1.0),,I,BGR,,LF_WAP,,PT_WAP_SUB,,_Z,,Y,,_T,,Y15T64,,_Z,,Q,,2021-Q2,,72.21096,,,,A,,0,,1,
DATAFLOW,OECD.SDD.TPS:DSD_LFS@DF_IALFS_LF_WAP_Q(1.0),,I,BGR,,LF_WAP,,PT_WAP_SUB,,_Z,,Y,,_T,,Y15T64,,_Z,,Q,,2021-Q3,,72.28427,,,,A,,0,,1,
DATAFLOW,OECD.SDD.TPS:DSD_LFS@DF_IALFS_LF_WAP_Q(1.0),,I,BGR,,LF_WAP,,PT_WAP_SUB,,_Z,,Y,,_T,,Y15T64,,_Z,,Q,,2021-Q4,,72.16386,,,,A,,0,,1,
DATAFLOW,OECD.SDD.TPS:DSD_LFS@DF_IALFS_LF_WAP_Q(1.0),,I,BGR,,LF_WAP,,PT_WAP_SUB,,_Z,,Y,,_T,,Y15T64,,_Z,,Q,,2022-Q1,,72.92778,,,,A,,0,,1,
DATAFLOW,OECD.SDD.TPS:DSD_LFS@DF_IALFS_LF_WAP_Q(1.0),,I,BGR,,LF_WAP,,PT_WAP_SUB,,_Z,,Y,,_T,,Y15T64,,_Z,,Q,,2022-Q2,,73.47565,,,,A,,0,,1,
DATAFLOW,OECD.SDD.TPS:DSD_LFS@DF_IALFS_LF_WAP_Q(1.0),,I,BGR,,LF_WAP,,PT_WAP_SUB,,_Z,,Y,,_T,,Y15T64,,_Z,,Q,,2022-Q3,,73.98855,,,,A,,0,,1,
DATAFLOW,OECD.SDD.TPS:DSD_LFS@DF_IALFS_LF_WAP_Q(1.0),,I,BGR,,LF_WAP,,PT_WAP_SUB,,_Z,,Y,,_T,,Y15T64,,_Z,,Q,,2022-Q4,,74.50986,,,,A,,0,,1,
DATAFLOW,OECD.SDD.TPS:DSD_LFS@DF_IALFS_LF_WAP_Q(1.0),,I,BGR,,LF_WAP,,PT_WAP_SUB,,_Z,,Y,,_T,,Y15T64,,_Z,,Q,,2023-Q1,,74.21313,,,,A,,0,,1,
DATAFLOW,OECD.SDD.TPS:DSD_LFS@DF_IALFS_LF_WAP_Q(1.0),,I,BGR,,LF_WAP,,PT_WAP_SUB,,_Z,,Y,,_T,,Y15T64,,_Z,,Q,,2023-Q2,,73.78609,,,,A,,0,,1,
DATAFLOW,OECD.SDD.TPS:DSD_LFS@DF_IALFS_LF_WAP_Q(1.0),,I,BGR,,LF_WAP,,PT_WAP_SUB,,_Z,,Y,,_T,,Y15T64,,_Z,,Q,,2023-Q3,,73.89804,,,,A,,0,,1,
DATAFLOW,OECD.SDD.TPS:DSD_LFS@DF_IALFS_LF_WAP_Q(1.0),,I,BGR,,LF_WAP,,PT_WAP_SUB,,_Z,,Y,,_T,,Y15T64,,_Z,,Q,,2023-Q4,,73.78831,,,,A,,0,,1,
DATAFLOW,OECD.SDD.TPS:DSD_LFS@DF_IALFS_LF_WAP_Q(1.0),,I,BGR,,LF_WAP,,PT_WAP_SUB,,_Z,,Y,,_T,,Y15T64,,_Z,,Q,,2024-Q1,,74.38946,,,,A,,0,,1,
DATAFLOW,OECD.SDD.TPS:DSD_LFS@DF_IALFS_LF_WAP_Q(1.0),,I,BGR,,LF_WAP,,PT_WAP_SUB,,_Z,,Y,,_T,,Y15T64,,_Z,,Q,,2024-Q2,,74.10981,,,,A,,0,,1,
DATAFLOW,OECD.SDD.TPS:DSD_LFS@DF_IALFS_LF_WAP_Q(1.0),,I,BGR,,LF_WAP,,PT_WAP_SUB,,_Z,,Y,,_T,,Y15T64,,_Z,,Q,,2024-Q3,,73.79721,,,,A,,0,,1,
DATAFLOW,OECD.SDD.TPS:DSD_LFS@DF_IALFS_LF_WAP_Q(1.0),,I,BGR,,LF_WAP,,PT_WAP_SUB,,_Z,,Y,,_T,,Y15T64,,_Z,,Q,,2024-Q4,,73.82702,,,,A,,0,,1,
DATAFLOW,OECD.SDD.TPS:DSD_LFS@DF_IALFS_LF_WAP_Q(1.0),,I,BGR,,LF_WAP,,PT_WAP_SUB,,_Z,,Y,,_T,,Y15T64,,_Z,,Q,,2025-Q1,,73.73245,,,,A,,0,,1,
DATAFLOW,OECD.SDD.TPS:DSD_LFS@DF_IALFS_LF_WAP_Q(1.0),,I,BGR,,LF_WAP,,PT_WAP_SUB,,_Z,,Y,,_T,,Y15T64,,_Z,,Q,,2025-Q2,,73.67904,,,,A,,0,,1,
DATAFLOW,OECD.SDD.TPS:DSD_LFS@DF_IALFS_LF_WAP_Q(1.0),,I,BGR,,LF_WAP,,PT_WAP_SUB,,_Z,,Y,,_T,,Y15T64,,_Z,,Q,,2025-Q3,,73.35763,,,,A,,0,,1,
DATAFLOW,OECD.SDD.TPS:DSD_LFS@DF_IALFS_LF_WAP_Q(1.0),,I,BGR,,LF_WAP,,PT_WAP_SUB,,_Z,,Y,,_T,,Y15T64,,_Z,,Q,,2025-Q4,,73.27885,,,,A,,0,,1,
DATAFLOW,OECD.SDD.TPS:DSD_LFS@DF_IALFS_LF_WAP_Q(1.0),,I,BGR,,LF_WAP,,PT_WAP_SUB,,_Z,,Y,,_T,,Y15T64,,_Z,,Q,,2026-Q1,,73.31105,,,,A,,0,,1,
DATAFLOW,OECD.SDD.TPS:DSD_LFS@DF_IALFS_LF_WAP_Q(1.0),,I,NOR,,LF_WAP,,PT_WAP_SUB,,_Z,,Y,,_T,,Y15T64,,_Z,,Q,,2000-Q1,,80.12306,,,,A,,0,,1,
DATAFLOW,OECD.SDD.TPS:DSD_LFS@DF_IALFS_LF_WAP_Q(1.0),,I,NOR,,LF_WAP,,PT_WAP_SUB,,_Z,,Y,,_T,,Y15T64,,_Z,,Q,,2000-Q2,,80.23394,,,,A,,0,,1,
DATAFLOW,OECD.SDD.TPS:DSD_LFS@DF_IALFS_LF_WAP_Q(1.0),,I,NOR,,LF_WAP,,PT_WAP_SUB,,_Z,,Y,,_T,,Y15T64,,_Z,,Q,,2000-Q3,,80.28196,,,,A,,0,,1,
DATAFLOW,OECD.SDD.TPS:DSD_LFS@DF_IALFS_LF_WAP_Q(1.0),,I,NOR,,LF_WAP,,PT_WAP_SUB,,_Z,,Y,,_T,,Y15T64,,_Z,,Q,,2000-Q4,,80.0803,,,,A,,0,,1,
DATAFLOW,OECD.SDD.TPS:DSD_LFS@DF_IALFS_LF_WAP_Q(1.0),,I,NOR,,LF_WAP,,PT_WAP_SUB,,_Z,,Y,,_T,,Y15T64,,_Z,,Q,,2001-Q1,,79.94129,,,,A,,0,,1,
DATAFLOW,OECD.SDD.TPS:DSD_LFS@DF_IALFS_LF_WAP_Q(1.0),,I,NOR,,LF_WAP,,PT_WAP_SUB,,_Z,,Y,,_T,,Y15T64,,_Z,,Q,,2001-Q2,,80.07814,,,,A,,0,,1,
DATAFLOW,OECD.SDD.TPS:DSD_LFS@DF_IALFS_LF_WAP_Q(1.0),,I,NOR,,LF_WAP,,PT_WAP_SUB,,_Z,,Y,,_T,,Y15T64,,_Z,,Q,,2001-Q3,,79.94209,,,,A,,0,,1,
DATAFLOW,OECD.SDD.TPS:DSD_LFS@DF_IALFS_LF_WAP_Q(1.0),,I,NOR,,LF_WAP,,PT_WAP_SUB,,_Z,,Y,,_T,,Y15T64,,_Z,,Q,,2001-Q4,,80.06178,,,,A,,0,,1,
DATAFLOW,OECD.SDD.TPS:DSD_LFS@DF_IALFS_LF_WAP_Q(1.0),,I,NOR,,LF_WAP,,PT_WAP_SUB,,_Z,,Y,,_T,,Y15T64,,_Z,,Q,,2002-Q1,,80.22137,,,,A,,0,,1,
DATAFLOW,OECD.SDD.TPS:DSD_LFS@DF_IALFS_LF_WAP_Q(1.0),,I,NOR,,LF_WAP,,PT_WAP_SUB,,_Z,,Y,,_T,,Y15T64,,_Z,,Q,,2002-Q2,,80.25256,,,,A,,0,,1,
DATAFLOW,OECD.SDD.TPS:DSD_LFS@DF_IALFS_LF_WAP_Q(1.0),,I,NOR,,LF_WAP,,PT_WAP_SUB,,_Z,,Y,,_T,,Y15T64,,_Z,,Q,,2002-Q3,,79.74256,,,,A,,0,,1,
DATAFLOW,OECD.SDD.TPS:DSD_LFS@DF_IALFS_LF_WAP_Q(1.0),,I,NOR,,LF_WAP,,PT_WAP_SUB,,_Z,,Y,,_T,,Y15T64,,_Z,,Q,,2002-Q4,,79.27043,,,,A,,0,,1,
DATAFLOW,OECD.SDD.TPS:DSD_LFS@DF_IALFS_LF_WAP_Q(1.0),,I,NOR,,LF_WAP,,PT_WAP_SUB,,_Z,,Y,,_T,,Y15T64,,_Z,,Q,,2003-Q1,,78.97013,,,,A,,0,,1,
DATAFLOW,OECD.SDD.TPS:DSD_LFS@DF_IALFS_LF_WAP_Q(1.0),,I,NOR,,LF_WAP,,PT_WAP_SUB,,_Z,,Y,,_T,,Y15T64,,_Z,,Q,,2003-Q2,,78.63326,,,,A,,0,,1,
DATAFLOW,OECD.SDD.TPS:DSD_LFS@DF_IALFS_LF_WAP_Q(1.0),,I,NOR,,LF_WAP,,PT_WAP_SUB,,_Z,,Y,,_T,,Y15T64,,_Z,,Q,,2003-Q3,,78.6353,,,,A,,0,,1,
DATAFLOW,OECD.SDD.TPS:DSD_LFS@DF_IALFS_LF_WAP_Q(1.0),,I,NOR,,LF_WAP,,PT_WAP_SUB,,_Z,,Y,,_T,,Y15T64,,_Z,,Q,,2003-Q4,,78.54777,,,,A,,0,,1,
DATAFLOW,OECD.SDD.TPS:DSD_LFS@DF_IALFS_LF_WAP_Q(1.0),,I,NOR,,LF_WAP,,PT_WAP_SUB,,_Z,,Y,,_T,,Y15T64,,_Z,,Q,,2004-Q1,,78.32139,,,,A,,0,,1,
DATAFLOW,OECD.SDD.TPS:DSD_LFS@DF_IALFS_LF_WAP_Q(1.0),,I,NOR,,LF_WAP,,PT_WAP_SUB,,_Z,,Y,,_T,,Y15T64,,_Z,,Q,,2004-Q2,,78.41814,,,,A,,0,,1,
DATAFLOW,OECD.SDD.TPS:DSD_LFS@DF_IALFS_LF_WAP_Q(1.0),,I,NOR,,LF_WAP,,PT_WAP_SUB,,_Z,,Y,,_T,,Y15T64,,_Z,,Q,,2004-Q3,,78.59401,,,,A,,0,,1,
DATAFLOW,OECD.SDD.TPS:DSD_LFS@DF_IALFS_LF_WAP_Q(1.0),,I,NOR,,LF_WAP,,PT_WAP_SUB,,_Z,,Y,,_T,,Y15T64,,_Z,,Q,,2004-Q4,,78.45659,,,,A,,0,,1,
DATAFLOW,OECD.SDD.TPS:DSD_LFS@DF_IALFS_LF_WAP_Q(1.0),,I,NOR,,LF_WAP,,PT_WAP_SUB,,_Z,,Y,,_T,,Y15T64,,_Z,,Q,,2005-Q1,,78.14763,,,,A,,0,,1,
DATAFLOW,OECD.SDD.TPS:DSD_LFS@DF_IALFS_LF_WAP_Q(1.0),,I,NOR,,LF_WAP,,PT_WAP_SUB,,_Z,,Y,,_T,,Y15T64,,_Z,,Q,,2005-Q2,,78.07596,,,,A,,0,,1,
DATAFLOW,OECD.SDD.TPS:DSD_LFS@DF_IALFS_LF_WAP_Q(1.0),,I,NOR,,LF_WAP,,PT_WAP_SUB,,_Z,,Y,,_T,,Y15T64,,_Z,,Q,,2005-Q3,,78.42725,,,,A,,0,,1,
DATAFLOW,OECD.SDD.TPS:DSD_LFS@DF_IALFS_LF_WAP_Q(1.0),,I,NOR,,LF_WAP,,PT_WAP_SUB,,_Z,,Y,,_T,,Y15T64,,_Z,,Q,,2005-Q4,,78.56231,,,,A,,0,,1,
DATAFLOW,OECD.SDD.TPS:DSD_LFS@DF_IALFS_LF_WAP_Q(1.0),,I,NOR,,LF_WAP,,PT_WAP_SUB,,_Z,,Y,,_T,,Y15T64,,_Z,,Q,,2006-Q1,,78.28896,,,,A,,0,,1,
DATAFLOW,OECD.SDD.TPS:DSD_LFS@DF_IALFS_LF_WAP_Q(1.0),,I,NOR,,LF_WAP,,PT_WAP_SUB,,_Z,,Y,,_T,,Y15T64,,_Z,,Q,,2006-Q2,,78.08539,,,,A,,0,,1,
DATAFLOW,OECD.SDD.TPS:DSD_LFS@DF_IALFS_LF_WAP_Q(1.0),,I,NOR,,LF_WAP,,PT_WAP_SUB,,_Z,,Y,,_T,,Y15T64,,_Z,,Q,,2006-Q3,,78.02421,,,,A,,0,,1,
DATAFLOW,OECD.SDD.TPS:DSD_LFS@DF_IALFS_LF_WAP_Q(1.0),,I,NOR,,LF_WAP,,PT_WAP_SUB,,_Z,,Y,,_T,,Y15T64,,_Z,,Q,,2006-Q4,,77.76954,,,,A,,0,,1,
DATAFLOW,OECD.SDD.TPS:DSD_LFS@DF_IALFS_LF_WAP_Q(1.0),,I,NOR,,LF_WAP,,PT_WAP_SUB,,_Z,,Y,,_T,,Y15T64,,_Z,,Q,,2007-Q1,,78.31657,,,,A,,0,,1,
DATAFLOW,OECD.SDD.TPS:DSD_LFS@DF_IALFS_LF_WAP_Q(1.0),,I,NOR,,LF_WAP,,PT_WAP_SUB,,_Z,,Y,,_T,,Y15T64,,_Z,,Q,,2007-Q2,,78.46166,,,,A,,0,,1,
DATAFLOW,OECD.SDD.TPS:DSD_LFS@DF_IALFS_LF_WAP_Q(1.0),,I,NOR,,LF_WAP,,PT_WAP_SUB,,_Z,,Y,,_T,,Y15T64,,_Z,,Q,,2007-Q3,,78.82347,,,,A,,0,,1,
DATAFLOW,OECD.SDD.TPS:DSD_LFS@DF_IALFS_LF_WAP_Q(1.0),,I,NOR,,LF_WAP,,PT_WAP_SUB,,_Z,,Y,,_T,,Y15T64,,_Z,,Q,,2007-Q4,,79.56261,,,,A,,0,,1,
DATAFLOW,OECD.SDD.TPS:DSD_LFS@DF_IALFS_LF_WAP_Q(1.0),,I,NOR,,LF_WAP,,PT_WAP_SUB,,_Z,,Y,,_T,,Y15T64,,_Z,,Q,,2008-Q1,,80.0308,,,,A,,0,,1,
DATAFLOW,OECD.SDD.TPS:DSD_LFS@DF_IALFS_LF_WAP_Q(1.0),,I,NOR,,LF_WAP,,PT_WAP_SUB,,_Z,,Y,,_T,,Y15T64,,_Z,,Q,,2008-Q2,,80.12305,,,,A,,0,,1,
DATAFLOW,OECD.SDD.TPS:DSD_LFS@DF_IALFS_LF_WAP_Q(1.0),,I,NOR,,LF_WAP,,PT_WAP_SUB,,_Z,,Y,,_T,,Y15T64,,_Z,,Q,,2008-Q3,,80.13396,,,,A,,0,,1,
DATAFLOW,OECD.SDD.TPS:DSD_LFS@DF_IALFS_LF_WAP_Q(1.0),,I,NOR,,LF_WAP,,PT_WAP_SUB,,_Z,,Y,,_T,,Y15T64,,_Z,,Q,,2008-Q4,,79.84976,,,,A,,0,,1,
DATAFLOW,OECD.SDD.TPS:DSD_LFS@DF_IALFS_LF_WAP_Q(1.0),,I,NOR,,LF_WAP,,PT_WAP_SUB,,_Z,,Y,,_T,,Y15T64,,_Z,,Q,,2009-Q1,,79.72981,,,,A,,0,,1,
DATAFLOW,OECD.SDD.TPS:DSD_LFS@DF_IALFS_LF_WAP_Q(1.0),,I,NOR,,LF_WAP,,PT_WAP_SUB,,_Z,,Y,,_T,,Y15T64,,_Z,,Q,,2009-Q2,,79.41184,,,,A,,0,,1,
DATAFLOW,OECD.SDD.TPS:DSD_LFS@DF_IALFS_LF_WAP_Q(1.0),,I,NOR,,LF_WAP,,PT_WAP_SUB,,_Z,,Y,,_T,,Y15T64,,_Z,,Q,,2009-Q3,,78.54602,,,,A,,0,,1,
DATAFLOW,OECD.SDD.TPS:DSD_LFS@DF_IALFS_LF_WAP_Q(1.0),,I,NOR,,LF_WAP,,PT_WAP_SUB,,_Z,,Y,,_T,,Y15T64,,_Z,,Q,,2009-Q4,,78.31795,,,,A,,0,,1,
DATAFLOW,OECD.SDD.TPS:DSD_LFS@DF_IALFS_LF_WAP_Q(1.0),,I,NOR,,LF_WAP,,PT_WAP_SUB,,_Z,,Y,,_T,,Y15T64,,_Z,,Q,,2010-Q1,,78.44846,,,,A,,0,,1,
DATAFLOW,OECD.SDD.TPS:DSD_LFS@DF_IALFS_LF_WAP_Q(1.0),,I,NOR,,LF_WAP,,PT_WAP_SUB,,_Z,,Y,,_T,,Y15T64,,_Z,,Q,,2010-Q2,,78.43201,,,,A,,0,,1,
DATAFLOW,OECD.SDD.TPS:DSD_LFS@DF_IALFS_LF_WAP_Q(1.0),,I,NOR,,LF_WAP,,PT_WAP_SUB,,_Z,,Y,,_T,,Y15T64,,_Z,,Q,,2010-Q3,,77.93926,,,,A,,0,,1,
DATAFLOW,OECD.SDD.TPS:DSD_LFS@DF_IALFS_LF_WAP_Q(1.0),,I,NOR,,LF_WAP,,PT_WAP_SUB,,_Z,,Y,,_T,,Y15T64,,_Z,,Q,,2010-Q4,,78.11317,,,,A,,0,,1,
DATAFLOW,OECD.SDD.TPS:DSD_LFS@DF_IALFS_LF_WAP_Q(1.0),,I,NOR,,LF_WAP,,PT_WAP_SUB,,_Z,,Y,,_T,,Y15T64,,_Z,,Q,,2011-Q1,,77.86377,,,,A,,0,,1,
DATAFLOW,OECD.SDD.TPS:DSD_LFS@DF_IALFS_LF_WAP_Q(1.0),,I,NOR,,LF_WAP,,PT_WAP_SUB,,_Z,,Y,,_T,,Y15T64,,_Z,,Q,,2011-Q2,,77.85307,,,,A,,0,,1,
DATAFLOW,OECD.SDD.TPS:DSD_LFS@DF_IALFS_LF_WAP_Q(1.0),,I,NOR,,LF_WAP,,PT_WAP_SUB,,_Z,,Y,,_T,,Y15T64,,_Z,,Q,,2011-Q3,,78.09488,,,,A,,0,,1,
DATAFLOW,OECD.SDD.TPS:DSD_LFS@DF_IALFS_LF_WAP_Q(1.0),,I,NOR,,LF_WAP,,PT_WAP_SUB,,_Z,,Y,,_T,,Y15T64,,_Z,,Q,,2011-Q4,,78.33366,,,,A,,0,,1,
DATAFLOW,OECD.SDD.TPS:DSD_LFS@DF_IALFS_LF_WAP_Q(1.0),,I,NOR,,LF_WAP,,PT_WAP_SUB,,_Z,,Y,,_T,,Y15T64,,_Z,,Q,,2012-Q1,,78.4199,,,,A,,0,,1,
DATAFLOW,OECD.SDD.TPS:DSD_LFS@DF_IALFS_LF_WAP_Q(1.0),,I,NOR,,LF_WAP,,PT_WAP_SUB,,_Z,,Y,,_T,,Y15T64,,_Z,,Q,,2012-Q2,,78.46503,,,,A,,0,,1,
DATAFLOW,OECD.SDD.TPS:DSD_LFS@DF_IALFS_LF_WAP_Q(1.0),,I,NOR,,LF_WAP,,PT_WAP_SUB,,_Z,,Y,,_T,,Y15T64,,_Z,,Q,,2012-Q3,,78.23138,,,,A,,0,,1,
DATAFLOW,OECD.SDD.TPS:DSD_LFS@DF_IALFS_LF_WAP_Q(1.0),,I,NOR,,LF_WAP,,PT_WAP_SUB,,_Z,,Y,,_T,,Y15T64,,_Z,,Q,,2012-Q4,,78.36982,,,,A,,0,,1,
DATAFLOW,OECD.SDD.TPS:DSD_LFS@DF_IALFS_LF_WAP_Q(1.0),,I,NOR,,LF_WAP,,PT_WAP_SUB,,_Z,,Y,,_T,,Y15T64,,_Z,,Q,,2013-Q1,,78.34282,,,,A,,0,,1,
DATAFLOW,OECD.SDD.TPS:DSD_LFS@DF_IALFS_LF_WAP_Q(1.0),,I,NOR,,LF_WAP,,PT_WAP_SUB,,_Z,,Y,,_T,,Y15T64,,_Z,,Q,,2013-Q2,,78.18497,,,,A,,0,,1,
DATAFLOW,OECD.SDD.TPS:DSD_LFS@DF_IALFS_LF_WAP_Q(1.0),,I,NOR,,LF_WAP,,PT_WAP_SUB,,_Z,,Y,,_T,,Y15T64,,_Z,,Q,,2013-Q3,,78.31484,,,,A,,0,,1,
DATAFLOW,OECD.SDD.TPS:DSD_LFS@DF_IALFS_LF_WAP_Q(1.0),,I,NOR,,LF_WAP,,PT_WAP_SUB,,_Z,,Y,,_T,,Y15T64,,_Z,,Q,,2013-Q4,,78.29781,,,,A,,0,,1,
DATAFLOW,OECD.SDD.TPS:DSD_LFS@DF_IALFS_LF_WAP_Q(1.0),,I,NOR,,LF_WAP,,PT_WAP_SUB,,_Z,,Y,,_T,,Y15T64,,_Z,,Q,,2014-Q1,,78.01527,,,,A,,0,,1,
DATAFLOW,OECD.SDD.TPS:DSD_LFS@DF_IALFS_LF_WAP_Q(1.0),,I,NOR,,LF_WAP,,PT_WAP_SUB,,_Z,,Y,,_T,,Y15T64,,_Z,,Q,,2014-Q2,,78.13445,,,,A,,0,,1,
DATAFLOW,OECD.SDD.TPS:DSD_LFS@DF_IALFS_LF_WAP_Q(1.0),,I,NOR,,LF_WAP,,PT_WAP_SUB,,_Z,,Y,,_T,,Y15T64,,_Z,,Q,,2014-Q3,,78.1018,,,,A,,0,,1,
DATAFLOW,OECD.SDD.TPS:DSD_LFS@DF_IALFS_LF_WAP_Q(1.0),,I,NOR,,LF_WAP,,PT_WAP_SUB,,_Z,,Y,,_T,,Y15T64,,_Z,,Q,,2014-Q4,,78.31448,,,,A,,0,,1,
DATAFLOW,OECD.SDD.TPS:DSD_LFS@DF_IALFS_LF_WAP_Q(1.0),,I,NOR,,LF_WAP,,PT_WAP_SUB,,_Z,,Y,,_T,,Y15T64,,_Z,,Q,,2015-Q1,,78.31715,,,,A,,0,,1,
DATAFLOW,OECD.SDD.TPS:DSD_LFS@DF_IALFS_LF_WAP_Q(1.0),,I,NOR,,LF_WAP,,PT_WAP_SUB,,_Z,,Y,,_T,,Y15T64,,_Z,,Q,,2015-Q2,,78.50652,,,,A,,0,,1,
DATAFLOW,OECD.SDD.TPS:DSD_LFS@DF_IALFS_LF_WAP_Q(1.0),,I,NOR,,LF_WAP,,PT_WAP_SUB,,_Z,,Y,,_T,,Y15T64,,_Z,,Q,,2015-Q3,,78.43873,,,,A,,0,,1,
DATAFLOW,OECD.SDD.TPS:DSD_LFS@DF_IALFS_LF_WAP_Q(1.0),,I,NOR,,LF_WAP,,PT_WAP_SUB,,_Z,,Y,,_T,,Y15T64,,_Z,,Q,,2015-Q4,,78.25063,,,,A,,0,,1,
DATAFLOW,OECD.SDD.TPS:DSD_LFS@DF_IALFS_LF_WAP_Q(1.0),,I,NOR,,LF_WAP,,PT_WAP_SUB,,_Z,,Y,,_T,,Y15T64,,_Z,,Q,,2016-Q1,,78.61389,,,,A,,0,,1,
DATAFLOW,OECD.SDD.TPS:DSD_LFS@DF_IALFS_LF_WAP_Q(1.0),,I,NOR,,LF_WAP,,PT_WAP_SUB,,_Z,,Y,,_T,,Y15T64,,_Z,,Q,,2016-Q2,,78.13982,,,,A,,0,,1,
DATAFLOW,OECD.SDD.TPS:DSD_LFS@DF_IALFS_LF_WAP_Q(1.0),,I,NOR,,LF_WAP,,PT_WAP_SUB,,_Z,,Y,,_T,,Y15T64,,_Z,,Q,,2016-Q3,,78.2876,,,,A,,0,,1,
DATAFLOW,OECD.SDD.TPS:DSD_LFS@DF_IALFS_LF_WAP_Q(1.0),,I,NOR,,LF_WAP,,PT_WAP_SUB,,_Z,,Y,,_T,,Y15T64,,_Z,,Q,,2016-Q4,,77.86366,,,,A,,0,,1,
DATAFLOW,OECD.SDD.TPS:DSD_LFS@DF_IALFS_LF_WAP_Q(1.0),,I,NOR,,LF_WAP,,PT_WAP_SUB,,_Z,,Y,,_T,,Y15T64,,_Z,,Q,,2017-Q1,,77.66747,,,,A,,0,,1,
DATAFLOW,OECD.SDD.TPS:DSD_LFS@DF_IALFS_LF_WAP_Q(1.0),,I,NOR,,LF_WAP,,PT_WAP_SUB,,_Z,,Y,,_T,,Y15T64,,_Z,,Q,,2017-Q2,,77.60838,,,,A,,0,,1,
DATAFLOW,OECD.SDD.TPS:DSD_LFS@DF_IALFS_LF_WAP_Q(1.0),,I,NOR,,LF_WAP,,PT_WAP_SUB,,_Z,,Y,,_T,,Y15T64,,_Z,,Q,,2017-Q3,,77.29114,,,,A,,0,,1,
DATAFLOW,OECD.SDD.TPS:DSD_LFS@DF_IALFS_LF_WAP_Q(1.0),,I,NOR,,LF_WAP,,PT_WAP_SUB,,_Z,,Y,,_T,,Y15T64,,_Z,,Q,,2017-Q4,,77.50936,,,,A,,0,,1,
DATAFLOW,OECD.SDD.TPS:DSD_LFS@DF_IALFS_LF_WAP_Q(1.0),,I,NOR,,LF_WAP,,PT_WAP_SUB,,_Z,,Y,,_T,,Y15T64,,_Z,,Q,,2018-Q1,,77.84004,,,,A,,0,,1,
DATAFLOW,OECD.SDD.TPS:DSD_LFS@DF_IALFS_LF_WAP_Q(1.0),,I,NOR,,LF_WAP,,PT_WAP_SUB,,_Z,,Y,,_T,,Y15T64,,_Z,,Q,,2018-Q2,,78.04837,,,,A,,0,,1,
DATAFLOW,OECD.SDD.TPS:DSD_LFS@DF_IALFS_LF_WAP_Q(1.0),,I,NOR,,LF_WAP,,PT_WAP_SUB,,_Z,,Y,,_T,,Y15T64,,_Z,,Q,,2018-Q3,,78.10184,,,,A,,0,,1,
DATAFLOW,OECD.SDD.TPS:DSD_LFS@DF_IALFS_LF_WAP_Q(1.0),,I,NOR,,LF_WAP,,PT_WAP_SUB,,_Z,,Y,,_T,,Y15T64,,_Z,,Q,,2018-Q4,,78.23026,,,,A,,0,,1,
DATAFLOW,OECD.SDD.TPS:DSD_LFS@DF_IALFS_LF_WAP_Q(1.0),,I,NOR,,LF_WAP,,PT_WAP_SUB,,_Z,,Y,,_T,,Y15T64,,_Z,,Q,,2019-Q1,,78.13811,,,,A,,0,,1,
DATAFLOW,OECD.SDD.TPS:DSD_LFS@DF_IALFS_LF_WAP_Q(1.0),,I,NOR,,LF_WAP,,PT_WAP_SUB,,_Z,,Y,,_T,,Y15T64,,_Z,,Q,,2019-Q2,,77.88104,,,,A,,0,,1,
DATAFLOW,OECD.SDD.TPS:DSD_LFS@DF_IALFS_LF_WAP_Q(1.0),,I,NOR,,LF_WAP,,PT_WAP_SUB,,_Z,,Y,,_T,,Y15T64,,_Z,,Q,,2019-Q3,,78.92112,,,,A,,0,,1,
DATAFLOW,OECD.SDD.TPS:DSD_LFS@DF_IALFS_LF_WAP_Q(1.0),,I,NOR,,LF_WAP,,PT_WAP_SUB,,_Z,,Y,,_T,,Y15T64,,_Z,,Q,,2019-Q4,,78.85345,,,,A,,0,,1,
DATAFLOW,OECD.SDD.TPS:DSD_LFS@DF_IALFS_LF_WAP_Q(1.0),,I,NOR,,LF_WAP,,PT_WAP_SUB,,_Z,,Y,,_T,,Y15T64,,_Z,,Q,,2020-Q1,,78.68365,,,,A,,0,,1,
DATAFLOW,OECD.SDD.TPS:DSD_LFS@DF_IALFS_LF_WAP_Q(1.0),,I,NOR,,LF_WAP,,PT_WAP_SUB,,_Z,,Y,,_T,,Y15T64,,_Z,,Q,,2020-Q2,,77.86555,,,,A,,0,,1,
DATAFLOW,OECD.SDD.TPS:DSD_LFS@DF_IALFS_LF_WAP_Q(1.0),,I,NOR,,LF_WAP,,PT_WAP_SUB,,_Z,,Y,,_T,,Y15T64,,_Z,,Q,,2020-Q3,,78.29091,,,,A,,0,,1,
DATAFLOW,OECD.SDD.TPS:DSD_LFS@DF_IALFS_LF_WAP_Q(1.0),,I,NOR,,LF_WAP,,PT_WAP_SUB,,_Z,,Y,,_T,,Y15T64,,_Z,,Q,,2020-Q4,,78.68751,,,,A,,0,,1,
DATAFLOW,OECD.SDD.TPS:DSD_LFS@DF_IALFS_LF_WAP_Q(1.0),,I,NOR,,LF_WAP,,PT_WAP_SUB,,_Z,,Y,,_T,,Y15T64,,_Z,,Q,,2021-Q1,,78.79832,,,,A,,0,,1,
DATAFLOW,OECD.SDD.TPS:DSD_LFS@DF_IALFS_LF_WAP_Q(1.0),,I,NOR,,LF_WAP,,PT_WAP_SUB,,_Z,,Y,,_T,,Y15T64,,_Z,,Q,,2021-Q2,,80.25481,,,,A,,0,,1,
DATAFLOW,OECD.SDD.TPS:DSD_LFS@DF_IALFS_LF_WAP_Q(1.0),,I,NOR,,LF_WAP,,PT_WAP_SUB,,_Z,,Y,,_T,,Y15T64,,_Z,,Q,,2021-Q3,,80.27327,,,,A,,0,,1,
DATAFLOW,OECD.SDD.TPS:DSD_LFS@DF_IALFS_LF_WAP_Q(1.0),,I,NOR,,LF_WAP,,PT_WAP_SUB,,_Z,,Y,,_T,,Y15T64,,_Z,,Q,,2021-Q4,,80.3389,,,,A,,0,,1,
DATAFLOW,OECD.SDD.TPS:DSD_LFS@DF_IALFS_LF_WAP_Q(1.0),,I,NOR,,LF_WAP,,PT_WAP_SUB,,_Z,,Y,,_T,,Y15T64,,_Z,,Q,,2022-Q1,,80.46217,,,,A,,0,,1,
DATAFLOW,OECD.SDD.TPS:DSD_LFS@DF_IALFS_LF_WAP_Q(1.0),,I,NOR,,LF_WAP,,PT_WAP_SUB,,_Z,,Y,,_T,,Y15T64,,_Z,,Q,,2022-Q2,,80.63648,,,,A,,0,,1,
DATAFLOW,OECD.SDD.TPS:DSD_LFS@DF_IALFS_LF_WAP_Q(1.0),,I,NOR,,LF_WAP,,PT_WAP_SUB,,_Z,,Y,,_T,,Y15T64,,_Z,,Q,,2022-Q3,,80.27537,,,,A,,0,,1,
DATAFLOW,OECD.SDD.TPS:DSD_LFS@DF_IALFS_LF_WAP_Q(1.0),,I,NOR,,LF_WAP,,PT_WAP_SUB,,_Z,,Y,,_T,,Y15T64,,_Z,,Q,,2022-Q4,,80.27593,,,,A,,0,,1,
DATAFLOW,OECD.SDD.TPS:DSD_LFS@DF_IALFS_LF_WAP_Q(1.0),,I,NOR,,LF_WAP,,PT_WAP_SUB,,_Z,,Y,,_T,,Y15T64,,_Z,,Q,,2023-Q1,,80.27628,,,,A,,0,,1,
DATAFLOW,OECD.SDD.TPS:DSD_LFS@DF_IALFS_LF_WAP_Q(1.0),,I,NOR,,LF_WAP,,PT_WAP_SUB,,_Z,,Y,,_T,,Y15T64,,_Z,,Q,,2023-Q2,,80.29105,,,,A,,0,,1,
DATAFLOW,OECD.SDD.TPS:DSD_LFS@DF_IALFS_LF_WAP_Q(1.0),,I,NOR,,LF_WAP,,PT_WAP_SUB,,_Z,,Y,,_T,,Y15T64,,_Z,,Q,,2023-Q3,,80.54622,,,,A,,0,,1,
DATAFLOW,OECD.SDD.TPS:DSD_LFS@DF_IALFS_LF_WAP_Q(1.0),,I,NOR,,LF_WAP,,PT_WAP_SUB,,_Z,,Y,,_T,,Y15T64,,_Z,,Q,,2023-Q4,,80.37736,,,,A,,0,,1,
DATAFLOW,OECD.SDD.TPS:DSD_LFS@DF_IALFS_LF_WAP_Q(1.0),,I,NOR,,LF_WAP,,PT_WAP_SUB,,_Z,,Y,,_T,,Y15T64,,_Z,,Q,,2024-Q1,,80.39855,,,,A,,0,,1,
DATAFLOW,OECD.SDD.TPS:DSD_LFS@DF_IALFS_LF_WAP_Q(1.0),,I,NOR,,LF_WAP,,PT_WAP_SUB,,_Z,,Y,,_T,,Y15T64,,_Z,,Q,,2024-Q2,,80.4412,,,,A,,0,,1,
DATAFLOW,OECD.SDD.TPS:DSD_LFS@DF_IALFS_LF_WAP_Q(1.0),,I,NOR,,LF_WAP,,PT_WAP_SUB,,_Z,,Y,,_T,,Y15T64,,_Z,,Q,,2024-Q3,,80.26845,,,,A,,0,,1,
DATAFLOW,OECD.SDD.TPS:DSD_LFS@DF_IALFS_LF_WAP_Q(1.0),,I,NOR,,LF_WAP,,PT_WAP_SUB,,_Z,,Y,,_T,,Y15T64,,_Z,,Q,,2024-Q4,,80.40044,,,,A,,0,,1,
DATAFLOW,OECD.SDD.TPS:DSD_LFS@DF_IALFS_LF_WAP_Q(1.0),,I,NOR,,LF_WAP,,PT_WAP_SUB,,_Z,,Y,,_T,,Y15T64,,_Z,,Q,,2025-Q1,,80.21048,,,,A,,0,,1,
DATAFLOW,OECD.SDD.TPS:DSD_LFS@DF_IALFS_LF_WAP_Q(1.0),,I,NOR,,LF_WAP,,PT_WAP_SUB,,_Z,,Y,,_T,,Y15T64,,_Z,,Q,,2025-Q2,,80.44498,,,,A,,0,,1,
DATAFLOW,OECD.SDD.TPS:DSD_LFS@DF_IALFS_LF_WAP_Q(1.0),,I,NOR,,LF_WAP,,PT_WAP_SUB,,_Z,,Y,,_T,,Y15T64,,_Z,,Q,,2025-Q3,,80.36827,,,,A,,0,,1,
DATAFLOW,OECD.SDD.TPS:DSD_LFS@DF_IALFS_LF_WAP_Q(1.0),,I,NOR,,LF_WAP,,PT_WAP_SUB,,_Z,,Y,,_T,,Y15T64,,_Z,,Q,,2025-Q4,,80.37232,,,,A,,0,,1,
DATAFLOW,OECD.SDD.TPS:DSD_LFS@DF_IALFS_LF_WAP_Q(1.0),,I,NOR,,LF_WAP,,PT_WAP_SUB,,_Z,,Y,,_T,,Y15T64,,_Z,,Q,,2026-Q1,,80.51721,,,,A,,0,,1,
DATAFLOW,OECD.SDD.TPS:DSD_LFS@DF_IALFS_LF_WAP_Q(1.0),,I,IRL,,LF_WAP,,PT_WAP_SUB,,_Z,,Y,,_T,,Y15T64,,_Z,,Q,,1999-Q2,,67.14603,,,,A,,0,,1,
DATAFLOW,OECD.SDD.TPS:DSD_LFS@DF_IALFS_LF_WAP_Q(1.0),,I,IRL,,LF_WAP,,PT_WAP_SUB,,_Z,,Y,,_T,,Y15T64,,_Z,,Q,,1999-Q3,,67.53806,,,,A,,0,,1,
DATAFLOW,OECD.SDD.TPS:DSD_LFS@DF_IALFS_LF_WAP_Q(1.0),,I,IRL,,LF_WAP,,PT_WAP_SUB,,_Z,,Y,,_T,,Y15T64,,_Z,,Q,,1999-Q4,,67.76727,,,,A,,0,,1,
DATAFLOW,OECD.SDD.TPS:DSD_LFS@DF_IALFS_LF_WAP_Q(1.0),,I,IRL,,LF_WAP,,PT_WAP_SUB,,_Z,,Y,,_T,,Y15T64,,_Z,,Q,,2000-Q1,,67.92293,,,,A,,0,,1,
DATAFLOW,OECD.SDD.TPS:DSD_LFS@DF_IALFS_LF_WAP_Q(1.0),,I,IRL,,LF_WAP,,PT_WAP_SUB,,_Z,,Y,,_T,,Y15T64,,_Z,,Q,,2000-Q2,,68.20206,,,,A,,0,,1,
DATAFLOW,OECD.SDD.TPS:DSD_LFS@DF_IALFS_LF_WAP_Q(1.0),,I,IRL,,LF_WAP,,PT_WAP_SUB,,_Z,,Y,,_T,,Y15T64,,_Z,,Q,,2000-Q3,,68.29253,,,,A,,0,,1,
DATAFLOW,OECD.SDD.TPS:DSD_LFS@DF_IALFS_LF_WAP_Q(1.0),,I,IRL,,LF_WAP,,PT_WAP_SUB,,_Z,,Y,,_T,,Y15T64,,_Z,,Q,,2000-Q4,,68.30238,,,,A,,0,,1,
DATAFLOW,OECD.SDD.TPS:DSD_LFS@DF_IALFS_LF_WAP_Q(1.0),,I,IRL,,LF_WAP,,PT_WAP_SUB,,_Z,,Y,,_T,,Y15T64,,_Z,,Q,,2001-Q1,,68.35841,,,,A,,0,,1,
DATAFLOW,OECD.SDD.TPS:DSD_LFS@DF_IALFS_LF_WAP_Q(1.0),,I,IRL,,LF_WAP,,PT_WAP_SUB,,_Z,,Y,,_T,,Y15T64,,_Z,,Q,,2001-Q2,,68.37785,,,,A,,0,,1,
DATAFLOW,OECD.SDD.TPS:DSD_LFS@DF_IALFS_LF_WAP_Q(1.0),,I,IRL,,LF_WAP,,PT_WAP_SUB,,_Z,,Y,,_T,,Y15T64,,_Z,,Q,,2001-Q3,,68.84039,,,,A,,0,,1,
DATAFLOW,OECD.SDD.TPS:DSD_LFS@DF_IALFS_LF_WAP_Q(1.0),,I,IRL,,LF_WAP,,PT_WAP_SUB,,_Z,,Y,,_T,,Y15T64,,_Z,,Q,,2001-Q4,,68.64225,,,,A,,0,,1,
DATAFLOW,OECD.SDD.TPS:DSD_LFS@DF_IALFS_LF_WAP_Q(1.0),,I,IRL,,LF_WAP,,PT_WAP_SUB,,_Z,,Y,,_T,,Y15T64,,_Z,,Q,,2002-Q1,,68.72449,,,,A,,0,,1,
DATAFLOW,OECD.SDD.TPS:DSD_LFS@DF_IALFS_LF_WAP_Q(1.0),,I,IRL,,LF_WAP,,PT_WAP_SUB,,_Z,,Y,,_T,,Y15T64,,_Z,,Q,,2002-Q2,,68.639,,,,A,,0,,1,
DATAFLOW,OECD.SDD.TPS:DSD_LFS@DF_IALFS_LF_WAP_Q(1.0),,I,IRL,,LF_WAP,,PT_WAP_SUB,,_Z,,Y,,_T,,Y15T64,,_Z,,Q,,2002-Q3,,68.36326,,,,A,,0,,1,
DATAFLOW,OECD.SDD.TPS:DSD_LFS@DF_IALFS_LF_WAP_Q(1.0),,I,IRL,,LF_WAP,,PT_WAP_SUB,,_Z,,Y,,_T,,Y15T64,,_Z,,Q,,2002-Q4,,68.49801,,,,A,,0,,1,
DATAFLOW,OECD.SDD.TPS:DSD_LFS@DF_IALFS_LF_WAP_Q(1.0),,I,IRL,,LF_WAP,,PT_WAP_SUB,,_Z,,Y,,_T,,Y15T64,,_Z,,Q,,2003-Q1,,68.59824,,,,A,,0,,1,
DATAFLOW,OECD.SDD.TPS:DSD_LFS@DF_IALFS_LF_WAP_Q(1.0),,I,IRL,,LF_WAP,,PT_WAP_SUB,,_Z,,Y,,_T,,Y15T64,,_Z,,Q,,2003-Q2,,68.73997,,,,A,,0,,1,
DATAFLOW,OECD.SDD.TPS:DSD_LFS@DF_IALFS_LF_WAP_Q(1.0),,I,IRL,,LF_WAP,,PT_WAP_SUB,,_Z,,Y,,_T,,Y15T64,,_Z,,Q,,2003-Q3,,68.85085,,,,A,,0,,1,
DATAFLOW,OECD.SDD.TPS:DSD_LFS@DF_IALFS_LF_WAP_Q(1.0),,I,IRL,,LF_WAP,,PT_WAP_SUB,,_Z,,Y,,_T,,Y15T64,,_Z,,Q,,2003-Q4,,69.07466,,,,A,,0,,1,
DATAFLOW,OECD.SDD.TPS:DSD_LFS@DF_IALFS_LF_WAP_Q(1.0),,I,IRL,,LF_WAP,,PT_WAP_SUB,,_Z,,Y,,_T,,Y15T64,,_Z,,Q,,2004-Q1,,69.25265,,,,A,,0,,1,
DATAFLOW,OECD.SDD.TPS:DSD_LFS@DF_IALFS_LF_WAP_Q(1.0),,I,IRL,,LF_WAP,,PT_WAP_SUB,,_Z,,Y,,_T,,Y15T64,,_Z,,Q,,2004-Q2,,69.20085,,,,A,,0,,1,
DATAFLOW,OECD.SDD.TPS:DSD_LFS@DF_IALFS_LF_WAP_Q(1.0),,I,IRL,,LF_WAP,,PT_WAP_SUB,,_Z,,Y,,_T,,Y15T64,,_Z,,Q,,2004-Q3,,69.46077,,,,A,,0,,1,
DATAFLOW,OECD.SDD.TPS:DSD_LFS@DF_IALFS_LF_WAP_Q(1.0),,I,IRL,,LF_WAP,,PT_WAP_SUB,,_Z,,Y,,_T,,Y15T64,,_Z,,Q,,2004-Q4,,70.00683,,,,A,,0,,1,
DATAFLOW,OECD.SDD.TPS:DSD_LFS@DF_IALFS_LF_WAP_Q(1.0),,I,IRL,,LF_WAP,,PT_WAP_SUB,,_Z,,Y,,_T,,Y15T64,,_Z,,Q,,2005-Q1,,70.21712,,,,A,,0,,1,
DATAFLOW,OECD.SDD.TPS:DSD_LFS@DF_IALFS_LF_WAP_Q(1.0),,I,IRL,,LF_WAP,,PT_WAP_SUB,,_Z,,Y,,_T,,Y15T64,,_Z,,Q,,2005-Q2,,70.62107,,,,A,,0,,1,
DATAFLOW,OECD.SDD.TPS:DSD_LFS@DF_IALFS_LF_WAP_Q(1.0),,I,IRL,,LF_WAP,,PT_WAP_SUB,,_Z,,Y,,_T,,Y15T64,,_Z,,Q,,2005-Q3,,71.02704,,,,A,,0,,1,
DATAFLOW,OECD.SDD.TPS:DSD_LFS@DF_IALFS_LF_WAP_Q(1.0),,I,IRL,,LF_WAP,,PT_WAP_SUB,,_Z,,Y,,_T,,Y15T64,,_Z,,Q,,2005-Q4,,71.21152,,,,A,,0,,1,
DATAFLOW,OECD.SDD.TPS:DSD_LFS@DF_IALFS_LF_WAP_Q(1.0),,I,IRL,,LF_WAP,,PT_WAP_SUB,,_Z,,Y,,_T,,Y15T64,,_Z,,Q,,2006-Q1,,71.65004,,,,A,,0,,1,
DATAFLOW,OECD.SDD.TPS:DSD_LFS@DF_IALFS_LF_WAP_Q(1.0),,I,IRL,,LF_WAP,,PT_WAP_SUB,,_Z,,Y,,_T,,Y15T64,,_Z,,Q,,2006-Q2,,71.67249,,,,A,,0,,1,
DATAFLOW,OECD.SDD.TPS:DSD_LFS@DF_IALFS_LF_WAP_Q(1.0),,I,IRL,,LF_WAP,,PT_WAP_SUB,,_Z,,Y,,_T,,Y15T64,,_Z,,Q,,2006-Q3,,72.10574,,,,A,,0,,1,
DATAFLOW,OECD.SDD.TPS:DSD_LFS@DF_IALFS_LF_WAP_Q(1.0),,I,IRL,,LF_WAP,,PT_WAP_SUB,,_Z,,Y,,_T,,Y15T64,,_Z,,Q,,2006-Q4,,72.14268,,,,A,,0,,1,
DATAFLOW,OECD.SDD.TPS:DSD_LFS@DF_IALFS_LF_WAP_Q(1.0),,I,IRL,,LF_WAP,,PT_WAP_SUB,,_Z,,Y,,_T,,Y15T64,,_Z,,Q,,2007-Q1,,75.64081,,,,A,,0,,1,
DATAFLOW,OECD.SDD.TPS:DSD_LFS@DF_IALFS_LF_WAP_Q(1.0),,I,IRL,,LF_WAP,,PT_WAP_SUB,,_Z,,Y,,_T,,Y15T64,,_Z,,Q,,2007-Q2,,75.77759,,,,A,,0,,1,
DATAFLOW,OECD.SDD.TPS:DSD_LFS@DF_IALFS_LF_WAP_Q(1.0),,I,IRL,,LF_WAP,,PT_WAP_SUB,,_Z,,Y,,_T,,Y15T64,,_Z,,Q,,2007-Q3,,75.49052,,,,A,,0,,1,
DATAFLOW,OECD.SDD.TPS:DSD_LFS@DF_IALFS_LF_WAP_Q(1.0),,I,IRL,,LF_WAP,,PT_WAP_SUB,,_Z,,Y,,_T,,Y15T64,,_Z,,Q,,2007-Q4,,75.35491,,,,A,,0,,1,
DATAFLOW,OECD.SDD.TPS:DSD_LFS@DF_IALFS_LF_WAP_Q(1.0),,I,IRL,,LF_WAP,,PT_WAP_SUB,,_Z,,Y,,_T,,Y15T64,,_Z,,Q,,2008-Q1,,75.26959,,,,A,,0,,1,
DATAFLOW,OECD.SDD.TPS:DSD_LFS@DF_IALFS_LF_WAP_Q(1.0),,I,IRL,,LF_WAP,,PT_WAP_SUB,,_Z,,Y,,_T,,Y15T64,,_Z,,Q,,2008-Q2,,74.98196,,,,A,,0,,1,
DATAFLOW,OECD.SDD.TPS:DSD_LFS@DF_IALFS_LF_WAP_Q(1.0),,I,IRL,,LF_WAP,,PT_WAP_SUB,,_Z,,Y,,_T,,Y15T64,,_Z,,Q,,2008-Q3,,74.8611,,,,A,,0,,1,
DATAFLOW,OECD.SDD.TPS:DSD_LFS@DF_IALFS_LF_WAP_Q(1.0),,I,IRL,,LF_WAP,,PT_WAP_SUB,,_Z,,Y,,_T,,Y15T64,,_Z,,Q,,2009-Q1,,73.60064,,,,A,,0,,1,
DATAFLOW,OECD.SDD.TPS:DSD_LFS@DF_IALFS_LF_WAP_Q(1.0),,I,IRL,,LF_WAP,,PT_WAP_SUB,,_Z,,Y,,_T,,Y15T64,,_Z,,Q,,2009-Q2,,73.37545,,,,A,,0,,1,
DATAFLOW,OECD.SDD.TPS:DSD_LFS@DF_IALFS_LF_WAP_Q(1.0),,I,IRL,,LF_WAP,,PT_WAP_SUB,,_Z,,Y,,_T,,Y15T64,,_Z,,Q,,2009-Q3,,72.73404,,,,A,,0,,1,
DATAFLOW,OECD.SDD.TPS:DSD_LFS@DF_IALFS_LF_WAP_Q(1.0),,I,IRL,,LF_WAP,,PT_WAP_SUB,,_Z,,Y,,_T,,Y15T64,,_Z,,Q,,2009-Q4,,72.30866,,,,A,,0,,1,
DATAFLOW,OECD.SDD.TPS:DSD_LFS@DF_IALFS_LF_WAP_Q(1.0),,I,IRL,,LF_WAP,,PT_WAP_SUB,,_Z,,Y,,_T,,Y15T64,,_Z,,Q,,2010-Q1,,71.79089,,,,A,,0,,1,
DATAFLOW,OECD.SDD.TPS:DSD_LFS@DF_IALFS_LF_WAP_Q(1.0),,I,IRL,,LF_WAP,,PT_WAP_SUB,,_Z,,Y,,_T,,Y15T64,,_Z,,Q,,2010-Q2,,71.71287,,,,A,,0,,1,
DATAFLOW,OECD.SDD.TPS:DSD_LFS@DF_IALFS_LF_WAP_Q(1.0),,I,IRL,,LF_WAP,,PT_WAP_SUB,,_Z,,Y,,_T,,Y15T64,,_Z,,Q,,2010-Q3,,71.3957,,,,A,,0,,1,
DATAFLOW,OECD.SDD.TPS:DSD_LFS@DF_IALFS_LF_WAP_Q(1.0),,I,IRL,,LF_WAP,,PT_WAP_SUB,,_Z,,Y,,_T,,Y15T64,,_Z,,Q,,2010-Q4,,71.37991,,,,A,,0,,1,
DATAFLOW,OECD.SDD.TPS:DSD_LFS@DF_IALFS_LF_WAP_Q(1.0),,I,IRL,,LF_WAP,,PT_WAP_SUB,,_Z,,Y,,_T,,Y15T64,,_Z,,Q,,2011-Q1,,71.06684,,,,A,,0,,1,
DATAFLOW,OECD.SDD.TPS:DSD_LFS@DF_IALFS_LF_WAP_Q(1.0),,I,IRL,,LF_WAP,,PT_WAP_SUB,,_Z,,Y,,_T,,Y15T64,,_Z,,Q,,2011-Q2,,71.28298,,,,A,,0,,1,
DATAFLOW,OECD.SDD.TPS:DSD_LFS@DF_IALFS_LF_WAP_Q(1.0),,I,IRL,,LF_WAP,,PT_WAP_SUB,,_Z,,Y,,_T,,Y15T64,,_Z,,Q,,2011-Q3,,70.96736,,,,A,,0,,1,
DATAFLOW,OECD.SDD.TPS:DSD_LFS@DF_IALFS_LF_WAP_Q(1.0),,I,IRL,,LF_WAP,,PT_WAP_SUB,,_Z,,Y,,_T,,Y15T64,,_Z,,Q,,2011-Q4,,71.3115,,,,A,,0,,1,
DATAFLOW,OECD.SDD.TPS:DSD_LFS@DF_IALFS_LF_WAP_Q(1.0),,I,IRL,,LF_WAP,,PT_WAP_SUB,,_Z,,Y,,_T,,Y15T64,,_Z,,Q,,2012-Q1,,71.29165,,,,A,,0,,1,
DATAFLOW,OECD.SDD.TPS:DSD_LFS@DF_IALFS_LF_WAP_Q(1.0),,I,IRL,,LF_WAP,,PT_WAP_SUB,,_Z,,Y,,_T,,Y15T64,,_Z,,Q,,2012-Q2,,71.08099,,,,A,,0,,1,
DATAFLOW,OECD.SDD.TPS:DSD_LFS@DF_IALFS_LF_WAP_Q(1.0),,I,IRL,,LF_WAP,,PT_WAP_SUB,,_Z,,Y,,_T,,Y15T64,,_Z,,Q,,2012-Q3,,71.07155,,,,A,,0,,1,
DATAFLOW,OECD.SDD.TPS:DSD_LFS@DF_IALFS_LF_WAP_Q(1.0),,I,IRL,,LF_WAP,,PT_WAP_SUB,,_Z,,Y,,_T,,Y15T64,,_Z,,Q,,2012-Q4,,71.09317,,,,A,,0,,1,
DATAFLOW,OECD.SDD.TPS:DSD_LFS@DF_IALFS_LF_WAP_Q(1.0),,I,IRL,,LF_WAP,,PT_WAP_SUB,,_Z,,Y,,_T,,Y15T64,,_Z,,Q,,2013-Q1,,71.53957,,,,A,,0,,1,
DATAFLOW,OECD.SDD.TPS:DSD_LFS@DF_IALFS_LF_WAP_Q(1.0),,I,IRL,,LF_WAP,,PT_WAP_SUB,,_Z,,Y,,_T,,Y15T64,,_Z,,Q,,2013-Q2,,71.87289,,,,A,,0,,1,
DATAFLOW,OECD.SDD.TPS:DSD_LFS@DF_IALFS_LF_WAP_Q(1.0),,I,IRL,,LF_WAP,,PT_WAP_SUB,,_Z,,Y,,_T,,Y15T64,,_Z,,Q,,2013-Q3,,71.84483,,,,A,,0,,1,
DATAFLOW,OECD.SDD.TPS:DSD_LFS@DF_IALFS_LF_WAP_Q(1.0),,I,IRL,,LF_WAP,,PT_WAP_SUB,,_Z,,Y,,_T,,Y15T64,,_Z,,Q,,2013-Q4,,71.88301,,,,A,,0,,1,
DATAFLOW,OECD.SDD.TPS:DSD_LFS@DF_IALFS_LF_WAP_Q(1.0),,I,IRL,,LF_WAP,,PT_WAP_SUB,,_Z,,Y,,_T,,Y15T64,,_Z,,Q,,2014-Q1,,71.8743,,,,A,,0,,1,
DATAFLOW,OECD.SDD.TPS:DSD_LFS@DF_IALFS_LF_WAP_Q(1.0),,I,IRL,,LF_WAP,,PT_WAP_SUB,,_Z,,Y,,_T,,Y15T64,,_Z,,Q,,2014-Q2,,71.60508,,,,A,,0,,1,
DATAFLOW,OECD.SDD.TPS:DSD_LFS@DF_IALFS_LF_WAP_Q(1.0),,I,IRL,,LF_WAP,,PT_WAP_SUB,,_Z,,Y,,_T,,Y15T64,,_Z,,Q,,2014-Q3,,71.92891,,,,A,,0,,1,
DATAFLOW,OECD.SDD.TPS:DSD_LFS@DF_IALFS_LF_WAP_Q(1.0),,I,IRL,,LF_WAP,,PT_WAP_SUB,,_Z,,Y,,_T,,Y15T64,,_Z,,Q,,2014-Q4,,71.8943,,,,A,,0,,1,
DATAFLOW,OECD.SDD.TPS:DSD_LFS@DF_IALFS_LF_WAP_Q(1.0),,I,IRL,,LF_WAP,,PT_WAP_SUB,,_Z,,Y,,_T,,Y15T64,,_Z,,Q,,2015-Q1,,71.82396,,,,A,,0,,1,
DATAFLOW,OECD.SDD.TPS:DSD_LFS@DF_IALFS_LF_WAP_Q(1.0),,I,IRL,,LF_WAP,,PT_WAP_SUB,,_Z,,Y,,_T,,Y15T64,,_Z,,Q,,2015-Q2,,71.93363,,,,A,,0,,1,
DATAFLOW,OECD.SDD.TPS:DSD_LFS@DF_IALFS_LF_WAP_Q(1.0),,I,IRL,,LF_WAP,,PT_WAP_SUB,,_Z,,Y,,_T,,Y15T64,,_Z,,Q,,2015-Q3,,71.92871,,,,A,,0,,1,
DATAFLOW,OECD.SDD.TPS:DSD_LFS@DF_IALFS_LF_WAP_Q(1.0),,I,IRL,,LF_WAP,,PT_WAP_SUB,,_Z,,Y,,_T,,Y15T64,,_Z,,Q,,2015-Q4,,72.20863,,,,A,,0,,1,
DATAFLOW,OECD.SDD.TPS:DSD_LFS@DF_IALFS_LF_WAP_Q(1.0),,I,IRL,,LF_WAP,,PT_WAP_SUB,,_Z,,Y,,_T,,Y15T64,,_Z,,Q,,2016-Q1,,72.29679,,,,A,,0,,1,
DATAFLOW,OECD.SDD.TPS:DSD_LFS@DF_IALFS_LF_WAP_Q(1.0),,I,IRL,,LF_WAP,,PT_WAP_SUB,,_Z,,Y,,_T,,Y15T64,,_Z,,Q,,2016-Q2,,72.79915,,,,A,,0,,1,
DATAFLOW,OECD.SDD.TPS:DSD_LFS@DF_IALFS_LF_WAP_Q(1.0),,I,IRL,,LF_WAP,,PT_WAP_SUB,,_Z,,Y,,_T,,Y15T64,,_Z,,Q,,2016-Q3,,72.82975,,,,A,,0,,1,
DATAFLOW,OECD.SDD.TPS:DSD_LFS@DF_IALFS_LF_WAP_Q(1.0),,I,IRL,,LF_WAP,,PT_WAP_SUB,,_Z,,Y,,_T,,Y15T64,,_Z,,Q,,2016-Q4,,72.536,,,,A,,0,,1,
DATAFLOW,OECD.SDD.TPS:DSD_LFS@DF_IALFS_LF_WAP_Q(1.0),,I,IRL,,LF_WAP,,PT_WAP_SUB,,_Z,,Y,,_T,,Y15T64,,_Z,,Q,,2017-Q1,,72.70452,,,,A,,0,,1,
DATAFLOW,OECD.SDD.TPS:DSD_LFS@DF_IALFS_LF_WAP_Q(1.0),,I,IRL,,LF_WAP,,PT_WAP_SUB,,_Z,,Y,,_T,,Y15T64,,_Z,,Q,,2017-Q2,,72.42469,,,,A,,0,,1,
DATAFLOW,OECD.SDD.TPS:DSD_LFS@DF_IALFS_LF_WAP_Q(1.0),,I,IRL,,LF_WAP,,PT_WAP_SUB,,_Z,,Y,,_T,,Y15T64,,_Z,,Q,,2017-Q3,,72.46901,,,,A,,0,,1,
DATAFLOW,OECD.SDD.TPS:DSD_LFS@DF_IALFS_LF_WAP_Q(1.0),,I,IRL,,LF_WAP,,PT_WAP_SUB,,_Z,,Y,,_T,,Y15T64,,_Z,,Q,,2017-Q4,,72.68399,,,,A,,0,,1,
DATAFLOW,OECD.SDD.TPS:DSD_LFS@DF_IALFS_LF_WAP_Q(1.0),,I,IRL,,LF_WAP,,PT_WAP_SUB,,_Z,,Y,,_T,,Y15T64,,_Z,,Q,,2018-Q1,,72.57047,,,,A,,0,,1,
DATAFLOW,OECD.SDD.TPS:DSD_LFS@DF_IALFS_LF_WAP_Q(1.0),,I,IRL,,LF_WAP,,PT_WAP_SUB,,_Z,,Y,,_T,,Y15T64,,_Z,,Q,,2018-Q2,,72.79979,,,,A,,0,,1,
DATAFLOW,OECD.SDD.TPS:DSD_LFS@DF_IALFS_LF_WAP_Q(1.0),,I,IRL,,LF_WAP,,PT_WAP_SUB,,_Z,,Y,,_T,,Y15T64,,_Z,,Q,,2018-Q3,,72.91022,,,,A,,0,,1,
DATAFLOW,OECD.SDD.TPS:DSD_LFS@DF_IALFS_LF_WAP_Q(1.0),,I,IRL,,LF_WAP,,PT_WAP_SUB,,_Z,,Y,,_T,,Y15T64,,_Z,,Q,,2018-Q4,,72.92371,,,,A,,0,,1,
DATAFLOW,OECD.SDD.TPS:DSD_LFS@DF_IALFS_LF_WAP_Q(1.0),,I,IRL,,LF_WAP,,PT_WAP_SUB,,_Z,,Y,,_T,,Y15T64,,_Z,,Q,,2019-Q1,,73.22849,,,,A,,0,,1,
DATAFLOW,OECD.SDD.TPS:DSD_LFS@DF_IALFS_LF_WAP_Q(1.0),,I,IRL,,LF_WAP,,PT_WAP_SUB,,_Z,,Y,,_T,,Y15T64,,_Z,,Q,,2019-Q2,,72.99369,,,,A,,0,,1,
DATAFLOW,OECD.SDD.TPS:DSD_LFS@DF_IALFS_LF_WAP_Q(1.0),,I,IRL,,LF_WAP,,PT_WAP_SUB,,_Z,,Y,,_T,,Y15T64,,_Z,,Q,,2019-Q3,,72.93038,,,,A,,0,,1,
DATAFLOW,OECD.SDD.TPS:DSD_LFS@DF_IALFS_LF_WAP_Q(1.0),,I,IRL,,LF_WAP,,PT_WAP_SUB,,_Z,,Y,,_T,,Y15T64,,_Z,,Q,,2019-Q4,,73.42337,,,,A,,0,,1,
DATAFLOW,OECD.SDD.TPS:DSD_LFS@DF_IALFS_LF_WAP_Q(1.0),,I,IRL,,LF_WAP,,PT_WAP_SUB,,_Z,,Y,,_T,,Y15T64,,_Z,,Q,,2020-Q1,,73.62244,,,,A,,0,,1,
DATAFLOW,OECD.SDD.TPS:DSD_LFS@DF_IALFS_LF_WAP_Q(1.0),,I,IRL,,LF_WAP,,PT_WAP_SUB,,_Z,,Y,,_T,,Y15T64,,_Z,,Q,,2020-Q2,,66.8474,,,,A,,0,,1,
DATAFLOW,OECD.SDD.TPS:DSD_LFS@DF_IALFS_LF_WAP_Q(1.0),,I,IRL,,LF_WAP,,PT_WAP_SUB,,_Z,,Y,,_T,,Y15T64,,_Z,,Q,,2020-Q3,,71.30505,,,,A,,0,,1,
DATAFLOW,OECD.SDD.TPS:DSD_LFS@DF_IALFS_LF_WAP_Q(1.0),,I,IRL,,LF_WAP,,PT_WAP_SUB,,_Z,,Y,,_T,,Y15T64,,_Z,,Q,,2020-Q4,,71.32342,,,,A,,0,,1,
DATAFLOW,OECD.SDD.TPS:DSD_LFS@DF_IALFS_LF_WAP_Q(1.0),,I,IRL,,LF_WAP,,PT_WAP_SUB,,_Z,,Y,,_T,,Y15T64,,_Z,,Q,,2021-Q1,,71.16524,,,,A,,0,,1,
DATAFLOW,OECD.SDD.TPS:DSD_LFS@DF_IALFS_LF_WAP_Q(1.0),,I,IRL,,LF_WAP,,PT_WAP_SUB,,_Z,,Y,,_T,,Y15T64,,_Z,,Q,,2021-Q2,,74.06959,,,,A,,0,,1,
DATAFLOW,OECD.SDD.TPS:DSD_LFS@DF_IALFS_LF_WAP_Q(1.0),,I,IRL,,LF_WAP,,PT_WAP_SUB,,_Z,,Y,,_T,,Y15T64,,_Z,,Q,,2021-Q3,,76.1338,,,,A,,0,,1,
DATAFLOW,OECD.SDD.TPS:DSD_LFS@DF_IALFS_LF_WAP_Q(1.0),,I,IRL,,LF_WAP,,PT_WAP_SUB,,_Z,,Y,,_T,,Y15T64,,_Z,,Q,,2021-Q4,,76.80441,,,,A,,0,,1,
DATAFLOW,OECD.SDD.TPS:DSD_LFS@DF_IALFS_LF_WAP_Q(1.0),,I,IRL,,LF_WAP,,PT_WAP_SUB,,_Z,,Y,,_T,,Y15T64,,_Z,,Q,,2022-Q1,,76.94119,,,,A,,0,,1,
DATAFLOW,OECD.SDD.TPS:DSD_LFS@DF_IALFS_LF_WAP_Q(1.0),,I,IRL,,LF_WAP,,PT_WAP_SUB,,_Z,,Y,,_T,,Y15T64,,_Z,,Q,,2022-Q2,,76.95135,,,,A,,0,,1,
DATAFLOW,OECD.SDD.TPS:DSD_LFS@DF_IALFS_LF_WAP_Q(1.0),,I,IRL,,LF_WAP,,PT_WAP_SUB,,_Z,,Y,,_T,,Y15T64,,_Z,,Q,,2022-Q3,,76.3884,,,,A,,0,,1,
DATAFLOW,OECD.SDD.TPS:DSD_LFS@DF_IALFS_LF_WAP_Q(1.0),,I,IRL,,LF_WAP,,PT_WAP_SUB,,_Z,,Y,,_T,,Y15T64,,_Z,,Q,,2022-Q4,,76.74718,,,,A,,0,,1,
DATAFLOW,OECD.SDD.TPS:DSD_LFS@DF_IALFS_LF_WAP_Q(1.0),,I,IRL,,LF_WAP,,PT_WAP_SUB,,_Z,,Y,,_T,,Y15T64,,_Z,,Q,,2023-Q1,,77.14578,,,,A,,0,,1,
DATAFLOW,OECD.SDD.TPS:DSD_LFS@DF_IALFS_LF_WAP_Q(1.0),,I,IRL,,LF_WAP,,PT_WAP_SUB,,_Z,,Y,,_T,,Y15T64,,_Z,,Q,,2023-Q2,,77.67162,,,,A,,0,,1,
DATAFLOW,OECD.SDD.TPS:DSD_LFS@DF_IALFS_LF_WAP_Q(1.0),,I,IRL,,LF_WAP,,PT_WAP_SUB,,_Z,,Y,,_T,,Y15T64,,_Z,,Q,,2023-Q3,,77.4371,,,,A,,0,,1,
DATAFLOW,OECD.SDD.TPS:DSD_LFS@DF_IALFS_LF_WAP_Q(1.0),,I,IRL,,LF_WAP,,PT_WAP_SUB,,_Z,,Y,,_T,,Y15T64,,_Z,,Q,,2023-Q4,,77.5575,,,,A,,0,,1,
DATAFLOW,OECD.SDD.TPS:DSD_LFS@DF_IALFS_LF_WAP_Q(1.0),,I,IRL,,LF_WAP,,PT_WAP_SUB,,_Z,,Y,,_T,,Y15T64,,_Z,,Q,,2024-Q1,,77.62251,,,,A,,0,,1,
DATAFLOW,OECD.SDD.TPS:DSD_LFS@DF_IALFS_LF_WAP_Q(1.0),,I,IRL,,LF_WAP,,PT_WAP_SUB,,_Z,,Y,,_T,,Y15T64,,_Z,,Q,,2024-Q2,,77.94003,,,,A,,0,,1,
DATAFLOW,OECD.SDD.TPS:DSD_LFS@DF_IALFS_LF_WAP_Q(1.0),,I,IRL,,LF_WAP,,PT_WAP_SUB,,_Z,,Y,,_T,,Y15T64,,_Z,,Q,,2024-Q3,,78.2606,,,,A,,0,,1,
DATAFLOW,OECD.SDD.TPS:DSD_LFS@DF_IALFS_LF_WAP_Q(1.0),,I,IRL,,LF_WAP,,PT_WAP_SUB,,_Z,,Y,,_T,,Y15T64,,_Z,,Q,,2024-Q4,,77.75962,,,,A,,0,,1,
DATAFLOW,OECD.SDD.TPS:DSD_LFS@DF_IALFS_LF_WAP_Q(1.0),,I,IRL,,LF_WAP,,PT_WAP_SUB,,_Z,,Y,,_T,,Y15T64,,_Z,,Q,,2025-Q1,,78.55853,,,,A,,0,,1,
DATAFLOW,OECD.SDD.TPS:DSD_LFS@DF_IALFS_LF_WAP_Q(1.0),,I,IRL,,LF_WAP,,PT_WAP_SUB,,_Z,,Y,,_T,,Y15T64,,_Z,,Q,,2025-Q2,,78.45544,,,,A,,0,,1,
DATAFLOW,OECD.SDD.TPS:DSD_LFS@DF_IALFS_LF_WAP_Q(1.0),,I,IRL,,LF_WAP,,PT_WAP_SUB,,_Z,,Y,,_T,,Y15T64,,_Z,,Q,,2025-Q3,,78.37012,,,,A,,0,,1,
DATAFLOW,OECD.SDD.TPS:DSD_LFS@DF_IALFS_LF_WAP_Q(1.0),,I,IRL,,LF_WAP,,PT_WAP_SUB,,_Z,,Y,,_T,,Y15T64,,_Z,,Q,,2025-Q4,,78.16875,,,,A,,0,,1,
DATAFLOW,OECD.SDD.TPS:DSD_LFS@DF_IALFS_LF_WAP_Q(1.0),,I,IRL,,LF_WAP,,PT_WAP_SUB,,_Z,,Y,,_T,,Y15T64,,_Z,,Q,,2026-Q1,,77.94712,,,,A,,0,,1,
DATAFLOW,OECD.SDD.TPS:DSD_LFS@DF_IALFS_LF_WAP_Q(1.0),,I,SVN,,LF_WAP,,PT_WAP_SUB,,_Z,,Y,,_T,,Y15T64,,_Z,,Q,,1999-Q1,,67.22894,,,,A,,0,,1,
DATAFLOW,OECD.SDD.TPS:DSD_LFS@DF_IALFS_LF_WAP_Q(1.0),,I,SVN,,LF_WAP,,PT_WAP_SUB,,_Z,,Y,,_T,,Y15T64,,_Z,,Q,,1999-Q2,,67.58399,,,,A,,0,,1,
DATAFLOW,OECD.SDD.TPS:DSD_LFS@DF_IALFS_LF_WAP_Q(1.0),,I,SVN,,LF_WAP,,PT_WAP_SUB,,_Z,,Y,,_T,,Y15T64,,_Z,,Q,,1999-Q3,,67.13301,,,,A,,0,,1,
DATAFLOW,OECD.SDD.TPS:DSD_LFS@DF_IALFS_LF_WAP_Q(1.0),,I,SVN,,LF_WAP,,PT_WAP_SUB,,_Z,,Y,,_T,,Y15T64,,_Z,,Q,,1999-Q4,,67.22005,,,,A,,0,,1,
DATAFLOW,OECD.SDD.TPS:DSD_LFS@DF_IALFS_LF_WAP_Q(1.0),,I,SVN,,LF_WAP,,PT_WAP_SUB,,_Z,,Y,,_T,,Y15T64,,_Z,,Q,,2000-Q1,,66.86015,,,,A,,0,,1,
DATAFLOW,OECD.SDD.TPS:DSD_LFS@DF_IALFS_LF_WAP_Q(1.0),,I,SVN,,LF_WAP,,PT_WAP_SUB,,_Z,,Y,,_T,,Y15T64,,_Z,,Q,,2000-Q2,,67.40695,,,,A,,0,,1,
DATAFLOW,OECD.SDD.TPS:DSD_LFS@DF_IALFS_LF_WAP_Q(1.0),,I,SVN,,LF_WAP,,PT_WAP_SUB,,_Z,,Y,,_T,,Y15T64,,_Z,,Q,,2000-Q3,,68.01554,,,,A,,0,,1,
DATAFLOW,OECD.SDD.TPS:DSD_LFS@DF_IALFS_LF_WAP_Q(1.0),,I,SVN,,LF_WAP,,PT_WAP_SUB,,_Z,,Y,,_T,,Y15T64,,_Z,,Q,,2000-Q4,,67.61858,,,,A,,0,,1,
DATAFLOW,OECD.SDD.TPS:DSD_LFS@DF_IALFS_LF_WAP_Q(1.0),,I,SVN,,LF_WAP,,PT_WAP_SUB,,_Z,,Y,,_T,,Y15T64,,_Z,,Q,,2001-Q1,,67.97374,,,,A,,0,,1,
DATAFLOW,OECD.SDD.TPS:DSD_LFS@DF_IALFS_LF_WAP_Q(1.0),,I,SVN,,LF_WAP,,PT_WAP_SUB,,_Z,,Y,,_T,,Y15T64,,_Z,,Q,,2001-Q2,,67.50981,,,,A,,0,,1,
DATAFLOW,OECD.SDD.TPS:DSD_LFS@DF_IALFS_LF_WAP_Q(1.0),,I,SVN,,LF_WAP,,PT_WAP_SUB,,_Z,,Y,,_T,,Y15T64,,_Z,,Q,,2001-Q3,,68.58846,,,,A,,0,,1,
DATAFLOW,OECD.SDD.TPS:DSD_LFS@DF_IALFS_LF_WAP_Q(1.0),,I,SVN,,LF_WAP,,PT_WAP_SUB,,_Z,,Y,,_T,,Y15T64,,_Z,,Q,,2001-Q4,,68.35091,,,,A,,0,,1,
DATAFLOW,OECD.SDD.TPS:DSD_LFS@DF_IALFS_LF_WAP_Q(1.0),,I,SVN,,LF_WAP,,PT_WAP_SUB,,_Z,,Y,,_T,,Y15T64,,_Z,,Q,,2002-Q1,,69.0498,,,,A,,0,,1,
DATAFLOW,OECD.SDD.TPS:DSD_LFS@DF_IALFS_LF_WAP_Q(1.0),,I,SVN,,LF_WAP,,PT_WAP_SUB,,_Z,,Y,,_T,,Y15T64,,_Z,,Q,,2002-Q2,,68.43065,,,,A,,0,,1,
DATAFLOW,OECD.SDD.TPS:DSD_LFS@DF_IALFS_LF_WAP_Q(1.0),,I,SVN,,LF_WAP,,PT_WAP_SUB,,_Z,,Y,,_T,,Y15T64,,_Z,,Q,,2002-Q3,,66.9826,,,,A,,0,,1,
DATAFLOW,OECD.SDD.TPS:DSD_LFS@DF_IALFS_LF_WAP_Q(1.0),,I,SVN,,LF_WAP,,PT_WAP_SUB,,_Z,,Y,,_T,,Y15T64,,_Z,,Q,,2002-Q4,,66.77793,,,,A,,0,,1,
DATAFLOW,OECD.SDD.TPS:DSD_LFS@DF_IALFS_LF_WAP_Q(1.0),,I,SVN,,LF_WAP,,PT_WAP_SUB,,_Z,,Y,,_T,,Y15T64,,_Z,,Q,,2003-Q1,,67.18224,,,,A,,0,,1,
DATAFLOW,OECD.SDD.TPS:DSD_LFS@DF_IALFS_LF_WAP_Q(1.0),,I,SVN,,LF_WAP,,PT_WAP_SUB,,_Z,,Y,,_T,,Y15T64,,_Z,,Q,,2003-Q2,,66.85239,,,,A,,0,,1,
DATAFLOW,OECD.SDD.TPS:DSD_LFS@DF_IALFS_LF_WAP_Q(1.0),,I,SVN,,LF_WAP,,PT_WAP_SUB,,_Z,,Y,,_T,,Y15T64,,_Z,,Q,,2003-Q3,,66.36402,,,,A,,0,,1,
DATAFLOW,OECD.SDD.TPS:DSD_LFS@DF_IALFS_LF_WAP_Q(1.0),,I,SVN,,LF_WAP,,PT_WAP_SUB,,_Z,,Y,,_T,,Y15T64,,_Z,,Q,,2003-Q4,,68.10526,,,,A,,0,,1,
DATAFLOW,OECD.SDD.TPS:DSD_LFS@DF_IALFS_LF_WAP_Q(1.0),,I,SVN,,LF_WAP,,PT_WAP_SUB,,_Z,,Y,,_T,,Y15T64,,_Z,,Q,,2004-Q1,,69.06646,,,,A,,0,,1,
DATAFLOW,OECD.SDD.TPS:DSD_LFS@DF_IALFS_LF_WAP_Q(1.0),,I,SVN,,LF_WAP,,PT_WAP_SUB,,_Z,,Y,,_T,,Y15T64,,_Z,,Q,,2004-Q2,,69.89124,,,,A,,0,,1,
DATAFLOW,OECD.SDD.TPS:DSD_LFS@DF_IALFS_LF_WAP_Q(1.0),,I,SVN,,LF_WAP,,PT_WAP_SUB,,_Z,,Y,,_T,,Y15T64,,_Z,,Q,,2004-Q3,,70.52802,,,,A,,0,,1,
DATAFLOW,OECD.SDD.TPS:DSD_LFS@DF_IALFS_LF_WAP_Q(1.0),,I,SVN,,LF_WAP,,PT_WAP_SUB,,_Z,,Y,,_T,,Y15T64,,_Z,,Q,,2004-Q4,,69.66212,,,,A,,0,,1,
DATAFLOW,OECD.SDD.TPS:DSD_LFS@DF_IALFS_LF_WAP_Q(1.0),,I,SVN,,LF_WAP,,PT_WAP_SUB,,_Z,,Y,,_T,,Y15T64,,_Z,,Q,,2005-Q1,,70.3893,,,,A,,0,,1,
DATAFLOW,OECD.SDD.TPS:DSD_LFS@DF_IALFS_LF_WAP_Q(1.0),,I,SVN,,LF_WAP,,PT_WAP_SUB,,_Z,,Y,,_T,,Y15T64,,_Z,,Q,,2005-Q2,,70.14095,,,,A,,0,,1,
DATAFLOW,OECD.SDD.TPS:DSD_LFS@DF_IALFS_LF_WAP_Q(1.0),,I,SVN,,LF_WAP,,PT_WAP_SUB,,_Z,,Y,,_T,,Y15T64,,_Z,,Q,,2005-Q3,,70.69545,,,,A,,0,,1,
DATAFLOW,OECD.SDD.TPS:DSD_LFS@DF_IALFS_LF_WAP_Q(1.0),,I,SVN,,LF_WAP,,PT_WAP_SUB,,_Z,,Y,,_T,,Y15T64,,_Z,,Q,,2005-Q4,,71.43739,,,,A,,0,,1,
DATAFLOW,OECD.SDD.TPS:DSD_LFS@DF_IALFS_LF_WAP_Q(1.0),,I,SVN,,LF_WAP,,PT_WAP_SUB,,_Z,,Y,,_T,,Y15T64,,_Z,,Q,,2006-Q1,,71.31534,,,,A,,0,,1,
DATAFLOW,OECD.SDD.TPS:DSD_LFS@DF_IALFS_LF_WAP_Q(1.0),,I,SVN,,LF_WAP,,PT_WAP_SUB,,_Z,,Y,,_T,,Y15T64,,_Z,,Q,,2006-Q2,,71.41682,,,,A,,0,,1,
DATAFLOW,OECD.SDD.TPS:DSD_LFS@DF_IALFS_LF_WAP_Q(1.0),,I,SVN,,LF_WAP,,PT_WAP_SUB,,_Z,,Y,,_T,,Y15T64,,_Z,,Q,,2006-Q3,,70.65117,,,,A,,0,,1,
DATAFLOW,OECD.SDD.TPS:DSD_LFS@DF_IALFS_LF_WAP_Q(1.0),,I,SVN,,LF_WAP,,PT_WAP_SUB,,_Z,,Y,,_T,,Y15T64,,_Z,,Q,,2006-Q4,,70.19961,,,,A,,0,,1,
DATAFLOW,OECD.SDD.TPS:DSD_LFS@DF_IALFS_LF_WAP_Q(1.0),,I,SVN,,LF_WAP,,PT_WAP_SUB,,_Z,,Y,,_T,,Y15T64,,_Z,,Q,,2007-Q1,,70.59041,,,,A,,0,,1,
DATAFLOW,OECD.SDD.TPS:DSD_LFS@DF_IALFS_LF_WAP_Q(1.0),,I,SVN,,LF_WAP,,PT_WAP_SUB,,_Z,,Y,,_T,,Y15T64,,_Z,,Q,,2007-Q2,,71.65959,,,,A,,0,,1,
DATAFLOW,OECD.SDD.TPS:DSD_LFS@DF_IALFS_LF_WAP_Q(1.0),,I,SVN,,LF_WAP,,PT_WAP_SUB,,_Z,,Y,,_T,,Y15T64,,_Z,,Q,,2007-Q3,,71.68977,,,,A,,0,,1,
DATAFLOW,OECD.SDD.TPS:DSD_LFS@DF_IALFS_LF_WAP_Q(1.0),,I,SVN,,LF_WAP,,PT_WAP_SUB,,_Z,,Y,,_T,,Y15T64,,_Z,,Q,,2007-Q4,,71.26947,,,,A,,0,,1,
DATAFLOW,OECD.SDD.TPS:DSD_LFS@DF_IALFS_LF_WAP_Q(1.0),,I,SVN,,LF_WAP,,PT_WAP_SUB,,_Z,,Y,,_T,,Y15T64,,_Z,,Q,,2008-Q1,,71.31915,,,,A,,0,,1,
DATAFLOW,OECD.SDD.TPS:DSD_LFS@DF_IALFS_LF_WAP_Q(1.0),,I,SVN,,LF_WAP,,PT_WAP_SUB,,_Z,,Y,,_T,,Y15T64,,_Z,,Q,,2008-Q2,,71.25713,,,,A,,0,,1,
DATAFLOW,OECD.SDD.TPS:DSD_LFS@DF_IALFS_LF_WAP_Q(1.0),,I,SVN,,LF_WAP,,PT_WAP_SUB,,_Z,,Y,,_T,,Y15T64,,_Z,,Q,,2008-Q3,,72.48268,,,,A,,0,,1,
DATAFLOW,OECD.SDD.TPS:DSD_LFS@DF_IALFS_LF_WAP_Q(1.0),,I,SVN,,LF_WAP,,PT_WAP_SUB,,_Z,,Y,,_T,,Y15T64,,_Z,,Q,,2009-Q1,,70.24856,,,,A,,0,,1,
DATAFLOW,OECD.SDD.TPS:DSD_LFS@DF_IALFS_LF_WAP_Q(1.0),,I,SVN,,LF_WAP,,PT_WAP_SUB,,_Z,,Y,,_T,,Y15T64,,_Z,,Q,,2009-Q2,,71.34356,,,,A,,0,,1,
DATAFLOW,OECD.SDD.TPS:DSD_LFS@DF_IALFS_LF_WAP_Q(1.0),,I,SVN,,LF_WAP,,PT_WAP_SUB,,_Z,,Y,,_T,,Y15T64,,_Z,,Q,,2009-Q3,,72.17896,,,,A,,0,,1,
DATAFLOW,OECD.SDD.TPS:DSD_LFS@DF_IALFS_LF_WAP_Q(1.0),,I,SVN,,LF_WAP,,PT_WAP_SUB,,_Z,,Y,,_T,,Y15T64,,_Z,,Q,,2009-Q4,,71.60394,,,,A,,0,,1,
DATAFLOW,OECD.SDD.TPS:DSD_LFS@DF_IALFS_LF_WAP_Q(1.0),,I,SVN,,LF_WAP,,PT_WAP_SUB,,_Z,,Y,,_T,,Y15T64,,_Z,,Q,,2010-Q1,,70.96203,,,,A,,0,,1,
DATAFLOW,OECD.SDD.TPS:DSD_LFS@DF_IALFS_LF_WAP_Q(1.0),,I,SVN,,LF_WAP,,PT_WAP_SUB,,_Z,,Y,,_T,,Y15T64,,_Z,,Q,,2010-Q2,,71.05222,,,,A,,0,,1,
DATAFLOW,OECD.SDD.TPS:DSD_LFS@DF_IALFS_LF_WAP_Q(1.0),,I,SVN,,LF_WAP,,PT_WAP_SUB,,_Z,,Y,,_T,,Y15T64,,_Z,,Q,,2010-Q3,,70.42449,,,,A,,0,,1,
DATAFLOW,OECD.SDD.TPS:DSD_LFS@DF_IALFS_LF_WAP_Q(1.0),,I,SVN,,LF_WAP,,PT_WAP_SUB,,_Z,,Y,,_T,,Y15T64,,_Z,,Q,,2010-Q4,,70.71157,,,,A,,0,,1,
DATAFLOW,OECD.SDD.TPS:DSD_LFS@DF_IALFS_LF_WAP_Q(1.0),,I,SVN,,LF_WAP,,PT_WAP_SUB,,_Z,,Y,,_T,,Y15T64,,_Z,,Q,,2011-Q1,,69.35735,,,,A,,0,,1,
DATAFLOW,OECD.SDD.TPS:DSD_LFS@DF_IALFS_LF_WAP_Q(1.0),,I,SVN,,LF_WAP,,PT_WAP_SUB,,_Z,,Y,,_T,,Y15T64,,_Z,,Q,,2011-Q2,,69.52769,,,,A,,0,,1,
DATAFLOW,OECD.SDD.TPS:DSD_LFS@DF_IALFS_LF_WAP_Q(1.0),,I,SVN,,LF_WAP,,PT_WAP_SUB,,_Z,,Y,,_T,,Y15T64,,_Z,,Q,,2011-Q3,,69.78385,,,,A,,0,,1,
DATAFLOW,OECD.SDD.TPS:DSD_LFS@DF_IALFS_LF_WAP_Q(1.0),,I,SVN,,LF_WAP,,PT_WAP_SUB,,_Z,,Y,,_T,,Y15T64,,_Z,,Q,,2011-Q4,,69.9743,,,,A,,0,,1,
DATAFLOW,OECD.SDD.TPS:DSD_LFS@DF_IALFS_LF_WAP_Q(1.0),,I,SVN,,LF_WAP,,PT_WAP_SUB,,_Z,,Y,,_T,,Y15T64,,_Z,,Q,,2012-Q1,,69.75326,,,,A,,0,,1,
DATAFLOW,OECD.SDD.TPS:DSD_LFS@DF_IALFS_LF_WAP_Q(1.0),,I,SVN,,LF_WAP,,PT_WAP_SUB,,_Z,,Y,,_T,,Y15T64,,_Z,,Q,,2012-Q2,,69.17951,,,,A,,0,,1,
DATAFLOW,OECD.SDD.TPS:DSD_LFS@DF_IALFS_LF_WAP_Q(1.0),,I,SVN,,LF_WAP,,PT_WAP_SUB,,_Z,,Y,,_T,,Y15T64,,_Z,,Q,,2012-Q3,,70.0651,,,,A,,0,,1,
DATAFLOW,OECD.SDD.TPS:DSD_LFS@DF_IALFS_LF_WAP_Q(1.0),,I,SVN,,LF_WAP,,PT_WAP_SUB,,_Z,,Y,,_T,,Y15T64,,_Z,,Q,,2012-Q4,,70.48769,,,,A,,0,,1,
DATAFLOW,OECD.SDD.TPS:DSD_LFS@DF_IALFS_LF_WAP_Q(1.0),,I,SVN,,LF_WAP,,PT_WAP_SUB,,_Z,,Y,,_T,,Y15T64,,_Z,,Q,,2013-Q1,,69.79805,,,,A,,0,,1,
DATAFLOW,OECD.SDD.TPS:DSD_LFS@DF_IALFS_LF_WAP_Q(1.0),,I,SVN,,LF_WAP,,PT_WAP_SUB,,_Z,,Y,,_T,,Y15T64,,_Z,,Q,,2013-Q2,,69.89756,,,,A,,0,,1,
DATAFLOW,OECD.SDD.TPS:DSD_LFS@DF_IALFS_LF_WAP_Q(1.0),,I,SVN,,LF_WAP,,PT_WAP_SUB,,_Z,,Y,,_T,,Y15T64,,_Z,,Q,,2013-Q3,,70.60177,,,,A,,0,,1,
DATAFLOW,OECD.SDD.TPS:DSD_LFS@DF_IALFS_LF_WAP_Q(1.0),,I,SVN,,LF_WAP,,PT_WAP_SUB,,_Z,,Y,,_T,,Y15T64,,_Z,,Q,,2013-Q4,,69.54703,,,,A,,0,,1,
DATAFLOW,OECD.SDD.TPS:DSD_LFS@DF_IALFS_LF_WAP_Q(1.0),,I,SVN,,LF_WAP,,PT_WAP_SUB,,_Z,,Y,,_T,,Y15T64,,_Z,,Q,,2014-Q1,,69.74528,,,,A,,0,,1,
DATAFLOW,OECD.SDD.TPS:DSD_LFS@DF_IALFS_LF_WAP_Q(1.0),,I,SVN,,LF_WAP,,PT_WAP_SUB,,_Z,,Y,,_T,,Y15T64,,_Z,,Q,,2014-Q2,,70.8074,,,,A,,0,,1,
DATAFLOW,OECD.SDD.TPS:DSD_LFS@DF_IALFS_LF_WAP_Q(1.0),,I,SVN,,LF_WAP,,PT_WAP_SUB,,_Z,,Y,,_T,,Y15T64,,_Z,,Q,,2014-Q3,,70.54787,,,,A,,0,,1,
DATAFLOW,OECD.SDD.TPS:DSD_LFS@DF_IALFS_LF_WAP_Q(1.0),,I,SVN,,LF_WAP,,PT_WAP_SUB,,_Z,,Y,,_T,,Y15T64,,_Z,,Q,,2014-Q4,,70.388,,,,A,,0,,1,
DATAFLOW,OECD.SDD.TPS:DSD_LFS@DF_IALFS_LF_WAP_Q(1.0),,I,SVN,,LF_WAP,,PT_WAP_SUB,,_Z,,Y,,_T,,Y15T64,,_Z,,Q,,2015-Q1,,70.14606,,,,A,,0,,1,
DATAFLOW,OECD.SDD.TPS:DSD_LFS@DF_IALFS_LF_WAP_Q(1.0),,I,SVN,,LF_WAP,,PT_WAP_SUB,,_Z,,Y,,_T,,Y15T64,,_Z,,Q,,2015-Q2,,71.65247,,,,A,,0,,1,
DATAFLOW,OECD.SDD.TPS:DSD_LFS@DF_IALFS_LF_WAP_Q(1.0),,I,SVN,,LF_WAP,,PT_WAP_SUB,,_Z,,Y,,_T,,Y15T64,,_Z,,Q,,2015-Q3,,72.1425,,,,A,,0,,1,
DATAFLOW,OECD.SDD.TPS:DSD_LFS@DF_IALFS_LF_WAP_Q(1.0),,I,SVN,,LF_WAP,,PT_WAP_SUB,,_Z,,Y,,_T,,Y15T64,,_Z,,Q,,2015-Q4,,70.70258,,,,A,,0,,1,
DATAFLOW,OECD.SDD.TPS:DSD_LFS@DF_IALFS_LF_WAP_Q(1.0),,I,SVN,,LF_WAP,,PT_WAP_SUB,,_Z,,Y,,_T,,Y15T64,,_Z,,Q,,2016-Q1,,70.05254,,,,A,,0,,1,
DATAFLOW,OECD.SDD.TPS:DSD_LFS@DF_IALFS_LF_WAP_Q(1.0),,I,SVN,,LF_WAP,,PT_WAP_SUB,,_Z,,Y,,_T,,Y15T64,,_Z,,Q,,2016-Q2,,71.35043,,,,A,,0,,1,
DATAFLOW,OECD.SDD.TPS:DSD_LFS@DF_IALFS_LF_WAP_Q(1.0),,I,SVN,,LF_WAP,,PT_WAP_SUB,,_Z,,Y,,_T,,Y15T64,,_Z,,Q,,2016-Q3,,70.95608,,,,A,,0,,1,
DATAFLOW,OECD.SDD.TPS:DSD_LFS@DF_IALFS_LF_WAP_Q(1.0),,I,SVN,,LF_WAP,,PT_WAP_SUB,,_Z,,Y,,_T,,Y15T64,,_Z,,Q,,2016-Q4,,71.88943,,,,A,,0,,1,
DATAFLOW,OECD.SDD.TPS:DSD_LFS@DF_IALFS_LF_WAP_Q(1.0),,I,SVN,,LF_WAP,,PT_WAP_SUB,,_Z,,Y,,_T,,Y15T64,,_Z,,Q,,2017-Q1,,72.69696,,,,A,,0,,1,
DATAFLOW,OECD.SDD.TPS:DSD_LFS@DF_IALFS_LF_WAP_Q(1.0),,I,SVN,,LF_WAP,,PT_WAP_SUB,,_Z,,Y,,_T,,Y15T64,,_Z,,Q,,2017-Q2,,73.39868,,,,A,,0,,1,
DATAFLOW,OECD.SDD.TPS:DSD_LFS@DF_IALFS_LF_WAP_Q(1.0),,I,SVN,,LF_WAP,,PT_WAP_SUB,,_Z,,Y,,_T,,Y15T64,,_Z,,Q,,2017-Q3,,74.27006,,,,A,,0,,1,
DATAFLOW,OECD.SDD.TPS:DSD_LFS@DF_IALFS_LF_WAP_Q(1.0),,I,SVN,,LF_WAP,,PT_WAP_SUB,,_Z,,Y,,_T,,Y15T64,,_Z,,Q,,2017-Q4,,74.09743,,,,A,,0,,1,
DATAFLOW,OECD.SDD.TPS:DSD_LFS@DF_IALFS_LF_WAP_Q(1.0),,I,SVN,,LF_WAP,,PT_WAP_SUB,,_Z,,Y,,_T,,Y15T64,,_Z,,Q,,2018-Q1,,73.7184,,,,A,,0,,1,
DATAFLOW,OECD.SDD.TPS:DSD_LFS@DF_IALFS_LF_WAP_Q(1.0),,I,SVN,,LF_WAP,,PT_WAP_SUB,,_Z,,Y,,_T,,Y15T64,,_Z,,Q,,2018-Q2,,74.51151,,,,A,,0,,1,
DATAFLOW,OECD.SDD.TPS:DSD_LFS@DF_IALFS_LF_WAP_Q(1.0),,I,SVN,,LF_WAP,,PT_WAP_SUB,,_Z,,Y,,_T,,Y15T64,,_Z,,Q,,2018-Q3,,74.91993,,,,A,,0,,1,
DATAFLOW,OECD.SDD.TPS:DSD_LFS@DF_IALFS_LF_WAP_Q(1.0),,I,SVN,,LF_WAP,,PT_WAP_SUB,,_Z,,Y,,_T,,Y15T64,,_Z,,Q,,2018-Q4,,74.70953,,,,A,,0,,1,
DATAFLOW,OECD.SDD.TPS:DSD_LFS@DF_IALFS_LF_WAP_Q(1.0),,I,SVN,,LF_WAP,,PT_WAP_SUB,,_Z,,Y,,_T,,Y15T64,,_Z,,Q,,2019-Q1,,74.52899,,,,A,,0,,1,
DATAFLOW,OECD.SDD.TPS:DSD_LFS@DF_IALFS_LF_WAP_Q(1.0),,I,SVN,,LF_WAP,,PT_WAP_SUB,,_Z,,Y,,_T,,Y15T64,,_Z,,Q,,2019-Q2,,75.11508,,,,A,,0,,1,
DATAFLOW,OECD.SDD.TPS:DSD_LFS@DF_IALFS_LF_WAP_Q(1.0),,I,SVN,,LF_WAP,,PT_WAP_SUB,,_Z,,Y,,_T,,Y15T64,,_Z,,Q,,2019-Q3,,74.82595,,,,A,,0,,1,
DATAFLOW,OECD.SDD.TPS:DSD_LFS@DF_IALFS_LF_WAP_Q(1.0),,I,SVN,,LF_WAP,,PT_WAP_SUB,,_Z,,Y,,_T,,Y15T64,,_Z,,Q,,2019-Q4,,74.04811,,,,A,,0,,1,
DATAFLOW,OECD.SDD.TPS:DSD_LFS@DF_IALFS_LF_WAP_Q(1.0),,I,SVN,,LF_WAP,,PT_WAP_SUB,,_Z,,Y,,_T,,Y15T64,,_Z,,Q,,2020-Q1,,74.35719,,,,A,,0,,1,
DATAFLOW,OECD.SDD.TPS:DSD_LFS@DF_IALFS_LF_WAP_Q(1.0),,I,SVN,,LF_WAP,,PT_WAP_SUB,,_Z,,Y,,_T,,Y15T64,,_Z,,Q,,2020-Q2,,73.21143,,,,A,,0,,1,
DATAFLOW,OECD.SDD.TPS:DSD_LFS@DF_IALFS_LF_WAP_Q(1.0),,I,SVN,,LF_WAP,,PT_WAP_SUB,,_Z,,Y,,_T,,Y15T64,,_Z,,Q,,2020-Q3,,73.46344,,,,A,,0,,1,
DATAFLOW,OECD.SDD.TPS:DSD_LFS@DF_IALFS_LF_WAP_Q(1.0),,I,SVN,,LF_WAP,,PT_WAP_SUB,,_Z,,Y,,_T,,Y15T64,,_Z,,Q,,2020-Q4,,74.00395,,,,A,,0,,1,
DATAFLOW,OECD.SDD.TPS:DSD_LFS@DF_IALFS_LF_WAP_Q(1.0),,I,SVN,,LF_WAP,,PT_WAP_SUB,,_Z,,Y,,_T,,Y15T64,,_Z,,Q,,2021-Q1,,72.3769,,,,A,,0,,1,
DATAFLOW,OECD.SDD.TPS:DSD_LFS@DF_IALFS_LF_WAP_Q(1.0),,I,SVN,,LF_WAP,,PT_WAP_SUB,,_Z,,Y,,_T,,Y15T64,,_Z,,Q,,2021-Q2,,75.20242,,,,A,,0,,1,
DATAFLOW,OECD.SDD.TPS:DSD_LFS@DF_IALFS_LF_WAP_Q(1.0),,I,SVN,,LF_WAP,,PT_WAP_SUB,,_Z,,Y,,_T,,Y15T64,,_Z,,Q,,2021-Q3,,76.64095,,,,A,,0,,1,
DATAFLOW,OECD.SDD.TPS:DSD_LFS@DF_IALFS_LF_WAP_Q(1.0),,I,SVN,,LF_WAP,,PT_WAP_SUB,,_Z,,Y,,_T,,Y15T64,,_Z,,Q,,2021-Q4,,75.8692,,,,A,,0,,1,
DATAFLOW,OECD.SDD.TPS:DSD_LFS@DF_IALFS_LF_WAP_Q(1.0),,I,SVN,,LF_WAP,,PT_WAP_SUB,,_Z,,Y,,_T,,Y15T64,,_Z,,Q,,2022-Q1,,75.8989,,,,A,,0,,1,
DATAFLOW,OECD.SDD.TPS:DSD_LFS@DF_IALFS_LF_WAP_Q(1.0),,I,SVN,,LF_WAP,,PT_WAP_SUB,,_Z,,Y,,_T,,Y15T64,,_Z,,Q,,2022-Q2,,76.40908,,,,A,,0,,1,
DATAFLOW,OECD.SDD.TPS:DSD_LFS@DF_IALFS_LF_WAP_Q(1.0),,I,SVN,,LF_WAP,,PT_WAP_SUB,,_Z,,Y,,_T,,Y15T64,,_Z,,Q,,2022-Q3,,76.72998,,,,A,,0,,1,
DATAFLOW,OECD.SDD.TPS:DSD_LFS@DF_IALFS_LF_WAP_Q(1.0),,I,SVN,,LF_WAP,,PT_WAP_SUB,,_Z,,Y,,_T,,Y15T64,,_Z,,Q,,2022-Q4,,75.64348,,,,A,,0,,1,
DATAFLOW,OECD.SDD.TPS:DSD_LFS@DF_IALFS_LF_WAP_Q(1.0),,I,SVN,,LF_WAP,,PT_WAP_SUB,,_Z,,Y,,_T,,Y15T64,,_Z,,Q,,2023-Q1,,74.37299,,,,A,,0,,1,
DATAFLOW,OECD.SDD.TPS:DSD_LFS@DF_IALFS_LF_WAP_Q(1.0),,I,SVN,,LF_WAP,,PT_WAP_SUB,,_Z,,Y,,_T,,Y15T64,,_Z,,Q,,2023-Q2,,75.80524,,,,A,,0,,1,
DATAFLOW,OECD.SDD.TPS:DSD_LFS@DF_IALFS_LF_WAP_Q(1.0),,I,SVN,,LF_WAP,,PT_WAP_SUB,,_Z,,Y,,_T,,Y15T64,,_Z,,Q,,2023-Q3,,75.25517,,,,A,,0,,1,
DATAFLOW,OECD.SDD.TPS:DSD_LFS@DF_IALFS_LF_WAP_Q(1.0),,I,SVN,,LF_WAP,,PT_WAP_SUB,,_Z,,Y,,_T,,Y15T64,,_Z,,Q,,2023-Q4,,75.46198,,,,A,,0,,1,
DATAFLOW,OECD.SDD.TPS:DSD_LFS@DF_IALFS_LF_WAP_Q(1.0),,I,SVN,,LF_WAP,,PT_WAP_SUB,,_Z,,Y,,_T,,Y15T64,,_Z,,Q,,2024-Q1,,76.44205,,,,A,,0,,1,
DATAFLOW,OECD.SDD.TPS:DSD_LFS@DF_IALFS_LF_WAP_Q(1.0),,I,SVN,,LF_WAP,,PT_WAP_SUB,,_Z,,Y,,_T,,Y15T64,,_Z,,Q,,2024-Q2,,75.88529,,,,A,,0,,1,
DATAFLOW,OECD.SDD.TPS:DSD_LFS@DF_IALFS_LF_WAP_Q(1.0),,I,SVN,,LF_WAP,,PT_WAP_SUB,,_Z,,Y,,_T,,Y15T64,,_Z,,Q,,2024-Q3,,75.65325,,,,A,,0,,1,
DATAFLOW,OECD.SDD.TPS:DSD_LFS@DF_IALFS_LF_WAP_Q(1.0),,I,SVN,,LF_WAP,,PT_WAP_SUB,,_Z,,Y,,_T,,Y15T64,,_Z,,Q,,2024-Q4,,75.57304,,,,A,,0,,1,
DATAFLOW,OECD.SDD.TPS:DSD_LFS@DF_IALFS_LF_WAP_Q(1.0),,I,SVN,,LF_WAP,,PT_WAP_SUB,,_Z,,Y,,_T,,Y15T64,,_Z,,Q,,2025-Q1,,75.75312,,,,A,,0,,1,
DATAFLOW,OECD.SDD.TPS:DSD_LFS@DF_IALFS_LF_WAP_Q(1.0),,I,SVN,,LF_WAP,,PT_WAP_SUB,,_Z,,Y,,_T,,Y15T64,,_Z,,Q,,2025-Q2,,75.00035,,,,A,,0,,1,
DATAFLOW,OECD.SDD.TPS:DSD_LFS@DF_IALFS_LF_WAP_Q(1.0),,I,SVN,,LF_WAP,,PT_WAP_SUB,,_Z,,Y,,_T,,Y15T64,,_Z,,Q,,2025-Q3,,76.2647,,,,A,,0,,1,
DATAFLOW,OECD.SDD.TPS:DSD_LFS@DF_IALFS_LF_WAP_Q(1.0),,I,SVN,,LF_WAP,,PT_WAP_SUB,,_Z,,Y,,_T,,Y15T64,,_Z,,Q,,2025-Q4,,76.04667,,,,A,,0,,1,
DATAFLOW,OECD.SDD.TPS:DSD_LFS@DF_IALFS_LF_WAP_Q(1.0),,I,SVN,,LF_WAP,,PT_WAP_SUB,,_Z,,Y,,_T,,Y15T64,,_Z,,Q,,2026-Q1,,75.69575,,,,A,,0,,1,
DATAFLOW,OECD.SDD.TPS:DSD_LFS@DF_IALFS_LF_WAP_Q(1.0),,I,SVK,,LF_WAP,,PT_WAP_SUB,,_Z,,Y,,_T,,Y15T64,,_Z,,Q,,1999-Q1,,69.45364,,,,A,,0,,1,
DATAFLOW,OECD.SDD.TPS:DSD_LFS@DF_IALFS_LF_WAP_Q(1.0),,I,SVK,,LF_WAP,,PT_WAP_SUB,,_Z,,Y,,_T,,Y15T64,,_Z,,Q,,1999-Q2,,69.30479,,,,A,,0,,1,
DATAFLOW,OECD.SDD.TPS:DSD_LFS@DF_IALFS_LF_WAP_Q(1.0),,I,SVK,,LF_WAP,,PT_WAP_SUB,,_Z,,Y,,_T,,Y15T64,,_Z,,Q,,1999-Q3,,69.56256,,,,A,,0,,1,
DATAFLOW,OECD.SDD.TPS:DSD_LFS@DF_IALFS_LF_WAP_Q(1.0),,I,SVK,,LF_WAP,,PT_WAP_SUB,,_Z,,Y,,_T,,Y15T64,,_Z,,Q,,1999-Q4,,69.63514,,,,A,,0,,1,
DATAFLOW,OECD.SDD.TPS:DSD_LFS@DF_IALFS_LF_WAP_Q(1.0),,I,SVK,,LF_WAP,,PT_WAP_SUB,,_Z,,Y,,_T,,Y15T64,,_Z,,Q,,2000-Q1,,69.77657,,,,A,,0,,1,
DATAFLOW,OECD.SDD.TPS:DSD_LFS@DF_IALFS_LF_WAP_Q(1.0),,I,SVK,,LF_WAP,,PT_WAP_SUB,,_Z,,Y,,_T,,Y15T64,,_Z,,Q,,2000-Q2,,69.77631,,,,A,,0,,1,
DATAFLOW,OECD.SDD.TPS:DSD_LFS@DF_IALFS_LF_WAP_Q(1.0),,I,SVK,,LF_WAP,,PT_WAP_SUB,,_Z,,Y,,_T,,Y15T64,,_Z,,Q,,2000-Q3,,69.90904,,,,A,,0,,1,
DATAFLOW,OECD.SDD.TPS:DSD_LFS@DF_IALFS_LF_WAP_Q(1.0),,I,SVK,,LF_WAP,,PT_WAP_SUB,,_Z,,Y,,_T,,Y15T64,,_Z,,Q,,2000-Q4,,70.02088,,,,A,,0,,1,
DATAFLOW,OECD.SDD.TPS:DSD_LFS@DF_IALFS_LF_WAP_Q(1.0),,I,SVK,,LF_WAP,,PT_WAP_SUB,,_Z,,Y,,_T,,Y15T64,,_Z,,Q,,2001-Q1,,70.32783,,,,A,,0,,1,
DATAFLOW,OECD.SDD.TPS:DSD_LFS@DF_IALFS_LF_WAP_Q(1.0),,I,SVK,,LF_WAP,,PT_WAP_SUB,,_Z,,Y,,_T,,Y15T64,,_Z,,Q,,2001-Q2,,70.60584,,,,A,,0,,1,
DATAFLOW,OECD.SDD.TPS:DSD_LFS@DF_IALFS_LF_WAP_Q(1.0),,I,SVK,,LF_WAP,,PT_WAP_SUB,,_Z,,Y,,_T,,Y15T64,,_Z,,Q,,2001-Q3,,70.48851,,,,A,,0,,1,
DATAFLOW,OECD.SDD.TPS:DSD_LFS@DF_IALFS_LF_WAP_Q(1.0),,I,SVK,,LF_WAP,,PT_WAP_SUB,,_Z,,Y,,_T,,Y15T64,,_Z,,Q,,2001-Q4,,70.3423,,,,A,,0,,1,
DATAFLOW,OECD.SDD.TPS:DSD_LFS@DF_IALFS_LF_WAP_Q(1.0),,I,SVK,,LF_WAP,,PT_WAP_SUB,,_Z,,Y,,_T,,Y15T64,,_Z,,Q,,2002-Q1,,70.00599,,,,A,,0,,1,
DATAFLOW,OECD.SDD.TPS:DSD_LFS@DF_IALFS_LF_WAP_Q(1.0),,I,SVK,,LF_WAP,,PT_WAP_SUB,,_Z,,Y,,_T,,Y15T64,,_Z,,Q,,2002-Q2,,69.76141,,,,A,,0,,1,
DATAFLOW,OECD.SDD.TPS:DSD_LFS@DF_IALFS_LF_WAP_Q(1.0),,I,SVK,,LF_WAP,,PT_WAP_SUB,,_Z,,Y,,_T,,Y15T64,,_Z,,Q,,2002-Q3,,69.75607,,,,A,,0,,1,
DATAFLOW,OECD.SDD.TPS:DSD_LFS@DF_IALFS_LF_WAP_Q(1.0),,I,SVK,,LF_WAP,,PT_WAP_SUB,,_Z,,Y,,_T,,Y15T64,,_Z,,Q,,2002-Q4,,69.93556,,,,A,,0,,1,
DATAFLOW,OECD.SDD.TPS:DSD_LFS@DF_IALFS_LF_WAP_Q(1.0),,I,SVK,,LF_WAP,,PT_WAP_SUB,,_Z,,Y,,_T,,Y15T64,,_Z,,Q,,2003-Q1,,69.92574,,,,A,,0,,1,
DATAFLOW,OECD.SDD.TPS:DSD_LFS@DF_IALFS_LF_WAP_Q(1.0),,I,SVK,,LF_WAP,,PT_WAP_SUB,,_Z,,Y,,_T,,Y15T64,,_Z,,Q,,2003-Q2,,70.06144,,,,A,,0,,1,
DATAFLOW,OECD.SDD.TPS:DSD_LFS@DF_IALFS_LF_WAP_Q(1.0),,I,SVK,,LF_WAP,,PT_WAP_SUB,,_Z,,Y,,_T,,Y15T64,,_Z,,Q,,2003-Q3,,70.15373,,,,A,,0,,1,
DATAFLOW,OECD.SDD.TPS:DSD_LFS@DF_IALFS_LF_WAP_Q(1.0),,I,SVK,,LF_WAP,,PT_WAP_SUB,,_Z,,Y,,_T,,Y15T64,,_Z,,Q,,2003-Q4,,69.97585,,,,A,,0,,1,
DATAFLOW,OECD.SDD.TPS:DSD_LFS@DF_IALFS_LF_WAP_Q(1.0),,I,SVK,,LF_WAP,,PT_WAP_SUB,,_Z,,Y,,_T,,Y15T64,,_Z,,Q,,2004-Q1,,69.82768,,,,A,,0,,1,
DATAFLOW,OECD.SDD.TPS:DSD_LFS@DF_IALFS_LF_WAP_Q(1.0),,I,SVK,,LF_WAP,,PT_WAP_SUB,,_Z,,Y,,_T,,Y15T64,,_Z,,Q,,2004-Q2,,69.91706,,,,A,,0,,1,
DATAFLOW,OECD.SDD.TPS:DSD_LFS@DF_IALFS_LF_WAP_Q(1.0),,I,SVK,,LF_WAP,,PT_WAP_SUB,,_Z,,Y,,_T,,Y15T64,,_Z,,Q,,2004-Q3,,69.68567,,,,A,,0,,1,
DATAFLOW,OECD.SDD.TPS:DSD_LFS@DF_IALFS_LF_WAP_Q(1.0),,I,SVK,,LF_WAP,,PT_WAP_SUB,,_Z,,Y,,_T,,Y15T64,,_Z,,Q,,2004-Q4,,69.34923,,,,A,,0,,1,
DATAFLOW,OECD.SDD.TPS:DSD_LFS@DF_IALFS_LF_WAP_Q(1.0),,I,SVK,,LF_WAP,,PT_WAP_SUB,,_Z,,Y,,_T,,Y15T64,,_Z,,Q,,2005-Q1,,69.22655,,,,A,,0,,1,
DATAFLOW,OECD.SDD.TPS:DSD_LFS@DF_IALFS_LF_WAP_Q(1.0),,I,SVK,,LF_WAP,,PT_WAP_SUB,,_Z,,Y,,_T,,Y15T64,,_Z,,Q,,2005-Q2,,68.87986,,,,A,,0,,1,
DATAFLOW,OECD.SDD.TPS:DSD_LFS@DF_IALFS_LF_WAP_Q(1.0),,I,SVK,,LF_WAP,,PT_WAP_SUB,,_Z,,Y,,_T,,Y15T64,,_Z,,Q,,2005-Q3,,68.70901,,,,A,,0,,1,
DATAFLOW,OECD.SDD.TPS:DSD_LFS@DF_IALFS_LF_WAP_Q(1.0),,I,SVK,,LF_WAP,,PT_WAP_SUB,,_Z,,Y,,_T,,Y15T64,,_Z,,Q,,2005-Q4,,68.93941,,,,A,,0,,1,
DATAFLOW,OECD.SDD.TPS:DSD_LFS@DF_IALFS_LF_WAP_Q(1.0),,I,SVK,,LF_WAP,,PT_WAP_SUB,,_Z,,Y,,_T,,Y15T64,,_Z,,Q,,2006-Q1,,68.79052,,,,A,,0,,1,
DATAFLOW,OECD.SDD.TPS:DSD_LFS@DF_IALFS_LF_WAP_Q(1.0),,I,SVK,,LF_WAP,,PT_WAP_SUB,,_Z,,Y,,_T,,Y15T64,,_Z,,Q,,2006-Q2,,68.78735,,,,A,,0,,1,
DATAFLOW,OECD.SDD.TPS:DSD_LFS@DF_IALFS_LF_WAP_Q(1.0),,I,SVK,,LF_WAP,,PT_WAP_SUB,,_Z,,Y,,_T,,Y15T64,,_Z,,Q,,2006-Q3,,68.61659,,,,A,,0,,1,
DATAFLOW,OECD.SDD.TPS:DSD_LFS@DF_IALFS_LF_WAP_Q(1.0),,I,SVK,,LF_WAP,,PT_WAP_SUB,,_Z,,Y,,_T,,Y15T64,,_Z,,Q,,2006-Q4,,68.33092,,,,A,,0,,1,
DATAFLOW,OECD.SDD.TPS:DSD_LFS@DF_IALFS_LF_WAP_Q(1.0),,I,SVK,,LF_WAP,,PT_WAP_SUB,,_Z,,Y,,_T,,Y15T64,,_Z,,Q,,2007-Q1,,68.23114,,,,A,,0,,1,
DATAFLOW,OECD.SDD.TPS:DSD_LFS@DF_IALFS_LF_WAP_Q(1.0),,I,SVK,,LF_WAP,,PT_WAP_SUB,,_Z,,Y,,_T,,Y15T64,,_Z,,Q,,2007-Q2,,68.20917,,,,A,,0,,1,
DATAFLOW,OECD.SDD.TPS:DSD_LFS@DF_IALFS_LF_WAP_Q(1.0),,I,SVK,,LF_WAP,,PT_WAP_SUB,,_Z,,Y,,_T,,Y15T64,,_Z,,Q,,2007-Q3,,68.27257,,,,A,,0,,1,
DATAFLOW,OECD.SDD.TPS:DSD_LFS@DF_IALFS_LF_WAP_Q(1.0),,I,SVK,,LF_WAP,,PT_WAP_SUB,,_Z,,Y,,_T,,Y15T64,,_Z,,Q,,2007-Q4,,68.55648,,,,A,,0,,1,
DATAFLOW,OECD.SDD.TPS:DSD_LFS@DF_IALFS_LF_WAP_Q(1.0),,I,SVK,,LF_WAP,,PT_WAP_SUB,,_Z,,Y,,_T,,Y15T64,,_Z,,Q,,2008-Q1,,68.77486,,,,A,,0,,1,
DATAFLOW,OECD.SDD.TPS:DSD_LFS@DF_IALFS_LF_WAP_Q(1.0),,I,SVK,,LF_WAP,,PT_WAP_SUB,,_Z,,Y,,_T,,Y15T64,,_Z,,Q,,2008-Q2,,68.83549,,,,A,,0,,1,
DATAFLOW,OECD.SDD.TPS:DSD_LFS@DF_IALFS_LF_WAP_Q(1.0),,I,SVK,,LF_WAP,,PT_WAP_SUB,,_Z,,Y,,_T,,Y15T64,,_Z,,Q,,2008-Q3,,69.00639,,,,A,,0,,1,
DATAFLOW,OECD.SDD.TPS:DSD_LFS@DF_IALFS_LF_WAP_Q(1.0),,I,SVK,,LF_WAP,,PT_WAP_SUB,,_Z,,Y,,_T,,Y15T64,,_Z,,Q,,2009-Q1,,70.21681,,,,A,,0,,1,
DATAFLOW,OECD.SDD.TPS:DSD_LFS@DF_IALFS_LF_WAP_Q(1.0),,I,SVK,,LF_WAP,,PT_WAP_SUB,,_Z,,Y,,_T,,Y15T64,,_Z,,Q,,2009-Q2,,70.20995,,,,A,,0,,1,
DATAFLOW,OECD.SDD.TPS:DSD_LFS@DF_IALFS_LF_WAP_Q(1.0),,I,SVK,,LF_WAP,,PT_WAP_SUB,,_Z,,Y,,_T,,Y15T64,,_Z,,Q,,2009-Q3,,70.29945,,,,A,,0,,1,
DATAFLOW,OECD.SDD.TPS:DSD_LFS@DF_IALFS_LF_WAP_Q(1.0),,I,SVK,,LF_WAP,,PT_WAP_SUB,,_Z,,Y,,_T,,Y15T64,,_Z,,Q,,2009-Q4,,70.43059,,,,A,,0,,1,
DATAFLOW,OECD.SDD.TPS:DSD_LFS@DF_IALFS_LF_WAP_Q(1.0),,I,SVK,,LF_WAP,,PT_WAP_SUB,,_Z,,Y,,_T,,Y15T64,,_Z,,Q,,2010-Q1,,70.42689,,,,A,,0,,1,
DATAFLOW,OECD.SDD.TPS:DSD_LFS@DF_IALFS_LF_WAP_Q(1.0),,I,SVK,,LF_WAP,,PT_WAP_SUB,,_Z,,Y,,_T,,Y15T64,,_Z,,Q,,2010-Q2,,70.58096,,,,A,,0,,1,
DATAFLOW,OECD.SDD.TPS:DSD_LFS@DF_IALFS_LF_WAP_Q(1.0),,I,SVK,,LF_WAP,,PT_WAP_SUB,,_Z,,Y,,_T,,Y15T64,,_Z,,Q,,2010-Q3,,70.5542,,,,A,,0,,1,
DATAFLOW,OECD.SDD.TPS:DSD_LFS@DF_IALFS_LF_WAP_Q(1.0),,I,SVK,,LF_WAP,,PT_WAP_SUB,,_Z,,Y,,_T,,Y15T64,,_Z,,Q,,2010-Q4,,70.61932,,,,A,,0,,1,
DATAFLOW,OECD.SDD.TPS:DSD_LFS@DF_IALFS_LF_WAP_Q(1.0),,I,SVK,,LF_WAP,,PT_WAP_SUB,,_Z,,Y,,_T,,Y15T64,,_Z,,Q,,2011-Q1,,70.40578,,,,A,,0,,1,
DATAFLOW,OECD.SDD.TPS:DSD_LFS@DF_IALFS_LF_WAP_Q(1.0),,I,SVK,,LF_WAP,,PT_WAP_SUB,,_Z,,Y,,_T,,Y15T64,,_Z,,Q,,2011-Q2,,70.55978,,,,A,,0,,1,
DATAFLOW,OECD.SDD.TPS:DSD_LFS@DF_IALFS_LF_WAP_Q(1.0),,I,SVK,,LF_WAP,,PT_WAP_SUB,,_Z,,Y,,_T,,Y15T64,,_Z,,Q,,2011-Q3,,70.55022,,,,A,,0,,1,
DATAFLOW,OECD.SDD.TPS:DSD_LFS@DF_IALFS_LF_WAP_Q(1.0),,I,SVK,,LF_WAP,,PT_WAP_SUB,,_Z,,Y,,_T,,Y15T64,,_Z,,Q,,2011-Q4,,70.84184,,,,A,,0,,1,
DATAFLOW,OECD.SDD.TPS:DSD_LFS@DF_IALFS_LF_WAP_Q(1.0),,I,SVK,,LF_WAP,,PT_WAP_SUB,,_Z,,Y,,_T,,Y15T64,,_Z,,Q,,2012-Q1,,71.21775,,,,A,,0,,1,
DATAFLOW,OECD.SDD.TPS:DSD_LFS@DF_IALFS_LF_WAP_Q(1.0),,I,SVK,,LF_WAP,,PT_WAP_SUB,,_Z,,Y,,_T,,Y15T64,,_Z,,Q,,2012-Q2,,71.29768,,,,A,,0,,1,
DATAFLOW,OECD.SDD.TPS:DSD_LFS@DF_IALFS_LF_WAP_Q(1.0),,I,SVK,,LF_WAP,,PT_WAP_SUB,,_Z,,Y,,_T,,Y15T64,,_Z,,Q,,2012-Q3,,71.44453,,,,A,,0,,1,
DATAFLOW,OECD.SDD.TPS:DSD_LFS@DF_IALFS_LF_WAP_Q(1.0),,I,SVK,,LF_WAP,,PT_WAP_SUB,,_Z,,Y,,_T,,Y15T64,,_Z,,Q,,2012-Q4,,71.35351,,,,A,,0,,1,
DATAFLOW,OECD.SDD.TPS:DSD_LFS@DF_IALFS_LF_WAP_Q(1.0),,I,SVK,,LF_WAP,,PT_WAP_SUB,,_Z,,Y,,_T,,Y15T64,,_Z,,Q,,2013-Q1,,71.86645,,,,A,,0,,1,
DATAFLOW,OECD.SDD.TPS:DSD_LFS@DF_IALFS_LF_WAP_Q(1.0),,I,SVK,,LF_WAP,,PT_WAP_SUB,,_Z,,Y,,_T,,Y15T64,,_Z,,Q,,2013-Q2,,71.71075,,,,A,,0,,1,
DATAFLOW,OECD.SDD.TPS:DSD_LFS@DF_IALFS_LF_WAP_Q(1.0),,I,SVK,,LF_WAP,,PT_WAP_SUB,,_Z,,Y,,_T,,Y15T64,,_Z,,Q,,2013-Q3,,71.74266,,,,A,,0,,1,
DATAFLOW,OECD.SDD.TPS:DSD_LFS@DF_IALFS_LF_WAP_Q(1.0),,I,SVK,,LF_WAP,,PT_WAP_SUB,,_Z,,Y,,_T,,Y15T64,,_Z,,Q,,2013-Q4,,71.68224,,,,A,,0,,1,
DATAFLOW,OECD.SDD.TPS:DSD_LFS@DF_IALFS_LF_WAP_Q(1.0),,I,SVK,,LF_WAP,,PT_WAP_SUB,,_Z,,Y,,_T,,Y15T64,,_Z,,Q,,2014-Q1,,71.89793,,,,A,,0,,1,
DATAFLOW,OECD.SDD.TPS:DSD_LFS@DF_IALFS_LF_WAP_Q(1.0),,I,SVK,,LF_WAP,,PT_WAP_SUB,,_Z,,Y,,_T,,Y15T64,,_Z,,Q,,2014-Q2,,72.12327,,,,A,,0,,1,
DATAFLOW,OECD.SDD.TPS:DSD_LFS@DF_IALFS_LF_WAP_Q(1.0),,I,SVK,,LF_WAP,,PT_WAP_SUB,,_Z,,Y,,_T,,Y15T64,,_Z,,Q,,2014-Q3,,72.24343,,,,A,,0,,1,
DATAFLOW,OECD.SDD.TPS:DSD_LFS@DF_IALFS_LF_WAP_Q(1.0),,I,SVK,,LF_WAP,,PT_WAP_SUB,,_Z,,Y,,_T,,Y15T64,,_Z,,Q,,2014-Q4,,72.46368,,,,A,,0,,1,
DATAFLOW,OECD.SDD.TPS:DSD_LFS@DF_IALFS_LF_WAP_Q(1.0),,I,SVK,,LF_WAP,,PT_WAP_SUB,,_Z,,Y,,_T,,Y15T64,,_Z,,Q,,2015-Q1,,72.6177,,,,A,,0,,1,
DATAFLOW,OECD.SDD.TPS:DSD_LFS@DF_IALFS_LF_WAP_Q(1.0),,I,SVK,,LF_WAP,,PT_WAP_SUB,,_Z,,Y,,_T,,Y15T64,,_Z,,Q,,2015-Q2,,72.64722,,,,A,,0,,1,
DATAFLOW,OECD.SDD.TPS:DSD_LFS@DF_IALFS_LF_WAP_Q(1.0),,I,SVK,,LF_WAP,,PT_WAP_SUB,,_Z,,Y,,_T,,Y15T64,,_Z,,Q,,2015-Q3,,72.99075,,,,A,,0,,1,
DATAFLOW,OECD.SDD.TPS:DSD_LFS@DF_IALFS_LF_WAP_Q(1.0),,I,SVK,,LF_WAP,,PT_WAP_SUB,,_Z,,Y,,_T,,Y15T64,,_Z,,Q,,2015-Q4,,73.34258,,,,A,,0,,1,
DATAFLOW,OECD.SDD.TPS:DSD_LFS@DF_IALFS_LF_WAP_Q(1.0),,I,SVK,,LF_WAP,,PT_WAP_SUB,,_Z,,Y,,_T,,Y15T64,,_Z,,Q,,2016-Q1,,73.55023,,,,A,,0,,1,
DATAFLOW,OECD.SDD.TPS:DSD_LFS@DF_IALFS_LF_WAP_Q(1.0),,I,SVK,,LF_WAP,,PT_WAP_SUB,,_Z,,Y,,_T,,Y15T64,,_Z,,Q,,2016-Q2,,74.01158,,,,A,,0,,1,
DATAFLOW,OECD.SDD.TPS:DSD_LFS@DF_IALFS_LF_WAP_Q(1.0),,I,SVK,,LF_WAP,,PT_WAP_SUB,,_Z,,Y,,_T,,Y15T64,,_Z,,Q,,2016-Q3,,73.97368,,,,A,,0,,1,
DATAFLOW,OECD.SDD.TPS:DSD_LFS@DF_IALFS_LF_WAP_Q(1.0),,I,SVK,,LF_WAP,,PT_WAP_SUB,,_Z,,Y,,_T,,Y15T64,,_Z,,Q,,2016-Q4,,74.03295,,,,A,,0,,1,
DATAFLOW,OECD.SDD.TPS:DSD_LFS@DF_IALFS_LF_WAP_Q(1.0),,I,SVK,,LF_WAP,,PT_WAP_SUB,,_Z,,Y,,_T,,Y15T64,,_Z,,Q,,2017-Q1,,74.14108,,,,A,,0,,1,
DATAFLOW,OECD.SDD.TPS:DSD_LFS@DF_IALFS_LF_WAP_Q(1.0),,I,SVK,,LF_WAP,,PT_WAP_SUB,,_Z,,Y,,_T,,Y15T64,,_Z,,Q,,2017-Q2,,74.18361,,,,A,,0,,1,
DATAFLOW,OECD.SDD.TPS:DSD_LFS@DF_IALFS_LF_WAP_Q(1.0),,I,SVK,,LF_WAP,,PT_WAP_SUB,,_Z,,Y,,_T,,Y15T64,,_Z,,Q,,2017-Q3,,74.12273,,,,A,,0,,1,
DATAFLOW,OECD.SDD.TPS:DSD_LFS@DF_IALFS_LF_WAP_Q(1.0),,I,SVK,,LF_WAP,,PT_WAP_SUB,,_Z,,Y,,_T,,Y15T64,,_Z,,Q,,2017-Q4,,74.07395,,,,A,,0,,1,
DATAFLOW,OECD.SDD.TPS:DSD_LFS@DF_IALFS_LF_WAP_Q(1.0),,I,SVK,,LF_WAP,,PT_WAP_SUB,,_Z,,Y,,_T,,Y15T64,,_Z,,Q,,2018-Q1,,74.24632,,,,A,,0,,1,
DATAFLOW,OECD.SDD.TPS:DSD_LFS@DF_IALFS_LF_WAP_Q(1.0),,I,SVK,,LF_WAP,,PT_WAP_SUB,,_Z,,Y,,_T,,Y15T64,,_Z,,Q,,2018-Q2,,74.30178,,,,A,,0,,1,
DATAFLOW,OECD.SDD.TPS:DSD_LFS@DF_IALFS_LF_WAP_Q(1.0),,I,SVK,,LF_WAP,,PT_WAP_SUB,,_Z,,Y,,_T,,Y15T64,,_Z,,Q,,2018-Q3,,74.50246,,,,A,,0,,1,
DATAFLOW,OECD.SDD.TPS:DSD_LFS@DF_IALFS_LF_WAP_Q(1.0),,I,SVK,,LF_WAP,,PT_WAP_SUB,,_Z,,Y,,_T,,Y15T64,,_Z,,Q,,2018-Q4,,74.58972,,,,A,,0,,1,
DATAFLOW,OECD.SDD.TPS:DSD_LFS@DF_IALFS_LF_WAP_Q(1.0),,I,SVK,,LF_WAP,,PT_WAP_SUB,,_Z,,Y,,_T,,Y15T64,,_Z,,Q,,2019-Q1,,74.90052,,,,A,,0,,1,
DATAFLOW,OECD.SDD.TPS:DSD_LFS@DF_IALFS_LF_WAP_Q(1.0),,I,SVK,,LF_WAP,,PT_WAP_SUB,,_Z,,Y,,_T,,Y15T64,,_Z,,Q,,2019-Q2,,74.62873,,,,A,,0,,1,
DATAFLOW,OECD.SDD.TPS:DSD_LFS@DF_IALFS_LF_WAP_Q(1.0),,I,SVK,,LF_WAP,,PT_WAP_SUB,,_Z,,Y,,_T,,Y15T64,,_Z,,Q,,2019-Q3,,74.74727,,,,A,,0,,1,
DATAFLOW,OECD.SDD.TPS:DSD_LFS@DF_IALFS_LF_WAP_Q(1.0),,I,SVK,,LF_WAP,,PT_WAP_SUB,,_Z,,Y,,_T,,Y15T64,,_Z,,Q,,2019-Q4,,74.70092,,,,A,,0,,1,
DATAFLOW,OECD.SDD.TPS:DSD_LFS@DF_IALFS_LF_WAP_Q(1.0),,I,SVK,,LF_WAP,,PT_WAP_SUB,,_Z,,Y,,_T,,Y15T64,,_Z,,Q,,2020-Q1,,74.59769,,,,A,,0,,1,
DATAFLOW,OECD.SDD.TPS:DSD_LFS@DF_IALFS_LF_WAP_Q(1.0),,I,SVK,,LF_WAP,,PT_WAP_SUB,,_Z,,Y,,_T,,Y15T64,,_Z,,Q,,2020-Q2,,73.97137,,,,A,,0,,1,
DATAFLOW,OECD.SDD.TPS:DSD_LFS@DF_IALFS_LF_WAP_Q(1.0),,I,SVK,,LF_WAP,,PT_WAP_SUB,,_Z,,Y,,_T,,Y15T64,,_Z,,Q,,2020-Q3,,74.67423,,,,A,,0,,1,
DATAFLOW,OECD.SDD.TPS:DSD_LFS@DF_IALFS_LF_WAP_Q(1.0),,I,SVK,,LF_WAP,,PT_WAP_SUB,,_Z,,Y,,_T,,Y15T64,,_Z,,Q,,2020-Q4,,74.83465,,,,A,,0,,1,
DATAFLOW,OECD.SDD.TPS:DSD_LFS@DF_IALFS_LF_WAP_Q(1.0),,I,SVK,,LF_WAP,,PT_WAP_SUB,,_Z,,Y,,_T,,Y15T64,,_Z,,Q,,2021-Q1,,73.37154,,,,A,,0,,1,
DATAFLOW,OECD.SDD.TPS:DSD_LFS@DF_IALFS_LF_WAP_Q(1.0),,I,SVK,,LF_WAP,,PT_WAP_SUB,,_Z,,Y,,_T,,Y15T64,,_Z,,Q,,2021-Q2,,74.21134,,,,A,,0,,1,
DATAFLOW,OECD.SDD.TPS:DSD_LFS@DF_IALFS_LF_WAP_Q(1.0),,I,SVK,,LF_WAP,,PT_WAP_SUB,,_Z,,Y,,_T,,Y15T64,,_Z,,Q,,2021-Q3,,75.25538,,,,A,,0,,1,
DATAFLOW,OECD.SDD.TPS:DSD_LFS@DF_IALFS_LF_WAP_Q(1.0),,I,SVK,,LF_WAP,,PT_WAP_SUB,,_Z,,Y,,_T,,Y15T64,,_Z,,Q,,2021-Q4,,75.55801,,,,A,,0,,1,
DATAFLOW,OECD.SDD.TPS:DSD_LFS@DF_IALFS_LF_WAP_Q(1.0),,I,SVK,,LF_WAP,,PT_WAP_SUB,,_Z,,Y,,_T,,Y15T64,,_Z,,Q,,2022-Q1,,75.66183,,,,A,,0,,1,
DATAFLOW,OECD.SDD.TPS:DSD_LFS@DF_IALFS_LF_WAP_Q(1.0),,I,SVK,,LF_WAP,,PT_WAP_SUB,,_Z,,Y,,_T,,Y15T64,,_Z,,Q,,2022-Q2,,76.20718,,,,A,,0,,1,
DATAFLOW,OECD.SDD.TPS:DSD_LFS@DF_IALFS_LF_WAP_Q(1.0),,I,SVK,,LF_WAP,,PT_WAP_SUB,,_Z,,Y,,_T,,Y15T64,,_Z,,Q,,2022-Q3,,76.19603,,,,A,,0,,1,
DATAFLOW,OECD.SDD.TPS:DSD_LFS@DF_IALFS_LF_WAP_Q(1.0),,I,SVK,,LF_WAP,,PT_WAP_SUB,,_Z,,Y,,_T,,Y15T64,,_Z,,Q,,2022-Q4,,76.15993,,,,A,,0,,1,
DATAFLOW,OECD.SDD.TPS:DSD_LFS@DF_IALFS_LF_WAP_Q(1.0),,I,SVK,,LF_WAP,,PT_WAP_SUB,,_Z,,Y,,_T,,Y15T64,,_Z,,Q,,2023-Q1,,76.27581,,,,A,,0,,1,
DATAFLOW,OECD.SDD.TPS:DSD_LFS@DF_IALFS_LF_WAP_Q(1.0),,I,SVK,,LF_WAP,,PT_WAP_SUB,,_Z,,Y,,_T,,Y15T64,,_Z,,Q,,2023-Q2,,76.47507,,,,A,,0,,1,
DATAFLOW,OECD.SDD.TPS:DSD_LFS@DF_IALFS_LF_WAP_Q(1.0),,I,SVK,,LF_WAP,,PT_WAP_SUB,,_Z,,Y,,_T,,Y15T64,,_Z,,Q,,2023-Q3,,76.49406,,,,A,,0,,1,
DATAFLOW,OECD.SDD.TPS:DSD_LFS@DF_IALFS_LF_WAP_Q(1.0),,I,SVK,,LF_WAP,,PT_WAP_SUB,,_Z,,Y,,_T,,Y15T64,,_Z,,Q,,2023-Q4,,76.73956,,,,A,,0,,1,
DATAFLOW,OECD.SDD.TPS:DSD_LFS@DF_IALFS_LF_WAP_Q(1.0),,I,SVK,,LF_WAP,,PT_WAP_SUB,,_Z,,Y,,_T,,Y15T64,,_Z,,Q,,2024-Q1,,76.63432,,,,A,,0,,1,
DATAFLOW,OECD.SDD.TPS:DSD_LFS@DF_IALFS_LF_WAP_Q(1.0),,I,SVK,,LF_WAP,,PT_WAP_SUB,,_Z,,Y,,_T,,Y15T64,,_Z,,Q,,2024-Q2,,76.61557,,,,A,,0,,1,
DATAFLOW,OECD.SDD.TPS:DSD_LFS@DF_IALFS_LF_WAP_Q(1.0),,I,SVK,,LF_WAP,,PT_WAP_SUB,,_Z,,Y,,_T,,Y15T64,,_Z,,Q,,2024-Q3,,76.4492,,,,A,,0,,1,
DATAFLOW,OECD.SDD.TPS:DSD_LFS@DF_IALFS_LF_WAP_Q(1.0),,I,SVK,,LF_WAP,,PT_WAP_SUB,,_Z,,Y,,_T,,Y15T64,,_Z,,Q,,2024-Q4,,76.66594,,,,A,,0,,1,
DATAFLOW,OECD.SDD.TPS:DSD_LFS@DF_IALFS_LF_WAP_Q(1.0),,I,SVK,,LF_WAP,,PT_WAP_SUB,,_Z,,Y,,_T,,Y15T64,,_Z,,Q,,2025-Q1,,76.55405,,,,A,,0,,1,
DATAFLOW,OECD.SDD.TPS:DSD_LFS@DF_IALFS_LF_WAP_Q(1.0),,I,SVK,,LF_WAP,,PT_WAP_SUB,,_Z,,Y,,_T,,Y15T64,,_Z,,Q,,2025-Q2,,76.46217,,,,A,,0,,1,
DATAFLOW,OECD.SDD.TPS:DSD_LFS@DF_IALFS_LF_WAP_Q(1.0),,I,SVK,,LF_WAP,,PT_WAP_SUB,,_Z,,Y,,_T,,Y15T64,,_Z,,Q,,2025-Q3,,76.51199,,,,A,,0,,1,
DATAFLOW,OECD.SDD.TPS:DSD_LFS@DF_IALFS_LF_WAP_Q(1.0),,I,SVK,,LF_WAP,,PT_WAP_SUB,,_Z,,Y,,_T,,Y15T64,,_Z,,Q,,2025-Q4,,76.60506,,,,A,,0,,1,
DATAFLOW,OECD.SDD.TPS:DSD_LFS@DF_IALFS_LF_WAP_Q(1.0),,I,SVK,,LF_WAP,,PT_WAP_SUB,,_Z,,Y,,_T,,Y15T64,,_Z,,Q,,2026-Q1,,76.56277,,,,A,,0,,1,
DATAFLOW,OECD.SDD.TPS:DSD_LFS@DF_IALFS_LF_WAP_Q(1.0),,I,HUN,,LF_WAP,,PT_WAP_SUB,,_Z,,Y,,_T,,Y15T64,,_Z,,Q,,1999-Q1,,59.54149,,,,A,,0,,1,
DATAFLOW,OECD.SDD.TPS:DSD_LFS@DF_IALFS_LF_WAP_Q(1.0),,I,HUN,,LF_WAP,,PT_WAP_SUB,,_Z,,Y,,_T,,Y15T64,,_Z,,Q,,1999-Q2,,59.72112,,,,A,,0,,1,
DATAFLOW,OECD.SDD.TPS:DSD_LFS@DF_IALFS_LF_WAP_Q(1.0),,I,HUN,,LF_WAP,,PT_WAP_SUB,,_Z,,Y,,_T,,Y15T64,,_Z,,Q,,1999-Q3,,59.89627,,,,A,,0,,1,
DATAFLOW,OECD.SDD.TPS:DSD_LFS@DF_IALFS_LF_WAP_Q(1.0),,I,HUN,,LF_WAP,,PT_WAP_SUB,,_Z,,Y,,_T,,Y15T64,,_Z,,Q,,1999-Q4,,59.9095,,,,A,,0,,1,
DATAFLOW,OECD.SDD.TPS:DSD_LFS@DF_IALFS_LF_WAP_Q(1.0),,I,HUN,,LF_WAP,,PT_WAP_SUB,,_Z,,Y,,_T,,Y15T64,,_Z,,Q,,2000-Q1,,59.95635,,,,A,,0,,1,
DATAFLOW,OECD.SDD.TPS:DSD_LFS@DF_IALFS_LF_WAP_Q(1.0),,I,HUN,,LF_WAP,,PT_WAP_SUB,,_Z,,Y,,_T,,Y15T64,,_Z,,Q,,2000-Q2,,60.07444,,,,A,,0,,1,
DATAFLOW,OECD.SDD.TPS:DSD_LFS@DF_IALFS_LF_WAP_Q(1.0),,I,HUN,,LF_WAP,,PT_WAP_SUB,,_Z,,Y,,_T,,Y15T64,,_Z,,Q,,2000-Q3,,60.12398,,,,A,,0,,1,
DATAFLOW,OECD.SDD.TPS:DSD_LFS@DF_IALFS_LF_WAP_Q(1.0),,I,HUN,,LF_WAP,,PT_WAP_SUB,,_Z,,Y,,_T,,Y15T64,,_Z,,Q,,2000-Q4,,60.38,,,,A,,0,,1,
DATAFLOW,OECD.SDD.TPS:DSD_LFS@DF_IALFS_LF_WAP_Q(1.0),,I,HUN,,LF_WAP,,PT_WAP_SUB,,_Z,,Y,,_T,,Y15T64,,_Z,,Q,,2001-Q1,,59.99684,,,,A,,0,,1,
DATAFLOW,OECD.SDD.TPS:DSD_LFS@DF_IALFS_LF_WAP_Q(1.0),,I,HUN,,LF_WAP,,PT_WAP_SUB,,_Z,,Y,,_T,,Y15T64,,_Z,,Q,,2001-Q2,,59.59603,,,,A,,0,,1,
DATAFLOW,OECD.SDD.TPS:DSD_LFS@DF_IALFS_LF_WAP_Q(1.0),,I,HUN,,LF_WAP,,PT_WAP_SUB,,_Z,,Y,,_T,,Y15T64,,_Z,,Q,,2001-Q3,,59.54361,,,,A,,0,,1,
DATAFLOW,OECD.SDD.TPS:DSD_LFS@DF_IALFS_LF_WAP_Q(1.0),,I,HUN,,LF_WAP,,PT_WAP_SUB,,_Z,,Y,,_T,,Y15T64,,_Z,,Q,,2001-Q4,,59.33131,,,,A,,0,,1,
DATAFLOW,OECD.SDD.TPS:DSD_LFS@DF_IALFS_LF_WAP_Q(1.0),,I,HUN,,LF_WAP,,PT_WAP_SUB,,_Z,,Y,,_T,,Y15T64,,_Z,,Q,,2002-Q1,,59.55045,,,,A,,0,,1,
DATAFLOW,OECD.SDD.TPS:DSD_LFS@DF_IALFS_LF_WAP_Q(1.0),,I,HUN,,LF_WAP,,PT_WAP_SUB,,_Z,,Y,,_T,,Y15T64,,_Z,,Q,,2002-Q2,,59.63045,,,,A,,0,,1,
DATAFLOW,OECD.SDD.TPS:DSD_LFS@DF_IALFS_LF_WAP_Q(1.0),,I,HUN,,LF_WAP,,PT_WAP_SUB,,_Z,,Y,,_T,,Y15T64,,_Z,,Q,,2002-Q3,,59.74084,,,,A,,0,,1,
DATAFLOW,OECD.SDD.TPS:DSD_LFS@DF_IALFS_LF_WAP_Q(1.0),,I,HUN,,LF_WAP,,PT_WAP_SUB,,_Z,,Y,,_T,,Y15T64,,_Z,,Q,,2002-Q4,,59.91598,,,,A,,0,,1,
DATAFLOW,OECD.SDD.TPS:DSD_LFS@DF_IALFS_LF_WAP_Q(1.0),,I,HUN,,LF_WAP,,PT_WAP_SUB,,_Z,,Y,,_T,,Y15T64,,_Z,,Q,,2003-Q1,,60.26946,,,,A,,0,,1,
DATAFLOW,OECD.SDD.TPS:DSD_LFS@DF_IALFS_LF_WAP_Q(1.0),,I,HUN,,LF_WAP,,PT_WAP_SUB,,_Z,,Y,,_T,,Y15T64,,_Z,,Q,,2003-Q2,,60.68271,,,,A,,0,,1,
DATAFLOW,OECD.SDD.TPS:DSD_LFS@DF_IALFS_LF_WAP_Q(1.0),,I,HUN,,LF_WAP,,PT_WAP_SUB,,_Z,,Y,,_T,,Y15T64,,_Z,,Q,,2003-Q3,,60.69521,,,,A,,0,,1,
DATAFLOW,OECD.SDD.TPS:DSD_LFS@DF_IALFS_LF_WAP_Q(1.0),,I,HUN,,LF_WAP,,PT_WAP_SUB,,_Z,,Y,,_T,,Y15T64,,_Z,,Q,,2003-Q4,,60.69944,,,,A,,0,,1,
DATAFLOW,OECD.SDD.TPS:DSD_LFS@DF_IALFS_LF_WAP_Q(1.0),,I,HUN,,LF_WAP,,PT_WAP_SUB,,_Z,,Y,,_T,,Y15T64,,_Z,,Q,,2004-Q1,,60.58335,,,,A,,0,,1,
DATAFLOW,OECD.SDD.TPS:DSD_LFS@DF_IALFS_LF_WAP_Q(1.0),,I,HUN,,LF_WAP,,PT_WAP_SUB,,_Z,,Y,,_T,,Y15T64,,_Z,,Q,,2004-Q2,,60.26516,,,,A,,0,,1,
DATAFLOW,OECD.SDD.TPS:DSD_LFS@DF_IALFS_LF_WAP_Q(1.0),,I,HUN,,LF_WAP,,PT_WAP_SUB,,_Z,,Y,,_T,,Y15T64,,_Z,,Q,,2004-Q3,,60.26986,,,,A,,0,,1,
DATAFLOW,OECD.SDD.TPS:DSD_LFS@DF_IALFS_LF_WAP_Q(1.0),,I,HUN,,LF_WAP,,PT_WAP_SUB,,_Z,,Y,,_T,,Y15T64,,_Z,,Q,,2004-Q4,,60.69117,,,,A,,0,,1,
DATAFLOW,OECD.SDD.TPS:DSD_LFS@DF_IALFS_LF_WAP_Q(1.0),,I,HUN,,LF_WAP,,PT_WAP_SUB,,_Z,,Y,,_T,,Y15T64,,_Z,,Q,,2005-Q1,,61.00661,,,,A,,0,,1,
DATAFLOW,OECD.SDD.TPS:DSD_LFS@DF_IALFS_LF_WAP_Q(1.0),,I,HUN,,LF_WAP,,PT_WAP_SUB,,_Z,,Y,,_T,,Y15T64,,_Z,,Q,,2005-Q2,,61.27113,,,,A,,0,,1,
DATAFLOW,OECD.SDD.TPS:DSD_LFS@DF_IALFS_LF_WAP_Q(1.0),,I,HUN,,LF_WAP,,PT_WAP_SUB,,_Z,,Y,,_T,,Y15T64,,_Z,,Q,,2005-Q3,,61.53968,,,,A,,0,,1,
DATAFLOW,OECD.SDD.TPS:DSD_LFS@DF_IALFS_LF_WAP_Q(1.0),,I,HUN,,LF_WAP,,PT_WAP_SUB,,_Z,,Y,,_T,,Y15T64,,_Z,,Q,,2005-Q4,,61.53867,,,,A,,0,,1,
DATAFLOW,OECD.SDD.TPS:DSD_LFS@DF_IALFS_LF_WAP_Q(1.0),,I,HUN,,LF_WAP,,PT_WAP_SUB,,_Z,,Y,,_T,,Y15T64,,_Z,,Q,,2006-Q1,,61.96657,,,,A,,0,,1,
DATAFLOW,OECD.SDD.TPS:DSD_LFS@DF_IALFS_LF_WAP_Q(1.0),,I,HUN,,LF_WAP,,PT_WAP_SUB,,_Z,,Y,,_T,,Y15T64,,_Z,,Q,,2006-Q2,,62.04631,,,,A,,0,,1,
DATAFLOW,OECD.SDD.TPS:DSD_LFS@DF_IALFS_LF_WAP_Q(1.0),,I,HUN,,LF_WAP,,PT_WAP_SUB,,_Z,,Y,,_T,,Y15T64,,_Z,,Q,,2006-Q3,,61.93606,,,,A,,0,,1,
DATAFLOW,OECD.SDD.TPS:DSD_LFS@DF_IALFS_LF_WAP_Q(1.0),,I,HUN,,LF_WAP,,PT_WAP_SUB,,_Z,,Y,,_T,,Y15T64,,_Z,,Q,,2006-Q4,,62.13698,,,,A,,0,,1,
DATAFLOW,OECD.SDD.TPS:DSD_LFS@DF_IALFS_LF_WAP_Q(1.0),,I,HUN,,LF_WAP,,PT_WAP_SUB,,_Z,,Y,,_T,,Y15T64,,_Z,,Q,,2007-Q1,,61.89341,,,,A,,0,,1,
DATAFLOW,OECD.SDD.TPS:DSD_LFS@DF_IALFS_LF_WAP_Q(1.0),,I,HUN,,LF_WAP,,PT_WAP_SUB,,_Z,,Y,,_T,,Y15T64,,_Z,,Q,,2007-Q2,,61.65466,,,,A,,0,,1,
DATAFLOW,OECD.SDD.TPS:DSD_LFS@DF_IALFS_LF_WAP_Q(1.0),,I,HUN,,LF_WAP,,PT_WAP_SUB,,_Z,,Y,,_T,,Y15T64,,_Z,,Q,,2007-Q3,,61.49627,,,,A,,0,,1,
DATAFLOW,OECD.SDD.TPS:DSD_LFS@DF_IALFS_LF_WAP_Q(1.0),,I,HUN,,LF_WAP,,PT_WAP_SUB,,_Z,,Y,,_T,,Y15T64,,_Z,,Q,,2007-Q4,,61.4782,,,,A,,0,,1,
DATAFLOW,OECD.SDD.TPS:DSD_LFS@DF_IALFS_LF_WAP_Q(1.0),,I,HUN,,LF_WAP,,PT_WAP_SUB,,_Z,,Y,,_T,,Y15T64,,_Z,,Q,,2008-Q1,,61.14215,,,,A,,0,,1,
DATAFLOW,OECD.SDD.TPS:DSD_LFS@DF_IALFS_LF_WAP_Q(1.0),,I,HUN,,LF_WAP,,PT_WAP_SUB,,_Z,,Y,,_T,,Y15T64,,_Z,,Q,,2008-Q2,,61.00383,,,,A,,0,,1,
DATAFLOW,OECD.SDD.TPS:DSD_LFS@DF_IALFS_LF_WAP_Q(1.0),,I,HUN,,LF_WAP,,PT_WAP_SUB,,_Z,,Y,,_T,,Y15T64,,_Z,,Q,,2008-Q3,,61.35717,,,,A,,0,,1,
DATAFLOW,OECD.SDD.TPS:DSD_LFS@DF_IALFS_LF_WAP_Q(1.0),,I,HUN,,LF_WAP,,PT_WAP_SUB,,_Z,,Y,,_T,,Y15T64,,_Z,,Q,,2009-Q1,,61.12007,,,,A,,0,,1,
DATAFLOW,OECD.SDD.TPS:DSD_LFS@DF_IALFS_LF_WAP_Q(1.0),,I,HUN,,LF_WAP,,PT_WAP_SUB,,_Z,,Y,,_T,,Y15T64,,_Z,,Q,,2009-Q2,,61.21981,,,,A,,0,,1,
DATAFLOW,OECD.SDD.TPS:DSD_LFS@DF_IALFS_LF_WAP_Q(1.0),,I,HUN,,LF_WAP,,PT_WAP_SUB,,_Z,,Y,,_T,,Y15T64,,_Z,,Q,,2009-Q3,,61.1126,,,,A,,0,,1,
DATAFLOW,OECD.SDD.TPS:DSD_LFS@DF_IALFS_LF_WAP_Q(1.0),,I,HUN,,LF_WAP,,PT_WAP_SUB,,_Z,,Y,,_T,,Y15T64,,_Z,,Q,,2009-Q4,,61.43593,,,,A,,0,,1,
DATAFLOW,OECD.SDD.TPS:DSD_LFS@DF_IALFS_LF_WAP_Q(1.0),,I,HUN,,LF_WAP,,PT_WAP_SUB,,_Z,,Y,,_T,,Y15T64,,_Z,,Q,,2010-Q1,,61.8004,,,,A,,0,,1,
DATAFLOW,OECD.SDD.TPS:DSD_LFS@DF_IALFS_LF_WAP_Q(1.0),,I,HUN,,LF_WAP,,PT_WAP_SUB,,_Z,,Y,,_T,,Y15T64,,_Z,,Q,,2010-Q2,,61.89837,,,,A,,0,,1,
DATAFLOW,OECD.SDD.TPS:DSD_LFS@DF_IALFS_LF_WAP_Q(1.0),,I,HUN,,LF_WAP,,PT_WAP_SUB,,_Z,,Y,,_T,,Y15T64,,_Z,,Q,,2010-Q3,,61.98743,,,,A,,0,,1,
DATAFLOW,OECD.SDD.TPS:DSD_LFS@DF_IALFS_LF_WAP_Q(1.0),,I,HUN,,LF_WAP,,PT_WAP_SUB,,_Z,,Y,,_T,,Y15T64,,_Z,,Q,,2010-Q4,,61.97432,,,,A,,0,,1,
DATAFLOW,OECD.SDD.TPS:DSD_LFS@DF_IALFS_LF_WAP_Q(1.0),,I,HUN,,LF_WAP,,PT_WAP_SUB,,_Z,,Y,,_T,,Y15T64,,_Z,,Q,,2011-Q1,,62.05813,,,,A,,0,,1,
DATAFLOW,OECD.SDD.TPS:DSD_LFS@DF_IALFS_LF_WAP_Q(1.0),,I,HUN,,LF_WAP,,PT_WAP_SUB,,_Z,,Y,,_T,,Y15T64,,_Z,,Q,,2011-Q2,,62.29702,,,,A,,0,,1,
DATAFLOW,OECD.SDD.TPS:DSD_LFS@DF_IALFS_LF_WAP_Q(1.0),,I,HUN,,LF_WAP,,PT_WAP_SUB,,_Z,,Y,,_T,,Y15T64,,_Z,,Q,,2011-Q3,,62.42234,,,,A,,0,,1,
DATAFLOW,OECD.SDD.TPS:DSD_LFS@DF_IALFS_LF_WAP_Q(1.0),,I,HUN,,LF_WAP,,PT_WAP_SUB,,_Z,,Y,,_T,,Y15T64,,_Z,,Q,,2011-Q4,,62.68083,,,,A,,0,,1,
DATAFLOW,OECD.SDD.TPS:DSD_LFS@DF_IALFS_LF_WAP_Q(1.0),,I,HUN,,LF_WAP,,PT_WAP_SUB,,_Z,,Y,,_T,,Y15T64,,_Z,,Q,,2012-Q1,,63.11551,,,,A,,0,,1,
DATAFLOW,OECD.SDD.TPS:DSD_LFS@DF_IALFS_LF_WAP_Q(1.0),,I,HUN,,LF_WAP,,PT_WAP_SUB,,_Z,,Y,,_T,,Y15T64,,_Z,,Q,,2012-Q2,,63.58223,,,,A,,0,,1,
DATAFLOW,OECD.SDD.TPS:DSD_LFS@DF_IALFS_LF_WAP_Q(1.0),,I,HUN,,LF_WAP,,PT_WAP_SUB,,_Z,,Y,,_T,,Y15T64,,_Z,,Q,,2012-Q3,,63.99201,,,,A,,0,,1,
DATAFLOW,OECD.SDD.TPS:DSD_LFS@DF_IALFS_LF_WAP_Q(1.0),,I,HUN,,LF_WAP,,PT_WAP_SUB,,_Z,,Y,,_T,,Y15T64,,_Z,,Q,,2012-Q4,,64.1614,,,,A,,0,,1,
DATAFLOW,OECD.SDD.TPS:DSD_LFS@DF_IALFS_LF_WAP_Q(1.0),,I,HUN,,LF_WAP,,PT_WAP_SUB,,_Z,,Y,,_T,,Y15T64,,_Z,,Q,,2013-Q1,,63.93925,,,,A,,0,,1,
DATAFLOW,OECD.SDD.TPS:DSD_LFS@DF_IALFS_LF_WAP_Q(1.0),,I,HUN,,LF_WAP,,PT_WAP_SUB,,_Z,,Y,,_T,,Y15T64,,_Z,,Q,,2013-Q2,,64.61035,,,,A,,0,,1,
DATAFLOW,OECD.SDD.TPS:DSD_LFS@DF_IALFS_LF_WAP_Q(1.0),,I,HUN,,LF_WAP,,PT_WAP_SUB,,_Z,,Y,,_T,,Y15T64,,_Z,,Q,,2013-Q3,,64.92716,,,,A,,0,,1,
DATAFLOW,OECD.SDD.TPS:DSD_LFS@DF_IALFS_LF_WAP_Q(1.0),,I,HUN,,LF_WAP,,PT_WAP_SUB,,_Z,,Y,,_T,,Y15T64,,_Z,,Q,,2013-Q4,,65.31625,,,,A,,0,,1,
DATAFLOW,OECD.SDD.TPS:DSD_LFS@DF_IALFS_LF_WAP_Q(1.0),,I,HUN,,LF_WAP,,PT_WAP_SUB,,_Z,,Y,,_T,,Y15T64,,_Z,,Q,,2014-Q1,,66.50052,,,,A,,0,,1,
DATAFLOW,OECD.SDD.TPS:DSD_LFS@DF_IALFS_LF_WAP_Q(1.0),,I,HUN,,LF_WAP,,PT_WAP_SUB,,_Z,,Y,,_T,,Y15T64,,_Z,,Q,,2014-Q2,,66.80047,,,,A,,0,,1,
DATAFLOW,OECD.SDD.TPS:DSD_LFS@DF_IALFS_LF_WAP_Q(1.0),,I,HUN,,LF_WAP,,PT_WAP_SUB,,_Z,,Y,,_T,,Y15T64,,_Z,,Q,,2014-Q3,,67.22114,,,,A,,0,,1,
DATAFLOW,OECD.SDD.TPS:DSD_LFS@DF_IALFS_LF_WAP_Q(1.0),,I,HUN,,LF_WAP,,PT_WAP_SUB,,_Z,,Y,,_T,,Y15T64,,_Z,,Q,,2014-Q4,,67.40863,,,,A,,0,,1,
DATAFLOW,OECD.SDD.TPS:DSD_LFS@DF_IALFS_LF_WAP_Q(1.0),,I,HUN,,LF_WAP,,PT_WAP_SUB,,_Z,,Y,,_T,,Y15T64,,_Z,,Q,,2015-Q1,,68.05772,,,,A,,0,,1,
DATAFLOW,OECD.SDD.TPS:DSD_LFS@DF_IALFS_LF_WAP_Q(1.0),,I,HUN,,LF_WAP,,PT_WAP_SUB,,_Z,,Y,,_T,,Y15T64,,_Z,,Q,,2015-Q2,,68.52533,,,,A,,0,,1,
DATAFLOW,OECD.SDD.TPS:DSD_LFS@DF_IALFS_LF_WAP_Q(1.0),,I,HUN,,LF_WAP,,PT_WAP_SUB,,_Z,,Y,,_T,,Y15T64,,_Z,,Q,,2015-Q3,,68.89729,,,,A,,0,,1,
DATAFLOW,OECD.SDD.TPS:DSD_LFS@DF_IALFS_LF_WAP_Q(1.0),,I,HUN,,LF_WAP,,PT_WAP_SUB,,_Z,,Y,,_T,,Y15T64,,_Z,,Q,,2015-Q4,,69.10001,,,,A,,0,,1,
DATAFLOW,OECD.SDD.TPS:DSD_LFS@DF_IALFS_LF_WAP_Q(1.0),,I,HUN,,LF_WAP,,PT_WAP_SUB,,_Z,,Y,,_T,,Y15T64,,_Z,,Q,,2016-Q1,,69.57908,,,,A,,0,,1,
DATAFLOW,OECD.SDD.TPS:DSD_LFS@DF_IALFS_LF_WAP_Q(1.0),,I,HUN,,LF_WAP,,PT_WAP_SUB,,_Z,,Y,,_T,,Y15T64,,_Z,,Q,,2016-Q2,,70.0519,,,,A,,0,,1,
DATAFLOW,OECD.SDD.TPS:DSD_LFS@DF_IALFS_LF_WAP_Q(1.0),,I,HUN,,LF_WAP,,PT_WAP_SUB,,_Z,,Y,,_T,,Y15T64,,_Z,,Q,,2016-Q3,,70.27711,,,,A,,0,,1,
DATAFLOW,OECD.SDD.TPS:DSD_LFS@DF_IALFS_LF_WAP_Q(1.0),,I,HUN,,LF_WAP,,PT_WAP_SUB,,_Z,,Y,,_T,,Y15T64,,_Z,,Q,,2016-Q4,,70.63255,,,,A,,0,,1,
DATAFLOW,OECD.SDD.TPS:DSD_LFS@DF_IALFS_LF_WAP_Q(1.0),,I,HUN,,LF_WAP,,PT_WAP_SUB,,_Z,,Y,,_T,,Y15T64,,_Z,,Q,,2017-Q1,,70.59904,,,,A,,0,,1,
DATAFLOW,OECD.SDD.TPS:DSD_LFS@DF_IALFS_LF_WAP_Q(1.0),,I,HUN,,LF_WAP,,PT_WAP_SUB,,_Z,,Y,,_T,,Y15T64,,_Z,,Q,,2017-Q2,,71.17337,,,,A,,0,,1,
DATAFLOW,OECD.SDD.TPS:DSD_LFS@DF_IALFS_LF_WAP_Q(1.0),,I,HUN,,LF_WAP,,PT_WAP_SUB,,_Z,,Y,,_T,,Y15T64,,_Z,,Q,,2017-Q3,,71.36568,,,,A,,0,,1,
DATAFLOW,OECD.SDD.TPS:DSD_LFS@DF_IALFS_LF_WAP_Q(1.0),,I,HUN,,LF_WAP,,PT_WAP_SUB,,_Z,,Y,,_T,,Y15T64,,_Z,,Q,,2017-Q4,,71.49697,,,,A,,0,,1,
DATAFLOW,OECD.SDD.TPS:DSD_LFS@DF_IALFS_LF_WAP_Q(1.0),,I,HUN,,LF_WAP,,PT_WAP_SUB,,_Z,,Y,,_T,,Y15T64,,_Z,,Q,,2018-Q1,,71.85345,,,,A,,0,,1,
DATAFLOW,OECD.SDD.TPS:DSD_LFS@DF_IALFS_LF_WAP_Q(1.0),,I,HUN,,LF_WAP,,PT_WAP_SUB,,_Z,,Y,,_T,,Y15T64,,_Z,,Q,,2018-Q2,,72.07287,,,,A,,0,,1,
DATAFLOW,OECD.SDD.TPS:DSD_LFS@DF_IALFS_LF_WAP_Q(1.0),,I,HUN,,LF_WAP,,PT_WAP_SUB,,_Z,,Y,,_T,,Y15T64,,_Z,,Q,,2018-Q3,,72.20879,,,,A,,0,,1,
DATAFLOW,OECD.SDD.TPS:DSD_LFS@DF_IALFS_LF_WAP_Q(1.0),,I,HUN,,LF_WAP,,PT_WAP_SUB,,_Z,,Y,,_T,,Y15T64,,_Z,,Q,,2018-Q4,,72.34645,,,,A,,0,,1,
DATAFLOW,OECD.SDD.TPS:DSD_LFS@DF_IALFS_LF_WAP_Q(1.0),,I,HUN,,LF_WAP,,PT_WAP_SUB,,_Z,,Y,,_T,,Y15T64,,_Z,,Q,,2019-Q1,,72.92078,,,,A,,0,,1,
DATAFLOW,OECD.SDD.TPS:DSD_LFS@DF_IALFS_LF_WAP_Q(1.0),,I,HUN,,LF_WAP,,PT_WAP_SUB,,_Z,,Y,,_T,,Y15T64,,_Z,,Q,,2019-Q2,,72.78581,,,,A,,0,,1,
DATAFLOW,OECD.SDD.TPS:DSD_LFS@DF_IALFS_LF_WAP_Q(1.0),,I,HUN,,LF_WAP,,PT_WAP_SUB,,_Z,,Y,,_T,,Y15T64,,_Z,,Q,,2019-Q3,,72.72601,,,,A,,0,,1,
DATAFLOW,OECD.SDD.TPS:DSD_LFS@DF_IALFS_LF_WAP_Q(1.0),,I,HUN,,LF_WAP,,PT_WAP_SUB,,_Z,,Y,,_T,,Y15T64,,_Z,,Q,,2019-Q4,,72.88754,,,,A,,0,,1,
DATAFLOW,OECD.SDD.TPS:DSD_LFS@DF_IALFS_LF_WAP_Q(1.0),,I,HUN,,LF_WAP,,PT_WAP_SUB,,_Z,,Y,,_T,,Y15T64,,_Z,,Q,,2020-Q1,,72.77203,,,,A,,0,,1,
DATAFLOW,OECD.SDD.TPS:DSD_LFS@DF_IALFS_LF_WAP_Q(1.0),,I,HUN,,LF_WAP,,PT_WAP_SUB,,_Z,,Y,,_T,,Y15T64,,_Z,,Q,,2020-Q2,,72.36871,,,,A,,0,,1,
DATAFLOW,OECD.SDD.TPS:DSD_LFS@DF_IALFS_LF_WAP_Q(1.0),,I,HUN,,LF_WAP,,PT_WAP_SUB,,_Z,,Y,,_T,,Y15T64,,_Z,,Q,,2020-Q3,,73.42122,,,,A,,0,,1,
DATAFLOW,OECD.SDD.TPS:DSD_LFS@DF_IALFS_LF_WAP_Q(1.0),,I,HUN,,LF_WAP,,PT_WAP_SUB,,_Z,,Y,,_T,,Y15T64,,_Z,,Q,,2020-Q4,,73.51424,,,,A,,0,,1,
DATAFLOW,OECD.SDD.TPS:DSD_LFS@DF_IALFS_LF_WAP_Q(1.0),,I,HUN,,LF_WAP,,PT_WAP_SUB,,_Z,,Y,,_T,,Y15T64,,_Z,,Q,,2021-Q1,,75.54327,,,,A,,0,,1,
DATAFLOW,OECD.SDD.TPS:DSD_LFS@DF_IALFS_LF_WAP_Q(1.0),,I,HUN,,LF_WAP,,PT_WAP_SUB,,_Z,,Y,,_T,,Y15T64,,_Z,,Q,,2021-Q2,,76.27283,,,,A,,0,,1,
DATAFLOW,OECD.SDD.TPS:DSD_LFS@DF_IALFS_LF_WAP_Q(1.0),,I,HUN,,LF_WAP,,PT_WAP_SUB,,_Z,,Y,,_T,,Y15T64,,_Z,,Q,,2021-Q3,,76.54537,,,,A,,0,,1,
DATAFLOW,OECD.SDD.TPS:DSD_LFS@DF_IALFS_LF_WAP_Q(1.0),,I,HUN,,LF_WAP,,PT_WAP_SUB,,_Z,,Y,,_T,,Y15T64,,_Z,,Q,,2021-Q4,,77.02614,,,,A,,0,,1,
DATAFLOW,OECD.SDD.TPS:DSD_LFS@DF_IALFS_LF_WAP_Q(1.0),,I,HUN,,LF_WAP,,PT_WAP_SUB,,_Z,,Y,,_T,,Y15T64,,_Z,,Q,,2022-Q1,,77.21717,,,,A,,0,,1,
DATAFLOW,OECD.SDD.TPS:DSD_LFS@DF_IALFS_LF_WAP_Q(1.0),,I,HUN,,LF_WAP,,PT_WAP_SUB,,_Z,,Y,,_T,,Y15T64,,_Z,,Q,,2022-Q2,,77.04928,,,,A,,0,,1,
DATAFLOW,OECD.SDD.TPS:DSD_LFS@DF_IALFS_LF_WAP_Q(1.0),,I,HUN,,LF_WAP,,PT_WAP_SUB,,_Z,,Y,,_T,,Y15T64,,_Z,,Q,,2022-Q3,,77.32729,,,,A,,0,,1,
DATAFLOW,OECD.SDD.TPS:DSD_LFS@DF_IALFS_LF_WAP_Q(1.0),,I,HUN,,LF_WAP,,PT_WAP_SUB,,_Z,,Y,,_T,,Y15T64,,_Z,,Q,,2022-Q4,,77.58974,,,,A,,0,,1,
DATAFLOW,OECD.SDD.TPS:DSD_LFS@DF_IALFS_LF_WAP_Q(1.0),,I,HUN,,LF_WAP,,PT_WAP_SUB,,_Z,,Y,,_T,,Y15T64,,_Z,,Q,,2023-Q1,,77.74036,,,,A,,0,,1,
DATAFLOW,OECD.SDD.TPS:DSD_LFS@DF_IALFS_LF_WAP_Q(1.0),,I,HUN,,LF_WAP,,PT_WAP_SUB,,_Z,,Y,,_T,,Y15T64,,_Z,,Q,,2023-Q2,,78.08401,,,,A,,0,,1,
DATAFLOW,OECD.SDD.TPS:DSD_LFS@DF_IALFS_LF_WAP_Q(1.0),,I,HUN,,LF_WAP,,PT_WAP_SUB,,_Z,,Y,,_T,,Y15T64,,_Z,,Q,,2023-Q3,,78.12998,,,,A,,0,,1,
DATAFLOW,OECD.SDD.TPS:DSD_LFS@DF_IALFS_LF_WAP_Q(1.0),,I,HUN,,LF_WAP,,PT_WAP_SUB,,_Z,,Y,,_T,,Y15T64,,_Z,,Q,,2023-Q4,,78.64719,,,,A,,0,,1,
DATAFLOW,OECD.SDD.TPS:DSD_LFS@DF_IALFS_LF_WAP_Q(1.0),,I,HUN,,LF_WAP,,PT_WAP_SUB,,_Z,,Y,,_T,,Y15T64,,_Z,,Q,,2024-Q1,,78.5833,,,,A,,0,,1,
DATAFLOW,OECD.SDD.TPS:DSD_LFS@DF_IALFS_LF_WAP_Q(1.0),,I,HUN,,LF_WAP,,PT_WAP_SUB,,_Z,,Y,,_T,,Y15T64,,_Z,,Q,,2024-Q2,,78.70851,,,,A,,0,,1,
DATAFLOW,OECD.SDD.TPS:DSD_LFS@DF_IALFS_LF_WAP_Q(1.0),,I,HUN,,LF_WAP,,PT_WAP_SUB,,_Z,,Y,,_T,,Y15T64,,_Z,,Q,,2024-Q3,,78.69592,,,,A,,0,,1,
DATAFLOW,OECD.SDD.TPS:DSD_LFS@DF_IALFS_LF_WAP_Q(1.0),,I,HUN,,LF_WAP,,PT_WAP_SUB,,_Z,,Y,,_T,,Y15T64,,_Z,,Q,,2024-Q4,,78.55817,,,,A,,0,,1,
DATAFLOW,OECD.SDD.TPS:DSD_LFS@DF_IALFS_LF_WAP_Q(1.0),,I,HUN,,LF_WAP,,PT_WAP_SUB,,_Z,,Y,,_T,,Y15T64,,_Z,,Q,,2025-Q1,,78.7711,,,,A,,0,,1,
DATAFLOW,OECD.SDD.TPS:DSD_LFS@DF_IALFS_LF_WAP_Q(1.0),,I,HUN,,LF_WAP,,PT_WAP_SUB,,_Z,,Y,,_T,,Y15T64,,_Z,,Q,,2025-Q2,,78.57254,,,,A,,0,,1,
DATAFLOW,OECD.SDD.TPS:DSD_LFS@DF_IALFS_LF_WAP_Q(1.0),,I,HUN,,LF_WAP,,PT_WAP_SUB,,_Z,,Y,,_T,,Y15T64,,_Z,,Q,,2025-Q3,,78.74328,,,,A,,0,,1,
DATAFLOW,OECD.SDD.TPS:DSD_LFS@DF_IALFS_LF_WAP_Q(1.0),,I,HUN,,LF_WAP,,PT_WAP_SUB,,_Z,,Y,,_T,,Y15T64,,_Z,,Q,,2025-Q4,,78.34299,,,,A,,0,,1,
DATAFLOW,OECD.SDD.TPS:DSD_LFS@DF_IALFS_LF_WAP_Q(1.0),,I,HUN,,LF_WAP,,PT_WAP_SUB,,_Z,,Y,,_T,,Y15T64,,_Z,,Q,,2026-Q1,,78.60586,,,,A,,0,,1,
DATAFLOW,OECD.SDD.TPS:DSD_LFS@DF_IALFS_LF_WAP_Q(1.0),,I,BEL,,LF_WAP,,PT_WAP_SUB,,_Z,,Y,,_T,,Y15T64,,_Z,,Q,,1999-Q1,,65.10825,,,,A,,0,,1,
DATAFLOW,OECD.SDD.TPS:DSD_LFS@DF_IALFS_LF_WAP_Q(1.0),,I,BEL,,LF_WAP,,PT_WAP_SUB,,_Z,,Y,,_T,,Y15T64,,_Z,,Q,,1999-Q2,,64.96658,,,,A,,0,,1,
DATAFLOW,OECD.SDD.TPS:DSD_LFS@DF_IALFS_LF_WAP_Q(1.0),,I,BEL,,LF_WAP,,PT_WAP_SUB,,_Z,,Y,,_T,,Y15T64,,_Z,,Q,,1999-Q3,,64.95483,,,,A,,0,,1,
DATAFLOW,OECD.SDD.TPS:DSD_LFS@DF_IALFS_LF_WAP_Q(1.0),,I,BEL,,LF_WAP,,PT_WAP_SUB,,_Z,,Y,,_T,,Y15T64,,_Z,,Q,,1999-Q4,,64.58016,,,,A,,0,,1,
DATAFLOW,OECD.SDD.TPS:DSD_LFS@DF_IALFS_LF_WAP_Q(1.0),,I,BEL,,LF_WAP,,PT_WAP_SUB,,_Z,,Y,,_T,,Y15T64,,_Z,,Q,,2000-Q1,,64.7999,,,,A,,0,,1,
DATAFLOW,OECD.SDD.TPS:DSD_LFS@DF_IALFS_LF_WAP_Q(1.0),,I,BEL,,LF_WAP,,PT_WAP_SUB,,_Z,,Y,,_T,,Y15T64,,_Z,,Q,,2000-Q2,,65.58891,,,,A,,0,,1,
DATAFLOW,OECD.SDD.TPS:DSD_LFS@DF_IALFS_LF_WAP_Q(1.0),,I,BEL,,LF_WAP,,PT_WAP_SUB,,_Z,,Y,,_T,,Y15T64,,_Z,,Q,,2000-Q3,,65.45763,,,,A,,0,,1,
DATAFLOW,OECD.SDD.TPS:DSD_LFS@DF_IALFS_LF_WAP_Q(1.0),,I,BEL,,LF_WAP,,PT_WAP_SUB,,_Z,,Y,,_T,,Y15T64,,_Z,,Q,,2000-Q4,,64.65158,,,,A,,0,,1,
DATAFLOW,OECD.SDD.TPS:DSD_LFS@DF_IALFS_LF_WAP_Q(1.0),,I,BEL,,LF_WAP,,PT_WAP_SUB,,_Z,,Y,,_T,,Y15T64,,_Z,,Q,,2001-Q1,,64.36736,,,,A,,0,,1,
DATAFLOW,OECD.SDD.TPS:DSD_LFS@DF_IALFS_LF_WAP_Q(1.0),,I,BEL,,LF_WAP,,PT_WAP_SUB,,_Z,,Y,,_T,,Y15T64,,_Z,,Q,,2001-Q2,,64.0086,,,,A,,0,,1,
DATAFLOW,OECD.SDD.TPS:DSD_LFS@DF_IALFS_LF_WAP_Q(1.0),,I,BEL,,LF_WAP,,PT_WAP_SUB,,_Z,,Y,,_T,,Y15T64,,_Z,,Q,,2001-Q3,,64.19109,,,,A,,0,,1,
DATAFLOW,OECD.SDD.TPS:DSD_LFS@DF_IALFS_LF_WAP_Q(1.0),,I,BEL,,LF_WAP,,PT_WAP_SUB,,_Z,,Y,,_T,,Y15T64,,_Z,,Q,,2001-Q4,,64.25439,,,,A,,0,,1,
DATAFLOW,OECD.SDD.TPS:DSD_LFS@DF_IALFS_LF_WAP_Q(1.0),,I,BEL,,LF_WAP,,PT_WAP_SUB,,_Z,,Y,,_T,,Y15T64,,_Z,,Q,,2002-Q1,,64.55636,,,,A,,0,,1,
DATAFLOW,OECD.SDD.TPS:DSD_LFS@DF_IALFS_LF_WAP_Q(1.0),,I,BEL,,LF_WAP,,PT_WAP_SUB,,_Z,,Y,,_T,,Y15T64,,_Z,,Q,,2002-Q2,,64.51384,,,,A,,0,,1,
DATAFLOW,OECD.SDD.TPS:DSD_LFS@DF_IALFS_LF_WAP_Q(1.0),,I,BEL,,LF_WAP,,PT_WAP_SUB,,_Z,,Y,,_T,,Y15T64,,_Z,,Q,,2002-Q3,,64.9587,,,,A,,0,,1,
DATAFLOW,OECD.SDD.TPS:DSD_LFS@DF_IALFS_LF_WAP_Q(1.0),,I,BEL,,LF_WAP,,PT_WAP_SUB,,_Z,,Y,,_T,,Y15T64,,_Z,,Q,,2002-Q4,,65.08794,,,,A,,0,,1,
DATAFLOW,OECD.SDD.TPS:DSD_LFS@DF_IALFS_LF_WAP_Q(1.0),,I,BEL,,LF_WAP,,PT_WAP_SUB,,_Z,,Y,,_T,,Y15T64,,_Z,,Q,,2003-Q1,,64.56219,,,,A,,0,,1,
DATAFLOW,OECD.SDD.TPS:DSD_LFS@DF_IALFS_LF_WAP_Q(1.0),,I,BEL,,LF_WAP,,PT_WAP_SUB,,_Z,,Y,,_T,,Y15T64,,_Z,,Q,,2003-Q2,,64.71101,,,,A,,0,,1,
DATAFLOW,OECD.SDD.TPS:DSD_LFS@DF_IALFS_LF_WAP_Q(1.0),,I,BEL,,LF_WAP,,PT_WAP_SUB,,_Z,,Y,,_T,,Y15T64,,_Z,,Q,,2003-Q3,,64.66234,,,,A,,0,,1,
DATAFLOW,OECD.SDD.TPS:DSD_LFS@DF_IALFS_LF_WAP_Q(1.0),,I,BEL,,LF_WAP,,PT_WAP_SUB,,_Z,,Y,,_T,,Y15T64,,_Z,,Q,,2003-Q4,,65.76684,,,,A,,0,,1,
DATAFLOW,OECD.SDD.TPS:DSD_LFS@DF_IALFS_LF_WAP_Q(1.0),,I,BEL,,LF_WAP,,PT_WAP_SUB,,_Z,,Y,,_T,,Y15T64,,_Z,,Q,,2004-Q1,,65.74689,,,,A,,0,,1,
DATAFLOW,OECD.SDD.TPS:DSD_LFS@DF_IALFS_LF_WAP_Q(1.0),,I,BEL,,LF_WAP,,PT_WAP_SUB,,_Z,,Y,,_T,,Y15T64,,_Z,,Q,,2004-Q2,,65.71047,,,,A,,0,,1,
DATAFLOW,OECD.SDD.TPS:DSD_LFS@DF_IALFS_LF_WAP_Q(1.0),,I,BEL,,LF_WAP,,PT_WAP_SUB,,_Z,,Y,,_T,,Y15T64,,_Z,,Q,,2004-Q3,,66.07552,,,,A,,0,,1,
DATAFLOW,OECD.SDD.TPS:DSD_LFS@DF_IALFS_LF_WAP_Q(1.0),,I,BEL,,LF_WAP,,PT_WAP_SUB,,_Z,,Y,,_T,,Y15T64,,_Z,,Q,,2004-Q4,,66.02819,,,,A,,0,,1,
DATAFLOW,OECD.SDD.TPS:DSD_LFS@DF_IALFS_LF_WAP_Q(1.0),,I,BEL,,LF_WAP,,PT_WAP_SUB,,_Z,,Y,,_T,,Y15T64,,_Z,,Q,,2005-Q1,,66.89246,,,,A,,0,,1,
DATAFLOW,OECD.SDD.TPS:DSD_LFS@DF_IALFS_LF_WAP_Q(1.0),,I,BEL,,LF_WAP,,PT_WAP_SUB,,_Z,,Y,,_T,,Y15T64,,_Z,,Q,,2005-Q2,,66.83172,,,,A,,0,,1,
DATAFLOW,OECD.SDD.TPS:DSD_LFS@DF_IALFS_LF_WAP_Q(1.0),,I,BEL,,LF_WAP,,PT_WAP_SUB,,_Z,,Y,,_T,,Y15T64,,_Z,,Q,,2005-Q3,,66.69298,,,,A,,0,,1,
DATAFLOW,OECD.SDD.TPS:DSD_LFS@DF_IALFS_LF_WAP_Q(1.0),,I,BEL,,LF_WAP,,PT_WAP_SUB,,_Z,,Y,,_T,,Y15T64,,_Z,,Q,,2005-Q4,,66.57315,,,,A,,0,,1,
DATAFLOW,OECD.SDD.TPS:DSD_LFS@DF_IALFS_LF_WAP_Q(1.0),,I,BEL,,LF_WAP,,PT_WAP_SUB,,_Z,,Y,,_T,,Y15T64,,_Z,,Q,,2006-Q1,,66.23425,,,,A,,0,,1,
DATAFLOW,OECD.SDD.TPS:DSD_LFS@DF_IALFS_LF_WAP_Q(1.0),,I,BEL,,LF_WAP,,PT_WAP_SUB,,_Z,,Y,,_T,,Y15T64,,_Z,,Q,,2006-Q2,,66.39655,,,,A,,0,,1,
DATAFLOW,OECD.SDD.TPS:DSD_LFS@DF_IALFS_LF_WAP_Q(1.0),,I,BEL,,LF_WAP,,PT_WAP_SUB,,_Z,,Y,,_T,,Y15T64,,_Z,,Q,,2006-Q3,,66.28227,,,,A,,0,,1,
DATAFLOW,OECD.SDD.TPS:DSD_LFS@DF_IALFS_LF_WAP_Q(1.0),,I,BEL,,LF_WAP,,PT_WAP_SUB,,_Z,,Y,,_T,,Y15T64,,_Z,,Q,,2006-Q4,,67.09846,,,,A,,0,,1,
DATAFLOW,OECD.SDD.TPS:DSD_LFS@DF_IALFS_LF_WAP_Q(1.0),,I,BEL,,LF_WAP,,PT_WAP_SUB,,_Z,,Y,,_T,,Y15T64,,_Z,,Q,,2007-Q1,,67.15,,,,A,,0,,1,
DATAFLOW,OECD.SDD.TPS:DSD_LFS@DF_IALFS_LF_WAP_Q(1.0),,I,BEL,,LF_WAP,,PT_WAP_SUB,,_Z,,Y,,_T,,Y15T64,,_Z,,Q,,2007-Q2,,67.1666,,,,A,,0,,1,
DATAFLOW,OECD.SDD.TPS:DSD_LFS@DF_IALFS_LF_WAP_Q(1.0),,I,BEL,,LF_WAP,,PT_WAP_SUB,,_Z,,Y,,_T,,Y15T64,,_Z,,Q,,2007-Q3,,66.74048,,,,A,,0,,1,
DATAFLOW,OECD.SDD.TPS:DSD_LFS@DF_IALFS_LF_WAP_Q(1.0),,I,BEL,,LF_WAP,,PT_WAP_SUB,,_Z,,Y,,_T,,Y15T64,,_Z,,Q,,2007-Q4,,67.25336,,,,A,,0,,1,
DATAFLOW,OECD.SDD.TPS:DSD_LFS@DF_IALFS_LF_WAP_Q(1.0),,I,BEL,,LF_WAP,,PT_WAP_SUB,,_Z,,Y,,_T,,Y15T64,,_Z,,Q,,2008-Q1,,67.46037,,,,A,,0,,1,
DATAFLOW,OECD.SDD.TPS:DSD_LFS@DF_IALFS_LF_WAP_Q(1.0),,I,BEL,,LF_WAP,,PT_WAP_SUB,,_Z,,Y,,_T,,Y15T64,,_Z,,Q,,2008-Q2,,66.70974,,,,A,,0,,1,
DATAFLOW,OECD.SDD.TPS:DSD_LFS@DF_IALFS_LF_WAP_Q(1.0),,I,BEL,,LF_WAP,,PT_WAP_SUB,,_Z,,Y,,_T,,Y15T64,,_Z,,Q,,2008-Q3,,67.56179,,,,A,,0,,1,
DATAFLOW,OECD.SDD.TPS:DSD_LFS@DF_IALFS_LF_WAP_Q(1.0),,I,BEL,,LF_WAP,,PT_WAP_SUB,,_Z,,Y,,_T,,Y15T64,,_Z,,Q,,2009-Q1,,67.24879,,,,A,,0,,1,
DATAFLOW,OECD.SDD.TPS:DSD_LFS@DF_IALFS_LF_WAP_Q(1.0),,I,BEL,,LF_WAP,,PT_WAP_SUB,,_Z,,Y,,_T,,Y15T64,,_Z,,Q,,2009-Q2,,66.98508,,,,A,,0,,1,
DATAFLOW,OECD.SDD.TPS:DSD_LFS@DF_IALFS_LF_WAP_Q(1.0),,I,BEL,,LF_WAP,,PT_WAP_SUB,,_Z,,Y,,_T,,Y15T64,,_Z,,Q,,2009-Q3,,66.62691,,,,A,,0,,1,
DATAFLOW,OECD.SDD.TPS:DSD_LFS@DF_IALFS_LF_WAP_Q(1.0),,I,BEL,,LF_WAP,,PT_WAP_SUB,,_Z,,Y,,_T,,Y15T64,,_Z,,Q,,2009-Q4,,67.05269,,,,A,,0,,1,
DATAFLOW,OECD.SDD.TPS:DSD_LFS@DF_IALFS_LF_WAP_Q(1.0),,I,BEL,,LF_WAP,,PT_WAP_SUB,,_Z,,Y,,_T,,Y15T64,,_Z,,Q,,2010-Q1,,67.98413,,,,A,,0,,1,
DATAFLOW,OECD.SDD.TPS:DSD_LFS@DF_IALFS_LF_WAP_Q(1.0),,I,BEL,,LF_WAP,,PT_WAP_SUB,,_Z,,Y,,_T,,Y15T64,,_Z,,Q,,2010-Q2,,67.39838,,,,A,,0,,1,
DATAFLOW,OECD.SDD.TPS:DSD_LFS@DF_IALFS_LF_WAP_Q(1.0),,I,BEL,,LF_WAP,,PT_WAP_SUB,,_Z,,Y,,_T,,Y15T64,,_Z,,Q,,2010-Q3,,67.56806,,,,A,,0,,1,
DATAFLOW,OECD.SDD.TPS:DSD_LFS@DF_IALFS_LF_WAP_Q(1.0),,I,BEL,,LF_WAP,,PT_WAP_SUB,,_Z,,Y,,_T,,Y15T64,,_Z,,Q,,2010-Q4,,67.93518,,,,A,,0,,1,
DATAFLOW,OECD.SDD.TPS:DSD_LFS@DF_IALFS_LF_WAP_Q(1.0),,I,BEL,,LF_WAP,,PT_WAP_SUB,,_Z,,Y,,_T,,Y15T64,,_Z,,Q,,2011-Q1,,66.23308,,,,A,,0,,1,
DATAFLOW,OECD.SDD.TPS:DSD_LFS@DF_IALFS_LF_WAP_Q(1.0),,I,BEL,,LF_WAP,,PT_WAP_SUB,,_Z,,Y,,_T,,Y15T64,,_Z,,Q,,2011-Q2,,67.36642,,,,A,,0,,1,
DATAFLOW,OECD.SDD.TPS:DSD_LFS@DF_IALFS_LF_WAP_Q(1.0),,I,BEL,,LF_WAP,,PT_WAP_SUB,,_Z,,Y,,_T,,Y15T64,,_Z,,Q,,2011-Q3,,66.60838,,,,A,,0,,1,
DATAFLOW,OECD.SDD.TPS:DSD_LFS@DF_IALFS_LF_WAP_Q(1.0),,I,BEL,,LF_WAP,,PT_WAP_SUB,,_Z,,Y,,_T,,Y15T64,,_Z,,Q,,2011-Q4,,66.86967,,,,A,,0,,1,
DATAFLOW,OECD.SDD.TPS:DSD_LFS@DF_IALFS_LF_WAP_Q(1.0),,I,BEL,,LF_WAP,,PT_WAP_SUB,,_Z,,Y,,_T,,Y15T64,,_Z,,Q,,2012-Q1,,66.56883,,,,A,,0,,1,
DATAFLOW,OECD.SDD.TPS:DSD_LFS@DF_IALFS_LF_WAP_Q(1.0),,I,BEL,,LF_WAP,,PT_WAP_SUB,,_Z,,Y,,_T,,Y15T64,,_Z,,Q,,2012-Q2,,66.92873,,,,A,,0,,1,
DATAFLOW,OECD.SDD.TPS:DSD_LFS@DF_IALFS_LF_WAP_Q(1.0),,I,BEL,,LF_WAP,,PT_WAP_SUB,,_Z,,Y,,_T,,Y15T64,,_Z,,Q,,2012-Q3,,67.08141,,,,A,,0,,1,
DATAFLOW,OECD.SDD.TPS:DSD_LFS@DF_IALFS_LF_WAP_Q(1.0),,I,BEL,,LF_WAP,,PT_WAP_SUB,,_Z,,Y,,_T,,Y15T64,,_Z,,Q,,2012-Q4,,67.42576,,,,A,,0,,1,
DATAFLOW,OECD.SDD.TPS:DSD_LFS@DF_IALFS_LF_WAP_Q(1.0),,I,BEL,,LF_WAP,,PT_WAP_SUB,,_Z,,Y,,_T,,Y15T64,,_Z,,Q,,2013-Q1,,67.27733,,,,A,,0,,1,
DATAFLOW,OECD.SDD.TPS:DSD_LFS@DF_IALFS_LF_WAP_Q(1.0),,I,BEL,,LF_WAP,,PT_WAP_SUB,,_Z,,Y,,_T,,Y15T64,,_Z,,Q,,2013-Q2,,67.99783,,,,A,,0,,1,
DATAFLOW,OECD.SDD.TPS:DSD_LFS@DF_IALFS_LF_WAP_Q(1.0),,I,BEL,,LF_WAP,,PT_WAP_SUB,,_Z,,Y,,_T,,Y15T64,,_Z,,Q,,2013-Q3,,67.92436,,,,A,,0,,1,
DATAFLOW,OECD.SDD.TPS:DSD_LFS@DF_IALFS_LF_WAP_Q(1.0),,I,BEL,,LF_WAP,,PT_WAP_SUB,,_Z,,Y,,_T,,Y15T64,,_Z,,Q,,2013-Q4,,67.2701,,,,A,,0,,1,
DATAFLOW,OECD.SDD.TPS:DSD_LFS@DF_IALFS_LF_WAP_Q(1.0),,I,BEL,,LF_WAP,,PT_WAP_SUB,,_Z,,Y,,_T,,Y15T64,,_Z,,Q,,2014-Q1,,67.68611,,,,A,,0,,1,
DATAFLOW,OECD.SDD.TPS:DSD_LFS@DF_IALFS_LF_WAP_Q(1.0),,I,BEL,,LF_WAP,,PT_WAP_SUB,,_Z,,Y,,_T,,Y15T64,,_Z,,Q,,2014-Q2,,67.98325,,,,A,,0,,1,
DATAFLOW,OECD.SDD.TPS:DSD_LFS@DF_IALFS_LF_WAP_Q(1.0),,I,BEL,,LF_WAP,,PT_WAP_SUB,,_Z,,Y,,_T,,Y15T64,,_Z,,Q,,2014-Q3,,67.68893,,,,A,,0,,1,
DATAFLOW,OECD.SDD.TPS:DSD_LFS@DF_IALFS_LF_WAP_Q(1.0),,I,BEL,,LF_WAP,,PT_WAP_SUB,,_Z,,Y,,_T,,Y15T64,,_Z,,Q,,2014-Q4,,67.88156,,,,A,,0,,1,
DATAFLOW,OECD.SDD.TPS:DSD_LFS@DF_IALFS_LF_WAP_Q(1.0),,I,BEL,,LF_WAP,,PT_WAP_SUB,,_Z,,Y,,_T,,Y15T64,,_Z,,Q,,2015-Q1,,68.23293,,,,A,,0,,1,
DATAFLOW,OECD.SDD.TPS:DSD_LFS@DF_IALFS_LF_WAP_Q(1.0),,I,BEL,,LF_WAP,,PT_WAP_SUB,,_Z,,Y,,_T,,Y15T64,,_Z,,Q,,2015-Q2,,67.50439,,,,A,,0,,1,
DATAFLOW,OECD.SDD.TPS:DSD_LFS@DF_IALFS_LF_WAP_Q(1.0),,I,BEL,,LF_WAP,,PT_WAP_SUB,,_Z,,Y,,_T,,Y15T64,,_Z,,Q,,2015-Q3,,67.48059,,,,A,,0,,1,
DATAFLOW,OECD.SDD.TPS:DSD_LFS@DF_IALFS_LF_WAP_Q(1.0),,I,BEL,,LF_WAP,,PT_WAP_SUB,,_Z,,Y,,_T,,Y15T64,,_Z,,Q,,2015-Q4,,67.57893,,,,A,,0,,1,
DATAFLOW,OECD.SDD.TPS:DSD_LFS@DF_IALFS_LF_WAP_Q(1.0),,I,BEL,,LF_WAP,,PT_WAP_SUB,,_Z,,Y,,_T,,Y15T64,,_Z,,Q,,2016-Q1,,67.52625,,,,A,,0,,1,
DATAFLOW,OECD.SDD.TPS:DSD_LFS@DF_IALFS_LF_WAP_Q(1.0),,I,BEL,,LF_WAP,,PT_WAP_SUB,,_Z,,Y,,_T,,Y15T64,,_Z,,Q,,2016-Q2,,67.78297,,,,A,,0,,1,
DATAFLOW,OECD.SDD.TPS:DSD_LFS@DF_IALFS_LF_WAP_Q(1.0),,I,BEL,,LF_WAP,,PT_WAP_SUB,,_Z,,Y,,_T,,Y15T64,,_Z,,Q,,2016-Q3,,67.22023,,,,A,,0,,1,
DATAFLOW,OECD.SDD.TPS:DSD_LFS@DF_IALFS_LF_WAP_Q(1.0),,I,BEL,,LF_WAP,,PT_WAP_SUB,,_Z,,Y,,_T,,Y15T64,,_Z,,Q,,2016-Q4,,68.23001,,,,A,,0,,1,
DATAFLOW,OECD.SDD.TPS:DSD_LFS@DF_IALFS_LF_WAP_Q(1.0),,I,BEL,,LF_WAP,,PT_WAP_SUB,,_Z,,Y,,_T,,Y15T64,,_Z,,Q,,2017-Q1,,67.75105,,,,A,,0,,1,
DATAFLOW,OECD.SDD.TPS:DSD_LFS@DF_IALFS_LF_WAP_Q(1.0),,I,BEL,,LF_WAP,,PT_WAP_SUB,,_Z,,Y,,_T,,Y15T64,,_Z,,Q,,2017-Q2,,68.07784,,,,A,,0,,1,
DATAFLOW,OECD.SDD.TPS:DSD_LFS@DF_IALFS_LF_WAP_Q(1.0),,I,BEL,,LF_WAP,,PT_WAP_SUB,,_Z,,Y,,_T,,Y15T64,,_Z,,Q,,2017-Q3,,68.04375,,,,A,,0,,1,
DATAFLOW,OECD.SDD.TPS:DSD_LFS@DF_IALFS_LF_WAP_Q(1.0),,I,BEL,,LF_WAP,,PT_WAP_SUB,,_Z,,Y,,_T,,Y15T64,,_Z,,Q,,2017-Q4,,68.28123,,,,A,,0,,1,
DATAFLOW,OECD.SDD.TPS:DSD_LFS@DF_IALFS_LF_WAP_Q(1.0),,I,BEL,,LF_WAP,,PT_WAP_SUB,,_Z,,Y,,_T,,Y15T64,,_Z,,Q,,2018-Q1,,68.35349,,,,A,,0,,1,
DATAFLOW,OECD.SDD.TPS:DSD_LFS@DF_IALFS_LF_WAP_Q(1.0),,I,BEL,,LF_WAP,,PT_WAP_SUB,,_Z,,Y,,_T,,Y15T64,,_Z,,Q,,2018-Q2,,68.38126,,,,A,,0,,1,
DATAFLOW,OECD.SDD.TPS:DSD_LFS@DF_IALFS_LF_WAP_Q(1.0),,I,BEL,,LF_WAP,,PT_WAP_SUB,,_Z,,Y,,_T,,Y15T64,,_Z,,Q,,2018-Q3,,68.83079,,,,A,,0,,1,
DATAFLOW,OECD.SDD.TPS:DSD_LFS@DF_IALFS_LF_WAP_Q(1.0),,I,BEL,,LF_WAP,,PT_WAP_SUB,,_Z,,Y,,_T,,Y15T64,,_Z,,Q,,2018-Q4,,69.04331,,,,A,,0,,1,
DATAFLOW,OECD.SDD.TPS:DSD_LFS@DF_IALFS_LF_WAP_Q(1.0),,I,BEL,,LF_WAP,,PT_WAP_SUB,,_Z,,Y,,_T,,Y15T64,,_Z,,Q,,2019-Q1,,68.65491,,,,A,,0,,1,
DATAFLOW,OECD.SDD.TPS:DSD_LFS@DF_IALFS_LF_WAP_Q(1.0),,I,BEL,,LF_WAP,,PT_WAP_SUB,,_Z,,Y,,_T,,Y15T64,,_Z,,Q,,2019-Q2,,69.65907,,,,A,,0,,1,
DATAFLOW,OECD.SDD.TPS:DSD_LFS@DF_IALFS_LF_WAP_Q(1.0),,I,BEL,,LF_WAP,,PT_WAP_SUB,,_Z,,Y,,_T,,Y15T64,,_Z,,Q,,2019-Q3,,69.21916,,,,A,,0,,1,
DATAFLOW,OECD.SDD.TPS:DSD_LFS@DF_IALFS_LF_WAP_Q(1.0),,I,BEL,,LF_WAP,,PT_WAP_SUB,,_Z,,Y,,_T,,Y15T64,,_Z,,Q,,2019-Q4,,68.78255,,,,A,,0,,1,
DATAFLOW,OECD.SDD.TPS:DSD_LFS@DF_IALFS_LF_WAP_Q(1.0),,I,BEL,,LF_WAP,,PT_WAP_SUB,,_Z,,Y,,_T,,Y15T64,,_Z,,Q,,2020-Q1,,68.8743,,,,A,,0,,1,
DATAFLOW,OECD.SDD.TPS:DSD_LFS@DF_IALFS_LF_WAP_Q(1.0),,I,BEL,,LF_WAP,,PT_WAP_SUB,,_Z,,Y,,_T,,Y15T64,,_Z,,Q,,2020-Q2,,67.71848,,,,A,,0,,1,
DATAFLOW,OECD.SDD.TPS:DSD_LFS@DF_IALFS_LF_WAP_Q(1.0),,I,BEL,,LF_WAP,,PT_WAP_SUB,,_Z,,Y,,_T,,Y15T64,,_Z,,Q,,2020-Q3,,68.85915,,,,A,,0,,1,
DATAFLOW,OECD.SDD.TPS:DSD_LFS@DF_IALFS_LF_WAP_Q(1.0),,I,BEL,,LF_WAP,,PT_WAP_SUB,,_Z,,Y,,_T,,Y15T64,,_Z,,Q,,2020-Q4,,68.14709,,,,A,,0,,1,
DATAFLOW,OECD.SDD.TPS:DSD_LFS@DF_IALFS_LF_WAP_Q(1.0),,I,BEL,,LF_WAP,,PT_WAP_SUB,,_Z,,Y,,_T,,Y15T64,,_Z,,Q,,2021-Q1,,68.40721,,,,A,,0,,1,
DATAFLOW,OECD.SDD.TPS:DSD_LFS@DF_IALFS_LF_WAP_Q(1.0),,I,BEL,,LF_WAP,,PT_WAP_SUB,,_Z,,Y,,_T,,Y15T64,,_Z,,Q,,2021-Q2,,69.59653,,,,A,,0,,1,
DATAFLOW,OECD.SDD.TPS:DSD_LFS@DF_IALFS_LF_WAP_Q(1.0),,I,BEL,,LF_WAP,,PT_WAP_SUB,,_Z,,Y,,_T,,Y15T64,,_Z,,Q,,2021-Q3,,70.63894,,,,A,,0,,1,
DATAFLOW,OECD.SDD.TPS:DSD_LFS@DF_IALFS_LF_WAP_Q(1.0),,I,BEL,,LF_WAP,,PT_WAP_SUB,,_Z,,Y,,_T,,Y15T64,,_Z,,Q,,2021-Q4,,70.05576,,,,A,,0,,1,
DATAFLOW,OECD.SDD.TPS:DSD_LFS@DF_IALFS_LF_WAP_Q(1.0),,I,BEL,,LF_WAP,,PT_WAP_SUB,,_Z,,Y,,_T,,Y15T64,,_Z,,Q,,2022-Q1,,70.39238,,,,A,,0,,1,
DATAFLOW,OECD.SDD.TPS:DSD_LFS@DF_IALFS_LF_WAP_Q(1.0),,I,BEL,,LF_WAP,,PT_WAP_SUB,,_Z,,Y,,_T,,Y15T64,,_Z,,Q,,2022-Q2,,70.35955,,,,A,,0,,1,
DATAFLOW,OECD.SDD.TPS:DSD_LFS@DF_IALFS_LF_WAP_Q(1.0),,I,BEL,,LF_WAP,,PT_WAP_SUB,,_Z,,Y,,_T,,Y15T64,,_Z,,Q,,2022-Q3,,70.62004,,,,A,,0,,1,
DATAFLOW,OECD.SDD.TPS:DSD_LFS@DF_IALFS_LF_WAP_Q(1.0),,I,BEL,,LF_WAP,,PT_WAP_SUB,,_Z,,Y,,_T,,Y15T64,,_Z,,Q,,2022-Q4,,70.59411,,,,A,,0,,1,
DATAFLOW,OECD.SDD.TPS:DSD_LFS@DF_IALFS_LF_WAP_Q(1.0),,I,BEL,,LF_WAP,,PT_WAP_SUB,,_Z,,Y,,_T,,Y15T64,,_Z,,Q,,2023-Q1,,70.78069,,,,A,,0,,1,
DATAFLOW,OECD.SDD.TPS:DSD_LFS@DF_IALFS_LF_WAP_Q(1.0),,I,BEL,,LF_WAP,,PT_WAP_SUB,,_Z,,Y,,_T,,Y15T64,,_Z,,Q,,2023-Q2,,70.18137,,,,A,,0,,1,
DATAFLOW,OECD.SDD.TPS:DSD_LFS@DF_IALFS_LF_WAP_Q(1.0),,I,BEL,,LF_WAP,,PT_WAP_SUB,,_Z,,Y,,_T,,Y15T64,,_Z,,Q,,2023-Q3,,70.47762,,,,A,,0,,1,
DATAFLOW,OECD.SDD.TPS:DSD_LFS@DF_IALFS_LF_WAP_Q(1.0),,I,BEL,,LF_WAP,,PT_WAP_SUB,,_Z,,Y,,_T,,Y15T64,,_Z,,Q,,2023-Q4,,70.61799,,,,A,,0,,1,
DATAFLOW,OECD.SDD.TPS:DSD_LFS@DF_IALFS_LF_WAP_Q(1.0),,I,BEL,,LF_WAP,,PT_WAP_SUB,,_Z,,Y,,_T,,Y15T64,,_Z,,Q,,2024-Q1,,70.47074,,,,A,,0,,1,
DATAFLOW,OECD.SDD.TPS:DSD_LFS@DF_IALFS_LF_WAP_Q(1.0),,I,BEL,,LF_WAP,,PT_WAP_SUB,,_Z,,Y,,_T,,Y15T64,,_Z,,Q,,2024-Q2,,70.74391,,,,A,,0,,1,
DATAFLOW,OECD.SDD.TPS:DSD_LFS@DF_IALFS_LF_WAP_Q(1.0),,I,BEL,,LF_WAP,,PT_WAP_SUB,,_Z,,Y,,_T,,Y15T64,,_Z,,Q,,2024-Q3,,70.77652,,,,A,,0,,1,
DATAFLOW,OECD.SDD.TPS:DSD_LFS@DF_IALFS_LF_WAP_Q(1.0),,I,BEL,,LF_WAP,,PT_WAP_SUB,,_Z,,Y,,_T,,Y15T64,,_Z,,Q,,2024-Q4,,71.28991,,,,A,,0,,1,
DATAFLOW,OECD.SDD.TPS:DSD_LFS@DF_IALFS_LF_WAP_Q(1.0),,I,BEL,,LF_WAP,,PT_WAP_SUB,,_Z,,Y,,_T,,Y15T64,,_Z,,Q,,2025-Q1,,71.68726,,,,A,,0,,1,
DATAFLOW,OECD.SDD.TPS:DSD_LFS@DF_IALFS_LF_WAP_Q(1.0),,I,BEL,,LF_WAP,,PT_WAP_SUB,,_Z,,Y,,_T,,Y15T64,,_Z,,Q,,2025-Q2,,72.30293,,,,A,,0,,1,
DATAFLOW,OECD.SDD.TPS:DSD_LFS@DF_IALFS_LF_WAP_Q(1.0),,I,BEL,,LF_WAP,,PT_WAP_SUB,,_Z,,Y,,_T,,Y15T64,,_Z,,Q,,2025-Q3,,71.77142,,,,A,,0,,1,
DATAFLOW,OECD.SDD.TPS:DSD_LFS@DF_IALFS_LF_WAP_Q(1.0),,I,BEL,,LF_WAP,,PT_WAP_SUB,,_Z,,Y,,_T,,Y15T64,,_Z,,Q,,2025-Q4,,71.75268,,,,A,,0,,1,
DATAFLOW,OECD.SDD.TPS:DSD_LFS@DF_IALFS_LF_WAP_Q(1.0),,I,BEL,,LF_WAP,,PT_WAP_SUB,,_Z,,Y,,_T,,Y15T64,,_Z,,Q,,2026-Q1,,71.75888,,,,A,,0,,1,
DATAFLOW,OECD.SDD.TPS:DSD_LFS@DF_IALFS_LF_WAP_Q(1.0),,I,ESP,,LF_WAP,,PT_WAP_SUB,,_Z,,Y,,_T,,Y15T64,,_Z,,Q,,1999-Q1,,63.42072,,,,A,,0,,1,
DATAFLOW,OECD.SDD.TPS:DSD_LFS@DF_IALFS_LF_WAP_Q(1.0),,I,ESP,,LF_WAP,,PT_WAP_SUB,,_Z,,Y,,_T,,Y15T64,,_Z,,Q,,1999-Q2,,63.64314,,,,A,,0,,1,
DATAFLOW,OECD.SDD.TPS:DSD_LFS@DF_IALFS_LF_WAP_Q(1.0),,I,ESP,,LF_WAP,,PT_WAP_SUB,,_Z,,Y,,_T,,Y15T64,,_Z,,Q,,1999-Q3,,64.09707,,,,A,,0,,1,
DATAFLOW,OECD.SDD.TPS:DSD_LFS@DF_IALFS_LF_WAP_Q(1.0),,I,ESP,,LF_WAP,,PT_WAP_SUB,,_Z,,Y,,_T,,Y15T64,,_Z,,Q,,1999-Q4,,64.58995,,,,A,,0,,1,
DATAFLOW,OECD.SDD.TPS:DSD_LFS@DF_IALFS_LF_WAP_Q(1.0),,I,ESP,,LF_WAP,,PT_WAP_SUB,,_Z,,Y,,_T,,Y15T64,,_Z,,Q,,2000-Q1,,64.89838,,,,A,,0,,1,
DATAFLOW,OECD.SDD.TPS:DSD_LFS@DF_IALFS_LF_WAP_Q(1.0),,I,ESP,,LF_WAP,,PT_WAP_SUB,,_Z,,Y,,_T,,Y15T64,,_Z,,Q,,2000-Q2,,65.21867,,,,A,,0,,1,
DATAFLOW,OECD.SDD.TPS:DSD_LFS@DF_IALFS_LF_WAP_Q(1.0),,I,ESP,,LF_WAP,,PT_WAP_SUB,,_Z,,Y,,_T,,Y15T64,,_Z,,Q,,2000-Q3,,65.59662,,,,A,,0,,1,
DATAFLOW,OECD.SDD.TPS:DSD_LFS@DF_IALFS_LF_WAP_Q(1.0),,I,ESP,,LF_WAP,,PT_WAP_SUB,,_Z,,Y,,_T,,Y15T64,,_Z,,Q,,2000-Q4,,65.89805,,,,A,,0,,1,
DATAFLOW,OECD.SDD.TPS:DSD_LFS@DF_IALFS_LF_WAP_Q(1.0),,I,ESP,,LF_WAP,,PT_WAP_SUB,,_Z,,Y,,_T,,Y15T64,,_Z,,Q,,2001-Q1,,64.21983,,,,A,,0,,1,
DATAFLOW,OECD.SDD.TPS:DSD_LFS@DF_IALFS_LF_WAP_Q(1.0),,I,ESP,,LF_WAP,,PT_WAP_SUB,,_Z,,Y,,_T,,Y15T64,,_Z,,Q,,2001-Q2,,64.4288,,,,A,,0,,1,
DATAFLOW,OECD.SDD.TPS:DSD_LFS@DF_IALFS_LF_WAP_Q(1.0),,I,ESP,,LF_WAP,,PT_WAP_SUB,,_Z,,Y,,_T,,Y15T64,,_Z,,Q,,2001-Q3,,64.83523,,,,A,,0,,1,
DATAFLOW,OECD.SDD.TPS:DSD_LFS@DF_IALFS_LF_WAP_Q(1.0),,I,ESP,,LF_WAP,,PT_WAP_SUB,,_Z,,Y,,_T,,Y15T64,,_Z,,Q,,2001-Q4,,65.20728,,,,A,,0,,1,
DATAFLOW,OECD.SDD.TPS:DSD_LFS@DF_IALFS_LF_WAP_Q(1.0),,I,ESP,,LF_WAP,,PT_WAP_SUB,,_Z,,Y,,_T,,Y15T64,,_Z,,Q,,2002-Q1,,65.95411,,,,A,,0,,1,
DATAFLOW,OECD.SDD.TPS:DSD_LFS@DF_IALFS_LF_WAP_Q(1.0),,I,ESP,,LF_WAP,,PT_WAP_SUB,,_Z,,Y,,_T,,Y15T64,,_Z,,Q,,2002-Q2,,66.46456,,,,A,,0,,1,
DATAFLOW,OECD.SDD.TPS:DSD_LFS@DF_IALFS_LF_WAP_Q(1.0),,I,ESP,,LF_WAP,,PT_WAP_SUB,,_Z,,Y,,_T,,Y15T64,,_Z,,Q,,2002-Q3,,66.85713,,,,A,,0,,1,
DATAFLOW,OECD.SDD.TPS:DSD_LFS@DF_IALFS_LF_WAP_Q(1.0),,I,ESP,,LF_WAP,,PT_WAP_SUB,,_Z,,Y,,_T,,Y15T64,,_Z,,Q,,2002-Q4,,67.10395,,,,A,,0,,1,
DATAFLOW,OECD.SDD.TPS:DSD_LFS@DF_IALFS_LF_WAP_Q(1.0),,I,ESP,,LF_WAP,,PT_WAP_SUB,,_Z,,Y,,_T,,Y15T64,,_Z,,Q,,2003-Q1,,67.46445,,,,A,,0,,1,
DATAFLOW,OECD.SDD.TPS:DSD_LFS@DF_IALFS_LF_WAP_Q(1.0),,I,ESP,,LF_WAP,,PT_WAP_SUB,,_Z,,Y,,_T,,Y15T64,,_Z,,Q,,2003-Q2,,67.78037,,,,A,,0,,1,
DATAFLOW,OECD.SDD.TPS:DSD_LFS@DF_IALFS_LF_WAP_Q(1.0),,I,ESP,,LF_WAP,,PT_WAP_SUB,,_Z,,Y,,_T,,Y15T64,,_Z,,Q,,2003-Q3,,68.26816,,,,A,,0,,1,
DATAFLOW,OECD.SDD.TPS:DSD_LFS@DF_IALFS_LF_WAP_Q(1.0),,I,ESP,,LF_WAP,,PT_WAP_SUB,,_Z,,Y,,_T,,Y15T64,,_Z,,Q,,2003-Q4,,68.53655,,,,A,,0,,1,
DATAFLOW,OECD.SDD.TPS:DSD_LFS@DF_IALFS_LF_WAP_Q(1.0),,I,ESP,,LF_WAP,,PT_WAP_SUB,,_Z,,Y,,_T,,Y15T64,,_Z,,Q,,2004-Q1,,68.55363,,,,A,,0,,1,
DATAFLOW,OECD.SDD.TPS:DSD_LFS@DF_IALFS_LF_WAP_Q(1.0),,I,ESP,,LF_WAP,,PT_WAP_SUB,,_Z,,Y,,_T,,Y15T64,,_Z,,Q,,2004-Q2,,68.70497,,,,A,,0,,1,
DATAFLOW,OECD.SDD.TPS:DSD_LFS@DF_IALFS_LF_WAP_Q(1.0),,I,ESP,,LF_WAP,,PT_WAP_SUB,,_Z,,Y,,_T,,Y15T64,,_Z,,Q,,2004-Q3,,69.05452,,,,A,,0,,1,
DATAFLOW,OECD.SDD.TPS:DSD_LFS@DF_IALFS_LF_WAP_Q(1.0),,I,ESP,,LF_WAP,,PT_WAP_SUB,,_Z,,Y,,_T,,Y15T64,,_Z,,Q,,2004-Q4,,69.36041,,,,A,,0,,1,
DATAFLOW,OECD.SDD.TPS:DSD_LFS@DF_IALFS_LF_WAP_Q(1.0),,I,ESP,,LF_WAP,,PT_WAP_SUB,,_Z,,Y,,_T,,Y15T64,,_Z,,Q,,2005-Q1,,69.54845,,,,A,,0,,1,
DATAFLOW,OECD.SDD.TPS:DSD_LFS@DF_IALFS_LF_WAP_Q(1.0),,I,ESP,,LF_WAP,,PT_WAP_SUB,,_Z,,Y,,_T,,Y15T64,,_Z,,Q,,2005-Q2,,70.0332,,,,A,,0,,1,
DATAFLOW,OECD.SDD.TPS:DSD_LFS@DF_IALFS_LF_WAP_Q(1.0),,I,ESP,,LF_WAP,,PT_WAP_SUB,,_Z,,Y,,_T,,Y15T64,,_Z,,Q,,2005-Q3,,70.06039,,,,A,,0,,1,
DATAFLOW,OECD.SDD.TPS:DSD_LFS@DF_IALFS_LF_WAP_Q(1.0),,I,ESP,,LF_WAP,,PT_WAP_SUB,,_Z,,Y,,_T,,Y15T64,,_Z,,Q,,2005-Q4,,70.41475,,,,A,,0,,1,
DATAFLOW,OECD.SDD.TPS:DSD_LFS@DF_IALFS_LF_WAP_Q(1.0),,I,ESP,,LF_WAP,,PT_WAP_SUB,,_Z,,Y,,_T,,Y15T64,,_Z,,Q,,2006-Q1,,70.79313,,,,A,,0,,1,
DATAFLOW,OECD.SDD.TPS:DSD_LFS@DF_IALFS_LF_WAP_Q(1.0),,I,ESP,,LF_WAP,,PT_WAP_SUB,,_Z,,Y,,_T,,Y15T64,,_Z,,Q,,2006-Q2,,70.98648,,,,A,,0,,1,
DATAFLOW,OECD.SDD.TPS:DSD_LFS@DF_IALFS_LF_WAP_Q(1.0),,I,ESP,,LF_WAP,,PT_WAP_SUB,,_Z,,Y,,_T,,Y15T64,,_Z,,Q,,2006-Q3,,71.11402,,,,A,,0,,1,
DATAFLOW,OECD.SDD.TPS:DSD_LFS@DF_IALFS_LF_WAP_Q(1.0),,I,ESP,,LF_WAP,,PT_WAP_SUB,,_Z,,Y,,_T,,Y15T64,,_Z,,Q,,2006-Q4,,71.40783,,,,A,,0,,1,
DATAFLOW,OECD.SDD.TPS:DSD_LFS@DF_IALFS_LF_WAP_Q(1.0),,I,ESP,,LF_WAP,,PT_WAP_SUB,,_Z,,Y,,_T,,Y15T64,,_Z,,Q,,2007-Q1,,71.43814,,,,A,,0,,1,
DATAFLOW,OECD.SDD.TPS:DSD_LFS@DF_IALFS_LF_WAP_Q(1.0),,I,ESP,,LF_WAP,,PT_WAP_SUB,,_Z,,Y,,_T,,Y15T64,,_Z,,Q,,2007-Q2,,71.67175,,,,A,,0,,1,
DATAFLOW,OECD.SDD.TPS:DSD_LFS@DF_IALFS_LF_WAP_Q(1.0),,I,ESP,,LF_WAP,,PT_WAP_SUB,,_Z,,Y,,_T,,Y15T64,,_Z,,Q,,2007-Q3,,71.91735,,,,A,,0,,1,
DATAFLOW,OECD.SDD.TPS:DSD_LFS@DF_IALFS_LF_WAP_Q(1.0),,I,ESP,,LF_WAP,,PT_WAP_SUB,,_Z,,Y,,_T,,Y15T64,,_Z,,Q,,2007-Q4,,71.97807,,,,A,,0,,1,
DATAFLOW,OECD.SDD.TPS:DSD_LFS@DF_IALFS_LF_WAP_Q(1.0),,I,ESP,,LF_WAP,,PT_WAP_SUB,,_Z,,Y,,_T,,Y15T64,,_Z,,Q,,2008-Q1,,72.295,,,,A,,0,,1,
DATAFLOW,OECD.SDD.TPS:DSD_LFS@DF_IALFS_LF_WAP_Q(1.0),,I,ESP,,LF_WAP,,PT_WAP_SUB,,_Z,,Y,,_T,,Y15T64,,_Z,,Q,,2008-Q2,,72.60661,,,,A,,0,,1,
DATAFLOW,OECD.SDD.TPS:DSD_LFS@DF_IALFS_LF_WAP_Q(1.0),,I,ESP,,LF_WAP,,PT_WAP_SUB,,_Z,,Y,,_T,,Y15T64,,_Z,,Q,,2008-Q3,,72.79825,,,,A,,0,,1,
DATAFLOW,OECD.SDD.TPS:DSD_LFS@DF_IALFS_LF_WAP_Q(1.0),,I,ESP,,LF_WAP,,PT_WAP_SUB,,_Z,,Y,,_T,,Y15T64,,_Z,,Q,,2008-Q4,,73.1349,,,,A,,0,,1,
DATAFLOW,OECD.SDD.TPS:DSD_LFS@DF_IALFS_LF_WAP_Q(1.0),,I,ESP,,LF_WAP,,PT_WAP_SUB,,_Z,,Y,,_T,,Y15T64,,_Z,,Q,,2009-Q1,,73.25696,,,,A,,0,,1,
DATAFLOW,OECD.SDD.TPS:DSD_LFS@DF_IALFS_LF_WAP_Q(1.0),,I,ESP,,LF_WAP,,PT_WAP_SUB,,_Z,,Y,,_T,,Y15T64,,_Z,,Q,,2009-Q2,,73.079,,,,A,,0,,1,
DATAFLOW,OECD.SDD.TPS:DSD_LFS@DF_IALFS_LF_WAP_Q(1.0),,I,ESP,,LF_WAP,,PT_WAP_SUB,,_Z,,Y,,_T,,Y15T64,,_Z,,Q,,2009-Q3,,72.93448,,,,A,,0,,1,
DATAFLOW,OECD.SDD.TPS:DSD_LFS@DF_IALFS_LF_WAP_Q(1.0),,I,ESP,,LF_WAP,,PT_WAP_SUB,,_Z,,Y,,_T,,Y15T64,,_Z,,Q,,2009-Q4,,73.06465,,,,A,,0,,1,
DATAFLOW,OECD.SDD.TPS:DSD_LFS@DF_IALFS_LF_WAP_Q(1.0),,I,ESP,,LF_WAP,,PT_WAP_SUB,,_Z,,Y,,_T,,Y15T64,,_Z,,Q,,2010-Q1,,73.26976,,,,A,,0,,1,
DATAFLOW,OECD.SDD.TPS:DSD_LFS@DF_IALFS_LF_WAP_Q(1.0),,I,ESP,,LF_WAP,,PT_WAP_SUB,,_Z,,Y,,_T,,Y15T64,,_Z,,Q,,2010-Q2,,73.51927,,,,A,,0,,1,
DATAFLOW,OECD.SDD.TPS:DSD_LFS@DF_IALFS_LF_WAP_Q(1.0),,I,ESP,,LF_WAP,,PT_WAP_SUB,,_Z,,Y,,_T,,Y15T64,,_Z,,Q,,2010-Q3,,73.6119,,,,A,,0,,1,
DATAFLOW,OECD.SDD.TPS:DSD_LFS@DF_IALFS_LF_WAP_Q(1.0),,I,ESP,,LF_WAP,,PT_WAP_SUB,,_Z,,Y,,_T,,Y15T64,,_Z,,Q,,2010-Q4,,73.70064,,,,A,,0,,1,
DATAFLOW,OECD.SDD.TPS:DSD_LFS@DF_IALFS_LF_WAP_Q(1.0),,I,ESP,,LF_WAP,,PT_WAP_SUB,,_Z,,Y,,_T,,Y15T64,,_Z,,Q,,2011-Q1,,73.70625,,,,A,,0,,1,
DATAFLOW,OECD.SDD.TPS:DSD_LFS@DF_IALFS_LF_WAP_Q(1.0),,I,ESP,,LF_WAP,,PT_WAP_SUB,,_Z,,Y,,_T,,Y15T64,,_Z,,Q,,2011-Q2,,73.89368,,,,A,,0,,1,
DATAFLOW,OECD.SDD.TPS:DSD_LFS@DF_IALFS_LF_WAP_Q(1.0),,I,ESP,,LF_WAP,,PT_WAP_SUB,,_Z,,Y,,_T,,Y15T64,,_Z,,Q,,2011-Q3,,74.01472,,,,A,,0,,1,
DATAFLOW,OECD.SDD.TPS:DSD_LFS@DF_IALFS_LF_WAP_Q(1.0),,I,ESP,,LF_WAP,,PT_WAP_SUB,,_Z,,Y,,_T,,Y15T64,,_Z,,Q,,2011-Q4,,74.04536,,,,A,,0,,1,
DATAFLOW,OECD.SDD.TPS:DSD_LFS@DF_IALFS_LF_WAP_Q(1.0),,I,ESP,,LF_WAP,,PT_WAP_SUB,,_Z,,Y,,_T,,Y15T64,,_Z,,Q,,2012-Q1,,74.11264,,,,A,,0,,1,
DATAFLOW,OECD.SDD.TPS:DSD_LFS@DF_IALFS_LF_WAP_Q(1.0),,I,ESP,,LF_WAP,,PT_WAP_SUB,,_Z,,Y,,_T,,Y15T64,,_Z,,Q,,2012-Q2,,74.30724,,,,A,,0,,1,
DATAFLOW,OECD.SDD.TPS:DSD_LFS@DF_IALFS_LF_WAP_Q(1.0),,I,ESP,,LF_WAP,,PT_WAP_SUB,,_Z,,Y,,_T,,Y15T64,,_Z,,Q,,2012-Q3,,74.366,,,,A,,0,,1,
DATAFLOW,OECD.SDD.TPS:DSD_LFS@DF_IALFS_LF_WAP_Q(1.0),,I,ESP,,LF_WAP,,PT_WAP_SUB,,_Z,,Y,,_T,,Y15T64,,_Z,,Q,,2012-Q4,,74.28069,,,,A,,0,,1,
DATAFLOW,OECD.SDD.TPS:DSD_LFS@DF_IALFS_LF_WAP_Q(1.0),,I,ESP,,LF_WAP,,PT_WAP_SUB,,_Z,,Y,,_T,,Y15T64,,_Z,,Q,,2013-Q1,,74.39163,,,,A,,0,,1,
DATAFLOW,OECD.SDD.TPS:DSD_LFS@DF_IALFS_LF_WAP_Q(1.0),,I,ESP,,LF_WAP,,PT_WAP_SUB,,_Z,,Y,,_T,,Y15T64,,_Z,,Q,,2013-Q2,,74.18179,,,,A,,0,,1,
DATAFLOW,OECD.SDD.TPS:DSD_LFS@DF_IALFS_LF_WAP_Q(1.0),,I,ESP,,LF_WAP,,PT_WAP_SUB,,_Z,,Y,,_T,,Y15T64,,_Z,,Q,,2013-Q3,,74.29919,,,,A,,0,,1,
DATAFLOW,OECD.SDD.TPS:DSD_LFS@DF_IALFS_LF_WAP_Q(1.0),,I,ESP,,LF_WAP,,PT_WAP_SUB,,_Z,,Y,,_T,,Y15T64,,_Z,,Q,,2013-Q4,,74.23102,,,,A,,0,,1,
DATAFLOW,OECD.SDD.TPS:DSD_LFS@DF_IALFS_LF_WAP_Q(1.0),,I,ESP,,LF_WAP,,PT_WAP_SUB,,_Z,,Y,,_T,,Y15T64,,_Z,,Q,,2014-Q1,,74.06913,,,,A,,0,,1,
DATAFLOW,OECD.SDD.TPS:DSD_LFS@DF_IALFS_LF_WAP_Q(1.0),,I,ESP,,LF_WAP,,PT_WAP_SUB,,_Z,,Y,,_T,,Y15T64,,_Z,,Q,,2014-Q2,,74.16193,,,,A,,0,,1,
DATAFLOW,OECD.SDD.TPS:DSD_LFS@DF_IALFS_LF_WAP_Q(1.0),,I,ESP,,LF_WAP,,PT_WAP_SUB,,_Z,,Y,,_T,,Y15T64,,_Z,,Q,,2014-Q3,,74.12968,,,,A,,0,,1,
DATAFLOW,OECD.SDD.TPS:DSD_LFS@DF_IALFS_LF_WAP_Q(1.0),,I,ESP,,LF_WAP,,PT_WAP_SUB,,_Z,,Y,,_T,,Y15T64,,_Z,,Q,,2014-Q4,,74.39968,,,,A,,0,,1,
DATAFLOW,OECD.SDD.TPS:DSD_LFS@DF_IALFS_LF_WAP_Q(1.0),,I,ESP,,LF_WAP,,PT_WAP_SUB,,_Z,,Y,,_T,,Y15T64,,_Z,,Q,,2015-Q1,,74.29713,,,,A,,0,,1,
DATAFLOW,OECD.SDD.TPS:DSD_LFS@DF_IALFS_LF_WAP_Q(1.0),,I,ESP,,LF_WAP,,PT_WAP_SUB,,_Z,,Y,,_T,,Y15T64,,_Z,,Q,,2015-Q2,,74.41396,,,,A,,0,,1,
DATAFLOW,OECD.SDD.TPS:DSD_LFS@DF_IALFS_LF_WAP_Q(1.0),,I,ESP,,LF_WAP,,PT_WAP_SUB,,_Z,,Y,,_T,,Y15T64,,_Z,,Q,,2015-Q3,,74.2588,,,,A,,0,,1,
DATAFLOW,OECD.SDD.TPS:DSD_LFS@DF_IALFS_LF_WAP_Q(1.0),,I,ESP,,LF_WAP,,PT_WAP_SUB,,_Z,,Y,,_T,,Y15T64,,_Z,,Q,,2015-Q4,,74.236,,,,A,,0,,1,
DATAFLOW,OECD.SDD.TPS:DSD_LFS@DF_IALFS_LF_WAP_Q(1.0),,I,ESP,,LF_WAP,,PT_WAP_SUB,,_Z,,Y,,_T,,Y15T64,,_Z,,Q,,2016-Q1,,74.37469,,,,A,,0,,1,
DATAFLOW,OECD.SDD.TPS:DSD_LFS@DF_IALFS_LF_WAP_Q(1.0),,I,ESP,,LF_WAP,,PT_WAP_SUB,,_Z,,Y,,_T,,Y15T64,,_Z,,Q,,2016-Q2,,74.23624,,,,A,,0,,1,
DATAFLOW,OECD.SDD.TPS:DSD_LFS@DF_IALFS_LF_WAP_Q(1.0),,I,ESP,,LF_WAP,,PT_WAP_SUB,,_Z,,Y,,_T,,Y15T64,,_Z,,Q,,2016-Q3,,74.17228,,,,A,,0,,1,
DATAFLOW,OECD.SDD.TPS:DSD_LFS@DF_IALFS_LF_WAP_Q(1.0),,I,ESP,,LF_WAP,,PT_WAP_SUB,,_Z,,Y,,_T,,Y15T64,,_Z,,Q,,2016-Q4,,74.00629,,,,A,,0,,1,
DATAFLOW,OECD.SDD.TPS:DSD_LFS@DF_IALFS_LF_WAP_Q(1.0),,I,ESP,,LF_WAP,,PT_WAP_SUB,,_Z,,Y,,_T,,Y15T64,,_Z,,Q,,2017-Q1,,74.01782,,,,A,,0,,1,
DATAFLOW,OECD.SDD.TPS:DSD_LFS@DF_IALFS_LF_WAP_Q(1.0),,I,ESP,,LF_WAP,,PT_WAP_SUB,,_Z,,Y,,_T,,Y15T64,,_Z,,Q,,2017-Q2,,73.83776,,,,A,,0,,1,
DATAFLOW,OECD.SDD.TPS:DSD_LFS@DF_IALFS_LF_WAP_Q(1.0),,I,ESP,,LF_WAP,,PT_WAP_SUB,,_Z,,Y,,_T,,Y15T64,,_Z,,Q,,2017-Q3,,73.85694,,,,A,,0,,1,
DATAFLOW,OECD.SDD.TPS:DSD_LFS@DF_IALFS_LF_WAP_Q(1.0),,I,ESP,,LF_WAP,,PT_WAP_SUB,,_Z,,Y,,_T,,Y15T64,,_Z,,Q,,2017-Q4,,73.82453,,,,A,,0,,1,
DATAFLOW,OECD.SDD.TPS:DSD_LFS@DF_IALFS_LF_WAP_Q(1.0),,I,ESP,,LF_WAP,,PT_WAP_SUB,,_Z,,Y,,_T,,Y15T64,,_Z,,Q,,2018-Q1,,73.75521,,,,A,,0,,1,
DATAFLOW,OECD.SDD.TPS:DSD_LFS@DF_IALFS_LF_WAP_Q(1.0),,I,ESP,,LF_WAP,,PT_WAP_SUB,,_Z,,Y,,_T,,Y15T64,,_Z,,Q,,2018-Q2,,73.77344,,,,A,,0,,1,
DATAFLOW,OECD.SDD.TPS:DSD_LFS@DF_IALFS_LF_WAP_Q(1.0),,I,ESP,,LF_WAP,,PT_WAP_SUB,,_Z,,Y,,_T,,Y15T64,,_Z,,Q,,2018-Q3,,73.63676,,,,A,,0,,1,
DATAFLOW,OECD.SDD.TPS:DSD_LFS@DF_IALFS_LF_WAP_Q(1.0),,I,ESP,,LF_WAP,,PT_WAP_SUB,,_Z,,Y,,_T,,Y15T64,,_Z,,Q,,2018-Q4,,73.66479,,,,A,,0,,1,
DATAFLOW,OECD.SDD.TPS:DSD_LFS@DF_IALFS_LF_WAP_Q(1.0),,I,ESP,,LF_WAP,,PT_WAP_SUB,,_Z,,Y,,_T,,Y15T64,,_Z,,Q,,2019-Q1,,73.75994,,,,A,,0,,1,
DATAFLOW,OECD.SDD.TPS:DSD_LFS@DF_IALFS_LF_WAP_Q(1.0),,I,ESP,,LF_WAP,,PT_WAP_SUB,,_Z,,Y,,_T,,Y15T64,,_Z,,Q,,2019-Q2,,73.82049,,,,A,,0,,1,
DATAFLOW,OECD.SDD.TPS:DSD_LFS@DF_IALFS_LF_WAP_Q(1.0),,I,ESP,,LF_WAP,,PT_WAP_SUB,,_Z,,Y,,_T,,Y15T64,,_Z,,Q,,2019-Q3,,73.63623,,,,A,,0,,1,
DATAFLOW,OECD.SDD.TPS:DSD_LFS@DF_IALFS_LF_WAP_Q(1.0),,I,ESP,,LF_WAP,,PT_WAP_SUB,,_Z,,Y,,_T,,Y15T64,,_Z,,Q,,2019-Q4,,73.88806,,,,A,,0,,1,
DATAFLOW,OECD.SDD.TPS:DSD_LFS@DF_IALFS_LF_WAP_Q(1.0),,I,ESP,,LF_WAP,,PT_WAP_SUB,,_Z,,Y,,_T,,Y15T64,,_Z,,Q,,2020-Q1,,73.69608,,,,A,,0,,1,
DATAFLOW,OECD.SDD.TPS:DSD_LFS@DF_IALFS_LF_WAP_Q(1.0),,I,ESP,,LF_WAP,,PT_WAP_SUB,,_Z,,Y,,_T,,Y15T64,,_Z,,Q,,2020-Q2,,69.84901,,,,A,,0,,1,
DATAFLOW,OECD.SDD.TPS:DSD_LFS@DF_IALFS_LF_WAP_Q(1.0),,I,ESP,,LF_WAP,,PT_WAP_SUB,,_Z,,Y,,_T,,Y15T64,,_Z,,Q,,2020-Q3,,72.32375,,,,A,,0,,1,
DATAFLOW,OECD.SDD.TPS:DSD_LFS@DF_IALFS_LF_WAP_Q(1.0),,I,ESP,,LF_WAP,,PT_WAP_SUB,,_Z,,Y,,_T,,Y15T64,,_Z,,Q,,2020-Q4,,73.10046,,,,A,,0,,1,
DATAFLOW,OECD.SDD.TPS:DSD_LFS@DF_IALFS_LF_WAP_Q(1.0),,I,ESP,,LF_WAP,,PT_WAP_SUB,,_Z,,Y,,_T,,Y15T64,,_Z,,Q,,2021-Q1,,73.05144,,,,A,,0,,1,
DATAFLOW,OECD.SDD.TPS:DSD_LFS@DF_IALFS_LF_WAP_Q(1.0),,I,ESP,,LF_WAP,,PT_WAP_SUB,,_Z,,Y,,_T,,Y15T64,,_Z,,Q,,2021-Q2,,73.75708,,,,A,,0,,1,
DATAFLOW,OECD.SDD.TPS:DSD_LFS@DF_IALFS_LF_WAP_Q(1.0),,I,ESP,,LF_WAP,,PT_WAP_SUB,,_Z,,Y,,_T,,Y15T64,,_Z,,Q,,2021-Q3,,74.09584,,,,A,,0,,1,
DATAFLOW,OECD.SDD.TPS:DSD_LFS@DF_IALFS_LF_WAP_Q(1.0),,I,ESP,,LF_WAP,,PT_WAP_SUB,,_Z,,Y,,_T,,Y15T64,,_Z,,Q,,2021-Q4,,73.95701,,,,A,,0,,1,
DATAFLOW,OECD.SDD.TPS:DSD_LFS@DF_IALFS_LF_WAP_Q(1.0),,I,ESP,,LF_WAP,,PT_WAP_SUB,,_Z,,Y,,_T,,Y15T64,,_Z,,Q,,2022-Q1,,74.08932,,,,A,,0,,1,
DATAFLOW,OECD.SDD.TPS:DSD_LFS@DF_IALFS_LF_WAP_Q(1.0),,I,ESP,,LF_WAP,,PT_WAP_SUB,,_Z,,Y,,_T,,Y15T64,,_Z,,Q,,2022-Q2,,74.04549,,,,A,,0,,1,
DATAFLOW,OECD.SDD.TPS:DSD_LFS@DF_IALFS_LF_WAP_Q(1.0),,I,ESP,,LF_WAP,,PT_WAP_SUB,,_Z,,Y,,_T,,Y15T64,,_Z,,Q,,2022-Q3,,73.92244,,,,A,,0,,1,
DATAFLOW,OECD.SDD.TPS:DSD_LFS@DF_IALFS_LF_WAP_Q(1.0),,I,ESP,,LF_WAP,,PT_WAP_SUB,,_Z,,Y,,_T,,Y15T64,,_Z,,Q,,2022-Q4,,73.98247,,,,A,,0,,1,
DATAFLOW,OECD.SDD.TPS:DSD_LFS@DF_IALFS_LF_WAP_Q(1.0),,I,ESP,,LF_WAP,,PT_WAP_SUB,,_Z,,Y,,_T,,Y15T64,,_Z,,Q,,2023-Q1,,74.21348,,,,A,,0,,1,
DATAFLOW,OECD.SDD.TPS:DSD_LFS@DF_IALFS_LF_WAP_Q(1.0),,I,ESP,,LF_WAP,,PT_WAP_SUB,,_Z,,Y,,_T,,Y15T64,,_Z,,Q,,2023-Q2,,74.41579,,,,A,,0,,1,
DATAFLOW,OECD.SDD.TPS:DSD_LFS@DF_IALFS_LF_WAP_Q(1.0),,I,ESP,,LF_WAP,,PT_WAP_SUB,,_Z,,Y,,_T,,Y15T64,,_Z,,Q,,2023-Q3,,74.61716,,,,A,,0,,1,
DATAFLOW,OECD.SDD.TPS:DSD_LFS@DF_IALFS_LF_WAP_Q(1.0),,I,ESP,,LF_WAP,,PT_WAP_SUB,,_Z,,Y,,_T,,Y15T64,,_Z,,Q,,2023-Q4,,74.66385,,,,A,,0,,1,
DATAFLOW,OECD.SDD.TPS:DSD_LFS@DF_IALFS_LF_WAP_Q(1.0),,I,ESP,,LF_WAP,,PT_WAP_SUB,,_Z,,Y,,_T,,Y15T64,,_Z,,Q,,2024-Q1,,74.65823,,,,A,,0,,1,
DATAFLOW,OECD.SDD.TPS:DSD_LFS@DF_IALFS_LF_WAP_Q(1.0),,I,ESP,,LF_WAP,,PT_WAP_SUB,,_Z,,Y,,_T,,Y15T64,,_Z,,Q,,2024-Q2,,74.64313,,,,A,,0,,1,
DATAFLOW,OECD.SDD.TPS:DSD_LFS@DF_IALFS_LF_WAP_Q(1.0),,I,ESP,,LF_WAP,,PT_WAP_SUB,,_Z,,Y,,_T,,Y15T64,,_Z,,Q,,2024-Q3,,74.61716,,,,A,,0,,1,
DATAFLOW,OECD.SDD.TPS:DSD_LFS@DF_IALFS_LF_WAP_Q(1.0),,I,ESP,,LF_WAP,,PT_WAP_SUB,,_Z,,Y,,_T,,Y15T64,,_Z,,Q,,2024-Q4,,74.5495,,,,A,,0,,1,
DATAFLOW,OECD.SDD.TPS:DSD_LFS@DF_IALFS_LF_WAP_Q(1.0),,I,ESP,,LF_WAP,,PT_WAP_SUB,,_Z,,Y,,_T,,Y15T64,,_Z,,Q,,2025-Q1,,74.73665,,,,A,,0,,1,
DATAFLOW,OECD.SDD.TPS:DSD_LFS@DF_IALFS_LF_WAP_Q(1.0),,I,ESP,,LF_WAP,,PT_WAP_SUB,,_Z,,Y,,_T,,Y15T64,,_Z,,Q,,2025-Q2,,74.89829,,,,A,,0,,1,
DATAFLOW,OECD.SDD.TPS:DSD_LFS@DF_IALFS_LF_WAP_Q(1.0),,I,ESP,,LF_WAP,,PT_WAP_SUB,,_Z,,Y,,_T,,Y15T64,,_Z,,Q,,2025-Q3,,74.91998,,,,A,,0,,1,
DATAFLOW,OECD.SDD.TPS:DSD_LFS@DF_IALFS_LF_WAP_Q(1.0),,I,ESP,,LF_WAP,,PT_WAP_SUB,,_Z,,Y,,_T,,Y15T64,,_Z,,Q,,2025-Q4,,75.06654,,,,A,,0,,1,
DATAFLOW,OECD.SDD.TPS:DSD_LFS@DF_IALFS_LF_WAP_Q(1.0),,I,ESP,,LF_WAP,,PT_WAP_SUB,,_Z,,Y,,_T,,Y15T64,,_Z,,Q,,2026-Q1,,75.11444,,,,A,,0,,1,
DATAFLOW,OECD.SDD.TPS:DSD_LFS@DF_IALFS_LF_WAP_Q(1.0),,I,DNK,,LF_WAP,,PT_WAP_SUB,,_Z,,Y,,_T,,Y15T64,,_Z,,Q,,1999-Q1,,80.59943,,,,A,,0,,1,
DATAFLOW,OECD.SDD.TPS:DSD_LFS@DF_IALFS_LF_WAP_Q(1.0),,I,DNK,,LF_WAP,,PT_WAP_SUB,,_Z,,Y,,_T,,Y15T64,,_Z,,Q,,1999-Q2,,80.70996,,,,A,,0,,1,
DATAFLOW,OECD.SDD.TPS:DSD_LFS@DF_IALFS_LF_WAP_Q(1.0),,I,DNK,,LF_WAP,,PT_WAP_SUB,,_Z,,Y,,_T,,Y15T64,,_Z,,Q,,1999-Q3,,80.77426,,,,A,,0,,1,
DATAFLOW,OECD.SDD.TPS:DSD_LFS@DF_IALFS_LF_WAP_Q(1.0),,I,DNK,,LF_WAP,,PT_WAP_SUB,,_Z,,Y,,_T,,Y15T64,,_Z,,Q,,1999-Q4,,80.14082,,,,A,,0,,1,
DATAFLOW,OECD.SDD.TPS:DSD_LFS@DF_IALFS_LF_WAP_Q(1.0),,I,DNK,,LF_WAP,,PT_WAP_SUB,,_Z,,Y,,_T,,Y15T64,,_Z,,Q,,2000-Q1,,80.25851,,,,A,,0,,1,
DATAFLOW,OECD.SDD.TPS:DSD_LFS@DF_IALFS_LF_WAP_Q(1.0),,I,DNK,,LF_WAP,,PT_WAP_SUB,,_Z,,Y,,_T,,Y15T64,,_Z,,Q,,2000-Q2,,80.05329,,,,A,,0,,1,
DATAFLOW,OECD.SDD.TPS:DSD_LFS@DF_IALFS_LF_WAP_Q(1.0),,I,DNK,,LF_WAP,,PT_WAP_SUB,,_Z,,Y,,_T,,Y15T64,,_Z,,Q,,2000-Q3,,79.47187,,,,A,,0,,1,
DATAFLOW,OECD.SDD.TPS:DSD_LFS@DF_IALFS_LF_WAP_Q(1.0),,I,DNK,,LF_WAP,,PT_WAP_SUB,,_Z,,Y,,_T,,Y15T64,,_Z,,Q,,2000-Q4,,80.06076,,,,A,,0,,1,
DATAFLOW,OECD.SDD.TPS:DSD_LFS@DF_IALFS_LF_WAP_Q(1.0),,I,DNK,,LF_WAP,,PT_WAP_SUB,,_Z,,Y,,_T,,Y15T64,,_Z,,Q,,2001-Q1,,79.58319,,,,A,,0,,1,
DATAFLOW,OECD.SDD.TPS:DSD_LFS@DF_IALFS_LF_WAP_Q(1.0),,I,DNK,,LF_WAP,,PT_WAP_SUB,,_Z,,Y,,_T,,Y15T64,,_Z,,Q,,2001-Q2,,79.25732,,,,A,,0,,1,
DATAFLOW,OECD.SDD.TPS:DSD_LFS@DF_IALFS_LF_WAP_Q(1.0),,I,DNK,,LF_WAP,,PT_WAP_SUB,,_Z,,Y,,_T,,Y15T64,,_Z,,Q,,2001-Q3,,80.09257,,,,A,,0,,1,
DATAFLOW,OECD.SDD.TPS:DSD_LFS@DF_IALFS_LF_WAP_Q(1.0),,I,DNK,,LF_WAP,,PT_WAP_SUB,,_Z,,Y,,_T,,Y15T64,,_Z,,Q,,2001-Q4,,80.57246,,,,A,,0,,1,
DATAFLOW,OECD.SDD.TPS:DSD_LFS@DF_IALFS_LF_WAP_Q(1.0),,I,DNK,,LF_WAP,,PT_WAP_SUB,,_Z,,Y,,_T,,Y15T64,,_Z,,Q,,2002-Q1,,79.62785,,,,A,,0,,1,
DATAFLOW,OECD.SDD.TPS:DSD_LFS@DF_IALFS_LF_WAP_Q(1.0),,I,DNK,,LF_WAP,,PT_WAP_SUB,,_Z,,Y,,_T,,Y15T64,,_Z,,Q,,2002-Q2,,79.97339,,,,A,,0,,1,
DATAFLOW,OECD.SDD.TPS:DSD_LFS@DF_IALFS_LF_WAP_Q(1.0),,I,DNK,,LF_WAP,,PT_WAP_SUB,,_Z,,Y,,_T,,Y15T64,,_Z,,Q,,2002-Q3,,79.37058,,,,A,,0,,1,
DATAFLOW,OECD.SDD.TPS:DSD_LFS@DF_IALFS_LF_WAP_Q(1.0),,I,DNK,,LF_WAP,,PT_WAP_SUB,,_Z,,Y,,_T,,Y15T64,,_Z,,Q,,2002-Q4,,79.30307,,,,A,,0,,1,
DATAFLOW,OECD.SDD.TPS:DSD_LFS@DF_IALFS_LF_WAP_Q(1.0),,I,DNK,,LF_WAP,,PT_WAP_SUB,,_Z,,Y,,_T,,Y15T64,,_Z,,Q,,2003-Q1,,79.15774,,,,A,,0,,1,
DATAFLOW,OECD.SDD.TPS:DSD_LFS@DF_IALFS_LF_WAP_Q(1.0),,I,DNK,,LF_WAP,,PT_WAP_SUB,,_Z,,Y,,_T,,Y15T64,,_Z,,Q,,2003-Q2,,79.5285,,,,A,,0,,1,
DATAFLOW,OECD.SDD.TPS:DSD_LFS@DF_IALFS_LF_WAP_Q(1.0),,I,DNK,,LF_WAP,,PT_WAP_SUB,,_Z,,Y,,_T,,Y15T64,,_Z,,Q,,2003-Q3,,79.86086,,,,A,,0,,1,
DATAFLOW,OECD.SDD.TPS:DSD_LFS@DF_IALFS_LF_WAP_Q(1.0),,I,DNK,,LF_WAP,,PT_WAP_SUB,,_Z,,Y,,_T,,Y15T64,,_Z,,Q,,2003-Q4,,79.40655,,,,A,,0,,1,
DATAFLOW,OECD.SDD.TPS:DSD_LFS@DF_IALFS_LF_WAP_Q(1.0),,I,DNK,,LF_WAP,,PT_WAP_SUB,,_Z,,Y,,_T,,Y15T64,,_Z,,Q,,2004-Q1,,79.83773,,,,A,,0,,1,
DATAFLOW,OECD.SDD.TPS:DSD_LFS@DF_IALFS_LF_WAP_Q(1.0),,I,DNK,,LF_WAP,,PT_WAP_SUB,,_Z,,Y,,_T,,Y15T64,,_Z,,Q,,2004-Q2,,80.31957,,,,A,,0,,1,
DATAFLOW,OECD.SDD.TPS:DSD_LFS@DF_IALFS_LF_WAP_Q(1.0),,I,DNK,,LF_WAP,,PT_WAP_SUB,,_Z,,Y,,_T,,Y15T64,,_Z,,Q,,2004-Q3,,80.71563,,,,A,,0,,1,
DATAFLOW,OECD.SDD.TPS:DSD_LFS@DF_IALFS_LF_WAP_Q(1.0),,I,DNK,,LF_WAP,,PT_WAP_SUB,,_Z,,Y,,_T,,Y15T64,,_Z,,Q,,2004-Q4,,79.6947,,,,A,,0,,1,
DATAFLOW,OECD.SDD.TPS:DSD_LFS@DF_IALFS_LF_WAP_Q(1.0),,I,DNK,,LF_WAP,,PT_WAP_SUB,,_Z,,Y,,_T,,Y15T64,,_Z,,Q,,2005-Q1,,80.21846,,,,A,,0,,1,
DATAFLOW,OECD.SDD.TPS:DSD_LFS@DF_IALFS_LF_WAP_Q(1.0),,I,DNK,,LF_WAP,,PT_WAP_SUB,,_Z,,Y,,_T,,Y15T64,,_Z,,Q,,2005-Q2,,79.47189,,,,A,,0,,1,
DATAFLOW,OECD.SDD.TPS:DSD_LFS@DF_IALFS_LF_WAP_Q(1.0),,I,DNK,,LF_WAP,,PT_WAP_SUB,,_Z,,Y,,_T,,Y15T64,,_Z,,Q,,2005-Q3,,79.41009,,,,A,,0,,1,
DATAFLOW,OECD.SDD.TPS:DSD_LFS@DF_IALFS_LF_WAP_Q(1.0),,I,DNK,,LF_WAP,,PT_WAP_SUB,,_Z,,Y,,_T,,Y15T64,,_Z,,Q,,2005-Q4,,80.1216,,,,A,,0,,1,
DATAFLOW,OECD.SDD.TPS:DSD_LFS@DF_IALFS_LF_WAP_Q(1.0),,I,DNK,,LF_WAP,,PT_WAP_SUB,,_Z,,Y,,_T,,Y15T64,,_Z,,Q,,2006-Q1,,80.53117,,,,A,,0,,1,
DATAFLOW,OECD.SDD.TPS:DSD_LFS@DF_IALFS_LF_WAP_Q(1.0),,I,DNK,,LF_WAP,,PT_WAP_SUB,,_Z,,Y,,_T,,Y15T64,,_Z,,Q,,2006-Q2,,80.19913,,,,A,,0,,1,
DATAFLOW,OECD.SDD.TPS:DSD_LFS@DF_IALFS_LF_WAP_Q(1.0),,I,DNK,,LF_WAP,,PT_WAP_SUB,,_Z,,Y,,_T,,Y15T64,,_Z,,Q,,2006-Q3,,80.64516,,,,A,,0,,1,
DATAFLOW,OECD.SDD.TPS:DSD_LFS@DF_IALFS_LF_WAP_Q(1.0),,I,DNK,,LF_WAP,,PT_WAP_SUB,,_Z,,Y,,_T,,Y15T64,,_Z,,Q,,2006-Q4,,80.84432,,,,A,,0,,1,
DATAFLOW,OECD.SDD.TPS:DSD_LFS@DF_IALFS_LF_WAP_Q(1.0),,I,DNK,,LF_WAP,,PT_WAP_SUB,,_Z,,Y,,_T,,Y15T64,,_Z,,Q,,2007-Q1,,80.81012,,,,A,,0,,1,
DATAFLOW,OECD.SDD.TPS:DSD_LFS@DF_IALFS_LF_WAP_Q(1.0),,I,DNK,,LF_WAP,,PT_WAP_SUB,,_Z,,Y,,_T,,Y15T64,,_Z,,Q,,2007-Q2,,80.18937,,,,A,,0,,1,
DATAFLOW,OECD.SDD.TPS:DSD_LFS@DF_IALFS_LF_WAP_Q(1.0),,I,DNK,,LF_WAP,,PT_WAP_SUB,,_Z,,Y,,_T,,Y15T64,,_Z,,Q,,2007-Q3,,79.6816,,,,A,,0,,1,
DATAFLOW,OECD.SDD.TPS:DSD_LFS@DF_IALFS_LF_WAP_Q(1.0),,I,DNK,,LF_WAP,,PT_WAP_SUB,,_Z,,Y,,_T,,Y15T64,,_Z,,Q,,2007-Q4,,79.65028,,,,A,,0,,1,
DATAFLOW,OECD.SDD.TPS:DSD_LFS@DF_IALFS_LF_WAP_Q(1.0),,I,DNK,,LF_WAP,,PT_WAP_SUB,,_Z,,Y,,_T,,Y15T64,,_Z,,Q,,2008-Q1,,78.96597,,,,A,,0,,1,
DATAFLOW,OECD.SDD.TPS:DSD_LFS@DF_IALFS_LF_WAP_Q(1.0),,I,DNK,,LF_WAP,,PT_WAP_SUB,,_Z,,Y,,_T,,Y15T64,,_Z,,Q,,2008-Q2,,79.50065,,,,A,,0,,1,
DATAFLOW,OECD.SDD.TPS:DSD_LFS@DF_IALFS_LF_WAP_Q(1.0),,I,DNK,,LF_WAP,,PT_WAP_SUB,,_Z,,Y,,_T,,Y15T64,,_Z,,Q,,2008-Q3,,79.3582,,,,A,,0,,1,
DATAFLOW,OECD.SDD.TPS:DSD_LFS@DF_IALFS_LF_WAP_Q(1.0),,I,DNK,,LF_WAP,,PT_WAP_SUB,,_Z,,Y,,_T,,Y15T64,,_Z,,Q,,2008-Q4,,79.39185,,,,A,,0,,1,
DATAFLOW,OECD.SDD.TPS:DSD_LFS@DF_IALFS_LF_WAP_Q(1.0),,I,DNK,,LF_WAP,,PT_WAP_SUB,,_Z,,Y,,_T,,Y15T64,,_Z,,Q,,2009-Q1,,79.17459,,,,A,,0,,1,
DATAFLOW,OECD.SDD.TPS:DSD_LFS@DF_IALFS_LF_WAP_Q(1.0),,I,DNK,,LF_WAP,,PT_WAP_SUB,,_Z,,Y,,_T,,Y15T64,,_Z,,Q,,2009-Q2,,79.04218,,,,A,,0,,1,
DATAFLOW,OECD.SDD.TPS:DSD_LFS@DF_IALFS_LF_WAP_Q(1.0),,I,DNK,,LF_WAP,,PT_WAP_SUB,,_Z,,Y,,_T,,Y15T64,,_Z,,Q,,2009-Q3,,78.68992,,,,A,,0,,1,
DATAFLOW,OECD.SDD.TPS:DSD_LFS@DF_IALFS_LF_WAP_Q(1.0),,I,DNK,,LF_WAP,,PT_WAP_SUB,,_Z,,Y,,_T,,Y15T64,,_Z,,Q,,2009-Q4,,77.78596,,,,A,,0,,1,
DATAFLOW,OECD.SDD.TPS:DSD_LFS@DF_IALFS_LF_WAP_Q(1.0),,I,DNK,,LF_WAP,,PT_WAP_SUB,,_Z,,Y,,_T,,Y15T64,,_Z,,Q,,2010-Q1,,77.95524,,,,A,,0,,1,
DATAFLOW,OECD.SDD.TPS:DSD_LFS@DF_IALFS_LF_WAP_Q(1.0),,I,DNK,,LF_WAP,,PT_WAP_SUB,,_Z,,Y,,_T,,Y15T64,,_Z,,Q,,2010-Q2,,78.11867,,,,A,,0,,1,
DATAFLOW,OECD.SDD.TPS:DSD_LFS@DF_IALFS_LF_WAP_Q(1.0),,I,DNK,,LF_WAP,,PT_WAP_SUB,,_Z,,Y,,_T,,Y15T64,,_Z,,Q,,2010-Q3,,77.97616,,,,A,,0,,1,
DATAFLOW,OECD.SDD.TPS:DSD_LFS@DF_IALFS_LF_WAP_Q(1.0),,I,DNK,,LF_WAP,,PT_WAP_SUB,,_Z,,Y,,_T,,Y15T64,,_Z,,Q,,2010-Q4,,77.86657,,,,A,,0,,1,
DATAFLOW,OECD.SDD.TPS:DSD_LFS@DF_IALFS_LF_WAP_Q(1.0),,I,DNK,,LF_WAP,,PT_WAP_SUB,,_Z,,Y,,_T,,Y15T64,,_Z,,Q,,2011-Q1,,78.06667,,,,A,,0,,1,
DATAFLOW,OECD.SDD.TPS:DSD_LFS@DF_IALFS_LF_WAP_Q(1.0),,I,DNK,,LF_WAP,,PT_WAP_SUB,,_Z,,Y,,_T,,Y15T64,,_Z,,Q,,2011-Q2,,77.76705,,,,A,,0,,1,
DATAFLOW,OECD.SDD.TPS:DSD_LFS@DF_IALFS_LF_WAP_Q(1.0),,I,DNK,,LF_WAP,,PT_WAP_SUB,,_Z,,Y,,_T,,Y15T64,,_Z,,Q,,2011-Q3,,77.85585,,,,A,,0,,1,
DATAFLOW,OECD.SDD.TPS:DSD_LFS@DF_IALFS_LF_WAP_Q(1.0),,I,DNK,,LF_WAP,,PT_WAP_SUB,,_Z,,Y,,_T,,Y15T64,,_Z,,Q,,2011-Q4,,77.53924,,,,A,,0,,1,
DATAFLOW,OECD.SDD.TPS:DSD_LFS@DF_IALFS_LF_WAP_Q(1.0),,I,DNK,,LF_WAP,,PT_WAP_SUB,,_Z,,Y,,_T,,Y15T64,,_Z,,Q,,2012-Q1,,77.33914,,,,A,,0,,1,
DATAFLOW,OECD.SDD.TPS:DSD_LFS@DF_IALFS_LF_WAP_Q(1.0),,I,DNK,,LF_WAP,,PT_WAP_SUB,,_Z,,Y,,_T,,Y15T64,,_Z,,Q,,2012-Q2,,77.60958,,,,A,,0,,1,
DATAFLOW,OECD.SDD.TPS:DSD_LFS@DF_IALFS_LF_WAP_Q(1.0),,I,DNK,,LF_WAP,,PT_WAP_SUB,,_Z,,Y,,_T,,Y15T64,,_Z,,Q,,2012-Q3,,77.06834,,,,A,,0,,1,
DATAFLOW,OECD.SDD.TPS:DSD_LFS@DF_IALFS_LF_WAP_Q(1.0),,I,DNK,,LF_WAP,,PT_WAP_SUB,,_Z,,Y,,_T,,Y15T64,,_Z,,Q,,2012-Q4,,76.87816,,,,A,,0,,1,
DATAFLOW,OECD.SDD.TPS:DSD_LFS@DF_IALFS_LF_WAP_Q(1.0),,I,DNK,,LF_WAP,,PT_WAP_SUB,,_Z,,Y,,_T,,Y15T64,,_Z,,Q,,2013-Q1,,76.83833,,,,A,,0,,1,
DATAFLOW,OECD.SDD.TPS:DSD_LFS@DF_IALFS_LF_WAP_Q(1.0),,I,DNK,,LF_WAP,,PT_WAP_SUB,,_Z,,Y,,_T,,Y15T64,,_Z,,Q,,2013-Q2,,76.64714,,,,A,,0,,1,
DATAFLOW,OECD.SDD.TPS:DSD_LFS@DF_IALFS_LF_WAP_Q(1.0),,I,DNK,,LF_WAP,,PT_WAP_SUB,,_Z,,Y,,_T,,Y15T64,,_Z,,Q,,2013-Q3,,76.59341,,,,A,,0,,1,
DATAFLOW,OECD.SDD.TPS:DSD_LFS@DF_IALFS_LF_WAP_Q(1.0),,I,DNK,,LF_WAP,,PT_WAP_SUB,,_Z,,Y,,_T,,Y15T64,,_Z,,Q,,2013-Q4,,76.12978,,,,A,,0,,1,
DATAFLOW,OECD.SDD.TPS:DSD_LFS@DF_IALFS_LF_WAP_Q(1.0),,I,DNK,,LF_WAP,,PT_WAP_SUB,,_Z,,Y,,_T,,Y15T64,,_Z,,Q,,2014-Q1,,76.06594,,,,A,,0,,1,
DATAFLOW,OECD.SDD.TPS:DSD_LFS@DF_IALFS_LF_WAP_Q(1.0),,I,DNK,,LF_WAP,,PT_WAP_SUB,,_Z,,Y,,_T,,Y15T64,,_Z,,Q,,2014-Q2,,76.27345,,,,A,,0,,1,
DATAFLOW,OECD.SDD.TPS:DSD_LFS@DF_IALFS_LF_WAP_Q(1.0),,I,DNK,,LF_WAP,,PT_WAP_SUB,,_Z,,Y,,_T,,Y15T64,,_Z,,Q,,2014-Q3,,76.72564,,,,A,,0,,1,
DATAFLOW,OECD.SDD.TPS:DSD_LFS@DF_IALFS_LF_WAP_Q(1.0),,I,DNK,,LF_WAP,,PT_WAP_SUB,,_Z,,Y,,_T,,Y15T64,,_Z,,Q,,2014-Q4,,77.21413,,,,A,,0,,1,
DATAFLOW,OECD.SDD.TPS:DSD_LFS@DF_IALFS_LF_WAP_Q(1.0),,I,DNK,,LF_WAP,,PT_WAP_SUB,,_Z,,Y,,_T,,Y15T64,,_Z,,Q,,2015-Q1,,77.07319,,,,A,,0,,1,
DATAFLOW,OECD.SDD.TPS:DSD_LFS@DF_IALFS_LF_WAP_Q(1.0),,I,DNK,,LF_WAP,,PT_WAP_SUB,,_Z,,Y,,_T,,Y15T64,,_Z,,Q,,2015-Q2,,77.00768,,,,A,,0,,1,
DATAFLOW,OECD.SDD.TPS:DSD_LFS@DF_IALFS_LF_WAP_Q(1.0),,I,DNK,,LF_WAP,,PT_WAP_SUB,,_Z,,Y,,_T,,Y15T64,,_Z,,Q,,2015-Q3,,76.75623,,,,A,,0,,1,
DATAFLOW,OECD.SDD.TPS:DSD_LFS@DF_IALFS_LF_WAP_Q(1.0),,I,DNK,,LF_WAP,,PT_WAP_SUB,,_Z,,Y,,_T,,Y15T64,,_Z,,Q,,2015-Q4,,76.94032,,,,A,,0,,1,
DATAFLOW,OECD.SDD.TPS:DSD_LFS@DF_IALFS_LF_WAP_Q(1.0),,I,DNK,,LF_WAP,,PT_WAP_SUB,,_Z,,Y,,_T,,Y15T64,,_Z,,Q,,2016-Q1,,77.17087,,,,A,,0,,1,
DATAFLOW,OECD.SDD.TPS:DSD_LFS@DF_IALFS_LF_WAP_Q(1.0),,I,DNK,,LF_WAP,,PT_WAP_SUB,,_Z,,Y,,_T,,Y15T64,,_Z,,Q,,2016-Q2,,77.55455,,,,A,,0,,1,
DATAFLOW,OECD.SDD.TPS:DSD_LFS@DF_IALFS_LF_WAP_Q(1.0),,I,DNK,,LF_WAP,,PT_WAP_SUB,,_Z,,Y,,_T,,Y15T64,,_Z,,Q,,2016-Q3,,77.61003,,,,A,,0,,1,
DATAFLOW,OECD.SDD.TPS:DSD_LFS@DF_IALFS_LF_WAP_Q(1.0),,I,DNK,,LF_WAP,,PT_WAP_SUB,,_Z,,Y,,_T,,Y15T64,,_Z,,Q,,2016-Q4,,77.52153,,,,A,,0,,1,
DATAFLOW,OECD.SDD.TPS:DSD_LFS@DF_IALFS_LF_WAP_Q(1.0),,I,DNK,,LF_WAP,,PT_WAP_SUB,,_Z,,Y,,_T,,Y15T64,,_Z,,Q,,2017-Q1,,77.91198,,,,A,,0,,1,
DATAFLOW,OECD.SDD.TPS:DSD_LFS@DF_IALFS_LF_WAP_Q(1.0),,I,DNK,,LF_WAP,,PT_WAP_SUB,,_Z,,Y,,_T,,Y15T64,,_Z,,Q,,2017-Q2,,77.72844,,,,A,,0,,1,
DATAFLOW,OECD.SDD.TPS:DSD_LFS@DF_IALFS_LF_WAP_Q(1.0),,I,DNK,,LF_WAP,,PT_WAP_SUB,,_Z,,Y,,_T,,Y15T64,,_Z,,Q,,2017-Q3,,78.10583,,,,A,,0,,1,
DATAFLOW,OECD.SDD.TPS:DSD_LFS@DF_IALFS_LF_WAP_Q(1.0),,I,DNK,,LF_WAP,,PT_WAP_SUB,,_Z,,Y,,_T,,Y15T64,,_Z,,Q,,2017-Q4,,77.86475,,,,A,,0,,1,
DATAFLOW,OECD.SDD.TPS:DSD_LFS@DF_IALFS_LF_WAP_Q(1.0),,I,DNK,,LF_WAP,,PT_WAP_SUB,,_Z,,Y,,_T,,Y15T64,,_Z,,Q,,2018-Q1,,77.95181,,,,A,,0,,1,
DATAFLOW,OECD.SDD.TPS:DSD_LFS@DF_IALFS_LF_WAP_Q(1.0),,I,DNK,,LF_WAP,,PT_WAP_SUB,,_Z,,Y,,_T,,Y15T64,,_Z,,Q,,2018-Q2,,78.34495,,,,A,,0,,1,
DATAFLOW,OECD.SDD.TPS:DSD_LFS@DF_IALFS_LF_WAP_Q(1.0),,I,DNK,,LF_WAP,,PT_WAP_SUB,,_Z,,Y,,_T,,Y15T64,,_Z,,Q,,2018-Q3,,78.27287,,,,A,,0,,1,
DATAFLOW,OECD.SDD.TPS:DSD_LFS@DF_IALFS_LF_WAP_Q(1.0),,I,DNK,,LF_WAP,,PT_WAP_SUB,,_Z,,Y,,_T,,Y15T64,,_Z,,Q,,2018-Q4,,78.42428,,,,A,,0,,1,
DATAFLOW,OECD.SDD.TPS:DSD_LFS@DF_IALFS_LF_WAP_Q(1.0),,I,DNK,,LF_WAP,,PT_WAP_SUB,,_Z,,Y,,_T,,Y15T64,,_Z,,Q,,2019-Q1,,78.80389,,,,A,,0,,1,
DATAFLOW,OECD.SDD.TPS:DSD_LFS@DF_IALFS_LF_WAP_Q(1.0),,I,DNK,,LF_WAP,,PT_WAP_SUB,,_Z,,Y,,_T,,Y15T64,,_Z,,Q,,2019-Q2,,79.00877,,,,A,,0,,1,
DATAFLOW,OECD.SDD.TPS:DSD_LFS@DF_IALFS_LF_WAP_Q(1.0),,I,DNK,,LF_WAP,,PT_WAP_SUB,,_Z,,Y,,_T,,Y15T64,,_Z,,Q,,2019-Q3,,79.15467,,,,A,,0,,1,
DATAFLOW,OECD.SDD.TPS:DSD_LFS@DF_IALFS_LF_WAP_Q(1.0),,I,DNK,,LF_WAP,,PT_WAP_SUB,,_Z,,Y,,_T,,Y15T64,,_Z,,Q,,2019-Q4,,79.35805,,,,A,,0,,1,
DATAFLOW,OECD.SDD.TPS:DSD_LFS@DF_IALFS_LF_WAP_Q(1.0),,I,DNK,,LF_WAP,,PT_WAP_SUB,,_Z,,Y,,_T,,Y15T64,,_Z,,Q,,2020-Q1,,79.09397,,,,A,,0,,1,
DATAFLOW,OECD.SDD.TPS:DSD_LFS@DF_IALFS_LF_WAP_Q(1.0),,I,DNK,,LF_WAP,,PT_WAP_SUB,,_Z,,Y,,_T,,Y15T64,,_Z,,Q,,2020-Q2,,78.35104,,,,A,,0,,1,
DATAFLOW,OECD.SDD.TPS:DSD_LFS@DF_IALFS_LF_WAP_Q(1.0),,I,DNK,,LF_WAP,,PT_WAP_SUB,,_Z,,Y,,_T,,Y15T64,,_Z,,Q,,2020-Q3,,79.12202,,,,A,,0,,1,
DATAFLOW,OECD.SDD.TPS:DSD_LFS@DF_IALFS_LF_WAP_Q(1.0),,I,DNK,,LF_WAP,,PT_WAP_SUB,,_Z,,Y,,_T,,Y15T64,,_Z,,Q,,2020-Q4,,79.26382,,,,A,,0,,1,
DATAFLOW,OECD.SDD.TPS:DSD_LFS@DF_IALFS_LF_WAP_Q(1.0),,I,DNK,,LF_WAP,,PT_WAP_SUB,,_Z,,Y,,_T,,Y15T64,,_Z,,Q,,2021-Q1,,78.98755,,,,A,,0,,1,
DATAFLOW,OECD.SDD.TPS:DSD_LFS@DF_IALFS_LF_WAP_Q(1.0),,I,DNK,,LF_WAP,,PT_WAP_SUB,,_Z,,Y,,_T,,Y15T64,,_Z,,Q,,2021-Q2,,79.62394,,,,A,,0,,1,
DATAFLOW,OECD.SDD.TPS:DSD_LFS@DF_IALFS_LF_WAP_Q(1.0),,I,DNK,,LF_WAP,,PT_WAP_SUB,,_Z,,Y,,_T,,Y15T64,,_Z,,Q,,2021-Q3,,79.61798,,,,A,,0,,1,
DATAFLOW,OECD.SDD.TPS:DSD_LFS@DF_IALFS_LF_WAP_Q(1.0),,I,DNK,,LF_WAP,,PT_WAP_SUB,,_Z,,Y,,_T,,Y15T64,,_Z,,Q,,2021-Q4,,80.13345,,,,A,,0,,1,
DATAFLOW,OECD.SDD.TPS:DSD_LFS@DF_IALFS_LF_WAP_Q(1.0),,I,DNK,,LF_WAP,,PT_WAP_SUB,,_Z,,Y,,_T,,Y15T64,,_Z,,Q,,2022-Q1,,80.09584,,,,A,,0,,1,
DATAFLOW,OECD.SDD.TPS:DSD_LFS@DF_IALFS_LF_WAP_Q(1.0),,I,DNK,,LF_WAP,,PT_WAP_SUB,,_Z,,Y,,_T,,Y15T64,,_Z,,Q,,2022-Q2,,80.37365,,,,A,,0,,1,
DATAFLOW,OECD.SDD.TPS:DSD_LFS@DF_IALFS_LF_WAP_Q(1.0),,I,DNK,,LF_WAP,,PT_WAP_SUB,,_Z,,Y,,_T,,Y15T64,,_Z,,Q,,2022-Q3,,80.72183,,,,A,,0,,1,
DATAFLOW,OECD.SDD.TPS:DSD_LFS@DF_IALFS_LF_WAP_Q(1.0),,I,DNK,,LF_WAP,,PT_WAP_SUB,,_Z,,Y,,_T,,Y15T64,,_Z,,Q,,2022-Q4,,80.48501,,,,A,,0,,1,
DATAFLOW,OECD.SDD.TPS:DSD_LFS@DF_IALFS_LF_WAP_Q(1.0),,I,DNK,,LF_WAP,,PT_WAP_SUB,,_Z,,Y,,_T,,Y15T64,,_Z,,Q,,2023-Q1,,80.64422,,,,A,,0,,1,
DATAFLOW,OECD.SDD.TPS:DSD_LFS@DF_IALFS_LF_WAP_Q(1.0),,I,DNK,,LF_WAP,,PT_WAP_SUB,,_Z,,Y,,_T,,Y15T64,,_Z,,Q,,2023-Q2,,80.225,,,,A,,0,,1,
DATAFLOW,OECD.SDD.TPS:DSD_LFS@DF_IALFS_LF_WAP_Q(1.0),,I,DNK,,LF_WAP,,PT_WAP_SUB,,_Z,,Y,,_T,,Y15T64,,_Z,,Q,,2023-Q3,,80.57996,,,,A,,0,,1,
DATAFLOW,OECD.SDD.TPS:DSD_LFS@DF_IALFS_LF_WAP_Q(1.0),,I,DNK,,LF_WAP,,PT_WAP_SUB,,_Z,,Y,,_T,,Y15T64,,_Z,,Q,,2023-Q4,,81.6832,,,,A,,0,,1,
DATAFLOW,OECD.SDD.TPS:DSD_LFS@DF_IALFS_LF_WAP_Q(1.0),,I,DNK,,LF_WAP,,PT_WAP_SUB,,_Z,,Y,,_T,,Y15T64,,_Z,,Q,,2024-Q1,,82.0741,,,,A,,0,,1,
DATAFLOW,OECD.SDD.TPS:DSD_LFS@DF_IALFS_LF_WAP_Q(1.0),,I,DNK,,LF_WAP,,PT_WAP_SUB,,_Z,,Y,,_T,,Y15T64,,_Z,,Q,,2024-Q2,,82.47163,,,,A,,0,,1,
DATAFLOW,OECD.SDD.TPS:DSD_LFS@DF_IALFS_LF_WAP_Q(1.0),,I,DNK,,LF_WAP,,PT_WAP_SUB,,_Z,,Y,,_T,,Y15T64,,_Z,,Q,,2024-Q3,,82.59312,,,,A,,0,,1,
DATAFLOW,OECD.SDD.TPS:DSD_LFS@DF_IALFS_LF_WAP_Q(1.0),,I,DNK,,LF_WAP,,PT_WAP_SUB,,_Z,,Y,,_T,,Y15T64,,_Z,,Q,,2024-Q4,,82.53063,,,,A,,0,,1,
DATAFLOW,OECD.SDD.TPS:DSD_LFS@DF_IALFS_LF_WAP_Q(1.0),,I,DNK,,LF_WAP,,PT_WAP_SUB,,_Z,,Y,,_T,,Y15T64,,_Z,,Q,,2025-Q1,,82.40148,,,,A,,0,,1,
DATAFLOW,OECD.SDD.TPS:DSD_LFS@DF_IALFS_LF_WAP_Q(1.0),,I,DNK,,LF_WAP,,PT_WAP_SUB,,_Z,,Y,,_T,,Y15T64,,_Z,,Q,,2025-Q2,,82.57159,,,,A,,0,,1,
DATAFLOW,OECD.SDD.TPS:DSD_LFS@DF_IALFS_LF_WAP_Q(1.0),,I,DNK,,LF_WAP,,PT_WAP_SUB,,_Z,,Y,,_T,,Y15T64,,_Z,,Q,,2025-Q3,,82.30129,,,,A,,0,,1,
DATAFLOW,OECD.SDD.TPS:DSD_LFS@DF_IALFS_LF_WAP_Q(1.0),,I,DNK,,LF_WAP,,PT_WAP_SUB,,_Z,,Y,,_T,,Y15T64,,_Z,,Q,,2025-Q4,,81.87779,,,,A,,0,,1,
DATAFLOW,OECD.SDD.TPS:DSD_LFS@DF_IALFS_LF_WAP_Q(1.0),,I,DNK,,LF_WAP,,PT_WAP_SUB,,_Z,,Y,,_T,,Y15T64,,_Z,,Q,,2026-Q1,,82.48584,,,,A,,0,,1,
DATAFLOW,OECD.SDD.TPS:DSD_LFS@DF_IALFS_LF_WAP_Q(1.0),,I,AUT,,LF_WAP,,PT_WAP_SUB,,_Z,,Y,,_T,,Y15T64,,_Z,,Q,,1999-Q1,,71.5001,,,,A,,0,,1,
DATAFLOW,OECD.SDD.TPS:DSD_LFS@DF_IALFS_LF_WAP_Q(1.0),,I,AUT,,LF_WAP,,PT_WAP_SUB,,_Z,,Y,,_T,,Y15T64,,_Z,,Q,,1999-Q2,,71.23589,,,,A,,0,,1,
DATAFLOW,OECD.SDD.TPS:DSD_LFS@DF_IALFS_LF_WAP_Q(1.0),,I,AUT,,LF_WAP,,PT_WAP_SUB,,_Z,,Y,,_T,,Y15T64,,_Z,,Q,,1999-Q3,,71.13318,,,,A,,0,,1,
DATAFLOW,OECD.SDD.TPS:DSD_LFS@DF_IALFS_LF_WAP_Q(1.0),,I,AUT,,LF_WAP,,PT_WAP_SUB,,_Z,,Y,,_T,,Y15T64,,_Z,,Q,,1999-Q4,,71.0015,,,,A,,0,,1,
DATAFLOW,OECD.SDD.TPS:DSD_LFS@DF_IALFS_LF_WAP_Q(1.0),,I,AUT,,LF_WAP,,PT_WAP_SUB,,_Z,,Y,,_T,,Y15T64,,_Z,,Q,,2000-Q1,,71.32267,,,,A,,0,,1,
DATAFLOW,OECD.SDD.TPS:DSD_LFS@DF_IALFS_LF_WAP_Q(1.0),,I,AUT,,LF_WAP,,PT_WAP_SUB,,_Z,,Y,,_T,,Y15T64,,_Z,,Q,,2000-Q2,,70.89035,,,,A,,0,,1,
DATAFLOW,OECD.SDD.TPS:DSD_LFS@DF_IALFS_LF_WAP_Q(1.0),,I,AUT,,LF_WAP,,PT_WAP_SUB,,_Z,,Y,,_T,,Y15T64,,_Z,,Q,,2000-Q3,,70.87099,,,,A,,0,,1,
DATAFLOW,OECD.SDD.TPS:DSD_LFS@DF_IALFS_LF_WAP_Q(1.0),,I,AUT,,LF_WAP,,PT_WAP_SUB,,_Z,,Y,,_T,,Y15T64,,_Z,,Q,,2000-Q4,,70.9362,,,,A,,0,,1,
DATAFLOW,OECD.SDD.TPS:DSD_LFS@DF_IALFS_LF_WAP_Q(1.0),,I,AUT,,LF_WAP,,PT_WAP_SUB,,_Z,,Y,,_T,,Y15T64,,_Z,,Q,,2001-Q1,,70.73874,,,,A,,0,,1,
DATAFLOW,OECD.SDD.TPS:DSD_LFS@DF_IALFS_LF_WAP_Q(1.0),,I,AUT,,LF_WAP,,PT_WAP_SUB,,_Z,,Y,,_T,,Y15T64,,_Z,,Q,,2001-Q2,,70.98603,,,,A,,0,,1,
DATAFLOW,OECD.SDD.TPS:DSD_LFS@DF_IALFS_LF_WAP_Q(1.0),,I,AUT,,LF_WAP,,PT_WAP_SUB,,_Z,,Y,,_T,,Y15T64,,_Z,,Q,,2001-Q3,,70.92408,,,,A,,0,,1,
DATAFLOW,OECD.SDD.TPS:DSD_LFS@DF_IALFS_LF_WAP_Q(1.0),,I,AUT,,LF_WAP,,PT_WAP_SUB,,_Z,,Y,,_T,,Y15T64,,_Z,,Q,,2001-Q4,,71.19845,,,,A,,0,,1,
DATAFLOW,OECD.SDD.TPS:DSD_LFS@DF_IALFS_LF_WAP_Q(1.0),,I,AUT,,LF_WAP,,PT_WAP_SUB,,_Z,,Y,,_T,,Y15T64,,_Z,,Q,,2002-Q1,,71.72827,,,,A,,0,,1,
DATAFLOW,OECD.SDD.TPS:DSD_LFS@DF_IALFS_LF_WAP_Q(1.0),,I,AUT,,LF_WAP,,PT_WAP_SUB,,_Z,,Y,,_T,,Y15T64,,_Z,,Q,,2002-Q2,,71.43064,,,,A,,0,,1,
DATAFLOW,OECD.SDD.TPS:DSD_LFS@DF_IALFS_LF_WAP_Q(1.0),,I,AUT,,LF_WAP,,PT_WAP_SUB,,_Z,,Y,,_T,,Y15T64,,_Z,,Q,,2002-Q3,,71.46304,,,,A,,0,,1,
DATAFLOW,OECD.SDD.TPS:DSD_LFS@DF_IALFS_LF_WAP_Q(1.0),,I,AUT,,LF_WAP,,PT_WAP_SUB,,_Z,,Y,,_T,,Y15T64,,_Z,,Q,,2002-Q4,,71.72649,,,,A,,0,,1,
DATAFLOW,OECD.SDD.TPS:DSD_LFS@DF_IALFS_LF_WAP_Q(1.0),,I,AUT,,LF_WAP,,PT_WAP_SUB,,_Z,,Y,,_T,,Y15T64,,_Z,,Q,,2003-Q1,,72.04912,,,,A,,0,,1,
DATAFLOW,OECD.SDD.TPS:DSD_LFS@DF_IALFS_LF_WAP_Q(1.0),,I,AUT,,LF_WAP,,PT_WAP_SUB,,_Z,,Y,,_T,,Y15T64,,_Z,,Q,,2003-Q2,,72.16419,,,,A,,0,,1,
DATAFLOW,OECD.SDD.TPS:DSD_LFS@DF_IALFS_LF_WAP_Q(1.0),,I,AUT,,LF_WAP,,PT_WAP_SUB,,_Z,,Y,,_T,,Y15T64,,_Z,,Q,,2003-Q3,,71.93289,,,,A,,0,,1,
DATAFLOW,OECD.SDD.TPS:DSD_LFS@DF_IALFS_LF_WAP_Q(1.0),,I,AUT,,LF_WAP,,PT_WAP_SUB,,_Z,,Y,,_T,,Y15T64,,_Z,,Q,,2003-Q4,,72.01733,,,,A,,0,,1,
DATAFLOW,OECD.SDD.TPS:DSD_LFS@DF_IALFS_LF_WAP_Q(1.0),,I,AUT,,LF_WAP,,PT_WAP_SUB,,_Z,,Y,,_T,,Y15T64,,_Z,,Q,,2004-Q1,,70.06097,,,,A,,0,,1,
DATAFLOW,OECD.SDD.TPS:DSD_LFS@DF_IALFS_LF_WAP_Q(1.0),,I,AUT,,LF_WAP,,PT_WAP_SUB,,_Z,,Y,,_T,,Y15T64,,_Z,,Q,,2004-Q2,,70.30449,,,,A,,0,,1,
DATAFLOW,OECD.SDD.TPS:DSD_LFS@DF_IALFS_LF_WAP_Q(1.0),,I,AUT,,LF_WAP,,PT_WAP_SUB,,_Z,,Y,,_T,,Y15T64,,_Z,,Q,,2004-Q3,,70.52025,,,,A,,0,,1,
DATAFLOW,OECD.SDD.TPS:DSD_LFS@DF_IALFS_LF_WAP_Q(1.0),,I,AUT,,LF_WAP,,PT_WAP_SUB,,_Z,,Y,,_T,,Y15T64,,_Z,,Q,,2004-Q4,,70.66675,,,,A,,0,,1,
DATAFLOW,OECD.SDD.TPS:DSD_LFS@DF_IALFS_LF_WAP_Q(1.0),,I,AUT,,LF_WAP,,PT_WAP_SUB,,_Z,,Y,,_T,,Y15T64,,_Z,,Q,,2005-Q1,,70.79279,,,,A,,0,,1,
DATAFLOW,OECD.SDD.TPS:DSD_LFS@DF_IALFS_LF_WAP_Q(1.0),,I,AUT,,LF_WAP,,PT_WAP_SUB,,_Z,,Y,,_T,,Y15T64,,_Z,,Q,,2005-Q2,,71.33472,,,,A,,0,,1,
DATAFLOW,OECD.SDD.TPS:DSD_LFS@DF_IALFS_LF_WAP_Q(1.0),,I,AUT,,LF_WAP,,PT_WAP_SUB,,_Z,,Y,,_T,,Y15T64,,_Z,,Q,,2005-Q3,,71.78354,,,,A,,0,,1,
DATAFLOW,OECD.SDD.TPS:DSD_LFS@DF_IALFS_LF_WAP_Q(1.0),,I,AUT,,LF_WAP,,PT_WAP_SUB,,_Z,,Y,,_T,,Y15T64,,_Z,,Q,,2005-Q4,,71.85217,,,,A,,0,,1,
DATAFLOW,OECD.SDD.TPS:DSD_LFS@DF_IALFS_LF_WAP_Q(1.0),,I,AUT,,LF_WAP,,PT_WAP_SUB,,_Z,,Y,,_T,,Y15T64,,_Z,,Q,,2006-Q1,,71.96754,,,,A,,0,,1,
DATAFLOW,OECD.SDD.TPS:DSD_LFS@DF_IALFS_LF_WAP_Q(1.0),,I,AUT,,LF_WAP,,PT_WAP_SUB,,_Z,,Y,,_T,,Y15T64,,_Z,,Q,,2006-Q2,,72.32605,,,,A,,0,,1,
DATAFLOW,OECD.SDD.TPS:DSD_LFS@DF_IALFS_LF_WAP_Q(1.0),,I,AUT,,LF_WAP,,PT_WAP_SUB,,_Z,,Y,,_T,,Y15T64,,_Z,,Q,,2006-Q3,,72.58559,,,,A,,0,,1,
DATAFLOW,OECD.SDD.TPS:DSD_LFS@DF_IALFS_LF_WAP_Q(1.0),,I,AUT,,LF_WAP,,PT_WAP_SUB,,_Z,,Y,,_T,,Y15T64,,_Z,,Q,,2006-Q4,,72.68069,,,,A,,0,,1,
DATAFLOW,OECD.SDD.TPS:DSD_LFS@DF_IALFS_LF_WAP_Q(1.0),,I,AUT,,LF_WAP,,PT_WAP_SUB,,_Z,,Y,,_T,,Y15T64,,_Z,,Q,,2007-Q1,,73.10244,,,,A,,0,,1,
DATAFLOW,OECD.SDD.TPS:DSD_LFS@DF_IALFS_LF_WAP_Q(1.0),,I,AUT,,LF_WAP,,PT_WAP_SUB,,_Z,,Y,,_T,,Y15T64,,_Z,,Q,,2007-Q2,,73.46165,,,,A,,0,,1,
DATAFLOW,OECD.SDD.TPS:DSD_LFS@DF_IALFS_LF_WAP_Q(1.0),,I,AUT,,LF_WAP,,PT_WAP_SUB,,_Z,,Y,,_T,,Y15T64,,_Z,,Q,,2007-Q3,,73.9016,,,,A,,0,,1,
DATAFLOW,OECD.SDD.TPS:DSD_LFS@DF_IALFS_LF_WAP_Q(1.0),,I,AUT,,LF_WAP,,PT_WAP_SUB,,_Z,,Y,,_T,,Y15T64,,_Z,,Q,,2007-Q4,,73.52261,,,,A,,0,,1,
DATAFLOW,OECD.SDD.TPS:DSD_LFS@DF_IALFS_LF_WAP_Q(1.0),,I,AUT,,LF_WAP,,PT_WAP_SUB,,_Z,,Y,,_T,,Y15T64,,_Z,,Q,,2008-Q1,,73.96049,,,,A,,0,,1,
DATAFLOW,OECD.SDD.TPS:DSD_LFS@DF_IALFS_LF_WAP_Q(1.0),,I,AUT,,LF_WAP,,PT_WAP_SUB,,_Z,,Y,,_T,,Y15T64,,_Z,,Q,,2008-Q2,,73.8345,,,,A,,0,,1,
DATAFLOW,OECD.SDD.TPS:DSD_LFS@DF_IALFS_LF_WAP_Q(1.0),,I,AUT,,LF_WAP,,PT_WAP_SUB,,_Z,,Y,,_T,,Y15T64,,_Z,,Q,,2008-Q3,,73.66442,,,,A,,0,,1,
DATAFLOW,OECD.SDD.TPS:DSD_LFS@DF_IALFS_LF_WAP_Q(1.0),,I,AUT,,LF_WAP,,PT_WAP_SUB,,_Z,,Y,,_T,,Y15T64,,_Z,,Q,,2008-Q4,,74.10833,,,,A,,0,,1,
DATAFLOW,OECD.SDD.TPS:DSD_LFS@DF_IALFS_LF_WAP_Q(1.0),,I,AUT,,LF_WAP,,PT_WAP_SUB,,_Z,,Y,,_T,,Y15T64,,_Z,,Q,,2009-Q1,,74.39988,,,,A,,0,,1,
DATAFLOW,OECD.SDD.TPS:DSD_LFS@DF_IALFS_LF_WAP_Q(1.0),,I,AUT,,LF_WAP,,PT_WAP_SUB,,_Z,,Y,,_T,,Y15T64,,_Z,,Q,,2009-Q2,,74.53425,,,,A,,0,,1,
DATAFLOW,OECD.SDD.TPS:DSD_LFS@DF_IALFS_LF_WAP_Q(1.0),,I,AUT,,LF_WAP,,PT_WAP_SUB,,_Z,,Y,,_T,,Y15T64,,_Z,,Q,,2009-Q3,,74.78374,,,,A,,0,,1,
DATAFLOW,OECD.SDD.TPS:DSD_LFS@DF_IALFS_LF_WAP_Q(1.0),,I,AUT,,LF_WAP,,PT_WAP_SUB,,_Z,,Y,,_T,,Y15T64,,_Z,,Q,,2009-Q4,,74.76381,,,,A,,0,,1,
DATAFLOW,OECD.SDD.TPS:DSD_LFS@DF_IALFS_LF_WAP_Q(1.0),,I,AUT,,LF_WAP,,PT_WAP_SUB,,_Z,,Y,,_T,,Y15T64,,_Z,,Q,,2010-Q1,,74.6637,,,,A,,0,,1,
DATAFLOW,OECD.SDD.TPS:DSD_LFS@DF_IALFS_LF_WAP_Q(1.0),,I,AUT,,LF_WAP,,PT_WAP_SUB,,_Z,,Y,,_T,,Y15T64,,_Z,,Q,,2010-Q2,,74.52853,,,,A,,0,,1,
DATAFLOW,OECD.SDD.TPS:DSD_LFS@DF_IALFS_LF_WAP_Q(1.0),,I,AUT,,LF_WAP,,PT_WAP_SUB,,_Z,,Y,,_T,,Y15T64,,_Z,,Q,,2010-Q3,,74.75338,,,,A,,0,,1,
DATAFLOW,OECD.SDD.TPS:DSD_LFS@DF_IALFS_LF_WAP_Q(1.0),,I,AUT,,LF_WAP,,PT_WAP_SUB,,_Z,,Y,,_T,,Y15T64,,_Z,,Q,,2010-Q4,,74.90082,,,,A,,0,,1,
DATAFLOW,OECD.SDD.TPS:DSD_LFS@DF_IALFS_LF_WAP_Q(1.0),,I,AUT,,LF_WAP,,PT_WAP_SUB,,_Z,,Y,,_T,,Y15T64,,_Z,,Q,,2011-Q1,,74.92583,,,,A,,0,,1,
DATAFLOW,OECD.SDD.TPS:DSD_LFS@DF_IALFS_LF_WAP_Q(1.0),,I,AUT,,LF_WAP,,PT_WAP_SUB,,_Z,,Y,,_T,,Y15T64,,_Z,,Q,,2011-Q2,,74.69078,,,,A,,0,,1,
DATAFLOW,OECD.SDD.TPS:DSD_LFS@DF_IALFS_LF_WAP_Q(1.0),,I,AUT,,LF_WAP,,PT_WAP_SUB,,_Z,,Y,,_T,,Y15T64,,_Z,,Q,,2011-Q3,,74.63905,,,,A,,0,,1,
DATAFLOW,OECD.SDD.TPS:DSD_LFS@DF_IALFS_LF_WAP_Q(1.0),,I,AUT,,LF_WAP,,PT_WAP_SUB,,_Z,,Y,,_T,,Y15T64,,_Z,,Q,,2011-Q4,,75.04259,,,,A,,0,,1,
DATAFLOW,OECD.SDD.TPS:DSD_LFS@DF_IALFS_LF_WAP_Q(1.0),,I,AUT,,LF_WAP,,PT_WAP_SUB,,_Z,,Y,,_T,,Y15T64,,_Z,,Q,,2012-Q1,,74.95592,,,,A,,0,,1,
DATAFLOW,OECD.SDD.TPS:DSD_LFS@DF_IALFS_LF_WAP_Q(1.0),,I,AUT,,LF_WAP,,PT_WAP_SUB,,_Z,,Y,,_T,,Y15T64,,_Z,,Q,,2012-Q2,,75.40356,,,,A,,0,,1,
DATAFLOW,OECD.SDD.TPS:DSD_LFS@DF_IALFS_LF_WAP_Q(1.0),,I,AUT,,LF_WAP,,PT_WAP_SUB,,_Z,,Y,,_T,,Y15T64,,_Z,,Q,,2012-Q3,,75.59264,,,,A,,0,,1,
DATAFLOW,OECD.SDD.TPS:DSD_LFS@DF_IALFS_LF_WAP_Q(1.0),,I,AUT,,LF_WAP,,PT_WAP_SUB,,_Z,,Y,,_T,,Y15T64,,_Z,,Q,,2012-Q4,,75.53487,,,,A,,0,,1,
DATAFLOW,OECD.SDD.TPS:DSD_LFS@DF_IALFS_LF_WAP_Q(1.0),,I,AUT,,LF_WAP,,PT_WAP_SUB,,_Z,,Y,,_T,,Y15T64,,_Z,,Q,,2013-Q1,,75.83778,,,,A,,0,,1,
DATAFLOW,OECD.SDD.TPS:DSD_LFS@DF_IALFS_LF_WAP_Q(1.0),,I,AUT,,LF_WAP,,PT_WAP_SUB,,_Z,,Y,,_T,,Y15T64,,_Z,,Q,,2013-Q2,,75.80547,,,,A,,0,,1,
DATAFLOW,OECD.SDD.TPS:DSD_LFS@DF_IALFS_LF_WAP_Q(1.0),,I,AUT,,LF_WAP,,PT_WAP_SUB,,_Z,,Y,,_T,,Y15T64,,_Z,,Q,,2013-Q3,,75.96058,,,,A,,0,,1,
DATAFLOW,OECD.SDD.TPS:DSD_LFS@DF_IALFS_LF_WAP_Q(1.0),,I,AUT,,LF_WAP,,PT_WAP_SUB,,_Z,,Y,,_T,,Y15T64,,_Z,,Q,,2013-Q4,,75.69926,,,,A,,0,,1,
DATAFLOW,OECD.SDD.TPS:DSD_LFS@DF_IALFS_LF_WAP_Q(1.0),,I,AUT,,LF_WAP,,PT_WAP_SUB,,_Z,,Y,,_T,,Y15T64,,_Z,,Q,,2014-Q1,,75.75013,,,,A,,0,,1,
DATAFLOW,OECD.SDD.TPS:DSD_LFS@DF_IALFS_LF_WAP_Q(1.0),,I,AUT,,LF_WAP,,PT_WAP_SUB,,_Z,,Y,,_T,,Y15T64,,_Z,,Q,,2014-Q2,,75.75161,,,,A,,0,,1,
DATAFLOW,OECD.SDD.TPS:DSD_LFS@DF_IALFS_LF_WAP_Q(1.0),,I,AUT,,LF_WAP,,PT_WAP_SUB,,_Z,,Y,,_T,,Y15T64,,_Z,,Q,,2014-Q3,,75.58862,,,,A,,0,,1,
DATAFLOW,OECD.SDD.TPS:DSD_LFS@DF_IALFS_LF_WAP_Q(1.0),,I,AUT,,LF_WAP,,PT_WAP_SUB,,_Z,,Y,,_T,,Y15T64,,_Z,,Q,,2014-Q4,,75.72186,,,,A,,0,,1,
DATAFLOW,OECD.SDD.TPS:DSD_LFS@DF_IALFS_LF_WAP_Q(1.0),,I,AUT,,LF_WAP,,PT_WAP_SUB,,_Z,,Y,,_T,,Y15T64,,_Z,,Q,,2015-Q1,,75.71664,,,,A,,0,,1,
DATAFLOW,OECD.SDD.TPS:DSD_LFS@DF_IALFS_LF_WAP_Q(1.0),,I,AUT,,LF_WAP,,PT_WAP_SUB,,_Z,,Y,,_T,,Y15T64,,_Z,,Q,,2015-Q2,,75.68921,,,,A,,0,,1,
DATAFLOW,OECD.SDD.TPS:DSD_LFS@DF_IALFS_LF_WAP_Q(1.0),,I,AUT,,LF_WAP,,PT_WAP_SUB,,_Z,,Y,,_T,,Y15T64,,_Z,,Q,,2015-Q3,,75.83371,,,,A,,0,,1,
DATAFLOW,OECD.SDD.TPS:DSD_LFS@DF_IALFS_LF_WAP_Q(1.0),,I,AUT,,LF_WAP,,PT_WAP_SUB,,_Z,,Y,,_T,,Y15T64,,_Z,,Q,,2015-Q4,,76.08855,,,,A,,0,,1,
DATAFLOW,OECD.SDD.TPS:DSD_LFS@DF_IALFS_LF_WAP_Q(1.0),,I,AUT,,LF_WAP,,PT_WAP_SUB,,_Z,,Y,,_T,,Y15T64,,_Z,,Q,,2016-Q1,,76.30862,,,,A,,0,,1,
DATAFLOW,OECD.SDD.TPS:DSD_LFS@DF_IALFS_LF_WAP_Q(1.0),,I,AUT,,LF_WAP,,PT_WAP_SUB,,_Z,,Y,,_T,,Y15T64,,_Z,,Q,,2016-Q2,,76.53172,,,,A,,0,,1,
DATAFLOW,OECD.SDD.TPS:DSD_LFS@DF_IALFS_LF_WAP_Q(1.0),,I,AUT,,LF_WAP,,PT_WAP_SUB,,_Z,,Y,,_T,,Y15T64,,_Z,,Q,,2016-Q3,,76.82784,,,,A,,0,,1,
DATAFLOW,OECD.SDD.TPS:DSD_LFS@DF_IALFS_LF_WAP_Q(1.0),,I,AUT,,LF_WAP,,PT_WAP_SUB,,_Z,,Y,,_T,,Y15T64,,_Z,,Q,,2016-Q4,,76.5337,,,,A,,0,,1,
DATAFLOW,OECD.SDD.TPS:DSD_LFS@DF_IALFS_LF_WAP_Q(1.0),,I,AUT,,LF_WAP,,PT_WAP_SUB,,_Z,,Y,,_T,,Y15T64,,_Z,,Q,,2017-Q1,,76.58144,,,,A,,0,,1,
DATAFLOW,OECD.SDD.TPS:DSD_LFS@DF_IALFS_LF_WAP_Q(1.0),,I,AUT,,LF_WAP,,PT_WAP_SUB,,_Z,,Y,,_T,,Y15T64,,_Z,,Q,,2017-Q2,,76.73443,,,,A,,0,,1,
DATAFLOW,OECD.SDD.TPS:DSD_LFS@DF_IALFS_LF_WAP_Q(1.0),,I,AUT,,LF_WAP,,PT_WAP_SUB,,_Z,,Y,,_T,,Y15T64,,_Z,,Q,,2017-Q3,,76.60979,,,,A,,0,,1,
DATAFLOW,OECD.SDD.TPS:DSD_LFS@DF_IALFS_LF_WAP_Q(1.0),,I,AUT,,LF_WAP,,PT_WAP_SUB,,_Z,,Y,,_T,,Y15T64,,_Z,,Q,,2017-Q4,,77.09039,,,,A,,0,,1,
DATAFLOW,OECD.SDD.TPS:DSD_LFS@DF_IALFS_LF_WAP_Q(1.0),,I,AUT,,LF_WAP,,PT_WAP_SUB,,_Z,,Y,,_T,,Y15T64,,_Z,,Q,,2018-Q1,,76.96645,,,,A,,0,,1,
DATAFLOW,OECD.SDD.TPS:DSD_LFS@DF_IALFS_LF_WAP_Q(1.0),,I,AUT,,LF_WAP,,PT_WAP_SUB,,_Z,,Y,,_T,,Y15T64,,_Z,,Q,,2018-Q2,,76.9986,,,,A,,0,,1,
DATAFLOW,OECD.SDD.TPS:DSD_LFS@DF_IALFS_LF_WAP_Q(1.0),,I,AUT,,LF_WAP,,PT_WAP_SUB,,_Z,,Y,,_T,,Y15T64,,_Z,,Q,,2018-Q3,,77.16041,,,,A,,0,,1,
DATAFLOW,OECD.SDD.TPS:DSD_LFS@DF_IALFS_LF_WAP_Q(1.0),,I,AUT,,LF_WAP,,PT_WAP_SUB,,_Z,,Y,,_T,,Y15T64,,_Z,,Q,,2018-Q4,,77.1957,,,,A,,0,,1,
DATAFLOW,OECD.SDD.TPS:DSD_LFS@DF_IALFS_LF_WAP_Q(1.0),,I,AUT,,LF_WAP,,PT_WAP_SUB,,_Z,,Y,,_T,,Y15T64,,_Z,,Q,,2019-Q1,,77.4483,,,,A,,0,,1,
DATAFLOW,OECD.SDD.TPS:DSD_LFS@DF_IALFS_LF_WAP_Q(1.0),,I,AUT,,LF_WAP,,PT_WAP_SUB,,_Z,,Y,,_T,,Y15T64,,_Z,,Q,,2019-Q2,,77.31313,,,,A,,0,,1,
DATAFLOW,OECD.SDD.TPS:DSD_LFS@DF_IALFS_LF_WAP_Q(1.0),,I,AUT,,LF_WAP,,PT_WAP_SUB,,_Z,,Y,,_T,,Y15T64,,_Z,,Q,,2019-Q3,,77.17672,,,,A,,0,,1,
DATAFLOW,OECD.SDD.TPS:DSD_LFS@DF_IALFS_LF_WAP_Q(1.0),,I,AUT,,LF_WAP,,PT_WAP_SUB,,_Z,,Y,,_T,,Y15T64,,_Z,,Q,,2019-Q4,,77.3877,,,,A,,0,,1,
DATAFLOW,OECD.SDD.TPS:DSD_LFS@DF_IALFS_LF_WAP_Q(1.0),,I,AUT,,LF_WAP,,PT_WAP_SUB,,_Z,,Y,,_T,,Y15T64,,_Z,,Q,,2020-Q1,,76.80363,,,,A,,0,,1,
DATAFLOW,OECD.SDD.TPS:DSD_LFS@DF_IALFS_LF_WAP_Q(1.0),,I,AUT,,LF_WAP,,PT_WAP_SUB,,_Z,,Y,,_T,,Y15T64,,_Z,,Q,,2020-Q2,,75.26307,,,,A,,0,,1,
DATAFLOW,OECD.SDD.TPS:DSD_LFS@DF_IALFS_LF_WAP_Q(1.0),,I,AUT,,LF_WAP,,PT_WAP_SUB,,_Z,,Y,,_T,,Y15T64,,_Z,,Q,,2020-Q3,,76.83095,,,,A,,0,,1,
DATAFLOW,OECD.SDD.TPS:DSD_LFS@DF_IALFS_LF_WAP_Q(1.0),,I,AUT,,LF_WAP,,PT_WAP_SUB,,_Z,,Y,,_T,,Y15T64,,_Z,,Q,,2020-Q4,,76.58647,,,,A,,0,,1,
DATAFLOW,OECD.SDD.TPS:DSD_LFS@DF_IALFS_LF_WAP_Q(1.0),,I,AUT,,LF_WAP,,PT_WAP_SUB,,_Z,,Y,,_T,,Y15T64,,_Z,,Q,,2021-Q1,,76.94947,,,,A,,0,,1,
DATAFLOW,OECD.SDD.TPS:DSD_LFS@DF_IALFS_LF_WAP_Q(1.0),,I,AUT,,LF_WAP,,PT_WAP_SUB,,_Z,,Y,,_T,,Y15T64,,_Z,,Q,,2021-Q2,,76.94698,,,,A,,0,,1,
DATAFLOW,OECD.SDD.TPS:DSD_LFS@DF_IALFS_LF_WAP_Q(1.0),,I,AUT,,LF_WAP,,PT_WAP_SUB,,_Z,,Y,,_T,,Y15T64,,_Z,,Q,,2021-Q3,,77.48859,,,,A,,0,,1,
DATAFLOW,OECD.SDD.TPS:DSD_LFS@DF_IALFS_LF_WAP_Q(1.0),,I,AUT,,LF_WAP,,PT_WAP_SUB,,_Z,,Y,,_T,,Y15T64,,_Z,,Q,,2021-Q4,,77.58247,,,,A,,0,,1,
DATAFLOW,OECD.SDD.TPS:DSD_LFS@DF_IALFS_LF_WAP_Q(1.0),,I,AUT,,LF_WAP,,PT_WAP_SUB,,_Z,,Y,,_T,,Y15T64,,_Z,,Q,,2022-Q1,,77.72622,,,,A,,0,,1,
DATAFLOW,OECD.SDD.TPS:DSD_LFS@DF_IALFS_LF_WAP_Q(1.0),,I,AUT,,LF_WAP,,PT_WAP_SUB,,_Z,,Y,,_T,,Y15T64,,_Z,,Q,,2022-Q2,,77.69501,,,,A,,0,,1,
DATAFLOW,OECD.SDD.TPS:DSD_LFS@DF_IALFS_LF_WAP_Q(1.0),,I,AUT,,LF_WAP,,PT_WAP_SUB,,_Z,,Y,,_T,,Y15T64,,_Z,,Q,,2022-Q3,,77.74709,,,,A,,0,,1,
DATAFLOW,OECD.SDD.TPS:DSD_LFS@DF_IALFS_LF_WAP_Q(1.0),,I,AUT,,LF_WAP,,PT_WAP_SUB,,_Z,,Y,,_T,,Y15T64,,_Z,,Q,,2022-Q4,,77.85208,,,,A,,0,,1,
DATAFLOW,OECD.SDD.TPS:DSD_LFS@DF_IALFS_LF_WAP_Q(1.0),,I,AUT,,LF_WAP,,PT_WAP_SUB,,_Z,,Y,,_T,,Y15T64,,_Z,,Q,,2023-Q1,,77.94093,,,,A,,0,,1,
DATAFLOW,OECD.SDD.TPS:DSD_LFS@DF_IALFS_LF_WAP_Q(1.0),,I,AUT,,LF_WAP,,PT_WAP_SUB,,_Z,,Y,,_T,,Y15T64,,_Z,,Q,,2023-Q2,,78.12003,,,,A,,0,,1,
DATAFLOW,OECD.SDD.TPS:DSD_LFS@DF_IALFS_LF_WAP_Q(1.0),,I,AUT,,LF_WAP,,PT_WAP_SUB,,_Z,,Y,,_T,,Y15T64,,_Z,,Q,,2023-Q3,,78.35526,,,,A,,0,,1,
DATAFLOW,OECD.SDD.TPS:DSD_LFS@DF_IALFS_LF_WAP_Q(1.0),,I,AUT,,LF_WAP,,PT_WAP_SUB,,_Z,,Y,,_T,,Y15T64,,_Z,,Q,,2023-Q4,,78.18332,,,,A,,0,,1,
DATAFLOW,OECD.SDD.TPS:DSD_LFS@DF_IALFS_LF_WAP_Q(1.0),,I,AUT,,LF_WAP,,PT_WAP_SUB,,_Z,,Y,,_T,,Y15T64,,_Z,,Q,,2024-Q1,,78.03404,,,,A,,0,,1,
DATAFLOW,OECD.SDD.TPS:DSD_LFS@DF_IALFS_LF_WAP_Q(1.0),,I,AUT,,LF_WAP,,PT_WAP_SUB,,_Z,,Y,,_T,,Y15T64,,_Z,,Q,,2024-Q2,,78.10673,,,,A,,0,,1,
DATAFLOW,OECD.SDD.TPS:DSD_LFS@DF_IALFS_LF_WAP_Q(1.0),,I,AUT,,LF_WAP,,PT_WAP_SUB,,_Z,,Y,,_T,,Y15T64,,_Z,,Q,,2024-Q3,,78.2281,,,,A,,0,,1,
DATAFLOW,OECD.SDD.TPS:DSD_LFS@DF_IALFS_LF_WAP_Q(1.0),,I,AUT,,LF_WAP,,PT_WAP_SUB,,_Z,,Y,,_T,,Y15T64,,_Z,,Q,,2024-Q4,,78.32047,,,,A,,0,,1,
DATAFLOW,OECD.SDD.TPS:DSD_LFS@DF_IALFS_LF_WAP_Q(1.0),,I,AUT,,LF_WAP,,PT_WAP_SUB,,_Z,,Y,,_T,,Y15T64,,_Z,,Q,,2025-Q1,,78.60249,,,,A,,0,,1,
DATAFLOW,OECD.SDD.TPS:DSD_LFS@DF_IALFS_LF_WAP_Q(1.0),,I,AUT,,LF_WAP,,PT_WAP_SUB,,_Z,,Y,,_T,,Y15T64,,_Z,,Q,,2025-Q2,,78.87572,,,,A,,0,,1,
DATAFLOW,OECD.SDD.TPS:DSD_LFS@DF_IALFS_LF_WAP_Q(1.0),,I,AUT,,LF_WAP,,PT_WAP_SUB,,_Z,,Y,,_T,,Y15T64,,_Z,,Q,,2025-Q3,,78.79681,,,,A,,0,,1,
DATAFLOW,OECD.SDD.TPS:DSD_LFS@DF_IALFS_LF_WAP_Q(1.0),,I,AUT,,LF_WAP,,PT_WAP_SUB,,_Z,,Y,,_T,,Y15T64,,_Z,,Q,,2025-Q4,,79.20768,,,,A,,0,,1,
DATAFLOW,OECD.SDD.TPS:DSD_LFS@DF_IALFS_LF_WAP_Q(1.0),,I,AUT,,LF_WAP,,PT_WAP_SUB,,_Z,,Y,,_T,,Y15T64,,_Z,,Q,,2026-Q1,,79.3306,,,,A,,0,,1,
DATAFLOW,OECD.SDD.TPS:DSD_LFS@DF_IALFS_LF_WAP_Q(1.0),,I,ROU,,LF_WAP,,PT_WAP_SUB,,_Z,,Y,,_T,,Y15T64,,_Z,,Q,,1998-Q2,,68.85432,,,,A,,0,,1,
DATAFLOW,OECD.SDD.TPS:DSD_LFS@DF_IALFS_LF_WAP_Q(1.0),,I,ROU,,LF_WAP,,PT_WAP_SUB,,_Z,,Y,,_T,,Y15T64,,_Z,,Q,,1998-Q3,,68.69054,,,,A,,0,,1,
DATAFLOW,OECD.SDD.TPS:DSD_LFS@DF_IALFS_LF_WAP_Q(1.0),,I,ROU,,LF_WAP,,PT_WAP_SUB,,_Z,,Y,,_T,,Y15T64,,_Z,,Q,,1998-Q4,,68.57504,,,,A,,0,,1,
DATAFLOW,OECD.SDD.TPS:DSD_LFS@DF_IALFS_LF_WAP_Q(1.0),,I,ROU,,LF_WAP,,PT_WAP_SUB,,_Z,,Y,,_T,,Y15T64,,_Z,,Q,,1999-Q1,,68.41211,,,,A,,0,,1,
DATAFLOW,OECD.SDD.TPS:DSD_LFS@DF_IALFS_LF_WAP_Q(1.0),,I,ROU,,LF_WAP,,PT_WAP_SUB,,_Z,,Y,,_T,,Y15T64,,_Z,,Q,,1999-Q2,,68.49281,,,,A,,0,,1,
DATAFLOW,OECD.SDD.TPS:DSD_LFS@DF_IALFS_LF_WAP_Q(1.0),,I,ROU,,LF_WAP,,PT_WAP_SUB,,_Z,,Y,,_T,,Y15T64,,_Z,,Q,,1999-Q3,,68.43335,,,,A,,0,,1,
DATAFLOW,OECD.SDD.TPS:DSD_LFS@DF_IALFS_LF_WAP_Q(1.0),,I,ROU,,LF_WAP,,PT_WAP_SUB,,_Z,,Y,,_T,,Y15T64,,_Z,,Q,,1999-Q4,,68.23943,,,,A,,0,,1,
DATAFLOW,OECD.SDD.TPS:DSD_LFS@DF_IALFS_LF_WAP_Q(1.0),,I,ROU,,LF_WAP,,PT_WAP_SUB,,_Z,,Y,,_T,,Y15T64,,_Z,,Q,,2000-Q1,,68.35587,,,,A,,0,,1,
DATAFLOW,OECD.SDD.TPS:DSD_LFS@DF_IALFS_LF_WAP_Q(1.0),,I,ROU,,LF_WAP,,PT_WAP_SUB,,_Z,,Y,,_T,,Y15T64,,_Z,,Q,,2000-Q2,,68.45818,,,,A,,0,,1,
DATAFLOW,OECD.SDD.TPS:DSD_LFS@DF_IALFS_LF_WAP_Q(1.0),,I,ROU,,LF_WAP,,PT_WAP_SUB,,_Z,,Y,,_T,,Y15T64,,_Z,,Q,,2000-Q3,,68.21096,,,,A,,0,,1,
DATAFLOW,OECD.SDD.TPS:DSD_LFS@DF_IALFS_LF_WAP_Q(1.0),,I,ROU,,LF_WAP,,PT_WAP_SUB,,_Z,,Y,,_T,,Y15T64,,_Z,,Q,,2000-Q4,,68.39094,,,,A,,0,,1,
DATAFLOW,OECD.SDD.TPS:DSD_LFS@DF_IALFS_LF_WAP_Q(1.0),,I,ROU,,LF_WAP,,PT_WAP_SUB,,_Z,,Y,,_T,,Y15T64,,_Z,,Q,,2001-Q1,,67.77876,,,,A,,0,,1,
DATAFLOW,OECD.SDD.TPS:DSD_LFS@DF_IALFS_LF_WAP_Q(1.0),,I,ROU,,LF_WAP,,PT_WAP_SUB,,_Z,,Y,,_T,,Y15T64,,_Z,,Q,,2001-Q2,,67.37204,,,,A,,0,,1,
DATAFLOW,OECD.SDD.TPS:DSD_LFS@DF_IALFS_LF_WAP_Q(1.0),,I,ROU,,LF_WAP,,PT_WAP_SUB,,_Z,,Y,,_T,,Y15T64,,_Z,,Q,,2001-Q3,,67.32539,,,,A,,0,,1,
DATAFLOW,OECD.SDD.TPS:DSD_LFS@DF_IALFS_LF_WAP_Q(1.0),,I,ROU,,LF_WAP,,PT_WAP_SUB,,_Z,,Y,,_T,,Y15T64,,_Z,,Q,,2001-Q4,,66.66259,,,,A,,0,,1,
DATAFLOW,OECD.SDD.TPS:DSD_LFS@DF_IALFS_LF_WAP_Q(1.0),,I,ROU,,LF_WAP,,PT_WAP_SUB,,_Z,,Y,,_T,,Y15T64,,_Z,,Q,,2002-Q1,,64.00687,,,,A,,0,,1,
DATAFLOW,OECD.SDD.TPS:DSD_LFS@DF_IALFS_LF_WAP_Q(1.0),,I,ROU,,LF_WAP,,PT_WAP_SUB,,_Z,,Y,,_T,,Y15T64,,_Z,,Q,,2002-Q2,,63.3323,,,,A,,0,,1,
DATAFLOW,OECD.SDD.TPS:DSD_LFS@DF_IALFS_LF_WAP_Q(1.0),,I,ROU,,LF_WAP,,PT_WAP_SUB,,_Z,,Y,,_T,,Y15T64,,_Z,,Q,,2002-Q3,,63.14384,,,,A,,0,,1,
DATAFLOW,OECD.SDD.TPS:DSD_LFS@DF_IALFS_LF_WAP_Q(1.0),,I,ROU,,LF_WAP,,PT_WAP_SUB,,_Z,,Y,,_T,,Y15T64,,_Z,,Q,,2002-Q4,,63.11102,,,,A,,0,,1,
DATAFLOW,OECD.SDD.TPS:DSD_LFS@DF_IALFS_LF_WAP_Q(1.0),,I,ROU,,LF_WAP,,PT_WAP_SUB,,_Z,,Y,,_T,,Y15T64,,_Z,,Q,,2003-Q1,,62.21787,,,,A,,0,,1,
DATAFLOW,OECD.SDD.TPS:DSD_LFS@DF_IALFS_LF_WAP_Q(1.0),,I,ROU,,LF_WAP,,PT_WAP_SUB,,_Z,,Y,,_T,,Y15T64,,_Z,,Q,,2003-Q2,,62.42289,,,,A,,0,,1,
DATAFLOW,OECD.SDD.TPS:DSD_LFS@DF_IALFS_LF_WAP_Q(1.0),,I,ROU,,LF_WAP,,PT_WAP_SUB,,_Z,,Y,,_T,,Y15T64,,_Z,,Q,,2003-Q3,,62.31258,,,,A,,0,,1,
DATAFLOW,OECD.SDD.TPS:DSD_LFS@DF_IALFS_LF_WAP_Q(1.0),,I,ROU,,LF_WAP,,PT_WAP_SUB,,_Z,,Y,,_T,,Y15T64,,_Z,,Q,,2003-Q4,,61.9773,,,,A,,0,,1,
DATAFLOW,OECD.SDD.TPS:DSD_LFS@DF_IALFS_LF_WAP_Q(1.0),,I,ROU,,LF_WAP,,PT_WAP_SUB,,_Z,,Y,,_T,,Y15T64,,_Z,,Q,,2004-Q1,,62.62972,,,,A,,0,,1,
DATAFLOW,OECD.SDD.TPS:DSD_LFS@DF_IALFS_LF_WAP_Q(1.0),,I,ROU,,LF_WAP,,PT_WAP_SUB,,_Z,,Y,,_T,,Y15T64,,_Z,,Q,,2004-Q2,,63.05111,,,,A,,0,,1,
DATAFLOW,OECD.SDD.TPS:DSD_LFS@DF_IALFS_LF_WAP_Q(1.0),,I,ROU,,LF_WAP,,PT_WAP_SUB,,_Z,,Y,,_T,,Y15T64,,_Z,,Q,,2004-Q3,,62.83696,,,,A,,0,,1,
DATAFLOW,OECD.SDD.TPS:DSD_LFS@DF_IALFS_LF_WAP_Q(1.0),,I,ROU,,LF_WAP,,PT_WAP_SUB,,_Z,,Y,,_T,,Y15T64,,_Z,,Q,,2004-Q4,,63.65407,,,,A,,0,,1,
DATAFLOW,OECD.SDD.TPS:DSD_LFS@DF_IALFS_LF_WAP_Q(1.0),,I,ROU,,LF_WAP,,PT_WAP_SUB,,_Z,,Y,,_T,,Y15T64,,_Z,,Q,,2005-Q1,,63.41896,,,,A,,0,,1,
DATAFLOW,OECD.SDD.TPS:DSD_LFS@DF_IALFS_LF_WAP_Q(1.0),,I,ROU,,LF_WAP,,PT_WAP_SUB,,_Z,,Y,,_T,,Y15T64,,_Z,,Q,,2005-Q2,,62.75582,,,,A,,0,,1,
DATAFLOW,OECD.SDD.TPS:DSD_LFS@DF_IALFS_LF_WAP_Q(1.0),,I,ROU,,LF_WAP,,PT_WAP_SUB,,_Z,,Y,,_T,,Y15T64,,_Z,,Q,,2005-Q3,,60.1725,,,,A,,0,,1,
DATAFLOW,OECD.SDD.TPS:DSD_LFS@DF_IALFS_LF_WAP_Q(1.0),,I,ROU,,LF_WAP,,PT_WAP_SUB,,_Z,,Y,,_T,,Y15T64,,_Z,,Q,,2005-Q4,,62.78759,,,,A,,0,,1,
DATAFLOW,OECD.SDD.TPS:DSD_LFS@DF_IALFS_LF_WAP_Q(1.0),,I,ROU,,LF_WAP,,PT_WAP_SUB,,_Z,,Y,,_T,,Y15T64,,_Z,,Q,,2006-Q1,,63.48759,,,,A,,0,,1,
DATAFLOW,OECD.SDD.TPS:DSD_LFS@DF_IALFS_LF_WAP_Q(1.0),,I,ROU,,LF_WAP,,PT_WAP_SUB,,_Z,,Y,,_T,,Y15T64,,_Z,,Q,,2006-Q2,,63.61984,,,,A,,0,,1,
DATAFLOW,OECD.SDD.TPS:DSD_LFS@DF_IALFS_LF_WAP_Q(1.0),,I,ROU,,LF_WAP,,PT_WAP_SUB,,_Z,,Y,,_T,,Y15T64,,_Z,,Q,,2006-Q3,,64.07581,,,,A,,0,,1,
DATAFLOW,OECD.SDD.TPS:DSD_LFS@DF_IALFS_LF_WAP_Q(1.0),,I,ROU,,LF_WAP,,PT_WAP_SUB,,_Z,,Y,,_T,,Y15T64,,_Z,,Q,,2006-Q4,,63.2978,,,,A,,0,,1,
DATAFLOW,OECD.SDD.TPS:DSD_LFS@DF_IALFS_LF_WAP_Q(1.0),,I,ROU,,LF_WAP,,PT_WAP_SUB,,_Z,,Y,,_T,,Y15T64,,_Z,,Q,,2007-Q1,,62.98949,,,,A,,0,,1,
DATAFLOW,OECD.SDD.TPS:DSD_LFS@DF_IALFS_LF_WAP_Q(1.0),,I,ROU,,LF_WAP,,PT_WAP_SUB,,_Z,,Y,,_T,,Y15T64,,_Z,,Q,,2007-Q2,,63.21108,,,,A,,0,,1,
DATAFLOW,OECD.SDD.TPS:DSD_LFS@DF_IALFS_LF_WAP_Q(1.0),,I,ROU,,LF_WAP,,PT_WAP_SUB,,_Z,,Y,,_T,,Y15T64,,_Z,,Q,,2007-Q3,,62.95498,,,,A,,0,,1,
DATAFLOW,OECD.SDD.TPS:DSD_LFS@DF_IALFS_LF_WAP_Q(1.0),,I,ROU,,LF_WAP,,PT_WAP_SUB,,_Z,,Y,,_T,,Y15T64,,_Z,,Q,,2007-Q4,,62.93959,,,,A,,0,,1,
DATAFLOW,OECD.SDD.TPS:DSD_LFS@DF_IALFS_LF_WAP_Q(1.0),,I,ROU,,LF_WAP,,PT_WAP_SUB,,_Z,,Y,,_T,,Y15T64,,_Z,,Q,,2008-Q1,,62.93814,,,,A,,0,,1,
DATAFLOW,OECD.SDD.TPS:DSD_LFS@DF_IALFS_LF_WAP_Q(1.0),,I,ROU,,LF_WAP,,PT_WAP_SUB,,_Z,,Y,,_T,,Y15T64,,_Z,,Q,,2008-Q2,,62.83824,,,,A,,0,,1,
DATAFLOW,OECD.SDD.TPS:DSD_LFS@DF_IALFS_LF_WAP_Q(1.0),,I,ROU,,LF_WAP,,PT_WAP_SUB,,_Z,,Y,,_T,,Y15T64,,_Z,,Q,,2008-Q3,,62.66442,,,,A,,0,,1,
DATAFLOW,OECD.SDD.TPS:DSD_LFS@DF_IALFS_LF_WAP_Q(1.0),,I,ROU,,LF_WAP,,PT_WAP_SUB,,_Z,,Y,,_T,,Y15T64,,_Z,,Q,,2008-Q4,,63.04676,,,,A,,0,,1,
DATAFLOW,OECD.SDD.TPS:DSD_LFS@DF_IALFS_LF_WAP_Q(1.0),,I,ROU,,LF_WAP,,PT_WAP_SUB,,_Z,,Y,,_T,,Y15T64,,_Z,,Q,,2009-Q1,,59.67548,,,,A,,0,,1,
DATAFLOW,OECD.SDD.TPS:DSD_LFS@DF_IALFS_LF_WAP_Q(1.0),,I,ROU,,LF_WAP,,PT_WAP_SUB,,_Z,,Y,,_T,,Y15T64,,_Z,,Q,,2009-Q2,,59.2105,,,,A,,0,,1,
DATAFLOW,OECD.SDD.TPS:DSD_LFS@DF_IALFS_LF_WAP_Q(1.0),,I,ROU,,LF_WAP,,PT_WAP_SUB,,_Z,,Y,,_T,,Y15T64,,_Z,,Q,,2009-Q3,,59.63602,,,,A,,0,,1,
DATAFLOW,OECD.SDD.TPS:DSD_LFS@DF_IALFS_LF_WAP_Q(1.0),,I,ROU,,LF_WAP,,PT_WAP_SUB,,_Z,,Y,,_T,,Y15T64,,_Z,,Q,,2009-Q4,,59.13766,,,,A,,0,,1,
DATAFLOW,OECD.SDD.TPS:DSD_LFS@DF_IALFS_LF_WAP_Q(1.0),,I,ROU,,LF_WAP,,PT_WAP_SUB,,_Z,,Y,,_T,,Y15T64,,_Z,,Q,,2010-Q1,,61.74402,,,,A,,0,,1,
DATAFLOW,OECD.SDD.TPS:DSD_LFS@DF_IALFS_LF_WAP_Q(1.0),,I,ROU,,LF_WAP,,PT_WAP_SUB,,_Z,,Y,,_T,,Y15T64,,_Z,,Q,,2010-Q2,,62.45673,,,,A,,0,,1,
DATAFLOW,OECD.SDD.TPS:DSD_LFS@DF_IALFS_LF_WAP_Q(1.0),,I,ROU,,LF_WAP,,PT_WAP_SUB,,_Z,,Y,,_T,,Y15T64,,_Z,,Q,,2010-Q3,,61.82753,,,,A,,0,,1,
DATAFLOW,OECD.SDD.TPS:DSD_LFS@DF_IALFS_LF_WAP_Q(1.0),,I,ROU,,LF_WAP,,PT_WAP_SUB,,_Z,,Y,,_T,,Y15T64,,_Z,,Q,,2010-Q4,,61.31855,,,,A,,0,,1,
DATAFLOW,OECD.SDD.TPS:DSD_LFS@DF_IALFS_LF_WAP_Q(1.0),,I,ROU,,LF_WAP,,PT_WAP_SUB,,_Z,,Y,,_T,,Y15T64,,_Z,,Q,,2011-Q1,,61.66614,,,,A,,0,,1,
DATAFLOW,OECD.SDD.TPS:DSD_LFS@DF_IALFS_LF_WAP_Q(1.0),,I,ROU,,LF_WAP,,PT_WAP_SUB,,_Z,,Y,,_T,,Y15T64,,_Z,,Q,,2011-Q2,,60.90432,,,,A,,0,,1,
DATAFLOW,OECD.SDD.TPS:DSD_LFS@DF_IALFS_LF_WAP_Q(1.0),,I,ROU,,LF_WAP,,PT_WAP_SUB,,_Z,,Y,,_T,,Y15T64,,_Z,,Q,,2011-Q3,,60.84709,,,,A,,0,,1,
DATAFLOW,OECD.SDD.TPS:DSD_LFS@DF_IALFS_LF_WAP_Q(1.0),,I,ROU,,LF_WAP,,PT_WAP_SUB,,_Z,,Y,,_T,,Y15T64,,_Z,,Q,,2011-Q4,,61.43674,,,,A,,0,,1,
DATAFLOW,OECD.SDD.TPS:DSD_LFS@DF_IALFS_LF_WAP_Q(1.0),,I,ROU,,LF_WAP,,PT_WAP_SUB,,_Z,,Y,,_T,,Y15T64,,_Z,,Q,,2012-Q1,,61.68498,,,,A,,0,,1,
DATAFLOW,OECD.SDD.TPS:DSD_LFS@DF_IALFS_LF_WAP_Q(1.0),,I,ROU,,LF_WAP,,PT_WAP_SUB,,_Z,,Y,,_T,,Y15T64,,_Z,,Q,,2012-Q2,,61.82607,,,,A,,0,,1,
DATAFLOW,OECD.SDD.TPS:DSD_LFS@DF_IALFS_LF_WAP_Q(1.0),,I,ROU,,LF_WAP,,PT_WAP_SUB,,_Z,,Y,,_T,,Y15T64,,_Z,,Q,,2012-Q3,,61.995,,,,A,,0,,1,
DATAFLOW,OECD.SDD.TPS:DSD_LFS@DF_IALFS_LF_WAP_Q(1.0),,I,ROU,,LF_WAP,,PT_WAP_SUB,,_Z,,Y,,_T,,Y15T64,,_Z,,Q,,2012-Q4,,61.98719,,,,A,,0,,1,
DATAFLOW,OECD.SDD.TPS:DSD_LFS@DF_IALFS_LF_WAP_Q(1.0),,I,ROU,,LF_WAP,,PT_WAP_SUB,,_Z,,Y,,_T,,Y15T64,,_Z,,Q,,2013-Q1,,61.73574,,,,A,,0,,1,
DATAFLOW,OECD.SDD.TPS:DSD_LFS@DF_IALFS_LF_WAP_Q(1.0),,I,ROU,,LF_WAP,,PT_WAP_SUB,,_Z,,Y,,_T,,Y15T64,,_Z,,Q,,2013-Q2,,62.29404,,,,A,,0,,1,
DATAFLOW,OECD.SDD.TPS:DSD_LFS@DF_IALFS_LF_WAP_Q(1.0),,I,ROU,,LF_WAP,,PT_WAP_SUB,,_Z,,Y,,_T,,Y15T64,,_Z,,Q,,2013-Q3,,61.91772,,,,A,,0,,1,
DATAFLOW,OECD.SDD.TPS:DSD_LFS@DF_IALFS_LF_WAP_Q(1.0),,I,ROU,,LF_WAP,,PT_WAP_SUB,,_Z,,Y,,_T,,Y15T64,,_Z,,Q,,2013-Q4,,62.32483,,,,A,,0,,1,
DATAFLOW,OECD.SDD.TPS:DSD_LFS@DF_IALFS_LF_WAP_Q(1.0),,I,ROU,,LF_WAP,,PT_WAP_SUB,,_Z,,Y,,_T,,Y15T64,,_Z,,Q,,2014-Q1,,62.83672,,,,A,,0,,1,
DATAFLOW,OECD.SDD.TPS:DSD_LFS@DF_IALFS_LF_WAP_Q(1.0),,I,ROU,,LF_WAP,,PT_WAP_SUB,,_Z,,Y,,_T,,Y15T64,,_Z,,Q,,2014-Q2,,62.61711,,,,A,,0,,1,
DATAFLOW,OECD.SDD.TPS:DSD_LFS@DF_IALFS_LF_WAP_Q(1.0),,I,ROU,,LF_WAP,,PT_WAP_SUB,,_Z,,Y,,_T,,Y15T64,,_Z,,Q,,2014-Q3,,63.17151,,,,A,,0,,1,
DATAFLOW,OECD.SDD.TPS:DSD_LFS@DF_IALFS_LF_WAP_Q(1.0),,I,ROU,,LF_WAP,,PT_WAP_SUB,,_Z,,Y,,_T,,Y15T64,,_Z,,Q,,2014-Q4,,63.14827,,,,A,,0,,1,
DATAFLOW,OECD.SDD.TPS:DSD_LFS@DF_IALFS_LF_WAP_Q(1.0),,I,ROU,,LF_WAP,,PT_WAP_SUB,,_Z,,Y,,_T,,Y15T64,,_Z,,Q,,2015-Q1,,63.08263,,,,A,,0,,1,
DATAFLOW,OECD.SDD.TPS:DSD_LFS@DF_IALFS_LF_WAP_Q(1.0),,I,ROU,,LF_WAP,,PT_WAP_SUB,,_Z,,Y,,_T,,Y15T64,,_Z,,Q,,2015-Q2,,63.74016,,,,A,,0,,1,
DATAFLOW,OECD.SDD.TPS:DSD_LFS@DF_IALFS_LF_WAP_Q(1.0),,I,ROU,,LF_WAP,,PT_WAP_SUB,,_Z,,Y,,_T,,Y15T64,,_Z,,Q,,2015-Q3,,63.98019,,,,A,,0,,1,
DATAFLOW,OECD.SDD.TPS:DSD_LFS@DF_IALFS_LF_WAP_Q(1.0),,I,ROU,,LF_WAP,,PT_WAP_SUB,,_Z,,Y,,_T,,Y15T64,,_Z,,Q,,2015-Q4,,63.99362,,,,A,,0,,1,
DATAFLOW,OECD.SDD.TPS:DSD_LFS@DF_IALFS_LF_WAP_Q(1.0),,I,ROU,,LF_WAP,,PT_WAP_SUB,,_Z,,Y,,_T,,Y15T64,,_Z,,Q,,2016-Q1,,63.49188,,,,A,,0,,1,
DATAFLOW,OECD.SDD.TPS:DSD_LFS@DF_IALFS_LF_WAP_Q(1.0),,I,ROU,,LF_WAP,,PT_WAP_SUB,,_Z,,Y,,_T,,Y15T64,,_Z,,Q,,2016-Q2,,62.96227,,,,A,,0,,1,
DATAFLOW,OECD.SDD.TPS:DSD_LFS@DF_IALFS_LF_WAP_Q(1.0),,I,ROU,,LF_WAP,,PT_WAP_SUB,,_Z,,Y,,_T,,Y15T64,,_Z,,Q,,2016-Q3,,63.56355,,,,A,,0,,1,
DATAFLOW,OECD.SDD.TPS:DSD_LFS@DF_IALFS_LF_WAP_Q(1.0),,I,ROU,,LF_WAP,,PT_WAP_SUB,,_Z,,Y,,_T,,Y15T64,,_Z,,Q,,2016-Q4,,63.79965,,,,A,,0,,1,
DATAFLOW,OECD.SDD.TPS:DSD_LFS@DF_IALFS_LF_WAP_Q(1.0),,I,ROU,,LF_WAP,,PT_WAP_SUB,,_Z,,Y,,_T,,Y15T64,,_Z,,Q,,2017-Q1,,64.28319,,,,A,,0,,1,
DATAFLOW,OECD.SDD.TPS:DSD_LFS@DF_IALFS_LF_WAP_Q(1.0),,I,ROU,,LF_WAP,,PT_WAP_SUB,,_Z,,Y,,_T,,Y15T64,,_Z,,Q,,2017-Q2,,65.92132,,,,A,,0,,1,
DATAFLOW,OECD.SDD.TPS:DSD_LFS@DF_IALFS_LF_WAP_Q(1.0),,I,ROU,,LF_WAP,,PT_WAP_SUB,,_Z,,Y,,_T,,Y15T64,,_Z,,Q,,2017-Q3,,65.50379,,,,A,,0,,1,
DATAFLOW,OECD.SDD.TPS:DSD_LFS@DF_IALFS_LF_WAP_Q(1.0),,I,ROU,,LF_WAP,,PT_WAP_SUB,,_Z,,Y,,_T,,Y15T64,,_Z,,Q,,2017-Q4,,65.33794,,,,A,,0,,1,
DATAFLOW,OECD.SDD.TPS:DSD_LFS@DF_IALFS_LF_WAP_Q(1.0),,I,ROU,,LF_WAP,,PT_WAP_SUB,,_Z,,Y,,_T,,Y15T64,,_Z,,Q,,2018-Q1,,65.54324,,,,A,,0,,1,
DATAFLOW,OECD.SDD.TPS:DSD_LFS@DF_IALFS_LF_WAP_Q(1.0),,I,ROU,,LF_WAP,,PT_WAP_SUB,,_Z,,Y,,_T,,Y15T64,,_Z,,Q,,2018-Q2,,65.66966,,,,A,,0,,1,
DATAFLOW,OECD.SDD.TPS:DSD_LFS@DF_IALFS_LF_WAP_Q(1.0),,I,ROU,,LF_WAP,,PT_WAP_SUB,,_Z,,Y,,_T,,Y15T64,,_Z,,Q,,2018-Q3,,65.99083,,,,A,,0,,1,
DATAFLOW,OECD.SDD.TPS:DSD_LFS@DF_IALFS_LF_WAP_Q(1.0),,I,ROU,,LF_WAP,,PT_WAP_SUB,,_Z,,Y,,_T,,Y15T64,,_Z,,Q,,2018-Q4,,65.91341,,,,A,,0,,1,
DATAFLOW,OECD.SDD.TPS:DSD_LFS@DF_IALFS_LF_WAP_Q(1.0),,I,ROU,,LF_WAP,,PT_WAP_SUB,,_Z,,Y,,_T,,Y15T64,,_Z,,Q,,2019-Q1,,66.15364,,,,A,,0,,1,
DATAFLOW,OECD.SDD.TPS:DSD_LFS@DF_IALFS_LF_WAP_Q(1.0),,I,ROU,,LF_WAP,,PT_WAP_SUB,,_Z,,Y,,_T,,Y15T64,,_Z,,Q,,2019-Q2,,66.78834,,,,A,,0,,1,
DATAFLOW,OECD.SDD.TPS:DSD_LFS@DF_IALFS_LF_WAP_Q(1.0),,I,ROU,,LF_WAP,,PT_WAP_SUB,,_Z,,Y,,_T,,Y15T64,,_Z,,Q,,2019-Q3,,66.799,,,,A,,0,,1,
DATAFLOW,OECD.SDD.TPS:DSD_LFS@DF_IALFS_LF_WAP_Q(1.0),,I,ROU,,LF_WAP,,PT_WAP_SUB,,_Z,,Y,,_T,,Y15T64,,_Z,,Q,,2019-Q4,,67.11239,,,,A,,0,,1,
DATAFLOW,OECD.SDD.TPS:DSD_LFS@DF_IALFS_LF_WAP_Q(1.0),,I,ROU,,LF_WAP,,PT_WAP_SUB,,_Z,,Y,,_T,,Y15T64,,_Z,,Q,,2020-Q1,,67.25216,,,,A,,0,,1,
DATAFLOW,OECD.SDD.TPS:DSD_LFS@DF_IALFS_LF_WAP_Q(1.0),,I,ROU,,LF_WAP,,PT_WAP_SUB,,_Z,,Y,,_T,,Y15T64,,_Z,,Q,,2020-Q2,,66.97382,,,,A,,0,,1,
DATAFLOW,OECD.SDD.TPS:DSD_LFS@DF_IALFS_LF_WAP_Q(1.0),,I,ROU,,LF_WAP,,PT_WAP_SUB,,_Z,,Y,,_T,,Y15T64,,_Z,,Q,,2020-Q3,,67.56358,,,,A,,0,,1,
DATAFLOW,OECD.SDD.TPS:DSD_LFS@DF_IALFS_LF_WAP_Q(1.0),,I,ROU,,LF_WAP,,PT_WAP_SUB,,_Z,,Y,,_T,,Y15T64,,_Z,,Q,,2020-Q4,,67.86721,,,,A,,0,,1,
DATAFLOW,OECD.SDD.TPS:DSD_LFS@DF_IALFS_LF_WAP_Q(1.0),,I,ROU,,LF_WAP,,PT_WAP_SUB,,_Z,,Y,,_T,,Y15T64,,_Z,,Q,,2021-Q1,,65.11756,,,,A,,0,,1,
DATAFLOW,OECD.SDD.TPS:DSD_LFS@DF_IALFS_LF_WAP_Q(1.0),,I,ROU,,LF_WAP,,PT_WAP_SUB,,_Z,,Y,,_T,,Y15T64,,_Z,,Q,,2021-Q2,,65.52352,,,,A,,0,,1,
DATAFLOW,OECD.SDD.TPS:DSD_LFS@DF_IALFS_LF_WAP_Q(1.0),,I,ROU,,LF_WAP,,PT_WAP_SUB,,_Z,,Y,,_T,,Y15T64,,_Z,,Q,,2021-Q3,,65.57732,,,,A,,0,,1,
DATAFLOW,OECD.SDD.TPS:DSD_LFS@DF_IALFS_LF_WAP_Q(1.0),,I,ROU,,LF_WAP,,PT_WAP_SUB,,_Z,,Y,,_T,,Y15T64,,_Z,,Q,,2021-Q4,,66.17924,,,,A,,0,,1,
DATAFLOW,OECD.SDD.TPS:DSD_LFS@DF_IALFS_LF_WAP_Q(1.0),,I,ROU,,LF_WAP,,PT_WAP_SUB,,_Z,,Y,,_T,,Y15T64,,_Z,,Q,,2022-Q1,,66.65431,,,,A,,0,,1,
DATAFLOW,OECD.SDD.TPS:DSD_LFS@DF_IALFS_LF_WAP_Q(1.0),,I,ROU,,LF_WAP,,PT_WAP_SUB,,_Z,,Y,,_T,,Y15T64,,_Z,,Q,,2022-Q2,,66.88838,,,,A,,0,,1,
DATAFLOW,OECD.SDD.TPS:DSD_LFS@DF_IALFS_LF_WAP_Q(1.0),,I,ROU,,LF_WAP,,PT_WAP_SUB,,_Z,,Y,,_T,,Y15T64,,_Z,,Q,,2022-Q3,,66.93002,,,,A,,0,,1,
DATAFLOW,OECD.SDD.TPS:DSD_LFS@DF_IALFS_LF_WAP_Q(1.0),,I,ROU,,LF_WAP,,PT_WAP_SUB,,_Z,,Y,,_T,,Y15T64,,_Z,,Q,,2022-Q4,,66.87109,,,,A,,0,,1,
DATAFLOW,OECD.SDD.TPS:DSD_LFS@DF_IALFS_LF_WAP_Q(1.0),,I,ROU,,LF_WAP,,PT_WAP_SUB,,_Z,,Y,,_T,,Y15T64,,_Z,,Q,,2023-Q1,,66.89518,,,,A,,0,,1,
DATAFLOW,OECD.SDD.TPS:DSD_LFS@DF_IALFS_LF_WAP_Q(1.0),,I,ROU,,LF_WAP,,PT_WAP_SUB,,_Z,,Y,,_T,,Y15T64,,_Z,,Q,,2023-Q2,,66.50471,,,,A,,0,,1,
DATAFLOW,OECD.SDD.TPS:DSD_LFS@DF_IALFS_LF_WAP_Q(1.0),,I,ROU,,LF_WAP,,PT_WAP_SUB,,_Z,,Y,,_T,,Y15T64,,_Z,,Q,,2023-Q3,,66.82112,,,,A,,0,,1,
DATAFLOW,OECD.SDD.TPS:DSD_LFS@DF_IALFS_LF_WAP_Q(1.0),,I,ROU,,LF_WAP,,PT_WAP_SUB,,_Z,,Y,,_T,,Y15T64,,_Z,,Q,,2023-Q4,,66.98405,,,,A,,0,,1,
DATAFLOW,OECD.SDD.TPS:DSD_LFS@DF_IALFS_LF_WAP_Q(1.0),,I,ROU,,LF_WAP,,PT_WAP_SUB,,_Z,,Y,,_T,,Y15T64,,_Z,,Q,,2024-Q1,,67.88713,,,,A,,0,,1,
DATAFLOW,OECD.SDD.TPS:DSD_LFS@DF_IALFS_LF_WAP_Q(1.0),,I,ROU,,LF_WAP,,PT_WAP_SUB,,_Z,,Y,,_T,,Y15T64,,_Z,,Q,,2024-Q2,,67.66394,,,,A,,0,,1,
DATAFLOW,OECD.SDD.TPS:DSD_LFS@DF_IALFS_LF_WAP_Q(1.0),,I,ROU,,LF_WAP,,PT_WAP_SUB,,_Z,,Y,,_T,,Y15T64,,_Z,,Q,,2024-Q3,,67.03887,,,,A,,0,,1,
DATAFLOW,OECD.SDD.TPS:DSD_LFS@DF_IALFS_LF_WAP_Q(1.0),,I,ROU,,LF_WAP,,PT_WAP_SUB,,_Z,,Y,,_T,,Y15T64,,_Z,,Q,,2024-Q4,,67.12687,,,,A,,0,,1,
DATAFLOW,OECD.SDD.TPS:DSD_LFS@DF_IALFS_LF_WAP_Q(1.0),,I,ROU,,LF_WAP,,PT_WAP_SUB,,_Z,,Y,,_T,,Y15T64,,_Z,,Q,,2025-Q1,,66.993,,,,A,,0,,1,
DATAFLOW,OECD.SDD.TPS:DSD_LFS@DF_IALFS_LF_WAP_Q(1.0),,I,ROU,,LF_WAP,,PT_WAP_SUB,,_Z,,Y,,_T,,Y15T64,,_Z,,Q,,2025-Q2,,67.08426,,,,A,,0,,1,
DATAFLOW,OECD.SDD.TPS:DSD_LFS@DF_IALFS_LF_WAP_Q(1.0),,I,ROU,,LF_WAP,,PT_WAP_SUB,,_Z,,Y,,_T,,Y15T64,,_Z,,Q,,2025-Q3,,67.27,,,,A,,0,,1,
DATAFLOW,OECD.SDD.TPS:DSD_LFS@DF_IALFS_LF_WAP_Q(1.0),,I,ROU,,LF_WAP,,PT_WAP_SUB,,_Z,,Y,,_T,,Y15T64,,_Z,,Q,,2025-Q4,,67.07965,,,,A,,0,,1,
DATAFLOW,OECD.SDD.TPS:DSD_LFS@DF_IALFS_LF_WAP_Q(1.0),,I,ROU,,LF_WAP,,PT_WAP_SUB,,_Z,,Y,,_T,,Y15T64,,_Z,,Q,,2026-Q1,,67.19171,,,,A,,0,,1,
DATAFLOW,OECD.SDD.TPS:DSD_LFS@DF_IALFS_LF_WAP_Q(1.0),,I,PRT,,LF_WAP,,PT_WAP_SUB,,_Z,,Y,,_T,,Y15T64,,_Z,,Q,,1998-Q1,,70.74765,,,,A,,0,,1,
DATAFLOW,OECD.SDD.TPS:DSD_LFS@DF_IALFS_LF_WAP_Q(1.0),,I,PRT,,LF_WAP,,PT_WAP_SUB,,_Z,,Y,,_T,,Y15T64,,_Z,,Q,,1998-Q2,,70.63779,,,,A,,0,,1,
DATAFLOW,OECD.SDD.TPS:DSD_LFS@DF_IALFS_LF_WAP_Q(1.0),,I,PRT,,LF_WAP,,PT_WAP_SUB,,_Z,,Y,,_T,,Y15T64,,_Z,,Q,,1998-Q3,,70.41468,,,,A,,0,,1,
DATAFLOW,OECD.SDD.TPS:DSD_LFS@DF_IALFS_LF_WAP_Q(1.0),,I,PRT,,LF_WAP,,PT_WAP_SUB,,_Z,,Y,,_T,,Y15T64,,_Z,,Q,,1998-Q4,,70.70312,,,,A,,0,,1,
DATAFLOW,OECD.SDD.TPS:DSD_LFS@DF_IALFS_LF_WAP_Q(1.0),,I,PRT,,LF_WAP,,PT_WAP_SUB,,_Z,,Y,,_T,,Y15T64,,_Z,,Q,,1999-Q1,,70.73478,,,,A,,0,,1,
DATAFLOW,OECD.SDD.TPS:DSD_LFS@DF_IALFS_LF_WAP_Q(1.0),,I,PRT,,LF_WAP,,PT_WAP_SUB,,_Z,,Y,,_T,,Y15T64,,_Z,,Q,,1999-Q2,,70.966,,,,A,,0,,1,
DATAFLOW,OECD.SDD.TPS:DSD_LFS@DF_IALFS_LF_WAP_Q(1.0),,I,PRT,,LF_WAP,,PT_WAP_SUB,,_Z,,Y,,_T,,Y15T64,,_Z,,Q,,1999-Q3,,70.89983,,,,A,,0,,1,
DATAFLOW,OECD.SDD.TPS:DSD_LFS@DF_IALFS_LF_WAP_Q(1.0),,I,PRT,,LF_WAP,,PT_WAP_SUB,,_Z,,Y,,_T,,Y15T64,,_Z,,Q,,1999-Q4,,70.93044,,,,A,,0,,1,
DATAFLOW,OECD.SDD.TPS:DSD_LFS@DF_IALFS_LF_WAP_Q(1.0),,I,PRT,,LF_WAP,,PT_WAP_SUB,,_Z,,Y,,_T,,Y15T64,,_Z,,Q,,2000-Q1,,71.3057,,,,A,,0,,1,
DATAFLOW,OECD.SDD.TPS:DSD_LFS@DF_IALFS_LF_WAP_Q(1.0),,I,PRT,,LF_WAP,,PT_WAP_SUB,,_Z,,Y,,_T,,Y15T64,,_Z,,Q,,2000-Q2,,71.20748,,,,A,,0,,1,
DATAFLOW,OECD.SDD.TPS:DSD_LFS@DF_IALFS_LF_WAP_Q(1.0),,I,PRT,,LF_WAP,,PT_WAP_SUB,,_Z,,Y,,_T,,Y15T64,,_Z,,Q,,2000-Q3,,71.6067,,,,A,,0,,1,
DATAFLOW,OECD.SDD.TPS:DSD_LFS@DF_IALFS_LF_WAP_Q(1.0),,I,PRT,,LF_WAP,,PT_WAP_SUB,,_Z,,Y,,_T,,Y15T64,,_Z,,Q,,2000-Q4,,71.54203,,,,A,,0,,1,
DATAFLOW,OECD.SDD.TPS:DSD_LFS@DF_IALFS_LF_WAP_Q(1.0),,I,PRT,,LF_WAP,,PT_WAP_SUB,,_Z,,Y,,_T,,Y15T64,,_Z,,Q,,2001-Q1,,71.95727,,,,A,,0,,1,
DATAFLOW,OECD.SDD.TPS:DSD_LFS@DF_IALFS_LF_WAP_Q(1.0),,I,PRT,,LF_WAP,,PT_WAP_SUB,,_Z,,Y,,_T,,Y15T64,,_Z,,Q,,2001-Q2,,71.90944,,,,A,,0,,1,
DATAFLOW,OECD.SDD.TPS:DSD_LFS@DF_IALFS_LF_WAP_Q(1.0),,I,PRT,,LF_WAP,,PT_WAP_SUB,,_Z,,Y,,_T,,Y15T64,,_Z,,Q,,2001-Q3,,72.03735,,,,A,,0,,1,
DATAFLOW,OECD.SDD.TPS:DSD_LFS@DF_IALFS_LF_WAP_Q(1.0),,I,PRT,,LF_WAP,,PT_WAP_SUB,,_Z,,Y,,_T,,Y15T64,,_Z,,Q,,2001-Q4,,72.29868,,,,A,,0,,1,
DATAFLOW,OECD.SDD.TPS:DSD_LFS@DF_IALFS_LF_WAP_Q(1.0),,I,PRT,,LF_WAP,,PT_WAP_SUB,,_Z,,Y,,_T,,Y15T64,,_Z,,Q,,2002-Q1,,72.38732,,,,A,,0,,1,
DATAFLOW,OECD.SDD.TPS:DSD_LFS@DF_IALFS_LF_WAP_Q(1.0),,I,PRT,,LF_WAP,,PT_WAP_SUB,,_Z,,Y,,_T,,Y15T64,,_Z,,Q,,2002-Q2,,72.64695,,,,A,,0,,1,
DATAFLOW,OECD.SDD.TPS:DSD_LFS@DF_IALFS_LF_WAP_Q(1.0),,I,PRT,,LF_WAP,,PT_WAP_SUB,,_Z,,Y,,_T,,Y15T64,,_Z,,Q,,2002-Q3,,72.82967,,,,A,,0,,1,
DATAFLOW,OECD.SDD.TPS:DSD_LFS@DF_IALFS_LF_WAP_Q(1.0),,I,PRT,,LF_WAP,,PT_WAP_SUB,,_Z,,Y,,_T,,Y15T64,,_Z,,Q,,2002-Q4,,72.80185,,,,A,,0,,1,
DATAFLOW,OECD.SDD.TPS:DSD_LFS@DF_IALFS_LF_WAP_Q(1.0),,I,PRT,,LF_WAP,,PT_WAP_SUB,,_Z,,Y,,_T,,Y15T64,,_Z,,Q,,2003-Q1,,73.02168,,,,A,,0,,1,
DATAFLOW,OECD.SDD.TPS:DSD_LFS@DF_IALFS_LF_WAP_Q(1.0),,I,PRT,,LF_WAP,,PT_WAP_SUB,,_Z,,Y,,_T,,Y15T64,,_Z,,Q,,2003-Q2,,72.90516,,,,A,,0,,1,
DATAFLOW,OECD.SDD.TPS:DSD_LFS@DF_IALFS_LF_WAP_Q(1.0),,I,PRT,,LF_WAP,,PT_WAP_SUB,,_Z,,Y,,_T,,Y15T64,,_Z,,Q,,2003-Q3,,72.70663,,,,A,,0,,1,
DATAFLOW,OECD.SDD.TPS:DSD_LFS@DF_IALFS_LF_WAP_Q(1.0),,I,PRT,,LF_WAP,,PT_WAP_SUB,,_Z,,Y,,_T,,Y15T64,,_Z,,Q,,2003-Q4,,72.73466,,,,A,,0,,1,
DATAFLOW,OECD.SDD.TPS:DSD_LFS@DF_IALFS_LF_WAP_Q(1.0),,I,PRT,,LF_WAP,,PT_WAP_SUB,,_Z,,Y,,_T,,Y15T64,,_Z,,Q,,2004-Q1,,72.49776,,,,A,,0,,1,
DATAFLOW,OECD.SDD.TPS:DSD_LFS@DF_IALFS_LF_WAP_Q(1.0),,I,PRT,,LF_WAP,,PT_WAP_SUB,,_Z,,Y,,_T,,Y15T64,,_Z,,Q,,2004-Q2,,72.66286,,,,A,,0,,1,
DATAFLOW,OECD.SDD.TPS:DSD_LFS@DF_IALFS_LF_WAP_Q(1.0),,I,PRT,,LF_WAP,,PT_WAP_SUB,,_Z,,Y,,_T,,Y15T64,,_Z,,Q,,2004-Q3,,72.79904,,,,A,,0,,1,
DATAFLOW,OECD.SDD.TPS:DSD_LFS@DF_IALFS_LF_WAP_Q(1.0),,I,PRT,,LF_WAP,,PT_WAP_SUB,,_Z,,Y,,_T,,Y15T64,,_Z,,Q,,2004-Q4,,72.97736,,,,A,,0,,1,
DATAFLOW,OECD.SDD.TPS:DSD_LFS@DF_IALFS_LF_WAP_Q(1.0),,I,PRT,,LF_WAP,,PT_WAP_SUB,,_Z,,Y,,_T,,Y15T64,,_Z,,Q,,2005-Q1,,72.95987,,,,A,,0,,1,
DATAFLOW,OECD.SDD.TPS:DSD_LFS@DF_IALFS_LF_WAP_Q(1.0),,I,PRT,,LF_WAP,,PT_WAP_SUB,,_Z,,Y,,_T,,Y15T64,,_Z,,Q,,2005-Q2,,73.06477,,,,A,,0,,1,
DATAFLOW,OECD.SDD.TPS:DSD_LFS@DF_IALFS_LF_WAP_Q(1.0),,I,PRT,,LF_WAP,,PT_WAP_SUB,,_Z,,Y,,_T,,Y15T64,,_Z,,Q,,2005-Q3,,73.32303,,,,A,,0,,1,
DATAFLOW,OECD.SDD.TPS:DSD_LFS@DF_IALFS_LF_WAP_Q(1.0),,I,PRT,,LF_WAP,,PT_WAP_SUB,,_Z,,Y,,_T,,Y15T64,,_Z,,Q,,2005-Q4,,73.4493,,,,A,,0,,1,
DATAFLOW,OECD.SDD.TPS:DSD_LFS@DF_IALFS_LF_WAP_Q(1.0),,I,PRT,,LF_WAP,,PT_WAP_SUB,,_Z,,Y,,_T,,Y15T64,,_Z,,Q,,2006-Q1,,73.41438,,,,A,,0,,1,
DATAFLOW,OECD.SDD.TPS:DSD_LFS@DF_IALFS_LF_WAP_Q(1.0),,I,PRT,,LF_WAP,,PT_WAP_SUB,,_Z,,Y,,_T,,Y15T64,,_Z,,Q,,2006-Q2,,73.6263,,,,A,,0,,1,
DATAFLOW,OECD.SDD.TPS:DSD_LFS@DF_IALFS_LF_WAP_Q(1.0),,I,PRT,,LF_WAP,,PT_WAP_SUB,,_Z,,Y,,_T,,Y15T64,,_Z,,Q,,2006-Q3,,73.70598,,,,A,,0,,1,
DATAFLOW,OECD.SDD.TPS:DSD_LFS@DF_IALFS_LF_WAP_Q(1.0),,I,PRT,,LF_WAP,,PT_WAP_SUB,,_Z,,Y,,_T,,Y15T64,,_Z,,Q,,2006-Q4,,73.72523,,,,A,,0,,1,
DATAFLOW,OECD.SDD.TPS:DSD_LFS@DF_IALFS_LF_WAP_Q(1.0),,I,PRT,,LF_WAP,,PT_WAP_SUB,,_Z,,Y,,_T,,Y15T64,,_Z,,Q,,2007-Q1,,73.76836,,,,A,,0,,1,
DATAFLOW,OECD.SDD.TPS:DSD_LFS@DF_IALFS_LF_WAP_Q(1.0),,I,PRT,,LF_WAP,,PT_WAP_SUB,,_Z,,Y,,_T,,Y15T64,,_Z,,Q,,2007-Q2,,73.64202,,,,A,,0,,1,
DATAFLOW,OECD.SDD.TPS:DSD_LFS@DF_IALFS_LF_WAP_Q(1.0),,I,PRT,,LF_WAP,,PT_WAP_SUB,,_Z,,Y,,_T,,Y15T64,,_Z,,Q,,2007-Q3,,74.0732,,,,A,,0,,1,
DATAFLOW,OECD.SDD.TPS:DSD_LFS@DF_IALFS_LF_WAP_Q(1.0),,I,PRT,,LF_WAP,,PT_WAP_SUB,,_Z,,Y,,_T,,Y15T64,,_Z,,Q,,2007-Q4,,73.96677,,,,A,,0,,1,
DATAFLOW,OECD.SDD.TPS:DSD_LFS@DF_IALFS_LF_WAP_Q(1.0),,I,PRT,,LF_WAP,,PT_WAP_SUB,,_Z,,Y,,_T,,Y15T64,,_Z,,Q,,2008-Q1,,73.8404,,,,A,,0,,1,
DATAFLOW,OECD.SDD.TPS:DSD_LFS@DF_IALFS_LF_WAP_Q(1.0),,I,PRT,,LF_WAP,,PT_WAP_SUB,,_Z,,Y,,_T,,Y15T64,,_Z,,Q,,2008-Q2,,74.15076,,,,A,,0,,1,
DATAFLOW,OECD.SDD.TPS:DSD_LFS@DF_IALFS_LF_WAP_Q(1.0),,I,PRT,,LF_WAP,,PT_WAP_SUB,,_Z,,Y,,_T,,Y15T64,,_Z,,Q,,2008-Q3,,74.02929,,,,A,,0,,1,
DATAFLOW,OECD.SDD.TPS:DSD_LFS@DF_IALFS_LF_WAP_Q(1.0),,I,PRT,,LF_WAP,,PT_WAP_SUB,,_Z,,Y,,_T,,Y15T64,,_Z,,Q,,2009-Q1,,71.29041,,,,A,,0,,1,
DATAFLOW,OECD.SDD.TPS:DSD_LFS@DF_IALFS_LF_WAP_Q(1.0),,I,PRT,,LF_WAP,,PT_WAP_SUB,,_Z,,Y,,_T,,Y15T64,,_Z,,Q,,2009-Q2,,71.2473,,,,A,,0,,1,
DATAFLOW,OECD.SDD.TPS:DSD_LFS@DF_IALFS_LF_WAP_Q(1.0),,I,PRT,,LF_WAP,,PT_WAP_SUB,,_Z,,Y,,_T,,Y15T64,,_Z,,Q,,2009-Q3,,70.85587,,,,A,,0,,1,
DATAFLOW,OECD.SDD.TPS:DSD_LFS@DF_IALFS_LF_WAP_Q(1.0),,I,PRT,,LF_WAP,,PT_WAP_SUB,,_Z,,Y,,_T,,Y15T64,,_Z,,Q,,2009-Q4,,71.02924,,,,A,,0,,1,
DATAFLOW,OECD.SDD.TPS:DSD_LFS@DF_IALFS_LF_WAP_Q(1.0),,I,PRT,,LF_WAP,,PT_WAP_SUB,,_Z,,Y,,_T,,Y15T64,,_Z,,Q,,2010-Q1,,71.45097,,,,A,,0,,1,
DATAFLOW,OECD.SDD.TPS:DSD_LFS@DF_IALFS_LF_WAP_Q(1.0),,I,PRT,,LF_WAP,,PT_WAP_SUB,,_Z,,Y,,_T,,Y15T64,,_Z,,Q,,2010-Q2,,71.39393,,,,A,,0,,1,
DATAFLOW,OECD.SDD.TPS:DSD_LFS@DF_IALFS_LF_WAP_Q(1.0),,I,PRT,,LF_WAP,,PT_WAP_SUB,,_Z,,Y,,_T,,Y15T64,,_Z,,Q,,2010-Q3,,71.43625,,,,A,,0,,1,
DATAFLOW,OECD.SDD.TPS:DSD_LFS@DF_IALFS_LF_WAP_Q(1.0),,I,PRT,,LF_WAP,,PT_WAP_SUB,,_Z,,Y,,_T,,Y15T64,,_Z,,Q,,2010-Q4,,71.51262,,,,A,,0,,1,
DATAFLOW,OECD.SDD.TPS:DSD_LFS@DF_IALFS_LF_WAP_Q(1.0),,I,PRT,,LF_WAP,,PT_WAP_SUB,,_Z,,Y,,_T,,Y15T64,,_Z,,Q,,2011-Q1,,71.85235,,,,A,,0,,1,
DATAFLOW,OECD.SDD.TPS:DSD_LFS@DF_IALFS_LF_WAP_Q(1.0),,I,PRT,,LF_WAP,,PT_WAP_SUB,,_Z,,Y,,_T,,Y15T64,,_Z,,Q,,2011-Q2,,71.68952,,,,A,,0,,1,
DATAFLOW,OECD.SDD.TPS:DSD_LFS@DF_IALFS_LF_WAP_Q(1.0),,I,PRT,,LF_WAP,,PT_WAP_SUB,,_Z,,Y,,_T,,Y15T64,,_Z,,Q,,2011-Q3,,71.40176,,,,A,,0,,1,
DATAFLOW,OECD.SDD.TPS:DSD_LFS@DF_IALFS_LF_WAP_Q(1.0),,I,PRT,,LF_WAP,,PT_WAP_SUB,,_Z,,Y,,_T,,Y15T64,,_Z,,Q,,2011-Q4,,71.31075,,,,A,,0,,1,
DATAFLOW,OECD.SDD.TPS:DSD_LFS@DF_IALFS_LF_WAP_Q(1.0),,I,PRT,,LF_WAP,,PT_WAP_SUB,,_Z,,Y,,_T,,Y15T64,,_Z,,Q,,2012-Q1,,71.13898,,,,A,,0,,1,
DATAFLOW,OECD.SDD.TPS:DSD_LFS@DF_IALFS_LF_WAP_Q(1.0),,I,PRT,,LF_WAP,,PT_WAP_SUB,,_Z,,Y,,_T,,Y15T64,,_Z,,Q,,2012-Q2,,71.39629,,,,A,,0,,1,
DATAFLOW,OECD.SDD.TPS:DSD_LFS@DF_IALFS_LF_WAP_Q(1.0),,I,PRT,,LF_WAP,,PT_WAP_SUB,,_Z,,Y,,_T,,Y15T64,,_Z,,Q,,2012-Q3,,71.39621,,,,A,,0,,1,
DATAFLOW,OECD.SDD.TPS:DSD_LFS@DF_IALFS_LF_WAP_Q(1.0),,I,PRT,,LF_WAP,,PT_WAP_SUB,,_Z,,Y,,_T,,Y15T64,,_Z,,Q,,2012-Q4,,70.83076,,,,A,,0,,1,
DATAFLOW,OECD.SDD.TPS:DSD_LFS@DF_IALFS_LF_WAP_Q(1.0),,I,PRT,,LF_WAP,,PT_WAP_SUB,,_Z,,Y,,_T,,Y15T64,,_Z,,Q,,2013-Q1,,71.03664,,,,A,,0,,1,
DATAFLOW,OECD.SDD.TPS:DSD_LFS@DF_IALFS_LF_WAP_Q(1.0),,I,PRT,,LF_WAP,,PT_WAP_SUB,,_Z,,Y,,_T,,Y15T64,,_Z,,Q,,2013-Q2,,70.90456,,,,A,,0,,1,
DATAFLOW,OECD.SDD.TPS:DSD_LFS@DF_IALFS_LF_WAP_Q(1.0),,I,PRT,,LF_WAP,,PT_WAP_SUB,,_Z,,Y,,_T,,Y15T64,,_Z,,Q,,2013-Q3,,71.11346,,,,A,,0,,1,
DATAFLOW,OECD.SDD.TPS:DSD_LFS@DF_IALFS_LF_WAP_Q(1.0),,I,PRT,,LF_WAP,,PT_WAP_SUB,,_Z,,Y,,_T,,Y15T64,,_Z,,Q,,2013-Q4,,71.6022,,,,A,,0,,1,
DATAFLOW,OECD.SDD.TPS:DSD_LFS@DF_IALFS_LF_WAP_Q(1.0),,I,PRT,,LF_WAP,,PT_WAP_SUB,,_Z,,Y,,_T,,Y15T64,,_Z,,Q,,2014-Q1,,71.45898,,,,A,,0,,1,
DATAFLOW,OECD.SDD.TPS:DSD_LFS@DF_IALFS_LF_WAP_Q(1.0),,I,PRT,,LF_WAP,,PT_WAP_SUB,,_Z,,Y,,_T,,Y15T64,,_Z,,Q,,2014-Q2,,71.71407,,,,A,,0,,1,
DATAFLOW,OECD.SDD.TPS:DSD_LFS@DF_IALFS_LF_WAP_Q(1.0),,I,PRT,,LF_WAP,,PT_WAP_SUB,,_Z,,Y,,_T,,Y15T64,,_Z,,Q,,2014-Q3,,72.07233,,,,A,,0,,1,
DATAFLOW,OECD.SDD.TPS:DSD_LFS@DF_IALFS_LF_WAP_Q(1.0),,I,PRT,,LF_WAP,,PT_WAP_SUB,,_Z,,Y,,_T,,Y15T64,,_Z,,Q,,2014-Q4,,71.9807,,,,A,,0,,1,
DATAFLOW,OECD.SDD.TPS:DSD_LFS@DF_IALFS_LF_WAP_Q(1.0),,I,PRT,,LF_WAP,,PT_WAP_SUB,,_Z,,Y,,_T,,Y15T64,,_Z,,Q,,2015-Q1,,72.12624,,,,A,,0,,1,
DATAFLOW,OECD.SDD.TPS:DSD_LFS@DF_IALFS_LF_WAP_Q(1.0),,I,PRT,,LF_WAP,,PT_WAP_SUB,,_Z,,Y,,_T,,Y15T64,,_Z,,Q,,2015-Q2,,72.17233,,,,A,,0,,1,
DATAFLOW,OECD.SDD.TPS:DSD_LFS@DF_IALFS_LF_WAP_Q(1.0),,I,PRT,,LF_WAP,,PT_WAP_SUB,,_Z,,Y,,_T,,Y15T64,,_Z,,Q,,2015-Q3,,72.22131,,,,A,,0,,1,
DATAFLOW,OECD.SDD.TPS:DSD_LFS@DF_IALFS_LF_WAP_Q(1.0),,I,PRT,,LF_WAP,,PT_WAP_SUB,,_Z,,Y,,_T,,Y15T64,,_Z,,Q,,2015-Q4,,72.6594,,,,A,,0,,1,
DATAFLOW,OECD.SDD.TPS:DSD_LFS@DF_IALFS_LF_WAP_Q(1.0),,I,PRT,,LF_WAP,,PT_WAP_SUB,,_Z,,Y,,_T,,Y15T64,,_Z,,Q,,2016-Q1,,72.61852,,,,A,,0,,1,
DATAFLOW,OECD.SDD.TPS:DSD_LFS@DF_IALFS_LF_WAP_Q(1.0),,I,PRT,,LF_WAP,,PT_WAP_SUB,,_Z,,Y,,_T,,Y15T64,,_Z,,Q,,2016-Q2,,72.58099,,,,A,,0,,1,
DATAFLOW,OECD.SDD.TPS:DSD_LFS@DF_IALFS_LF_WAP_Q(1.0),,I,PRT,,LF_WAP,,PT_WAP_SUB,,_Z,,Y,,_T,,Y15T64,,_Z,,Q,,2016-Q3,,73.07055,,,,A,,0,,1,
DATAFLOW,OECD.SDD.TPS:DSD_LFS@DF_IALFS_LF_WAP_Q(1.0),,I,PRT,,LF_WAP,,PT_WAP_SUB,,_Z,,Y,,_T,,Y15T64,,_Z,,Q,,2016-Q4,,73.08018,,,,A,,0,,1,
DATAFLOW,OECD.SDD.TPS:DSD_LFS@DF_IALFS_LF_WAP_Q(1.0),,I,PRT,,LF_WAP,,PT_WAP_SUB,,_Z,,Y,,_T,,Y15T64,,_Z,,Q,,2017-Q1,,73.35271,,,,A,,0,,1,
DATAFLOW,OECD.SDD.TPS:DSD_LFS@DF_IALFS_LF_WAP_Q(1.0),,I,PRT,,LF_WAP,,PT_WAP_SUB,,_Z,,Y,,_T,,Y15T64,,_Z,,Q,,2017-Q2,,73.71293,,,,A,,0,,1,
DATAFLOW,OECD.SDD.TPS:DSD_LFS@DF_IALFS_LF_WAP_Q(1.0),,I,PRT,,LF_WAP,,PT_WAP_SUB,,_Z,,Y,,_T,,Y15T64,,_Z,,Q,,2017-Q3,,74.23907,,,,A,,0,,1,
DATAFLOW,OECD.SDD.TPS:DSD_LFS@DF_IALFS_LF_WAP_Q(1.0),,I,PRT,,LF_WAP,,PT_WAP_SUB,,_Z,,Y,,_T,,Y15T64,,_Z,,Q,,2017-Q4,,74.56371,,,,A,,0,,1,
DATAFLOW,OECD.SDD.TPS:DSD_LFS@DF_IALFS_LF_WAP_Q(1.0),,I,PRT,,LF_WAP,,PT_WAP_SUB,,_Z,,Y,,_T,,Y15T64,,_Z,,Q,,2018-Q1,,74.61002,,,,A,,0,,1,
DATAFLOW,OECD.SDD.TPS:DSD_LFS@DF_IALFS_LF_WAP_Q(1.0),,I,PRT,,LF_WAP,,PT_WAP_SUB,,_Z,,Y,,_T,,Y15T64,,_Z,,Q,,2018-Q2,,74.51518,,,,A,,0,,1,
DATAFLOW,OECD.SDD.TPS:DSD_LFS@DF_IALFS_LF_WAP_Q(1.0),,I,PRT,,LF_WAP,,PT_WAP_SUB,,_Z,,Y,,_T,,Y15T64,,_Z,,Q,,2018-Q3,,74.78023,,,,A,,0,,1,
DATAFLOW,OECD.SDD.TPS:DSD_LFS@DF_IALFS_LF_WAP_Q(1.0),,I,PRT,,LF_WAP,,PT_WAP_SUB,,_Z,,Y,,_T,,Y15T64,,_Z,,Q,,2018-Q4,,74.69068,,,,A,,0,,1,
DATAFLOW,OECD.SDD.TPS:DSD_LFS@DF_IALFS_LF_WAP_Q(1.0),,I,PRT,,LF_WAP,,PT_WAP_SUB,,_Z,,Y,,_T,,Y15T64,,_Z,,Q,,2019-Q1,,74.7087,,,,A,,0,,1,
DATAFLOW,OECD.SDD.TPS:DSD_LFS@DF_IALFS_LF_WAP_Q(1.0),,I,PRT,,LF_WAP,,PT_WAP_SUB,,_Z,,Y,,_T,,Y15T64,,_Z,,Q,,2019-Q2,,74.87948,,,,A,,0,,1,
DATAFLOW,OECD.SDD.TPS:DSD_LFS@DF_IALFS_LF_WAP_Q(1.0),,I,PRT,,LF_WAP,,PT_WAP_SUB,,_Z,,Y,,_T,,Y15T64,,_Z,,Q,,2019-Q3,,75.16351,,,,A,,0,,1,
DATAFLOW,OECD.SDD.TPS:DSD_LFS@DF_IALFS_LF_WAP_Q(1.0),,I,PRT,,LF_WAP,,PT_WAP_SUB,,_Z,,Y,,_T,,Y15T64,,_Z,,Q,,2019-Q4,,75.41252,,,,A,,0,,1,
DATAFLOW,OECD.SDD.TPS:DSD_LFS@DF_IALFS_LF_WAP_Q(1.0),,I,PRT,,LF_WAP,,PT_WAP_SUB,,_Z,,Y,,_T,,Y15T64,,_Z,,Q,,2020-Q1,,74.73727,,,,A,,0,,1,
DATAFLOW,OECD.SDD.TPS:DSD_LFS@DF_IALFS_LF_WAP_Q(1.0),,I,PRT,,LF_WAP,,PT_WAP_SUB,,_Z,,Y,,_T,,Y15T64,,_Z,,Q,,2020-Q2,,71.53016,,,,A,,0,,1,
DATAFLOW,OECD.SDD.TPS:DSD_LFS@DF_IALFS_LF_WAP_Q(1.0),,I,PRT,,LF_WAP,,PT_WAP_SUB,,_Z,,Y,,_T,,Y15T64,,_Z,,Q,,2020-Q3,,74.18779,,,,A,,0,,1,
DATAFLOW,OECD.SDD.TPS:DSD_LFS@DF_IALFS_LF_WAP_Q(1.0),,I,PRT,,LF_WAP,,PT_WAP_SUB,,_Z,,Y,,_T,,Y15T64,,_Z,,Q,,2020-Q4,,74.45094,,,,A,,0,,1,
DATAFLOW,OECD.SDD.TPS:DSD_LFS@DF_IALFS_LF_WAP_Q(1.0),,I,PRT,,LF_WAP,,PT_WAP_SUB,,_Z,,Y,,_T,,Y15T64,,_Z,,Q,,2021-Q1,,73.37743,,,,A,,0,,1,
DATAFLOW,OECD.SDD.TPS:DSD_LFS@DF_IALFS_LF_WAP_Q(1.0),,I,PRT,,LF_WAP,,PT_WAP_SUB,,_Z,,Y,,_T,,Y15T64,,_Z,,Q,,2021-Q2,,75.10004,,,,A,,0,,1,
DATAFLOW,OECD.SDD.TPS:DSD_LFS@DF_IALFS_LF_WAP_Q(1.0),,I,PRT,,LF_WAP,,PT_WAP_SUB,,_Z,,Y,,_T,,Y15T64,,_Z,,Q,,2021-Q3,,75.21026,,,,A,,0,,1,
DATAFLOW,OECD.SDD.TPS:DSD_LFS@DF_IALFS_LF_WAP_Q(1.0),,I,PRT,,LF_WAP,,PT_WAP_SUB,,_Z,,Y,,_T,,Y15T64,,_Z,,Q,,2021-Q4,,75.4589,,,,A,,0,,1,
DATAFLOW,OECD.SDD.TPS:DSD_LFS@DF_IALFS_LF_WAP_Q(1.0),,I,PRT,,LF_WAP,,PT_WAP_SUB,,_Z,,Y,,_T,,Y15T64,,_Z,,Q,,2022-Q1,,75.84316,,,,A,,0,,1,
DATAFLOW,OECD.SDD.TPS:DSD_LFS@DF_IALFS_LF_WAP_Q(1.0),,I,PRT,,LF_WAP,,PT_WAP_SUB,,_Z,,Y,,_T,,Y15T64,,_Z,,Q,,2022-Q2,,75.77264,,,,A,,0,,1,
DATAFLOW,OECD.SDD.TPS:DSD_LFS@DF_IALFS_LF_WAP_Q(1.0),,I,PRT,,LF_WAP,,PT_WAP_SUB,,_Z,,Y,,_T,,Y15T64,,_Z,,Q,,2022-Q3,,76.40731,,,,A,,0,,1,
DATAFLOW,OECD.SDD.TPS:DSD_LFS@DF_IALFS_LF_WAP_Q(1.0),,I,PRT,,LF_WAP,,PT_WAP_SUB,,_Z,,Y,,_T,,Y15T64,,_Z,,Q,,2022-Q4,,76.66778,,,,A,,0,,1,
DATAFLOW,OECD.SDD.TPS:DSD_LFS@DF_IALFS_LF_WAP_Q(1.0),,I,PRT,,LF_WAP,,PT_WAP_SUB,,_Z,,Y,,_T,,Y15T64,,_Z,,Q,,2023-Q1,,77.30047,,,,A,,0,,1,
DATAFLOW,OECD.SDD.TPS:DSD_LFS@DF_IALFS_LF_WAP_Q(1.0),,I,PRT,,LF_WAP,,PT_WAP_SUB,,_Z,,Y,,_T,,Y15T64,,_Z,,Q,,2023-Q2,,77.49117,,,,A,,0,,1,
DATAFLOW,OECD.SDD.TPS:DSD_LFS@DF_IALFS_LF_WAP_Q(1.0),,I,PRT,,LF_WAP,,PT_WAP_SUB,,_Z,,Y,,_T,,Y15T64,,_Z,,Q,,2023-Q3,,77.54371,,,,A,,0,,1,
DATAFLOW,OECD.SDD.TPS:DSD_LFS@DF_IALFS_LF_WAP_Q(1.0),,I,PRT,,LF_WAP,,PT_WAP_SUB,,_Z,,Y,,_T,,Y15T64,,_Z,,Q,,2023-Q4,,77.90945,,,,A,,0,,1,
DATAFLOW,OECD.SDD.TPS:DSD_LFS@DF_IALFS_LF_WAP_Q(1.0),,I,PRT,,LF_WAP,,PT_WAP_SUB,,_Z,,Y,,_T,,Y15T64,,_Z,,Q,,2024-Q1,,77.76344,,,,A,,0,,1,
DATAFLOW,OECD.SDD.TPS:DSD_LFS@DF_IALFS_LF_WAP_Q(1.0),,I,PRT,,LF_WAP,,PT_WAP_SUB,,_Z,,Y,,_T,,Y15T64,,_Z,,Q,,2024-Q2,,77.70988,,,,A,,0,,1,
DATAFLOW,OECD.SDD.TPS:DSD_LFS@DF_IALFS_LF_WAP_Q(1.0),,I,PRT,,LF_WAP,,PT_WAP_SUB,,_Z,,Y,,_T,,Y15T64,,_Z,,Q,,2024-Q3,,77.97578,,,,A,,0,,1,
DATAFLOW,OECD.SDD.TPS:DSD_LFS@DF_IALFS_LF_WAP_Q(1.0),,I,PRT,,LF_WAP,,PT_WAP_SUB,,_Z,,Y,,_T,,Y15T64,,_Z,,Q,,2024-Q4,,78.36928,,,,A,,0,,1,
DATAFLOW,OECD.SDD.TPS:DSD_LFS@DF_IALFS_LF_WAP_Q(1.0),,I,PRT,,LF_WAP,,PT_WAP_SUB,,_Z,,Y,,_T,,Y15T64,,_Z,,Q,,2025-Q1,,78.48827,,,,A,,0,,1,
DATAFLOW,OECD.SDD.TPS:DSD_LFS@DF_IALFS_LF_WAP_Q(1.0),,I,PRT,,LF_WAP,,PT_WAP_SUB,,_Z,,Y,,_T,,Y15T64,,_Z,,Q,,2025-Q2,,78.59392,,,,A,,0,,1,
DATAFLOW,OECD.SDD.TPS:DSD_LFS@DF_IALFS_LF_WAP_Q(1.0),,I,PRT,,LF_WAP,,PT_WAP_SUB,,_Z,,Y,,_T,,Y15T64,,_Z,,Q,,2025-Q3,,79.04533,,,,A,,0,,1,
DATAFLOW,OECD.SDD.TPS:DSD_LFS@DF_IALFS_LF_WAP_Q(1.0),,I,PRT,,LF_WAP,,PT_WAP_SUB,,_Z,,Y,,_T,,Y15T64,,_Z,,Q,,2025-Q4,,78.96264,,,,A,,0,,1,
DATAFLOW,OECD.SDD.TPS:DSD_LFS@DF_IALFS_LF_WAP_Q(1.0),,I,PRT,,LF_WAP,,PT_WAP_SUB,,_Z,,Y,,_T,,Y15T64,,_Z,,Q,,2026-Q1,,78.92391,,,,A,,0,,1,
DATAFLOW,OECD.SDD.TPS:DSD_LFS@DF_IALFS_LF_WAP_Q(1.0),,I,ITA,,LF_WAP,,PT_WAP_SUB,,_Z,,Y,,_T,,Y15T64,,_Z,,Q,,1998-Q1,,58.54816,,,,A,,0,,1,
DATAFLOW,OECD.SDD.TPS:DSD_LFS@DF_IALFS_LF_WAP_Q(1.0),,I,ITA,,LF_WAP,,PT_WAP_SUB,,_Z,,Y,,_T,,Y15T64,,_Z,,Q,,1998-Q2,,59.01051,,,,A,,0,,1,
DATAFLOW,OECD.SDD.TPS:DSD_LFS@DF_IALFS_LF_WAP_Q(1.0),,I,ITA,,LF_WAP,,PT_WAP_SUB,,_Z,,Y,,_T,,Y15T64,,_Z,,Q,,1998-Q3,,59.14842,,,,A,,0,,1,
DATAFLOW,OECD.SDD.TPS:DSD_LFS@DF_IALFS_LF_WAP_Q(1.0),,I,ITA,,LF_WAP,,PT_WAP_SUB,,_Z,,Y,,_T,,Y15T64,,_Z,,Q,,1998-Q4,,59.36583,,,,A,,0,,1,
DATAFLOW,OECD.SDD.TPS:DSD_LFS@DF_IALFS_LF_WAP_Q(1.0),,I,ITA,,LF_WAP,,PT_WAP_SUB,,_Z,,Y,,_T,,Y15T64,,_Z,,Q,,1999-Q1,,59.43507,,,,A,,0,,1,
DATAFLOW,OECD.SDD.TPS:DSD_LFS@DF_IALFS_LF_WAP_Q(1.0),,I,ITA,,LF_WAP,,PT_WAP_SUB,,_Z,,Y,,_T,,Y15T64,,_Z,,Q,,1999-Q2,,59.57101,,,,A,,0,,1,
DATAFLOW,OECD.SDD.TPS:DSD_LFS@DF_IALFS_LF_WAP_Q(1.0),,I,ITA,,LF_WAP,,PT_WAP_SUB,,_Z,,Y,,_T,,Y15T64,,_Z,,Q,,1999-Q3,,59.68903,,,,A,,0,,1,
DATAFLOW,OECD.SDD.TPS:DSD_LFS@DF_IALFS_LF_WAP_Q(1.0),,I,ITA,,LF_WAP,,PT_WAP_SUB,,_Z,,Y,,_T,,Y15T64,,_Z,,Q,,1999-Q4,,59.62672,,,,A,,0,,1,
DATAFLOW,OECD.SDD.TPS:DSD_LFS@DF_IALFS_LF_WAP_Q(1.0),,I,ITA,,LF_WAP,,PT_WAP_SUB,,_Z,,Y,,_T,,Y15T64,,_Z,,Q,,2000-Q1,,59.72819,,,,A,,0,,1,
DATAFLOW,OECD.SDD.TPS:DSD_LFS@DF_IALFS_LF_WAP_Q(1.0),,I,ITA,,LF_WAP,,PT_WAP_SUB,,_Z,,Y,,_T,,Y15T64,,_Z,,Q,,2000-Q2,,59.96909,,,,A,,0,,1,
DATAFLOW,OECD.SDD.TPS:DSD_LFS@DF_IALFS_LF_WAP_Q(1.0),,I,ITA,,LF_WAP,,PT_WAP_SUB,,_Z,,Y,,_T,,Y15T64,,_Z,,Q,,2000-Q3,,60.33222,,,,A,,0,,1,
DATAFLOW,OECD.SDD.TPS:DSD_LFS@DF_IALFS_LF_WAP_Q(1.0),,I,ITA,,LF_WAP,,PT_WAP_SUB,,_Z,,Y,,_T,,Y15T64,,_Z,,Q,,2000-Q4,,60.52713,,,,A,,0,,1,
DATAFLOW,OECD.SDD.TPS:DSD_LFS@DF_IALFS_LF_WAP_Q(1.0),,I,ITA,,LF_WAP,,PT_WAP_SUB,,_Z,,Y,,_T,,Y15T64,,_Z,,Q,,2001-Q1,,60.60697,,,,A,,0,,1,
DATAFLOW,OECD.SDD.TPS:DSD_LFS@DF_IALFS_LF_WAP_Q(1.0),,I,ITA,,LF_WAP,,PT_WAP_SUB,,_Z,,Y,,_T,,Y15T64,,_Z,,Q,,2001-Q2,,60.36865,,,,A,,0,,1,
DATAFLOW,OECD.SDD.TPS:DSD_LFS@DF_IALFS_LF_WAP_Q(1.0),,I,ITA,,LF_WAP,,PT_WAP_SUB,,_Z,,Y,,_T,,Y15T64,,_Z,,Q,,2001-Q3,,60.77351,,,,A,,0,,1,
DATAFLOW,OECD.SDD.TPS:DSD_LFS@DF_IALFS_LF_WAP_Q(1.0),,I,ITA,,LF_WAP,,PT_WAP_SUB,,_Z,,Y,,_T,,Y15T64,,_Z,,Q,,2001-Q4,,60.74849,,,,A,,0,,1,
DATAFLOW,OECD.SDD.TPS:DSD_LFS@DF_IALFS_LF_WAP_Q(1.0),,I,ITA,,LF_WAP,,PT_WAP_SUB,,_Z,,Y,,_T,,Y15T64,,_Z,,Q,,2002-Q1,,60.97796,,,,A,,0,,1,
DATAFLOW,OECD.SDD.TPS:DSD_LFS@DF_IALFS_LF_WAP_Q(1.0),,I,ITA,,LF_WAP,,PT_WAP_SUB,,_Z,,Y,,_T,,Y15T64,,_Z,,Q,,2002-Q2,,61.04912,,,,A,,0,,1,
DATAFLOW,OECD.SDD.TPS:DSD_LFS@DF_IALFS_LF_WAP_Q(1.0),,I,ITA,,LF_WAP,,PT_WAP_SUB,,_Z,,Y,,_T,,Y15T64,,_Z,,Q,,2002-Q3,,61.22854,,,,A,,0,,1,
DATAFLOW,OECD.SDD.TPS:DSD_LFS@DF_IALFS_LF_WAP_Q(1.0),,I,ITA,,LF_WAP,,PT_WAP_SUB,,_Z,,Y,,_T,,Y15T64,,_Z,,Q,,2002-Q4,,61.14672,,,,A,,0,,1,
DATAFLOW,OECD.SDD.TPS:DSD_LFS@DF_IALFS_LF_WAP_Q(1.0),,I,ITA,,LF_WAP,,PT_WAP_SUB,,_Z,,Y,,_T,,Y15T64,,_Z,,Q,,2003-Q1,,61.351,,,,A,,0,,1,
DATAFLOW,OECD.SDD.TPS:DSD_LFS@DF_IALFS_LF_WAP_Q(1.0),,I,ITA,,LF_WAP,,PT_WAP_SUB,,_Z,,Y,,_T,,Y15T64,,_Z,,Q,,2003-Q2,,61.60865,,,,A,,0,,1,
DATAFLOW,OECD.SDD.TPS:DSD_LFS@DF_IALFS_LF_WAP_Q(1.0),,I,ITA,,LF_WAP,,PT_WAP_SUB,,_Z,,Y,,_T,,Y15T64,,_Z,,Q,,2003-Q3,,61.69064,,,,A,,0,,1,
DATAFLOW,OECD.SDD.TPS:DSD_LFS@DF_IALFS_LF_WAP_Q(1.0),,I,ITA,,LF_WAP,,PT_WAP_SUB,,_Z,,Y,,_T,,Y15T64,,_Z,,Q,,2003-Q4,,61.36412,,,,A,,0,,1,
DATAFLOW,OECD.SDD.TPS:DSD_LFS@DF_IALFS_LF_WAP_Q(1.0),,I,ITA,,LF_WAP,,PT_WAP_SUB,,_Z,,Y,,_T,,Y15T64,,_Z,,Q,,2004-Q1,,62.74573,,,,A,,0,,1,
DATAFLOW,OECD.SDD.TPS:DSD_LFS@DF_IALFS_LF_WAP_Q(1.0),,I,ITA,,LF_WAP,,PT_WAP_SUB,,_Z,,Y,,_T,,Y15T64,,_Z,,Q,,2004-Q2,,62.75047,,,,A,,0,,1,
DATAFLOW,OECD.SDD.TPS:DSD_LFS@DF_IALFS_LF_WAP_Q(1.0),,I,ITA,,LF_WAP,,PT_WAP_SUB,,_Z,,Y,,_T,,Y15T64,,_Z,,Q,,2004-Q3,,62.78791,,,,A,,0,,1,
DATAFLOW,OECD.SDD.TPS:DSD_LFS@DF_IALFS_LF_WAP_Q(1.0),,I,ITA,,LF_WAP,,PT_WAP_SUB,,_Z,,Y,,_T,,Y15T64,,_Z,,Q,,2004-Q4,,62.94179,,,,A,,0,,1,
DATAFLOW,OECD.SDD.TPS:DSD_LFS@DF_IALFS_LF_WAP_Q(1.0),,I,ITA,,LF_WAP,,PT_WAP_SUB,,_Z,,Y,,_T,,Y15T64,,_Z,,Q,,2005-Q1,,62.67316,,,,A,,0,,1,
DATAFLOW,OECD.SDD.TPS:DSD_LFS@DF_IALFS_LF_WAP_Q(1.0),,I,ITA,,LF_WAP,,PT_WAP_SUB,,_Z,,Y,,_T,,Y15T64,,_Z,,Q,,2005-Q2,,62.43894,,,,A,,0,,1,
DATAFLOW,OECD.SDD.TPS:DSD_LFS@DF_IALFS_LF_WAP_Q(1.0),,I,ITA,,LF_WAP,,PT_WAP_SUB,,_Z,,Y,,_T,,Y15T64,,_Z,,Q,,2005-Q3,,62.11071,,,,A,,0,,1,
DATAFLOW,OECD.SDD.TPS:DSD_LFS@DF_IALFS_LF_WAP_Q(1.0),,I,ITA,,LF_WAP,,PT_WAP_SUB,,_Z,,Y,,_T,,Y15T64,,_Z,,Q,,2005-Q4,,62.64782,,,,A,,0,,1,
DATAFLOW,OECD.SDD.TPS:DSD_LFS@DF_IALFS_LF_WAP_Q(1.0),,I,ITA,,LF_WAP,,PT_WAP_SUB,,_Z,,Y,,_T,,Y15T64,,_Z,,Q,,2006-Q1,,62.83002,,,,A,,0,,1,
DATAFLOW,OECD.SDD.TPS:DSD_LFS@DF_IALFS_LF_WAP_Q(1.0),,I,ITA,,LF_WAP,,PT_WAP_SUB,,_Z,,Y,,_T,,Y15T64,,_Z,,Q,,2006-Q2,,62.78429,,,,A,,0,,1,
DATAFLOW,OECD.SDD.TPS:DSD_LFS@DF_IALFS_LF_WAP_Q(1.0),,I,ITA,,LF_WAP,,PT_WAP_SUB,,_Z,,Y,,_T,,Y15T64,,_Z,,Q,,2006-Q3,,62.40774,,,,A,,0,,1,
DATAFLOW,OECD.SDD.TPS:DSD_LFS@DF_IALFS_LF_WAP_Q(1.0),,I,ITA,,LF_WAP,,PT_WAP_SUB,,_Z,,Y,,_T,,Y15T64,,_Z,,Q,,2006-Q4,,62.52094,,,,A,,0,,1,
DATAFLOW,OECD.SDD.TPS:DSD_LFS@DF_IALFS_LF_WAP_Q(1.0),,I,ITA,,LF_WAP,,PT_WAP_SUB,,_Z,,Y,,_T,,Y15T64,,_Z,,Q,,2007-Q1,,61.99465,,,,A,,0,,1,
DATAFLOW,OECD.SDD.TPS:DSD_LFS@DF_IALFS_LF_WAP_Q(1.0),,I,ITA,,LF_WAP,,PT_WAP_SUB,,_Z,,Y,,_T,,Y15T64,,_Z,,Q,,2007-Q2,,62.2038,,,,A,,0,,1,
DATAFLOW,OECD.SDD.TPS:DSD_LFS@DF_IALFS_LF_WAP_Q(1.0),,I,ITA,,LF_WAP,,PT_WAP_SUB,,_Z,,Y,,_T,,Y15T64,,_Z,,Q,,2007-Q3,,62.7653,,,,A,,0,,1,
DATAFLOW,OECD.SDD.TPS:DSD_LFS@DF_IALFS_LF_WAP_Q(1.0),,I,ITA,,LF_WAP,,PT_WAP_SUB,,_Z,,Y,,_T,,Y15T64,,_Z,,Q,,2007-Q4,,62.65373,,,,A,,0,,1,
DATAFLOW,OECD.SDD.TPS:DSD_LFS@DF_IALFS_LF_WAP_Q(1.0),,I,ITA,,LF_WAP,,PT_WAP_SUB,,_Z,,Y,,_T,,Y15T64,,_Z,,Q,,2008-Q1,,62.85398,,,,A,,0,,1,
DATAFLOW,OECD.SDD.TPS:DSD_LFS@DF_IALFS_LF_WAP_Q(1.0),,I,ITA,,LF_WAP,,PT_WAP_SUB,,_Z,,Y,,_T,,Y15T64,,_Z,,Q,,2008-Q2,,63.1967,,,,A,,0,,1,
DATAFLOW,OECD.SDD.TPS:DSD_LFS@DF_IALFS_LF_WAP_Q(1.0),,I,ITA,,LF_WAP,,PT_WAP_SUB,,_Z,,Y,,_T,,Y15T64,,_Z,,Q,,2008-Q3,,63.00826,,,,A,,0,,1,
DATAFLOW,OECD.SDD.TPS:DSD_LFS@DF_IALFS_LF_WAP_Q(1.0),,I,ITA,,LF_WAP,,PT_WAP_SUB,,_Z,,Y,,_T,,Y15T64,,_Z,,Q,,2009-Q1,,62.15599,,,,A,,0,,1,
DATAFLOW,OECD.SDD.TPS:DSD_LFS@DF_IALFS_LF_WAP_Q(1.0),,I,ITA,,LF_WAP,,PT_WAP_SUB,,_Z,,Y,,_T,,Y15T64,,_Z,,Q,,2009-Q2,,61.86947,,,,A,,0,,1,
DATAFLOW,OECD.SDD.TPS:DSD_LFS@DF_IALFS_LF_WAP_Q(1.0),,I,ITA,,LF_WAP,,PT_WAP_SUB,,_Z,,Y,,_T,,Y15T64,,_Z,,Q,,2009-Q3,,61.8003,,,,A,,0,,1,
DATAFLOW,OECD.SDD.TPS:DSD_LFS@DF_IALFS_LF_WAP_Q(1.0),,I,ITA,,LF_WAP,,PT_WAP_SUB,,_Z,,Y,,_T,,Y15T64,,_Z,,Q,,2009-Q4,,61.53955,,,,A,,0,,1,
DATAFLOW,OECD.SDD.TPS:DSD_LFS@DF_IALFS_LF_WAP_Q(1.0),,I,ITA,,LF_WAP,,PT_WAP_SUB,,_Z,,Y,,_T,,Y15T64,,_Z,,Q,,2010-Q1,,61.71765,,,,A,,0,,1,
DATAFLOW,OECD.SDD.TPS:DSD_LFS@DF_IALFS_LF_WAP_Q(1.0),,I,ITA,,LF_WAP,,PT_WAP_SUB,,_Z,,Y,,_T,,Y15T64,,_Z,,Q,,2010-Q2,,61.73327,,,,A,,0,,1,
DATAFLOW,OECD.SDD.TPS:DSD_LFS@DF_IALFS_LF_WAP_Q(1.0),,I,ITA,,LF_WAP,,PT_WAP_SUB,,_Z,,Y,,_T,,Y15T64,,_Z,,Q,,2010-Q3,,61.30899,,,,A,,0,,1,
DATAFLOW,OECD.SDD.TPS:DSD_LFS@DF_IALFS_LF_WAP_Q(1.0),,I,ITA,,LF_WAP,,PT_WAP_SUB,,_Z,,Y,,_T,,Y15T64,,_Z,,Q,,2010-Q4,,61.57257,,,,A,,0,,1,
DATAFLOW,OECD.SDD.TPS:DSD_LFS@DF_IALFS_LF_WAP_Q(1.0),,I,ITA,,LF_WAP,,PT_WAP_SUB,,_Z,,Y,,_T,,Y15T64,,_Z,,Q,,2011-Q1,,61.57123,,,,A,,0,,1,
DATAFLOW,OECD.SDD.TPS:DSD_LFS@DF_IALFS_LF_WAP_Q(1.0),,I,ITA,,LF_WAP,,PT_WAP_SUB,,_Z,,Y,,_T,,Y15T64,,_Z,,Q,,2011-Q2,,61.38551,,,,A,,0,,1,
DATAFLOW,OECD.SDD.TPS:DSD_LFS@DF_IALFS_LF_WAP_Q(1.0),,I,ITA,,LF_WAP,,PT_WAP_SUB,,_Z,,Y,,_T,,Y15T64,,_Z,,Q,,2011-Q3,,61.6254,,,,A,,0,,1,
DATAFLOW,OECD.SDD.TPS:DSD_LFS@DF_IALFS_LF_WAP_Q(1.0),,I,ITA,,LF_WAP,,PT_WAP_SUB,,_Z,,Y,,_T,,Y15T64,,_Z,,Q,,2011-Q4,,62.05913,,,,A,,0,,1,
DATAFLOW,OECD.SDD.TPS:DSD_LFS@DF_IALFS_LF_WAP_Q(1.0),,I,ITA,,LF_WAP,,PT_WAP_SUB,,_Z,,Y,,_T,,Y15T64,,_Z,,Q,,2012-Q1,,62.82898,,,,A,,0,,1,
DATAFLOW,OECD.SDD.TPS:DSD_LFS@DF_IALFS_LF_WAP_Q(1.0),,I,ITA,,LF_WAP,,PT_WAP_SUB,,_Z,,Y,,_T,,Y15T64,,_Z,,Q,,2012-Q2,,63.15973,,,,A,,0,,1,
DATAFLOW,OECD.SDD.TPS:DSD_LFS@DF_IALFS_LF_WAP_Q(1.0),,I,ITA,,LF_WAP,,PT_WAP_SUB,,_Z,,Y,,_T,,Y15T64,,_Z,,Q,,2012-Q3,,62.96067,,,,A,,0,,1,
DATAFLOW,OECD.SDD.TPS:DSD_LFS@DF_IALFS_LF_WAP_Q(1.0),,I,ITA,,LF_WAP,,PT_WAP_SUB,,_Z,,Y,,_T,,Y15T64,,_Z,,Q,,2012-Q4,,63.10142,,,,A,,0,,1,
DATAFLOW,OECD.SDD.TPS:DSD_LFS@DF_IALFS_LF_WAP_Q(1.0),,I,ITA,,LF_WAP,,PT_WAP_SUB,,_Z,,Y,,_T,,Y15T64,,_Z,,Q,,2013-Q1,,62.99533,,,,A,,0,,1,
DATAFLOW,OECD.SDD.TPS:DSD_LFS@DF_IALFS_LF_WAP_Q(1.0),,I,ITA,,LF_WAP,,PT_WAP_SUB,,_Z,,Y,,_T,,Y15T64,,_Z,,Q,,2013-Q2,,62.696,,,,A,,0,,1,
DATAFLOW,OECD.SDD.TPS:DSD_LFS@DF_IALFS_LF_WAP_Q(1.0),,I,ITA,,LF_WAP,,PT_WAP_SUB,,_Z,,Y,,_T,,Y15T64,,_Z,,Q,,2013-Q3,,62.74257,,,,A,,0,,1,
DATAFLOW,OECD.SDD.TPS:DSD_LFS@DF_IALFS_LF_WAP_Q(1.0),,I,ITA,,LF_WAP,,PT_WAP_SUB,,_Z,,Y,,_T,,Y15T64,,_Z,,Q,,2013-Q4,,62.99245,,,,A,,0,,1,
DATAFLOW,OECD.SDD.TPS:DSD_LFS@DF_IALFS_LF_WAP_Q(1.0),,I,ITA,,LF_WAP,,PT_WAP_SUB,,_Z,,Y,,_T,,Y15T64,,_Z,,Q,,2014-Q1,,63.42986,,,,A,,0,,1,
DATAFLOW,OECD.SDD.TPS:DSD_LFS@DF_IALFS_LF_WAP_Q(1.0),,I,ITA,,LF_WAP,,PT_WAP_SUB,,_Z,,Y,,_T,,Y15T64,,_Z,,Q,,2014-Q2,,63.16771,,,,A,,0,,1,
DATAFLOW,OECD.SDD.TPS:DSD_LFS@DF_IALFS_LF_WAP_Q(1.0),,I,ITA,,LF_WAP,,PT_WAP_SUB,,_Z,,Y,,_T,,Y15T64,,_Z,,Q,,2014-Q3,,63.65332,,,,A,,0,,1,
DATAFLOW,OECD.SDD.TPS:DSD_LFS@DF_IALFS_LF_WAP_Q(1.0),,I,ITA,,LF_WAP,,PT_WAP_SUB,,_Z,,Y,,_T,,Y15T64,,_Z,,Q,,2014-Q4,,64.03555,,,,A,,0,,1,
DATAFLOW,OECD.SDD.TPS:DSD_LFS@DF_IALFS_LF_WAP_Q(1.0),,I,ITA,,LF_WAP,,PT_WAP_SUB,,_Z,,Y,,_T,,Y15T64,,_Z,,Q,,2015-Q1,,63.6906,,,,A,,0,,1,
DATAFLOW,OECD.SDD.TPS:DSD_LFS@DF_IALFS_LF_WAP_Q(1.0),,I,ITA,,LF_WAP,,PT_WAP_SUB,,_Z,,Y,,_T,,Y15T64,,_Z,,Q,,2015-Q2,,63.7761,,,,A,,0,,1,
DATAFLOW,OECD.SDD.TPS:DSD_LFS@DF_IALFS_LF_WAP_Q(1.0),,I,ITA,,LF_WAP,,PT_WAP_SUB,,_Z,,Y,,_T,,Y15T64,,_Z,,Q,,2015-Q3,,63.71447,,,,A,,0,,1,
DATAFLOW,OECD.SDD.TPS:DSD_LFS@DF_IALFS_LF_WAP_Q(1.0),,I,ITA,,LF_WAP,,PT_WAP_SUB,,_Z,,Y,,_T,,Y15T64,,_Z,,Q,,2015-Q4,,63.92008,,,,A,,0,,1,
DATAFLOW,OECD.SDD.TPS:DSD_LFS@DF_IALFS_LF_WAP_Q(1.0),,I,ITA,,LF_WAP,,PT_WAP_SUB,,_Z,,Y,,_T,,Y15T64,,_Z,,Q,,2016-Q1,,64.12224,,,,A,,0,,1,
DATAFLOW,OECD.SDD.TPS:DSD_LFS@DF_IALFS_LF_WAP_Q(1.0),,I,ITA,,LF_WAP,,PT_WAP_SUB,,_Z,,Y,,_T,,Y15T64,,_Z,,Q,,2016-Q2,,64.91762,,,,A,,0,,1,
DATAFLOW,OECD.SDD.TPS:DSD_LFS@DF_IALFS_LF_WAP_Q(1.0),,I,ITA,,LF_WAP,,PT_WAP_SUB,,_Z,,Y,,_T,,Y15T64,,_Z,,Q,,2016-Q3,,64.97205,,,,A,,0,,1,
DATAFLOW,OECD.SDD.TPS:DSD_LFS@DF_IALFS_LF_WAP_Q(1.0),,I,ITA,,LF_WAP,,PT_WAP_SUB,,_Z,,Y,,_T,,Y15T64,,_Z,,Q,,2016-Q4,,65.09987,,,,A,,0,,1,
DATAFLOW,OECD.SDD.TPS:DSD_LFS@DF_IALFS_LF_WAP_Q(1.0),,I,ITA,,LF_WAP,,PT_WAP_SUB,,_Z,,Y,,_T,,Y15T64,,_Z,,Q,,2017-Q1,,65.28636,,,,A,,0,,1,
DATAFLOW,OECD.SDD.TPS:DSD_LFS@DF_IALFS_LF_WAP_Q(1.0),,I,ITA,,LF_WAP,,PT_WAP_SUB,,_Z,,Y,,_T,,Y15T64,,_Z,,Q,,2017-Q2,,65.04031,,,,A,,0,,1,
DATAFLOW,OECD.SDD.TPS:DSD_LFS@DF_IALFS_LF_WAP_Q(1.0),,I,ITA,,LF_WAP,,PT_WAP_SUB,,_Z,,Y,,_T,,Y15T64,,_Z,,Q,,2017-Q3,,65.63029,,,,A,,0,,1,
DATAFLOW,OECD.SDD.TPS:DSD_LFS@DF_IALFS_LF_WAP_Q(1.0),,I,ITA,,LF_WAP,,PT_WAP_SUB,,_Z,,Y,,_T,,Y15T64,,_Z,,Q,,2017-Q4,,65.37418,,,,A,,0,,1,
DATAFLOW,OECD.SDD.TPS:DSD_LFS@DF_IALFS_LF_WAP_Q(1.0),,I,ITA,,LF_WAP,,PT_WAP_SUB,,_Z,,Y,,_T,,Y15T64,,_Z,,Q,,2018-Q1,,65.49032,,,,A,,0,,1,
DATAFLOW,OECD.SDD.TPS:DSD_LFS@DF_IALFS_LF_WAP_Q(1.0),,I,ITA,,LF_WAP,,PT_WAP_SUB,,_Z,,Y,,_T,,Y15T64,,_Z,,Q,,2018-Q2,,65.94804,,,,A,,0,,1,
DATAFLOW,OECD.SDD.TPS:DSD_LFS@DF_IALFS_LF_WAP_Q(1.0),,I,ITA,,LF_WAP,,PT_WAP_SUB,,_Z,,Y,,_T,,Y15T64,,_Z,,Q,,2018-Q3,,65.31318,,,,A,,0,,1,
DATAFLOW,OECD.SDD.TPS:DSD_LFS@DF_IALFS_LF_WAP_Q(1.0),,I,ITA,,LF_WAP,,PT_WAP_SUB,,_Z,,Y,,_T,,Y15T64,,_Z,,Q,,2018-Q4,,65.56946,,,,A,,0,,1,
DATAFLOW,OECD.SDD.TPS:DSD_LFS@DF_IALFS_LF_WAP_Q(1.0),,I,ITA,,LF_WAP,,PT_WAP_SUB,,_Z,,Y,,_T,,Y15T64,,_Z,,Q,,2019-Q1,,65.8485,,,,A,,0,,1,
DATAFLOW,OECD.SDD.TPS:DSD_LFS@DF_IALFS_LF_WAP_Q(1.0),,I,ITA,,LF_WAP,,PT_WAP_SUB,,_Z,,Y,,_T,,Y15T64,,_Z,,Q,,2019-Q2,,65.67349,,,,A,,0,,1,
DATAFLOW,OECD.SDD.TPS:DSD_LFS@DF_IALFS_LF_WAP_Q(1.0),,I,ITA,,LF_WAP,,PT_WAP_SUB,,_Z,,Y,,_T,,Y15T64,,_Z,,Q,,2019-Q3,,65.63172,,,,A,,0,,1,
DATAFLOW,OECD.SDD.TPS:DSD_LFS@DF_IALFS_LF_WAP_Q(1.0),,I,ITA,,LF_WAP,,PT_WAP_SUB,,_Z,,Y,,_T,,Y15T64,,_Z,,Q,,2019-Q4,,65.62003,,,,A,,0,,1,
DATAFLOW,OECD.SDD.TPS:DSD_LFS@DF_IALFS_LF_WAP_Q(1.0),,I,ITA,,LF_WAP,,PT_WAP_SUB,,_Z,,Y,,_T,,Y15T64,,_Z,,Q,,2020-Q1,,64.88392,,,,A,,0,,1,
DATAFLOW,OECD.SDD.TPS:DSD_LFS@DF_IALFS_LF_WAP_Q(1.0),,I,ITA,,LF_WAP,,PT_WAP_SUB,,_Z,,Y,,_T,,Y15T64,,_Z,,Q,,2020-Q2,,61.28088,,,,A,,0,,1,
DATAFLOW,OECD.SDD.TPS:DSD_LFS@DF_IALFS_LF_WAP_Q(1.0),,I,ITA,,LF_WAP,,PT_WAP_SUB,,_Z,,Y,,_T,,Y15T64,,_Z,,Q,,2020-Q3,,64.21625,,,,A,,0,,1,
DATAFLOW,OECD.SDD.TPS:DSD_LFS@DF_IALFS_LF_WAP_Q(1.0),,I,ITA,,LF_WAP,,PT_WAP_SUB,,_Z,,Y,,_T,,Y15T64,,_Z,,Q,,2020-Q4,,63.70034,,,,A,,0,,1,
DATAFLOW,OECD.SDD.TPS:DSD_LFS@DF_IALFS_LF_WAP_Q(1.0),,I,ITA,,LF_WAP,,PT_WAP_SUB,,_Z,,Y,,_T,,Y15T64,,_Z,,Q,,2021-Q1,,63.21567,,,,A,,0,,1,
DATAFLOW,OECD.SDD.TPS:DSD_LFS@DF_IALFS_LF_WAP_Q(1.0),,I,ITA,,LF_WAP,,PT_WAP_SUB,,_Z,,Y,,_T,,Y15T64,,_Z,,Q,,2021-Q2,,64.21185,,,,A,,0,,1,
DATAFLOW,OECD.SDD.TPS:DSD_LFS@DF_IALFS_LF_WAP_Q(1.0),,I,ITA,,LF_WAP,,PT_WAP_SUB,,_Z,,Y,,_T,,Y15T64,,_Z,,Q,,2021-Q3,,65.131,,,,A,,0,,1,
DATAFLOW,OECD.SDD.TPS:DSD_LFS@DF_IALFS_LF_WAP_Q(1.0),,I,ITA,,LF_WAP,,PT_WAP_SUB,,_Z,,Y,,_T,,Y15T64,,_Z,,Q,,2021-Q4,,65.37543,,,,A,,0,,1,
DATAFLOW,OECD.SDD.TPS:DSD_LFS@DF_IALFS_LF_WAP_Q(1.0),,I,ITA,,LF_WAP,,PT_WAP_SUB,,_Z,,Y,,_T,,Y15T64,,_Z,,Q,,2022-Q1,,65.11562,,,,A,,0,,1,
DATAFLOW,OECD.SDD.TPS:DSD_LFS@DF_IALFS_LF_WAP_Q(1.0),,I,ITA,,LF_WAP,,PT_WAP_SUB,,_Z,,Y,,_T,,Y15T64,,_Z,,Q,,2022-Q2,,65.50801,,,,A,,0,,1,
DATAFLOW,OECD.SDD.TPS:DSD_LFS@DF_IALFS_LF_WAP_Q(1.0),,I,ITA,,LF_WAP,,PT_WAP_SUB,,_Z,,Y,,_T,,Y15T64,,_Z,,Q,,2022-Q3,,65.58797,,,,A,,0,,1,
DATAFLOW,OECD.SDD.TPS:DSD_LFS@DF_IALFS_LF_WAP_Q(1.0),,I,ITA,,LF_WAP,,PT_WAP_SUB,,_Z,,Y,,_T,,Y15T64,,_Z,,Q,,2022-Q4,,65.92049,,,,A,,0,,1,
DATAFLOW,OECD.SDD.TPS:DSD_LFS@DF_IALFS_LF_WAP_Q(1.0),,I,ITA,,LF_WAP,,PT_WAP_SUB,,_Z,,Y,,_T,,Y15T64,,_Z,,Q,,2023-Q1,,66.37,,,,A,,0,,1,
DATAFLOW,OECD.SDD.TPS:DSD_LFS@DF_IALFS_LF_WAP_Q(1.0),,I,ITA,,LF_WAP,,PT_WAP_SUB,,_Z,,Y,,_T,,Y15T64,,_Z,,Q,,2023-Q2,,66.42479,,,,A,,0,,1,
DATAFLOW,OECD.SDD.TPS:DSD_LFS@DF_IALFS_LF_WAP_Q(1.0),,I,ITA,,LF_WAP,,PT_WAP_SUB,,_Z,,Y,,_T,,Y15T64,,_Z,,Q,,2023-Q3,,66.72015,,,,A,,0,,1,
DATAFLOW,OECD.SDD.TPS:DSD_LFS@DF_IALFS_LF_WAP_Q(1.0),,I,ITA,,LF_WAP,,PT_WAP_SUB,,_Z,,Y,,_T,,Y15T64,,_Z,,Q,,2023-Q4,,67.19889,,,,A,,0,,1,
DATAFLOW,OECD.SDD.TPS:DSD_LFS@DF_IALFS_LF_WAP_Q(1.0),,I,ITA,,LF_WAP,,PT_WAP_SUB,,_Z,,Y,,_T,,Y15T64,,_Z,,Q,,2024-Q1,,66.89082,,,,A,,0,,1,
DATAFLOW,OECD.SDD.TPS:DSD_LFS@DF_IALFS_LF_WAP_Q(1.0),,I,ITA,,LF_WAP,,PT_WAP_SUB,,_Z,,Y,,_T,,Y15T64,,_Z,,Q,,2024-Q2,,66.58739,,,,A,,0,,1,
DATAFLOW,OECD.SDD.TPS:DSD_LFS@DF_IALFS_LF_WAP_Q(1.0),,I,ITA,,LF_WAP,,PT_WAP_SUB,,_Z,,Y,,_T,,Y15T64,,_Z,,Q,,2024-Q3,,66.58928,,,,A,,0,,1,
DATAFLOW,OECD.SDD.TPS:DSD_LFS@DF_IALFS_LF_WAP_Q(1.0),,I,ITA,,LF_WAP,,PT_WAP_SUB,,_Z,,Y,,_T,,Y15T64,,_Z,,Q,,2024-Q4,,66.36202,,,,A,,0,,1,
DATAFLOW,OECD.SDD.TPS:DSD_LFS@DF_IALFS_LF_WAP_Q(1.0),,I,ITA,,LF_WAP,,PT_WAP_SUB,,_Z,,Y,,_T,,Y15T64,,_Z,,Q,,2025-Q1,,67.13273,,,,A,,0,,1,
DATAFLOW,OECD.SDD.TPS:DSD_LFS@DF_IALFS_LF_WAP_Q(1.0),,I,ITA,,LF_WAP,,PT_WAP_SUB,,_Z,,Y,,_T,,Y15T64,,_Z,,Q,,2025-Q2,,66.94465,,,,A,,0,,1,
DATAFLOW,OECD.SDD.TPS:DSD_LFS@DF_IALFS_LF_WAP_Q(1.0),,I,ITA,,LF_WAP,,PT_WAP_SUB,,_Z,,Y,,_T,,Y15T64,,_Z,,Q,,2025-Q3,,66.60464,,,,A,,0,,1,
DATAFLOW,OECD.SDD.TPS:DSD_LFS@DF_IALFS_LF_WAP_Q(1.0),,I,ITA,,LF_WAP,,PT_WAP_SUB,,_Z,,Y,,_T,,Y15T64,,_Z,,Q,,2025-Q4,,66.20889,,,,A,,0,,1,
DATAFLOW,OECD.SDD.TPS:DSD_LFS@DF_IALFS_LF_WAP_Q(1.0),,I,ITA,,LF_WAP,,PT_WAP_SUB,,_Z,,Y,,_T,,Y15T64,,_Z,,Q,,2026-Q1,,66.20208,,,,A,,0,,1,
DATAFLOW,OECD.SDD.TPS:DSD_LFS@DF_IALFS_LF_WAP_Q(1.0),,I,GRC,,LF_WAP,,PT_WAP_SUB,,_Z,,Y,,_T,,Y15T64,,_Z,,Q,,1998-Q1,,62.80997,,,,A,,0,,1,
DATAFLOW,OECD.SDD.TPS:DSD_LFS@DF_IALFS_LF_WAP_Q(1.0),,I,GRC,,LF_WAP,,PT_WAP_SUB,,_Z,,Y,,_T,,Y15T64,,_Z,,Q,,1998-Q2,,63.01772,,,,A,,0,,1,
DATAFLOW,OECD.SDD.TPS:DSD_LFS@DF_IALFS_LF_WAP_Q(1.0),,I,GRC,,LF_WAP,,PT_WAP_SUB,,_Z,,Y,,_T,,Y15T64,,_Z,,Q,,1998-Q3,,63.3924,,,,A,,0,,1,
DATAFLOW,OECD.SDD.TPS:DSD_LFS@DF_IALFS_LF_WAP_Q(1.0),,I,GRC,,LF_WAP,,PT_WAP_SUB,,_Z,,Y,,_T,,Y15T64,,_Z,,Q,,1998-Q4,,63.49835,,,,A,,0,,1,
DATAFLOW,OECD.SDD.TPS:DSD_LFS@DF_IALFS_LF_WAP_Q(1.0),,I,GRC,,LF_WAP,,PT_WAP_SUB,,_Z,,Y,,_T,,Y15T64,,_Z,,Q,,1999-Q1,,63.87107,,,,A,,0,,1,
DATAFLOW,OECD.SDD.TPS:DSD_LFS@DF_IALFS_LF_WAP_Q(1.0),,I,GRC,,LF_WAP,,PT_WAP_SUB,,_Z,,Y,,_T,,Y15T64,,_Z,,Q,,1999-Q2,,63.71946,,,,A,,0,,1,
DATAFLOW,OECD.SDD.TPS:DSD_LFS@DF_IALFS_LF_WAP_Q(1.0),,I,GRC,,LF_WAP,,PT_WAP_SUB,,_Z,,Y,,_T,,Y15T64,,_Z,,Q,,1999-Q3,,63.58915,,,,A,,0,,1,
DATAFLOW,OECD.SDD.TPS:DSD_LFS@DF_IALFS_LF_WAP_Q(1.0),,I,GRC,,LF_WAP,,PT_WAP_SUB,,_Z,,Y,,_T,,Y15T64,,_Z,,Q,,1999-Q4,,63.84476,,,,A,,0,,1,
DATAFLOW,OECD.SDD.TPS:DSD_LFS@DF_IALFS_LF_WAP_Q(1.0),,I,GRC,,LF_WAP,,PT_WAP_SUB,,_Z,,Y,,_T,,Y15T64,,_Z,,Q,,2000-Q1,,63.56807,,,,A,,0,,1,
DATAFLOW,OECD.SDD.TPS:DSD_LFS@DF_IALFS_LF_WAP_Q(1.0),,I,GRC,,LF_WAP,,PT_WAP_SUB,,_Z,,Y,,_T,,Y15T64,,_Z,,Q,,2000-Q2,,63.87726,,,,A,,0,,1,
DATAFLOW,OECD.SDD.TPS:DSD_LFS@DF_IALFS_LF_WAP_Q(1.0),,I,GRC,,LF_WAP,,PT_WAP_SUB,,_Z,,Y,,_T,,Y15T64,,_Z,,Q,,2000-Q3,,63.96223,,,,A,,0,,1,
DATAFLOW,OECD.SDD.TPS:DSD_LFS@DF_IALFS_LF_WAP_Q(1.0),,I,GRC,,LF_WAP,,PT_WAP_SUB,,_Z,,Y,,_T,,Y15T64,,_Z,,Q,,2000-Q4,,63.94148,,,,A,,0,,1,
DATAFLOW,OECD.SDD.TPS:DSD_LFS@DF_IALFS_LF_WAP_Q(1.0),,I,GRC,,LF_WAP,,PT_WAP_SUB,,_Z,,Y,,_T,,Y15T64,,_Z,,Q,,2001-Q1,,63.337,,,,A,,0,,1,
DATAFLOW,OECD.SDD.TPS:DSD_LFS@DF_IALFS_LF_WAP_Q(1.0),,I,GRC,,LF_WAP,,PT_WAP_SUB,,_Z,,Y,,_T,,Y15T64,,_Z,,Q,,2001-Q2,,63.22816,,,,A,,0,,1,
DATAFLOW,OECD.SDD.TPS:DSD_LFS@DF_IALFS_LF_WAP_Q(1.0),,I,GRC,,LF_WAP,,PT_WAP_SUB,,_Z,,Y,,_T,,Y15T64,,_Z,,Q,,2001-Q3,,63.31942,,,,A,,0,,1,
DATAFLOW,OECD.SDD.TPS:DSD_LFS@DF_IALFS_LF_WAP_Q(1.0),,I,GRC,,LF_WAP,,PT_WAP_SUB,,_Z,,Y,,_T,,Y15T64,,_Z,,Q,,2001-Q4,,63.31378,,,,A,,0,,1,
DATAFLOW,OECD.SDD.TPS:DSD_LFS@DF_IALFS_LF_WAP_Q(1.0),,I,GRC,,LF_WAP,,PT_WAP_SUB,,_Z,,Y,,_T,,Y15T64,,_Z,,Q,,2002-Q1,,63.48668,,,,A,,0,,1,
DATAFLOW,OECD.SDD.TPS:DSD_LFS@DF_IALFS_LF_WAP_Q(1.0),,I,GRC,,LF_WAP,,PT_WAP_SUB,,_Z,,Y,,_T,,Y15T64,,_Z,,Q,,2002-Q2,,64.09139,,,,A,,0,,1,
DATAFLOW,OECD.SDD.TPS:DSD_LFS@DF_IALFS_LF_WAP_Q(1.0),,I,GRC,,LF_WAP,,PT_WAP_SUB,,_Z,,Y,,_T,,Y15T64,,_Z,,Q,,2002-Q3,,64.38271,,,,A,,0,,1,
DATAFLOW,OECD.SDD.TPS:DSD_LFS@DF_IALFS_LF_WAP_Q(1.0),,I,GRC,,LF_WAP,,PT_WAP_SUB,,_Z,,Y,,_T,,Y15T64,,_Z,,Q,,2002-Q4,,64.62295,,,,A,,0,,1,
DATAFLOW,OECD.SDD.TPS:DSD_LFS@DF_IALFS_LF_WAP_Q(1.0),,I,GRC,,LF_WAP,,PT_WAP_SUB,,_Z,,Y,,_T,,Y15T64,,_Z,,Q,,2003-Q1,,64.73426,,,,A,,0,,1,
DATAFLOW,OECD.SDD.TPS:DSD_LFS@DF_IALFS_LF_WAP_Q(1.0),,I,GRC,,LF_WAP,,PT_WAP_SUB,,_Z,,Y,,_T,,Y15T64,,_Z,,Q,,2003-Q2,,64.83057,,,,A,,0,,1,
DATAFLOW,OECD.SDD.TPS:DSD_LFS@DF_IALFS_LF_WAP_Q(1.0),,I,GRC,,LF_WAP,,PT_WAP_SUB,,_Z,,Y,,_T,,Y15T64,,_Z,,Q,,2003-Q3,,65.02542,,,,A,,0,,1,
DATAFLOW,OECD.SDD.TPS:DSD_LFS@DF_IALFS_LF_WAP_Q(1.0),,I,GRC,,LF_WAP,,PT_WAP_SUB,,_Z,,Y,,_T,,Y15T64,,_Z,,Q,,2003-Q4,,65.23271,,,,A,,0,,1,
DATAFLOW,OECD.SDD.TPS:DSD_LFS@DF_IALFS_LF_WAP_Q(1.0),,I,GRC,,LF_WAP,,PT_WAP_SUB,,_Z,,Y,,_T,,Y15T64,,_Z,,Q,,2004-Q1,,66.04204,,,,A,,0,,1,
DATAFLOW,OECD.SDD.TPS:DSD_LFS@DF_IALFS_LF_WAP_Q(1.0),,I,GRC,,LF_WAP,,PT_WAP_SUB,,_Z,,Y,,_T,,Y15T64,,_Z,,Q,,2004-Q2,,66.21763,,,,A,,0,,1,
DATAFLOW,OECD.SDD.TPS:DSD_LFS@DF_IALFS_LF_WAP_Q(1.0),,I,GRC,,LF_WAP,,PT_WAP_SUB,,_Z,,Y,,_T,,Y15T64,,_Z,,Q,,2004-Q3,,66.13287,,,,A,,0,,1,
DATAFLOW,OECD.SDD.TPS:DSD_LFS@DF_IALFS_LF_WAP_Q(1.0),,I,GRC,,LF_WAP,,PT_WAP_SUB,,_Z,,Y,,_T,,Y15T64,,_Z,,Q,,2004-Q4,,66.32852,,,,A,,0,,1,
DATAFLOW,OECD.SDD.TPS:DSD_LFS@DF_IALFS_LF_WAP_Q(1.0),,I,GRC,,LF_WAP,,PT_WAP_SUB,,_Z,,Y,,_T,,Y15T64,,_Z,,Q,,2005-Q1,,66.1751,,,,A,,0,,1,
DATAFLOW,OECD.SDD.TPS:DSD_LFS@DF_IALFS_LF_WAP_Q(1.0),,I,GRC,,LF_WAP,,PT_WAP_SUB,,_Z,,Y,,_T,,Y15T64,,_Z,,Q,,2005-Q2,,66.33772,,,,A,,0,,1,
DATAFLOW,OECD.SDD.TPS:DSD_LFS@DF_IALFS_LF_WAP_Q(1.0),,I,GRC,,LF_WAP,,PT_WAP_SUB,,_Z,,Y,,_T,,Y15T64,,_Z,,Q,,2005-Q3,,66.35168,,,,A,,0,,1,
DATAFLOW,OECD.SDD.TPS:DSD_LFS@DF_IALFS_LF_WAP_Q(1.0),,I,GRC,,LF_WAP,,PT_WAP_SUB,,_Z,,Y,,_T,,Y15T64,,_Z,,Q,,2005-Q4,,66.58108,,,,A,,0,,1,
DATAFLOW,OECD.SDD.TPS:DSD_LFS@DF_IALFS_LF_WAP_Q(1.0),,I,GRC,,LF_WAP,,PT_WAP_SUB,,_Z,,Y,,_T,,Y15T64,,_Z,,Q,,2006-Q1,,66.68079,,,,A,,0,,1,
DATAFLOW,OECD.SDD.TPS:DSD_LFS@DF_IALFS_LF_WAP_Q(1.0),,I,GRC,,LF_WAP,,PT_WAP_SUB,,_Z,,Y,,_T,,Y15T64,,_Z,,Q,,2006-Q2,,66.57423,,,,A,,0,,1,
DATAFLOW,OECD.SDD.TPS:DSD_LFS@DF_IALFS_LF_WAP_Q(1.0),,I,GRC,,LF_WAP,,PT_WAP_SUB,,_Z,,Y,,_T,,Y15T64,,_Z,,Q,,2006-Q3,,66.7425,,,,A,,0,,1,
DATAFLOW,OECD.SDD.TPS:DSD_LFS@DF_IALFS_LF_WAP_Q(1.0),,I,GRC,,LF_WAP,,PT_WAP_SUB,,_Z,,Y,,_T,,Y15T64,,_Z,,Q,,2006-Q4,,66.67179,,,,A,,0,,1,
DATAFLOW,OECD.SDD.TPS:DSD_LFS@DF_IALFS_LF_WAP_Q(1.0),,I,GRC,,LF_WAP,,PT_WAP_SUB,,_Z,,Y,,_T,,Y15T64,,_Z,,Q,,2007-Q1,,66.5479,,,,A,,0,,1,
DATAFLOW,OECD.SDD.TPS:DSD_LFS@DF_IALFS_LF_WAP_Q(1.0),,I,GRC,,LF_WAP,,PT_WAP_SUB,,_Z,,Y,,_T,,Y15T64,,_Z,,Q,,2007-Q2,,66.44294,,,,A,,0,,1,
DATAFLOW,OECD.SDD.TPS:DSD_LFS@DF_IALFS_LF_WAP_Q(1.0),,I,GRC,,LF_WAP,,PT_WAP_SUB,,_Z,,Y,,_T,,Y15T64,,_Z,,Q,,2007-Q3,,66.57446,,,,A,,0,,1,
DATAFLOW,OECD.SDD.TPS:DSD_LFS@DF_IALFS_LF_WAP_Q(1.0),,I,GRC,,LF_WAP,,PT_WAP_SUB,,_Z,,Y,,_T,,Y15T64,,_Z,,Q,,2007-Q4,,66.58771,,,,A,,0,,1,
DATAFLOW,OECD.SDD.TPS:DSD_LFS@DF_IALFS_LF_WAP_Q(1.0),,I,GRC,,LF_WAP,,PT_WAP_SUB,,_Z,,Y,,_T,,Y15T64,,_Z,,Q,,2008-Q1,,66.55764,,,,A,,0,,1,
DATAFLOW,OECD.SDD.TPS:DSD_LFS@DF_IALFS_LF_WAP_Q(1.0),,I,GRC,,LF_WAP,,PT_WAP_SUB,,_Z,,Y,,_T,,Y15T64,,_Z,,Q,,2008-Q2,,66.66923,,,,A,,0,,1,
DATAFLOW,OECD.SDD.TPS:DSD_LFS@DF_IALFS_LF_WAP_Q(1.0),,I,GRC,,LF_WAP,,PT_WAP_SUB,,_Z,,Y,,_T,,Y15T64,,_Z,,Q,,2008-Q3,,66.56437,,,,A,,0,,1,
DATAFLOW,OECD.SDD.TPS:DSD_LFS@DF_IALFS_LF_WAP_Q(1.0),,I,GRC,,LF_WAP,,PT_WAP_SUB,,_Z,,Y,,_T,,Y15T64,,_Z,,Q,,2009-Q1,,67.12241,,,,A,,0,,1,
DATAFLOW,OECD.SDD.TPS:DSD_LFS@DF_IALFS_LF_WAP_Q(1.0),,I,GRC,,LF_WAP,,PT_WAP_SUB,,_Z,,Y,,_T,,Y15T64,,_Z,,Q,,2009-Q2,,67.29351,,,,A,,0,,1,
DATAFLOW,OECD.SDD.TPS:DSD_LFS@DF_IALFS_LF_WAP_Q(1.0),,I,GRC,,LF_WAP,,PT_WAP_SUB,,_Z,,Y,,_T,,Y15T64,,_Z,,Q,,2009-Q3,,67.6332,,,,A,,0,,1,
DATAFLOW,OECD.SDD.TPS:DSD_LFS@DF_IALFS_LF_WAP_Q(1.0),,I,GRC,,LF_WAP,,PT_WAP_SUB,,_Z,,Y,,_T,,Y15T64,,_Z,,Q,,2009-Q4,,67.43226,,,,A,,0,,1,
DATAFLOW,OECD.SDD.TPS:DSD_LFS@DF_IALFS_LF_WAP_Q(1.0),,I,GRC,,LF_WAP,,PT_WAP_SUB,,_Z,,Y,,_T,,Y15T64,,_Z,,Q,,2010-Q1,,67.68501,,,,A,,0,,1,
DATAFLOW,OECD.SDD.TPS:DSD_LFS@DF_IALFS_LF_WAP_Q(1.0),,I,GRC,,LF_WAP,,PT_WAP_SUB,,_Z,,Y,,_T,,Y15T64,,_Z,,Q,,2010-Q2,,67.80585,,,,A,,0,,1,
DATAFLOW,OECD.SDD.TPS:DSD_LFS@DF_IALFS_LF_WAP_Q(1.0),,I,GRC,,LF_WAP,,PT_WAP_SUB,,_Z,,Y,,_T,,Y15T64,,_Z,,Q,,2010-Q3,,67.68539,,,,A,,0,,1,
DATAFLOW,OECD.SDD.TPS:DSD_LFS@DF_IALFS_LF_WAP_Q(1.0),,I,GRC,,LF_WAP,,PT_WAP_SUB,,_Z,,Y,,_T,,Y15T64,,_Z,,Q,,2010-Q4,,67.68561,,,,A,,0,,1,
DATAFLOW,OECD.SDD.TPS:DSD_LFS@DF_IALFS_LF_WAP_Q(1.0),,I,GRC,,LF_WAP,,PT_WAP_SUB,,_Z,,Y,,_T,,Y15T64,,_Z,,Q,,2011-Q1,,67.35178,,,,A,,0,,1,
DATAFLOW,OECD.SDD.TPS:DSD_LFS@DF_IALFS_LF_WAP_Q(1.0),,I,GRC,,LF_WAP,,PT_WAP_SUB,,_Z,,Y,,_T,,Y15T64,,_Z,,Q,,2011-Q2,,67.08506,,,,A,,0,,1,
DATAFLOW,OECD.SDD.TPS:DSD_LFS@DF_IALFS_LF_WAP_Q(1.0),,I,GRC,,LF_WAP,,PT_WAP_SUB,,_Z,,Y,,_T,,Y15T64,,_Z,,Q,,2011-Q3,,67.00861,,,,A,,0,,1,
DATAFLOW,OECD.SDD.TPS:DSD_LFS@DF_IALFS_LF_WAP_Q(1.0),,I,GRC,,LF_WAP,,PT_WAP_SUB,,_Z,,Y,,_T,,Y15T64,,_Z,,Q,,2011-Q4,,67.0932,,,,A,,0,,1,
DATAFLOW,OECD.SDD.TPS:DSD_LFS@DF_IALFS_LF_WAP_Q(1.0),,I,GRC,,LF_WAP,,PT_WAP_SUB,,_Z,,Y,,_T,,Y15T64,,_Z,,Q,,2012-Q1,,67.03625,,,,A,,0,,1,
DATAFLOW,OECD.SDD.TPS:DSD_LFS@DF_IALFS_LF_WAP_Q(1.0),,I,GRC,,LF_WAP,,PT_WAP_SUB,,_Z,,Y,,_T,,Y15T64,,_Z,,Q,,2012-Q2,,67.09885,,,,A,,0,,1,
DATAFLOW,OECD.SDD.TPS:DSD_LFS@DF_IALFS_LF_WAP_Q(1.0),,I,GRC,,LF_WAP,,PT_WAP_SUB,,_Z,,Y,,_T,,Y15T64,,_Z,,Q,,2012-Q3,,67.3597,,,,A,,0,,1,
DATAFLOW,OECD.SDD.TPS:DSD_LFS@DF_IALFS_LF_WAP_Q(1.0),,I,GRC,,LF_WAP,,PT_WAP_SUB,,_Z,,Y,,_T,,Y15T64,,_Z,,Q,,2012-Q4,,67.52639,,,,A,,0,,1,
DATAFLOW,OECD.SDD.TPS:DSD_LFS@DF_IALFS_LF_WAP_Q(1.0),,I,GRC,,LF_WAP,,PT_WAP_SUB,,_Z,,Y,,_T,,Y15T64,,_Z,,Q,,2013-Q1,,67.21291,,,,A,,0,,1,
DATAFLOW,OECD.SDD.TPS:DSD_LFS@DF_IALFS_LF_WAP_Q(1.0),,I,GRC,,LF_WAP,,PT_WAP_SUB,,_Z,,Y,,_T,,Y15T64,,_Z,,Q,,2013-Q2,,67.6083,,,,A,,0,,1,
DATAFLOW,OECD.SDD.TPS:DSD_LFS@DF_IALFS_LF_WAP_Q(1.0),,I,GRC,,LF_WAP,,PT_WAP_SUB,,_Z,,Y,,_T,,Y15T64,,_Z,,Q,,2013-Q3,,67.44272,,,,A,,0,,1,
DATAFLOW,OECD.SDD.TPS:DSD_LFS@DF_IALFS_LF_WAP_Q(1.0),,I,GRC,,LF_WAP,,PT_WAP_SUB,,_Z,,Y,,_T,,Y15T64,,_Z,,Q,,2013-Q4,,67.188,,,,A,,0,,1,
DATAFLOW,OECD.SDD.TPS:DSD_LFS@DF_IALFS_LF_WAP_Q(1.0),,I,GRC,,LF_WAP,,PT_WAP_SUB,,_Z,,Y,,_T,,Y15T64,,_Z,,Q,,2014-Q1,,67.31863,,,,A,,0,,1,
DATAFLOW,OECD.SDD.TPS:DSD_LFS@DF_IALFS_LF_WAP_Q(1.0),,I,GRC,,LF_WAP,,PT_WAP_SUB,,_Z,,Y,,_T,,Y15T64,,_Z,,Q,,2014-Q2,,67.2119,,,,A,,0,,1,
DATAFLOW,OECD.SDD.TPS:DSD_LFS@DF_IALFS_LF_WAP_Q(1.0),,I,GRC,,LF_WAP,,PT_WAP_SUB,,_Z,,Y,,_T,,Y15T64,,_Z,,Q,,2014-Q3,,67.2881,,,,A,,0,,1,
DATAFLOW,OECD.SDD.TPS:DSD_LFS@DF_IALFS_LF_WAP_Q(1.0),,I,GRC,,LF_WAP,,PT_WAP_SUB,,_Z,,Y,,_T,,Y15T64,,_Z,,Q,,2014-Q4,,67.22759,,,,A,,0,,1,
DATAFLOW,OECD.SDD.TPS:DSD_LFS@DF_IALFS_LF_WAP_Q(1.0),,I,GRC,,LF_WAP,,PT_WAP_SUB,,_Z,,Y,,_T,,Y15T64,,_Z,,Q,,2015-Q1,,67.29383,,,,A,,0,,1,
DATAFLOW,OECD.SDD.TPS:DSD_LFS@DF_IALFS_LF_WAP_Q(1.0),,I,GRC,,LF_WAP,,PT_WAP_SUB,,_Z,,Y,,_T,,Y15T64,,_Z,,Q,,2015-Q2,,67.54012,,,,A,,0,,1,
DATAFLOW,OECD.SDD.TPS:DSD_LFS@DF_IALFS_LF_WAP_Q(1.0),,I,GRC,,LF_WAP,,PT_WAP_SUB,,_Z,,Y,,_T,,Y15T64,,_Z,,Q,,2015-Q3,,67.91365,,,,A,,0,,1,
DATAFLOW,OECD.SDD.TPS:DSD_LFS@DF_IALFS_LF_WAP_Q(1.0),,I,GRC,,LF_WAP,,PT_WAP_SUB,,_Z,,Y,,_T,,Y15T64,,_Z,,Q,,2015-Q4,,68.21949,,,,A,,0,,1,
DATAFLOW,OECD.SDD.TPS:DSD_LFS@DF_IALFS_LF_WAP_Q(1.0),,I,GRC,,LF_WAP,,PT_WAP_SUB,,_Z,,Y,,_T,,Y15T64,,_Z,,Q,,2016-Q1,,68.17545,,,,A,,0,,1,
DATAFLOW,OECD.SDD.TPS:DSD_LFS@DF_IALFS_LF_WAP_Q(1.0),,I,GRC,,LF_WAP,,PT_WAP_SUB,,_Z,,Y,,_T,,Y15T64,,_Z,,Q,,2016-Q2,,68.08501,,,,A,,0,,1,
DATAFLOW,OECD.SDD.TPS:DSD_LFS@DF_IALFS_LF_WAP_Q(1.0),,I,GRC,,LF_WAP,,PT_WAP_SUB,,_Z,,Y,,_T,,Y15T64,,_Z,,Q,,2016-Q3,,68.30328,,,,A,,0,,1,
DATAFLOW,OECD.SDD.TPS:DSD_LFS@DF_IALFS_LF_WAP_Q(1.0),,I,GRC,,LF_WAP,,PT_WAP_SUB,,_Z,,Y,,_T,,Y15T64,,_Z,,Q,,2016-Q4,,68.08643,,,,A,,0,,1,
DATAFLOW,OECD.SDD.TPS:DSD_LFS@DF_IALFS_LF_WAP_Q(1.0),,I,GRC,,LF_WAP,,PT_WAP_SUB,,_Z,,Y,,_T,,Y15T64,,_Z,,Q,,2017-Q1,,68.25856,,,,A,,0,,1,
DATAFLOW,OECD.SDD.TPS:DSD_LFS@DF_IALFS_LF_WAP_Q(1.0),,I,GRC,,LF_WAP,,PT_WAP_SUB,,_Z,,Y,,_T,,Y15T64,,_Z,,Q,,2017-Q2,,68.32243,,,,A,,0,,1,
DATAFLOW,OECD.SDD.TPS:DSD_LFS@DF_IALFS_LF_WAP_Q(1.0),,I,GRC,,LF_WAP,,PT_WAP_SUB,,_Z,,Y,,_T,,Y15T64,,_Z,,Q,,2017-Q3,,68.05543,,,,A,,0,,1,
DATAFLOW,OECD.SDD.TPS:DSD_LFS@DF_IALFS_LF_WAP_Q(1.0),,I,GRC,,LF_WAP,,PT_WAP_SUB,,_Z,,Y,,_T,,Y15T64,,_Z,,Q,,2017-Q4,,68.13228,,,,A,,0,,1,
DATAFLOW,OECD.SDD.TPS:DSD_LFS@DF_IALFS_LF_WAP_Q(1.0),,I,GRC,,LF_WAP,,PT_WAP_SUB,,_Z,,Y,,_T,,Y15T64,,_Z,,Q,,2018-Q1,,67.92867,,,,A,,0,,1,
DATAFLOW,OECD.SDD.TPS:DSD_LFS@DF_IALFS_LF_WAP_Q(1.0),,I,GRC,,LF_WAP,,PT_WAP_SUB,,_Z,,Y,,_T,,Y15T64,,_Z,,Q,,2018-Q2,,68.11737,,,,A,,0,,1,
DATAFLOW,OECD.SDD.TPS:DSD_LFS@DF_IALFS_LF_WAP_Q(1.0),,I,GRC,,LF_WAP,,PT_WAP_SUB,,_Z,,Y,,_T,,Y15T64,,_Z,,Q,,2018-Q3,,67.99476,,,,A,,0,,1,
DATAFLOW,OECD.SDD.TPS:DSD_LFS@DF_IALFS_LF_WAP_Q(1.0),,I,GRC,,LF_WAP,,PT_WAP_SUB,,_Z,,Y,,_T,,Y15T64,,_Z,,Q,,2018-Q4,,68.19746,,,,A,,0,,1,
DATAFLOW,OECD.SDD.TPS:DSD_LFS@DF_IALFS_LF_WAP_Q(1.0),,I,GRC,,LF_WAP,,PT_WAP_SUB,,_Z,,Y,,_T,,Y15T64,,_Z,,Q,,2019-Q1,,68.48963,,,,A,,0,,1,
DATAFLOW,OECD.SDD.TPS:DSD_LFS@DF_IALFS_LF_WAP_Q(1.0),,I,GRC,,LF_WAP,,PT_WAP_SUB,,_Z,,Y,,_T,,Y15T64,,_Z,,Q,,2019-Q2,,68.54707,,,,A,,0,,1,
DATAFLOW,OECD.SDD.TPS:DSD_LFS@DF_IALFS_LF_WAP_Q(1.0),,I,GRC,,LF_WAP,,PT_WAP_SUB,,_Z,,Y,,_T,,Y15T64,,_Z,,Q,,2019-Q3,,68.37587,,,,A,,0,,1,
DATAFLOW,OECD.SDD.TPS:DSD_LFS@DF_IALFS_LF_WAP_Q(1.0),,I,GRC,,LF_WAP,,PT_WAP_SUB,,_Z,,Y,,_T,,Y15T64,,_Z,,Q,,2019-Q4,,68.52153,,,,A,,0,,1,
DATAFLOW,OECD.SDD.TPS:DSD_LFS@DF_IALFS_LF_WAP_Q(1.0),,I,GRC,,LF_WAP,,PT_WAP_SUB,,_Z,,Y,,_T,,Y15T64,,_Z,,Q,,2020-Q1,,66.19695,,,,A,,0,,1,
DATAFLOW,OECD.SDD.TPS:DSD_LFS@DF_IALFS_LF_WAP_Q(1.0),,I,GRC,,LF_WAP,,PT_WAP_SUB,,_Z,,Y,,_T,,Y15T64,,_Z,,Q,,2020-Q2,,62.20374,,,,A,,0,,1,
DATAFLOW,OECD.SDD.TPS:DSD_LFS@DF_IALFS_LF_WAP_Q(1.0),,I,GRC,,LF_WAP,,PT_WAP_SUB,,_Z,,Y,,_T,,Y15T64,,_Z,,Q,,2020-Q3,,67.14243,,,,A,,0,,1,
DATAFLOW,OECD.SDD.TPS:DSD_LFS@DF_IALFS_LF_WAP_Q(1.0),,I,GRC,,LF_WAP,,PT_WAP_SUB,,_Z,,Y,,_T,,Y15T64,,_Z,,Q,,2020-Q4,,65.61622,,,,A,,0,,1,
DATAFLOW,OECD.SDD.TPS:DSD_LFS@DF_IALFS_LF_WAP_Q(1.0),,I,GRC,,LF_WAP,,PT_WAP_SUB,,_Z,,Y,,_T,,Y15T64,,_Z,,Q,,2021-Q1,,64.42661,,,,A,,0,,1,
DATAFLOW,OECD.SDD.TPS:DSD_LFS@DF_IALFS_LF_WAP_Q(1.0),,I,GRC,,LF_WAP,,PT_WAP_SUB,,_Z,,Y,,_T,,Y15T64,,_Z,,Q,,2021-Q2,,67.34387,,,,A,,0,,1,
DATAFLOW,OECD.SDD.TPS:DSD_LFS@DF_IALFS_LF_WAP_Q(1.0),,I,GRC,,LF_WAP,,PT_WAP_SUB,,_Z,,Y,,_T,,Y15T64,,_Z,,Q,,2021-Q3,,68.48495,,,,A,,0,,1,
DATAFLOW,OECD.SDD.TPS:DSD_LFS@DF_IALFS_LF_WAP_Q(1.0),,I,GRC,,LF_WAP,,PT_WAP_SUB,,_Z,,Y,,_T,,Y15T64,,_Z,,Q,,2021-Q4,,68.79518,,,,A,,0,,1,
DATAFLOW,OECD.SDD.TPS:DSD_LFS@DF_IALFS_LF_WAP_Q(1.0),,I,GRC,,LF_WAP,,PT_WAP_SUB,,_Z,,Y,,_T,,Y15T64,,_Z,,Q,,2022-Q1,,69.38724,,,,A,,0,,1,
DATAFLOW,OECD.SDD.TPS:DSD_LFS@DF_IALFS_LF_WAP_Q(1.0),,I,GRC,,LF_WAP,,PT_WAP_SUB,,_Z,,Y,,_T,,Y15T64,,_Z,,Q,,2022-Q2,,69.32001,,,,A,,0,,1,
DATAFLOW,OECD.SDD.TPS:DSD_LFS@DF_IALFS_LF_WAP_Q(1.0),,I,GRC,,LF_WAP,,PT_WAP_SUB,,_Z,,Y,,_T,,Y15T64,,_Z,,Q,,2022-Q3,,69.48022,,,,A,,0,,1,
DATAFLOW,OECD.SDD.TPS:DSD_LFS@DF_IALFS_LF_WAP_Q(1.0),,I,GRC,,LF_WAP,,PT_WAP_SUB,,_Z,,Y,,_T,,Y15T64,,_Z,,Q,,2022-Q4,,69.48167,,,,A,,0,,1,
DATAFLOW,OECD.SDD.TPS:DSD_LFS@DF_IALFS_LF_WAP_Q(1.0),,I,GRC,,LF_WAP,,PT_WAP_SUB,,_Z,,Y,,_T,,Y15T64,,_Z,,Q,,2023-Q1,,69.06834,,,,A,,0,,1,
DATAFLOW,OECD.SDD.TPS:DSD_LFS@DF_IALFS_LF_WAP_Q(1.0),,I,GRC,,LF_WAP,,PT_WAP_SUB,,_Z,,Y,,_T,,Y15T64,,_Z,,Q,,2023-Q2,,69.76579,,,,A,,0,,1,
DATAFLOW,OECD.SDD.TPS:DSD_LFS@DF_IALFS_LF_WAP_Q(1.0),,I,GRC,,LF_WAP,,PT_WAP_SUB,,_Z,,Y,,_T,,Y15T64,,_Z,,Q,,2023-Q3,,69.82046,,,,A,,0,,1,
DATAFLOW,OECD.SDD.TPS:DSD_LFS@DF_IALFS_LF_WAP_Q(1.0),,I,GRC,,LF_WAP,,PT_WAP_SUB,,_Z,,Y,,_T,,Y15T64,,_Z,,Q,,2023-Q4,,69.54048,,,,A,,0,,1,
DATAFLOW,OECD.SDD.TPS:DSD_LFS@DF_IALFS_LF_WAP_Q(1.0),,I,GRC,,LF_WAP,,PT_WAP_SUB,,_Z,,Y,,_T,,Y15T64,,_Z,,Q,,2024-Q1,,70.77406,,,,A,,0,,1,
DATAFLOW,OECD.SDD.TPS:DSD_LFS@DF_IALFS_LF_WAP_Q(1.0),,I,GRC,,LF_WAP,,PT_WAP_SUB,,_Z,,Y,,_T,,Y15T64,,_Z,,Q,,2024-Q2,,70.43879,,,,A,,0,,1,
DATAFLOW,OECD.SDD.TPS:DSD_LFS@DF_IALFS_LF_WAP_Q(1.0),,I,GRC,,LF_WAP,,PT_WAP_SUB,,_Z,,Y,,_T,,Y15T64,,_Z,,Q,,2024-Q3,,69.97191,,,,A,,0,,1,
DATAFLOW,OECD.SDD.TPS:DSD_LFS@DF_IALFS_LF_WAP_Q(1.0),,I,GRC,,LF_WAP,,PT_WAP_SUB,,_Z,,Y,,_T,,Y15T64,,_Z,,Q,,2024-Q4,,70.72544,,,,A,,0,,1,
DATAFLOW,OECD.SDD.TPS:DSD_LFS@DF_IALFS_LF_WAP_Q(1.0),,I,GRC,,LF_WAP,,PT_WAP_SUB,,_Z,,Y,,_T,,Y15T64,,_Z,,Q,,2025-Q1,,70.70653,,,,A,,0,,1,
DATAFLOW,OECD.SDD.TPS:DSD_LFS@DF_IALFS_LF_WAP_Q(1.0),,I,GRC,,LF_WAP,,PT_WAP_SUB,,_Z,,Y,,_T,,Y15T64,,_Z,,Q,,2025-Q2,,70.8587,,,,A,,0,,1,
DATAFLOW,OECD.SDD.TPS:DSD_LFS@DF_IALFS_LF_WAP_Q(1.0),,I,GRC,,LF_WAP,,PT_WAP_SUB,,_Z,,Y,,_T,,Y15T64,,_Z,,Q,,2025-Q3,,70.95899,,,,A,,0,,1,
DATAFLOW,OECD.SDD.TPS:DSD_LFS@DF_IALFS_LF_WAP_Q(1.0),,I,GRC,,LF_WAP,,PT_WAP_SUB,,_Z,,Y,,_T,,Y15T64,,_Z,,Q,,2025-Q4,,71.27319,,,,A,,0,,1,
DATAFLOW,OECD.SDD.TPS:DSD_LFS@DF_IALFS_LF_WAP_Q(1.0),,I,GRC,,LF_WAP,,PT_WAP_SUB,,_Z,,Y,,_T,,Y15T64,,_Z,,Q,,2026-Q1,,72.05968,,,,A,,0,,1,
DATAFLOW,OECD.SDD.TPS:DSD_LFS@DF_IALFS_LF_WAP_Q(1.0),,I,FIN,,LF_WAP,,PT_WAP_SUB,,_Z,,Y,,_T,,Y15T64,,_Z,,Q,,1998-Q1,,72.30103,,,,A,,0,,1,
DATAFLOW,OECD.SDD.TPS:DSD_LFS@DF_IALFS_LF_WAP_Q(1.0),,I,FIN,,LF_WAP,,PT_WAP_SUB,,_Z,,Y,,_T,,Y15T64,,_Z,,Q,,1998-Q2,,70.9755,,,,A,,0,,1,
DATAFLOW,OECD.SDD.TPS:DSD_LFS@DF_IALFS_LF_WAP_Q(1.0),,I,FIN,,LF_WAP,,PT_WAP_SUB,,_Z,,Y,,_T,,Y15T64,,_Z,,Q,,1998-Q3,,73.06226,,,,A,,0,,1,
DATAFLOW,OECD.SDD.TPS:DSD_LFS@DF_IALFS_LF_WAP_Q(1.0),,I,FIN,,LF_WAP,,PT_WAP_SUB,,_Z,,Y,,_T,,Y15T64,,_Z,,Q,,1998-Q4,,73.06106,,,,A,,0,,1,
DATAFLOW,OECD.SDD.TPS:DSD_LFS@DF_IALFS_LF_WAP_Q(1.0),,I,FIN,,LF_WAP,,PT_WAP_SUB,,_Z,,Y,,_T,,Y15T64,,_Z,,Q,,1999-Q1,,73.36454,,,,A,,0,,1,
DATAFLOW,OECD.SDD.TPS:DSD_LFS@DF_IALFS_LF_WAP_Q(1.0),,I,FIN,,LF_WAP,,PT_WAP_SUB,,_Z,,Y,,_T,,Y15T64,,_Z,,Q,,1999-Q2,,74.39893,,,,A,,0,,1,
DATAFLOW,OECD.SDD.TPS:DSD_LFS@DF_IALFS_LF_WAP_Q(1.0),,I,FIN,,LF_WAP,,PT_WAP_SUB,,_Z,,Y,,_T,,Y15T64,,_Z,,Q,,1999-Q3,,73.82621,,,,A,,0,,1,
DATAFLOW,OECD.SDD.TPS:DSD_LFS@DF_IALFS_LF_WAP_Q(1.0),,I,FIN,,LF_WAP,,PT_WAP_SUB,,_Z,,Y,,_T,,Y15T64,,_Z,,Q,,1999-Q4,,73.88671,,,,A,,0,,1,
DATAFLOW,OECD.SDD.TPS:DSD_LFS@DF_IALFS_LF_WAP_Q(1.0),,I,FIN,,LF_WAP,,PT_WAP_SUB,,_Z,,Y,,_T,,Y15T64,,_Z,,Q,,2000-Q1,,74.14223,,,,A,,0,,1,
DATAFLOW,OECD.SDD.TPS:DSD_LFS@DF_IALFS_LF_WAP_Q(1.0),,I,FIN,,LF_WAP,,PT_WAP_SUB,,_Z,,Y,,_T,,Y15T64,,_Z,,Q,,2000-Q2,,74.72792,,,,A,,0,,1,
DATAFLOW,OECD.SDD.TPS:DSD_LFS@DF_IALFS_LF_WAP_Q(1.0),,I,FIN,,LF_WAP,,PT_WAP_SUB,,_Z,,Y,,_T,,Y15T64,,_Z,,Q,,2000-Q3,,74.74525,,,,A,,0,,1,
DATAFLOW,OECD.SDD.TPS:DSD_LFS@DF_IALFS_LF_WAP_Q(1.0),,I,FIN,,LF_WAP,,PT_WAP_SUB,,_Z,,Y,,_T,,Y15T64,,_Z,,Q,,2000-Q4,,74.46201,,,,A,,0,,1,
DATAFLOW,OECD.SDD.TPS:DSD_LFS@DF_IALFS_LF_WAP_Q(1.0),,I,FIN,,LF_WAP,,PT_WAP_SUB,,_Z,,Y,,_T,,Y15T64,,_Z,,Q,,2001-Q1,,74.63142,,,,A,,0,,1,
DATAFLOW,OECD.SDD.TPS:DSD_LFS@DF_IALFS_LF_WAP_Q(1.0),,I,FIN,,LF_WAP,,PT_WAP_SUB,,_Z,,Y,,_T,,Y15T64,,_Z,,Q,,2001-Q2,,75.1112,,,,A,,0,,1,
DATAFLOW,OECD.SDD.TPS:DSD_LFS@DF_IALFS_LF_WAP_Q(1.0),,I,FIN,,LF_WAP,,PT_WAP_SUB,,_Z,,Y,,_T,,Y15T64,,_Z,,Q,,2001-Q3,,74.96407,,,,A,,0,,1,
DATAFLOW,OECD.SDD.TPS:DSD_LFS@DF_IALFS_LF_WAP_Q(1.0),,I,FIN,,LF_WAP,,PT_WAP_SUB,,_Z,,Y,,_T,,Y15T64,,_Z,,Q,,2001-Q4,,75.32097,,,,A,,0,,1,
DATAFLOW,OECD.SDD.TPS:DSD_LFS@DF_IALFS_LF_WAP_Q(1.0),,I,FIN,,LF_WAP,,PT_WAP_SUB,,_Z,,Y,,_T,,Y15T64,,_Z,,Q,,2002-Q1,,74.89159,,,,A,,0,,1,
DATAFLOW,OECD.SDD.TPS:DSD_LFS@DF_IALFS_LF_WAP_Q(1.0),,I,FIN,,LF_WAP,,PT_WAP_SUB,,_Z,,Y,,_T,,Y15T64,,_Z,,Q,,2002-Q2,,75.12264,,,,A,,0,,1,
DATAFLOW,OECD.SDD.TPS:DSD_LFS@DF_IALFS_LF_WAP_Q(1.0),,I,FIN,,LF_WAP,,PT_WAP_SUB,,_Z,,Y,,_T,,Y15T64,,_Z,,Q,,2002-Q3,,74.96412,,,,A,,0,,1,
DATAFLOW,OECD.SDD.TPS:DSD_LFS@DF_IALFS_LF_WAP_Q(1.0),,I,FIN,,LF_WAP,,PT_WAP_SUB,,_Z,,Y,,_T,,Y15T64,,_Z,,Q,,2002-Q4,,74.75357,,,,A,,0,,1,
DATAFLOW,OECD.SDD.TPS:DSD_LFS@DF_IALFS_LF_WAP_Q(1.0),,I,FIN,,LF_WAP,,PT_WAP_SUB,,_Z,,Y,,_T,,Y15T64,,_Z,,Q,,2003-Q1,,74.73769,,,,A,,0,,1,
DATAFLOW,OECD.SDD.TPS:DSD_LFS@DF_IALFS_LF_WAP_Q(1.0),,I,FIN,,LF_WAP,,PT_WAP_SUB,,_Z,,Y,,_T,,Y15T64,,_Z,,Q,,2003-Q2,,74.74792,,,,A,,0,,1,
DATAFLOW,OECD.SDD.TPS:DSD_LFS@DF_IALFS_LF_WAP_Q(1.0),,I,FIN,,LF_WAP,,PT_WAP_SUB,,_Z,,Y,,_T,,Y15T64,,_Z,,Q,,2003-Q3,,74.38429,,,,A,,0,,1,
DATAFLOW,OECD.SDD.TPS:DSD_LFS@DF_IALFS_LF_WAP_Q(1.0),,I,FIN,,LF_WAP,,PT_WAP_SUB,,_Z,,Y,,_T,,Y15T64,,_Z,,Q,,2003-Q4,,74.03231,,,,A,,0,,1,
DATAFLOW,OECD.SDD.TPS:DSD_LFS@DF_IALFS_LF_WAP_Q(1.0),,I,FIN,,LF_WAP,,PT_WAP_SUB,,_Z,,Y,,_T,,Y15T64,,_Z,,Q,,2004-Q1,,74.03272,,,,A,,0,,1,
DATAFLOW,OECD.SDD.TPS:DSD_LFS@DF_IALFS_LF_WAP_Q(1.0),,I,FIN,,LF_WAP,,PT_WAP_SUB,,_Z,,Y,,_T,,Y15T64,,_Z,,Q,,2004-Q2,,74.18806,,,,A,,0,,1,
DATAFLOW,OECD.SDD.TPS:DSD_LFS@DF_IALFS_LF_WAP_Q(1.0),,I,FIN,,LF_WAP,,PT_WAP_SUB,,_Z,,Y,,_T,,Y15T64,,_Z,,Q,,2004-Q3,,74.39735,,,,A,,0,,1,
DATAFLOW,OECD.SDD.TPS:DSD_LFS@DF_IALFS_LF_WAP_Q(1.0),,I,FIN,,LF_WAP,,PT_WAP_SUB,,_Z,,Y,,_T,,Y15T64,,_Z,,Q,,2004-Q4,,74.33115,,,,A,,0,,1,
DATAFLOW,OECD.SDD.TPS:DSD_LFS@DF_IALFS_LF_WAP_Q(1.0),,I,FIN,,LF_WAP,,PT_WAP_SUB,,_Z,,Y,,_T,,Y15T64,,_Z,,Q,,2005-Q1,,74.77935,,,,A,,0,,1,
DATAFLOW,OECD.SDD.TPS:DSD_LFS@DF_IALFS_LF_WAP_Q(1.0),,I,FIN,,LF_WAP,,PT_WAP_SUB,,_Z,,Y,,_T,,Y15T64,,_Z,,Q,,2005-Q2,,74.59505,,,,A,,0,,1,
DATAFLOW,OECD.SDD.TPS:DSD_LFS@DF_IALFS_LF_WAP_Q(1.0),,I,FIN,,LF_WAP,,PT_WAP_SUB,,_Z,,Y,,_T,,Y15T64,,_Z,,Q,,2005-Q3,,74.45261,,,,A,,0,,1,
DATAFLOW,OECD.SDD.TPS:DSD_LFS@DF_IALFS_LF_WAP_Q(1.0),,I,FIN,,LF_WAP,,PT_WAP_SUB,,_Z,,Y,,_T,,Y15T64,,_Z,,Q,,2005-Q4,,75.07307,,,,A,,0,,1,
DATAFLOW,OECD.SDD.TPS:DSD_LFS@DF_IALFS_LF_WAP_Q(1.0),,I,FIN,,LF_WAP,,PT_WAP_SUB,,_Z,,Y,,_T,,Y15T64,,_Z,,Q,,2006-Q1,,75.20331,,,,A,,0,,1,
DATAFLOW,OECD.SDD.TPS:DSD_LFS@DF_IALFS_LF_WAP_Q(1.0),,I,FIN,,LF_WAP,,PT_WAP_SUB,,_Z,,Y,,_T,,Y15T64,,_Z,,Q,,2006-Q2,,74.8475,,,,A,,0,,1,
DATAFLOW,OECD.SDD.TPS:DSD_LFS@DF_IALFS_LF_WAP_Q(1.0),,I,FIN,,LF_WAP,,PT_WAP_SUB,,_Z,,Y,,_T,,Y15T64,,_Z,,Q,,2006-Q3,,75.41605,,,,A,,0,,1,
DATAFLOW,OECD.SDD.TPS:DSD_LFS@DF_IALFS_LF_WAP_Q(1.0),,I,FIN,,LF_WAP,,PT_WAP_SUB,,_Z,,Y,,_T,,Y15T64,,_Z,,Q,,2006-Q4,,75.37954,,,,A,,0,,1,
DATAFLOW,OECD.SDD.TPS:DSD_LFS@DF_IALFS_LF_WAP_Q(1.0),,I,FIN,,LF_WAP,,PT_WAP_SUB,,_Z,,Y,,_T,,Y15T64,,_Z,,Q,,2007-Q1,,75.27559,,,,A,,0,,1,
DATAFLOW,OECD.SDD.TPS:DSD_LFS@DF_IALFS_LF_WAP_Q(1.0),,I,FIN,,LF_WAP,,PT_WAP_SUB,,_Z,,Y,,_T,,Y15T64,,_Z,,Q,,2007-Q2,,75.35826,,,,A,,0,,1,
DATAFLOW,OECD.SDD.TPS:DSD_LFS@DF_IALFS_LF_WAP_Q(1.0),,I,FIN,,LF_WAP,,PT_WAP_SUB,,_Z,,Y,,_T,,Y15T64,,_Z,,Q,,2007-Q3,,75.7941,,,,A,,0,,1,
DATAFLOW,OECD.SDD.TPS:DSD_LFS@DF_IALFS_LF_WAP_Q(1.0),,I,FIN,,LF_WAP,,PT_WAP_SUB,,_Z,,Y,,_T,,Y15T64,,_Z,,Q,,2007-Q4,,75.77825,,,,A,,0,,1,
DATAFLOW,OECD.SDD.TPS:DSD_LFS@DF_IALFS_LF_WAP_Q(1.0),,I,FIN,,LF_WAP,,PT_WAP_SUB,,_Z,,Y,,_T,,Y15T64,,_Z,,Q,,2008-Q1,,75.7738,,,,A,,0,,1,
DATAFLOW,OECD.SDD.TPS:DSD_LFS@DF_IALFS_LF_WAP_Q(1.0),,I,FIN,,LF_WAP,,PT_WAP_SUB,,_Z,,Y,,_T,,Y15T64,,_Z,,Q,,2008-Q2,,76.15089,,,,A,,0,,1,
DATAFLOW,OECD.SDD.TPS:DSD_LFS@DF_IALFS_LF_WAP_Q(1.0),,I,FIN,,LF_WAP,,PT_WAP_SUB,,_Z,,Y,,_T,,Y15T64,,_Z,,Q,,2008-Q3,,75.85652,,,,A,,0,,1,
DATAFLOW,OECD.SDD.TPS:DSD_LFS@DF_IALFS_LF_WAP_Q(1.0),,I,FIN,,LF_WAP,,PT_WAP_SUB,,_Z,,Y,,_T,,Y15T64,,_Z,,Q,,2009-Q1,,74.60404,,,,A,,0,,1,
DATAFLOW,OECD.SDD.TPS:DSD_LFS@DF_IALFS_LF_WAP_Q(1.0),,I,FIN,,LF_WAP,,PT_WAP_SUB,,_Z,,Y,,_T,,Y15T64,,_Z,,Q,,2009-Q2,,74.22456,,,,A,,0,,1,
DATAFLOW,OECD.SDD.TPS:DSD_LFS@DF_IALFS_LF_WAP_Q(1.0),,I,FIN,,LF_WAP,,PT_WAP_SUB,,_Z,,Y,,_T,,Y15T64,,_Z,,Q,,2009-Q3,,73.84799,,,,A,,0,,1,
DATAFLOW,OECD.SDD.TPS:DSD_LFS@DF_IALFS_LF_WAP_Q(1.0),,I,FIN,,LF_WAP,,PT_WAP_SUB,,_Z,,Y,,_T,,Y15T64,,_Z,,Q,,2009-Q4,,73.8687,,,,A,,0,,1,
DATAFLOW,OECD.SDD.TPS:DSD_LFS@DF_IALFS_LF_WAP_Q(1.0),,I,FIN,,LF_WAP,,PT_WAP_SUB,,_Z,,Y,,_T,,Y15T64,,_Z,,Q,,2010-Q1,,73.64684,,,,A,,0,,1,
DATAFLOW,OECD.SDD.TPS:DSD_LFS@DF_IALFS_LF_WAP_Q(1.0),,I,FIN,,LF_WAP,,PT_WAP_SUB,,_Z,,Y,,_T,,Y15T64,,_Z,,Q,,2010-Q2,,73.55737,,,,A,,0,,1,
DATAFLOW,OECD.SDD.TPS:DSD_LFS@DF_IALFS_LF_WAP_Q(1.0),,I,FIN,,LF_WAP,,PT_WAP_SUB,,_Z,,Y,,_T,,Y15T64,,_Z,,Q,,2010-Q3,,73.36899,,,,A,,0,,1,
DATAFLOW,OECD.SDD.TPS:DSD_LFS@DF_IALFS_LF_WAP_Q(1.0),,I,FIN,,LF_WAP,,PT_WAP_SUB,,_Z,,Y,,_T,,Y15T64,,_Z,,Q,,2010-Q4,,73.52748,,,,A,,0,,1,
DATAFLOW,OECD.SDD.TPS:DSD_LFS@DF_IALFS_LF_WAP_Q(1.0),,I,FIN,,LF_WAP,,PT_WAP_SUB,,_Z,,Y,,_T,,Y15T64,,_Z,,Q,,2011-Q1,,73.86465,,,,A,,0,,1,
DATAFLOW,OECD.SDD.TPS:DSD_LFS@DF_IALFS_LF_WAP_Q(1.0),,I,FIN,,LF_WAP,,PT_WAP_SUB,,_Z,,Y,,_T,,Y15T64,,_Z,,Q,,2011-Q2,,74.02219,,,,A,,0,,1,
DATAFLOW,OECD.SDD.TPS:DSD_LFS@DF_IALFS_LF_WAP_Q(1.0),,I,FIN,,LF_WAP,,PT_WAP_SUB,,_Z,,Y,,_T,,Y15T64,,_Z,,Q,,2011-Q3,,74.0425,,,,A,,0,,1,
DATAFLOW,OECD.SDD.TPS:DSD_LFS@DF_IALFS_LF_WAP_Q(1.0),,I,FIN,,LF_WAP,,PT_WAP_SUB,,_Z,,Y,,_T,,Y15T64,,_Z,,Q,,2011-Q4,,74.2411,,,,A,,0,,1,
DATAFLOW,OECD.SDD.TPS:DSD_LFS@DF_IALFS_LF_WAP_Q(1.0),,I,FIN,,LF_WAP,,PT_WAP_SUB,,_Z,,Y,,_T,,Y15T64,,_Z,,Q,,2012-Q1,,74.16656,,,,A,,0,,1,
DATAFLOW,OECD.SDD.TPS:DSD_LFS@DF_IALFS_LF_WAP_Q(1.0),,I,FIN,,LF_WAP,,PT_WAP_SUB,,_Z,,Y,,_T,,Y15T64,,_Z,,Q,,2012-Q2,,74.25285,,,,A,,0,,1,
DATAFLOW,OECD.SDD.TPS:DSD_LFS@DF_IALFS_LF_WAP_Q(1.0),,I,FIN,,LF_WAP,,PT_WAP_SUB,,_Z,,Y,,_T,,Y15T64,,_Z,,Q,,2012-Q3,,74.75671,,,,A,,0,,1,
DATAFLOW,OECD.SDD.TPS:DSD_LFS@DF_IALFS_LF_WAP_Q(1.0),,I,FIN,,LF_WAP,,PT_WAP_SUB,,_Z,,Y,,_T,,Y15T64,,_Z,,Q,,2012-Q4,,74.38245,,,,A,,0,,1,
DATAFLOW,OECD.SDD.TPS:DSD_LFS@DF_IALFS_LF_WAP_Q(1.0),,I,FIN,,LF_WAP,,PT_WAP_SUB,,_Z,,Y,,_T,,Y15T64,,_Z,,Q,,2013-Q1,,74.33077,,,,A,,0,,1,
DATAFLOW,OECD.SDD.TPS:DSD_LFS@DF_IALFS_LF_WAP_Q(1.0),,I,FIN,,LF_WAP,,PT_WAP_SUB,,_Z,,Y,,_T,,Y15T64,,_Z,,Q,,2013-Q2,,74.64487,,,,A,,0,,1,
DATAFLOW,OECD.SDD.TPS:DSD_LFS@DF_IALFS_LF_WAP_Q(1.0),,I,FIN,,LF_WAP,,PT_WAP_SUB,,_Z,,Y,,_T,,Y15T64,,_Z,,Q,,2013-Q3,,74.14799,,,,A,,0,,1,
DATAFLOW,OECD.SDD.TPS:DSD_LFS@DF_IALFS_LF_WAP_Q(1.0),,I,FIN,,LF_WAP,,PT_WAP_SUB,,_Z,,Y,,_T,,Y15T64,,_Z,,Q,,2013-Q4,,74.37972,,,,A,,0,,1,
DATAFLOW,OECD.SDD.TPS:DSD_LFS@DF_IALFS_LF_WAP_Q(1.0),,I,FIN,,LF_WAP,,PT_WAP_SUB,,_Z,,Y,,_T,,Y15T64,,_Z,,Q,,2014-Q1,,74.51361,,,,A,,0,,1,
DATAFLOW,OECD.SDD.TPS:DSD_LFS@DF_IALFS_LF_WAP_Q(1.0),,I,FIN,,LF_WAP,,PT_WAP_SUB,,_Z,,Y,,_T,,Y15T64,,_Z,,Q,,2014-Q2,,74.61835,,,,A,,0,,1,
DATAFLOW,OECD.SDD.TPS:DSD_LFS@DF_IALFS_LF_WAP_Q(1.0),,I,FIN,,LF_WAP,,PT_WAP_SUB,,_Z,,Y,,_T,,Y15T64,,_Z,,Q,,2014-Q3,,74.5293,,,,A,,0,,1,
DATAFLOW,OECD.SDD.TPS:DSD_LFS@DF_IALFS_LF_WAP_Q(1.0),,I,FIN,,LF_WAP,,PT_WAP_SUB,,_Z,,Y,,_T,,Y15T64,,_Z,,Q,,2014-Q4,,74.72411,,,,A,,0,,1,
DATAFLOW,OECD.SDD.TPS:DSD_LFS@DF_IALFS_LF_WAP_Q(1.0),,I,FIN,,LF_WAP,,PT_WAP_SUB,,_Z,,Y,,_T,,Y15T64,,_Z,,Q,,2015-Q1,,74.72908,,,,A,,0,,1,
DATAFLOW,OECD.SDD.TPS:DSD_LFS@DF_IALFS_LF_WAP_Q(1.0),,I,FIN,,LF_WAP,,PT_WAP_SUB,,_Z,,Y,,_T,,Y15T64,,_Z,,Q,,2015-Q2,,74.60516,,,,A,,0,,1,
DATAFLOW,OECD.SDD.TPS:DSD_LFS@DF_IALFS_LF_WAP_Q(1.0),,I,FIN,,LF_WAP,,PT_WAP_SUB,,_Z,,Y,,_T,,Y15T64,,_Z,,Q,,2015-Q3,,74.94712,,,,A,,0,,1,
DATAFLOW,OECD.SDD.TPS:DSD_LFS@DF_IALFS_LF_WAP_Q(1.0),,I,FIN,,LF_WAP,,PT_WAP_SUB,,_Z,,Y,,_T,,Y15T64,,_Z,,Q,,2015-Q4,,74.81451,,,,A,,0,,1,
DATAFLOW,OECD.SDD.TPS:DSD_LFS@DF_IALFS_LF_WAP_Q(1.0),,I,FIN,,LF_WAP,,PT_WAP_SUB,,_Z,,Y,,_T,,Y15T64,,_Z,,Q,,2016-Q1,,75.08718,,,,A,,0,,1,
DATAFLOW,OECD.SDD.TPS:DSD_LFS@DF_IALFS_LF_WAP_Q(1.0),,I,FIN,,LF_WAP,,PT_WAP_SUB,,_Z,,Y,,_T,,Y15T64,,_Z,,Q,,2016-Q2,,74.99767,,,,A,,0,,1,
DATAFLOW,OECD.SDD.TPS:DSD_LFS@DF_IALFS_LF_WAP_Q(1.0),,I,FIN,,LF_WAP,,PT_WAP_SUB,,_Z,,Y,,_T,,Y15T64,,_Z,,Q,,2016-Q3,,74.96931,,,,A,,0,,1,
DATAFLOW,OECD.SDD.TPS:DSD_LFS@DF_IALFS_LF_WAP_Q(1.0),,I,FIN,,LF_WAP,,PT_WAP_SUB,,_Z,,Y,,_T,,Y15T64,,_Z,,Q,,2016-Q4,,75.08464,,,,A,,0,,1,
DATAFLOW,OECD.SDD.TPS:DSD_LFS@DF_IALFS_LF_WAP_Q(1.0),,I,FIN,,LF_WAP,,PT_WAP_SUB,,_Z,,Y,,_T,,Y15T64,,_Z,,Q,,2017-Q1,,75.38958,,,,A,,0,,1,
DATAFLOW,OECD.SDD.TPS:DSD_LFS@DF_IALFS_LF_WAP_Q(1.0),,I,FIN,,LF_WAP,,PT_WAP_SUB,,_Z,,Y,,_T,,Y15T64,,_Z,,Q,,2017-Q2,,75.53316,,,,A,,0,,1,
DATAFLOW,OECD.SDD.TPS:DSD_LFS@DF_IALFS_LF_WAP_Q(1.0),,I,FIN,,LF_WAP,,PT_WAP_SUB,,_Z,,Y,,_T,,Y15T64,,_Z,,Q,,2017-Q3,,75.75435,,,,A,,0,,1,
DATAFLOW,OECD.SDD.TPS:DSD_LFS@DF_IALFS_LF_WAP_Q(1.0),,I,FIN,,LF_WAP,,PT_WAP_SUB,,_Z,,Y,,_T,,Y15T64,,_Z,,Q,,2017-Q4,,76.63323,,,,A,,0,,1,
DATAFLOW,OECD.SDD.TPS:DSD_LFS@DF_IALFS_LF_WAP_Q(1.0),,I,FIN,,LF_WAP,,PT_WAP_SUB,,_Z,,Y,,_T,,Y15T64,,_Z,,Q,,2018-Q1,,77.03091,,,,A,,0,,1,
DATAFLOW,OECD.SDD.TPS:DSD_LFS@DF_IALFS_LF_WAP_Q(1.0),,I,FIN,,LF_WAP,,PT_WAP_SUB,,_Z,,Y,,_T,,Y15T64,,_Z,,Q,,2018-Q2,,76.95146,,,,A,,0,,1,
DATAFLOW,OECD.SDD.TPS:DSD_LFS@DF_IALFS_LF_WAP_Q(1.0),,I,FIN,,LF_WAP,,PT_WAP_SUB,,_Z,,Y,,_T,,Y15T64,,_Z,,Q,,2018-Q3,,77.09911,,,,A,,0,,1,
DATAFLOW,OECD.SDD.TPS:DSD_LFS@DF_IALFS_LF_WAP_Q(1.0),,I,FIN,,LF_WAP,,PT_WAP_SUB,,_Z,,Y,,_T,,Y15T64,,_Z,,Q,,2018-Q4,,76.91607,,,,A,,0,,1,
DATAFLOW,OECD.SDD.TPS:DSD_LFS@DF_IALFS_LF_WAP_Q(1.0),,I,FIN,,LF_WAP,,PT_WAP_SUB,,_Z,,Y,,_T,,Y15T64,,_Z,,Q,,2019-Q1,,77.22098,,,,A,,0,,1,
DATAFLOW,OECD.SDD.TPS:DSD_LFS@DF_IALFS_LF_WAP_Q(1.0),,I,FIN,,LF_WAP,,PT_WAP_SUB,,_Z,,Y,,_T,,Y15T64,,_Z,,Q,,2019-Q2,,77.04581,,,,A,,0,,1,
DATAFLOW,OECD.SDD.TPS:DSD_LFS@DF_IALFS_LF_WAP_Q(1.0),,I,FIN,,LF_WAP,,PT_WAP_SUB,,_Z,,Y,,_T,,Y15T64,,_Z,,Q,,2019-Q3,,77.40454,,,,A,,0,,1,
DATAFLOW,OECD.SDD.TPS:DSD_LFS@DF_IALFS_LF_WAP_Q(1.0),,I,FIN,,LF_WAP,,PT_WAP_SUB,,_Z,,Y,,_T,,Y15T64,,_Z,,Q,,2019-Q4,,77.7317,,,,A,,0,,1,
DATAFLOW,OECD.SDD.TPS:DSD_LFS@DF_IALFS_LF_WAP_Q(1.0),,I,FIN,,LF_WAP,,PT_WAP_SUB,,_Z,,Y,,_T,,Y15T64,,_Z,,Q,,2020-Q1,,77.68078,,,,A,,0,,1,
DATAFLOW,OECD.SDD.TPS:DSD_LFS@DF_IALFS_LF_WAP_Q(1.0),,I,FIN,,LF_WAP,,PT_WAP_SUB,,_Z,,Y,,_T,,Y15T64,,_Z,,Q,,2020-Q2,,75.87506,,,,A,,0,,1,
DATAFLOW,OECD.SDD.TPS:DSD_LFS@DF_IALFS_LF_WAP_Q(1.0),,I,FIN,,LF_WAP,,PT_WAP_SUB,,_Z,,Y,,_T,,Y15T64,,_Z,,Q,,2020-Q3,,77.65847,,,,A,,0,,1,
DATAFLOW,OECD.SDD.TPS:DSD_LFS@DF_IALFS_LF_WAP_Q(1.0),,I,FIN,,LF_WAP,,PT_WAP_SUB,,_Z,,Y,,_T,,Y15T64,,_Z,,Q,,2020-Q4,,77.89165,,,,A,,0,,1,
DATAFLOW,OECD.SDD.TPS:DSD_LFS@DF_IALFS_LF_WAP_Q(1.0),,I,FIN,,LF_WAP,,PT_WAP_SUB,,_Z,,Y,,_T,,Y15T64,,_Z,,Q,,2021-Q1,,78.17392,,,,A,,0,,1,
DATAFLOW,OECD.SDD.TPS:DSD_LFS@DF_IALFS_LF_WAP_Q(1.0),,I,FIN,,LF_WAP,,PT_WAP_SUB,,_Z,,Y,,_T,,Y15T64,,_Z,,Q,,2021-Q2,,79.05142,,,,A,,0,,1,
DATAFLOW,OECD.SDD.TPS:DSD_LFS@DF_IALFS_LF_WAP_Q(1.0),,I,FIN,,LF_WAP,,PT_WAP_SUB,,_Z,,Y,,_T,,Y15T64,,_Z,,Q,,2021-Q3,,78.86929,,,,A,,0,,1,
DATAFLOW,OECD.SDD.TPS:DSD_LFS@DF_IALFS_LF_WAP_Q(1.0),,I,FIN,,LF_WAP,,PT_WAP_SUB,,_Z,,Y,,_T,,Y15T64,,_Z,,Q,,2021-Q4,,79.19646,,,,A,,0,,1,
DATAFLOW,OECD.SDD.TPS:DSD_LFS@DF_IALFS_LF_WAP_Q(1.0),,I,FIN,,LF_WAP,,PT_WAP_SUB,,_Z,,Y,,_T,,Y15T64,,_Z,,Q,,2022-Q1,,79.50271,,,,A,,0,,1,
DATAFLOW,OECD.SDD.TPS:DSD_LFS@DF_IALFS_LF_WAP_Q(1.0),,I,FIN,,LF_WAP,,PT_WAP_SUB,,_Z,,Y,,_T,,Y15T64,,_Z,,Q,,2022-Q2,,79.41376,,,,A,,0,,1,
DATAFLOW,OECD.SDD.TPS:DSD_LFS@DF_IALFS_LF_WAP_Q(1.0),,I,FIN,,LF_WAP,,PT_WAP_SUB,,_Z,,Y,,_T,,Y15T64,,_Z,,Q,,2022-Q3,,80.03313,,,,A,,0,,1,
DATAFLOW,OECD.SDD.TPS:DSD_LFS@DF_IALFS_LF_WAP_Q(1.0),,I,FIN,,LF_WAP,,PT_WAP_SUB,,_Z,,Y,,_T,,Y15T64,,_Z,,Q,,2022-Q4,,80.29094,,,,A,,0,,1,
DATAFLOW,OECD.SDD.TPS:DSD_LFS@DF_IALFS_LF_WAP_Q(1.0),,I,FIN,,LF_WAP,,PT_WAP_SUB,,_Z,,Y,,_T,,Y15T64,,_Z,,Q,,2023-Q1,,79.78883,,,,A,,0,,1,
DATAFLOW,OECD.SDD.TPS:DSD_LFS@DF_IALFS_LF_WAP_Q(1.0),,I,FIN,,LF_WAP,,PT_WAP_SUB,,_Z,,Y,,_T,,Y15T64,,_Z,,Q,,2023-Q2,,80.14964,,,,A,,0,,1,
DATAFLOW,OECD.SDD.TPS:DSD_LFS@DF_IALFS_LF_WAP_Q(1.0),,I,FIN,,LF_WAP,,PT_WAP_SUB,,_Z,,Y,,_T,,Y15T64,,_Z,,Q,,2023-Q3,,79.94415,,,,A,,0,,1,
DATAFLOW,OECD.SDD.TPS:DSD_LFS@DF_IALFS_LF_WAP_Q(1.0),,I,FIN,,LF_WAP,,PT_WAP_SUB,,_Z,,Y,,_T,,Y15T64,,_Z,,Q,,2023-Q4,,79.5439,,,,A,,0,,1,
DATAFLOW,OECD.SDD.TPS:DSD_LFS@DF_IALFS_LF_WAP_Q(1.0),,I,FIN,,LF_WAP,,PT_WAP_SUB,,_Z,,Y,,_T,,Y15T64,,_Z,,Q,,2024-Q1,,79.75462,,,,A,,0,,1,
DATAFLOW,OECD.SDD.TPS:DSD_LFS@DF_IALFS_LF_WAP_Q(1.0),,I,FIN,,LF_WAP,,PT_WAP_SUB,,_Z,,Y,,_T,,Y15T64,,_Z,,Q,,2024-Q2,,79.52927,,,,A,,0,,1,
DATAFLOW,OECD.SDD.TPS:DSD_LFS@DF_IALFS_LF_WAP_Q(1.0),,I,FIN,,LF_WAP,,PT_WAP_SUB,,_Z,,Y,,_T,,Y15T64,,_Z,,Q,,2024-Q3,,79.21185,,,,A,,0,,1,
DATAFLOW,OECD.SDD.TPS:DSD_LFS@DF_IALFS_LF_WAP_Q(1.0),,I,FIN,,LF_WAP,,PT_WAP_SUB,,_Z,,Y,,_T,,Y15T64,,_Z,,Q,,2024-Q4,,78.95274,,,,A,,0,,1,
DATAFLOW,OECD.SDD.TPS:DSD_LFS@DF_IALFS_LF_WAP_Q(1.0),,I,FIN,,LF_WAP,,PT_WAP_SUB,,_Z,,Y,,_T,,Y15T64,,_Z,,Q,,2025-Q1,,79.53746,,,,A,,0,,1,
DATAFLOW,OECD.SDD.TPS:DSD_LFS@DF_IALFS_LF_WAP_Q(1.0),,I,FIN,,LF_WAP,,PT_WAP_SUB,,_Z,,Y,,_T,,Y15T64,,_Z,,Q,,2025-Q2,,79.54899,,,,A,,0,,1,
DATAFLOW,OECD.SDD.TPS:DSD_LFS@DF_IALFS_LF_WAP_Q(1.0),,I,FIN,,LF_WAP,,PT_WAP_SUB,,_Z,,Y,,_T,,Y15T64,,_Z,,Q,,2025-Q3,,79.65435,,,,A,,0,,1,
DATAFLOW,OECD.SDD.TPS:DSD_LFS@DF_IALFS_LF_WAP_Q(1.0),,I,FIN,,LF_WAP,,PT_WAP_SUB,,_Z,,Y,,_T,,Y15T64,,_Z,,Q,,2025-Q4,,80.23922,,,,A,,0,,1,
DATAFLOW,OECD.SDD.TPS:DSD_LFS@DF_IALFS_LF_WAP_Q(1.0),,I,FIN,,LF_WAP,,PT_WAP_SUB,,_Z,,Y,,_T,,Y15T64,,_Z,,Q,,2026-Q1,,79.93027,,,,A,,0,,1,
DATAFLOW,OECD.SDD.TPS:DSD_LFS@DF_IALFS_LF_WAP_Q(1.0),,I,CZE,,LF_WAP,,PT_WAP_SUB,,_Z,,Y,,_T,,Y15T64,,_Z,,Q,,1998-Q1,,72.07727,,,,A,,0,,1,
DATAFLOW,OECD.SDD.TPS:DSD_LFS@DF_IALFS_LF_WAP_Q(1.0),,I,CZE,,LF_WAP,,PT_WAP_SUB,,_Z,,Y,,_T,,Y15T64,,_Z,,Q,,1998-Q2,,71.898,,,,A,,0,,1,
DATAFLOW,OECD.SDD.TPS:DSD_LFS@DF_IALFS_LF_WAP_Q(1.0),,I,CZE,,LF_WAP,,PT_WAP_SUB,,_Z,,Y,,_T,,Y15T64,,_Z,,Q,,1998-Q3,,71.88246,,,,A,,0,,1,
DATAFLOW,OECD.SDD.TPS:DSD_LFS@DF_IALFS_LF_WAP_Q(1.0),,I,CZE,,LF_WAP,,PT_WAP_SUB,,_Z,,Y,,_T,,Y15T64,,_Z,,Q,,1998-Q4,,72.03918,,,,A,,0,,1,
DATAFLOW,OECD.SDD.TPS:DSD_LFS@DF_IALFS_LF_WAP_Q(1.0),,I,CZE,,LF_WAP,,PT_WAP_SUB,,_Z,,Y,,_T,,Y15T64,,_Z,,Q,,1999-Q1,,71.99997,,,,A,,0,,1,
DATAFLOW,OECD.SDD.TPS:DSD_LFS@DF_IALFS_LF_WAP_Q(1.0),,I,CZE,,LF_WAP,,PT_WAP_SUB,,_Z,,Y,,_T,,Y15T64,,_Z,,Q,,1999-Q2,,71.97873,,,,A,,0,,1,
DATAFLOW,OECD.SDD.TPS:DSD_LFS@DF_IALFS_LF_WAP_Q(1.0),,I,CZE,,LF_WAP,,PT_WAP_SUB,,_Z,,Y,,_T,,Y15T64,,_Z,,Q,,1999-Q3,,71.92527,,,,A,,0,,1,
DATAFLOW,OECD.SDD.TPS:DSD_LFS@DF_IALFS_LF_WAP_Q(1.0),,I,CZE,,LF_WAP,,PT_WAP_SUB,,_Z,,Y,,_T,,Y15T64,,_Z,,Q,,1999-Q4,,71.94649,,,,A,,0,,1,
DATAFLOW,OECD.SDD.TPS:DSD_LFS@DF_IALFS_LF_WAP_Q(1.0),,I,CZE,,LF_WAP,,PT_WAP_SUB,,_Z,,Y,,_T,,Y15T64,,_Z,,Q,,2000-Q1,,71.7231,,,,A,,0,,1,
DATAFLOW,OECD.SDD.TPS:DSD_LFS@DF_IALFS_LF_WAP_Q(1.0),,I,CZE,,LF_WAP,,PT_WAP_SUB,,_Z,,Y,,_T,,Y15T64,,_Z,,Q,,2000-Q2,,71.43364,,,,A,,0,,1,
DATAFLOW,OECD.SDD.TPS:DSD_LFS@DF_IALFS_LF_WAP_Q(1.0),,I,CZE,,LF_WAP,,PT_WAP_SUB,,_Z,,Y,,_T,,Y15T64,,_Z,,Q,,2000-Q3,,71.1964,,,,A,,0,,1,
DATAFLOW,OECD.SDD.TPS:DSD_LFS@DF_IALFS_LF_WAP_Q(1.0),,I,CZE,,LF_WAP,,PT_WAP_SUB,,_Z,,Y,,_T,,Y15T64,,_Z,,Q,,2000-Q4,,70.98663,,,,A,,0,,1,
DATAFLOW,OECD.SDD.TPS:DSD_LFS@DF_IALFS_LF_WAP_Q(1.0),,I,CZE,,LF_WAP,,PT_WAP_SUB,,_Z,,Y,,_T,,Y15T64,,_Z,,Q,,2001-Q1,,71.21799,,,,A,,0,,1,
DATAFLOW,OECD.SDD.TPS:DSD_LFS@DF_IALFS_LF_WAP_Q(1.0),,I,CZE,,LF_WAP,,PT_WAP_SUB,,_Z,,Y,,_T,,Y15T64,,_Z,,Q,,2001-Q2,,70.8606,,,,A,,0,,1,
DATAFLOW,OECD.SDD.TPS:DSD_LFS@DF_IALFS_LF_WAP_Q(1.0),,I,CZE,,LF_WAP,,PT_WAP_SUB,,_Z,,Y,,_T,,Y15T64,,_Z,,Q,,2001-Q3,,70.71926,,,,A,,0,,1,
DATAFLOW,OECD.SDD.TPS:DSD_LFS@DF_IALFS_LF_WAP_Q(1.0),,I,CZE,,LF_WAP,,PT_WAP_SUB,,_Z,,Y,,_T,,Y15T64,,_Z,,Q,,2001-Q4,,70.57792,,,,A,,0,,1,
DATAFLOW,OECD.SDD.TPS:DSD_LFS@DF_IALFS_LF_WAP_Q(1.0),,I,CZE,,LF_WAP,,PT_WAP_SUB,,_Z,,Y,,_T,,Y15T64,,_Z,,Q,,2002-Q1,,70.42384,,,,A,,0,,1,
DATAFLOW,OECD.SDD.TPS:DSD_LFS@DF_IALFS_LF_WAP_Q(1.0),,I,CZE,,LF_WAP,,PT_WAP_SUB,,_Z,,Y,,_T,,Y15T64,,_Z,,Q,,2002-Q2,,70.61717,,,,A,,0,,1,
DATAFLOW,OECD.SDD.TPS:DSD_LFS@DF_IALFS_LF_WAP_Q(1.0),,I,CZE,,LF_WAP,,PT_WAP_SUB,,_Z,,Y,,_T,,Y15T64,,_Z,,Q,,2002-Q3,,70.68146,,,,A,,0,,1,
DATAFLOW,OECD.SDD.TPS:DSD_LFS@DF_IALFS_LF_WAP_Q(1.0),,I,CZE,,LF_WAP,,PT_WAP_SUB,,_Z,,Y,,_T,,Y15T64,,_Z,,Q,,2002-Q4,,70.73817,,,,A,,0,,1,
DATAFLOW,OECD.SDD.TPS:DSD_LFS@DF_IALFS_LF_WAP_Q(1.0),,I,CZE,,LF_WAP,,PT_WAP_SUB,,_Z,,Y,,_T,,Y15T64,,_Z,,Q,,2003-Q1,,70.48076,,,,A,,0,,1,
DATAFLOW,OECD.SDD.TPS:DSD_LFS@DF_IALFS_LF_WAP_Q(1.0),,I,CZE,,LF_WAP,,PT_WAP_SUB,,_Z,,Y,,_T,,Y15T64,,_Z,,Q,,2003-Q2,,70.36106,,,,A,,0,,1,
DATAFLOW,OECD.SDD.TPS:DSD_LFS@DF_IALFS_LF_WAP_Q(1.0),,I,CZE,,LF_WAP,,PT_WAP_SUB,,_Z,,Y,,_T,,Y15T64,,_Z,,Q,,2003-Q3,,70.09765,,,,A,,0,,1,
DATAFLOW,OECD.SDD.TPS:DSD_LFS@DF_IALFS_LF_WAP_Q(1.0),,I,CZE,,LF_WAP,,PT_WAP_SUB,,_Z,,Y,,_T,,Y15T64,,_Z,,Q,,2003-Q4,,69.96258,,,,A,,0,,1,
DATAFLOW,OECD.SDD.TPS:DSD_LFS@DF_IALFS_LF_WAP_Q(1.0),,I,CZE,,LF_WAP,,PT_WAP_SUB,,_Z,,Y,,_T,,Y15T64,,_Z,,Q,,2004-Q1,,69.98322,,,,A,,0,,1,
DATAFLOW,OECD.SDD.TPS:DSD_LFS@DF_IALFS_LF_WAP_Q(1.0),,I,CZE,,LF_WAP,,PT_WAP_SUB,,_Z,,Y,,_T,,Y15T64,,_Z,,Q,,2004-Q2,,70.03181,,,,A,,0,,1,
DATAFLOW,OECD.SDD.TPS:DSD_LFS@DF_IALFS_LF_WAP_Q(1.0),,I,CZE,,LF_WAP,,PT_WAP_SUB,,_Z,,Y,,_T,,Y15T64,,_Z,,Q,,2004-Q3,,69.99526,,,,A,,0,,1,
DATAFLOW,OECD.SDD.TPS:DSD_LFS@DF_IALFS_LF_WAP_Q(1.0),,I,CZE,,LF_WAP,,PT_WAP_SUB,,_Z,,Y,,_T,,Y15T64,,_Z,,Q,,2004-Q4,,70.07591,,,,A,,0,,1,
DATAFLOW,OECD.SDD.TPS:DSD_LFS@DF_IALFS_LF_WAP_Q(1.0),,I,CZE,,LF_WAP,,PT_WAP_SUB,,_Z,,Y,,_T,,Y15T64,,_Z,,Q,,2005-Q1,,70.16629,,,,A,,0,,1,
DATAFLOW,OECD.SDD.TPS:DSD_LFS@DF_IALFS_LF_WAP_Q(1.0),,I,CZE,,LF_WAP,,PT_WAP_SUB,,_Z,,Y,,_T,,Y15T64,,_Z,,Q,,2005-Q2,,70.35459,,,,A,,0,,1,
DATAFLOW,OECD.SDD.TPS:DSD_LFS@DF_IALFS_LF_WAP_Q(1.0),,I,CZE,,LF_WAP,,PT_WAP_SUB,,_Z,,Y,,_T,,Y15T64,,_Z,,Q,,2005-Q3,,70.56625,,,,A,,0,,1,
DATAFLOW,OECD.SDD.TPS:DSD_LFS@DF_IALFS_LF_WAP_Q(1.0),,I,CZE,,LF_WAP,,PT_WAP_SUB,,_Z,,Y,,_T,,Y15T64,,_Z,,Q,,2005-Q4,,70.54534,,,,A,,0,,1,
DATAFLOW,OECD.SDD.TPS:DSD_LFS@DF_IALFS_LF_WAP_Q(1.0),,I,CZE,,LF_WAP,,PT_WAP_SUB,,_Z,,Y,,_T,,Y15T64,,_Z,,Q,,2006-Q1,,70.6353,,,,A,,0,,1,
DATAFLOW,OECD.SDD.TPS:DSD_LFS@DF_IALFS_LF_WAP_Q(1.0),,I,CZE,,LF_WAP,,PT_WAP_SUB,,_Z,,Y,,_T,,Y15T64,,_Z,,Q,,2006-Q2,,70.43043,,,,A,,0,,1,
DATAFLOW,OECD.SDD.TPS:DSD_LFS@DF_IALFS_LF_WAP_Q(1.0),,I,CZE,,LF_WAP,,PT_WAP_SUB,,_Z,,Y,,_T,,Y15T64,,_Z,,Q,,2006-Q3,,70.22067,,,,A,,0,,1,
DATAFLOW,OECD.SDD.TPS:DSD_LFS@DF_IALFS_LF_WAP_Q(1.0),,I,CZE,,LF_WAP,,PT_WAP_SUB,,_Z,,Y,,_T,,Y15T64,,_Z,,Q,,2006-Q4,,70.06406,,,,A,,0,,1,
DATAFLOW,OECD.SDD.TPS:DSD_LFS@DF_IALFS_LF_WAP_Q(1.0),,I,CZE,,LF_WAP,,PT_WAP_SUB,,_Z,,Y,,_T,,Y15T64,,_Z,,Q,,2007-Q1,,69.98233,,,,A,,0,,1,
DATAFLOW,OECD.SDD.TPS:DSD_LFS@DF_IALFS_LF_WAP_Q(1.0),,I,CZE,,LF_WAP,,PT_WAP_SUB,,_Z,,Y,,_T,,Y15T64,,_Z,,Q,,2007-Q2,,69.89029,,,,A,,0,,1,
DATAFLOW,OECD.SDD.TPS:DSD_LFS@DF_IALFS_LF_WAP_Q(1.0),,I,CZE,,LF_WAP,,PT_WAP_SUB,,_Z,,Y,,_T,,Y15T64,,_Z,,Q,,2007-Q3,,69.77279,,,,A,,0,,1,
DATAFLOW,OECD.SDD.TPS:DSD_LFS@DF_IALFS_LF_WAP_Q(1.0),,I,CZE,,LF_WAP,,PT_WAP_SUB,,_Z,,Y,,_T,,Y15T64,,_Z,,Q,,2007-Q4,,69.75687,,,,A,,0,,1,
DATAFLOW,OECD.SDD.TPS:DSD_LFS@DF_IALFS_LF_WAP_Q(1.0),,I,CZE,,LF_WAP,,PT_WAP_SUB,,_Z,,Y,,_T,,Y15T64,,_Z,,Q,,2008-Q1,,69.62498,,,,A,,0,,1,
DATAFLOW,OECD.SDD.TPS:DSD_LFS@DF_IALFS_LF_WAP_Q(1.0),,I,CZE,,LF_WAP,,PT_WAP_SUB,,_Z,,Y,,_T,,Y15T64,,_Z,,Q,,2008-Q2,,69.74238,,,,A,,0,,1,
DATAFLOW,OECD.SDD.TPS:DSD_LFS@DF_IALFS_LF_WAP_Q(1.0),,I,CZE,,LF_WAP,,PT_WAP_SUB,,_Z,,Y,,_T,,Y15T64,,_Z,,Q,,2008-Q3,,69.58218,,,,A,,0,,1,
DATAFLOW,OECD.SDD.TPS:DSD_LFS@DF_IALFS_LF_WAP_Q(1.0),,I,CZE,,LF_WAP,,PT_WAP_SUB,,_Z,,Y,,_T,,Y15T64,,_Z,,Q,,2008-Q4,,69.72585,,,,A,,0,,1,
DATAFLOW,OECD.SDD.TPS:DSD_LFS@DF_IALFS_LF_WAP_Q(1.0),,I,CZE,,LF_WAP,,PT_WAP_SUB,,_Z,,Y,,_T,,Y15T64,,_Z,,Q,,2009-Q1,,69.86678,,,,A,,0,,1,
DATAFLOW,OECD.SDD.TPS:DSD_LFS@DF_IALFS_LF_WAP_Q(1.0),,I,CZE,,LF_WAP,,PT_WAP_SUB,,_Z,,Y,,_T,,Y15T64,,_Z,,Q,,2009-Q2,,70.05395,,,,A,,0,,1,
DATAFLOW,OECD.SDD.TPS:DSD_LFS@DF_IALFS_LF_WAP_Q(1.0),,I,CZE,,LF_WAP,,PT_WAP_SUB,,_Z,,Y,,_T,,Y15T64,,_Z,,Q,,2009-Q3,,70.22147,,,,A,,0,,1,
DATAFLOW,OECD.SDD.TPS:DSD_LFS@DF_IALFS_LF_WAP_Q(1.0),,I,CZE,,LF_WAP,,PT_WAP_SUB,,_Z,,Y,,_T,,Y15T64,,_Z,,Q,,2009-Q4,,70.24751,,,,A,,0,,1,
DATAFLOW,OECD.SDD.TPS:DSD_LFS@DF_IALFS_LF_WAP_Q(1.0),,I,CZE,,LF_WAP,,PT_WAP_SUB,,_Z,,Y,,_T,,Y15T64,,_Z,,Q,,2010-Q1,,70.09932,,,,A,,0,,1,
DATAFLOW,OECD.SDD.TPS:DSD_LFS@DF_IALFS_LF_WAP_Q(1.0),,I,CZE,,LF_WAP,,PT_WAP_SUB,,_Z,,Y,,_T,,Y15T64,,_Z,,Q,,2010-Q2,,70.05916,,,,A,,0,,1,
DATAFLOW,OECD.SDD.TPS:DSD_LFS@DF_IALFS_LF_WAP_Q(1.0),,I,CZE,,LF_WAP,,PT_WAP_SUB,,_Z,,Y,,_T,,Y15T64,,_Z,,Q,,2010-Q3,,70.24572,,,,A,,0,,1,
DATAFLOW,OECD.SDD.TPS:DSD_LFS@DF_IALFS_LF_WAP_Q(1.0),,I,CZE,,LF_WAP,,PT_WAP_SUB,,_Z,,Y,,_T,,Y15T64,,_Z,,Q,,2010-Q4,,70.27131,,,,A,,0,,1,
DATAFLOW,OECD.SDD.TPS:DSD_LFS@DF_IALFS_LF_WAP_Q(1.0),,I,CZE,,LF_WAP,,PT_WAP_SUB,,_Z,,Y,,_T,,Y15T64,,_Z,,Q,,2011-Q1,,70.36197,,,,A,,0,,1,
DATAFLOW,OECD.SDD.TPS:DSD_LFS@DF_IALFS_LF_WAP_Q(1.0),,I,CZE,,LF_WAP,,PT_WAP_SUB,,_Z,,Y,,_T,,Y15T64,,_Z,,Q,,2011-Q2,,70.63179,,,,A,,0,,1,
DATAFLOW,OECD.SDD.TPS:DSD_LFS@DF_IALFS_LF_WAP_Q(1.0),,I,CZE,,LF_WAP,,PT_WAP_SUB,,_Z,,Y,,_T,,Y15T64,,_Z,,Q,,2011-Q3,,70.5662,,,,A,,0,,1,
DATAFLOW,OECD.SDD.TPS:DSD_LFS@DF_IALFS_LF_WAP_Q(1.0),,I,CZE,,LF_WAP,,PT_WAP_SUB,,_Z,,Y,,_T,,Y15T64,,_Z,,Q,,2011-Q4,,70.57066,,,,A,,0,,1,
DATAFLOW,OECD.SDD.TPS:DSD_LFS@DF_IALFS_LF_WAP_Q(1.0),,I,CZE,,LF_WAP,,PT_WAP_SUB,,_Z,,Y,,_T,,Y15T64,,_Z,,Q,,2012-Q1,,70.90383,,,,A,,0,,1,
DATAFLOW,OECD.SDD.TPS:DSD_LFS@DF_IALFS_LF_WAP_Q(1.0),,I,CZE,,LF_WAP,,PT_WAP_SUB,,_Z,,Y,,_T,,Y15T64,,_Z,,Q,,2012-Q2,,71.3859,,,,A,,0,,1,
DATAFLOW,OECD.SDD.TPS:DSD_LFS@DF_IALFS_LF_WAP_Q(1.0),,I,CZE,,LF_WAP,,PT_WAP_SUB,,_Z,,Y,,_T,,Y15T64,,_Z,,Q,,2012-Q3,,71.8858,,,,A,,0,,1,
DATAFLOW,OECD.SDD.TPS:DSD_LFS@DF_IALFS_LF_WAP_Q(1.0),,I,CZE,,LF_WAP,,PT_WAP_SUB,,_Z,,Y,,_T,,Y15T64,,_Z,,Q,,2012-Q4,,72.16062,,,,A,,0,,1,
DATAFLOW,OECD.SDD.TPS:DSD_LFS@DF_IALFS_LF_WAP_Q(1.0),,I,CZE,,LF_WAP,,PT_WAP_SUB,,_Z,,Y,,_T,,Y15T64,,_Z,,Q,,2013-Q1,,72.53199,,,,A,,0,,1,
DATAFLOW,OECD.SDD.TPS:DSD_LFS@DF_IALFS_LF_WAP_Q(1.0),,I,CZE,,LF_WAP,,PT_WAP_SUB,,_Z,,Y,,_T,,Y15T64,,_Z,,Q,,2013-Q2,,72.85583,,,,A,,0,,1,
DATAFLOW,OECD.SDD.TPS:DSD_LFS@DF_IALFS_LF_WAP_Q(1.0),,I,CZE,,LF_WAP,,PT_WAP_SUB,,_Z,,Y,,_T,,Y15T64,,_Z,,Q,,2013-Q3,,72.97232,,,,A,,0,,1,
DATAFLOW,OECD.SDD.TPS:DSD_LFS@DF_IALFS_LF_WAP_Q(1.0),,I,CZE,,LF_WAP,,PT_WAP_SUB,,_Z,,Y,,_T,,Y15T64,,_Z,,Q,,2013-Q4,,73.13853,,,,A,,0,,1,
DATAFLOW,OECD.SDD.TPS:DSD_LFS@DF_IALFS_LF_WAP_Q(1.0),,I,CZE,,LF_WAP,,PT_WAP_SUB,,_Z,,Y,,_T,,Y15T64,,_Z,,Q,,2014-Q1,,73.2784,,,,A,,0,,1,
DATAFLOW,OECD.SDD.TPS:DSD_LFS@DF_IALFS_LF_WAP_Q(1.0),,I,CZE,,LF_WAP,,PT_WAP_SUB,,_Z,,Y,,_T,,Y15T64,,_Z,,Q,,2014-Q2,,73.29806,,,,A,,0,,1,
DATAFLOW,OECD.SDD.TPS:DSD_LFS@DF_IALFS_LF_WAP_Q(1.0),,I,CZE,,LF_WAP,,PT_WAP_SUB,,_Z,,Y,,_T,,Y15T64,,_Z,,Q,,2014-Q3,,73.53495,,,,A,,0,,1,
DATAFLOW,OECD.SDD.TPS:DSD_LFS@DF_IALFS_LF_WAP_Q(1.0),,I,CZE,,LF_WAP,,PT_WAP_SUB,,_Z,,Y,,_T,,Y15T64,,_Z,,Q,,2014-Q4,,73.95707,,,,A,,0,,1,
DATAFLOW,OECD.SDD.TPS:DSD_LFS@DF_IALFS_LF_WAP_Q(1.0),,I,CZE,,LF_WAP,,PT_WAP_SUB,,_Z,,Y,,_T,,Y15T64,,_Z,,Q,,2015-Q1,,74.05729,,,,A,,0,,1,
DATAFLOW,OECD.SDD.TPS:DSD_LFS@DF_IALFS_LF_WAP_Q(1.0),,I,CZE,,LF_WAP,,PT_WAP_SUB,,_Z,,Y,,_T,,Y15T64,,_Z,,Q,,2015-Q2,,74.00223,,,,A,,0,,1,
DATAFLOW,OECD.SDD.TPS:DSD_LFS@DF_IALFS_LF_WAP_Q(1.0),,I,CZE,,LF_WAP,,PT_WAP_SUB,,_Z,,Y,,_T,,Y15T64,,_Z,,Q,,2015-Q3,,73.98479,,,,A,,0,,1,
DATAFLOW,OECD.SDD.TPS:DSD_LFS@DF_IALFS_LF_WAP_Q(1.0),,I,CZE,,LF_WAP,,PT_WAP_SUB,,_Z,,Y,,_T,,Y15T64,,_Z,,Q,,2015-Q4,,74.05598,,,,A,,0,,1,
DATAFLOW,OECD.SDD.TPS:DSD_LFS@DF_IALFS_LF_WAP_Q(1.0),,I,CZE,,LF_WAP,,PT_WAP_SUB,,_Z,,Y,,_T,,Y15T64,,_Z,,Q,,2016-Q1,,74.55571,,,,A,,0,,1,
DATAFLOW,OECD.SDD.TPS:DSD_LFS@DF_IALFS_LF_WAP_Q(1.0),,I,CZE,,LF_WAP,,PT_WAP_SUB,,_Z,,Y,,_T,,Y15T64,,_Z,,Q,,2016-Q2,,74.8419,,,,A,,0,,1,
DATAFLOW,OECD.SDD.TPS:DSD_LFS@DF_IALFS_LF_WAP_Q(1.0),,I,CZE,,LF_WAP,,PT_WAP_SUB,,_Z,,Y,,_T,,Y15T64,,_Z,,Q,,2016-Q3,,75.08497,,,,A,,0,,1,
DATAFLOW,OECD.SDD.TPS:DSD_LFS@DF_IALFS_LF_WAP_Q(1.0),,I,CZE,,LF_WAP,,PT_WAP_SUB,,_Z,,Y,,_T,,Y15T64,,_Z,,Q,,2016-Q4,,75.52046,,,,A,,0,,1,
DATAFLOW,OECD.SDD.TPS:DSD_LFS@DF_IALFS_LF_WAP_Q(1.0),,I,CZE,,LF_WAP,,PT_WAP_SUB,,_Z,,Y,,_T,,Y15T64,,_Z,,Q,,2017-Q1,,75.62598,,,,A,,0,,1,
DATAFLOW,OECD.SDD.TPS:DSD_LFS@DF_IALFS_LF_WAP_Q(1.0),,I,CZE,,LF_WAP,,PT_WAP_SUB,,_Z,,Y,,_T,,Y15T64,,_Z,,Q,,2017-Q2,,75.76513,,,,A,,0,,1,
DATAFLOW,OECD.SDD.TPS:DSD_LFS@DF_IALFS_LF_WAP_Q(1.0),,I,CZE,,LF_WAP,,PT_WAP_SUB,,_Z,,Y,,_T,,Y15T64,,_Z,,Q,,2017-Q3,,76.08638,,,,A,,0,,1,
DATAFLOW,OECD.SDD.TPS:DSD_LFS@DF_IALFS_LF_WAP_Q(1.0),,I,CZE,,LF_WAP,,PT_WAP_SUB,,_Z,,Y,,_T,,Y15T64,,_Z,,Q,,2017-Q4,,76.03207,,,,A,,0,,1,
DATAFLOW,OECD.SDD.TPS:DSD_LFS@DF_IALFS_LF_WAP_Q(1.0),,I,CZE,,LF_WAP,,PT_WAP_SUB,,_Z,,Y,,_T,,Y15T64,,_Z,,Q,,2018-Q1,,76.29003,,,,A,,0,,1,
DATAFLOW,OECD.SDD.TPS:DSD_LFS@DF_IALFS_LF_WAP_Q(1.0),,I,CZE,,LF_WAP,,PT_WAP_SUB,,_Z,,Y,,_T,,Y15T64,,_Z,,Q,,2018-Q2,,76.54508,,,,A,,0,,1,
DATAFLOW,OECD.SDD.TPS:DSD_LFS@DF_IALFS_LF_WAP_Q(1.0),,I,CZE,,LF_WAP,,PT_WAP_SUB,,_Z,,Y,,_T,,Y15T64,,_Z,,Q,,2018-Q3,,76.64456,,,,A,,0,,1,
DATAFLOW,OECD.SDD.TPS:DSD_LFS@DF_IALFS_LF_WAP_Q(1.0),,I,CZE,,LF_WAP,,PT_WAP_SUB,,_Z,,Y,,_T,,Y15T64,,_Z,,Q,,2018-Q4,,76.79475,,,,A,,0,,1,
DATAFLOW,OECD.SDD.TPS:DSD_LFS@DF_IALFS_LF_WAP_Q(1.0),,I,CZE,,LF_WAP,,PT_WAP_SUB,,_Z,,Y,,_T,,Y15T64,,_Z,,Q,,2019-Q1,,76.78627,,,,A,,0,,1,
DATAFLOW,OECD.SDD.TPS:DSD_LFS@DF_IALFS_LF_WAP_Q(1.0),,I,CZE,,LF_WAP,,PT_WAP_SUB,,_Z,,Y,,_T,,Y15T64,,_Z,,Q,,2019-Q2,,76.7178,,,,A,,0,,1,
DATAFLOW,OECD.SDD.TPS:DSD_LFS@DF_IALFS_LF_WAP_Q(1.0),,I,CZE,,LF_WAP,,PT_WAP_SUB,,_Z,,Y,,_T,,Y15T64,,_Z,,Q,,2019-Q3,,76.69271,,,,A,,0,,1,
DATAFLOW,OECD.SDD.TPS:DSD_LFS@DF_IALFS_LF_WAP_Q(1.0),,I,CZE,,LF_WAP,,PT_WAP_SUB,,_Z,,Y,,_T,,Y15T64,,_Z,,Q,,2019-Q4,,76.67056,,,,A,,0,,1,
DATAFLOW,OECD.SDD.TPS:DSD_LFS@DF_IALFS_LF_WAP_Q(1.0),,I,CZE,,LF_WAP,,PT_WAP_SUB,,_Z,,Y,,_T,,Y15T64,,_Z,,Q,,2020-Q1,,76.54402,,,,A,,0,,1,
DATAFLOW,OECD.SDD.TPS:DSD_LFS@DF_IALFS_LF_WAP_Q(1.0),,I,CZE,,LF_WAP,,PT_WAP_SUB,,_Z,,Y,,_T,,Y15T64,,_Z,,Q,,2020-Q2,,76.15753,,,,A,,0,,1,
DATAFLOW,OECD.SDD.TPS:DSD_LFS@DF_IALFS_LF_WAP_Q(1.0),,I,CZE,,LF_WAP,,PT_WAP_SUB,,_Z,,Y,,_T,,Y15T64,,_Z,,Q,,2020-Q3,,76.36403,,,,A,,0,,1,
DATAFLOW,OECD.SDD.TPS:DSD_LFS@DF_IALFS_LF_WAP_Q(1.0),,I,CZE,,LF_WAP,,PT_WAP_SUB,,_Z,,Y,,_T,,Y15T64,,_Z,,Q,,2020-Q4,,76.48239,,,,A,,0,,1,
DATAFLOW,OECD.SDD.TPS:DSD_LFS@DF_IALFS_LF_WAP_Q(1.0),,I,CZE,,LF_WAP,,PT_WAP_SUB,,_Z,,Y,,_T,,Y15T64,,_Z,,Q,,2021-Q1,,76.49265,,,,A,,0,,1,
DATAFLOW,OECD.SDD.TPS:DSD_LFS@DF_IALFS_LF_WAP_Q(1.0),,I,CZE,,LF_WAP,,PT_WAP_SUB,,_Z,,Y,,_T,,Y15T64,,_Z,,Q,,2021-Q2,,76.20486,,,,A,,0,,1,
DATAFLOW,OECD.SDD.TPS:DSD_LFS@DF_IALFS_LF_WAP_Q(1.0),,I,CZE,,LF_WAP,,PT_WAP_SUB,,_Z,,Y,,_T,,Y15T64,,_Z,,Q,,2021-Q3,,76.82874,,,,A,,0,,1,
DATAFLOW,OECD.SDD.TPS:DSD_LFS@DF_IALFS_LF_WAP_Q(1.0),,I,CZE,,LF_WAP,,PT_WAP_SUB,,_Z,,Y,,_T,,Y15T64,,_Z,,Q,,2021-Q4,,76.87028,,,,A,,0,,1,
DATAFLOW,OECD.SDD.TPS:DSD_LFS@DF_IALFS_LF_WAP_Q(1.0),,I,CZE,,LF_WAP,,PT_WAP_SUB,,_Z,,Y,,_T,,Y15T64,,_Z,,Q,,2022-Q1,,77.24549,,,,A,,0,,1,
DATAFLOW,OECD.SDD.TPS:DSD_LFS@DF_IALFS_LF_WAP_Q(1.0),,I,CZE,,LF_WAP,,PT_WAP_SUB,,_Z,,Y,,_T,,Y15T64,,_Z,,Q,,2022-Q2,,77.20006,,,,A,,0,,1,
DATAFLOW,OECD.SDD.TPS:DSD_LFS@DF_IALFS_LF_WAP_Q(1.0),,I,CZE,,LF_WAP,,PT_WAP_SUB,,_Z,,Y,,_T,,Y15T64,,_Z,,Q,,2022-Q3,,77.32907,,,,A,,0,,1,
DATAFLOW,OECD.SDD.TPS:DSD_LFS@DF_IALFS_LF_WAP_Q(1.0),,I,CZE,,LF_WAP,,PT_WAP_SUB,,_Z,,Y,,_T,,Y15T64,,_Z,,Q,,2022-Q4,,77.30015,,,,A,,0,,1,
DATAFLOW,OECD.SDD.TPS:DSD_LFS@DF_IALFS_LF_WAP_Q(1.0),,I,CZE,,LF_WAP,,PT_WAP_SUB,,_Z,,Y,,_T,,Y15T64,,_Z,,Q,,2023-Q1,,76.86603,,,,A,,0,,1,
DATAFLOW,OECD.SDD.TPS:DSD_LFS@DF_IALFS_LF_WAP_Q(1.0),,I,CZE,,LF_WAP,,PT_WAP_SUB,,_Z,,Y,,_T,,Y15T64,,_Z,,Q,,2023-Q2,,77.38846,,,,A,,0,,1,
DATAFLOW,OECD.SDD.TPS:DSD_LFS@DF_IALFS_LF_WAP_Q(1.0),,I,CZE,,LF_WAP,,PT_WAP_SUB,,_Z,,Y,,_T,,Y15T64,,_Z,,Q,,2023-Q3,,77.11707,,,,A,,0,,1,
DATAFLOW,OECD.SDD.TPS:DSD_LFS@DF_IALFS_LF_WAP_Q(1.0),,I,CZE,,LF_WAP,,PT_WAP_SUB,,_Z,,Y,,_T,,Y15T64,,_Z,,Q,,2023-Q4,,77.22015,,,,A,,0,,1,
DATAFLOW,OECD.SDD.TPS:DSD_LFS@DF_IALFS_LF_WAP_Q(1.0),,I,CZE,,LF_WAP,,PT_WAP_SUB,,_Z,,Y,,_T,,Y15T64,,_Z,,Q,,2024-Q1,,77.48232,,,,A,,0,,1,
DATAFLOW,OECD.SDD.TPS:DSD_LFS@DF_IALFS_LF_WAP_Q(1.0),,I,CZE,,LF_WAP,,PT_WAP_SUB,,_Z,,Y,,_T,,Y15T64,,_Z,,Q,,2024-Q2,,77.34945,,,,A,,0,,1,
DATAFLOW,OECD.SDD.TPS:DSD_LFS@DF_IALFS_LF_WAP_Q(1.0),,I,CZE,,LF_WAP,,PT_WAP_SUB,,_Z,,Y,,_T,,Y15T64,,_Z,,Q,,2024-Q3,,77.50664,,,,A,,0,,1,
DATAFLOW,OECD.SDD.TPS:DSD_LFS@DF_IALFS_LF_WAP_Q(1.0),,I,CZE,,LF_WAP,,PT_WAP_SUB,,_Z,,Y,,_T,,Y15T64,,_Z,,Q,,2024-Q4,,77.66389,,,,A,,0,,1,
DATAFLOW,OECD.SDD.TPS:DSD_LFS@DF_IALFS_LF_WAP_Q(1.0),,I,CZE,,LF_WAP,,PT_WAP_SUB,,_Z,,Y,,_T,,Y15T64,,_Z,,Q,,2025-Q1,,77.84534,,,,A,,0,,1,
DATAFLOW,OECD.SDD.TPS:DSD_LFS@DF_IALFS_LF_WAP_Q(1.0),,I,CZE,,LF_WAP,,PT_WAP_SUB,,_Z,,Y,,_T,,Y15T64,,_Z,,Q,,2025-Q2,,78.02908,,,,A,,0,,1,
DATAFLOW,OECD.SDD.TPS:DSD_LFS@DF_IALFS_LF_WAP_Q(1.0),,I,CZE,,LF_WAP,,PT_WAP_SUB,,_Z,,Y,,_T,,Y15T64,,_Z,,Q,,2025-Q3,,78.04314,,,,A,,0,,1,
DATAFLOW,OECD.SDD.TPS:DSD_LFS@DF_IALFS_LF_WAP_Q(1.0),,I,CZE,,LF_WAP,,PT_WAP_SUB,,_Z,,Y,,_T,,Y15T64,,_Z,,Q,,2025-Q4,,77.90864,,,,A,,0,,1,
DATAFLOW,OECD.SDD.TPS:DSD_LFS@DF_IALFS_LF_WAP_Q(1.0),,I,CZE,,LF_WAP,,PT_WAP_SUB,,_Z,,Y,,_T,,Y15T64,,_Z,,Q,,2026-Q1,,78.30531,,,,A,,0,,1,
DATAFLOW,OECD.SDD.TPS:DSD_LFS@DF_IALFS_LF_WAP_Q(1.0),,I,ISR,,LF_WAP,,PT_WAP_SUB,,_Z,,Y,,_T,,Y15T64,,_Z,,Q,,1996-Q3,,60.51289,,,,A,,0,,1,
DATAFLOW,OECD.SDD.TPS:DSD_LFS@DF_IALFS_LF_WAP_Q(1.0),,I,ISR,,LF_WAP,,PT_WAP_SUB,,_Z,,Y,,_T,,Y15T64,,_Z,,Q,,1996-Q4,,60.32443,,,,A,,0,,1,
DATAFLOW,OECD.SDD.TPS:DSD_LFS@DF_IALFS_LF_WAP_Q(1.0),,I,ISR,,LF_WAP,,PT_WAP_SUB,,_Z,,Y,,_T,,Y15T64,,_Z,,Q,,1997-Q1,,60.3208,,,,A,,0,,1,
DATAFLOW,OECD.SDD.TPS:DSD_LFS@DF_IALFS_LF_WAP_Q(1.0),,I,ISR,,LF_WAP,,PT_WAP_SUB,,_Z,,Y,,_T,,Y15T64,,_Z,,Q,,1997-Q2,,60.54159,,,,A,,0,,1,
DATAFLOW,OECD.SDD.TPS:DSD_LFS@DF_IALFS_LF_WAP_Q(1.0),,I,ISR,,LF_WAP,,PT_WAP_SUB,,_Z,,Y,,_T,,Y15T64,,_Z,,Q,,1997-Q3,,60.60786,,,,A,,0,,1,
DATAFLOW,OECD.SDD.TPS:DSD_LFS@DF_IALFS_LF_WAP_Q(1.0),,I,ISR,,LF_WAP,,PT_WAP_SUB,,_Z,,Y,,_T,,Y15T64,,_Z,,Q,,1997-Q4,,60.19624,,,,A,,0,,1,
DATAFLOW,OECD.SDD.TPS:DSD_LFS@DF_IALFS_LF_WAP_Q(1.0),,I,ISR,,LF_WAP,,PT_WAP_SUB,,_Z,,Y,,_T,,Y15T64,,_Z,,Q,,1998-Q1,,60.77774,,,,A,,0,,1,
DATAFLOW,OECD.SDD.TPS:DSD_LFS@DF_IALFS_LF_WAP_Q(1.0),,I,ISR,,LF_WAP,,PT_WAP_SUB,,_Z,,Y,,_T,,Y15T64,,_Z,,Q,,1998-Q2,,60.34503,,,,A,,0,,1,
DATAFLOW,OECD.SDD.TPS:DSD_LFS@DF_IALFS_LF_WAP_Q(1.0),,I,ISR,,LF_WAP,,PT_WAP_SUB,,_Z,,Y,,_T,,Y15T64,,_Z,,Q,,1998-Q3,,60.43824,,,,A,,0,,1,
DATAFLOW,OECD.SDD.TPS:DSD_LFS@DF_IALFS_LF_WAP_Q(1.0),,I,ISR,,LF_WAP,,PT_WAP_SUB,,_Z,,Y,,_T,,Y15T64,,_Z,,Q,,1998-Q4,,60.37046,,,,A,,0,,1,
DATAFLOW,OECD.SDD.TPS:DSD_LFS@DF_IALFS_LF_WAP_Q(1.0),,I,ISR,,LF_WAP,,PT_WAP_SUB,,_Z,,Y,,_T,,Y15T64,,_Z,,Q,,1999-Q1,,60.67065,,,,A,,0,,1,
DATAFLOW,OECD.SDD.TPS:DSD_LFS@DF_IALFS_LF_WAP_Q(1.0),,I,ISR,,LF_WAP,,PT_WAP_SUB,,_Z,,Y,,_T,,Y15T64,,_Z,,Q,,1999-Q2,,60.60066,,,,A,,0,,1,
DATAFLOW,OECD.SDD.TPS:DSD_LFS@DF_IALFS_LF_WAP_Q(1.0),,I,ISR,,LF_WAP,,PT_WAP_SUB,,_Z,,Y,,_T,,Y15T64,,_Z,,Q,,1999-Q3,,60.96084,,,,A,,0,,1,
DATAFLOW,OECD.SDD.TPS:DSD_LFS@DF_IALFS_LF_WAP_Q(1.0),,I,ISR,,LF_WAP,,PT_WAP_SUB,,_Z,,Y,,_T,,Y15T64,,_Z,,Q,,1999-Q4,,61.66487,,,,A,,0,,1,
DATAFLOW,OECD.SDD.TPS:DSD_LFS@DF_IALFS_LF_WAP_Q(1.0),,I,ISR,,LF_WAP,,PT_WAP_SUB,,_Z,,Y,,_T,,Y15T64,,_Z,,Q,,2000-Q1,,60.9939,,,,A,,0,,1,
DATAFLOW,OECD.SDD.TPS:DSD_LFS@DF_IALFS_LF_WAP_Q(1.0),,I,ISR,,LF_WAP,,PT_WAP_SUB,,_Z,,Y,,_T,,Y15T64,,_Z,,Q,,2000-Q2,,61.74712,,,,A,,0,,1,
DATAFLOW,OECD.SDD.TPS:DSD_LFS@DF_IALFS_LF_WAP_Q(1.0),,I,ISR,,LF_WAP,,PT_WAP_SUB,,_Z,,Y,,_T,,Y15T64,,_Z,,Q,,2000-Q3,,61.92077,,,,A,,0,,1,
DATAFLOW,OECD.SDD.TPS:DSD_LFS@DF_IALFS_LF_WAP_Q(1.0),,I,ISR,,LF_WAP,,PT_WAP_SUB,,_Z,,Y,,_T,,Y15T64,,_Z,,Q,,2000-Q4,,61.50127,,,,A,,0,,1,
DATAFLOW,OECD.SDD.TPS:DSD_LFS@DF_IALFS_LF_WAP_Q(1.0),,I,ISR,,LF_WAP,,PT_WAP_SUB,,_Z,,Y,,_T,,Y15T64,,_Z,,Q,,2001-Q1,,61.2905,,,,A,,0,,1,
DATAFLOW,OECD.SDD.TPS:DSD_LFS@DF_IALFS_LF_WAP_Q(1.0),,I,ISR,,LF_WAP,,PT_WAP_SUB,,_Z,,Y,,_T,,Y15T64,,_Z,,Q,,2001-Q2,,61.32259,,,,A,,0,,1,
DATAFLOW,OECD.SDD.TPS:DSD_LFS@DF_IALFS_LF_WAP_Q(1.0),,I,ISR,,LF_WAP,,PT_WAP_SUB,,_Z,,Y,,_T,,Y15T64,,_Z,,Q,,2001-Q3,,61.7307,,,,A,,0,,1,
DATAFLOW,OECD.SDD.TPS:DSD_LFS@DF_IALFS_LF_WAP_Q(1.0),,I,ISR,,LF_WAP,,PT_WAP_SUB,,_Z,,Y,,_T,,Y15T64,,_Z,,Q,,2001-Q4,,61.28994,,,,A,,0,,1,
DATAFLOW,OECD.SDD.TPS:DSD_LFS@DF_IALFS_LF_WAP_Q(1.0),,I,ISR,,LF_WAP,,PT_WAP_SUB,,_Z,,Y,,_T,,Y15T64,,_Z,,Q,,2002-Q1,,61.42543,,,,A,,0,,1,
DATAFLOW,OECD.SDD.TPS:DSD_LFS@DF_IALFS_LF_WAP_Q(1.0),,I,ISR,,LF_WAP,,PT_WAP_SUB,,_Z,,Y,,_T,,Y15T64,,_Z,,Q,,2002-Q2,,60.92585,,,,A,,0,,1,
DATAFLOW,OECD.SDD.TPS:DSD_LFS@DF_IALFS_LF_WAP_Q(1.0),,I,ISR,,LF_WAP,,PT_WAP_SUB,,_Z,,Y,,_T,,Y15T64,,_Z,,Q,,2002-Q3,,61.09751,,,,A,,0,,1,
DATAFLOW,OECD.SDD.TPS:DSD_LFS@DF_IALFS_LF_WAP_Q(1.0),,I,ISR,,LF_WAP,,PT_WAP_SUB,,_Z,,Y,,_T,,Y15T64,,_Z,,Q,,2002-Q4,,61.42521,,,,A,,0,,1,
DATAFLOW,OECD.SDD.TPS:DSD_LFS@DF_IALFS_LF_WAP_Q(1.0),,I,ISR,,LF_WAP,,PT_WAP_SUB,,_Z,,Y,,_T,,Y15T64,,_Z,,Q,,2003-Q1,,61.61781,,,,A,,0,,1,
DATAFLOW,OECD.SDD.TPS:DSD_LFS@DF_IALFS_LF_WAP_Q(1.0),,I,ISR,,LF_WAP,,PT_WAP_SUB,,_Z,,Y,,_T,,Y15T64,,_Z,,Q,,2003-Q2,,61.11148,,,,A,,0,,1,
DATAFLOW,OECD.SDD.TPS:DSD_LFS@DF_IALFS_LF_WAP_Q(1.0),,I,ISR,,LF_WAP,,PT_WAP_SUB,,_Z,,Y,,_T,,Y15T64,,_Z,,Q,,2003-Q3,,61.76524,,,,A,,0,,1,
DATAFLOW,OECD.SDD.TPS:DSD_LFS@DF_IALFS_LF_WAP_Q(1.0),,I,ISR,,LF_WAP,,PT_WAP_SUB,,_Z,,Y,,_T,,Y15T64,,_Z,,Q,,2003-Q4,,62.32414,,,,A,,0,,1,
DATAFLOW,OECD.SDD.TPS:DSD_LFS@DF_IALFS_LF_WAP_Q(1.0),,I,ISR,,LF_WAP,,PT_WAP_SUB,,_Z,,Y,,_T,,Y15T64,,_Z,,Q,,2004-Q1,,62.4741,,,,A,,0,,1,
DATAFLOW,OECD.SDD.TPS:DSD_LFS@DF_IALFS_LF_WAP_Q(1.0),,I,ISR,,LF_WAP,,PT_WAP_SUB,,_Z,,Y,,_T,,Y15T64,,_Z,,Q,,2004-Q2,,62.24192,,,,A,,0,,1,
DATAFLOW,OECD.SDD.TPS:DSD_LFS@DF_IALFS_LF_WAP_Q(1.0),,I,ISR,,LF_WAP,,PT_WAP_SUB,,_Z,,Y,,_T,,Y15T64,,_Z,,Q,,2004-Q3,,62.03299,,,,A,,0,,1,
DATAFLOW,OECD.SDD.TPS:DSD_LFS@DF_IALFS_LF_WAP_Q(1.0),,I,ISR,,LF_WAP,,PT_WAP_SUB,,_Z,,Y,,_T,,Y15T64,,_Z,,Q,,2004-Q4,,62.04725,,,,A,,0,,1,
DATAFLOW,OECD.SDD.TPS:DSD_LFS@DF_IALFS_LF_WAP_Q(1.0),,I,ISR,,LF_WAP,,PT_WAP_SUB,,_Z,,Y,,_T,,Y15T64,,_Z,,Q,,2005-Q1,,62.13392,,,,A,,0,,1,
DATAFLOW,OECD.SDD.TPS:DSD_LFS@DF_IALFS_LF_WAP_Q(1.0),,I,ISR,,LF_WAP,,PT_WAP_SUB,,_Z,,Y,,_T,,Y15T64,,_Z,,Q,,2005-Q2,,62.26553,,,,A,,0,,1,
DATAFLOW,OECD.SDD.TPS:DSD_LFS@DF_IALFS_LF_WAP_Q(1.0),,I,ISR,,LF_WAP,,PT_WAP_SUB,,_Z,,Y,,_T,,Y15T64,,_Z,,Q,,2005-Q3,,62.34199,,,,A,,0,,1,
DATAFLOW,OECD.SDD.TPS:DSD_LFS@DF_IALFS_LF_WAP_Q(1.0),,I,ISR,,LF_WAP,,PT_WAP_SUB,,_Z,,Y,,_T,,Y15T64,,_Z,,Q,,2005-Q4,,62.96164,,,,A,,0,,1,
DATAFLOW,OECD.SDD.TPS:DSD_LFS@DF_IALFS_LF_WAP_Q(1.0),,I,ISR,,LF_WAP,,PT_WAP_SUB,,_Z,,Y,,_T,,Y15T64,,_Z,,Q,,2006-Q1,,62.66998,,,,A,,0,,1,
DATAFLOW,OECD.SDD.TPS:DSD_LFS@DF_IALFS_LF_WAP_Q(1.0),,I,ISR,,LF_WAP,,PT_WAP_SUB,,_Z,,Y,,_T,,Y15T64,,_Z,,Q,,2006-Q2,,63.28682,,,,A,,0,,1,
DATAFLOW,OECD.SDD.TPS:DSD_LFS@DF_IALFS_LF_WAP_Q(1.0),,I,ISR,,LF_WAP,,PT_WAP_SUB,,_Z,,Y,,_T,,Y15T64,,_Z,,Q,,2006-Q3,,62.78082,,,,A,,0,,1,
DATAFLOW,OECD.SDD.TPS:DSD_LFS@DF_IALFS_LF_WAP_Q(1.0),,I,ISR,,LF_WAP,,PT_WAP_SUB,,_Z,,Y,,_T,,Y15T64,,_Z,,Q,,2006-Q4,,62.93988,,,,A,,0,,1,
DATAFLOW,OECD.SDD.TPS:DSD_LFS@DF_IALFS_LF_WAP_Q(1.0),,I,ISR,,LF_WAP,,PT_WAP_SUB,,_Z,,Y,,_T,,Y15T64,,_Z,,Q,,2007-Q1,,63.49057,,,,A,,0,,1,
DATAFLOW,OECD.SDD.TPS:DSD_LFS@DF_IALFS_LF_WAP_Q(1.0),,I,ISR,,LF_WAP,,PT_WAP_SUB,,_Z,,Y,,_T,,Y15T64,,_Z,,Q,,2007-Q2,,63.97284,,,,A,,0,,1,
DATAFLOW,OECD.SDD.TPS:DSD_LFS@DF_IALFS_LF_WAP_Q(1.0),,I,ISR,,LF_WAP,,PT_WAP_SUB,,_Z,,Y,,_T,,Y15T64,,_Z,,Q,,2007-Q3,,63.77668,,,,A,,0,,1,
DATAFLOW,OECD.SDD.TPS:DSD_LFS@DF_IALFS_LF_WAP_Q(1.0),,I,ISR,,LF_WAP,,PT_WAP_SUB,,_Z,,Y,,_T,,Y15T64,,_Z,,Q,,2007-Q4,,63.38927,,,,A,,0,,1,
DATAFLOW,OECD.SDD.TPS:DSD_LFS@DF_IALFS_LF_WAP_Q(1.0),,I,ISR,,LF_WAP,,PT_WAP_SUB,,_Z,,Y,,_T,,Y15T64,,_Z,,Q,,2008-Q1,,63.96576,,,,A,,0,,1,
DATAFLOW,OECD.SDD.TPS:DSD_LFS@DF_IALFS_LF_WAP_Q(1.0),,I,ISR,,LF_WAP,,PT_WAP_SUB,,_Z,,Y,,_T,,Y15T64,,_Z,,Q,,2008-Q2,,63.90852,,,,A,,0,,1,
DATAFLOW,OECD.SDD.TPS:DSD_LFS@DF_IALFS_LF_WAP_Q(1.0),,I,ISR,,LF_WAP,,PT_WAP_SUB,,_Z,,Y,,_T,,Y15T64,,_Z,,Q,,2008-Q3,,63.42294,,,,A,,0,,1,
DATAFLOW,OECD.SDD.TPS:DSD_LFS@DF_IALFS_LF_WAP_Q(1.0),,I,ISR,,LF_WAP,,PT_WAP_SUB,,_Z,,Y,,_T,,Y15T64,,_Z,,Q,,2008-Q4,,63.77687,,,,A,,0,,1,
DATAFLOW,OECD.SDD.TPS:DSD_LFS@DF_IALFS_LF_WAP_Q(1.0),,I,ISR,,LF_WAP,,PT_WAP_SUB,,_Z,,Y,,_T,,Y15T64,,_Z,,Q,,2009-Q1,,64.29724,,,,A,,0,,1,
DATAFLOW,OECD.SDD.TPS:DSD_LFS@DF_IALFS_LF_WAP_Q(1.0),,I,ISR,,LF_WAP,,PT_WAP_SUB,,_Z,,Y,,_T,,Y15T64,,_Z,,Q,,2009-Q2,,64.33494,,,,A,,0,,1,
DATAFLOW,OECD.SDD.TPS:DSD_LFS@DF_IALFS_LF_WAP_Q(1.0),,I,ISR,,LF_WAP,,PT_WAP_SUB,,_Z,,Y,,_T,,Y15T64,,_Z,,Q,,2009-Q3,,63.87948,,,,A,,0,,1,
DATAFLOW,OECD.SDD.TPS:DSD_LFS@DF_IALFS_LF_WAP_Q(1.0),,I,ISR,,LF_WAP,,PT_WAP_SUB,,_Z,,Y,,_T,,Y15T64,,_Z,,Q,,2009-Q4,,63.97755,,,,A,,0,,1,
DATAFLOW,OECD.SDD.TPS:DSD_LFS@DF_IALFS_LF_WAP_Q(1.0),,I,ISR,,LF_WAP,,PT_WAP_SUB,,_Z,,Y,,_T,,Y15T64,,_Z,,Q,,2010-Q1,,63.90533,,,,A,,0,,1,
DATAFLOW,OECD.SDD.TPS:DSD_LFS@DF_IALFS_LF_WAP_Q(1.0),,I,ISR,,LF_WAP,,PT_WAP_SUB,,_Z,,Y,,_T,,Y15T64,,_Z,,Q,,2010-Q2,,64.36449,,,,A,,0,,1,
DATAFLOW,OECD.SDD.TPS:DSD_LFS@DF_IALFS_LF_WAP_Q(1.0),,I,ISR,,LF_WAP,,PT_WAP_SUB,,_Z,,Y,,_T,,Y15T64,,_Z,,Q,,2010-Q3,,64.78473,,,,A,,0,,1,
DATAFLOW,OECD.SDD.TPS:DSD_LFS@DF_IALFS_LF_WAP_Q(1.0),,I,ISR,,LF_WAP,,PT_WAP_SUB,,_Z,,Y,,_T,,Y15T64,,_Z,,Q,,2010-Q4,,65.02631,,,,A,,0,,1,
DATAFLOW,OECD.SDD.TPS:DSD_LFS@DF_IALFS_LF_WAP_Q(1.0),,I,ISR,,LF_WAP,,PT_WAP_SUB,,_Z,,Y,,_T,,Y15T64,,_Z,,Q,,2011-Q1,,64.59294,,,,A,,0,,1,
DATAFLOW,OECD.SDD.TPS:DSD_LFS@DF_IALFS_LF_WAP_Q(1.0),,I,ISR,,LF_WAP,,PT_WAP_SUB,,_Z,,Y,,_T,,Y15T64,,_Z,,Q,,2011-Q2,,64.80209,,,,A,,0,,1,
DATAFLOW,OECD.SDD.TPS:DSD_LFS@DF_IALFS_LF_WAP_Q(1.0),,I,ISR,,LF_WAP,,PT_WAP_SUB,,_Z,,Y,,_T,,Y15T64,,_Z,,Q,,2011-Q3,,65.00439,,,,A,,0,,1,
DATAFLOW,OECD.SDD.TPS:DSD_LFS@DF_IALFS_LF_WAP_Q(1.0),,I,ISR,,LF_WAP,,PT_WAP_SUB,,_Z,,Y,,_T,,Y15T64,,_Z,,Q,,2011-Q4,,65.02032,,,,A,,0,,1,
DATAFLOW,OECD.SDD.TPS:DSD_LFS@DF_IALFS_LF_WAP_Q(1.0),,I,ISR,,LF_WAP,,PT_WAP_SUB,,_Z,,Y,,_T,,Y15T64,,_Z,,Q,,2012-Q1,,70.95367,,,,A,,0,,1,
DATAFLOW,OECD.SDD.TPS:DSD_LFS@DF_IALFS_LF_WAP_Q(1.0),,I,ISR,,LF_WAP,,PT_WAP_SUB,,_Z,,Y,,_T,,Y15T64,,_Z,,Q,,2012-Q2,,71.31371,,,,A,,0,,1,
DATAFLOW,OECD.SDD.TPS:DSD_LFS@DF_IALFS_LF_WAP_Q(1.0),,I,ISR,,LF_WAP,,PT_WAP_SUB,,_Z,,Y,,_T,,Y15T64,,_Z,,Q,,2012-Q3,,71.92162,,,,A,,0,,1,
DATAFLOW,OECD.SDD.TPS:DSD_LFS@DF_IALFS_LF_WAP_Q(1.0),,I,ISR,,LF_WAP,,PT_WAP_SUB,,_Z,,Y,,_T,,Y15T64,,_Z,,Q,,2012-Q4,,71.68371,,,,A,,0,,1,
DATAFLOW,OECD.SDD.TPS:DSD_LFS@DF_IALFS_LF_WAP_Q(1.0),,I,ISR,,LF_WAP,,PT_WAP_SUB,,_Z,,Y,,_T,,Y15T64,,_Z,,Q,,2013-Q1,,71.79306,,,,A,,0,,1,
DATAFLOW,OECD.SDD.TPS:DSD_LFS@DF_IALFS_LF_WAP_Q(1.0),,I,ISR,,LF_WAP,,PT_WAP_SUB,,_Z,,Y,,_T,,Y15T64,,_Z,,Q,,2013-Q2,,71.51698,,,,A,,0,,1,
DATAFLOW,OECD.SDD.TPS:DSD_LFS@DF_IALFS_LF_WAP_Q(1.0),,I,ISR,,LF_WAP,,PT_WAP_SUB,,_Z,,Y,,_T,,Y15T64,,_Z,,Q,,2013-Q3,,71.62007,,,,A,,0,,1,
DATAFLOW,OECD.SDD.TPS:DSD_LFS@DF_IALFS_LF_WAP_Q(1.0),,I,ISR,,LF_WAP,,PT_WAP_SUB,,_Z,,Y,,_T,,Y15T64,,_Z,,Q,,2013-Q4,,71.43136,,,,A,,0,,1,
DATAFLOW,OECD.SDD.TPS:DSD_LFS@DF_IALFS_LF_WAP_Q(1.0),,I,ISR,,LF_WAP,,PT_WAP_SUB,,_Z,,Y,,_T,,Y15T64,,_Z,,Q,,2014-Q1,,72.28378,,,,A,,0,,1,
DATAFLOW,OECD.SDD.TPS:DSD_LFS@DF_IALFS_LF_WAP_Q(1.0),,I,ISR,,LF_WAP,,PT_WAP_SUB,,_Z,,Y,,_T,,Y15T64,,_Z,,Q,,2014-Q2,,72.04683,,,,A,,0,,1,
DATAFLOW,OECD.SDD.TPS:DSD_LFS@DF_IALFS_LF_WAP_Q(1.0),,I,ISR,,LF_WAP,,PT_WAP_SUB,,_Z,,Y,,_T,,Y15T64,,_Z,,Q,,2014-Q3,,72.18283,,,,A,,0,,1,
DATAFLOW,OECD.SDD.TPS:DSD_LFS@DF_IALFS_LF_WAP_Q(1.0),,I,ISR,,LF_WAP,,PT_WAP_SUB,,_Z,,Y,,_T,,Y15T64,,_Z,,Q,,2014-Q4,,72.23416,,,,A,,0,,1,
DATAFLOW,OECD.SDD.TPS:DSD_LFS@DF_IALFS_LF_WAP_Q(1.0),,I,ISR,,LF_WAP,,PT_WAP_SUB,,_Z,,Y,,_T,,Y15T64,,_Z,,Q,,2015-Q1,,71.88555,,,,A,,0,,1,
DATAFLOW,OECD.SDD.TPS:DSD_LFS@DF_IALFS_LF_WAP_Q(1.0),,I,ISR,,LF_WAP,,PT_WAP_SUB,,_Z,,Y,,_T,,Y15T64,,_Z,,Q,,2015-Q2,,72.00188,,,,A,,0,,1,
DATAFLOW,OECD.SDD.TPS:DSD_LFS@DF_IALFS_LF_WAP_Q(1.0),,I,ISR,,LF_WAP,,PT_WAP_SUB,,_Z,,Y,,_T,,Y15T64,,_Z,,Q,,2015-Q3,,72.44181,,,,A,,0,,1,
DATAFLOW,OECD.SDD.TPS:DSD_LFS@DF_IALFS_LF_WAP_Q(1.0),,I,ISR,,LF_WAP,,PT_WAP_SUB,,_Z,,Y,,_T,,Y15T64,,_Z,,Q,,2015-Q4,,72.36983,,,,A,,0,,1,
DATAFLOW,OECD.SDD.TPS:DSD_LFS@DF_IALFS_LF_WAP_Q(1.0),,I,ISR,,LF_WAP,,PT_WAP_SUB,,_Z,,Y,,_T,,Y15T64,,_Z,,Q,,2016-Q1,,71.94165,,,,A,,0,,1,
DATAFLOW,OECD.SDD.TPS:DSD_LFS@DF_IALFS_LF_WAP_Q(1.0),,I,ISR,,LF_WAP,,PT_WAP_SUB,,_Z,,Y,,_T,,Y15T64,,_Z,,Q,,2016-Q2,,72.14324,,,,A,,0,,1,
DATAFLOW,OECD.SDD.TPS:DSD_LFS@DF_IALFS_LF_WAP_Q(1.0),,I,ISR,,LF_WAP,,PT_WAP_SUB,,_Z,,Y,,_T,,Y15T64,,_Z,,Q,,2016-Q3,,72.28583,,,,A,,0,,1,
DATAFLOW,OECD.SDD.TPS:DSD_LFS@DF_IALFS_LF_WAP_Q(1.0),,I,ISR,,LF_WAP,,PT_WAP_SUB,,_Z,,Y,,_T,,Y15T64,,_Z,,Q,,2016-Q4,,72.11181,,,,A,,0,,1,
DATAFLOW,OECD.SDD.TPS:DSD_LFS@DF_IALFS_LF_WAP_Q(1.0),,I,ISR,,LF_WAP,,PT_WAP_SUB,,_Z,,Y,,_T,,Y15T64,,_Z,,Q,,2017-Q1,,72.10973,,,,A,,0,,1,
DATAFLOW,OECD.SDD.TPS:DSD_LFS@DF_IALFS_LF_WAP_Q(1.0),,I,ISR,,LF_WAP,,PT_WAP_SUB,,_Z,,Y,,_T,,Y15T64,,_Z,,Q,,2017-Q2,,72.21545,,,,A,,0,,1,
DATAFLOW,OECD.SDD.TPS:DSD_LFS@DF_IALFS_LF_WAP_Q(1.0),,I,ISR,,LF_WAP,,PT_WAP_SUB,,_Z,,Y,,_T,,Y15T64,,_Z,,Q,,2017-Q3,,72.06044,,,,A,,0,,1,
DATAFLOW,OECD.SDD.TPS:DSD_LFS@DF_IALFS_LF_WAP_Q(1.0),,I,ISR,,LF_WAP,,PT_WAP_SUB,,_Z,,Y,,_T,,Y15T64,,_Z,,Q,,2017-Q4,,72.14704,,,,A,,0,,1,
DATAFLOW,OECD.SDD.TPS:DSD_LFS@DF_IALFS_LF_WAP_Q(1.0),,I,ISR,,LF_WAP,,PT_WAP_SUB,,_Z,,Y,,_T,,Y15T64,,_Z,,Q,,2018-Q1,,71.85303,,,,A,,0,,1,
DATAFLOW,OECD.SDD.TPS:DSD_LFS@DF_IALFS_LF_WAP_Q(1.0),,I,ISR,,LF_WAP,,PT_WAP_SUB,,_Z,,Y,,_T,,Y15T64,,_Z,,Q,,2018-Q2,,71.91477,,,,A,,0,,1,
DATAFLOW,OECD.SDD.TPS:DSD_LFS@DF_IALFS_LF_WAP_Q(1.0),,I,ISR,,LF_WAP,,PT_WAP_SUB,,_Z,,Y,,_T,,Y15T64,,_Z,,Q,,2018-Q3,,72.06331,,,,A,,0,,1,
DATAFLOW,OECD.SDD.TPS:DSD_LFS@DF_IALFS_LF_WAP_Q(1.0),,I,ISR,,LF_WAP,,PT_WAP_SUB,,_Z,,Y,,_T,,Y15T64,,_Z,,Q,,2018-Q4,,72.04659,,,,A,,0,,1,
DATAFLOW,OECD.SDD.TPS:DSD_LFS@DF_IALFS_LF_WAP_Q(1.0),,I,ISR,,LF_WAP,,PT_WAP_SUB,,_Z,,Y,,_T,,Y15T64,,_Z,,Q,,2019-Q1,,72.23695,,,,A,,0,,1,
DATAFLOW,OECD.SDD.TPS:DSD_LFS@DF_IALFS_LF_WAP_Q(1.0),,I,ISR,,LF_WAP,,PT_WAP_SUB,,_Z,,Y,,_T,,Y15T64,,_Z,,Q,,2019-Q2,,71.80914,,,,A,,0,,1,
DATAFLOW,OECD.SDD.TPS:DSD_LFS@DF_IALFS_LF_WAP_Q(1.0),,I,ISR,,LF_WAP,,PT_WAP_SUB,,_Z,,Y,,_T,,Y15T64,,_Z,,Q,,2019-Q3,,71.50175,,,,A,,0,,1,
DATAFLOW,OECD.SDD.TPS:DSD_LFS@DF_IALFS_LF_WAP_Q(1.0),,I,ISR,,LF_WAP,,PT_WAP_SUB,,_Z,,Y,,_T,,Y15T64,,_Z,,Q,,2019-Q4,,71.3335,,,,A,,0,,1,
DATAFLOW,OECD.SDD.TPS:DSD_LFS@DF_IALFS_LF_WAP_Q(1.0),,I,ISR,,LF_WAP,,PT_WAP_SUB,,_Z,,Y,,_T,,Y15T64,,_Z,,Q,,2020-Q1,,71.10123,,,,A,,0,,1,
DATAFLOW,OECD.SDD.TPS:DSD_LFS@DF_IALFS_LF_WAP_Q(1.0),,I,ISR,,LF_WAP,,PT_WAP_SUB,,_Z,,Y,,_T,,Y15T64,,_Z,,Q,,2020-Q2,,69.62568,,,,A,,0,,1,
DATAFLOW,OECD.SDD.TPS:DSD_LFS@DF_IALFS_LF_WAP_Q(1.0),,I,ISR,,LF_WAP,,PT_WAP_SUB,,_Z,,Y,,_T,,Y15T64,,_Z,,Q,,2020-Q3,,69.5803,,,,A,,0,,1,
DATAFLOW,OECD.SDD.TPS:DSD_LFS@DF_IALFS_LF_WAP_Q(1.0),,I,ISR,,LF_WAP,,PT_WAP_SUB,,_Z,,Y,,_T,,Y15T64,,_Z,,Q,,2020-Q4,,69.27845,,,,A,,0,,1,
DATAFLOW,OECD.SDD.TPS:DSD_LFS@DF_IALFS_LF_WAP_Q(1.0),,I,ISR,,LF_WAP,,PT_WAP_SUB,,_Z,,Y,,_T,,Y15T64,,_Z,,Q,,2021-Q1,,68.75326,,,,A,,0,,1,
DATAFLOW,OECD.SDD.TPS:DSD_LFS@DF_IALFS_LF_WAP_Q(1.0),,I,ISR,,LF_WAP,,PT_WAP_SUB,,_Z,,Y,,_T,,Y15T64,,_Z,,Q,,2021-Q2,,69.5342,,,,A,,0,,1,
DATAFLOW,OECD.SDD.TPS:DSD_LFS@DF_IALFS_LF_WAP_Q(1.0),,I,ISR,,LF_WAP,,PT_WAP_SUB,,_Z,,Y,,_T,,Y15T64,,_Z,,Q,,2021-Q3,,70.81675,,,,A,,0,,1,
DATAFLOW,OECD.SDD.TPS:DSD_LFS@DF_IALFS_LF_WAP_Q(1.0),,I,ISR,,LF_WAP,,PT_WAP_SUB,,_Z,,Y,,_T,,Y15T64,,_Z,,Q,,2021-Q4,,71.55447,,,,A,,0,,1,
DATAFLOW,OECD.SDD.TPS:DSD_LFS@DF_IALFS_LF_WAP_Q(1.0),,I,ISR,,LF_WAP,,PT_WAP_SUB,,_Z,,Y,,_T,,Y15T64,,_Z,,Q,,2022-Q1,,71.82973,,,,A,,0,,1,
DATAFLOW,OECD.SDD.TPS:DSD_LFS@DF_IALFS_LF_WAP_Q(1.0),,I,ISR,,LF_WAP,,PT_WAP_SUB,,_Z,,Y,,_T,,Y15T64,,_Z,,Q,,2022-Q2,,71.58376,,,,A,,0,,1,
DATAFLOW,OECD.SDD.TPS:DSD_LFS@DF_IALFS_LF_WAP_Q(1.0),,I,ISR,,LF_WAP,,PT_WAP_SUB,,_Z,,Y,,_T,,Y15T64,,_Z,,Q,,2022-Q3,,72.25919,,,,A,,0,,1,
DATAFLOW,OECD.SDD.TPS:DSD_LFS@DF_IALFS_LF_WAP_Q(1.0),,I,ISR,,LF_WAP,,PT_WAP_SUB,,_Z,,Y,,_T,,Y15T64,,_Z,,Q,,2022-Q4,,72.07914,,,,A,,0,,1,
DATAFLOW,OECD.SDD.TPS:DSD_LFS@DF_IALFS_LF_WAP_Q(1.0),,I,ISR,,LF_WAP,,PT_WAP_SUB,,_Z,,Y,,_T,,Y15T64,,_Z,,Q,,2023-Q1,,73.01323,,,,A,,0,,1,
DATAFLOW,OECD.SDD.TPS:DSD_LFS@DF_IALFS_LF_WAP_Q(1.0),,I,ISR,,LF_WAP,,PT_WAP_SUB,,_Z,,Y,,_T,,Y15T64,,_Z,,Q,,2023-Q2,,72.80984,,,,A,,0,,1,
DATAFLOW,OECD.SDD.TPS:DSD_LFS@DF_IALFS_LF_WAP_Q(1.0),,I,ISR,,LF_WAP,,PT_WAP_SUB,,_Z,,Y,,_T,,Y15T64,,_Z,,Q,,2023-Q3,,72.39713,,,,A,,0,,1,
DATAFLOW,OECD.SDD.TPS:DSD_LFS@DF_IALFS_LF_WAP_Q(1.0),,I,ISR,,LF_WAP,,PT_WAP_SUB,,_Z,,Y,,_T,,Y15T64,,_Z,,Q,,2023-Q4,,71.03348,,,,A,,0,,1,
DATAFLOW,OECD.SDD.TPS:DSD_LFS@DF_IALFS_LF_WAP_Q(1.0),,I,ISR,,LF_WAP,,PT_WAP_SUB,,_Z,,Y,,_T,,Y15T64,,_Z,,Q,,2024-Q1,,71.65568,,,,A,,0,,1,
DATAFLOW,OECD.SDD.TPS:DSD_LFS@DF_IALFS_LF_WAP_Q(1.0),,I,ISR,,LF_WAP,,PT_WAP_SUB,,_Z,,Y,,_T,,Y15T64,,_Z,,Q,,2024-Q2,,71.83245,,,,A,,0,,1,
DATAFLOW,OECD.SDD.TPS:DSD_LFS@DF_IALFS_LF_WAP_Q(1.0),,I,ISR,,LF_WAP,,PT_WAP_SUB,,_Z,,Y,,_T,,Y15T64,,_Z,,Q,,2024-Q3,,71.47284,,,,A,,0,,1,
DATAFLOW,OECD.SDD.TPS:DSD_LFS@DF_IALFS_LF_WAP_Q(1.0),,I,ISR,,LF_WAP,,PT_WAP_SUB,,_Z,,Y,,_T,,Y15T64,,_Z,,Q,,2024-Q4,,70.83231,,,,A,,0,,1,
DATAFLOW,OECD.SDD.TPS:DSD_LFS@DF_IALFS_LF_WAP_Q(1.0),,I,ISR,,LF_WAP,,PT_WAP_SUB,,_Z,,Y,,_T,,Y15T64,,_Z,,Q,,2025-Q1,,71.42982,,,,A,,0,,1,
DATAFLOW,OECD.SDD.TPS:DSD_LFS@DF_IALFS_LF_WAP_Q(1.0),,I,ISR,,LF_WAP,,PT_WAP_SUB,,_Z,,Y,,_T,,Y15T64,,_Z,,Q,,2025-Q2,,71.79844,,,,A,,0,,1,
DATAFLOW,OECD.SDD.TPS:DSD_LFS@DF_IALFS_LF_WAP_Q(1.0),,I,ISR,,LF_WAP,,PT_WAP_SUB,,_Z,,Y,,_T,,Y15T64,,_Z,,Q,,2025-Q3,,71.65612,,,,A,,0,,1,
DATAFLOW,OECD.SDD.TPS:DSD_LFS@DF_IALFS_LF_WAP_Q(1.0),,I,ISR,,LF_WAP,,PT_WAP_SUB,,_Z,,Y,,_T,,Y15T64,,_Z,,Q,,2025-Q4,,71.55022,,,,A,,0,,1,
DATAFLOW,OECD.SDD.TPS:DSD_LFS@DF_IALFS_LF_WAP_Q(1.0),,I,ISR,,LF_WAP,,PT_WAP_SUB,,_Z,,Y,,_T,,Y15T64,,_Z,,Q,,2026-Q1,,71.51618,,,,A,,0,,1,
DATAFLOW,OECD.SDD.TPS:DSD_LFS@DF_IALFS_LF_WAP_Q(1.0),,I,CAN,,LF_WAP,,PT_WAP_SUB,,_Z,,Y,,_T,,Y15T64,,_Z,,Q,,1996-Q3,,74.63333,,,,A,,0,,1,
DATAFLOW,OECD.SDD.TPS:DSD_LFS@DF_IALFS_LF_WAP_Q(1.0),,I,CAN,,LF_WAP,,PT_WAP_SUB,,_Z,,Y,,_T,,Y15T64,,_Z,,Q,,1996-Q4,,74.6,,,,A,,0,,1,
DATAFLOW,OECD.SDD.TPS:DSD_LFS@DF_IALFS_LF_WAP_Q(1.0),,I,CAN,,LF_WAP,,PT_WAP_SUB,,_Z,,Y,,_T,,Y15T64,,_Z,,Q,,1997-Q1,,74.63333,,,,A,,0,,1,
DATAFLOW,OECD.SDD.TPS:DSD_LFS@DF_IALFS_LF_WAP_Q(1.0),,I,CAN,,LF_WAP,,PT_WAP_SUB,,_Z,,Y,,_T,,Y15T64,,_Z,,Q,,1997-Q2,,74.8,,,,A,,0,,1,
DATAFLOW,OECD.SDD.TPS:DSD_LFS@DF_IALFS_LF_WAP_Q(1.0),,I,CAN,,LF_WAP,,PT_WAP_SUB,,_Z,,Y,,_T,,Y15T64,,_Z,,Q,,1997-Q3,,74.96667,,,,A,,0,,1,
DATAFLOW,OECD.SDD.TPS:DSD_LFS@DF_IALFS_LF_WAP_Q(1.0),,I,CAN,,LF_WAP,,PT_WAP_SUB,,_Z,,Y,,_T,,Y15T64,,_Z,,Q,,1997-Q4,,75.03333,,,,A,,0,,1,
DATAFLOW,OECD.SDD.TPS:DSD_LFS@DF_IALFS_LF_WAP_Q(1.0),,I,CAN,,LF_WAP,,PT_WAP_SUB,,_Z,,Y,,_T,,Y15T64,,_Z,,Q,,1998-Q1,,75,,,,A,,0,,1,
DATAFLOW,OECD.SDD.TPS:DSD_LFS@DF_IALFS_LF_WAP_Q(1.0),,I,CAN,,LF_WAP,,PT_WAP_SUB,,_Z,,Y,,_T,,Y15T64,,_Z,,Q,,1998-Q2,,75.06667,,,,A,,0,,1,
DATAFLOW,OECD.SDD.TPS:DSD_LFS@DF_IALFS_LF_WAP_Q(1.0),,I,CAN,,LF_WAP,,PT_WAP_SUB,,_Z,,Y,,_T,,Y15T64,,_Z,,Q,,1998-Q3,,75.3,,,,A,,0,,1,
DATAFLOW,OECD.SDD.TPS:DSD_LFS@DF_IALFS_LF_WAP_Q(1.0),,I,CAN,,LF_WAP,,PT_WAP_SUB,,_Z,,Y,,_T,,Y15T64,,_Z,,Q,,1998-Q4,,75.5,,,,A,,0,,1,
DATAFLOW,OECD.SDD.TPS:DSD_LFS@DF_IALFS_LF_WAP_Q(1.0),,I,CAN,,LF_WAP,,PT_WAP_SUB,,_Z,,Y,,_T,,Y15T64,,_Z,,Q,,1999-Q1,,75.63333,,,,A,,0,,1,
DATAFLOW,OECD.SDD.TPS:DSD_LFS@DF_IALFS_LF_WAP_Q(1.0),,I,CAN,,LF_WAP,,PT_WAP_SUB,,_Z,,Y,,_T,,Y15T64,,_Z,,Q,,1999-Q2,,75.93333,,,,A,,0,,1,
DATAFLOW,OECD.SDD.TPS:DSD_LFS@DF_IALFS_LF_WAP_Q(1.0),,I,CAN,,LF_WAP,,PT_WAP_SUB,,_Z,,Y,,_T,,Y15T64,,_Z,,Q,,1999-Q3,,75.86667,,,,A,,0,,1,
DATAFLOW,OECD.SDD.TPS:DSD_LFS@DF_IALFS_LF_WAP_Q(1.0),,I,CAN,,LF_WAP,,PT_WAP_SUB,,_Z,,Y,,_T,,Y15T64,,_Z,,Q,,1999-Q4,,75.86667,,,,A,,0,,1,
DATAFLOW,OECD.SDD.TPS:DSD_LFS@DF_IALFS_LF_WAP_Q(1.0),,I,CAN,,LF_WAP,,PT_WAP_SUB,,_Z,,Y,,_T,,Y15T64,,_Z,,Q,,2000-Q1,,76.06667,,,,A,,0,,1,
DATAFLOW,OECD.SDD.TPS:DSD_LFS@DF_IALFS_LF_WAP_Q(1.0),,I,CAN,,LF_WAP,,PT_WAP_SUB,,_Z,,Y,,_T,,Y15T64,,_Z,,Q,,2000-Q2,,76.03333,,,,A,,0,,1,
DATAFLOW,OECD.SDD.TPS:DSD_LFS@DF_IALFS_LF_WAP_Q(1.0),,I,CAN,,LF_WAP,,PT_WAP_SUB,,_Z,,Y,,_T,,Y15T64,,_Z,,Q,,2000-Q3,,76.16666,,,,A,,0,,1,
DATAFLOW,OECD.SDD.TPS:DSD_LFS@DF_IALFS_LF_WAP_Q(1.0),,I,CAN,,LF_WAP,,PT_WAP_SUB,,_Z,,Y,,_T,,Y15T64,,_Z,,Q,,2000-Q4,,76.5,,,,A,,0,,1,
DATAFLOW,OECD.SDD.TPS:DSD_LFS@DF_IALFS_LF_WAP_Q(1.0),,I,CAN,,LF_WAP,,PT_WAP_SUB,,_Z,,Y,,_T,,Y15T64,,_Z,,Q,,2001-Q1,,76.46667,,,,A,,0,,1,
DATAFLOW,OECD.SDD.TPS:DSD_LFS@DF_IALFS_LF_WAP_Q(1.0),,I,CAN,,LF_WAP,,PT_WAP_SUB,,_Z,,Y,,_T,,Y15T64,,_Z,,Q,,2001-Q2,,76.4,,,,A,,0,,1,
DATAFLOW,OECD.SDD.TPS:DSD_LFS@DF_IALFS_LF_WAP_Q(1.0),,I,CAN,,LF_WAP,,PT_WAP_SUB,,_Z,,Y,,_T,,Y15T64,,_Z,,Q,,2001-Q3,,76.2,,,,A,,0,,1,
DATAFLOW,OECD.SDD.TPS:DSD_LFS@DF_IALFS_LF_WAP_Q(1.0),,I,CAN,,LF_WAP,,PT_WAP_SUB,,_Z,,Y,,_T,,Y15T64,,_Z,,Q,,2001-Q4,,76.4,,,,A,,0,,1,
DATAFLOW,OECD.SDD.TPS:DSD_LFS@DF_IALFS_LF_WAP_Q(1.0),,I,CAN,,LF_WAP,,PT_WAP_SUB,,_Z,,Y,,_T,,Y15T64,,_Z,,Q,,2002-Q1,,76.93333,,,,A,,0,,1,
DATAFLOW,OECD.SDD.TPS:DSD_LFS@DF_IALFS_LF_WAP_Q(1.0),,I,CAN,,LF_WAP,,PT_WAP_SUB,,_Z,,Y,,_T,,Y15T64,,_Z,,Q,,2002-Q2,,77.16666,,,,A,,0,,1,
DATAFLOW,OECD.SDD.TPS:DSD_LFS@DF_IALFS_LF_WAP_Q(1.0),,I,CAN,,LF_WAP,,PT_WAP_SUB,,_Z,,Y,,_T,,Y15T64,,_Z,,Q,,2002-Q3,,77.63333,,,,A,,0,,1,
DATAFLOW,OECD.SDD.TPS:DSD_LFS@DF_IALFS_LF_WAP_Q(1.0),,I,CAN,,LF_WAP,,PT_WAP_SUB,,_Z,,Y,,_T,,Y15T64,,_Z,,Q,,2002-Q4,,77.83334,,,,A,,0,,1,
DATAFLOW,OECD.SDD.TPS:DSD_LFS@DF_IALFS_LF_WAP_Q(1.0),,I,CAN,,LF_WAP,,PT_WAP_SUB,,_Z,,Y,,_T,,Y15T64,,_Z,,Q,,2003-Q1,,78,,,,A,,0,,1,
DATAFLOW,OECD.SDD.TPS:DSD_LFS@DF_IALFS_LF_WAP_Q(1.0),,I,CAN,,LF_WAP,,PT_WAP_SUB,,_Z,,Y,,_T,,Y15T64,,_Z,,Q,,2003-Q2,,78.03333,,,,A,,0,,1,
DATAFLOW,OECD.SDD.TPS:DSD_LFS@DF_IALFS_LF_WAP_Q(1.0),,I,CAN,,LF_WAP,,PT_WAP_SUB,,_Z,,Y,,_T,,Y15T64,,_Z,,Q,,2003-Q3,,78.23333,,,,A,,0,,1,
DATAFLOW,OECD.SDD.TPS:DSD_LFS@DF_IALFS_LF_WAP_Q(1.0),,I,CAN,,LF_WAP,,PT_WAP_SUB,,_Z,,Y,,_T,,Y15T64,,_Z,,Q,,2003-Q4,,78.23333,,,,A,,0,,1,
DATAFLOW,OECD.SDD.TPS:DSD_LFS@DF_IALFS_LF_WAP_Q(1.0),,I,CAN,,LF_WAP,,PT_WAP_SUB,,_Z,,Y,,_T,,Y15T64,,_Z,,Q,,2004-Q1,,78.2,,,,A,,0,,1,
DATAFLOW,OECD.SDD.TPS:DSD_LFS@DF_IALFS_LF_WAP_Q(1.0),,I,CAN,,LF_WAP,,PT_WAP_SUB,,_Z,,Y,,_T,,Y15T64,,_Z,,Q,,2004-Q2,,78.23333,,,,A,,0,,1,
DATAFLOW,OECD.SDD.TPS:DSD_LFS@DF_IALFS_LF_WAP_Q(1.0),,I,CAN,,LF_WAP,,PT_WAP_SUB,,_Z,,Y,,_T,,Y15T64,,_Z,,Q,,2004-Q3,,78,,,,A,,0,,1,
DATAFLOW,OECD.SDD.TPS:DSD_LFS@DF_IALFS_LF_WAP_Q(1.0),,I,CAN,,LF_WAP,,PT_WAP_SUB,,_Z,,Y,,_T,,Y15T64,,_Z,,Q,,2004-Q4,,78.13333,,,,A,,0,,1,
DATAFLOW,OECD.SDD.TPS:DSD_LFS@DF_IALFS_LF_WAP_Q(1.0),,I,CAN,,LF_WAP,,PT_WAP_SUB,,_Z,,Y,,_T,,Y15T64,,_Z,,Q,,2005-Q1,,77.93333,,,,A,,0,,1,
DATAFLOW,OECD.SDD.TPS:DSD_LFS@DF_IALFS_LF_WAP_Q(1.0),,I,CAN,,LF_WAP,,PT_WAP_SUB,,_Z,,Y,,_T,,Y15T64,,_Z,,Q,,2005-Q2,,77.7,,,,A,,0,,1,
DATAFLOW,OECD.SDD.TPS:DSD_LFS@DF_IALFS_LF_WAP_Q(1.0),,I,CAN,,LF_WAP,,PT_WAP_SUB,,_Z,,Y,,_T,,Y15T64,,_Z,,Q,,2005-Q3,,77.66666,,,,A,,0,,1,
DATAFLOW,OECD.SDD.TPS:DSD_LFS@DF_IALFS_LF_WAP_Q(1.0),,I,CAN,,LF_WAP,,PT_WAP_SUB,,_Z,,Y,,_T,,Y15T64,,_Z,,Q,,2005-Q4,,77.6,,,,A,,0,,1,
DATAFLOW,OECD.SDD.TPS:DSD_LFS@DF_IALFS_LF_WAP_Q(1.0),,I,CAN,,LF_WAP,,PT_WAP_SUB,,_Z,,Y,,_T,,Y15T64,,_Z,,Q,,2006-Q1,,77.83334,,,,A,,0,,1,
DATAFLOW,OECD.SDD.TPS:DSD_LFS@DF_IALFS_LF_WAP_Q(1.0),,I,CAN,,LF_WAP,,PT_WAP_SUB,,_Z,,Y,,_T,,Y15T64,,_Z,,Q,,2006-Q2,,77.93333,,,,A,,0,,1,
DATAFLOW,OECD.SDD.TPS:DSD_LFS@DF_IALFS_LF_WAP_Q(1.0),,I,CAN,,LF_WAP,,PT_WAP_SUB,,_Z,,Y,,_T,,Y15T64,,_Z,,Q,,2006-Q3,,78,,,,A,,0,,1,
DATAFLOW,OECD.SDD.TPS:DSD_LFS@DF_IALFS_LF_WAP_Q(1.0),,I,CAN,,LF_WAP,,PT_WAP_SUB,,_Z,,Y,,_T,,Y15T64,,_Z,,Q,,2006-Q4,,77.93333,,,,A,,0,,1,
DATAFLOW,OECD.SDD.TPS:DSD_LFS@DF_IALFS_LF_WAP_Q(1.0),,I,CAN,,LF_WAP,,PT_WAP_SUB,,_Z,,Y,,_T,,Y15T64,,_Z,,Q,,2007-Q1,,78.3,,,,A,,0,,1,
DATAFLOW,OECD.SDD.TPS:DSD_LFS@DF_IALFS_LF_WAP_Q(1.0),,I,CAN,,LF_WAP,,PT_WAP_SUB,,_Z,,Y,,_T,,Y15T64,,_Z,,Q,,2007-Q2,,78.23333,,,,A,,0,,1,
DATAFLOW,OECD.SDD.TPS:DSD_LFS@DF_IALFS_LF_WAP_Q(1.0),,I,CAN,,LF_WAP,,PT_WAP_SUB,,_Z,,Y,,_T,,Y15T64,,_Z,,Q,,2007-Q3,,78.36667,,,,A,,0,,1,
DATAFLOW,OECD.SDD.TPS:DSD_LFS@DF_IALFS_LF_WAP_Q(1.0),,I,CAN,,LF_WAP,,PT_WAP_SUB,,_Z,,Y,,_T,,Y15T64,,_Z,,Q,,2007-Q4,,78.5,,,,A,,0,,1,
DATAFLOW,OECD.SDD.TPS:DSD_LFS@DF_IALFS_LF_WAP_Q(1.0),,I,CAN,,LF_WAP,,PT_WAP_SUB,,_Z,,Y,,_T,,Y15T64,,_Z,,Q,,2008-Q1,,78.6,,,,A,,0,,1,
DATAFLOW,OECD.SDD.TPS:DSD_LFS@DF_IALFS_LF_WAP_Q(1.0),,I,CAN,,LF_WAP,,PT_WAP_SUB,,_Z,,Y,,_T,,Y15T64,,_Z,,Q,,2008-Q2,,78.43333,,,,A,,0,,1,
DATAFLOW,OECD.SDD.TPS:DSD_LFS@DF_IALFS_LF_WAP_Q(1.0),,I,CAN,,LF_WAP,,PT_WAP_SUB,,_Z,,Y,,_T,,Y15T64,,_Z,,Q,,2008-Q3,,78.3,,,,A,,0,,1,
DATAFLOW,OECD.SDD.TPS:DSD_LFS@DF_IALFS_LF_WAP_Q(1.0),,I,CAN,,LF_WAP,,PT_WAP_SUB,,_Z,,Y,,_T,,Y15T64,,_Z,,Q,,2008-Q4,,78.56667,,,,A,,0,,1,
DATAFLOW,OECD.SDD.TPS:DSD_LFS@DF_IALFS_LF_WAP_Q(1.0),,I,CAN,,LF_WAP,,PT_WAP_SUB,,_Z,,Y,,_T,,Y15T64,,_Z,,Q,,2009-Q1,,78.53333,,,,A,,0,,1,
DATAFLOW,OECD.SDD.TPS:DSD_LFS@DF_IALFS_LF_WAP_Q(1.0),,I,CAN,,LF_WAP,,PT_WAP_SUB,,_Z,,Y,,_T,,Y15T64,,_Z,,Q,,2009-Q2,,78.33334,,,,A,,0,,1,
DATAFLOW,OECD.SDD.TPS:DSD_LFS@DF_IALFS_LF_WAP_Q(1.0),,I,CAN,,LF_WAP,,PT_WAP_SUB,,_Z,,Y,,_T,,Y15T64,,_Z,,Q,,2009-Q3,,77.96667,,,,A,,0,,1,
DATAFLOW,OECD.SDD.TPS:DSD_LFS@DF_IALFS_LF_WAP_Q(1.0),,I,CAN,,LF_WAP,,PT_WAP_SUB,,_Z,,Y,,_T,,Y15T64,,_Z,,Q,,2009-Q4,,78,,,,A,,0,,1,
DATAFLOW,OECD.SDD.TPS:DSD_LFS@DF_IALFS_LF_WAP_Q(1.0),,I,CAN,,LF_WAP,,PT_WAP_SUB,,_Z,,Y,,_T,,Y15T64,,_Z,,Q,,2010-Q1,,78,,,,A,,0,,1,
DATAFLOW,OECD.SDD.TPS:DSD_LFS@DF_IALFS_LF_WAP_Q(1.0),,I,CAN,,LF_WAP,,PT_WAP_SUB,,_Z,,Y,,_T,,Y15T64,,_Z,,Q,,2010-Q2,,78.03333,,,,A,,0,,1,
DATAFLOW,OECD.SDD.TPS:DSD_LFS@DF_IALFS_LF_WAP_Q(1.0),,I,CAN,,LF_WAP,,PT_WAP_SUB,,_Z,,Y,,_T,,Y15T64,,_Z,,Q,,2010-Q3,,78.16666,,,,A,,0,,1,
DATAFLOW,OECD.SDD.TPS:DSD_LFS@DF_IALFS_LF_WAP_Q(1.0),,I,CAN,,LF_WAP,,PT_WAP_SUB,,_Z,,Y,,_T,,Y15T64,,_Z,,Q,,2010-Q4,,77.93333,,,,A,,0,,1,
DATAFLOW,OECD.SDD.TPS:DSD_LFS@DF_IALFS_LF_WAP_Q(1.0),,I,CAN,,LF_WAP,,PT_WAP_SUB,,_Z,,Y,,_T,,Y15T64,,_Z,,Q,,2011-Q1,,78.2,,,,A,,0,,1,
DATAFLOW,OECD.SDD.TPS:DSD_LFS@DF_IALFS_LF_WAP_Q(1.0),,I,CAN,,LF_WAP,,PT_WAP_SUB,,_Z,,Y,,_T,,Y15T64,,_Z,,Q,,2011-Q2,,77.96667,,,,A,,0,,1,
DATAFLOW,OECD.SDD.TPS:DSD_LFS@DF_IALFS_LF_WAP_Q(1.0),,I,CAN,,LF_WAP,,PT_WAP_SUB,,_Z,,Y,,_T,,Y15T64,,_Z,,Q,,2011-Q3,,77.9,,,,A,,0,,1,
DATAFLOW,OECD.SDD.TPS:DSD_LFS@DF_IALFS_LF_WAP_Q(1.0),,I,CAN,,LF_WAP,,PT_WAP_SUB,,_Z,,Y,,_T,,Y15T64,,_Z,,Q,,2011-Q4,,77.73333,,,,A,,0,,1,
DATAFLOW,OECD.SDD.TPS:DSD_LFS@DF_IALFS_LF_WAP_Q(1.0),,I,CAN,,LF_WAP,,PT_WAP_SUB,,_Z,,Y,,_T,,Y15T64,,_Z,,Q,,2012-Q1,,77.8,,,,A,,0,,1,
DATAFLOW,OECD.SDD.TPS:DSD_LFS@DF_IALFS_LF_WAP_Q(1.0),,I,CAN,,LF_WAP,,PT_WAP_SUB,,_Z,,Y,,_T,,Y15T64,,_Z,,Q,,2012-Q2,,78,,,,A,,0,,1,
DATAFLOW,OECD.SDD.TPS:DSD_LFS@DF_IALFS_LF_WAP_Q(1.0),,I,CAN,,LF_WAP,,PT_WAP_SUB,,_Z,,Y,,_T,,Y15T64,,_Z,,Q,,2012-Q3,,78.1,,,,A,,0,,1,
DATAFLOW,OECD.SDD.TPS:DSD_LFS@DF_IALFS_LF_WAP_Q(1.0),,I,CAN,,LF_WAP,,PT_WAP_SUB,,_Z,,Y,,_T,,Y15T64,,_Z,,Q,,2012-Q4,,78.36667,,,,A,,0,,1,
DATAFLOW,OECD.SDD.TPS:DSD_LFS@DF_IALFS_LF_WAP_Q(1.0),,I,CAN,,LF_WAP,,PT_WAP_SUB,,_Z,,Y,,_T,,Y15T64,,_Z,,Q,,2013-Q1,,78.36667,,,,A,,0,,1,
DATAFLOW,OECD.SDD.TPS:DSD_LFS@DF_IALFS_LF_WAP_Q(1.0),,I,CAN,,LF_WAP,,PT_WAP_SUB,,_Z,,Y,,_T,,Y15T64,,_Z,,Q,,2013-Q2,,78.3,,,,A,,0,,1,
DATAFLOW,OECD.SDD.TPS:DSD_LFS@DF_IALFS_LF_WAP_Q(1.0),,I,CAN,,LF_WAP,,PT_WAP_SUB,,_Z,,Y,,_T,,Y15T64,,_Z,,Q,,2013-Q3,,78.2,,,,A,,0,,1,
DATAFLOW,OECD.SDD.TPS:DSD_LFS@DF_IALFS_LF_WAP_Q(1.0),,I,CAN,,LF_WAP,,PT_WAP_SUB,,_Z,,Y,,_T,,Y15T64,,_Z,,Q,,2013-Q4,,78.13333,,,,A,,0,,1,
DATAFLOW,OECD.SDD.TPS:DSD_LFS@DF_IALFS_LF_WAP_Q(1.0),,I,CAN,,LF_WAP,,PT_WAP_SUB,,_Z,,Y,,_T,,Y15T64,,_Z,,Q,,2014-Q1,,78,,,,A,,0,,1,
DATAFLOW,OECD.SDD.TPS:DSD_LFS@DF_IALFS_LF_WAP_Q(1.0),,I,CAN,,LF_WAP,,PT_WAP_SUB,,_Z,,Y,,_T,,Y15T64,,_Z,,Q,,2014-Q2,,77.93333,,,,A,,0,,1,
DATAFLOW,OECD.SDD.TPS:DSD_LFS@DF_IALFS_LF_WAP_Q(1.0),,I,CAN,,LF_WAP,,PT_WAP_SUB,,_Z,,Y,,_T,,Y15T64,,_Z,,Q,,2014-Q3,,77.9,,,,A,,0,,1,
DATAFLOW,OECD.SDD.TPS:DSD_LFS@DF_IALFS_LF_WAP_Q(1.0),,I,CAN,,LF_WAP,,PT_WAP_SUB,,_Z,,Y,,_T,,Y15T64,,_Z,,Q,,2014-Q4,,77.93333,,,,A,,0,,1,
DATAFLOW,OECD.SDD.TPS:DSD_LFS@DF_IALFS_LF_WAP_Q(1.0),,I,CAN,,LF_WAP,,PT_WAP_SUB,,_Z,,Y,,_T,,Y15T64,,_Z,,Q,,2015-Q1,,78.1,,,,A,,0,,1,
DATAFLOW,OECD.SDD.TPS:DSD_LFS@DF_IALFS_LF_WAP_Q(1.0),,I,CAN,,LF_WAP,,PT_WAP_SUB,,_Z,,Y,,_T,,Y15T64,,_Z,,Q,,2015-Q2,,78.13333,,,,A,,0,,1,
DATAFLOW,OECD.SDD.TPS:DSD_LFS@DF_IALFS_LF_WAP_Q(1.0),,I,CAN,,LF_WAP,,PT_WAP_SUB,,_Z,,Y,,_T,,Y15T64,,_Z,,Q,,2015-Q3,,78.23333,,,,A,,0,,1,
DATAFLOW,OECD.SDD.TPS:DSD_LFS@DF_IALFS_LF_WAP_Q(1.0),,I,CAN,,LF_WAP,,PT_WAP_SUB,,_Z,,Y,,_T,,Y15T64,,_Z,,Q,,2015-Q4,,78.06667,,,,A,,0,,1,
DATAFLOW,OECD.SDD.TPS:DSD_LFS@DF_IALFS_LF_WAP_Q(1.0),,I,CAN,,LF_WAP,,PT_WAP_SUB,,_Z,,Y,,_T,,Y15T64,,_Z,,Q,,2016-Q1,,78.2,,,,A,,0,,1,
DATAFLOW,OECD.SDD.TPS:DSD_LFS@DF_IALFS_LF_WAP_Q(1.0),,I,CAN,,LF_WAP,,PT_WAP_SUB,,_Z,,Y,,_T,,Y15T64,,_Z,,Q,,2016-Q2,,78.2,,,,A,,0,,1,
DATAFLOW,OECD.SDD.TPS:DSD_LFS@DF_IALFS_LF_WAP_Q(1.0),,I,CAN,,LF_WAP,,PT_WAP_SUB,,_Z,,Y,,_T,,Y15T64,,_Z,,Q,,2016-Q3,,77.93333,,,,A,,0,,1,
DATAFLOW,OECD.SDD.TPS:DSD_LFS@DF_IALFS_LF_WAP_Q(1.0),,I,CAN,,LF_WAP,,PT_WAP_SUB,,_Z,,Y,,_T,,Y15T64,,_Z,,Q,,2016-Q4,,78.23333,,,,A,,0,,1,
DATAFLOW,OECD.SDD.TPS:DSD_LFS@DF_IALFS_LF_WAP_Q(1.0),,I,CAN,,LF_WAP,,PT_WAP_SUB,,_Z,,Y,,_T,,Y15T64,,_Z,,Q,,2017-Q1,,78.56667,,,,A,,0,,1,
DATAFLOW,OECD.SDD.TPS:DSD_LFS@DF_IALFS_LF_WAP_Q(1.0),,I,CAN,,LF_WAP,,PT_WAP_SUB,,_Z,,Y,,_T,,Y15T64,,_Z,,Q,,2017-Q2,,78.56667,,,,A,,0,,1,
DATAFLOW,OECD.SDD.TPS:DSD_LFS@DF_IALFS_LF_WAP_Q(1.0),,I,CAN,,LF_WAP,,PT_WAP_SUB,,_Z,,Y,,_T,,Y15T64,,_Z,,Q,,2017-Q3,,78.5,,,,A,,0,,1,
DATAFLOW,OECD.SDD.TPS:DSD_LFS@DF_IALFS_LF_WAP_Q(1.0),,I,CAN,,LF_WAP,,PT_WAP_SUB,,_Z,,Y,,_T,,Y15T64,,_Z,,Q,,2017-Q4,,78.7,,,,A,,0,,1,
DATAFLOW,OECD.SDD.TPS:DSD_LFS@DF_IALFS_LF_WAP_Q(1.0),,I,CAN,,LF_WAP,,PT_WAP_SUB,,_Z,,Y,,_T,,Y15T64,,_Z,,Q,,2018-Q1,,78.43333,,,,A,,0,,1,
DATAFLOW,OECD.SDD.TPS:DSD_LFS@DF_IALFS_LF_WAP_Q(1.0),,I,CAN,,LF_WAP,,PT_WAP_SUB,,_Z,,Y,,_T,,Y15T64,,_Z,,Q,,2018-Q2,,78.46667,,,,A,,0,,1,
DATAFLOW,OECD.SDD.TPS:DSD_LFS@DF_IALFS_LF_WAP_Q(1.0),,I,CAN,,LF_WAP,,PT_WAP_SUB,,_Z,,Y,,_T,,Y15T64,,_Z,,Q,,2018-Q3,,78.83334,,,,A,,0,,1,
DATAFLOW,OECD.SDD.TPS:DSD_LFS@DF_IALFS_LF_WAP_Q(1.0),,I,CAN,,LF_WAP,,PT_WAP_SUB,,_Z,,Y,,_T,,Y15T64,,_Z,,Q,,2018-Q4,,78.9,,,,A,,0,,1,
DATAFLOW,OECD.SDD.TPS:DSD_LFS@DF_IALFS_LF_WAP_Q(1.0),,I,CAN,,LF_WAP,,PT_WAP_SUB,,_Z,,Y,,_T,,Y15T64,,_Z,,Q,,2019-Q1,,78.93333,,,,A,,0,,1,
DATAFLOW,OECD.SDD.TPS:DSD_LFS@DF_IALFS_LF_WAP_Q(1.0),,I,CAN,,LF_WAP,,PT_WAP_SUB,,_Z,,Y,,_T,,Y15T64,,_Z,,Q,,2019-Q2,,79.2,,,,A,,0,,1,
DATAFLOW,OECD.SDD.TPS:DSD_LFS@DF_IALFS_LF_WAP_Q(1.0),,I,CAN,,LF_WAP,,PT_WAP_SUB,,_Z,,Y,,_T,,Y15T64,,_Z,,Q,,2019-Q3,,79.23333,,,,A,,0,,1,
DATAFLOW,OECD.SDD.TPS:DSD_LFS@DF_IALFS_LF_WAP_Q(1.0),,I,CAN,,LF_WAP,,PT_WAP_SUB,,_Z,,Y,,_T,,Y15T64,,_Z,,Q,,2019-Q4,,79.1,,,,A,,0,,1,
DATAFLOW,OECD.SDD.TPS:DSD_LFS@DF_IALFS_LF_WAP_Q(1.0),,I,CAN,,LF_WAP,,PT_WAP_SUB,,_Z,,Y,,_T,,Y15T64,,_Z,,Q,,2020-Q1,,78.26667,,,,A,,0,,1,
DATAFLOW,OECD.SDD.TPS:DSD_LFS@DF_IALFS_LF_WAP_Q(1.0),,I,CAN,,LF_WAP,,PT_WAP_SUB,,_Z,,Y,,_T,,Y15T64,,_Z,,Q,,2020-Q2,,74.76667,,,,A,,0,,1,
DATAFLOW,OECD.SDD.TPS:DSD_LFS@DF_IALFS_LF_WAP_Q(1.0),,I,CAN,,LF_WAP,,PT_WAP_SUB,,_Z,,Y,,_T,,Y15T64,,_Z,,Q,,2020-Q3,,78.6,,,,A,,0,,1,
DATAFLOW,OECD.SDD.TPS:DSD_LFS@DF_IALFS_LF_WAP_Q(1.0),,I,CAN,,LF_WAP,,PT_WAP_SUB,,_Z,,Y,,_T,,Y15T64,,_Z,,Q,,2020-Q4,,79.1,,,,A,,0,,1,
DATAFLOW,OECD.SDD.TPS:DSD_LFS@DF_IALFS_LF_WAP_Q(1.0),,I,CAN,,LF_WAP,,PT_WAP_SUB,,_Z,,Y,,_T,,Y15T64,,_Z,,Q,,2021-Q1,,79.06667,,,,A,,0,,1,
DATAFLOW,OECD.SDD.TPS:DSD_LFS@DF_IALFS_LF_WAP_Q(1.0),,I,CAN,,LF_WAP,,PT_WAP_SUB,,_Z,,Y,,_T,,Y15T64,,_Z,,Q,,2021-Q2,,79.1,,,,A,,0,,1,
DATAFLOW,OECD.SDD.TPS:DSD_LFS@DF_IALFS_LF_WAP_Q(1.0),,I,CAN,,LF_WAP,,PT_WAP_SUB,,_Z,,Y,,_T,,Y15T64,,_Z,,Q,,2021-Q3,,79.83334,,,,A,,0,,1,
DATAFLOW,OECD.SDD.TPS:DSD_LFS@DF_IALFS_LF_WAP_Q(1.0),,I,CAN,,LF_WAP,,PT_WAP_SUB,,_Z,,Y,,_T,,Y15T64,,_Z,,Q,,2021-Q4,,80,,,,A,,0,,1,
DATAFLOW,OECD.SDD.TPS:DSD_LFS@DF_IALFS_LF_WAP_Q(1.0),,I,CAN,,LF_WAP,,PT_WAP_SUB,,_Z,,Y,,_T,,Y15T64,,_Z,,Q,,2022-Q1,,79.83334,,,,A,,0,,1,
DATAFLOW,OECD.SDD.TPS:DSD_LFS@DF_IALFS_LF_WAP_Q(1.0),,I,CAN,,LF_WAP,,PT_WAP_SUB,,_Z,,Y,,_T,,Y15T64,,_Z,,Q,,2022-Q2,,79.93333,,,,A,,0,,1,
DATAFLOW,OECD.SDD.TPS:DSD_LFS@DF_IALFS_LF_WAP_Q(1.0),,I,CAN,,LF_WAP,,PT_WAP_SUB,,_Z,,Y,,_T,,Y15T64,,_Z,,Q,,2022-Q3,,79.63333,,,,A,,0,,1,
DATAFLOW,OECD.SDD.TPS:DSD_LFS@DF_IALFS_LF_WAP_Q(1.0),,I,CAN,,LF_WAP,,PT_WAP_SUB,,_Z,,Y,,_T,,Y15T64,,_Z,,Q,,2022-Q4,,79.93333,,,,A,,0,,1,
DATAFLOW,OECD.SDD.TPS:DSD_LFS@DF_IALFS_LF_WAP_Q(1.0),,I,CAN,,LF_WAP,,PT_WAP_SUB,,_Z,,Y,,_T,,Y15T64,,_Z,,Q,,2023-Q1,,80.33334,,,,A,,0,,1,
DATAFLOW,OECD.SDD.TPS:DSD_LFS@DF_IALFS_LF_WAP_Q(1.0),,I,CAN,,LF_WAP,,PT_WAP_SUB,,_Z,,Y,,_T,,Y15T64,,_Z,,Q,,2023-Q2,,80.26667,,,,A,,0,,1,
DATAFLOW,OECD.SDD.TPS:DSD_LFS@DF_IALFS_LF_WAP_Q(1.0),,I,CAN,,LF_WAP,,PT_WAP_SUB,,_Z,,Y,,_T,,Y15T64,,_Z,,Q,,2023-Q3,,80.23333,,,,A,,0,,1,
DATAFLOW,OECD.SDD.TPS:DSD_LFS@DF_IALFS_LF_WAP_Q(1.0),,I,CAN,,LF_WAP,,PT_WAP_SUB,,_Z,,Y,,_T,,Y15T64,,_Z,,Q,,2023-Q4,,80.2,,,,A,,0,,1,
DATAFLOW,OECD.SDD.TPS:DSD_LFS@DF_IALFS_LF_WAP_Q(1.0),,I,CAN,,LF_WAP,,PT_WAP_SUB,,_Z,,Y,,_T,,Y15T64,,_Z,,Q,,2024-Q1,,80,,,,A,,0,,1,
DATAFLOW,OECD.SDD.TPS:DSD_LFS@DF_IALFS_LF_WAP_Q(1.0),,I,CAN,,LF_WAP,,PT_WAP_SUB,,_Z,,Y,,_T,,Y15T64,,_Z,,Q,,2024-Q2,,79.96667,,,,A,,0,,1,
DATAFLOW,OECD.SDD.TPS:DSD_LFS@DF_IALFS_LF_WAP_Q(1.0),,I,CAN,,LF_WAP,,PT_WAP_SUB,,_Z,,Y,,_T,,Y15T64,,_Z,,Q,,2024-Q3,,79.63333,,,,A,,0,,1,
DATAFLOW,OECD.SDD.TPS:DSD_LFS@DF_IALFS_LF_WAP_Q(1.0),,I,CAN,,LF_WAP,,PT_WAP_SUB,,_Z,,Y,,_T,,Y15T64,,_Z,,Q,,2024-Q4,,79.76667,,,,A,,0,,1,
DATAFLOW,OECD.SDD.TPS:DSD_LFS@DF_IALFS_LF_WAP_Q(1.0),,I,CAN,,LF_WAP,,PT_WAP_SUB,,_Z,,Y,,_T,,Y15T64,,_Z,,Q,,2025-Q1,,79.76667,,,,A,,0,,1,
DATAFLOW,OECD.SDD.TPS:DSD_LFS@DF_IALFS_LF_WAP_Q(1.0),,I,CAN,,LF_WAP,,PT_WAP_SUB,,_Z,,Y,,_T,,Y15T64,,_Z,,Q,,2025-Q2,,79.7,,,,A,,0,,1,
DATAFLOW,OECD.SDD.TPS:DSD_LFS@DF_IALFS_LF_WAP_Q(1.0),,I,CAN,,LF_WAP,,PT_WAP_SUB,,_Z,,Y,,_T,,Y15T64,,_Z,,Q,,2025-Q3,,79.63333,,,,A,,0,,1,
DATAFLOW,OECD.SDD.TPS:DSD_LFS@DF_IALFS_LF_WAP_Q(1.0),,I,CAN,,LF_WAP,,PT_WAP_SUB,,_Z,,Y,,_T,,Y15T64,,_Z,,Q,,2025-Q4,,79.96667,,,,A,,0,,1,
DATAFLOW,OECD.SDD.TPS:DSD_LFS@DF_IALFS_LF_WAP_Q(1.0),,I,CAN,,LF_WAP,,PT_WAP_SUB,,_Z,,Y,,_T,,Y15T64,,_Z,,Q,,2026-Q1,,79.7,,,,A,,0,,1,
DATAFLOW,OECD.SDD.TPS:DSD_LFS@DF_IALFS_LF_WAP_Q(1.0),,I,GBR,,LF_WAP,,PT_WAP_SUB,,_Z,,Y,,_T,,Y15T64,,_Z,,Q,,1996-Q3,,76.20153,,,,A,,0,,1,
DATAFLOW,OECD.SDD.TPS:DSD_LFS@DF_IALFS_LF_WAP_Q(1.0),,I,GBR,,LF_WAP,,PT_WAP_SUB,,_Z,,Y,,_T,,Y15T64,,_Z,,Q,,1996-Q4,,76.3751,,,,A,,0,,1,
DATAFLOW,OECD.SDD.TPS:DSD_LFS@DF_IALFS_LF_WAP_Q(1.0),,I,GBR,,LF_WAP,,PT_WAP_SUB,,_Z,,Y,,_T,,Y15T64,,_Z,,Q,,1997-Q1,,76.39362,,,,A,,0,,1,
DATAFLOW,OECD.SDD.TPS:DSD_LFS@DF_IALFS_LF_WAP_Q(1.0),,I,GBR,,LF_WAP,,PT_WAP_SUB,,_Z,,Y,,_T,,Y15T64,,_Z,,Q,,1997-Q2,,76.57216,,,,A,,0,,1,
DATAFLOW,OECD.SDD.TPS:DSD_LFS@DF_IALFS_LF_WAP_Q(1.0),,I,GBR,,LF_WAP,,PT_WAP_SUB,,_Z,,Y,,_T,,Y15T64,,_Z,,Q,,1997-Q3,,76.35439,,,,A,,0,,1,
DATAFLOW,OECD.SDD.TPS:DSD_LFS@DF_IALFS_LF_WAP_Q(1.0),,I,GBR,,LF_WAP,,PT_WAP_SUB,,_Z,,Y,,_T,,Y15T64,,_Z,,Q,,1997-Q4,,76.23889,,,,A,,0,,1,
DATAFLOW,OECD.SDD.TPS:DSD_LFS@DF_IALFS_LF_WAP_Q(1.0),,I,GBR,,LF_WAP,,PT_WAP_SUB,,_Z,,Y,,_T,,Y15T64,,_Z,,Q,,1998-Q1,,76.16513,,,,A,,0,,1,
DATAFLOW,OECD.SDD.TPS:DSD_LFS@DF_IALFS_LF_WAP_Q(1.0),,I,GBR,,LF_WAP,,PT_WAP_SUB,,_Z,,Y,,_T,,Y15T64,,_Z,,Q,,1998-Q2,,76.09344,,,,A,,0,,1,
DATAFLOW,OECD.SDD.TPS:DSD_LFS@DF_IALFS_LF_WAP_Q(1.0),,I,GBR,,LF_WAP,,PT_WAP_SUB,,_Z,,Y,,_T,,Y15T64,,_Z,,Q,,1998-Q3,,76.36649,,,,A,,0,,1,
DATAFLOW,OECD.SDD.TPS:DSD_LFS@DF_IALFS_LF_WAP_Q(1.0),,I,GBR,,LF_WAP,,PT_WAP_SUB,,_Z,,Y,,_T,,Y15T64,,_Z,,Q,,1998-Q4,,76.52837,,,,A,,0,,1,
DATAFLOW,OECD.SDD.TPS:DSD_LFS@DF_IALFS_LF_WAP_Q(1.0),,I,GBR,,LF_WAP,,PT_WAP_SUB,,_Z,,Y,,_T,,Y15T64,,_Z,,Q,,1999-Q1,,76.6364,,,,A,,0,,1,
DATAFLOW,OECD.SDD.TPS:DSD_LFS@DF_IALFS_LF_WAP_Q(1.0),,I,GBR,,LF_WAP,,PT_WAP_SUB,,_Z,,Y,,_T,,Y15T64,,_Z,,Q,,1999-Q2,,76.5633,,,,A,,0,,1,
DATAFLOW,OECD.SDD.TPS:DSD_LFS@DF_IALFS_LF_WAP_Q(1.0),,I,GBR,,LF_WAP,,PT_WAP_SUB,,_Z,,Y,,_T,,Y15T64,,_Z,,Q,,1999-Q3,,76.66685,,,,A,,0,,1,
DATAFLOW,OECD.SDD.TPS:DSD_LFS@DF_IALFS_LF_WAP_Q(1.0),,I,GBR,,LF_WAP,,PT_WAP_SUB,,_Z,,Y,,_T,,Y15T64,,_Z,,Q,,1999-Q4,,76.77404,,,,A,,0,,1,
DATAFLOW,OECD.SDD.TPS:DSD_LFS@DF_IALFS_LF_WAP_Q(1.0),,I,GBR,,LF_WAP,,PT_WAP_SUB,,_Z,,Y,,_T,,Y15T64,,_Z,,Q,,2000-Q1,,76.75793,,,,A,,0,,1,
DATAFLOW,OECD.SDD.TPS:DSD_LFS@DF_IALFS_LF_WAP_Q(1.0),,I,GBR,,LF_WAP,,PT_WAP_SUB,,_Z,,Y,,_T,,Y15T64,,_Z,,Q,,2000-Q2,,76.73589,,,,A,,0,,1,
DATAFLOW,OECD.SDD.TPS:DSD_LFS@DF_IALFS_LF_WAP_Q(1.0),,I,GBR,,LF_WAP,,PT_WAP_SUB,,_Z,,Y,,_T,,Y15T64,,_Z,,Q,,2000-Q3,,76.75391,,,,A,,0,,1,
DATAFLOW,OECD.SDD.TPS:DSD_LFS@DF_IALFS_LF_WAP_Q(1.0),,I,GBR,,LF_WAP,,PT_WAP_SUB,,_Z,,Y,,_T,,Y15T64,,_Z,,Q,,2000-Q4,,76.53146,,,,A,,0,,1,
DATAFLOW,OECD.SDD.TPS:DSD_LFS@DF_IALFS_LF_WAP_Q(1.0),,I,GBR,,LF_WAP,,PT_WAP_SUB,,_Z,,Y,,_T,,Y15T64,,_Z,,Q,,2001-Q1,,76.56496,,,,A,,0,,1,
DATAFLOW,OECD.SDD.TPS:DSD_LFS@DF_IALFS_LF_WAP_Q(1.0),,I,GBR,,LF_WAP,,PT_WAP_SUB,,_Z,,Y,,_T,,Y15T64,,_Z,,Q,,2001-Q2,,76.56354,,,,A,,0,,1,
DATAFLOW,OECD.SDD.TPS:DSD_LFS@DF_IALFS_LF_WAP_Q(1.0),,I,GBR,,LF_WAP,,PT_WAP_SUB,,_Z,,Y,,_T,,Y15T64,,_Z,,Q,,2001-Q3,,76.4648,,,,A,,0,,1,
DATAFLOW,OECD.SDD.TPS:DSD_LFS@DF_IALFS_LF_WAP_Q(1.0),,I,GBR,,LF_WAP,,PT_WAP_SUB,,_Z,,Y,,_T,,Y15T64,,_Z,,Q,,2001-Q4,,76.59309,,,,A,,0,,1,
DATAFLOW,OECD.SDD.TPS:DSD_LFS@DF_IALFS_LF_WAP_Q(1.0),,I,GBR,,LF_WAP,,PT_WAP_SUB,,_Z,,Y,,_T,,Y15T64,,_Z,,Q,,2002-Q1,,76.44392,,,,A,,0,,1,
DATAFLOW,OECD.SDD.TPS:DSD_LFS@DF_IALFS_LF_WAP_Q(1.0),,I,GBR,,LF_WAP,,PT_WAP_SUB,,_Z,,Y,,_T,,Y15T64,,_Z,,Q,,2002-Q2,,76.67302,,,,A,,0,,1,
DATAFLOW,OECD.SDD.TPS:DSD_LFS@DF_IALFS_LF_WAP_Q(1.0),,I,GBR,,LF_WAP,,PT_WAP_SUB,,_Z,,Y,,_T,,Y15T64,,_Z,,Q,,2002-Q3,,76.67627,,,,A,,0,,1,
DATAFLOW,OECD.SDD.TPS:DSD_LFS@DF_IALFS_LF_WAP_Q(1.0),,I,GBR,,LF_WAP,,PT_WAP_SUB,,_Z,,Y,,_T,,Y15T64,,_Z,,Q,,2002-Q4,,76.85163,,,,A,,0,,1,
DATAFLOW,OECD.SDD.TPS:DSD_LFS@DF_IALFS_LF_WAP_Q(1.0),,I,GBR,,LF_WAP,,PT_WAP_SUB,,_Z,,Y,,_T,,Y15T64,,_Z,,Q,,2003-Q1,,76.68397,,,,A,,0,,1,
DATAFLOW,OECD.SDD.TPS:DSD_LFS@DF_IALFS_LF_WAP_Q(1.0),,I,GBR,,LF_WAP,,PT_WAP_SUB,,_Z,,Y,,_T,,Y15T64,,_Z,,Q,,2003-Q2,,76.70559,,,,A,,0,,1,
DATAFLOW,OECD.SDD.TPS:DSD_LFS@DF_IALFS_LF_WAP_Q(1.0),,I,GBR,,LF_WAP,,PT_WAP_SUB,,_Z,,Y,,_T,,Y15T64,,_Z,,Q,,2003-Q3,,76.6945,,,,A,,0,,1,
DATAFLOW,OECD.SDD.TPS:DSD_LFS@DF_IALFS_LF_WAP_Q(1.0),,I,GBR,,LF_WAP,,PT_WAP_SUB,,_Z,,Y,,_T,,Y15T64,,_Z,,Q,,2003-Q4,,76.54719,,,,A,,0,,1,
DATAFLOW,OECD.SDD.TPS:DSD_LFS@DF_IALFS_LF_WAP_Q(1.0),,I,GBR,,LF_WAP,,PT_WAP_SUB,,_Z,,Y,,_T,,Y15T64,,_Z,,Q,,2004-Q1,,76.75069,,,,A,,0,,1,
DATAFLOW,OECD.SDD.TPS:DSD_LFS@DF_IALFS_LF_WAP_Q(1.0),,I,GBR,,LF_WAP,,PT_WAP_SUB,,_Z,,Y,,_T,,Y15T64,,_Z,,Q,,2004-Q2,,76.60246,,,,A,,0,,1,
DATAFLOW,OECD.SDD.TPS:DSD_LFS@DF_IALFS_LF_WAP_Q(1.0),,I,GBR,,LF_WAP,,PT_WAP_SUB,,_Z,,Y,,_T,,Y15T64,,_Z,,Q,,2004-Q3,,76.49187,,,,A,,0,,1,
DATAFLOW,OECD.SDD.TPS:DSD_LFS@DF_IALFS_LF_WAP_Q(1.0),,I,GBR,,LF_WAP,,PT_WAP_SUB,,_Z,,Y,,_T,,Y15T64,,_Z,,Q,,2004-Q4,,76.69756,,,,A,,0,,1,
DATAFLOW,OECD.SDD.TPS:DSD_LFS@DF_IALFS_LF_WAP_Q(1.0),,I,GBR,,LF_WAP,,PT_WAP_SUB,,_Z,,Y,,_T,,Y15T64,,_Z,,Q,,2005-Q1,,76.71172,,,,A,,0,,1,
DATAFLOW,OECD.SDD.TPS:DSD_LFS@DF_IALFS_LF_WAP_Q(1.0),,I,GBR,,LF_WAP,,PT_WAP_SUB,,_Z,,Y,,_T,,Y15T64,,_Z,,Q,,2005-Q2,,76.5786,,,,A,,0,,1,
DATAFLOW,OECD.SDD.TPS:DSD_LFS@DF_IALFS_LF_WAP_Q(1.0),,I,GBR,,LF_WAP,,PT_WAP_SUB,,_Z,,Y,,_T,,Y15T64,,_Z,,Q,,2005-Q3,,76.70789,,,,A,,0,,1,
DATAFLOW,OECD.SDD.TPS:DSD_LFS@DF_IALFS_LF_WAP_Q(1.0),,I,GBR,,LF_WAP,,PT_WAP_SUB,,_Z,,Y,,_T,,Y15T64,,_Z,,Q,,2005-Q4,,76.65878,,,,A,,0,,1,
DATAFLOW,OECD.SDD.TPS:DSD_LFS@DF_IALFS_LF_WAP_Q(1.0),,I,GBR,,LF_WAP,,PT_WAP_SUB,,_Z,,Y,,_T,,Y15T64,,_Z,,Q,,2006-Q1,,76.97888,,,,A,,0,,1,
DATAFLOW,OECD.SDD.TPS:DSD_LFS@DF_IALFS_LF_WAP_Q(1.0),,I,GBR,,LF_WAP,,PT_WAP_SUB,,_Z,,Y,,_T,,Y15T64,,_Z,,Q,,2006-Q2,,77.11524,,,,A,,0,,1,
DATAFLOW,OECD.SDD.TPS:DSD_LFS@DF_IALFS_LF_WAP_Q(1.0),,I,GBR,,LF_WAP,,PT_WAP_SUB,,_Z,,Y,,_T,,Y15T64,,_Z,,Q,,2006-Q3,,77.09534,,,,A,,0,,1,
DATAFLOW,OECD.SDD.TPS:DSD_LFS@DF_IALFS_LF_WAP_Q(1.0),,I,GBR,,LF_WAP,,PT_WAP_SUB,,_Z,,Y,,_T,,Y15T64,,_Z,,Q,,2006-Q4,,77.00743,,,,A,,0,,1,
DATAFLOW,OECD.SDD.TPS:DSD_LFS@DF_IALFS_LF_WAP_Q(1.0),,I,GBR,,LF_WAP,,PT_WAP_SUB,,_Z,,Y,,_T,,Y15T64,,_Z,,Q,,2007-Q1,,76.78934,,,,A,,0,,1,
DATAFLOW,OECD.SDD.TPS:DSD_LFS@DF_IALFS_LF_WAP_Q(1.0),,I,GBR,,LF_WAP,,PT_WAP_SUB,,_Z,,Y,,_T,,Y15T64,,_Z,,Q,,2007-Q2,,76.80447,,,,A,,0,,1,
DATAFLOW,OECD.SDD.TPS:DSD_LFS@DF_IALFS_LF_WAP_Q(1.0),,I,GBR,,LF_WAP,,PT_WAP_SUB,,_Z,,Y,,_T,,Y15T64,,_Z,,Q,,2007-Q3,,76.82203,,,,A,,0,,1,
DATAFLOW,OECD.SDD.TPS:DSD_LFS@DF_IALFS_LF_WAP_Q(1.0),,I,GBR,,LF_WAP,,PT_WAP_SUB,,_Z,,Y,,_T,,Y15T64,,_Z,,Q,,2007-Q4,,76.94073,,,,A,,0,,1,
DATAFLOW,OECD.SDD.TPS:DSD_LFS@DF_IALFS_LF_WAP_Q(1.0),,I,GBR,,LF_WAP,,PT_WAP_SUB,,_Z,,Y,,_T,,Y15T64,,_Z,,Q,,2008-Q1,,77.02567,,,,A,,0,,1,
DATAFLOW,OECD.SDD.TPS:DSD_LFS@DF_IALFS_LF_WAP_Q(1.0),,I,GBR,,LF_WAP,,PT_WAP_SUB,,_Z,,Y,,_T,,Y15T64,,_Z,,Q,,2008-Q2,,77.08438,,,,A,,0,,1,
DATAFLOW,OECD.SDD.TPS:DSD_LFS@DF_IALFS_LF_WAP_Q(1.0),,I,GBR,,LF_WAP,,PT_WAP_SUB,,_Z,,Y,,_T,,Y15T64,,_Z,,Q,,2008-Q3,,77.00409,,,,A,,0,,1,
DATAFLOW,OECD.SDD.TPS:DSD_LFS@DF_IALFS_LF_WAP_Q(1.0),,I,GBR,,LF_WAP,,PT_WAP_SUB,,_Z,,Y,,_T,,Y15T64,,_Z,,Q,,2008-Q4,,77.14922,,,,A,,0,,1,
DATAFLOW,OECD.SDD.TPS:DSD_LFS@DF_IALFS_LF_WAP_Q(1.0),,I,GBR,,LF_WAP,,PT_WAP_SUB,,_Z,,Y,,_T,,Y15T64,,_Z,,Q,,2009-Q1,,77.21339,,,,A,,0,,1,
DATAFLOW,OECD.SDD.TPS:DSD_LFS@DF_IALFS_LF_WAP_Q(1.0),,I,GBR,,LF_WAP,,PT_WAP_SUB,,_Z,,Y,,_T,,Y15T64,,_Z,,Q,,2009-Q2,,76.90213,,,,A,,0,,1,
DATAFLOW,OECD.SDD.TPS:DSD_LFS@DF_IALFS_LF_WAP_Q(1.0),,I,GBR,,LF_WAP,,PT_WAP_SUB,,_Z,,Y,,_T,,Y15T64,,_Z,,Q,,2009-Q3,,76.7291,,,,A,,0,,1,
DATAFLOW,OECD.SDD.TPS:DSD_LFS@DF_IALFS_LF_WAP_Q(1.0),,I,GBR,,LF_WAP,,PT_WAP_SUB,,_Z,,Y,,_T,,Y15T64,,_Z,,Q,,2009-Q4,,76.60374,,,,A,,0,,1,
DATAFLOW,OECD.SDD.TPS:DSD_LFS@DF_IALFS_LF_WAP_Q(1.0),,I,GBR,,LF_WAP,,PT_WAP_SUB,,_Z,,Y,,_T,,Y15T64,,_Z,,Q,,2010-Q1,,76.41106,,,,A,,0,,1,
DATAFLOW,OECD.SDD.TPS:DSD_LFS@DF_IALFS_LF_WAP_Q(1.0),,I,GBR,,LF_WAP,,PT_WAP_SUB,,_Z,,Y,,_T,,Y15T64,,_Z,,Q,,2010-Q2,,76.54784,,,,A,,0,,1,
DATAFLOW,OECD.SDD.TPS:DSD_LFS@DF_IALFS_LF_WAP_Q(1.0),,I,GBR,,LF_WAP,,PT_WAP_SUB,,_Z,,Y,,_T,,Y15T64,,_Z,,Q,,2010-Q3,,76.78217,,,,A,,0,,1,
DATAFLOW,OECD.SDD.TPS:DSD_LFS@DF_IALFS_LF_WAP_Q(1.0),,I,GBR,,LF_WAP,,PT_WAP_SUB,,_Z,,Y,,_T,,Y15T64,,_Z,,Q,,2010-Q4,,76.53246,,,,A,,0,,1,
DATAFLOW,OECD.SDD.TPS:DSD_LFS@DF_IALFS_LF_WAP_Q(1.0),,I,GBR,,LF_WAP,,PT_WAP_SUB,,_Z,,Y,,_T,,Y15T64,,_Z,,Q,,2011-Q1,,76.64064,,,,A,,0,,1,
DATAFLOW,OECD.SDD.TPS:DSD_LFS@DF_IALFS_LF_WAP_Q(1.0),,I,GBR,,LF_WAP,,PT_WAP_SUB,,_Z,,Y,,_T,,Y15T64,,_Z,,Q,,2011-Q2,,76.67316,,,,A,,0,,1,
DATAFLOW,OECD.SDD.TPS:DSD_LFS@DF_IALFS_LF_WAP_Q(1.0),,I,GBR,,LF_WAP,,PT_WAP_SUB,,_Z,,Y,,_T,,Y15T64,,_Z,,Q,,2011-Q3,,76.6023,,,,A,,0,,1,
DATAFLOW,OECD.SDD.TPS:DSD_LFS@DF_IALFS_LF_WAP_Q(1.0),,I,GBR,,LF_WAP,,PT_WAP_SUB,,_Z,,Y,,_T,,Y15T64,,_Z,,Q,,2011-Q4,,76.78382,,,,A,,0,,1,
DATAFLOW,OECD.SDD.TPS:DSD_LFS@DF_IALFS_LF_WAP_Q(1.0),,I,GBR,,LF_WAP,,PT_WAP_SUB,,_Z,,Y,,_T,,Y15T64,,_Z,,Q,,2012-Q1,,76.89575,,,,A,,0,,1,
DATAFLOW,OECD.SDD.TPS:DSD_LFS@DF_IALFS_LF_WAP_Q(1.0),,I,GBR,,LF_WAP,,PT_WAP_SUB,,_Z,,Y,,_T,,Y15T64,,_Z,,Q,,2012-Q2,,77.2199,,,,A,,0,,1,
DATAFLOW,OECD.SDD.TPS:DSD_LFS@DF_IALFS_LF_WAP_Q(1.0),,I,GBR,,LF_WAP,,PT_WAP_SUB,,_Z,,Y,,_T,,Y15T64,,_Z,,Q,,2012-Q3,,77.34504,,,,A,,0,,1,
DATAFLOW,OECD.SDD.TPS:DSD_LFS@DF_IALFS_LF_WAP_Q(1.0),,I,GBR,,LF_WAP,,PT_WAP_SUB,,_Z,,Y,,_T,,Y15T64,,_Z,,Q,,2012-Q4,,77.59645,,,,A,,0,,1,
DATAFLOW,OECD.SDD.TPS:DSD_LFS@DF_IALFS_LF_WAP_Q(1.0),,I,GBR,,LF_WAP,,PT_WAP_SUB,,_Z,,Y,,_T,,Y15T64,,_Z,,Q,,2013-Q1,,77.39313,,,,A,,0,,1,
DATAFLOW,OECD.SDD.TPS:DSD_LFS@DF_IALFS_LF_WAP_Q(1.0),,I,GBR,,LF_WAP,,PT_WAP_SUB,,_Z,,Y,,_T,,Y15T64,,_Z,,Q,,2013-Q2,,77.4582,,,,A,,0,,1,
DATAFLOW,OECD.SDD.TPS:DSD_LFS@DF_IALFS_LF_WAP_Q(1.0),,I,GBR,,LF_WAP,,PT_WAP_SUB,,_Z,,Y,,_T,,Y15T64,,_Z,,Q,,2013-Q3,,77.70368,,,,A,,0,,1,
DATAFLOW,OECD.SDD.TPS:DSD_LFS@DF_IALFS_LF_WAP_Q(1.0),,I,GBR,,LF_WAP,,PT_WAP_SUB,,_Z,,Y,,_T,,Y15T64,,_Z,,Q,,2013-Q4,,77.70811,,,,A,,0,,1,
DATAFLOW,OECD.SDD.TPS:DSD_LFS@DF_IALFS_LF_WAP_Q(1.0),,I,GBR,,LF_WAP,,PT_WAP_SUB,,_Z,,Y,,_T,,Y15T64,,_Z,,Q,,2014-Q1,,77.81926,,,,A,,0,,1,
DATAFLOW,OECD.SDD.TPS:DSD_LFS@DF_IALFS_LF_WAP_Q(1.0),,I,GBR,,LF_WAP,,PT_WAP_SUB,,_Z,,Y,,_T,,Y15T64,,_Z,,Q,,2014-Q2,,77.81432,,,,A,,0,,1,
DATAFLOW,OECD.SDD.TPS:DSD_LFS@DF_IALFS_LF_WAP_Q(1.0),,I,GBR,,LF_WAP,,PT_WAP_SUB,,_Z,,Y,,_T,,Y15T64,,_Z,,Q,,2014-Q3,,77.78922,,,,A,,0,,1,
DATAFLOW,OECD.SDD.TPS:DSD_LFS@DF_IALFS_LF_WAP_Q(1.0),,I,GBR,,LF_WAP,,PT_WAP_SUB,,_Z,,Y,,_T,,Y15T64,,_Z,,Q,,2014-Q4,,77.71956,,,,A,,0,,1,
DATAFLOW,OECD.SDD.TPS:DSD_LFS@DF_IALFS_LF_WAP_Q(1.0),,I,GBR,,LF_WAP,,PT_WAP_SUB,,_Z,,Y,,_T,,Y15T64,,_Z,,Q,,2015-Q1,,77.8275,,,,A,,0,,1,
DATAFLOW,OECD.SDD.TPS:DSD_LFS@DF_IALFS_LF_WAP_Q(1.0),,I,GBR,,LF_WAP,,PT_WAP_SUB,,_Z,,Y,,_T,,Y15T64,,_Z,,Q,,2015-Q2,,77.82038,,,,A,,0,,1,
DATAFLOW,OECD.SDD.TPS:DSD_LFS@DF_IALFS_LF_WAP_Q(1.0),,I,GBR,,LF_WAP,,PT_WAP_SUB,,_Z,,Y,,_T,,Y15T64,,_Z,,Q,,2015-Q3,,77.98834,,,,A,,0,,1,
DATAFLOW,OECD.SDD.TPS:DSD_LFS@DF_IALFS_LF_WAP_Q(1.0),,I,GBR,,LF_WAP,,PT_WAP_SUB,,_Z,,Y,,_T,,Y15T64,,_Z,,Q,,2015-Q4,,78.13824,,,,A,,0,,1,
DATAFLOW,OECD.SDD.TPS:DSD_LFS@DF_IALFS_LF_WAP_Q(1.0),,I,GBR,,LF_WAP,,PT_WAP_SUB,,_Z,,Y,,_T,,Y15T64,,_Z,,Q,,2016-Q1,,78.1418,,,,A,,0,,1,
DATAFLOW,OECD.SDD.TPS:DSD_LFS@DF_IALFS_LF_WAP_Q(1.0),,I,GBR,,LF_WAP,,PT_WAP_SUB,,_Z,,Y,,_T,,Y15T64,,_Z,,Q,,2016-Q2,,78.31483,,,,A,,0,,1,
DATAFLOW,OECD.SDD.TPS:DSD_LFS@DF_IALFS_LF_WAP_Q(1.0),,I,GBR,,LF_WAP,,PT_WAP_SUB,,_Z,,Y,,_T,,Y15T64,,_Z,,Q,,2016-Q3,,78.27817,,,,A,,0,,1,
DATAFLOW,OECD.SDD.TPS:DSD_LFS@DF_IALFS_LF_WAP_Q(1.0),,I,GBR,,LF_WAP,,PT_WAP_SUB,,_Z,,Y,,_T,,Y15T64,,_Z,,Q,,2016-Q4,,78.31147,,,,A,,0,,1,
DATAFLOW,OECD.SDD.TPS:DSD_LFS@DF_IALFS_LF_WAP_Q(1.0),,I,GBR,,LF_WAP,,PT_WAP_SUB,,_Z,,Y,,_T,,Y15T64,,_Z,,Q,,2017-Q1,,78.37569,,,,A,,0,,1,
DATAFLOW,OECD.SDD.TPS:DSD_LFS@DF_IALFS_LF_WAP_Q(1.0),,I,GBR,,LF_WAP,,PT_WAP_SUB,,_Z,,Y,,_T,,Y15T64,,_Z,,Q,,2017-Q2,,78.58855,,,,A,,0,,1,
DATAFLOW,OECD.SDD.TPS:DSD_LFS@DF_IALFS_LF_WAP_Q(1.0),,I,GBR,,LF_WAP,,PT_WAP_SUB,,_Z,,Y,,_T,,Y15T64,,_Z,,Q,,2017-Q3,,78.33881,,,,A,,0,,1,
DATAFLOW,OECD.SDD.TPS:DSD_LFS@DF_IALFS_LF_WAP_Q(1.0),,I,GBR,,LF_WAP,,PT_WAP_SUB,,_Z,,Y,,_T,,Y15T64,,_Z,,Q,,2017-Q4,,78.57506,,,,A,,0,,1,
DATAFLOW,OECD.SDD.TPS:DSD_LFS@DF_IALFS_LF_WAP_Q(1.0),,I,GBR,,LF_WAP,,PT_WAP_SUB,,_Z,,Y,,_T,,Y15T64,,_Z,,Q,,2018-Q1,,78.83268,,,,A,,0,,1,
DATAFLOW,OECD.SDD.TPS:DSD_LFS@DF_IALFS_LF_WAP_Q(1.0),,I,GBR,,LF_WAP,,PT_WAP_SUB,,_Z,,Y,,_T,,Y15T64,,_Z,,Q,,2018-Q2,,78.68575,,,,A,,0,,1,
DATAFLOW,OECD.SDD.TPS:DSD_LFS@DF_IALFS_LF_WAP_Q(1.0),,I,GBR,,LF_WAP,,PT_WAP_SUB,,_Z,,Y,,_T,,Y15T64,,_Z,,Q,,2018-Q3,,78.71806,,,,A,,0,,1,
DATAFLOW,OECD.SDD.TPS:DSD_LFS@DF_IALFS_LF_WAP_Q(1.0),,I,GBR,,LF_WAP,,PT_WAP_SUB,,_Z,,Y,,_T,,Y15T64,,_Z,,Q,,2018-Q4,,78.9409,,,,A,,0,,1,
DATAFLOW,OECD.SDD.TPS:DSD_LFS@DF_IALFS_LF_WAP_Q(1.0),,I,GBR,,LF_WAP,,PT_WAP_SUB,,_Z,,Y,,_T,,Y15T64,,_Z,,Q,,2019-Q1,,79.00098,,,,A,,0,,1,
DATAFLOW,OECD.SDD.TPS:DSD_LFS@DF_IALFS_LF_WAP_Q(1.0),,I,GBR,,LF_WAP,,PT_WAP_SUB,,_Z,,Y,,_T,,Y15T64,,_Z,,Q,,2019-Q2,,79.25301,,,,A,,0,,1,
DATAFLOW,OECD.SDD.TPS:DSD_LFS@DF_IALFS_LF_WAP_Q(1.0),,I,GBR,,LF_WAP,,PT_WAP_SUB,,_Z,,Y,,_T,,Y15T64,,_Z,,Q,,2019-Q3,,79.15474,,,,A,,0,,1,
DATAFLOW,OECD.SDD.TPS:DSD_LFS@DF_IALFS_LF_WAP_Q(1.0),,I,GBR,,LF_WAP,,PT_WAP_SUB,,_Z,,Y,,_T,,Y15T64,,_Z,,Q,,2019-Q4,,79.3868,,,,A,,0,,1,
DATAFLOW,OECD.SDD.TPS:DSD_LFS@DF_IALFS_LF_WAP_Q(1.0),,I,GBR,,LF_WAP,,PT_WAP_SUB,,_Z,,Y,,_T,,Y15T64,,_Z,,Q,,2020-Q1,,79.25282,,,,A,,0,,1,
DATAFLOW,OECD.SDD.TPS:DSD_LFS@DF_IALFS_LF_WAP_Q(1.0),,I,GBR,,LF_WAP,,PT_WAP_SUB,,_Z,,Y,,_T,,Y15T64,,_Z,,Q,,2020-Q2,,78.71272,,,,A,,0,,1,
DATAFLOW,OECD.SDD.TPS:DSD_LFS@DF_IALFS_LF_WAP_Q(1.0),,I,GBR,,LF_WAP,,PT_WAP_SUB,,_Z,,Y,,_T,,Y15T64,,_Z,,Q,,2020-Q3,,78.58292,,,,A,,0,,1,
DATAFLOW,OECD.SDD.TPS:DSD_LFS@DF_IALFS_LF_WAP_Q(1.0),,I,GBR,,LF_WAP,,PT_WAP_SUB,,_Z,,Y,,_T,,Y15T64,,_Z,,Q,,2020-Q4,,78.54229,,,,A,,0,,1,
DATAFLOW,OECD.SDD.TPS:DSD_LFS@DF_IALFS_LF_WAP_Q(1.0),,I,GBR,,LF_WAP,,PT_WAP_SUB,,_Z,,Y,,_T,,Y15T64,,_Z,,Q,,2021-Q1,,78.34021,,,,A,,0,,1,
DATAFLOW,OECD.SDD.TPS:DSD_LFS@DF_IALFS_LF_WAP_Q(1.0),,I,GBR,,LF_WAP,,PT_WAP_SUB,,_Z,,Y,,_T,,Y15T64,,_Z,,Q,,2021-Q2,,78.44838,,,,A,,0,,1,
DATAFLOW,OECD.SDD.TPS:DSD_LFS@DF_IALFS_LF_WAP_Q(1.0),,I,GBR,,LF_WAP,,PT_WAP_SUB,,_Z,,Y,,_T,,Y15T64,,_Z,,Q,,2021-Q3,,78.55075,,,,A,,0,,1,
DATAFLOW,OECD.SDD.TPS:DSD_LFS@DF_IALFS_LF_WAP_Q(1.0),,I,GBR,,LF_WAP,,PT_WAP_SUB,,_Z,,Y,,_T,,Y15T64,,_Z,,Q,,2021-Q4,,78.38825,,,,A,,0,,1,
DATAFLOW,OECD.SDD.TPS:DSD_LFS@DF_IALFS_LF_WAP_Q(1.0),,I,GBR,,LF_WAP,,PT_WAP_SUB,,_Z,,Y,,_T,,Y15T64,,_Z,,Q,,2022-Q1,,78.12761,,,,A,,0,,1,
DATAFLOW,OECD.SDD.TPS:DSD_LFS@DF_IALFS_LF_WAP_Q(1.0),,I,GBR,,LF_WAP,,PT_WAP_SUB,,_Z,,Y,,_T,,Y15T64,,_Z,,Q,,2022-Q2,,78.07832,,,,A,,0,,1,
DATAFLOW,OECD.SDD.TPS:DSD_LFS@DF_IALFS_LF_WAP_Q(1.0),,I,GBR,,LF_WAP,,PT_WAP_SUB,,_Z,,Y,,_T,,Y15T64,,_Z,,Q,,2022-Q3,,77.92728,,,,A,,0,,1,
DATAFLOW,OECD.SDD.TPS:DSD_LFS@DF_IALFS_LF_WAP_Q(1.0),,I,GBR,,LF_WAP,,PT_WAP_SUB,,_Z,,Y,,_T,,Y15T64,,_Z,,Q,,2022-Q4,,78.26375,,,,A,,0,,1,
DATAFLOW,OECD.SDD.TPS:DSD_LFS@DF_IALFS_LF_WAP_Q(1.0),,I,GBR,,LF_WAP,,PT_WAP_SUB,,_Z,,Y,,_T,,Y15T64,,_Z,,Q,,2023-Q1,,78.49168,,,,A,,0,,1,
DATAFLOW,OECD.SDD.TPS:DSD_LFS@DF_IALFS_LF_WAP_Q(1.0),,I,GBR,,LF_WAP,,PT_WAP_SUB,,_Z,,Y,,_T,,Y15T64,,_Z,,Q,,2023-Q2,,78.59413,,,,A,,0,,1,
DATAFLOW,OECD.SDD.TPS:DSD_LFS@DF_IALFS_LF_WAP_Q(1.0),,I,GBR,,LF_WAP,,PT_WAP_SUB,,_Z,,Y,,_T,,Y15T64,,_Z,,Q,,2023-Q3,,78.1892,,,,A,,0,,1,
DATAFLOW,OECD.SDD.TPS:DSD_LFS@DF_IALFS_LF_WAP_Q(1.0),,I,GBR,,LF_WAP,,PT_WAP_SUB,,_Z,,Y,,_T,,Y15T64,,_Z,,Q,,2023-Q4,,77.94589,,,,A,,0,,1,
DATAFLOW,OECD.SDD.TPS:DSD_LFS@DF_IALFS_LF_WAP_Q(1.0),,I,GBR,,LF_WAP,,PT_WAP_SUB,,_Z,,Y,,_T,,Y15T64,,_Z,,Q,,2024-Q1,,77.93276,,,,A,,0,,1,
DATAFLOW,OECD.SDD.TPS:DSD_LFS@DF_IALFS_LF_WAP_Q(1.0),,I,GBR,,LF_WAP,,PT_WAP_SUB,,_Z,,Y,,_T,,Y15T64,,_Z,,Q,,2024-Q2,,77.91088,,,,A,,0,,1,
DATAFLOW,OECD.SDD.TPS:DSD_LFS@DF_IALFS_LF_WAP_Q(1.0),,I,GBR,,LF_WAP,,PT_WAP_SUB,,_Z,,Y,,_T,,Y15T64,,_Z,,Q,,2024-Q3,,78.35632,,,,A,,0,,1,
DATAFLOW,OECD.SDD.TPS:DSD_LFS@DF_IALFS_LF_WAP_Q(1.0),,I,GBR,,LF_WAP,,PT_WAP_SUB,,_Z,,Y,,_T,,Y15T64,,_Z,,Q,,2024-Q4,,78.45621,,,,A,,0,,1,
DATAFLOW,OECD.SDD.TPS:DSD_LFS@DF_IALFS_LF_WAP_Q(1.0),,I,GBR,,LF_WAP,,PT_WAP_SUB,,_Z,,Y,,_T,,Y15T64,,_Z,,Q,,2025-Q1,,78.62569,,,,A,,0,,1,
DATAFLOW,OECD.SDD.TPS:DSD_LFS@DF_IALFS_LF_WAP_Q(1.0),,I,GBR,,LF_WAP,,PT_WAP_SUB,,_Z,,Y,,_T,,Y15T64,,_Z,,Q,,2025-Q2,,79.02972,,,,A,,0,,1,
DATAFLOW,OECD.SDD.TPS:DSD_LFS@DF_IALFS_LF_WAP_Q(1.0),,I,GBR,,LF_WAP,,PT_WAP_SUB,,_Z,,Y,,_T,,Y15T64,,_Z,,Q,,2025-Q3,,79.04986,,,,A,,0,,1,
DATAFLOW,OECD.SDD.TPS:DSD_LFS@DF_IALFS_LF_WAP_Q(1.0),,I,GBR,,LF_WAP,,PT_WAP_SUB,,_Z,,Y,,_T,,Y15T64,,_Z,,Q,,2025-Q4,,79.17118,,,,A,,0,,1,
DATAFLOW,OECD.SDD.TPS:DSD_LFS@DF_IALFS_LF_WAP_Q(1.0),,I,GBR,,LF_WAP,,PT_WAP_SUB,,_Z,,Y,,_T,,Y15T64,,_Z,,Q,,2026-Q1,,79.06442,,,,A,,0,,1,
DATAFLOW,OECD.SDD.TPS:DSD_LFS@DF_IALFS_LF_WAP_Q(1.0),,I,JPN,,LF_WAP,,PT_WAP_SUB,,_Z,,Y,,_T,,Y15T64,,_Z,,Q,,1996-Q3,,72.2718,,,,A,,0,,1,
DATAFLOW,OECD.SDD.TPS:DSD_LFS@DF_IALFS_LF_WAP_Q(1.0),,I,JPN,,LF_WAP,,PT_WAP_SUB,,_Z,,Y,,_T,,Y15T64,,_Z,,Q,,1996-Q4,,72.21661,,,,A,,0,,1,
DATAFLOW,OECD.SDD.TPS:DSD_LFS@DF_IALFS_LF_WAP_Q(1.0),,I,JPN,,LF_WAP,,PT_WAP_SUB,,_Z,,Y,,_T,,Y15T64,,_Z,,Q,,1997-Q1,,72.56285,,,,A,,0,,1,
DATAFLOW,OECD.SDD.TPS:DSD_LFS@DF_IALFS_LF_WAP_Q(1.0),,I,JPN,,LF_WAP,,PT_WAP_SUB,,_Z,,Y,,_T,,Y15T64,,_Z,,Q,,1997-Q2,,72.64819,,,,A,,0,,1,
DATAFLOW,OECD.SDD.TPS:DSD_LFS@DF_IALFS_LF_WAP_Q(1.0),,I,JPN,,LF_WAP,,PT_WAP_SUB,,_Z,,Y,,_T,,Y15T64,,_Z,,Q,,1997-Q3,,72.69735,,,,A,,0,,1,
DATAFLOW,OECD.SDD.TPS:DSD_LFS@DF_IALFS_LF_WAP_Q(1.0),,I,JPN,,LF_WAP,,PT_WAP_SUB,,_Z,,Y,,_T,,Y15T64,,_Z,,Q,,1997-Q4,,72.64858,,,,A,,0,,1,
DATAFLOW,OECD.SDD.TPS:DSD_LFS@DF_IALFS_LF_WAP_Q(1.0),,I,JPN,,LF_WAP,,PT_WAP_SUB,,_Z,,Y,,_T,,Y15T64,,_Z,,Q,,1998-Q1,,72.71,,,,A,,0,,1,
DATAFLOW,OECD.SDD.TPS:DSD_LFS@DF_IALFS_LF_WAP_Q(1.0),,I,JPN,,LF_WAP,,PT_WAP_SUB,,_Z,,Y,,_T,,Y15T64,,_Z,,Q,,1998-Q2,,72.67274,,,,A,,0,,1,
DATAFLOW,OECD.SDD.TPS:DSD_LFS@DF_IALFS_LF_WAP_Q(1.0),,I,JPN,,LF_WAP,,PT_WAP_SUB,,_Z,,Y,,_T,,Y15T64,,_Z,,Q,,1998-Q3,,72.66716,,,,A,,0,,1,
DATAFLOW,OECD.SDD.TPS:DSD_LFS@DF_IALFS_LF_WAP_Q(1.0),,I,JPN,,LF_WAP,,PT_WAP_SUB,,_Z,,Y,,_T,,Y15T64,,_Z,,Q,,1998-Q4,,72.60444,,,,A,,0,,1,
DATAFLOW,OECD.SDD.TPS:DSD_LFS@DF_IALFS_LF_WAP_Q(1.0),,I,JPN,,LF_WAP,,PT_WAP_SUB,,_Z,,Y,,_T,,Y15T64,,_Z,,Q,,1999-Q1,,72.57549,,,,A,,0,,1,
DATAFLOW,OECD.SDD.TPS:DSD_LFS@DF_IALFS_LF_WAP_Q(1.0),,I,JPN,,LF_WAP,,PT_WAP_SUB,,_Z,,Y,,_T,,Y15T64,,_Z,,Q,,1999-Q2,,72.57168,,,,A,,0,,1,
DATAFLOW,OECD.SDD.TPS:DSD_LFS@DF_IALFS_LF_WAP_Q(1.0),,I,JPN,,LF_WAP,,PT_WAP_SUB,,_Z,,Y,,_T,,Y15T64,,_Z,,Q,,1999-Q3,,72.57784,,,,A,,0,,1,
DATAFLOW,OECD.SDD.TPS:DSD_LFS@DF_IALFS_LF_WAP_Q(1.0),,I,JPN,,LF_WAP,,PT_WAP_SUB,,_Z,,Y,,_T,,Y15T64,,_Z,,Q,,1999-Q4,,72.49352,,,,A,,0,,1,
DATAFLOW,OECD.SDD.TPS:DSD_LFS@DF_IALFS_LF_WAP_Q(1.0),,I,JPN,,LF_WAP,,PT_WAP_SUB,,_Z,,Y,,_T,,Y15T64,,_Z,,Q,,2000-Q1,,72.3801,,,,A,,0,,1,
DATAFLOW,OECD.SDD.TPS:DSD_LFS@DF_IALFS_LF_WAP_Q(1.0),,I,JPN,,LF_WAP,,PT_WAP_SUB,,_Z,,Y,,_T,,Y15T64,,_Z,,Q,,2000-Q2,,72.57178,,,,A,,0,,1,
DATAFLOW,OECD.SDD.TPS:DSD_LFS@DF_IALFS_LF_WAP_Q(1.0),,I,JPN,,LF_WAP,,PT_WAP_SUB,,_Z,,Y,,_T,,Y15T64,,_Z,,Q,,2000-Q3,,72.53304,,,,A,,0,,1,
DATAFLOW,OECD.SDD.TPS:DSD_LFS@DF_IALFS_LF_WAP_Q(1.0),,I,JPN,,LF_WAP,,PT_WAP_SUB,,_Z,,Y,,_T,,Y15T64,,_Z,,Q,,2000-Q4,,72.75136,,,,A,,0,,1,
DATAFLOW,OECD.SDD.TPS:DSD_LFS@DF_IALFS_LF_WAP_Q(1.0),,I,JPN,,LF_WAP,,PT_WAP_SUB,,_Z,,Y,,_T,,Y15T64,,_Z,,Q,,2001-Q1,,72.85003,,,,A,,0,,1,
DATAFLOW,OECD.SDD.TPS:DSD_LFS@DF_IALFS_LF_WAP_Q(1.0),,I,JPN,,LF_WAP,,PT_WAP_SUB,,_Z,,Y,,_T,,Y15T64,,_Z,,Q,,2001-Q2,,72.67281,,,,A,,0,,1,
DATAFLOW,OECD.SDD.TPS:DSD_LFS@DF_IALFS_LF_WAP_Q(1.0),,I,JPN,,LF_WAP,,PT_WAP_SUB,,_Z,,Y,,_T,,Y15T64,,_Z,,Q,,2001-Q3,,72.52174,,,,A,,0,,1,
DATAFLOW,OECD.SDD.TPS:DSD_LFS@DF_IALFS_LF_WAP_Q(1.0),,I,JPN,,LF_WAP,,PT_WAP_SUB,,_Z,,Y,,_T,,Y15T64,,_Z,,Q,,2001-Q4,,72.5432,,,,A,,0,,1,
DATAFLOW,OECD.SDD.TPS:DSD_LFS@DF_IALFS_LF_WAP_Q(1.0),,I,JPN,,LF_WAP,,PT_WAP_SUB,,_Z,,Y,,_T,,Y15T64,,_Z,,Q,,2002-Q1,,72.44078,,,,A,,0,,1,
DATAFLOW,OECD.SDD.TPS:DSD_LFS@DF_IALFS_LF_WAP_Q(1.0),,I,JPN,,LF_WAP,,PT_WAP_SUB,,_Z,,Y,,_T,,Y15T64,,_Z,,Q,,2002-Q2,,72.23422,,,,A,,0,,1,
DATAFLOW,OECD.SDD.TPS:DSD_LFS@DF_IALFS_LF_WAP_Q(1.0),,I,JPN,,LF_WAP,,PT_WAP_SUB,,_Z,,Y,,_T,,Y15T64,,_Z,,Q,,2002-Q3,,72.39569,,,,A,,0,,1,
DATAFLOW,OECD.SDD.TPS:DSD_LFS@DF_IALFS_LF_WAP_Q(1.0),,I,JPN,,LF_WAP,,PT_WAP_SUB,,_Z,,Y,,_T,,Y15T64,,_Z,,Q,,2002-Q4,,72.42455,,,,A,,0,,1,
DATAFLOW,OECD.SDD.TPS:DSD_LFS@DF_IALFS_LF_WAP_Q(1.0),,I,JPN,,LF_WAP,,PT_WAP_SUB,,_Z,,Y,,_T,,Y15T64,,_Z,,Q,,2003-Q1,,72.38582,,,,A,,0,,1,
DATAFLOW,OECD.SDD.TPS:DSD_LFS@DF_IALFS_LF_WAP_Q(1.0),,I,JPN,,LF_WAP,,PT_WAP_SUB,,_Z,,Y,,_T,,Y15T64,,_Z,,Q,,2003-Q2,,72.44331,,,,A,,0,,1,
DATAFLOW,OECD.SDD.TPS:DSD_LFS@DF_IALFS_LF_WAP_Q(1.0),,I,JPN,,LF_WAP,,PT_WAP_SUB,,_Z,,Y,,_T,,Y15T64,,_Z,,Q,,2003-Q3,,72.35052,,,,A,,0,,1,
DATAFLOW,OECD.SDD.TPS:DSD_LFS@DF_IALFS_LF_WAP_Q(1.0),,I,JPN,,LF_WAP,,PT_WAP_SUB,,_Z,,Y,,_T,,Y15T64,,_Z,,Q,,2003-Q4,,72.49822,,,,A,,0,,1,
DATAFLOW,OECD.SDD.TPS:DSD_LFS@DF_IALFS_LF_WAP_Q(1.0),,I,JPN,,LF_WAP,,PT_WAP_SUB,,_Z,,Y,,_T,,Y15T64,,_Z,,Q,,2004-Q1,,72.37975,,,,A,,0,,1,
DATAFLOW,OECD.SDD.TPS:DSD_LFS@DF_IALFS_LF_WAP_Q(1.0),,I,JPN,,LF_WAP,,PT_WAP_SUB,,_Z,,Y,,_T,,Y15T64,,_Z,,Q,,2004-Q2,,72.24137,,,,A,,0,,1,
DATAFLOW,OECD.SDD.TPS:DSD_LFS@DF_IALFS_LF_WAP_Q(1.0),,I,JPN,,LF_WAP,,PT_WAP_SUB,,_Z,,Y,,_T,,Y15T64,,_Z,,Q,,2004-Q3,,72.50832,,,,A,,0,,1,
DATAFLOW,OECD.SDD.TPS:DSD_LFS@DF_IALFS_LF_WAP_Q(1.0),,I,JPN,,LF_WAP,,PT_WAP_SUB,,_Z,,Y,,_T,,Y15T64,,_Z,,Q,,2004-Q4,,72.39748,,,,A,,0,,1,
DATAFLOW,OECD.SDD.TPS:DSD_LFS@DF_IALFS_LF_WAP_Q(1.0),,I,JPN,,LF_WAP,,PT_WAP_SUB,,_Z,,Y,,_T,,Y15T64,,_Z,,Q,,2005-Q1,,72.51682,,,,A,,0,,1,
DATAFLOW,OECD.SDD.TPS:DSD_LFS@DF_IALFS_LF_WAP_Q(1.0),,I,JPN,,LF_WAP,,PT_WAP_SUB,,_Z,,Y,,_T,,Y15T64,,_Z,,Q,,2005-Q2,,72.65833,,,,A,,0,,1,
DATAFLOW,OECD.SDD.TPS:DSD_LFS@DF_IALFS_LF_WAP_Q(1.0),,I,JPN,,LF_WAP,,PT_WAP_SUB,,_Z,,Y,,_T,,Y15T64,,_Z,,Q,,2005-Q3,,72.9059,,,,A,,0,,1,
DATAFLOW,OECD.SDD.TPS:DSD_LFS@DF_IALFS_LF_WAP_Q(1.0),,I,JPN,,LF_WAP,,PT_WAP_SUB,,_Z,,Y,,_T,,Y15T64,,_Z,,Q,,2005-Q4,,72.86228,,,,A,,0,,1,
DATAFLOW,OECD.SDD.TPS:DSD_LFS@DF_IALFS_LF_WAP_Q(1.0),,I,JPN,,LF_WAP,,PT_WAP_SUB,,_Z,,Y,,_T,,Y15T64,,_Z,,Q,,2006-Q1,,73.04554,,,,A,,0,,1,
DATAFLOW,OECD.SDD.TPS:DSD_LFS@DF_IALFS_LF_WAP_Q(1.0),,I,JPN,,LF_WAP,,PT_WAP_SUB,,_Z,,Y,,_T,,Y15T64,,_Z,,Q,,2006-Q2,,73.13598,,,,A,,0,,1,
DATAFLOW,OECD.SDD.TPS:DSD_LFS@DF_IALFS_LF_WAP_Q(1.0),,I,JPN,,LF_WAP,,PT_WAP_SUB,,_Z,,Y,,_T,,Y15T64,,_Z,,Q,,2006-Q3,,73.23016,,,,A,,0,,1,
DATAFLOW,OECD.SDD.TPS:DSD_LFS@DF_IALFS_LF_WAP_Q(1.0),,I,JPN,,LF_WAP,,PT_WAP_SUB,,_Z,,Y,,_T,,Y15T64,,_Z,,Q,,2006-Q4,,73.31167,,,,A,,0,,1,
DATAFLOW,OECD.SDD.TPS:DSD_LFS@DF_IALFS_LF_WAP_Q(1.0),,I,JPN,,LF_WAP,,PT_WAP_SUB,,_Z,,Y,,_T,,Y15T64,,_Z,,Q,,2007-Q1,,73.51017,,,,A,,0,,1,
DATAFLOW,OECD.SDD.TPS:DSD_LFS@DF_IALFS_LF_WAP_Q(1.0),,I,JPN,,LF_WAP,,PT_WAP_SUB,,_Z,,Y,,_T,,Y15T64,,_Z,,Q,,2007-Q2,,73.8213,,,,A,,0,,1,
DATAFLOW,OECD.SDD.TPS:DSD_LFS@DF_IALFS_LF_WAP_Q(1.0),,I,JPN,,LF_WAP,,PT_WAP_SUB,,_Z,,Y,,_T,,Y15T64,,_Z,,Q,,2007-Q3,,73.66382,,,,A,,0,,1,
DATAFLOW,OECD.SDD.TPS:DSD_LFS@DF_IALFS_LF_WAP_Q(1.0),,I,JPN,,LF_WAP,,PT_WAP_SUB,,_Z,,Y,,_T,,Y15T64,,_Z,,Q,,2007-Q4,,73.92253,,,,A,,0,,1,
DATAFLOW,OECD.SDD.TPS:DSD_LFS@DF_IALFS_LF_WAP_Q(1.0),,I,JPN,,LF_WAP,,PT_WAP_SUB,,_Z,,Y,,_T,,Y15T64,,_Z,,Q,,2008-Q1,,73.79741,,,,A,,0,,1,
DATAFLOW,OECD.SDD.TPS:DSD_LFS@DF_IALFS_LF_WAP_Q(1.0),,I,JPN,,LF_WAP,,PT_WAP_SUB,,_Z,,Y,,_T,,Y15T64,,_Z,,Q,,2008-Q2,,73.95979,,,,A,,0,,1,
DATAFLOW,OECD.SDD.TPS:DSD_LFS@DF_IALFS_LF_WAP_Q(1.0),,I,JPN,,LF_WAP,,PT_WAP_SUB,,_Z,,Y,,_T,,Y15T64,,_Z,,Q,,2008-Q3,,73.90895,,,,A,,0,,1,
DATAFLOW,OECD.SDD.TPS:DSD_LFS@DF_IALFS_LF_WAP_Q(1.0),,I,JPN,,LF_WAP,,PT_WAP_SUB,,_Z,,Y,,_T,,Y15T64,,_Z,,Q,,2008-Q4,,74.05981,,,,A,,0,,1,
DATAFLOW,OECD.SDD.TPS:DSD_LFS@DF_IALFS_LF_WAP_Q(1.0),,I,JPN,,LF_WAP,,PT_WAP_SUB,,_Z,,Y,,_T,,Y15T64,,_Z,,Q,,2009-Q1,,74.06786,,,,A,,0,,1,
DATAFLOW,OECD.SDD.TPS:DSD_LFS@DF_IALFS_LF_WAP_Q(1.0),,I,JPN,,LF_WAP,,PT_WAP_SUB,,_Z,,Y,,_T,,Y15T64,,_Z,,Q,,2009-Q2,,73.94719,,,,A,,0,,1,
DATAFLOW,OECD.SDD.TPS:DSD_LFS@DF_IALFS_LF_WAP_Q(1.0),,I,JPN,,LF_WAP,,PT_WAP_SUB,,_Z,,Y,,_T,,Y15T64,,_Z,,Q,,2009-Q3,,74.23525,,,,A,,0,,1,
DATAFLOW,OECD.SDD.TPS:DSD_LFS@DF_IALFS_LF_WAP_Q(1.0),,I,JPN,,LF_WAP,,PT_WAP_SUB,,_Z,,Y,,_T,,Y15T64,,_Z,,Q,,2009-Q4,,74.10664,,,,A,,0,,1,
DATAFLOW,OECD.SDD.TPS:DSD_LFS@DF_IALFS_LF_WAP_Q(1.0),,I,JPN,,LF_WAP,,PT_WAP_SUB,,_Z,,Y,,_T,,Y15T64,,_Z,,Q,,2010-Q1,,74.1748,,,,A,,0,,1,
DATAFLOW,OECD.SDD.TPS:DSD_LFS@DF_IALFS_LF_WAP_Q(1.0),,I,JPN,,LF_WAP,,PT_WAP_SUB,,_Z,,Y,,_T,,Y15T64,,_Z,,Q,,2010-Q2,,74.02347,,,,A,,0,,1,
DATAFLOW,OECD.SDD.TPS:DSD_LFS@DF_IALFS_LF_WAP_Q(1.0),,I,JPN,,LF_WAP,,PT_WAP_SUB,,_Z,,Y,,_T,,Y15T64,,_Z,,Q,,2010-Q3,,74.31628,,,,A,,0,,1,
DATAFLOW,OECD.SDD.TPS:DSD_LFS@DF_IALFS_LF_WAP_Q(1.0),,I,JPN,,LF_WAP,,PT_WAP_SUB,,_Z,,Y,,_T,,Y15T64,,_Z,,Q,,2010-Q4,,74.28795,,,,A,,0,,1,
DATAFLOW,OECD.SDD.TPS:DSD_LFS@DF_IALFS_LF_WAP_Q(1.0),,I,JPN,,LF_WAP,,PT_WAP_SUB,,_Z,,Y,,_T,,Y15T64,,_Z,,Q,,2011-Q2,,74.72205,,,,A,,0,,1,
DATAFLOW,OECD.SDD.TPS:DSD_LFS@DF_IALFS_LF_WAP_Q(1.0),,I,JPN,,LF_WAP,,PT_WAP_SUB,,_Z,,Y,,_T,,Y15T64,,_Z,,Q,,2011-Q4,,73.98531,,,,A,,0,,1,
DATAFLOW,OECD.SDD.TPS:DSD_LFS@DF_IALFS_LF_WAP_Q(1.0),,I,JPN,,LF_WAP,,PT_WAP_SUB,,_Z,,Y,,_T,,Y15T64,,_Z,,Q,,2012-Q1,,73.86969,,,,A,,0,,1,
DATAFLOW,OECD.SDD.TPS:DSD_LFS@DF_IALFS_LF_WAP_Q(1.0),,I,JPN,,LF_WAP,,PT_WAP_SUB,,_Z,,Y,,_T,,Y15T64,,_Z,,Q,,2012-Q2,,73.90773,,,,A,,0,,1,
DATAFLOW,OECD.SDD.TPS:DSD_LFS@DF_IALFS_LF_WAP_Q(1.0),,I,JPN,,LF_WAP,,PT_WAP_SUB,,_Z,,Y,,_T,,Y15T64,,_Z,,Q,,2012-Q3,,74.01831,,,,A,,0,,1,
DATAFLOW,OECD.SDD.TPS:DSD_LFS@DF_IALFS_LF_WAP_Q(1.0),,I,JPN,,LF_WAP,,PT_WAP_SUB,,_Z,,Y,,_T,,Y15T64,,_Z,,Q,,2012-Q4,,74.159,,,,A,,0,,1,
DATAFLOW,OECD.SDD.TPS:DSD_LFS@DF_IALFS_LF_WAP_Q(1.0),,I,JPN,,LF_WAP,,PT_WAP_SUB,,_Z,,Y,,_T,,Y15T64,,_Z,,Q,,2013-Q1,,74.56232,,,,A,,0,,1,
DATAFLOW,OECD.SDD.TPS:DSD_LFS@DF_IALFS_LF_WAP_Q(1.0),,I,JPN,,LF_WAP,,PT_WAP_SUB,,_Z,,Y,,_T,,Y15T64,,_Z,,Q,,2013-Q2,,74.84121,,,,A,,0,,1,
DATAFLOW,OECD.SDD.TPS:DSD_LFS@DF_IALFS_LF_WAP_Q(1.0),,I,JPN,,LF_WAP,,PT_WAP_SUB,,_Z,,Y,,_T,,Y15T64,,_Z,,Q,,2013-Q3,,75.04147,,,,A,,0,,1,
DATAFLOW,OECD.SDD.TPS:DSD_LFS@DF_IALFS_LF_WAP_Q(1.0),,I,JPN,,LF_WAP,,PT_WAP_SUB,,_Z,,Y,,_T,,Y15T64,,_Z,,Q,,2013-Q4,,75.25955,,,,A,,0,,1,
DATAFLOW,OECD.SDD.TPS:DSD_LFS@DF_IALFS_LF_WAP_Q(1.0),,I,JPN,,LF_WAP,,PT_WAP_SUB,,_Z,,Y,,_T,,Y15T64,,_Z,,Q,,2014-Q1,,75.39257,,,,A,,0,,1,
DATAFLOW,OECD.SDD.TPS:DSD_LFS@DF_IALFS_LF_WAP_Q(1.0),,I,JPN,,LF_WAP,,PT_WAP_SUB,,_Z,,Y,,_T,,Y15T64,,_Z,,Q,,2014-Q2,,75.58891,,,,A,,0,,1,
DATAFLOW,OECD.SDD.TPS:DSD_LFS@DF_IALFS_LF_WAP_Q(1.0),,I,JPN,,LF_WAP,,PT_WAP_SUB,,_Z,,Y,,_T,,Y15T64,,_Z,,Q,,2014-Q3,,75.67132,,,,A,,0,,1,
DATAFLOW,OECD.SDD.TPS:DSD_LFS@DF_IALFS_LF_WAP_Q(1.0),,I,JPN,,LF_WAP,,PT_WAP_SUB,,_Z,,Y,,_T,,Y15T64,,_Z,,Q,,2014-Q4,,75.72875,,,,A,,0,,1,
DATAFLOW,OECD.SDD.TPS:DSD_LFS@DF_IALFS_LF_WAP_Q(1.0),,I,JPN,,LF_WAP,,PT_WAP_SUB,,_Z,,Y,,_T,,Y15T64,,_Z,,Q,,2015-Q1,,75.90762,,,,A,,0,,1,
DATAFLOW,OECD.SDD.TPS:DSD_LFS@DF_IALFS_LF_WAP_Q(1.0),,I,JPN,,LF_WAP,,PT_WAP_SUB,,_Z,,Y,,_T,,Y15T64,,_Z,,Q,,2015-Q2,,75.87308,,,,A,,0,,1,
DATAFLOW,OECD.SDD.TPS:DSD_LFS@DF_IALFS_LF_WAP_Q(1.0),,I,JPN,,LF_WAP,,PT_WAP_SUB,,_Z,,Y,,_T,,Y15T64,,_Z,,Q,,2015-Q3,,76.15688,,,,A,,0,,1,
DATAFLOW,OECD.SDD.TPS:DSD_LFS@DF_IALFS_LF_WAP_Q(1.0),,I,JPN,,LF_WAP,,PT_WAP_SUB,,_Z,,Y,,_T,,Y15T64,,_Z,,Q,,2015-Q4,,76.39968,,,,A,,0,,1,
DATAFLOW,OECD.SDD.TPS:DSD_LFS@DF_IALFS_LF_WAP_Q(1.0),,I,JPN,,LF_WAP,,PT_WAP_SUB,,_Z,,Y,,_T,,Y15T64,,_Z,,Q,,2016-Q1,,76.68399,,,,A,,0,,1,
DATAFLOW,OECD.SDD.TPS:DSD_LFS@DF_IALFS_LF_WAP_Q(1.0),,I,JPN,,LF_WAP,,PT_WAP_SUB,,_Z,,Y,,_T,,Y15T64,,_Z,,Q,,2016-Q2,,76.84501,,,,A,,0,,1,
DATAFLOW,OECD.SDD.TPS:DSD_LFS@DF_IALFS_LF_WAP_Q(1.0),,I,JPN,,LF_WAP,,PT_WAP_SUB,,_Z,,Y,,_T,,Y15T64,,_Z,,Q,,2016-Q3,,77.11652,,,,A,,0,,1,
DATAFLOW,OECD.SDD.TPS:DSD_LFS@DF_IALFS_LF_WAP_Q(1.0),,I,JPN,,LF_WAP,,PT_WAP_SUB,,_Z,,Y,,_T,,Y15T64,,_Z,,Q,,2016-Q4,,77.27439,,,,A,,0,,1,
DATAFLOW,OECD.SDD.TPS:DSD_LFS@DF_IALFS_LF_WAP_Q(1.0),,I,JPN,,LF_WAP,,PT_WAP_SUB,,_Z,,Y,,_T,,Y15T64,,_Z,,Q,,2017-Q1,,77.27002,,,,A,,0,,1,
DATAFLOW,OECD.SDD.TPS:DSD_LFS@DF_IALFS_LF_WAP_Q(1.0),,I,JPN,,LF_WAP,,PT_WAP_SUB,,_Z,,Y,,_T,,Y15T64,,_Z,,Q,,2017-Q2,,77.54043,,,,A,,0,,1,
DATAFLOW,OECD.SDD.TPS:DSD_LFS@DF_IALFS_LF_WAP_Q(1.0),,I,JPN,,LF_WAP,,PT_WAP_SUB,,_Z,,Y,,_T,,Y15T64,,_Z,,Q,,2017-Q3,,77.82423,,,,A,,0,,1,
DATAFLOW,OECD.SDD.TPS:DSD_LFS@DF_IALFS_LF_WAP_Q(1.0),,I,JPN,,LF_WAP,,PT_WAP_SUB,,_Z,,Y,,_T,,Y15T64,,_Z,,Q,,2017-Q4,,78.0408,,,,A,,0,,1,
DATAFLOW,OECD.SDD.TPS:DSD_LFS@DF_IALFS_LF_WAP_Q(1.0),,I,JPN,,LF_WAP,,PT_WAP_SUB,,_Z,,Y,,_T,,Y15T64,,_Z,,Q,,2018-Q1,,78.50896,,,,A,,0,,1,
DATAFLOW,OECD.SDD.TPS:DSD_LFS@DF_IALFS_LF_WAP_Q(1.0),,I,JPN,,LF_WAP,,PT_WAP_SUB,,_Z,,Y,,_T,,Y15T64,,_Z,,Q,,2018-Q2,,78.8984,,,,A,,0,,1,
DATAFLOW,OECD.SDD.TPS:DSD_LFS@DF_IALFS_LF_WAP_Q(1.0),,I,JPN,,LF_WAP,,PT_WAP_SUB,,_Z,,Y,,_T,,Y15T64,,_Z,,Q,,2018-Q3,,79.06194,,,,A,,0,,1,
DATAFLOW,OECD.SDD.TPS:DSD_LFS@DF_IALFS_LF_WAP_Q(1.0),,I,JPN,,LF_WAP,,PT_WAP_SUB,,_Z,,Y,,_T,,Y15T64,,_Z,,Q,,2018-Q4,,79.44131,,,,A,,0,,1,
DATAFLOW,OECD.SDD.TPS:DSD_LFS@DF_IALFS_LF_WAP_Q(1.0),,I,JPN,,LF_WAP,,PT_WAP_SUB,,_Z,,Y,,_T,,Y15T64,,_Z,,Q,,2019-Q1,,79.58306,,,,A,,0,,1,
DATAFLOW,OECD.SDD.TPS:DSD_LFS@DF_IALFS_LF_WAP_Q(1.0),,I,JPN,,LF_WAP,,PT_WAP_SUB,,_Z,,Y,,_T,,Y15T64,,_Z,,Q,,2019-Q2,,79.68902,,,,A,,0,,1,
DATAFLOW,OECD.SDD.TPS:DSD_LFS@DF_IALFS_LF_WAP_Q(1.0),,I,JPN,,LF_WAP,,PT_WAP_SUB,,_Z,,Y,,_T,,Y15T64,,_Z,,Q,,2019-Q3,,79.84235,,,,A,,0,,1,
DATAFLOW,OECD.SDD.TPS:DSD_LFS@DF_IALFS_LF_WAP_Q(1.0),,I,JPN,,LF_WAP,,PT_WAP_SUB,,_Z,,Y,,_T,,Y15T64,,_Z,,Q,,2019-Q4,,80.02129,,,,A,,0,,1,
DATAFLOW,OECD.SDD.TPS:DSD_LFS@DF_IALFS_LF_WAP_Q(1.0),,I,JPN,,LF_WAP,,PT_WAP_SUB,,_Z,,Y,,_T,,Y15T64,,_Z,,Q,,2020-Q1,,80.15342,,,,A,,0,,1,
DATAFLOW,OECD.SDD.TPS:DSD_LFS@DF_IALFS_LF_WAP_Q(1.0),,I,JPN,,LF_WAP,,PT_WAP_SUB,,_Z,,Y,,_T,,Y15T64,,_Z,,Q,,2020-Q2,,79.36112,,,,A,,0,,1,
DATAFLOW,OECD.SDD.TPS:DSD_LFS@DF_IALFS_LF_WAP_Q(1.0),,I,JPN,,LF_WAP,,PT_WAP_SUB,,_Z,,Y,,_T,,Y15T64,,_Z,,Q,,2020-Q3,,79.6433,,,,A,,0,,1,
DATAFLOW,OECD.SDD.TPS:DSD_LFS@DF_IALFS_LF_WAP_Q(1.0),,I,JPN,,LF_WAP,,PT_WAP_SUB,,_Z,,Y,,_T,,Y15T64,,_Z,,Q,,2020-Q4,,80.04483,,,,A,,0,,1,
DATAFLOW,OECD.SDD.TPS:DSD_LFS@DF_IALFS_LF_WAP_Q(1.0),,I,JPN,,LF_WAP,,PT_WAP_SUB,,_Z,,Y,,_T,,Y15T64,,_Z,,Q,,2021-Q1,,80.21711,,,,A,,0,,1,
DATAFLOW,OECD.SDD.TPS:DSD_LFS@DF_IALFS_LF_WAP_Q(1.0),,I,JPN,,LF_WAP,,PT_WAP_SUB,,_Z,,Y,,_T,,Y15T64,,_Z,,Q,,2021-Q2,,80.24915,,,,A,,0,,1,
DATAFLOW,OECD.SDD.TPS:DSD_LFS@DF_IALFS_LF_WAP_Q(1.0),,I,JPN,,LF_WAP,,PT_WAP_SUB,,_Z,,Y,,_T,,Y15T64,,_Z,,Q,,2021-Q3,,80.33514,,,,A,,0,,1,
DATAFLOW,OECD.SDD.TPS:DSD_LFS@DF_IALFS_LF_WAP_Q(1.0),,I,JPN,,LF_WAP,,PT_WAP_SUB,,_Z,,Y,,_T,,Y15T64,,_Z,,Q,,2021-Q4,,80.22462,,,,A,,0,,1,
DATAFLOW,OECD.SDD.TPS:DSD_LFS@DF_IALFS_LF_WAP_Q(1.0),,I,JPN,,LF_WAP,,PT_WAP_SUB,,_Z,,Y,,_T,,Y15T64,,_Z,,Q,,2022-Q1,,80.39433,,,,A,,0,,1,
DATAFLOW,OECD.SDD.TPS:DSD_LFS@DF_IALFS_LF_WAP_Q(1.0),,I,JPN,,LF_WAP,,PT_WAP_SUB,,_Z,,Y,,_T,,Y15T64,,_Z,,Q,,2022-Q2,,80.76367,,,,A,,0,,1,
DATAFLOW,OECD.SDD.TPS:DSD_LFS@DF_IALFS_LF_WAP_Q(1.0),,I,JPN,,LF_WAP,,PT_WAP_SUB,,_Z,,Y,,_T,,Y15T64,,_Z,,Q,,2022-Q3,,80.81866,,,,A,,0,,1,
DATAFLOW,OECD.SDD.TPS:DSD_LFS@DF_IALFS_LF_WAP_Q(1.0),,I,JPN,,LF_WAP,,PT_WAP_SUB,,_Z,,Y,,_T,,Y15T64,,_Z,,Q,,2022-Q4,,80.71468,,,,A,,0,,1,
DATAFLOW,OECD.SDD.TPS:DSD_LFS@DF_IALFS_LF_WAP_Q(1.0),,I,JPN,,LF_WAP,,PT_WAP_SUB,,_Z,,Y,,_T,,Y15T64,,_Z,,Q,,2023-Q1,,80.85219,,,,A,,0,,1,
DATAFLOW,OECD.SDD.TPS:DSD_LFS@DF_IALFS_LF_WAP_Q(1.0),,I,JPN,,LF_WAP,,PT_WAP_SUB,,_Z,,Y,,_T,,Y15T64,,_Z,,Q,,2023-Q2,,81.07123,,,,A,,0,,1,
DATAFLOW,OECD.SDD.TPS:DSD_LFS@DF_IALFS_LF_WAP_Q(1.0),,I,JPN,,LF_WAP,,PT_WAP_SUB,,_Z,,Y,,_T,,Y15T64,,_Z,,Q,,2023-Q3,,81.25843,,,,A,,0,,1,
DATAFLOW,OECD.SDD.TPS:DSD_LFS@DF_IALFS_LF_WAP_Q(1.0),,I,JPN,,LF_WAP,,PT_WAP_SUB,,_Z,,Y,,_T,,Y15T64,,_Z,,Q,,2023-Q4,,81.3334,,,,A,,0,,1,
DATAFLOW,OECD.SDD.TPS:DSD_LFS@DF_IALFS_LF_WAP_Q(1.0),,I,JPN,,LF_WAP,,PT_WAP_SUB,,_Z,,Y,,_T,,Y15T64,,_Z,,Q,,2024-Q1,,81.36172,,,,A,,0,,1,
DATAFLOW,OECD.SDD.TPS:DSD_LFS@DF_IALFS_LF_WAP_Q(1.0),,I,JPN,,LF_WAP,,PT_WAP_SUB,,_Z,,Y,,_T,,Y15T64,,_Z,,Q,,2024-Q2,,81.48094,,,,A,,0,,1,
DATAFLOW,OECD.SDD.TPS:DSD_LFS@DF_IALFS_LF_WAP_Q(1.0),,I,JPN,,LF_WAP,,PT_WAP_SUB,,_Z,,Y,,_T,,Y15T64,,_Z,,Q,,2024-Q3,,81.73545,,,,A,,0,,1,
DATAFLOW,OECD.SDD.TPS:DSD_LFS@DF_IALFS_LF_WAP_Q(1.0),,I,JPN,,LF_WAP,,PT_WAP_SUB,,_Z,,Y,,_T,,Y15T64,,_Z,,Q,,2024-Q4,,81.87387,,,,A,,0,,1,
DATAFLOW,OECD.SDD.TPS:DSD_LFS@DF_IALFS_LF_WAP_Q(1.0),,I,JPN,,LF_WAP,,PT_WAP_SUB,,_Z,,Y,,_T,,Y15T64,,_Z,,Q,,2025-Q1,,82.05319,,,,A,,0,,1,
DATAFLOW,OECD.SDD.TPS:DSD_LFS@DF_IALFS_LF_WAP_Q(1.0),,I,JPN,,LF_WAP,,PT_WAP_SUB,,_Z,,Y,,_T,,Y15T64,,_Z,,Q,,2025-Q2,,82.21842,,,,A,,0,,1,
DATAFLOW,OECD.SDD.TPS:DSD_LFS@DF_IALFS_LF_WAP_Q(1.0),,I,JPN,,LF_WAP,,PT_WAP_SUB,,_Z,,Y,,_T,,Y15T64,,_Z,,Q,,2025-Q3,,82.23388,,,,A,,0,,1,
DATAFLOW,OECD.SDD.TPS:DSD_LFS@DF_IALFS_LF_WAP_Q(1.0),,I,JPN,,LF_WAP,,PT_WAP_SUB,,_Z,,Y,,_T,,Y15T64,,_Z,,Q,,2025-Q4,,82.55487,,,,A,,0,,1,
DATAFLOW,OECD.SDD.TPS:DSD_LFS@DF_IALFS_LF_WAP_Q(1.0),,I,JPN,,LF_WAP,,PT_WAP_SUB,,_Z,,Y,,_T,,Y15T64,,_Z,,Q,,2026-Q1,,82.5534,,,,A,,0,,1,
DATAFLOW,OECD.SDD.TPS:DSD_LFS@DF_IALFS_LF_WAP_Q(1.0),,I,CHL,,LF_WAP,,PT_WAP_SUB,,_Z,,Y,,_T,,Y15T64,,_Z,,Q,,2011-Q4,,67.07452,,,,E,,0,,1,
DATAFLOW,OECD.SDD.TPS:DSD_LFS@DF_IALFS_LF_WAP_Q(1.0),,I,CHL,,LF_WAP,,PT_WAP_SUB,,_Z,,Y,,_T,,Y15T64,,_Z,,Q,,2012-Q4,,67.10271,,,,E,,0,,1,
DATAFLOW,OECD.SDD.TPS:DSD_LFS@DF_IALFS_LF_WAP_Q(1.0),,I,ZAF,,LF_WAP,,PT_WAP_SUB,,_Z,,Y,,_T,,Y15T64,,_Z,,Q,,2000-Q3,,59.53051,,,,E,,0,,1,
DATAFLOW,OECD.SDD.TPS:DSD_LFS@DF_IALFS_LF_WAP_Q(1.0),,I,ZAF,,LF_WAP,,PT_WAP_SUB,,_Z,,Y,,_T,,Y15T64,,_Z,,Q,,2001-Q1,,60.79079,,,,E,,0,,1,
DATAFLOW,OECD.SDD.TPS:DSD_LFS@DF_IALFS_LF_WAP_Q(1.0),,I,ZAF,,LF_WAP,,PT_WAP_SUB,,_Z,,Y,,_T,,Y15T64,,_Z,,Q,,2001-Q3,,57.35615,,,,E,,0,,1,
DATAFLOW,OECD.SDD.TPS:DSD_LFS@DF_IALFS_LF_WAP_Q(1.0),,I,ZAF,,LF_WAP,,PT_WAP_SUB,,_Z,,Y,,_T,,Y15T64,,_Z,,Q,,2002-Q1,,59.70788,,,,E,,0,,1,
DATAFLOW,OECD.SDD.TPS:DSD_LFS@DF_IALFS_LF_WAP_Q(1.0),,I,ZAF,,LF_WAP,,PT_WAP_SUB,,_Z,,Y,,_T,,Y15T64,,_Z,,Q,,2002-Q3,,57.94499,,,,E,,0,,1,
DATAFLOW,OECD.SDD.TPS:DSD_LFS@DF_IALFS_LF_WAP_Q(1.0),,I,ZAF,,LF_WAP,,PT_WAP_SUB,,_Z,,Y,,_T,,Y15T64,,_Z,,Q,,2003-Q1,,58.27861,,,,E,,0,,1,
DATAFLOW,OECD.SDD.TPS:DSD_LFS@DF_IALFS_LF_WAP_Q(1.0),,I,ZAF,,LF_WAP,,PT_WAP_SUB,,_Z,,Y,,_T,,Y15T64,,_Z,,Q,,2003-Q3,,55.64457,,,,E,,0,,1,
DATAFLOW,OECD.SDD.TPS:DSD_LFS@DF_IALFS_LF_WAP_Q(1.0),,I,ZAF,,LF_WAP,,PT_WAP_SUB,,_Z,,Y,,_T,,Y15T64,,_Z,,Q,,2004-Q1,,55.67733,,,,E,,0,,1,
DATAFLOW,OECD.SDD.TPS:DSD_LFS@DF_IALFS_LF_WAP_Q(1.0),,I,ZAF,,LF_WAP,,PT_WAP_SUB,,_Z,,Y,,_T,,Y15T64,,_Z,,Q,,2004-Q3,,54.7574,,,,E,,0,,1,
DATAFLOW,OECD.SDD.TPS:DSD_LFS@DF_IALFS_LF_WAP_Q(1.0),,I,ZAF,,LF_WAP,,PT_WAP_SUB,,_Z,,Y,,_T,,Y15T64,,_Z,,Q,,2005-Q1,,56.26535,,,,E,,0,,1,
DATAFLOW,OECD.SDD.TPS:DSD_LFS@DF_IALFS_LF_WAP_Q(1.0),,I,ZAF,,LF_WAP,,PT_WAP_SUB,,_Z,,Y,,_T,,Y15T64,,_Z,,Q,,2005-Q3,,57.63778,,,,E,,0,,1,
DATAFLOW,OECD.SDD.TPS:DSD_LFS@DF_IALFS_LF_WAP_Q(1.0),,I,ZAF,,LF_WAP,,PT_WAP_SUB,,_Z,,Y,,_T,,Y15T64,,_Z,,Q,,2006-Q1,,57.82934,,,,E,,0,,1,
DATAFLOW,OECD.SDD.TPS:DSD_LFS@DF_IALFS_LF_WAP_Q(1.0),,I,ZAF,,LF_WAP,,PT_WAP_SUB,,_Z,,Y,,_T,,Y15T64,,_Z,,Q,,2006-Q3,,58.20388,,,,E,,0,,1,
DATAFLOW,OECD.SDD.TPS:DSD_LFS@DF_IALFS_LF_WAP_Q(1.0),,I,ZAF,,LF_WAP,,PT_WAP_SUB,,_Z,,Y,,_T,,Y15T64,,_Z,,Q,,2007-Q1,,57.74629,,,,E,,0,,1,
DATAFLOW,OECD.SDD.TPS:DSD_LFS@DF_IALFS_LF_WAP_Q(1.0),,I,ZAF,,LF_WAP,,PT_WAP_SUB,,_Z,,Y,,_T,,Y15T64,,_Z,,Q,,2007-Q3,,56.65812,,,,E,,0,,1,
DATAFLOW,OECD.SDD.TPS:DSD_LFS@DF_IALFS_LF_WAP_Q(1.0),,I,JPN,,LF_WAP,,PT_WAP_SUB,,_Z,,Y,,_T,,Y15T64,,_Z,,Q,,2011-Q1,,74.51053,,,,B,,0,,1,
DATAFLOW,OECD.SDD.TPS:DSD_LFS@DF_IALFS_LF_WAP_Q(1.0),,I,JPN,,LF_WAP,,PT_WAP_SUB,,_Z,,Y,,_T,,Y15T64,,_Z,,Q,,2011-Q3,,74.25979,,,,B,,0,,1,
DATAFLOW,OECD.SDD.TPS:DSD_LFS@DF_IALFS_LF_WAP_Q(1.0),,I,BEL,,LF_WAP,,PT_WAP_SUB,,_Z,,Y,,_T,,Y15T64,,_Z,,Q,,2008-Q4,,66.69555,,,,B,,0,,1,
DATAFLOW,OECD.SDD.TPS:DSD_LFS@DF_IALFS_LF_WAP_Q(1.0),,I,EST,,LF_WAP,,PT_WAP_SUB,,_Z,,Y,,_T,,Y15T64,,_Z,,Q,,2008-Q4,,75.6077,,,,B,,0,,1,
DATAFLOW,OECD.SDD.TPS:DSD_LFS@DF_IALFS_LF_WAP_Q(1.0),,I,FIN,,LF_WAP,,PT_WAP_SUB,,_Z,,Y,,_T,,Y15T64,,_Z,,Q,,2008-Q4,,76.04983,,,,B,,0,,1,
DATAFLOW,OECD.SDD.TPS:DSD_LFS@DF_IALFS_LF_WAP_Q(1.0),,I,GRC,,LF_WAP,,PT_WAP_SUB,,_Z,,Y,,_T,,Y15T64,,_Z,,Q,,2008-Q4,,66.84712,,,,B,,0,,1,
DATAFLOW,OECD.SDD.TPS:DSD_LFS@DF_IALFS_LF_WAP_Q(1.0),,I,HUN,,LF_WAP,,PT_WAP_SUB,,_Z,,Y,,_T,,Y15T64,,_Z,,Q,,2008-Q4,,61.28305,,,,B,,0,,1,
DATAFLOW,OECD.SDD.TPS:DSD_LFS@DF_IALFS_LF_WAP_Q(1.0),,I,IRL,,LF_WAP,,PT_WAP_SUB,,_Z,,Y,,_T,,Y15T64,,_Z,,Q,,2008-Q4,,74.22373,,,,B,,0,,1,
DATAFLOW,OECD.SDD.TPS:DSD_LFS@DF_IALFS_LF_WAP_Q(1.0),,I,ITA,,LF_WAP,,PT_WAP_SUB,,_Z,,Y,,_T,,Y15T64,,_Z,,Q,,2008-Q4,,62.60387,,,,B,,0,,1,
DATAFLOW,OECD.SDD.TPS:DSD_LFS@DF_IALFS_LF_WAP_Q(1.0),,I,LVA,,LF_WAP,,PT_WAP_SUB,,_Z,,Y,,_T,,Y15T64,,_Z,,Q,,2008-Q4,,74.00051,,,,B,,0,,1,
DATAFLOW,OECD.SDD.TPS:DSD_LFS@DF_IALFS_LF_WAP_Q(1.0),,I,NLD,,LF_WAP,,PT_WAP_SUB,,_Z,,Y,,_T,,Y15T64,,_Z,,Q,,2008-Q4,,78.00974,,,,B,,0,,1,
DATAFLOW,OECD.SDD.TPS:DSD_LFS@DF_IALFS_LF_WAP_Q(1.0),,I,POL,,LF_WAP,,PT_WAP_SUB,,_Z,,Y,,_T,,Y15T64,,_Z,,Q,,2008-Q4,,64.14531,,,,B,,0,,1,
DATAFLOW,OECD.SDD.TPS:DSD_LFS@DF_IALFS_LF_WAP_Q(1.0),,I,PRT,,LF_WAP,,PT_WAP_SUB,,_Z,,Y,,_T,,Y15T64,,_Z,,Q,,2008-Q4,,73.77168,,,,B,,0,,1,
DATAFLOW,OECD.SDD.TPS:DSD_LFS@DF_IALFS_LF_WAP_Q(1.0),,I,SVK,,LF_WAP,,PT_WAP_SUB,,_Z,,Y,,_T,,Y15T64,,_Z,,Q,,2008-Q4,,68.72453,,,,B,,0,,1,
DATAFLOW,OECD.SDD.TPS:DSD_LFS@DF_IALFS_LF_WAP_Q(1.0),,I,SVN,,LF_WAP,,PT_WAP_SUB,,_Z,,Y,,_T,,Y15T64,,_Z,,Q,,2008-Q4,,72.05435,,,,B,,0,,1,
DATAFLOW,OECD.SDD.TPS:DSD_LFS@DF_IALFS_LF_WAP_Q(1.0),,I,SWE,,LF_WAP,,PT_WAP_SUB,,_Z,,Y,,_T,,Y15T64,,_Z,,Q,,2008-Q4,,79.21383,,,,B,,0,,1,
DATAFLOW,OECD.SDD.TPS:DSD_LFS@DF_IALFS_LF_WAP_Q(1.0),,I,DEU,,LF_WAP,,PT_WAP_SUB,,_Z,,Y,,_T,,Y15T64,,_Z,,Q,,2005-Q1,,73.34699,,,,E,,0,,1,
DATAFLOW,OECD.SDD.TPS:DSD_LFS@DF_IALFS_LF_WAP_Q(1.0),,I,DEU,,LF_WAP,,PT_WAP_SUB,,_Z,,Y,,_T,,Y15T64,,_Z,,Q,,2005-Q2,,73.71286,,,,E,,0,,1,
DATAFLOW,OECD.SDD.TPS:DSD_LFS@DF_IALFS_LF_WAP_Q(1.0),,I,DEU,,LF_WAP,,PT_WAP_SUB,,_Z,,Y,,_T,,Y15T64,,_Z,,Q,,2005-Q3,,73.94919,,,,E,,0,,1,
DATAFLOW,OECD.SDD.TPS:DSD_LFS@DF_IALFS_LF_WAP_Q(1.0),,I,DEU,,LF_WAP,,PT_WAP_SUB,,_Z,,Y,,_T,,Y15T64,,_Z,,Q,,2005-Q4,,74.15533,,,,E,,0,,1,
DATAFLOW,OECD.SDD.TPS:DSD_LFS@DF_IALFS_LF_WAP_Q(1.0),,I,DEU,,LF_WAP,,PT_WAP_SUB,,_Z,,Y,,_T,,Y15T64,,_Z,,Q,,2006-Q1,,74.55404,,,,E,,0,,1,
DATAFLOW,OECD.SDD.TPS:DSD_LFS@DF_IALFS_LF_WAP_Q(1.0),,I,DEU,,LF_WAP,,PT_WAP_SUB,,_Z,,Y,,_T,,Y15T64,,_Z,,Q,,2006-Q2,,74.80044,,,,E,,0,,1,
DATAFLOW,OECD.SDD.TPS:DSD_LFS@DF_IALFS_LF_WAP_Q(1.0),,I,DEU,,LF_WAP,,PT_WAP_SUB,,_Z,,Y,,_T,,Y15T64,,_Z,,Q,,2006-Q3,,75.0253,,,,E,,0,,1,
DATAFLOW,OECD.SDD.TPS:DSD_LFS@DF_IALFS_LF_WAP_Q(1.0),,I,DEU,,LF_WAP,,PT_WAP_SUB,,_Z,,Y,,_T,,Y15T64,,_Z,,Q,,2006-Q4,,75.37989,,,,E,,0,,1,
DATAFLOW,OECD.SDD.TPS:DSD_LFS@DF_IALFS_LF_WAP_Q(1.0),,I,DEU,,LF_WAP,,PT_WAP_SUB,,_Z,,Y,,_T,,Y15T64,,_Z,,Q,,2007-Q1,,75.38948,,,,E,,0,,1,
DATAFLOW,OECD.SDD.TPS:DSD_LFS@DF_IALFS_LF_WAP_Q(1.0),,I,DEU,,LF_WAP,,PT_WAP_SUB,,_Z,,Y,,_T,,Y15T64,,_Z,,Q,,2007-Q2,,75.44485,,,,E,,0,,1,
DATAFLOW,OECD.SDD.TPS:DSD_LFS@DF_IALFS_LF_WAP_Q(1.0),,I,DEU,,LF_WAP,,PT_WAP_SUB,,_Z,,Y,,_T,,Y15T64,,_Z,,Q,,2007-Q3,,75.73297,,,,E,,0,,1,
DATAFLOW,OECD.SDD.TPS:DSD_LFS@DF_IALFS_LF_WAP_Q(1.0),,I,DEU,,LF_WAP,,PT_WAP_SUB,,_Z,,Y,,_T,,Y15T64,,_Z,,Q,,2007-Q4,,75.79411,,,,E,,0,,1,
DATAFLOW,OECD.SDD.TPS:DSD_LFS@DF_IALFS_LF_WAP_Q(1.0),,I,DEU,,LF_WAP,,PT_WAP_SUB,,_Z,,Y,,_T,,Y15T64,,_Z,,Q,,2008-Q1,,75.81068,,,,E,,0,,1,
DATAFLOW,OECD.SDD.TPS:DSD_LFS@DF_IALFS_LF_WAP_Q(1.0),,I,DEU,,LF_WAP,,PT_WAP_SUB,,_Z,,Y,,_T,,Y15T64,,_Z,,Q,,2008-Q2,,75.83493,,,,E,,0,,1,
DATAFLOW,OECD.SDD.TPS:DSD_LFS@DF_IALFS_LF_WAP_Q(1.0),,I,DEU,,LF_WAP,,PT_WAP_SUB,,_Z,,Y,,_T,,Y15T64,,_Z,,Q,,2008-Q3,,75.95761,,,,E,,0,,1,
DATAFLOW,OECD.SDD.TPS:DSD_LFS@DF_IALFS_LF_WAP_Q(1.0),,I,DEU,,LF_WAP,,PT_WAP_SUB,,_Z,,Y,,_T,,Y15T64,,_Z,,Q,,2008-Q4,,75.96936,,,,E,,0,,1,
DATAFLOW,OECD.SDD.TPS:DSD_LFS@DF_IALFS_LF_WAP_Q(1.0),,I,DEU,,LF_WAP,,PT_WAP_SUB,,_Z,,Y,,_T,,Y15T64,,_Z,,Q,,2009-Q1,,74.72998,,,,E,,0,,1,
DATAFLOW,OECD.SDD.TPS:DSD_LFS@DF_IALFS_LF_WAP_Q(1.0),,I,DEU,,LF_WAP,,PT_WAP_SUB,,_Z,,Y,,_T,,Y15T64,,_Z,,Q,,2009-Q2,,75.00668,,,,E,,0,,1,
DATAFLOW,OECD.SDD.TPS:DSD_LFS@DF_IALFS_LF_WAP_Q(1.0),,I,DEU,,LF_WAP,,PT_WAP_SUB,,_Z,,Y,,_T,,Y15T64,,_Z,,Q,,2009-Q3,,74.924,,,,E,,0,,1,
DATAFLOW,OECD.SDD.TPS:DSD_LFS@DF_IALFS_LF_WAP_Q(1.0),,I,DEU,,LF_WAP,,PT_WAP_SUB,,_Z,,Y,,_T,,Y15T64,,_Z,,Q,,2009-Q4,,75.2286,,,,E,,0,,1,
DATAFLOW,OECD.SDD.TPS:DSD_LFS@DF_IALFS_LF_WAP_Q(1.0),,I,DEU,,LF_WAP,,PT_WAP_SUB,,_Z,,Y,,_T,,Y15T64,,_Z,,Q,,2010-Q1,,75.31034,,,,E,,0,,1,
DATAFLOW,OECD.SDD.TPS:DSD_LFS@DF_IALFS_LF_WAP_Q(1.0),,I,DEU,,LF_WAP,,PT_WAP_SUB,,_Z,,Y,,_T,,Y15T64,,_Z,,Q,,2010-Q2,,75.32991,,,,E,,0,,1,
DATAFLOW,OECD.SDD.TPS:DSD_LFS@DF_IALFS_LF_WAP_Q(1.0),,I,DEU,,LF_WAP,,PT_WAP_SUB,,_Z,,Y,,_T,,Y15T64,,_Z,,Q,,2010-Q3,,75.32044,,,,E,,0,,1,
DATAFLOW,OECD.SDD.TPS:DSD_LFS@DF_IALFS_LF_WAP_Q(1.0),,I,DEU,,LF_WAP,,PT_WAP_SUB,,_Z,,Y,,_T,,Y15T64,,_Z,,Q,,2010-Q4,,75.43884,,,,E,,0,,1,
DATAFLOW,OECD.SDD.TPS:DSD_LFS@DF_IALFS_LF_WAP_Q(1.0),,I,DEU,,LF_WAP,,PT_WAP_SUB,,_Z,,Y,,_T,,Y15T64,,_Z,,Q,,2011-Q1,,75.75024,,,,E,,0,,1,
DATAFLOW,OECD.SDD.TPS:DSD_LFS@DF_IALFS_LF_WAP_Q(1.0),,I,DEU,,LF_WAP,,PT_WAP_SUB,,_Z,,Y,,_T,,Y15T64,,_Z,,Q,,2011-Q2,,76.02709,,,,E,,0,,1,
DATAFLOW,OECD.SDD.TPS:DSD_LFS@DF_IALFS_LF_WAP_Q(1.0),,I,DEU,,LF_WAP,,PT_WAP_SUB,,_Z,,Y,,_T,,Y15T64,,_Z,,Q,,2011-Q3,,76.04433,,,,E,,0,,1,
DATAFLOW,OECD.SDD.TPS:DSD_LFS@DF_IALFS_LF_WAP_Q(1.0),,I,DEU,,LF_WAP,,PT_WAP_SUB,,_Z,,Y,,_T,,Y15T64,,_Z,,Q,,2011-Q4,,76.24066,,,,E,,0,,1,
DATAFLOW,OECD.SDD.TPS:DSD_LFS@DF_IALFS_LF_WAP_Q(1.0),,I,DEU,,LF_WAP,,PT_WAP_SUB,,_Z,,Y,,_T,,Y15T64,,_Z,,Q,,2012-Q1,,75.76403,,,,E,,0,,1,
DATAFLOW,OECD.SDD.TPS:DSD_LFS@DF_IALFS_LF_WAP_Q(1.0),,I,DEU,,LF_WAP,,PT_WAP_SUB,,_Z,,Y,,_T,,Y15T64,,_Z,,Q,,2012-Q2,,75.89218,,,,E,,0,,1,
DATAFLOW,OECD.SDD.TPS:DSD_LFS@DF_IALFS_LF_WAP_Q(1.0),,I,DEU,,LF_WAP,,PT_WAP_SUB,,_Z,,Y,,_T,,Y15T64,,_Z,,Q,,2012-Q3,,75.99717,,,,E,,0,,1,
DATAFLOW,OECD.SDD.TPS:DSD_LFS@DF_IALFS_LF_WAP_Q(1.0),,I,DEU,,LF_WAP,,PT_WAP_SUB,,_Z,,Y,,_T,,Y15T64,,_Z,,Q,,2012-Q4,,76.00073,,,,E,,0,,1,
DATAFLOW,OECD.SDD.TPS:DSD_LFS@DF_IALFS_LF_WAP_Q(1.0),,I,DEU,,LF_WAP,,PT_WAP_SUB,,_Z,,Y,,_T,,Y15T64,,_Z,,Q,,2013-Q1,,76.13976,,,,E,,0,,1,
DATAFLOW,OECD.SDD.TPS:DSD_LFS@DF_IALFS_LF_WAP_Q(1.0),,I,DEU,,LF_WAP,,PT_WAP_SUB,,_Z,,Y,,_T,,Y15T64,,_Z,,Q,,2013-Q2,,76.32164,,,,E,,0,,1,
DATAFLOW,OECD.SDD.TPS:DSD_LFS@DF_IALFS_LF_WAP_Q(1.0),,I,DEU,,LF_WAP,,PT_WAP_SUB,,_Z,,Y,,_T,,Y15T64,,_Z,,Q,,2013-Q3,,76.17112,,,,E,,0,,1,
DATAFLOW,OECD.SDD.TPS:DSD_LFS@DF_IALFS_LF_WAP_Q(1.0),,I,DEU,,LF_WAP,,PT_WAP_SUB,,_Z,,Y,,_T,,Y15T64,,_Z,,Q,,2013-Q4,,76.20018,,,,E,,0,,1,
DATAFLOW,OECD.SDD.TPS:DSD_LFS@DF_IALFS_LF_WAP_Q(1.0),,I,DEU,,LF_WAP,,PT_WAP_SUB,,_Z,,Y,,_T,,Y15T64,,_Z,,Q,,2014-Q1,,76.2169,,,,E,,0,,1,
DATAFLOW,OECD.SDD.TPS:DSD_LFS@DF_IALFS_LF_WAP_Q(1.0),,I,DEU,,LF_WAP,,PT_WAP_SUB,,_Z,,Y,,_T,,Y15T64,,_Z,,Q,,2014-Q2,,76.19463,,,,E,,0,,1,
DATAFLOW,OECD.SDD.TPS:DSD_LFS@DF_IALFS_LF_WAP_Q(1.0),,I,DEU,,LF_WAP,,PT_WAP_SUB,,_Z,,Y,,_T,,Y15T64,,_Z,,Q,,2014-Q3,,76.32816,,,,E,,0,,1,
DATAFLOW,OECD.SDD.TPS:DSD_LFS@DF_IALFS_LF_WAP_Q(1.0),,I,DEU,,LF_WAP,,PT_WAP_SUB,,_Z,,Y,,_T,,Y15T64,,_Z,,Q,,2014-Q4,,76.16112,,,,E,,0,,1,
DATAFLOW,OECD.SDD.TPS:DSD_LFS@DF_IALFS_LF_WAP_Q(1.0),,I,DEU,,LF_WAP,,PT_WAP_SUB,,_Z,,Y,,_T,,Y15T64,,_Z,,Q,,2015-Q1,,76.18279,,,,E,,0,,1,
DATAFLOW,OECD.SDD.TPS:DSD_LFS@DF_IALFS_LF_WAP_Q(1.0),,I,DEU,,LF_WAP,,PT_WAP_SUB,,_Z,,Y,,_T,,Y15T64,,_Z,,Q,,2015-Q2,,75.92593,,,,E,,0,,1,
DATAFLOW,OECD.SDD.TPS:DSD_LFS@DF_IALFS_LF_WAP_Q(1.0),,I,DEU,,LF_WAP,,PT_WAP_SUB,,_Z,,Y,,_T,,Y15T64,,_Z,,Q,,2015-Q3,,75.87923,,,,E,,0,,1,
DATAFLOW,OECD.SDD.TPS:DSD_LFS@DF_IALFS_LF_WAP_Q(1.0),,I,DEU,,LF_WAP,,PT_WAP_SUB,,_Z,,Y,,_T,,Y15T64,,_Z,,Q,,2015-Q4,,76.11563,,,,E,,0,,1,
DATAFLOW,OECD.SDD.TPS:DSD_LFS@DF_IALFS_LF_WAP_Q(1.0),,I,DEU,,LF_WAP,,PT_WAP_SUB,,_Z,,Y,,_T,,Y15T64,,_Z,,Q,,2016-Q1,,76.08794,,,,E,,0,,1,
DATAFLOW,OECD.SDD.TPS:DSD_LFS@DF_IALFS_LF_WAP_Q(1.0),,I,DEU,,LF_WAP,,PT_WAP_SUB,,_Z,,Y,,_T,,Y15T64,,_Z,,Q,,2016-Q2,,76.07272,,,,E,,0,,1,
DATAFLOW,OECD.SDD.TPS:DSD_LFS@DF_IALFS_LF_WAP_Q(1.0),,I,DEU,,LF_WAP,,PT_WAP_SUB,,_Z,,Y,,_T,,Y15T64,,_Z,,Q,,2016-Q3,,76.39069,,,,E,,0,,1,
DATAFLOW,OECD.SDD.TPS:DSD_LFS@DF_IALFS_LF_WAP_Q(1.0),,I,DEU,,LF_WAP,,PT_WAP_SUB,,_Z,,Y,,_T,,Y15T64,,_Z,,Q,,2016-Q4,,76.35181,,,,E,,0,,1,
DATAFLOW,OECD.SDD.TPS:DSD_LFS@DF_IALFS_LF_WAP_Q(1.0),,I,DEU,,LF_WAP,,PT_WAP_SUB,,_Z,,Y,,_T,,Y15T64,,_Z,,Q,,2017-Q1,,76.27684,,,,E,,0,,1,
DATAFLOW,OECD.SDD.TPS:DSD_LFS@DF_IALFS_LF_WAP_Q(1.0),,I,DEU,,LF_WAP,,PT_WAP_SUB,,_Z,,Y,,_T,,Y15T64,,_Z,,Q,,2017-Q2,,76.36098,,,,E,,0,,1,
DATAFLOW,OECD.SDD.TPS:DSD_LFS@DF_IALFS_LF_WAP_Q(1.0),,I,DEU,,LF_WAP,,PT_WAP_SUB,,_Z,,Y,,_T,,Y15T64,,_Z,,Q,,2017-Q3,,76.41189,,,,E,,0,,1,
DATAFLOW,OECD.SDD.TPS:DSD_LFS@DF_IALFS_LF_WAP_Q(1.0),,I,DEU,,LF_WAP,,PT_WAP_SUB,,_Z,,Y,,_T,,Y15T64,,_Z,,Q,,2017-Q4,,76.63507,,,,E,,0,,1,
DATAFLOW,OECD.SDD.TPS:DSD_LFS@DF_IALFS_LF_WAP_Q(1.0),,I,DEU,,LF_WAP,,PT_WAP_SUB,,_Z,,Y,,_T,,Y15T64,,_Z,,Q,,2018-Q1,,76.58377,,,,E,,0,,1,
DATAFLOW,OECD.SDD.TPS:DSD_LFS@DF_IALFS_LF_WAP_Q(1.0),,I,DEU,,LF_WAP,,PT_WAP_SUB,,_Z,,Y,,_T,,Y15T64,,_Z,,Q,,2018-Q2,,76.56898,,,,E,,0,,1,
DATAFLOW,OECD.SDD.TPS:DSD_LFS@DF_IALFS_LF_WAP_Q(1.0),,I,DEU,,LF_WAP,,PT_WAP_SUB,,_Z,,Y,,_T,,Y15T64,,_Z,,Q,,2018-Q3,,76.74802,,,,E,,0,,1,
DATAFLOW,OECD.SDD.TPS:DSD_LFS@DF_IALFS_LF_WAP_Q(1.0),,I,DEU,,LF_WAP,,PT_WAP_SUB,,_Z,,Y,,_T,,Y15T64,,_Z,,Q,,2018-Q4,,76.81858,,,,E,,0,,1,
DATAFLOW,OECD.SDD.TPS:DSD_LFS@DF_IALFS_LF_WAP_Q(1.0),,I,DEU,,LF_WAP,,PT_WAP_SUB,,_Z,,Y,,_T,,Y15T64,,_Z,,Q,,2019-Q1,,77.09743,,,,E,,0,,1,
DATAFLOW,OECD.SDD.TPS:DSD_LFS@DF_IALFS_LF_WAP_Q(1.0),,I,DEU,,LF_WAP,,PT_WAP_SUB,,_Z,,Y,,_T,,Y15T64,,_Z,,Q,,2019-Q2,,77.16486,,,,E,,0,,1,
DATAFLOW,OECD.SDD.TPS:DSD_LFS@DF_IALFS_LF_WAP_Q(1.0),,I,DEU,,LF_WAP,,PT_WAP_SUB,,_Z,,Y,,_T,,Y15T64,,_Z,,Q,,2019-Q3,,77.1743,,,,E,,0,,1,
DATAFLOW,OECD.SDD.TPS:DSD_LFS@DF_IALFS_LF_WAP_Q(1.0),,I,DEU,,LF_WAP,,PT_WAP_SUB,,_Z,,Y,,_T,,Y15T64,,_Z,,Q,,2019-Q4,,77.08538,,,,E,,0,,1,
DATAFLOW,OECD.SDD.TPS:DSD_LFS@DF_IALFS_LF_WAP_Q(1.0),,I,DEU,,LF_WAP,,PT_WAP_SUB,,_Z,,Y,,_T,,Y15T64,,_Z,,Q,,2020-Q1,,76.45437,,,,E,,0,,1,
DATAFLOW,OECD.SDD.TPS:DSD_LFS@DF_IALFS_LF_WAP_Q(1.0),,I,DEU,,LF_WAP,,PT_WAP_SUB,,_Z,,Y,,_T,,Y15T64,,_Z,,Q,,2020-Q2,,76.19279,,,,E,,0,,1,
DATAFLOW,OECD.SDD.TPS:DSD_LFS@DF_IALFS_LF_WAP_Q(1.0),,I,DEU,,LF_WAP,,PT_WAP_SUB,,_Z,,Y,,_T,,Y15T64,,_Z,,Q,,2020-Q3,,76.26165,,,,E,,0,,1,
DATAFLOW,OECD.SDD.TPS:DSD_LFS@DF_IALFS_LF_WAP_Q(1.0),,I,DEU,,LF_WAP,,PT_WAP_SUB,,_Z,,Y,,_T,,Y15T64,,_Z,,Q,,2020-Q4,,76.28076,,,,E,,0,,1,
DATAFLOW,OECD.SDD.TPS:DSD_LFS@DF_IALFS_LF_WAP_Q(1.0),,I,DEU,,LF_WAP,,PT_WAP_SUB,,_Z,,Y,,_T,,Y15T64,,_Z,,Q,,2021-Q1,,78.05978,,,,E,,0,,1,
DATAFLOW,OECD.SDD.TPS:DSD_LFS@DF_IALFS_LF_WAP_Q(1.0),,I,DEU,,LF_WAP,,PT_WAP_SUB,,_Z,,Y,,_T,,Y15T64,,_Z,,Q,,2021-Q2,,78.46615,,,,E,,0,,1,
DATAFLOW,OECD.SDD.TPS:DSD_LFS@DF_IALFS_LF_WAP_Q(1.0),,I,DEU,,LF_WAP,,PT_WAP_SUB,,_Z,,Y,,_T,,Y15T64,,_Z,,Q,,2021-Q3,,79.0794,,,,E,,0,,1,
DATAFLOW,OECD.SDD.TPS:DSD_LFS@DF_IALFS_LF_WAP_Q(1.0),,I,DEU,,LF_WAP,,PT_WAP_SUB,,_Z,,Y,,_T,,Y15T64,,_Z,,Q,,2021-Q4,,79.20991,,,,E,,0,,1,
DATAFLOW,OECD.SDD.TPS:DSD_LFS@DF_IALFS_LF_WAP_Q(1.0),,I,DEU,,LF_WAP,,PT_WAP_SUB,,_Z,,Y,,_T,,Y15T64,,_Z,,Q,,2022-Q1,,79.43237,,,,E,,0,,1,
DATAFLOW,OECD.SDD.TPS:DSD_LFS@DF_IALFS_LF_WAP_Q(1.0),,I,DEU,,LF_WAP,,PT_WAP_SUB,,_Z,,Y,,_T,,Y15T64,,_Z,,Q,,2022-Q2,,79.58823,,,,E,,0,,1,
DATAFLOW,OECD.SDD.TPS:DSD_LFS@DF_IALFS_LF_WAP_Q(1.0),,I,DEU,,LF_WAP,,PT_WAP_SUB,,_Z,,Y,,_T,,Y15T64,,_Z,,Q,,2022-Q3,,79.45901,,,,E,,0,,1,
DATAFLOW,OECD.SDD.TPS:DSD_LFS@DF_IALFS_LF_WAP_Q(1.0),,I,DEU,,LF_WAP,,PT_WAP_SUB,,_Z,,Y,,_T,,Y15T64,,_Z,,Q,,2022-Q4,,79.52452,,,,E,,0,,1,
DATAFLOW,OECD.SDD.TPS:DSD_LFS@DF_IALFS_LF_WAP_Q(1.0),,I,DEU,,LF_WAP,,PT_WAP_SUB,,_Z,,Y,,_T,,Y15T64,,_Z,,Q,,2023-Q1,,79.74249,,,,E,,0,,1,
DATAFLOW,OECD.SDD.TPS:DSD_LFS@DF_IALFS_LF_WAP_Q(1.0),,I,DEU,,LF_WAP,,PT_WAP_SUB,,_Z,,Y,,_T,,Y15T64,,_Z,,Q,,2023-Q2,,79.89816,,,,E,,0,,1,
DATAFLOW,OECD.SDD.TPS:DSD_LFS@DF_IALFS_LF_WAP_Q(1.0),,I,DEU,,LF_WAP,,PT_WAP_SUB,,_Z,,Y,,_T,,Y15T64,,_Z,,Q,,2023-Q3,,79.71426,,,,E,,0,,1,
DATAFLOW,OECD.SDD.TPS:DSD_LFS@DF_IALFS_LF_WAP_Q(1.0),,I,DEU,,LF_WAP,,PT_WAP_SUB,,_Z,,Y,,_T,,Y15T64,,_Z,,Q,,2023-Q4,,79.7149,,,,E,,0,,1,
DATAFLOW,OECD.SDD.TPS:DSD_LFS@DF_IALFS_LF_WAP_Q(1.0),,I,DEU,,LF_WAP,,PT_WAP_SUB,,_Z,,Y,,_T,,Y15T64,,_Z,,Q,,2024-Q1,,79.88194,,,,E,,0,,1,
DATAFLOW,OECD.SDD.TPS:DSD_LFS@DF_IALFS_LF_WAP_Q(1.0),,I,DEU,,LF_WAP,,PT_WAP_SUB,,_Z,,Y,,_T,,Y15T64,,_Z,,Q,,2024-Q2,,80.11276,,,,E,,0,,1,
DATAFLOW,OECD.SDD.TPS:DSD_LFS@DF_IALFS_LF_WAP_Q(1.0),,I,DEU,,LF_WAP,,PT_WAP_SUB,,_Z,,Y,,_T,,Y15T64,,_Z,,Q,,2024-Q3,,80.06876,,,,E,,0,,1,
DATAFLOW,OECD.SDD.TPS:DSD_LFS@DF_IALFS_LF_WAP_Q(1.0),,I,DEU,,LF_WAP,,PT_WAP_SUB,,_Z,,Y,,_T,,Y15T64,,_Z,,Q,,2024-Q4,,80.17838,,,,E,,0,,1,
DATAFLOW,OECD.SDD.TPS:DSD_LFS@DF_IALFS_LF_WAP_Q(1.0),,I,DEU,,LF_WAP,,PT_WAP_SUB,,_Z,,Y,,_T,,Y15T64,,_Z,,Q,,2025-Q1,,80.29621,,,,E,,0,,1,
DATAFLOW,OECD.SDD.TPS:DSD_LFS@DF_IALFS_LF_WAP_Q(1.0),,I,DEU,,LF_WAP,,PT_WAP_SUB,,_Z,,Y,,_T,,Y15T64,,_Z,,Q,,2025-Q2,,80.20948,,,,E,,0,,1,
DATAFLOW,OECD.SDD.TPS:DSD_LFS@DF_IALFS_LF_WAP_Q(1.0),,I,DEU,,LF_WAP,,PT_WAP_SUB,,_Z,,Y,,_T,,Y15T64,,_Z,,Q,,2025-Q3,,80.3063,,,,E,,0,,1,
DATAFLOW,OECD.SDD.TPS:DSD_LFS@DF_IALFS_LF_WAP_Q(1.0),,I,DEU,,LF_WAP,,PT_WAP_SUB,,_Z,,Y,,_T,,Y15T64,,_Z,,Q,,2025-Q4,,80.54425,,,,E,,0,,1,
DATAFLOW,OECD.SDD.TPS:DSD_LFS@DF_IALFS_LF_WAP_Q(1.0),,I,DEU,,LF_WAP,,PT_WAP_SUB,,_Z,,Y,,_T,,Y15T64,,_Z,,Q,,2026-Q1,,80.48708,,,,E,,0,,1,
DATAFLOW,OECD.SDD.TPS:DSD_LFS@DF_IALFS_LF_WAP_Q(1.0),,I,CHL,,LF_WAP,,PT_WAP_SUB,,_Z,,Y,,_T,,Y15T64,,_Z,,Q,,2005-Q1,,59.25806,,,,E,,0,,1,
DATAFLOW,OECD.SDD.TPS:DSD_LFS@DF_IALFS_LF_WAP_Q(1.0),,I,CHL,,LF_WAP,,PT_WAP_SUB,,_Z,,Y,,_T,,Y15T64,,_Z,,Q,,2005-Q2,,59.50864,,,,E,,0,,1,
DATAFLOW,OECD.SDD.TPS:DSD_LFS@DF_IALFS_LF_WAP_Q(1.0),,I,CHL,,LF_WAP,,PT_WAP_SUB,,_Z,,Y,,_T,,Y15T64,,_Z,,Q,,2005-Q3,,59.39983,,,,E,,0,,1,
DATAFLOW,OECD.SDD.TPS:DSD_LFS@DF_IALFS_LF_WAP_Q(1.0),,I,CHL,,LF_WAP,,PT_WAP_SUB,,_Z,,Y,,_T,,Y15T64,,_Z,,Q,,2005-Q4,,59.2173,,,,E,,0,,1,
DATAFLOW,OECD.SDD.TPS:DSD_LFS@DF_IALFS_LF_WAP_Q(1.0),,I,CHL,,LF_WAP,,PT_WAP_SUB,,_Z,,Y,,_T,,Y15T64,,_Z,,Q,,2006-Q1,,60.11831,,,,E,,0,,1,
DATAFLOW,OECD.SDD.TPS:DSD_LFS@DF_IALFS_LF_WAP_Q(1.0),,I,CHL,,LF_WAP,,PT_WAP_SUB,,_Z,,Y,,_T,,Y15T64,,_Z,,Q,,2006-Q2,,60.70987,,,,E,,0,,1,
DATAFLOW,OECD.SDD.TPS:DSD_LFS@DF_IALFS_LF_WAP_Q(1.0),,I,CHL,,LF_WAP,,PT_WAP_SUB,,_Z,,Y,,_T,,Y15T64,,_Z,,Q,,2006-Q3,,60.20753,,,,E,,0,,1,
DATAFLOW,OECD.SDD.TPS:DSD_LFS@DF_IALFS_LF_WAP_Q(1.0),,I,CHL,,LF_WAP,,PT_WAP_SUB,,_Z,,Y,,_T,,Y15T64,,_Z,,Q,,2006-Q4,,60.04787,,,,E,,0,,1,
DATAFLOW,OECD.SDD.TPS:DSD_LFS@DF_IALFS_LF_WAP_Q(1.0),,I,CHL,,LF_WAP,,PT_WAP_SUB,,_Z,,Y,,_T,,Y15T64,,_Z,,Q,,2007-Q1,,60.56582,,,,E,,0,,1,
DATAFLOW,OECD.SDD.TPS:DSD_LFS@DF_IALFS_LF_WAP_Q(1.0),,I,CHL,,LF_WAP,,PT_WAP_SUB,,_Z,,Y,,_T,,Y15T64,,_Z,,Q,,2007-Q2,,60.47127,,,,E,,0,,1,
DATAFLOW,OECD.SDD.TPS:DSD_LFS@DF_IALFS_LF_WAP_Q(1.0),,I,CHL,,LF_WAP,,PT_WAP_SUB,,_Z,,Y,,_T,,Y15T64,,_Z,,Q,,2007-Q3,,60.67603,,,,E,,0,,1,
DATAFLOW,OECD.SDD.TPS:DSD_LFS@DF_IALFS_LF_WAP_Q(1.0),,I,CHL,,LF_WAP,,PT_WAP_SUB,,_Z,,Y,,_T,,Y15T64,,_Z,,Q,,2007-Q4,,61.54573,,,,E,,0,,1,
DATAFLOW,OECD.SDD.TPS:DSD_LFS@DF_IALFS_LF_WAP_Q(1.0),,I,CHL,,LF_WAP,,PT_WAP_SUB,,_Z,,Y,,_T,,Y15T64,,_Z,,Q,,2008-Q1,,62.09059,,,,E,,0,,1,
DATAFLOW,OECD.SDD.TPS:DSD_LFS@DF_IALFS_LF_WAP_Q(1.0),,I,CHL,,LF_WAP,,PT_WAP_SUB,,_Z,,Y,,_T,,Y15T64,,_Z,,Q,,2008-Q2,,62.34048,,,,E,,0,,1,
DATAFLOW,OECD.SDD.TPS:DSD_LFS@DF_IALFS_LF_WAP_Q(1.0),,I,CHL,,LF_WAP,,PT_WAP_SUB,,_Z,,Y,,_T,,Y15T64,,_Z,,Q,,2008-Q3,,62.13182,,,,E,,0,,1,
DATAFLOW,OECD.SDD.TPS:DSD_LFS@DF_IALFS_LF_WAP_Q(1.0),,I,CHL,,LF_WAP,,PT_WAP_SUB,,_Z,,Y,,_T,,Y15T64,,_Z,,Q,,2008-Q4,,62.51906,,,,E,,0,,1,
DATAFLOW,OECD.SDD.TPS:DSD_LFS@DF_IALFS_LF_WAP_Q(1.0),,I,CHL,,LF_WAP,,PT_WAP_SUB,,_Z,,Y,,_T,,Y15T64,,_Z,,Q,,2009-Q1,,62.18636,,,,E,,0,,1,
DATAFLOW,OECD.SDD.TPS:DSD_LFS@DF_IALFS_LF_WAP_Q(1.0),,I,CHL,,LF_WAP,,PT_WAP_SUB,,_Z,,Y,,_T,,Y15T64,,_Z,,Q,,2009-Q2,,62.34647,,,,E,,0,,1,
DATAFLOW,OECD.SDD.TPS:DSD_LFS@DF_IALFS_LF_WAP_Q(1.0),,I,CHL,,LF_WAP,,PT_WAP_SUB,,_Z,,Y,,_T,,Y15T64,,_Z,,Q,,2009-Q3,,62.28333,,,,E,,0,,1,
DATAFLOW,OECD.SDD.TPS:DSD_LFS@DF_IALFS_LF_WAP_Q(1.0),,I,CHL,,LF_WAP,,PT_WAP_SUB,,_Z,,Y,,_T,,Y15T64,,_Z,,Q,,2009-Q4,,62.35895,,,,E,,0,,1,
DATAFLOW,OECD.SDD.TPS:DSD_LFS@DF_IALFS_LF_WAP_Q(1.0),,I,CHL,,LF_WAP,,PT_WAP_SUB,,_Z,,Y,,_T,,Y15T64,,_Z,,Q,,2010-Q1,,65.03091,,,,E,,0,,1,
DATAFLOW,OECD.SDD.TPS:DSD_LFS@DF_IALFS_LF_WAP_Q(1.0),,I,CHL,,LF_WAP,,PT_WAP_SUB,,_Z,,Y,,_T,,Y15T64,,_Z,,Q,,2010-Q2,,65.19232,,,,E,,0,,1,
DATAFLOW,OECD.SDD.TPS:DSD_LFS@DF_IALFS_LF_WAP_Q(1.0),,I,CHL,,LF_WAP,,PT_WAP_SUB,,_Z,,Y,,_T,,Y15T64,,_Z,,Q,,2010-Q3,,66.20934,,,,E,,0,,1,
DATAFLOW,OECD.SDD.TPS:DSD_LFS@DF_IALFS_LF_WAP_Q(1.0),,I,CHL,,LF_WAP,,PT_WAP_SUB,,_Z,,Y,,_T,,Y15T64,,_Z,,Q,,2010-Q4,,66.37395,,,,E,,0,,1,
DATAFLOW,OECD.SDD.TPS:DSD_LFS@DF_IALFS_LF_WAP_Q(1.0),,I,CHL,,LF_WAP,,PT_WAP_SUB,,_Z,,Y,,_T,,Y15T64,,_Z,,Q,,2011-Q1,,66.6799,,,,E,,0,,1,
DATAFLOW,OECD.SDD.TPS:DSD_LFS@DF_IALFS_LF_WAP_Q(1.0),,I,CHL,,LF_WAP,,PT_WAP_SUB,,_Z,,Y,,_T,,Y15T64,,_Z,,Q,,2011-Q2,,67.17508,,,,E,,0,,1,
DATAFLOW,OECD.SDD.TPS:DSD_LFS@DF_IALFS_LF_WAP_Q(1.0),,I,CHL,,LF_WAP,,PT_WAP_SUB,,_Z,,Y,,_T,,Y15T64,,_Z,,Q,,2011-Q3,,67.38023,,,,E,,0,,1,
DATAFLOW,OECD.SDD.TPS:DSD_LFS@DF_IALFS_LF_WAP_Q(1.0),,I,CHL,,LF_WAP,,PT_WAP_SUB,,_Z,,Y,,_T,,Y15T64,,_Z,,Q,,2012-Q1,,67.1972,,,,E,,0,,1,
DATAFLOW,OECD.SDD.TPS:DSD_LFS@DF_IALFS_LF_WAP_Q(1.0),,I,CHL,,LF_WAP,,PT_WAP_SUB,,_Z,,Y,,_T,,Y15T64,,_Z,,Q,,2012-Q2,,67.09608,,,,E,,0,,1,
DATAFLOW,OECD.SDD.TPS:DSD_LFS@DF_IALFS_LF_WAP_Q(1.0),,I,CHL,,LF_WAP,,PT_WAP_SUB,,_Z,,Y,,_T,,Y15T64,,_Z,,Q,,2012-Q3,,67.46434,,,,E,,0,,1,
DATAFLOW,OECD.SDD.TPS:DSD_LFS@DF_IALFS_LF_WAP_Q(1.0),,I,CHL,,LF_WAP,,PT_WAP_SUB,,_Z,,Y,,_T,,Y15T64,,_Z,,Q,,2013-Q1,,67.39444,,,,E,,0,,1,
DATAFLOW,OECD.SDD.TPS:DSD_LFS@DF_IALFS_LF_WAP_Q(1.0),,I,CHL,,LF_WAP,,PT_WAP_SUB,,_Z,,Y,,_T,,Y15T64,,_Z,,Q,,2013-Q2,,67.45072,,,,E,,0,,1,
DATAFLOW,OECD.SDD.TPS:DSD_LFS@DF_IALFS_LF_WAP_Q(1.0),,I,CHL,,LF_WAP,,PT_WAP_SUB,,_Z,,Y,,_T,,Y15T64,,_Z,,Q,,2013-Q3,,67.15214,,,,E,,0,,1,
DATAFLOW,OECD.SDD.TPS:DSD_LFS@DF_IALFS_LF_WAP_Q(1.0),,I,CHL,,LF_WAP,,PT_WAP_SUB,,_Z,,Y,,_T,,Y15T64,,_Z,,Q,,2013-Q4,,67.52171,,,,E,,0,,1,
DATAFLOW,OECD.SDD.TPS:DSD_LFS@DF_IALFS_LF_WAP_Q(1.0),,I,CHL,,LF_WAP,,PT_WAP_SUB,,_Z,,Y,,_T,,Y15T64,,_Z,,Q,,2014-Q1,,67.78979,,,,E,,0,,1,
DATAFLOW,OECD.SDD.TPS:DSD_LFS@DF_IALFS_LF_WAP_Q(1.0),,I,CHL,,LF_WAP,,PT_WAP_SUB,,_Z,,Y,,_T,,Y15T64,,_Z,,Q,,2014-Q2,,67.82048,,,,E,,0,,1,
DATAFLOW,OECD.SDD.TPS:DSD_LFS@DF_IALFS_LF_WAP_Q(1.0),,I,CHL,,LF_WAP,,PT_WAP_SUB,,_Z,,Y,,_T,,Y15T64,,_Z,,Q,,2014-Q3,,67.73757,,,,E,,0,,1,
DATAFLOW,OECD.SDD.TPS:DSD_LFS@DF_IALFS_LF_WAP_Q(1.0),,I,CHL,,LF_WAP,,PT_WAP_SUB,,_Z,,Y,,_T,,Y15T64,,_Z,,Q,,2014-Q4,,67.72343,,,,E,,0,,1,
DATAFLOW,OECD.SDD.TPS:DSD_LFS@DF_IALFS_LF_WAP_Q(1.0),,I,CHL,,LF_WAP,,PT_WAP_SUB,,_Z,,Y,,_T,,Y15T64,,_Z,,Q,,2015-Q1,,67.52978,,,,E,,0,,1,
DATAFLOW,OECD.SDD.TPS:DSD_LFS@DF_IALFS_LF_WAP_Q(1.0),,I,CHL,,LF_WAP,,PT_WAP_SUB,,_Z,,Y,,_T,,Y15T64,,_Z,,Q,,2015-Q2,,67.86144,,,,E,,0,,1,
DATAFLOW,OECD.SDD.TPS:DSD_LFS@DF_IALFS_LF_WAP_Q(1.0),,I,CHL,,LF_WAP,,PT_WAP_SUB,,_Z,,Y,,_T,,Y15T64,,_Z,,Q,,2015-Q3,,68.29947,,,,E,,0,,1,
DATAFLOW,OECD.SDD.TPS:DSD_LFS@DF_IALFS_LF_WAP_Q(1.0),,I,CHL,,LF_WAP,,PT_WAP_SUB,,_Z,,Y,,_T,,Y15T64,,_Z,,Q,,2015-Q4,,68.03868,,,,E,,0,,1,
DATAFLOW,OECD.SDD.TPS:DSD_LFS@DF_IALFS_LF_WAP_Q(1.0),,I,CHL,,LF_WAP,,PT_WAP_SUB,,_Z,,Y,,_T,,Y15T64,,_Z,,Q,,2016-Q1,,67.70906,,,,E,,0,,1,
DATAFLOW,OECD.SDD.TPS:DSD_LFS@DF_IALFS_LF_WAP_Q(1.0),,I,CHL,,LF_WAP,,PT_WAP_SUB,,_Z,,Y,,_T,,Y15T64,,_Z,,Q,,2016-Q2,,68.09681,,,,E,,0,,1,
DATAFLOW,OECD.SDD.TPS:DSD_LFS@DF_IALFS_LF_WAP_Q(1.0),,I,CHL,,LF_WAP,,PT_WAP_SUB,,_Z,,Y,,_T,,Y15T64,,_Z,,Q,,2016-Q3,,68.46416,,,,E,,0,,1,
DATAFLOW,OECD.SDD.TPS:DSD_LFS@DF_IALFS_LF_WAP_Q(1.0),,I,CHL,,LF_WAP,,PT_WAP_SUB,,_Z,,Y,,_T,,Y15T64,,_Z,,Q,,2016-Q4,,68.0019,,,,E,,0,,1,
DATAFLOW,OECD.SDD.TPS:DSD_LFS@DF_IALFS_LF_WAP_Q(1.0),,I,CHL,,LF_WAP,,PT_WAP_SUB,,_Z,,Y,,_T,,Y15T64,,_Z,,Q,,2017-Q1,,68.2617,,,,E,,0,,1,
DATAFLOW,OECD.SDD.TPS:DSD_LFS@DF_IALFS_LF_WAP_Q(1.0),,I,CHL,,LF_WAP,,PT_WAP_SUB,,_Z,,Y,,_T,,Y15T64,,_Z,,Q,,2017-Q2,,68.88409,,,,E,,0,,1,
DATAFLOW,OECD.SDD.TPS:DSD_LFS@DF_IALFS_LF_WAP_Q(1.0),,I,CHL,,LF_WAP,,PT_WAP_SUB,,_Z,,Y,,_T,,Y15T64,,_Z,,Q,,2017-Q3,,69.20531,,,,E,,0,,1,
DATAFLOW,OECD.SDD.TPS:DSD_LFS@DF_IALFS_LF_WAP_Q(1.0),,I,CHL,,LF_WAP,,PT_WAP_SUB,,_Z,,Y,,_T,,Y15T64,,_Z,,Q,,2017-Q4,,69.18584,,,,E,,0,,1,
DATAFLOW,OECD.SDD.TPS:DSD_LFS@DF_IALFS_LF_WAP_Q(1.0),,I,CHL,,LF_WAP,,PT_WAP_SUB,,_Z,,Y,,_T,,Y15T64,,_Z,,Q,,2018-Q1,,69.47223,,,,E,,0,,1,
DATAFLOW,OECD.SDD.TPS:DSD_LFS@DF_IALFS_LF_WAP_Q(1.0),,I,CHL,,LF_WAP,,PT_WAP_SUB,,_Z,,Y,,_T,,Y15T64,,_Z,,Q,,2018-Q2,,69.63741,,,,E,,0,,1,
DATAFLOW,OECD.SDD.TPS:DSD_LFS@DF_IALFS_LF_WAP_Q(1.0),,I,CHL,,LF_WAP,,PT_WAP_SUB,,_Z,,Y,,_T,,Y15T64,,_Z,,Q,,2018-Q3,,69.01431,,,,E,,0,,1,
DATAFLOW,OECD.SDD.TPS:DSD_LFS@DF_IALFS_LF_WAP_Q(1.0),,I,CHL,,LF_WAP,,PT_WAP_SUB,,_Z,,Y,,_T,,Y15T64,,_Z,,Q,,2018-Q4,,69.60585,,,,E,,0,,1,
DATAFLOW,OECD.SDD.TPS:DSD_LFS@DF_IALFS_LF_WAP_Q(1.0),,I,CHL,,LF_WAP,,PT_WAP_SUB,,_Z,,Y,,_T,,Y15T64,,_Z,,Q,,2019-Q1,,68.86631,,,,E,,0,,1,
DATAFLOW,OECD.SDD.TPS:DSD_LFS@DF_IALFS_LF_WAP_Q(1.0),,I,CHL,,LF_WAP,,PT_WAP_SUB,,_Z,,Y,,_T,,Y15T64,,_Z,,Q,,2019-Q2,,69.31284,,,,E,,0,,1,
DATAFLOW,OECD.SDD.TPS:DSD_LFS@DF_IALFS_LF_WAP_Q(1.0),,I,CHL,,LF_WAP,,PT_WAP_SUB,,_Z,,Y,,_T,,Y15T64,,_Z,,Q,,2019-Q3,,69.73141,,,,E,,0,,1,
DATAFLOW,OECD.SDD.TPS:DSD_LFS@DF_IALFS_LF_WAP_Q(1.0),,I,CHL,,LF_WAP,,PT_WAP_SUB,,_Z,,Y,,_T,,Y15T64,,_Z,,Q,,2019-Q4,,69.36305,,,,E,,0,,1,
DATAFLOW,OECD.SDD.TPS:DSD_LFS@DF_IALFS_LF_WAP_Q(1.0),,I,CHL,,LF_WAP,,PT_WAP_SUB,,_Z,,Y,,_T,,Y15T64,,_Z,,Q,,2020-Q1,,68.99664,,,,E,,0,,1,
DATAFLOW,OECD.SDD.TPS:DSD_LFS@DF_IALFS_LF_WAP_Q(1.0),,I,CHL,,LF_WAP,,PT_WAP_SUB,,_Z,,Y,,_T,,Y15T64,,_Z,,Q,,2020-Q2,,58.3673,,,,E,,0,,1,
DATAFLOW,OECD.SDD.TPS:DSD_LFS@DF_IALFS_LF_WAP_Q(1.0),,I,CHL,,LF_WAP,,PT_WAP_SUB,,_Z,,Y,,_T,,Y15T64,,_Z,,Q,,2020-Q3,,60.07089,,,,E,,0,,1,
DATAFLOW,OECD.SDD.TPS:DSD_LFS@DF_IALFS_LF_WAP_Q(1.0),,I,CHL,,LF_WAP,,PT_WAP_SUB,,_Z,,Y,,_T,,Y15T64,,_Z,,Q,,2020-Q4,,63.61498,,,,E,,0,,1,
DATAFLOW,OECD.SDD.TPS:DSD_LFS@DF_IALFS_LF_WAP_Q(1.0),,I,CHL,,LF_WAP,,PT_WAP_SUB,,_Z,,Y,,_T,,Y15T64,,_Z,,Q,,2021-Q1,,64.12492,,,,E,,0,,1,
DATAFLOW,OECD.SDD.TPS:DSD_LFS@DF_IALFS_LF_WAP_Q(1.0),,I,CHL,,LF_WAP,,PT_WAP_SUB,,_Z,,Y,,_T,,Y15T64,,_Z,,Q,,2021-Q2,,63.04441,,,,E,,0,,1,
DATAFLOW,OECD.SDD.TPS:DSD_LFS@DF_IALFS_LF_WAP_Q(1.0),,I,CHL,,LF_WAP,,PT_WAP_SUB,,_Z,,Y,,_T,,Y15T64,,_Z,,Q,,2021-Q3,,64.56207,,,,E,,0,,1,
DATAFLOW,OECD.SDD.TPS:DSD_LFS@DF_IALFS_LF_WAP_Q(1.0),,I,CHL,,LF_WAP,,PT_WAP_SUB,,_Z,,Y,,_T,,Y15T64,,_Z,,Q,,2021-Q4,,65.56206,,,,E,,0,,1,
DATAFLOW,OECD.SDD.TPS:DSD_LFS@DF_IALFS_LF_WAP_Q(1.0),,I,CHL,,LF_WAP,,PT_WAP_SUB,,_Z,,Y,,_T,,Y15T64,,_Z,,Q,,2022-Q1,,66.80221,,,,E,,0,,1,
DATAFLOW,OECD.SDD.TPS:DSD_LFS@DF_IALFS_LF_WAP_Q(1.0),,I,CHL,,LF_WAP,,PT_WAP_SUB,,_Z,,Y,,_T,,Y15T64,,_Z,,Q,,2022-Q2,,67.32603,,,,E,,0,,1,
DATAFLOW,OECD.SDD.TPS:DSD_LFS@DF_IALFS_LF_WAP_Q(1.0),,I,CHL,,LF_WAP,,PT_WAP_SUB,,_Z,,Y,,_T,,Y15T64,,_Z,,Q,,2022-Q3,,67.59084,,,,E,,0,,1,
DATAFLOW,OECD.SDD.TPS:DSD_LFS@DF_IALFS_LF_WAP_Q(1.0),,I,CHL,,LF_WAP,,PT_WAP_SUB,,_Z,,Y,,_T,,Y15T64,,_Z,,Q,,2022-Q4,,67.91301,,,,E,,0,,1,
DATAFLOW,OECD.SDD.TPS:DSD_LFS@DF_IALFS_LF_WAP_Q(1.0),,I,CHL,,LF_WAP,,PT_WAP_SUB,,_Z,,Y,,_T,,Y15T64,,_Z,,Q,,2023-Q1,,68.46671,,,,E,,0,,1,
DATAFLOW,OECD.SDD.TPS:DSD_LFS@DF_IALFS_LF_WAP_Q(1.0),,I,CHL,,LF_WAP,,PT_WAP_SUB,,_Z,,Y,,_T,,Y15T64,,_Z,,Q,,2023-Q2,,68.94446,,,,E,,0,,1,
DATAFLOW,OECD.SDD.TPS:DSD_LFS@DF_IALFS_LF_WAP_Q(1.0),,I,CHL,,LF_WAP,,PT_WAP_SUB,,_Z,,Y,,_T,,Y15T64,,_Z,,Q,,2023-Q3,,69.03399,,,,E,,0,,1,
DATAFLOW,OECD.SDD.TPS:DSD_LFS@DF_IALFS_LF_WAP_Q(1.0),,I,CHL,,LF_WAP,,PT_WAP_SUB,,_Z,,Y,,_T,,Y15T64,,_Z,,Q,,2023-Q4,,69.75669,,,,E,,0,,1,
DATAFLOW,OECD.SDD.TPS:DSD_LFS@DF_IALFS_LF_WAP_Q(1.0),,I,CHL,,LF_WAP,,PT_WAP_SUB,,_Z,,Y,,_T,,Y15T64,,_Z,,Q,,2024-Q1,,70.22573,,,,E,,0,,1,
DATAFLOW,OECD.SDD.TPS:DSD_LFS@DF_IALFS_LF_WAP_Q(1.0),,I,CHL,,LF_WAP,,PT_WAP_SUB,,_Z,,Y,,_T,,Y15T64,,_Z,,Q,,2024-Q2,,70.61684,,,,E,,0,,1,
DATAFLOW,OECD.SDD.TPS:DSD_LFS@DF_IALFS_LF_WAP_Q(1.0),,I,CHL,,LF_WAP,,PT_WAP_SUB,,_Z,,Y,,_T,,Y15T64,,_Z,,Q,,2024-Q3,,70.27901,,,,E,,0,,1,
DATAFLOW,OECD.SDD.TPS:DSD_LFS@DF_IALFS_LF_WAP_Q(1.0),,I,CHL,,LF_WAP,,PT_WAP_SUB,,_Z,,Y,,_T,,Y15T64,,_Z,,Q,,2024-Q4,,69.82982,,,,E,,0,,1,
DATAFLOW,OECD.SDD.TPS:DSD_LFS@DF_IALFS_LF_WAP_Q(1.0),,I,CHL,,LF_WAP,,PT_WAP_SUB,,_Z,,Y,,_T,,Y15T64,,_Z,,Q,,2025-Q1,,70.50002,,,,E,,0,,1,
DATAFLOW,OECD.SDD.TPS:DSD_LFS@DF_IALFS_LF_WAP_Q(1.0),,I,CHL,,LF_WAP,,PT_WAP_SUB,,_Z,,Y,,_T,,Y15T64,,_Z,,Q,,2025-Q2,,70.56123,,,,E,,0,,1,
DATAFLOW,OECD.SDD.TPS:DSD_LFS@DF_IALFS_LF_WAP_Q(1.0),,I,CHL,,LF_WAP,,PT_WAP_SUB,,_Z,,Y,,_T,,Y15T64,,_Z,,Q,,2025-Q3,,70.65675,,,,E,,0,,1,
DATAFLOW,OECD.SDD.TPS:DSD_LFS@DF_IALFS_LF_WAP_Q(1.0),,I,CHL,,LF_WAP,,PT_WAP_SUB,,_Z,,Y,,_T,,Y15T64,,_Z,,Q,,2025-Q4,,70.54707,,,,E,,0,,1,
DATAFLOW,OECD.SDD.TPS:DSD_LFS@DF_IALFS_LF_WAP_Q(1.0),,I,CHL,,LF_WAP,,PT_WAP_SUB,,_Z,,Y,,_T,,Y15T64,,_Z,,Q,,2026-Q1,,70.6161,,,,E,,0,,1,
DATAFLOW,OECD.SDD.TPS:DSD_LFS@DF_IALFS_LF_WAP_Q(1.0),,I,CHL,,LF_WAP,,PT_WAP_SUB,,_Z,,Y,,_T,,Y15T64,,_Z,,Q,,2026-Q2,,71.21586,,,,E,,0,,1,
DATAFLOW,OECD.SDD.TPS:DSD_LFS@DF_IALFS_LF_WAP_Q(1.0),,I,OECD,,LF_WAP,,PT_WAP_SUB,,_Z,,Y,,_T,,Y15T64,,_Z,,Q,,2008-Q1,,70.62749,,,,E,,0,,1,
DATAFLOW,OECD.SDD.TPS:DSD_LFS@DF_IALFS_LF_WAP_Q(1.0),,I,OECD,,LF_WAP,,PT_WAP_SUB,,_Z,,Y,,_T,,Y15T64,,_Z,,Q,,2009-Q1,,70.39314,,,,E,,0,,1,
DATAFLOW,OECD.SDD.TPS:DSD_LFS@DF_IALFS_LF_WAP_Q(1.0),,I,OECD,,LF_WAP,,PT_WAP_SUB,,_Z,,Y,,_T,,Y15T64,,_Z,,Q,,2010-Q4,,70.311,,,,E,,0,,1,
DATAFLOW,OECD.SDD.TPS:DSD_LFS@DF_IALFS_LF_WAP_Q(1.0),,I,OECD,,LF_WAP,,PT_WAP_SUB,,_Z,,Y,,_T,,Y15T64,,_Z,,Q,,2012-Q4,,70.88311,,,,E,,0,,1,
DATAFLOW,OECD.SDD.TPS:DSD_LFS@DF_IALFS_LF_WAP_Q(1.0),,I,OECD,,LF_WAP,,PT_WAP_SUB,,_Z,,Y,,_T,,Y15T64,,_Z,,Q,,2014-Q2,,71.0499,,,,E,,0,,1,
DATAFLOW,OECD.SDD.TPS:DSD_LFS@DF_IALFS_LF_WAP_Q(1.0),,I,OECD,,LF_WAP,,PT_WAP_SUB,,_Z,,Y,,_T,,Y15T64,,_Z,,Q,,2015-Q4,,71.4733,,,,E,,0,,1,
DATAFLOW,OECD.SDD.TPS:DSD_LFS@DF_IALFS_LF_WAP_Q(1.0),,I,OECD,,LF_WAP,,PT_WAP_SUB,,_Z,,Y,,_T,,Y15T64,,_Z,,Q,,2017-Q2,,72.00159,,,,E,,0,,1,
DATAFLOW,OECD.SDD.TPS:DSD_LFS@DF_IALFS_LF_WAP_Q(1.0),,I,OECD,,LF_WAP,,PT_WAP_SUB,,_Z,,Y,,_T,,Y15T64,,_Z,,Q,,2008-Q2,,70.6993,,,,E,,0,,1,
DATAFLOW,OECD.SDD.TPS:DSD_LFS@DF_IALFS_LF_WAP_Q(1.0),,I,OECD,,LF_WAP,,PT_WAP_SUB,,_Z,,Y,,_T,,Y15T64,,_Z,,Q,,2008-Q3,,70.67905,,,,E,,0,,1,
DATAFLOW,OECD.SDD.TPS:DSD_LFS@DF_IALFS_LF_WAP_Q(1.0),,I,OECD,,LF_WAP,,PT_WAP_SUB,,_Z,,Y,,_T,,Y15T64,,_Z,,Q,,2008-Q4,,70.60172,,,,E,,0,,1,
DATAFLOW,OECD.SDD.TPS:DSD_LFS@DF_IALFS_LF_WAP_Q(1.0),,I,OECD,,LF_WAP,,PT_WAP_SUB,,_Z,,Y,,_T,,Y15T64,,_Z,,Q,,2009-Q2,,70.43098,,,,E,,0,,1,
DATAFLOW,OECD.SDD.TPS:DSD_LFS@DF_IALFS_LF_WAP_Q(1.0),,I,OECD,,LF_WAP,,PT_WAP_SUB,,_Z,,Y,,_T,,Y15T64,,_Z,,Q,,2009-Q3,,70.41358,,,,E,,0,,1,
DATAFLOW,OECD.SDD.TPS:DSD_LFS@DF_IALFS_LF_WAP_Q(1.0),,I,OECD,,LF_WAP,,PT_WAP_SUB,,_Z,,Y,,_T,,Y15T64,,_Z,,Q,,2009-Q4,,70.34987,,,,E,,0,,1,
DATAFLOW,OECD.SDD.TPS:DSD_LFS@DF_IALFS_LF_WAP_Q(1.0),,I,OECD,,LF_WAP,,PT_WAP_SUB,,_Z,,Y,,_T,,Y15T64,,_Z,,Q,,2010-Q1,,70.40511,,,,E,,0,,1,
DATAFLOW,OECD.SDD.TPS:DSD_LFS@DF_IALFS_LF_WAP_Q(1.0),,I,OECD,,LF_WAP,,PT_WAP_SUB,,_Z,,Y,,_T,,Y15T64,,_Z,,Q,,2010-Q2,,70.46386,,,,E,,0,,1,
DATAFLOW,OECD.SDD.TPS:DSD_LFS@DF_IALFS_LF_WAP_Q(1.0),,I,OECD,,LF_WAP,,PT_WAP_SUB,,_Z,,Y,,_T,,Y15T64,,_Z,,Q,,2010-Q3,,70.43398,,,,E,,0,,1,
DATAFLOW,OECD.SDD.TPS:DSD_LFS@DF_IALFS_LF_WAP_Q(1.0),,I,OECD,,LF_WAP,,PT_WAP_SUB,,_Z,,Y,,_T,,Y15T64,,_Z,,Q,,2011-Q1,,70.40013,,,,E,,0,,1,
DATAFLOW,OECD.SDD.TPS:DSD_LFS@DF_IALFS_LF_WAP_Q(1.0),,I,OECD,,LF_WAP,,PT_WAP_SUB,,_Z,,Y,,_T,,Y15T64,,_Z,,Q,,2011-Q2,,70.46418,,,,E,,0,,1,
DATAFLOW,OECD.SDD.TPS:DSD_LFS@DF_IALFS_LF_WAP_Q(1.0),,I,OECD,,LF_WAP,,PT_WAP_SUB,,_Z,,Y,,_T,,Y15T64,,_Z,,Q,,2011-Q3,,70.48264,,,,E,,0,,1,
DATAFLOW,OECD.SDD.TPS:DSD_LFS@DF_IALFS_LF_WAP_Q(1.0),,I,OECD,,LF_WAP,,PT_WAP_SUB,,_Z,,Y,,_T,,Y15T64,,_Z,,Q,,2011-Q4,,70.62289,,,,E,,0,,1,
DATAFLOW,OECD.SDD.TPS:DSD_LFS@DF_IALFS_LF_WAP_Q(1.0),,I,OECD,,LF_WAP,,PT_WAP_SUB,,_Z,,Y,,_T,,Y15T64,,_Z,,Q,,2012-Q1,,70.57124,,,,E,,0,,1,
DATAFLOW,OECD.SDD.TPS:DSD_LFS@DF_IALFS_LF_WAP_Q(1.0),,I,OECD,,LF_WAP,,PT_WAP_SUB,,_Z,,Y,,_T,,Y15T64,,_Z,,Q,,2012-Q2,,70.77846,,,,E,,0,,1,
DATAFLOW,OECD.SDD.TPS:DSD_LFS@DF_IALFS_LF_WAP_Q(1.0),,I,OECD,,LF_WAP,,PT_WAP_SUB,,_Z,,Y,,_T,,Y15T64,,_Z,,Q,,2012-Q3,,70.81303,,,,E,,0,,1,
DATAFLOW,OECD.SDD.TPS:DSD_LFS@DF_IALFS_LF_WAP_Q(1.0),,I,OECD,,LF_WAP,,PT_WAP_SUB,,_Z,,Y,,_T,,Y15T64,,_Z,,Q,,2013-Q1,,70.80556,,,,E,,0,,1,
DATAFLOW,OECD.SDD.TPS:DSD_LFS@DF_IALFS_LF_WAP_Q(1.0),,I,OECD,,LF_WAP,,PT_WAP_SUB,,_Z,,Y,,_T,,Y15T64,,_Z,,Q,,2013-Q2,,70.96436,,,,E,,0,,1,
DATAFLOW,OECD.SDD.TPS:DSD_LFS@DF_IALFS_LF_WAP_Q(1.0),,I,OECD,,LF_WAP,,PT_WAP_SUB,,_Z,,Y,,_T,,Y15T64,,_Z,,Q,,2013-Q3,,70.97583,,,,E,,0,,1,
DATAFLOW,OECD.SDD.TPS:DSD_LFS@DF_IALFS_LF_WAP_Q(1.0),,I,OECD,,LF_WAP,,PT_WAP_SUB,,_Z,,Y,,_T,,Y15T64,,_Z,,Q,,2013-Q4,,70.95605,,,,E,,0,,1,
DATAFLOW,OECD.SDD.TPS:DSD_LFS@DF_IALFS_LF_WAP_Q(1.0),,I,OECD,,LF_WAP,,PT_WAP_SUB,,_Z,,Y,,_T,,Y15T64,,_Z,,Q,,2014-Q1,,71.06337,,,,E,,0,,1,
DATAFLOW,OECD.SDD.TPS:DSD_LFS@DF_IALFS_LF_WAP_Q(1.0),,I,OECD,,LF_WAP,,PT_WAP_SUB,,_Z,,Y,,_T,,Y15T64,,_Z,,Q,,2014-Q3,,71.13497,,,,E,,0,,1,
DATAFLOW,OECD.SDD.TPS:DSD_LFS@DF_IALFS_LF_WAP_Q(1.0),,I,OECD,,LF_WAP,,PT_WAP_SUB,,_Z,,Y,,_T,,Y15T64,,_Z,,Q,,2014-Q4,,71.18598,,,,E,,0,,1,
DATAFLOW,OECD.SDD.TPS:DSD_LFS@DF_IALFS_LF_WAP_Q(1.0),,I,OECD,,LF_WAP,,PT_WAP_SUB,,_Z,,Y,,_T,,Y15T64,,_Z,,Q,,2015-Q1,,71.19732,,,,E,,0,,1,
DATAFLOW,OECD.SDD.TPS:DSD_LFS@DF_IALFS_LF_WAP_Q(1.0),,I,OECD,,LF_WAP,,PT_WAP_SUB,,_Z,,Y,,_T,,Y15T64,,_Z,,Q,,2015-Q2,,71.26375,,,,E,,0,,1,
DATAFLOW,OECD.SDD.TPS:DSD_LFS@DF_IALFS_LF_WAP_Q(1.0),,I,OECD,,LF_WAP,,PT_WAP_SUB,,_Z,,Y,,_T,,Y15T64,,_Z,,Q,,2015-Q3,,71.28369,,,,E,,0,,1,
DATAFLOW,OECD.SDD.TPS:DSD_LFS@DF_IALFS_LF_WAP_Q(1.0),,I,OECD,,LF_WAP,,PT_WAP_SUB,,_Z,,Y,,_T,,Y15T64,,_Z,,Q,,2016-Q1,,71.54744,,,,E,,0,,1,
DATAFLOW,OECD.SDD.TPS:DSD_LFS@DF_IALFS_LF_WAP_Q(1.0),,I,OECD,,LF_WAP,,PT_WAP_SUB,,_Z,,Y,,_T,,Y15T64,,_Z,,Q,,2016-Q2,,71.60888,,,,E,,0,,1,
DATAFLOW,OECD.SDD.TPS:DSD_LFS@DF_IALFS_LF_WAP_Q(1.0),,I,OECD,,LF_WAP,,PT_WAP_SUB,,_Z,,Y,,_T,,Y15T64,,_Z,,Q,,2016-Q3,,71.7317,,,,E,,0,,1,
DATAFLOW,OECD.SDD.TPS:DSD_LFS@DF_IALFS_LF_WAP_Q(1.0),,I,OECD,,LF_WAP,,PT_WAP_SUB,,_Z,,Y,,_T,,Y15T64,,_Z,,Q,,2016-Q4,,71.79136,,,,E,,0,,1,
DATAFLOW,OECD.SDD.TPS:DSD_LFS@DF_IALFS_LF_WAP_Q(1.0),,I,OECD,,LF_WAP,,PT_WAP_SUB,,_Z,,Y,,_T,,Y15T64,,_Z,,Q,,2017-Q1,,71.90028,,,,E,,0,,1,
DATAFLOW,OECD.SDD.TPS:DSD_LFS@DF_IALFS_LF_WAP_Q(1.0),,I,OECD,,LF_WAP,,PT_WAP_SUB,,_Z,,Y,,_T,,Y15T64,,_Z,,Q,,2017-Q3,,72.09821,,,,E,,0,,1,
DATAFLOW,OECD.SDD.TPS:DSD_LFS@DF_IALFS_LF_WAP_Q(1.0),,I,OECD,,LF_WAP,,PT_WAP_SUB,,_Z,,Y,,_T,,Y15T64,,_Z,,Q,,2017-Q4,,72.13224,,,,E,,0,,1,
DATAFLOW,OECD.SDD.TPS:DSD_LFS@DF_IALFS_LF_WAP_Q(1.0),,I,OECD,,LF_WAP,,PT_WAP_SUB,,_Z,,Y,,_T,,Y15T64,,_Z,,Q,,2018-Q1,,72.24051,,,,E,,0,,1,
DATAFLOW,OECD.SDD.TPS:DSD_LFS@DF_IALFS_LF_WAP_Q(1.0),,I,OECD,,LF_WAP,,PT_WAP_SUB,,_Z,,Y,,_T,,Y15T64,,_Z,,Q,,2018-Q2,,72.38538,,,,E,,0,,1,
DATAFLOW,OECD.SDD.TPS:DSD_LFS@DF_IALFS_LF_WAP_Q(1.0),,I,OECD,,LF_WAP,,PT_WAP_SUB,,_Z,,Y,,_T,,Y15T64,,_Z,,Q,,2018-Q3,,72.43078,,,,E,,0,,1,
DATAFLOW,OECD.SDD.TPS:DSD_LFS@DF_IALFS_LF_WAP_Q(1.0),,I,OECD,,LF_WAP,,PT_WAP_SUB,,_Z,,Y,,_T,,Y15T64,,_Z,,Q,,2018-Q4,,72.54665,,,,E,,0,,1,
DATAFLOW,OECD.SDD.TPS:DSD_LFS@DF_IALFS_LF_WAP_Q(1.0),,I,OECD,,LF_WAP,,PT_WAP_SUB,,_Z,,Y,,_T,,Y15T64,,_Z,,Q,,2019-Q1,,72.69633,,,,E,,0,,1,
DATAFLOW,OECD.SDD.TPS:DSD_LFS@DF_IALFS_LF_WAP_Q(1.0),,I,OECD,,LF_WAP,,PT_WAP_SUB,,_Z,,Y,,_T,,Y15T64,,_Z,,Q,,2019-Q2,,72.69602,,,,E,,0,,1,
DATAFLOW,OECD.SDD.TPS:DSD_LFS@DF_IALFS_LF_WAP_Q(1.0),,I,OECD,,LF_WAP,,PT_WAP_SUB,,_Z,,Y,,_T,,Y15T64,,_Z,,Q,,2019-Q3,,72.78915,,,,E,,0,,1,
DATAFLOW,OECD.SDD.TPS:DSD_LFS@DF_IALFS_LF_WAP_Q(1.0),,I,OECD,,LF_WAP,,PT_WAP_SUB,,_Z,,Y,,_T,,Y15T64,,_Z,,Q,,2019-Q4,,72.87794,,,,E,,0,,1,
DATAFLOW,OECD.SDD.TPS:DSD_LFS@DF_IALFS_LF_WAP_Q(1.0),,I,OECD,,LF_WAP,,PT_WAP_SUB,,_Z,,Y,,_T,,Y15T64,,_Z,,Q,,2020-Q1,,72.53079,,,,E,,0,,1,
DATAFLOW,OECD.SDD.TPS:DSD_LFS@DF_IALFS_LF_WAP_Q(1.0),,I,OECD,,LF_WAP,,PT_WAP_SUB,,_Z,,Y,,_T,,Y15T64,,_Z,,Q,,2020-Q2,,69.4061,,,,E,,0,,1,
DATAFLOW,OECD.SDD.TPS:DSD_LFS@DF_IALFS_LF_WAP_Q(1.0),,I,OECD,,LF_WAP,,PT_WAP_SUB,,_Z,,Y,,_T,,Y15T64,,_Z,,Q,,2020-Q3,,71.10263,,,,E,,0,,1,
DATAFLOW,OECD.SDD.TPS:DSD_LFS@DF_IALFS_LF_WAP_Q(1.0),,I,OECD,,LF_WAP,,PT_WAP_SUB,,_Z,,Y,,_T,,Y15T64,,_Z,,Q,,2020-Q4,,71.62518,,,,E,,0,,1,
DATAFLOW,OECD.SDD.TPS:DSD_LFS@DF_IALFS_LF_WAP_Q(1.0),,I,OECD,,LF_WAP,,PT_WAP_SUB,,_Z,,Y,,_T,,Y15T64,,_Z,,Q,,2021-Q1,,71.67762,,,,E,,0,,1,
DATAFLOW,OECD.SDD.TPS:DSD_LFS@DF_IALFS_LF_WAP_Q(1.0),,I,OECD,,LF_WAP,,PT_WAP_SUB,,_Z,,Y,,_T,,Y15T64,,_Z,,Q,,2021-Q2,,72.11843,,,,E,,0,,1,
DATAFLOW,OECD.SDD.TPS:DSD_LFS@DF_IALFS_LF_WAP_Q(1.0),,I,OECD,,LF_WAP,,PT_WAP_SUB,,_Z,,Y,,_T,,Y15T64,,_Z,,Q,,2021-Q3,,72.49674,,,,E,,0,,1,
DATAFLOW,OECD.SDD.TPS:DSD_LFS@DF_IALFS_LF_WAP_Q(1.0),,I,OECD,,LF_WAP,,PT_WAP_SUB,,_Z,,Y,,_T,,Y15T64,,_Z,,Q,,2021-Q4,,72.67484,,,,E,,0,,1,
DATAFLOW,OECD.SDD.TPS:DSD_LFS@DF_IALFS_LF_WAP_Q(1.0),,I,OECD,,LF_WAP,,PT_WAP_SUB,,_Z,,Y,,_T,,Y15T64,,_Z,,Q,,2022-Q1,,72.85114,,,,E,,0,,1,
DATAFLOW,OECD.SDD.TPS:DSD_LFS@DF_IALFS_LF_WAP_Q(1.0),,I,OECD,,LF_WAP,,PT_WAP_SUB,,_Z,,Y,,_T,,Y15T64,,_Z,,Q,,2022-Q2,,73.10699,,,,E,,0,,1,
DATAFLOW,OECD.SDD.TPS:DSD_LFS@DF_IALFS_LF_WAP_Q(1.0),,I,OECD,,LF_WAP,,PT_WAP_SUB,,_Z,,Y,,_T,,Y15T64,,_Z,,Q,,2022-Q3,,73.14427,,,,E,,0,,1,
DATAFLOW,OECD.SDD.TPS:DSD_LFS@DF_IALFS_LF_WAP_Q(1.0),,I,OECD,,LF_WAP,,PT_WAP_SUB,,_Z,,Y,,_T,,Y15T64,,_Z,,Q,,2022-Q4,,73.32132,,,,E,,0,,1,
DATAFLOW,OECD.SDD.TPS:DSD_LFS@DF_IALFS_LF_WAP_Q(1.0),,I,OECD,,LF_WAP,,PT_WAP_SUB,,_Z,,Y,,_T,,Y15T64,,_Z,,Q,,2023-Q1,,73.55187,,,,E,,0,,1,
DATAFLOW,OECD.SDD.TPS:DSD_LFS@DF_IALFS_LF_WAP_Q(1.0),,I,OECD,,LF_WAP,,PT_WAP_SUB,,_Z,,Y,,_T,,Y15T64,,_Z,,Q,,2023-Q2,,73.64939,,,,E,,0,,1,
DATAFLOW,OECD.SDD.TPS:DSD_LFS@DF_IALFS_LF_WAP_Q(1.0),,I,OECD,,LF_WAP,,PT_WAP_SUB,,_Z,,Y,,_T,,Y15T64,,_Z,,Q,,2023-Q3,,73.75687,,,,E,,0,,1,
DATAFLOW,OECD.SDD.TPS:DSD_LFS@DF_IALFS_LF_WAP_Q(1.0),,I,OECD,,LF_WAP,,PT_WAP_SUB,,_Z,,Y,,_T,,Y15T64,,_Z,,Q,,2023-Q4,,73.79627,,,,E,,0,,1,
DATAFLOW,OECD.SDD.TPS:DSD_LFS@DF_IALFS_LF_WAP_Q(1.0),,I,OECD,,LF_WAP,,PT_WAP_SUB,,_Z,,Y,,_T,,Y15T64,,_Z,,Q,,2024-Q1,,73.91027,,,,E,,0,,1,
DATAFLOW,OECD.SDD.TPS:DSD_LFS@DF_IALFS_LF_WAP_Q(1.0),,I,OECD,,LF_WAP,,PT_WAP_SUB,,_Z,,Y,,_T,,Y15T64,,_Z,,Q,,2024-Q2,,73.95358,,,,E,,0,,1,
DATAFLOW,OECD.SDD.TPS:DSD_LFS@DF_IALFS_LF_WAP_Q(1.0),,I,OECD,,LF_WAP,,PT_WAP_SUB,,_Z,,Y,,_T,,Y15T64,,_Z,,Q,,2024-Q3,,74.02003,,,,E,,0,,1,
DATAFLOW,OECD.SDD.TPS:DSD_LFS@DF_IALFS_LF_WAP_Q(1.0),,I,OECD,,LF_WAP,,PT_WAP_SUB,,_Z,,Y,,_T,,Y15T64,,_Z,,Q,,2024-Q4,,73.92941,,,,E,,0,,1,
DATAFLOW,OECD.SDD.TPS:DSD_LFS@DF_IALFS_LF_WAP_Q(1.0),,I,OECD,,LF_WAP,,PT_WAP_SUB,,_Z,,Y,,_T,,Y15T64,,_Z,,Q,,2025-Q1,,74.09711,,,,E,,0,,1,
DATAFLOW,OECD.SDD.TPS:DSD_LFS@DF_IALFS_LF_WAP_Q(1.0),,I,OECD,,LF_WAP,,PT_WAP_SUB,,_Z,,Y,,_T,,Y15T64,,_Z,,Q,,2025-Q2,,74.11867,,,,E,,0,,1,
DATAFLOW,OECD.SDD.TPS:DSD_LFS@DF_IALFS_LF_WAP_Q(1.0),,I,OECD,,LF_WAP,,PT_WAP_SUB,,_Z,,Y,,_T,,Y15T64,,_Z,,Q,,2025-Q3,,74.1087,,,,E,,0,,1,
DATAFLOW,OECD.SDD.TPS:DSD_LFS@DF_IALFS_LF_WAP_Q(1.0),,I,OECD,,LF_WAP,,PT_WAP_SUB,,_Z,,Y,,_T,,Y15T64,,_Z,,Q,,2025-Q4,,74.21963,,,,E,,0,,1,
DATAFLOW,OECD.SDD.TPS:DSD_LFS@DF_IALFS_LF_WAP_Q(1.0),,I,OECD,,LF_WAP,,PT_WAP_SUB,,_Z,,Y,,_T,,Y15T64,,_Z,,Q,,2026-Q1,,74.17596,,,,E,,0,,1,
DATAFLOW,OECD.SDD.TPS:DSD_LFS@DF_IALFS_LF_WAP_Q(1.0),,I,CAN,,LF_WAP,,PT_WAP_SUB,,_Z,,Y,,_T,,Y15T64,,_Z,,Q,,2026-Q2,,79.96667,,,,A,,0,,1,
DATAFLOW,OECD.SDD.TPS:DSD_LFS@DF_IALFS_LF_WAP_Q(1.0),,I,ISR,,LF_WAP,,PT_WAP_SUB,,_Z,,Y,,_T,,Y15T64,,_Z,,Q,,2026-Q2,,71.16088,,,,A,,0,,1,
DATAFLOW,OECD.SDD.TPS:DSD_LFS@DF_IALFS_LF_WAP_Q(1.0),,I,KOR,,LF_WAP,,PT_WAP_SUB,,_Z,,Y,,_T,,Y15T64,,_Z,,Q,,2009-Q1,,65.46364,,,,A,,0,,1,
DATAFLOW,OECD.SDD.TPS:DSD_LFS@DF_IALFS_LF_WAP_Q(1.0),,I,KOR,,LF_WAP,,PT_WAP_SUB,,_Z,,Y,,_T,,Y15T64,,_Z,,Q,,1999-Q3,,64.32215,,,,A,,0,,1,
DATAFLOW,OECD.SDD.TPS:DSD_LFS@DF_IALFS_LF_WAP_Q(1.0),,I,KOR,,LF_WAP,,PT_WAP_SUB,,_Z,,Y,,_T,,Y15T64,,_Z,,Q,,1999-Q4,,64.47111,,,,A,,0,,1,
DATAFLOW,OECD.SDD.TPS:DSD_LFS@DF_IALFS_LF_WAP_Q(1.0),,I,KOR,,LF_WAP,,PT_WAP_SUB,,_Z,,Y,,_T,,Y15T64,,_Z,,Q,,2000-Q1,,64.30161,,,,A,,0,,1,
DATAFLOW,OECD.SDD.TPS:DSD_LFS@DF_IALFS_LF_WAP_Q(1.0),,I,KOR,,LF_WAP,,PT_WAP_SUB,,_Z,,Y,,_T,,Y15T64,,_Z,,Q,,2000-Q2,,64.23734,,,,A,,0,,1,
DATAFLOW,OECD.SDD.TPS:DSD_LFS@DF_IALFS_LF_WAP_Q(1.0),,I,KOR,,LF_WAP,,PT_WAP_SUB,,_Z,,Y,,_T,,Y15T64,,_Z,,Q,,2000-Q3,,64.70286,,,,A,,0,,1,
DATAFLOW,OECD.SDD.TPS:DSD_LFS@DF_IALFS_LF_WAP_Q(1.0),,I,KOR,,LF_WAP,,PT_WAP_SUB,,_Z,,Y,,_T,,Y15T64,,_Z,,Q,,2000-Q4,,64.6665,,,,A,,0,,1,
DATAFLOW,OECD.SDD.TPS:DSD_LFS@DF_IALFS_LF_WAP_Q(1.0),,I,KOR,,LF_WAP,,PT_WAP_SUB,,_Z,,Y,,_T,,Y15T64,,_Z,,Q,,2001-Q1,,64.34037,,,,A,,0,,1,
DATAFLOW,OECD.SDD.TPS:DSD_LFS@DF_IALFS_LF_WAP_Q(1.0),,I,KOR,,LF_WAP,,PT_WAP_SUB,,_Z,,Y,,_T,,Y15T64,,_Z,,Q,,2001-Q2,,65.01787,,,,A,,0,,1,
DATAFLOW,OECD.SDD.TPS:DSD_LFS@DF_IALFS_LF_WAP_Q(1.0),,I,KOR,,LF_WAP,,PT_WAP_SUB,,_Z,,Y,,_T,,Y15T64,,_Z,,Q,,2001-Q3,,65.05363,,,,A,,0,,1,
DATAFLOW,OECD.SDD.TPS:DSD_LFS@DF_IALFS_LF_WAP_Q(1.0),,I,KOR,,LF_WAP,,PT_WAP_SUB,,_Z,,Y,,_T,,Y15T64,,_Z,,Q,,2001-Q4,,65.22414,,,,A,,0,,1,
DATAFLOW,OECD.SDD.TPS:DSD_LFS@DF_IALFS_LF_WAP_Q(1.0),,I,KOR,,LF_WAP,,PT_WAP_SUB,,_Z,,Y,,_T,,Y15T64,,_Z,,Q,,2002-Q1,,65.58133,,,,A,,0,,1,
DATAFLOW,OECD.SDD.TPS:DSD_LFS@DF_IALFS_LF_WAP_Q(1.0),,I,KOR,,LF_WAP,,PT_WAP_SUB,,_Z,,Y,,_T,,Y15T64,,_Z,,Q,,2002-Q2,,65.72688,,,,A,,0,,1,
DATAFLOW,OECD.SDD.TPS:DSD_LFS@DF_IALFS_LF_WAP_Q(1.0),,I,KOR,,LF_WAP,,PT_WAP_SUB,,_Z,,Y,,_T,,Y15T64,,_Z,,Q,,2002-Q3,,65.721,,,,A,,0,,1,
DATAFLOW,OECD.SDD.TPS:DSD_LFS@DF_IALFS_LF_WAP_Q(1.0),,I,KOR,,LF_WAP,,PT_WAP_SUB,,_Z,,Y,,_T,,Y15T64,,_Z,,Q,,2002-Q4,,65.55382,,,,A,,0,,1,
DATAFLOW,OECD.SDD.TPS:DSD_LFS@DF_IALFS_LF_WAP_Q(1.0),,I,KOR,,LF_WAP,,PT_WAP_SUB,,_Z,,Y,,_T,,Y15T64,,_Z,,Q,,2003-Q1,,65.42155,,,,A,,0,,1,
DATAFLOW,OECD.SDD.TPS:DSD_LFS@DF_IALFS_LF_WAP_Q(1.0),,I,KOR,,LF_WAP,,PT_WAP_SUB,,_Z,,Y,,_T,,Y15T64,,_Z,,Q,,2003-Q2,,65.31841,,,,A,,0,,1,
DATAFLOW,OECD.SDD.TPS:DSD_LFS@DF_IALFS_LF_WAP_Q(1.0),,I,KOR,,LF_WAP,,PT_WAP_SUB,,_Z,,Y,,_T,,Y15T64,,_Z,,Q,,2003-Q3,,65.45135,,,,A,,0,,1,
DATAFLOW,OECD.SDD.TPS:DSD_LFS@DF_IALFS_LF_WAP_Q(1.0),,I,KOR,,LF_WAP,,PT_WAP_SUB,,_Z,,Y,,_T,,Y15T64,,_Z,,Q,,2003-Q4,,65.70412,,,,A,,0,,1,
DATAFLOW,OECD.SDD.TPS:DSD_LFS@DF_IALFS_LF_WAP_Q(1.0),,I,KOR,,LF_WAP,,PT_WAP_SUB,,_Z,,Y,,_T,,Y15T64,,_Z,,Q,,2004-Q1,,66.41896,,,,A,,0,,1,
DATAFLOW,OECD.SDD.TPS:DSD_LFS@DF_IALFS_LF_WAP_Q(1.0),,I,KOR,,LF_WAP,,PT_WAP_SUB,,_Z,,Y,,_T,,Y15T64,,_Z,,Q,,2004-Q2,,66.19233,,,,A,,0,,1,
DATAFLOW,OECD.SDD.TPS:DSD_LFS@DF_IALFS_LF_WAP_Q(1.0),,I,KOR,,LF_WAP,,PT_WAP_SUB,,_Z,,Y,,_T,,Y15T64,,_Z,,Q,,2004-Q3,,66.17406,,,,A,,0,,1,
DATAFLOW,OECD.SDD.TPS:DSD_LFS@DF_IALFS_LF_WAP_Q(1.0),,I,KOR,,LF_WAP,,PT_WAP_SUB,,_Z,,Y,,_T,,Y15T64,,_Z,,Q,,2004-Q4,,66.42887,,,,A,,0,,1,
DATAFLOW,OECD.SDD.TPS:DSD_LFS@DF_IALFS_LF_WAP_Q(1.0),,I,KOR,,LF_WAP,,PT_WAP_SUB,,_Z,,Y,,_T,,Y15T64,,_Z,,Q,,2005-Q1,,66.37888,,,,A,,0,,1,
DATAFLOW,OECD.SDD.TPS:DSD_LFS@DF_IALFS_LF_WAP_Q(1.0),,I,KOR,,LF_WAP,,PT_WAP_SUB,,_Z,,Y,,_T,,Y15T64,,_Z,,Q,,2005-Q2,,66.34712,,,,A,,0,,1,
DATAFLOW,OECD.SDD.TPS:DSD_LFS@DF_IALFS_LF_WAP_Q(1.0),,I,KOR,,LF_WAP,,PT_WAP_SUB,,_Z,,Y,,_T,,Y15T64,,_Z,,Q,,2005-Q3,,66.30934,,,,A,,0,,1,
DATAFLOW,OECD.SDD.TPS:DSD_LFS@DF_IALFS_LF_WAP_Q(1.0),,I,KOR,,LF_WAP,,PT_WAP_SUB,,_Z,,Y,,_T,,Y15T64,,_Z,,Q,,2005-Q4,,66.34737,,,,A,,0,,1,
DATAFLOW,OECD.SDD.TPS:DSD_LFS@DF_IALFS_LF_WAP_Q(1.0),,I,KOR,,LF_WAP,,PT_WAP_SUB,,_Z,,Y,,_T,,Y15T64,,_Z,,Q,,2006-Q1,,66.46758,,,,A,,0,,1,
DATAFLOW,OECD.SDD.TPS:DSD_LFS@DF_IALFS_LF_WAP_Q(1.0),,I,KOR,,LF_WAP,,PT_WAP_SUB,,_Z,,Y,,_T,,Y15T64,,_Z,,Q,,2006-Q2,,66.40308,,,,A,,0,,1,
DATAFLOW,OECD.SDD.TPS:DSD_LFS@DF_IALFS_LF_WAP_Q(1.0),,I,KOR,,LF_WAP,,PT_WAP_SUB,,_Z,,Y,,_T,,Y15T64,,_Z,,Q,,2006-Q3,,66.33499,,,,A,,0,,1,
DATAFLOW,OECD.SDD.TPS:DSD_LFS@DF_IALFS_LF_WAP_Q(1.0),,I,KOR,,LF_WAP,,PT_WAP_SUB,,_Z,,Y,,_T,,Y15T64,,_Z,,Q,,2006-Q4,,66.38057,,,,A,,0,,1,
DATAFLOW,OECD.SDD.TPS:DSD_LFS@DF_IALFS_LF_WAP_Q(1.0),,I,KOR,,LF_WAP,,PT_WAP_SUB,,_Z,,Y,,_T,,Y15T64,,_Z,,Q,,2007-Q1,,66.42538,,,,A,,0,,1,
DATAFLOW,OECD.SDD.TPS:DSD_LFS@DF_IALFS_LF_WAP_Q(1.0),,I,KOR,,LF_WAP,,PT_WAP_SUB,,_Z,,Y,,_T,,Y15T64,,_Z,,Q,,2007-Q2,,66.42233,,,,A,,0,,1,
DATAFLOW,OECD.SDD.TPS:DSD_LFS@DF_IALFS_LF_WAP_Q(1.0),,I,KOR,,LF_WAP,,PT_WAP_SUB,,_Z,,Y,,_T,,Y15T64,,_Z,,Q,,2007-Q3,,66.38391,,,,A,,0,,1,
DATAFLOW,OECD.SDD.TPS:DSD_LFS@DF_IALFS_LF_WAP_Q(1.0),,I,KOR,,LF_WAP,,PT_WAP_SUB,,_Z,,Y,,_T,,Y15T64,,_Z,,Q,,2007-Q4,,66.42323,,,,A,,0,,1,
DATAFLOW,OECD.SDD.TPS:DSD_LFS@DF_IALFS_LF_WAP_Q(1.0),,I,KOR,,LF_WAP,,PT_WAP_SUB,,_Z,,Y,,_T,,Y15T64,,_Z,,Q,,2008-Q1,,66.26175,,,,A,,0,,1,
DATAFLOW,OECD.SDD.TPS:DSD_LFS@DF_IALFS_LF_WAP_Q(1.0),,I,KOR,,LF_WAP,,PT_WAP_SUB,,_Z,,Y,,_T,,Y15T64,,_Z,,Q,,2008-Q2,,66.29903,,,,A,,0,,1,
DATAFLOW,OECD.SDD.TPS:DSD_LFS@DF_IALFS_LF_WAP_Q(1.0),,I,KOR,,LF_WAP,,PT_WAP_SUB,,_Z,,Y,,_T,,Y15T64,,_Z,,Q,,2008-Q3,,66.10046,,,,A,,0,,1,
DATAFLOW,OECD.SDD.TPS:DSD_LFS@DF_IALFS_LF_WAP_Q(1.0),,I,KOR,,LF_WAP,,PT_WAP_SUB,,_Z,,Y,,_T,,Y15T64,,_Z,,Q,,2008-Q4,,65.94975,,,,A,,0,,1,
DATAFLOW,OECD.SDD.TPS:DSD_LFS@DF_IALFS_LF_WAP_Q(1.0),,I,KOR,,LF_WAP,,PT_WAP_SUB,,_Z,,Y,,_T,,Y15T64,,_Z,,Q,,2009-Q2,,65.56285,,,,A,,0,,1,
DATAFLOW,OECD.SDD.TPS:DSD_LFS@DF_IALFS_LF_WAP_Q(1.0),,I,KOR,,LF_WAP,,PT_WAP_SUB,,_Z,,Y,,_T,,Y15T64,,_Z,,Q,,2009-Q3,,65.52019,,,,A,,0,,1,
DATAFLOW,OECD.SDD.TPS:DSD_LFS@DF_IALFS_LF_WAP_Q(1.0),,I,KOR,,LF_WAP,,PT_WAP_SUB,,_Z,,Y,,_T,,Y15T64,,_Z,,Q,,2009-Q4,,65.50208,,,,A,,0,,1,
DATAFLOW,OECD.SDD.TPS:DSD_LFS@DF_IALFS_LF_WAP_Q(1.0),,I,KOR,,LF_WAP,,PT_WAP_SUB,,_Z,,Y,,_T,,Y15T64,,_Z,,Q,,2010-Q1,,65.81588,,,,A,,0,,1,
DATAFLOW,OECD.SDD.TPS:DSD_LFS@DF_IALFS_LF_WAP_Q(1.0),,I,KOR,,LF_WAP,,PT_WAP_SUB,,_Z,,Y,,_T,,Y15T64,,_Z,,Q,,2010-Q2,,65.83755,,,,A,,0,,1,
DATAFLOW,OECD.SDD.TPS:DSD_LFS@DF_IALFS_LF_WAP_Q(1.0),,I,KOR,,LF_WAP,,PT_WAP_SUB,,_Z,,Y,,_T,,Y15T64,,_Z,,Q,,2010-Q3,,65.95446,,,,A,,0,,1,
DATAFLOW,OECD.SDD.TPS:DSD_LFS@DF_IALFS_LF_WAP_Q(1.0),,I,KOR,,LF_WAP,,PT_WAP_SUB,,_Z,,Y,,_T,,Y15T64,,_Z,,Q,,2010-Q4,,65.93958,,,,A,,0,,1,
DATAFLOW,OECD.SDD.TPS:DSD_LFS@DF_IALFS_LF_WAP_Q(1.0),,I,KOR,,LF_WAP,,PT_WAP_SUB,,_Z,,Y,,_T,,Y15T64,,_Z,,Q,,2011-Q1,,66.10342,,,,A,,0,,1,
DATAFLOW,OECD.SDD.TPS:DSD_LFS@DF_IALFS_LF_WAP_Q(1.0),,I,KOR,,LF_WAP,,PT_WAP_SUB,,_Z,,Y,,_T,,Y15T64,,_Z,,Q,,2011-Q2,,66.30279,,,,A,,0,,1,
DATAFLOW,OECD.SDD.TPS:DSD_LFS@DF_IALFS_LF_WAP_Q(1.0),,I,KOR,,LF_WAP,,PT_WAP_SUB,,_Z,,Y,,_T,,Y15T64,,_Z,,Q,,2011-Q3,,66.09654,,,,A,,0,,1,
DATAFLOW,OECD.SDD.TPS:DSD_LFS@DF_IALFS_LF_WAP_Q(1.0),,I,KOR,,LF_WAP,,PT_WAP_SUB,,_Z,,Y,,_T,,Y15T64,,_Z,,Q,,2011-Q4,,66.37728,,,,A,,0,,1,
DATAFLOW,OECD.SDD.TPS:DSD_LFS@DF_IALFS_LF_WAP_Q(1.0),,I,KOR,,LF_WAP,,PT_WAP_SUB,,_Z,,Y,,_T,,Y15T64,,_Z,,Q,,2012-Q1,,66.45866,,,,A,,0,,1,
DATAFLOW,OECD.SDD.TPS:DSD_LFS@DF_IALFS_LF_WAP_Q(1.0),,I,KOR,,LF_WAP,,PT_WAP_SUB,,_Z,,Y,,_T,,Y15T64,,_Z,,Q,,2012-Q2,,66.6626,,,,A,,0,,1,
DATAFLOW,OECD.SDD.TPS:DSD_LFS@DF_IALFS_LF_WAP_Q(1.0),,I,KOR,,LF_WAP,,PT_WAP_SUB,,_Z,,Y,,_T,,Y15T64,,_Z,,Q,,2012-Q3,,66.56017,,,,A,,0,,1,
DATAFLOW,OECD.SDD.TPS:DSD_LFS@DF_IALFS_LF_WAP_Q(1.0),,I,KOR,,LF_WAP,,PT_WAP_SUB,,_Z,,Y,,_T,,Y15T64,,_Z,,Q,,2012-Q4,,66.43987,,,,A,,0,,1,
DATAFLOW,OECD.SDD.TPS:DSD_LFS@DF_IALFS_LF_WAP_Q(1.0),,I,KOR,,LF_WAP,,PT_WAP_SUB,,_Z,,Y,,_T,,Y15T64,,_Z,,Q,,2013-Q1,,66.23344,,,,A,,0,,1,
DATAFLOW,OECD.SDD.TPS:DSD_LFS@DF_IALFS_LF_WAP_Q(1.0),,I,KOR,,LF_WAP,,PT_WAP_SUB,,_Z,,Y,,_T,,Y15T64,,_Z,,Q,,2013-Q2,,66.65006,,,,A,,0,,1,
DATAFLOW,OECD.SDD.TPS:DSD_LFS@DF_IALFS_LF_WAP_Q(1.0),,I,KOR,,LF_WAP,,PT_WAP_SUB,,_Z,,Y,,_T,,Y15T64,,_Z,,Q,,2013-Q3,,66.96118,,,,A,,0,,1,
DATAFLOW,OECD.SDD.TPS:DSD_LFS@DF_IALFS_LF_WAP_Q(1.0),,I,KOR,,LF_WAP,,PT_WAP_SUB,,_Z,,Y,,_T,,Y15T64,,_Z,,Q,,2013-Q4,,67.26334,,,,A,,0,,1,
DATAFLOW,OECD.SDD.TPS:DSD_LFS@DF_IALFS_LF_WAP_Q(1.0),,I,KOR,,LF_WAP,,PT_WAP_SUB,,_Z,,Y,,_T,,Y15T64,,_Z,,Q,,2014-Q1,,67.83477,,,,A,,0,,1,
DATAFLOW,OECD.SDD.TPS:DSD_LFS@DF_IALFS_LF_WAP_Q(1.0),,I,KOR,,LF_WAP,,PT_WAP_SUB,,_Z,,Y,,_T,,Y15T64,,_Z,,Q,,2014-Q2,,67.91674,,,,A,,0,,1,
DATAFLOW,OECD.SDD.TPS:DSD_LFS@DF_IALFS_LF_WAP_Q(1.0),,I,KOR,,LF_WAP,,PT_WAP_SUB,,_Z,,Y,,_T,,Y15T64,,_Z,,Q,,2014-Q3,,68.15268,,,,A,,0,,1,
DATAFLOW,OECD.SDD.TPS:DSD_LFS@DF_IALFS_LF_WAP_Q(1.0),,I,KOR,,LF_WAP,,PT_WAP_SUB,,_Z,,Y,,_T,,Y15T64,,_Z,,Q,,2014-Q4,,68.19253,,,,A,,0,,1,
DATAFLOW,OECD.SDD.TPS:DSD_LFS@DF_IALFS_LF_WAP_Q(1.0),,I,KOR,,LF_WAP,,PT_WAP_SUB,,_Z,,Y,,_T,,Y15T64,,_Z,,Q,,2015-Q1,,68.3496,,,,A,,0,,1,
DATAFLOW,OECD.SDD.TPS:DSD_LFS@DF_IALFS_LF_WAP_Q(1.0),,I,KOR,,LF_WAP,,PT_WAP_SUB,,_Z,,Y,,_T,,Y15T64,,_Z,,Q,,2015-Q2,,68.35976,,,,A,,0,,1,
DATAFLOW,OECD.SDD.TPS:DSD_LFS@DF_IALFS_LF_WAP_Q(1.0),,I,KOR,,LF_WAP,,PT_WAP_SUB,,_Z,,Y,,_T,,Y15T64,,_Z,,Q,,2015-Q3,,68.49197,,,,A,,0,,1,
DATAFLOW,OECD.SDD.TPS:DSD_LFS@DF_IALFS_LF_WAP_Q(1.0),,I,KOR,,LF_WAP,,PT_WAP_SUB,,_Z,,Y,,_T,,Y15T64,,_Z,,Q,,2015-Q4,,68.54668,,,,A,,0,,1,
DATAFLOW,OECD.SDD.TPS:DSD_LFS@DF_IALFS_LF_WAP_Q(1.0),,I,KOR,,LF_WAP,,PT_WAP_SUB,,_Z,,Y,,_T,,Y15T64,,_Z,,Q,,2016-Q1,,68.5684,,,,A,,0,,1,
DATAFLOW,OECD.SDD.TPS:DSD_LFS@DF_IALFS_LF_WAP_Q(1.0),,I,KOR,,LF_WAP,,PT_WAP_SUB,,_Z,,Y,,_T,,Y15T64,,_Z,,Q,,2016-Q2,,68.44787,,,,A,,0,,1,
DATAFLOW,OECD.SDD.TPS:DSD_LFS@DF_IALFS_LF_WAP_Q(1.0),,I,KOR,,LF_WAP,,PT_WAP_SUB,,_Z,,Y,,_T,,Y15T64,,_Z,,Q,,2016-Q3,,68.85772,,,,A,,0,,1,
DATAFLOW,OECD.SDD.TPS:DSD_LFS@DF_IALFS_LF_WAP_Q(1.0),,I,KOR,,LF_WAP,,PT_WAP_SUB,,_Z,,Y,,_T,,Y15T64,,_Z,,Q,,2016-Q4,,68.86095,,,,A,,0,,1,
DATAFLOW,OECD.SDD.TPS:DSD_LFS@DF_IALFS_LF_WAP_Q(1.0),,I,KOR,,LF_WAP,,PT_WAP_SUB,,_Z,,Y,,_T,,Y15T64,,_Z,,Q,,2017-Q1,,69.10049,,,,A,,0,,1,
DATAFLOW,OECD.SDD.TPS:DSD_LFS@DF_IALFS_LF_WAP_Q(1.0),,I,KOR,,LF_WAP,,PT_WAP_SUB,,_Z,,Y,,_T,,Y15T64,,_Z,,Q,,2017-Q2,,69.26292,,,,A,,0,,1,
DATAFLOW,OECD.SDD.TPS:DSD_LFS@DF_IALFS_LF_WAP_Q(1.0),,I,KOR,,LF_WAP,,PT_WAP_SUB,,_Z,,Y,,_T,,Y15T64,,_Z,,Q,,2017-Q3,,69.31893,,,,A,,0,,1,
DATAFLOW,OECD.SDD.TPS:DSD_LFS@DF_IALFS_LF_WAP_Q(1.0),,I,KOR,,LF_WAP,,PT_WAP_SUB,,_Z,,Y,,_T,,Y15T64,,_Z,,Q,,2017-Q4,,69.26036,,,,A,,0,,1,
DATAFLOW,OECD.SDD.TPS:DSD_LFS@DF_IALFS_LF_WAP_Q(1.0),,I,KOR,,LF_WAP,,PT_WAP_SUB,,_Z,,Y,,_T,,Y15T64,,_Z,,Q,,2018-Q1,,69.32609,,,,A,,0,,1,
DATAFLOW,OECD.SDD.TPS:DSD_LFS@DF_IALFS_LF_WAP_Q(1.0),,I,KOR,,LF_WAP,,PT_WAP_SUB,,_Z,,Y,,_T,,Y15T64,,_Z,,Q,,2018-Q2,,69.32056,,,,A,,0,,1,
DATAFLOW,OECD.SDD.TPS:DSD_LFS@DF_IALFS_LF_WAP_Q(1.0),,I,KOR,,LF_WAP,,PT_WAP_SUB,,_Z,,Y,,_T,,Y15T64,,_Z,,Q,,2018-Q3,,69.38074,,,,A,,0,,1,
DATAFLOW,OECD.SDD.TPS:DSD_LFS@DF_IALFS_LF_WAP_Q(1.0),,I,KOR,,LF_WAP,,PT_WAP_SUB,,_Z,,Y,,_T,,Y15T64,,_Z,,Q,,2018-Q4,,69.33296,,,,A,,0,,1,
DATAFLOW,OECD.SDD.TPS:DSD_LFS@DF_IALFS_LF_WAP_Q(1.0),,I,KOR,,LF_WAP,,PT_WAP_SUB,,_Z,,Y,,_T,,Y15T64,,_Z,,Q,,2019-Q1,,69.40969,,,,A,,0,,1,
DATAFLOW,OECD.SDD.TPS:DSD_LFS@DF_IALFS_LF_WAP_Q(1.0),,I,KOR,,LF_WAP,,PT_WAP_SUB,,_Z,,Y,,_T,,Y15T64,,_Z,,Q,,2019-Q2,,69.52831,,,,A,,0,,1,
DATAFLOW,OECD.SDD.TPS:DSD_LFS@DF_IALFS_LF_WAP_Q(1.0),,I,KOR,,LF_WAP,,PT_WAP_SUB,,_Z,,Y,,_T,,Y15T64,,_Z,,Q,,2019-Q3,,69.43463,,,,A,,0,,1,
DATAFLOW,OECD.SDD.TPS:DSD_LFS@DF_IALFS_LF_WAP_Q(1.0),,I,KOR,,LF_WAP,,PT_WAP_SUB,,_Z,,Y,,_T,,Y15T64,,_Z,,Q,,2019-Q4,,69.56013,,,,A,,0,,1,
DATAFLOW,OECD.SDD.TPS:DSD_LFS@DF_IALFS_LF_WAP_Q(1.0),,I,KOR,,LF_WAP,,PT_WAP_SUB,,_Z,,Y,,_T,,Y15T64,,_Z,,Q,,2020-Q1,,69.25389,,,,A,,0,,1,
DATAFLOW,OECD.SDD.TPS:DSD_LFS@DF_IALFS_LF_WAP_Q(1.0),,I,KOR,,LF_WAP,,PT_WAP_SUB,,_Z,,Y,,_T,,Y15T64,,_Z,,Q,,2020-Q2,,68.2256,,,,A,,0,,1,
DATAFLOW,OECD.SDD.TPS:DSD_LFS@DF_IALFS_LF_WAP_Q(1.0),,I,KOR,,LF_WAP,,PT_WAP_SUB,,_Z,,Y,,_T,,Y15T64,,_Z,,Q,,2020-Q3,,68.37919,,,,A,,0,,1,
DATAFLOW,OECD.SDD.TPS:DSD_LFS@DF_IALFS_LF_WAP_Q(1.0),,I,KOR,,LF_WAP,,PT_WAP_SUB,,_Z,,Y,,_T,,Y15T64,,_Z,,Q,,2020-Q4,,68.53385,,,,A,,0,,1,
DATAFLOW,OECD.SDD.TPS:DSD_LFS@DF_IALFS_LF_WAP_Q(1.0),,I,KOR,,LF_WAP,,PT_WAP_SUB,,_Z,,Y,,_T,,Y15T64,,_Z,,Q,,2021-Q1,,68.55718,,,,A,,0,,1,
DATAFLOW,OECD.SDD.TPS:DSD_LFS@DF_IALFS_LF_WAP_Q(1.0),,I,KOR,,LF_WAP,,PT_WAP_SUB,,_Z,,Y,,_T,,Y15T64,,_Z,,Q,,2021-Q2,,69.07555,,,,A,,0,,1,
DATAFLOW,OECD.SDD.TPS:DSD_LFS@DF_IALFS_LF_WAP_Q(1.0),,I,KOR,,LF_WAP,,PT_WAP_SUB,,_Z,,Y,,_T,,Y15T64,,_Z,,Q,,2021-Q3,,69.08216,,,,A,,0,,1,
DATAFLOW,OECD.SDD.TPS:DSD_LFS@DF_IALFS_LF_WAP_Q(1.0),,I,KOR,,LF_WAP,,PT_WAP_SUB,,_Z,,Y,,_T,,Y15T64,,_Z,,Q,,2021-Q4,,69.4468,,,,A,,0,,1,
DATAFLOW,OECD.SDD.TPS:DSD_LFS@DF_IALFS_LF_WAP_Q(1.0),,I,KOR,,LF_WAP,,PT_WAP_SUB,,_Z,,Y,,_T,,Y15T64,,_Z,,Q,,2022-Q1,,70.06242,,,,A,,0,,1,
DATAFLOW,OECD.SDD.TPS:DSD_LFS@DF_IALFS_LF_WAP_Q(1.0),,I,KOR,,LF_WAP,,PT_WAP_SUB,,_Z,,Y,,_T,,Y15T64,,_Z,,Q,,2022-Q2,,70.61552,,,,A,,0,,1,
DATAFLOW,OECD.SDD.TPS:DSD_LFS@DF_IALFS_LF_WAP_Q(1.0),,I,KOR,,LF_WAP,,PT_WAP_SUB,,_Z,,Y,,_T,,Y15T64,,_Z,,Q,,2022-Q3,,70.75911,,,,A,,0,,1,
DATAFLOW,OECD.SDD.TPS:DSD_LFS@DF_IALFS_LF_WAP_Q(1.0),,I,KOR,,LF_WAP,,PT_WAP_SUB,,_Z,,Y,,_T,,Y15T64,,_Z,,Q,,2022-Q4,,70.69476,,,,A,,0,,1,
DATAFLOW,OECD.SDD.TPS:DSD_LFS@DF_IALFS_LF_WAP_Q(1.0),,I,KOR,,LF_WAP,,PT_WAP_SUB,,_Z,,Y,,_T,,Y15T64,,_Z,,Q,,2023-Q1,,70.76131,,,,A,,0,,1,
DATAFLOW,OECD.SDD.TPS:DSD_LFS@DF_IALFS_LF_WAP_Q(1.0),,I,KOR,,LF_WAP,,PT_WAP_SUB,,_Z,,Y,,_T,,Y15T64,,_Z,,Q,,2023-Q2,,71.11998,,,,A,,0,,1,
DATAFLOW,OECD.SDD.TPS:DSD_LFS@DF_IALFS_LF_WAP_Q(1.0),,I,KOR,,LF_WAP,,PT_WAP_SUB,,_Z,,Y,,_T,,Y15T64,,_Z,,Q,,2023-Q3,,71.29272,,,,A,,0,,1,
DATAFLOW,OECD.SDD.TPS:DSD_LFS@DF_IALFS_LF_WAP_Q(1.0),,I,KOR,,LF_WAP,,PT_WAP_SUB,,_Z,,Y,,_T,,Y15T64,,_Z,,Q,,2023-Q4,,71.40405,,,,A,,0,,1,
DATAFLOW,OECD.SDD.TPS:DSD_LFS@DF_IALFS_LF_WAP_Q(1.0),,I,KOR,,LF_WAP,,PT_WAP_SUB,,_Z,,Y,,_T,,Y15T64,,_Z,,Q,,2024-Q1,,71.48578,,,,A,,0,,1,
DATAFLOW,OECD.SDD.TPS:DSD_LFS@DF_IALFS_LF_WAP_Q(1.0),,I,KOR,,LF_WAP,,PT_WAP_SUB,,_Z,,Y,,_T,,Y15T64,,_Z,,Q,,2024-Q2,,71.54086,,,,A,,0,,1,
DATAFLOW,OECD.SDD.TPS:DSD_LFS@DF_IALFS_LF_WAP_Q(1.0),,I,KOR,,LF_WAP,,PT_WAP_SUB,,_Z,,Y,,_T,,Y15T64,,_Z,,Q,,2024-Q3,,71.42968,,,,A,,0,,1,
DATAFLOW,OECD.SDD.TPS:DSD_LFS@DF_IALFS_LF_WAP_Q(1.0),,I,KOR,,LF_WAP,,PT_WAP_SUB,,_Z,,Y,,_T,,Y15T64,,_Z,,Q,,2024-Q4,,71.60923,,,,A,,0,,1,
DATAFLOW,OECD.SDD.TPS:DSD_LFS@DF_IALFS_LF_WAP_Q(1.0),,I,KOR,,LF_WAP,,PT_WAP_SUB,,_Z,,Y,,_T,,Y15T64,,_Z,,Q,,2025-Q1,,71.66792,,,,A,,0,,1,
DATAFLOW,OECD.SDD.TPS:DSD_LFS@DF_IALFS_LF_WAP_Q(1.0),,I,KOR,,LF_WAP,,PT_WAP_SUB,,_Z,,Y,,_T,,Y15T64,,_Z,,Q,,2025-Q2,,71.9011,,,,A,,0,,1,
DATAFLOW,OECD.SDD.TPS:DSD_LFS@DF_IALFS_LF_WAP_Q(1.0),,I,KOR,,LF_WAP,,PT_WAP_SUB,,_Z,,Y,,_T,,Y15T64,,_Z,,Q,,2025-Q3,,71.86025,,,,A,,0,,1,
DATAFLOW,OECD.SDD.TPS:DSD_LFS@DF_IALFS_LF_WAP_Q(1.0),,I,KOR,,LF_WAP,,PT_WAP_SUB,,_Z,,Y,,_T,,Y15T64,,_Z,,Q,,2025-Q4,,71.9266,,,,A,,0,,1,
DATAFLOW,OECD.SDD.TPS:DSD_LFS@DF_IALFS_LF_WAP_Q(1.0),,I,KOR,,LF_WAP,,PT_WAP_SUB,,_Z,,Y,,_T,,Y15T64,,_Z,,Q,,2026-Q1,,72.03868,,,,A,,0,,1,
DATAFLOW,OECD.SDD.TPS:DSD_LFS@DF_IALFS_LF_WAP_Q(1.0),,I,KOR,,LF_WAP,,PT_WAP_SUB,,_Z,,Y,,_T,,Y15T64,,_Z,,Q,,2026-Q2,,71.79264,,,,A,,0,,1,
DATAFLOW,OECD.SDD.TPS:DSD_LFS@DF_IALFS_LF_WAP_Q(1.0),,I,JPN,,LF_WAP,,PT_WAP_SUB,,_Z,,Y,,_T,,Y15T64,,_Z,,Q,,2026-Q2,,82.68997,,,,A,,0,,1,
DATAFLOW,OECD.SDD.TPS:DSD_LFS@DF_IALFS_LF_WAP_Q(1.0),,I,COL,,LF_WAP,,PT_WAP_SUB,,_Z,,Y,,_T,,Y15T64,,_Z,,Q,,2007-Q1,,67.30443,,,,A,,0,,1,
DATAFLOW,OECD.SDD.TPS:DSD_LFS@DF_IALFS_LF_WAP_Q(1.0),,I,COL,,LF_WAP,,PT_WAP_SUB,,_Z,,Y,,_T,,Y15T64,,_Z,,Q,,2007-Q2,,67.78761,,,,A,,0,,1,
DATAFLOW,OECD.SDD.TPS:DSD_LFS@DF_IALFS_LF_WAP_Q(1.0),,I,COL,,LF_WAP,,PT_WAP_SUB,,_Z,,Y,,_T,,Y15T64,,_Z,,Q,,2007-Q3,,68.01247,,,,A,,0,,1,
DATAFLOW,OECD.SDD.TPS:DSD_LFS@DF_IALFS_LF_WAP_Q(1.0),,I,COL,,LF_WAP,,PT_WAP_SUB,,_Z,,Y,,_T,,Y15T64,,_Z,,Q,,2007-Q4,,68.20609,,,,A,,0,,1,
DATAFLOW,OECD.SDD.TPS:DSD_LFS@DF_IALFS_LF_WAP_Q(1.0),,I,COL,,LF_WAP,,PT_WAP_SUB,,_Z,,Y,,_T,,Y15T64,,_Z,,Q,,2008-Q1,,68.83938,,,,A,,0,,1,
DATAFLOW,OECD.SDD.TPS:DSD_LFS@DF_IALFS_LF_WAP_Q(1.0),,I,COL,,LF_WAP,,PT_WAP_SUB,,_Z,,Y,,_T,,Y15T64,,_Z,,Q,,2008-Q2,,68.28622,,,,A,,0,,1,
DATAFLOW,OECD.SDD.TPS:DSD_LFS@DF_IALFS_LF_WAP_Q(1.0),,I,COL,,LF_WAP,,PT_WAP_SUB,,_Z,,Y,,_T,,Y15T64,,_Z,,Q,,2008-Q3,,68.57443,,,,A,,0,,1,
DATAFLOW,OECD.SDD.TPS:DSD_LFS@DF_IALFS_LF_WAP_Q(1.0),,I,COL,,LF_WAP,,PT_WAP_SUB,,_Z,,Y,,_T,,Y15T64,,_Z,,Q,,2008-Q4,,66.92889,,,,A,,0,,1,
DATAFLOW,OECD.SDD.TPS:DSD_LFS@DF_IALFS_LF_WAP_Q(1.0),,I,COL,,LF_WAP,,PT_WAP_SUB,,_Z,,Y,,_T,,Y15T64,,_Z,,Q,,2009-Q1,,69.42164,,,,A,,0,,1,
DATAFLOW,OECD.SDD.TPS:DSD_LFS@DF_IALFS_LF_WAP_Q(1.0),,I,COL,,LF_WAP,,PT_WAP_SUB,,_Z,,Y,,_T,,Y15T64,,_Z,,Q,,2009-Q2,,71.11884,,,,A,,0,,1,
DATAFLOW,OECD.SDD.TPS:DSD_LFS@DF_IALFS_LF_WAP_Q(1.0),,I,COL,,LF_WAP,,PT_WAP_SUB,,_Z,,Y,,_T,,Y15T64,,_Z,,Q,,2009-Q3,,70.93185,,,,A,,0,,1,
DATAFLOW,OECD.SDD.TPS:DSD_LFS@DF_IALFS_LF_WAP_Q(1.0),,I,COL,,LF_WAP,,PT_WAP_SUB,,_Z,,Y,,_T,,Y15T64,,_Z,,Q,,2009-Q4,,72.05248,,,,A,,0,,1,
DATAFLOW,OECD.SDD.TPS:DSD_LFS@DF_IALFS_LF_WAP_Q(1.0),,I,COL,,LF_WAP,,PT_WAP_SUB,,_Z,,Y,,_T,,Y15T64,,_Z,,Q,,2010-Q1,,71.76992,,,,A,,0,,1,
DATAFLOW,OECD.SDD.TPS:DSD_LFS@DF_IALFS_LF_WAP_Q(1.0),,I,COL,,LF_WAP,,PT_WAP_SUB,,_Z,,Y,,_T,,Y15T64,,_Z,,Q,,2010-Q2,,72.03112,,,,A,,0,,1,
DATAFLOW,OECD.SDD.TPS:DSD_LFS@DF_IALFS_LF_WAP_Q(1.0),,I,COL,,LF_WAP,,PT_WAP_SUB,,_Z,,Y,,_T,,Y15T64,,_Z,,Q,,2010-Q3,,72.65537,,,,A,,0,,1,
DATAFLOW,OECD.SDD.TPS:DSD_LFS@DF_IALFS_LF_WAP_Q(1.0),,I,COL,,LF_WAP,,PT_WAP_SUB,,_Z,,Y,,_T,,Y15T64,,_Z,,Q,,2010-Q4,,72.33634,,,,A,,0,,1,
DATAFLOW,OECD.SDD.TPS:DSD_LFS@DF_IALFS_LF_WAP_Q(1.0),,I,COL,,LF_WAP,,PT_WAP_SUB,,_Z,,Y,,_T,,Y15T64,,_Z,,Q,,2011-Q1,,72.60951,,,,A,,0,,1,
DATAFLOW,OECD.SDD.TPS:DSD_LFS@DF_IALFS_LF_WAP_Q(1.0),,I,COL,,LF_WAP,,PT_WAP_SUB,,_Z,,Y,,_T,,Y15T64,,_Z,,Q,,2011-Q2,,72.40811,,,,A,,0,,1,
DATAFLOW,OECD.SDD.TPS:DSD_LFS@DF_IALFS_LF_WAP_Q(1.0),,I,COL,,LF_WAP,,PT_WAP_SUB,,_Z,,Y,,_T,,Y15T64,,_Z,,Q,,2011-Q3,,72.87092,,,,A,,0,,1,
DATAFLOW,OECD.SDD.TPS:DSD_LFS@DF_IALFS_LF_WAP_Q(1.0),,I,COL,,LF_WAP,,PT_WAP_SUB,,_Z,,Y,,_T,,Y15T64,,_Z,,Q,,2011-Q4,,74.21972,,,,A,,0,,1,
DATAFLOW,OECD.SDD.TPS:DSD_LFS@DF_IALFS_LF_WAP_Q(1.0),,I,COL,,LF_WAP,,PT_WAP_SUB,,_Z,,Y,,_T,,Y15T64,,_Z,,Q,,2012-Q1,,74.27304,,,,A,,0,,1,
DATAFLOW,OECD.SDD.TPS:DSD_LFS@DF_IALFS_LF_WAP_Q(1.0),,I,COL,,LF_WAP,,PT_WAP_SUB,,_Z,,Y,,_T,,Y15T64,,_Z,,Q,,2012-Q2,,74.34026,,,,A,,0,,1,
DATAFLOW,OECD.SDD.TPS:DSD_LFS@DF_IALFS_LF_WAP_Q(1.0),,I,COL,,LF_WAP,,PT_WAP_SUB,,_Z,,Y,,_T,,Y15T64,,_Z,,Q,,2012-Q3,,73.71991,,,,A,,0,,1,
DATAFLOW,OECD.SDD.TPS:DSD_LFS@DF_IALFS_LF_WAP_Q(1.0),,I,COL,,LF_WAP,,PT_WAP_SUB,,_Z,,Y,,_T,,Y15T64,,_Z,,Q,,2012-Q4,,73.62834,,,,A,,0,,1,
DATAFLOW,OECD.SDD.TPS:DSD_LFS@DF_IALFS_LF_WAP_Q(1.0),,I,COL,,LF_WAP,,PT_WAP_SUB,,_Z,,Y,,_T,,Y15T64,,_Z,,Q,,2013-Q1,,73.29378,,,,A,,0,,1,
DATAFLOW,OECD.SDD.TPS:DSD_LFS@DF_IALFS_LF_WAP_Q(1.0),,I,COL,,LF_WAP,,PT_WAP_SUB,,_Z,,Y,,_T,,Y15T64,,_Z,,Q,,2013-Q2,,73.50368,,,,A,,0,,1,
DATAFLOW,OECD.SDD.TPS:DSD_LFS@DF_IALFS_LF_WAP_Q(1.0),,I,COL,,LF_WAP,,PT_WAP_SUB,,_Z,,Y,,_T,,Y15T64,,_Z,,Q,,2013-Q3,,74.00726,,,,A,,0,,1,
DATAFLOW,OECD.SDD.TPS:DSD_LFS@DF_IALFS_LF_WAP_Q(1.0),,I,COL,,LF_WAP,,PT_WAP_SUB,,_Z,,Y,,_T,,Y15T64,,_Z,,Q,,2013-Q4,,73.50276,,,,A,,0,,1,
DATAFLOW,OECD.SDD.TPS:DSD_LFS@DF_IALFS_LF_WAP_Q(1.0),,I,COL,,LF_WAP,,PT_WAP_SUB,,_Z,,Y,,_T,,Y15T64,,_Z,,Q,,2014-Q1,,73.47457,,,,A,,0,,1,
DATAFLOW,OECD.SDD.TPS:DSD_LFS@DF_IALFS_LF_WAP_Q(1.0),,I,COL,,LF_WAP,,PT_WAP_SUB,,_Z,,Y,,_T,,Y15T64,,_Z,,Q,,2014-Q2,,73.53005,,,,A,,0,,1,
DATAFLOW,OECD.SDD.TPS:DSD_LFS@DF_IALFS_LF_WAP_Q(1.0),,I,COL,,LF_WAP,,PT_WAP_SUB,,_Z,,Y,,_T,,Y15T64,,_Z,,Q,,2014-Q3,,73.7926,,,,A,,0,,1,
DATAFLOW,OECD.SDD.TPS:DSD_LFS@DF_IALFS_LF_WAP_Q(1.0),,I,COL,,LF_WAP,,PT_WAP_SUB,,_Z,,Y,,_T,,Y15T64,,_Z,,Q,,2014-Q4,,73.88557,,,,A,,0,,1,
DATAFLOW,OECD.SDD.TPS:DSD_LFS@DF_IALFS_LF_WAP_Q(1.0),,I,COL,,LF_WAP,,PT_WAP_SUB,,_Z,,Y,,_T,,Y15T64,,_Z,,Q,,2015-Q1,,73.72289,,,,A,,0,,1,
DATAFLOW,OECD.SDD.TPS:DSD_LFS@DF_IALFS_LF_WAP_Q(1.0),,I,COL,,LF_WAP,,PT_WAP_SUB,,_Z,,Y,,_T,,Y15T64,,_Z,,Q,,2015-Q2,,74.17526,,,,A,,0,,1,
DATAFLOW,OECD.SDD.TPS:DSD_LFS@DF_IALFS_LF_WAP_Q(1.0),,I,COL,,LF_WAP,,PT_WAP_SUB,,_Z,,Y,,_T,,Y15T64,,_Z,,Q,,2015-Q3,,74.3045,,,,A,,0,,1,
DATAFLOW,OECD.SDD.TPS:DSD_LFS@DF_IALFS_LF_WAP_Q(1.0),,I,COL,,LF_WAP,,PT_WAP_SUB,,_Z,,Y,,_T,,Y15T64,,_Z,,Q,,2015-Q4,,74.66706,,,,A,,0,,1,
DATAFLOW,OECD.SDD.TPS:DSD_LFS@DF_IALFS_LF_WAP_Q(1.0),,I,COL,,LF_WAP,,PT_WAP_SUB,,_Z,,Y,,_T,,Y15T64,,_Z,,Q,,2016-Q1,,74.14027,,,,A,,0,,1,
DATAFLOW,OECD.SDD.TPS:DSD_LFS@DF_IALFS_LF_WAP_Q(1.0),,I,COL,,LF_WAP,,PT_WAP_SUB,,_Z,,Y,,_T,,Y15T64,,_Z,,Q,,2016-Q2,,74.07825,,,,A,,0,,1,
DATAFLOW,OECD.SDD.TPS:DSD_LFS@DF_IALFS_LF_WAP_Q(1.0),,I,COL,,LF_WAP,,PT_WAP_SUB,,_Z,,Y,,_T,,Y15T64,,_Z,,Q,,2016-Q3,,73.86398,,,,A,,0,,1,
DATAFLOW,OECD.SDD.TPS:DSD_LFS@DF_IALFS_LF_WAP_Q(1.0),,I,COL,,LF_WAP,,PT_WAP_SUB,,_Z,,Y,,_T,,Y15T64,,_Z,,Q,,2016-Q4,,74.22888,,,,A,,0,,1,
DATAFLOW,OECD.SDD.TPS:DSD_LFS@DF_IALFS_LF_WAP_Q(1.0),,I,COL,,LF_WAP,,PT_WAP_SUB,,_Z,,Y,,_T,,Y15T64,,_Z,,Q,,2017-Q1,,74.02014,,,,A,,0,,1,
DATAFLOW,OECD.SDD.TPS:DSD_LFS@DF_IALFS_LF_WAP_Q(1.0),,I,COL,,LF_WAP,,PT_WAP_SUB,,_Z,,Y,,_T,,Y15T64,,_Z,,Q,,2017-Q2,,74.32994,,,,A,,0,,1,
DATAFLOW,OECD.SDD.TPS:DSD_LFS@DF_IALFS_LF_WAP_Q(1.0),,I,COL,,LF_WAP,,PT_WAP_SUB,,_Z,,Y,,_T,,Y15T64,,_Z,,Q,,2017-Q3,,74.05242,,,,A,,0,,1,
DATAFLOW,OECD.SDD.TPS:DSD_LFS@DF_IALFS_LF_WAP_Q(1.0),,I,COL,,LF_WAP,,PT_WAP_SUB,,_Z,,Y,,_T,,Y15T64,,_Z,,Q,,2017-Q4,,73.80782,,,,A,,0,,1,
DATAFLOW,OECD.SDD.TPS:DSD_LFS@DF_IALFS_LF_WAP_Q(1.0),,I,COL,,LF_WAP,,PT_WAP_SUB,,_Z,,Y,,_T,,Y15T64,,_Z,,Q,,2018-Q1,,73.34289,,,,A,,0,,1,
DATAFLOW,OECD.SDD.TPS:DSD_LFS@DF_IALFS_LF_WAP_Q(1.0),,I,COL,,LF_WAP,,PT_WAP_SUB,,_Z,,Y,,_T,,Y15T64,,_Z,,Q,,2018-Q2,,73.90462,,,,A,,0,,1,
DATAFLOW,OECD.SDD.TPS:DSD_LFS@DF_IALFS_LF_WAP_Q(1.0),,I,COL,,LF_WAP,,PT_WAP_SUB,,_Z,,Y,,_T,,Y15T64,,_Z,,Q,,2018-Q3,,73.97572,,,,A,,0,,1,
DATAFLOW,OECD.SDD.TPS:DSD_LFS@DF_IALFS_LF_WAP_Q(1.0),,I,COL,,LF_WAP,,PT_WAP_SUB,,_Z,,Y,,_T,,Y15T64,,_Z,,Q,,2018-Q4,,73.57777,,,,A,,0,,1,
DATAFLOW,OECD.SDD.TPS:DSD_LFS@DF_IALFS_LF_WAP_Q(1.0),,I,COL,,LF_WAP,,PT_WAP_SUB,,_Z,,Y,,_T,,Y15T64,,_Z,,Q,,2019-Q1,,73.60852,,,,A,,0,,1,
DATAFLOW,OECD.SDD.TPS:DSD_LFS@DF_IALFS_LF_WAP_Q(1.0),,I,COL,,LF_WAP,,PT_WAP_SUB,,_Z,,Y,,_T,,Y15T64,,_Z,,Q,,2019-Q2,,72.89499,,,,A,,0,,1,
DATAFLOW,OECD.SDD.TPS:DSD_LFS@DF_IALFS_LF_WAP_Q(1.0),,I,COL,,LF_WAP,,PT_WAP_SUB,,_Z,,Y,,_T,,Y15T64,,_Z,,Q,,2019-Q3,,73.02512,,,,A,,0,,1,
DATAFLOW,OECD.SDD.TPS:DSD_LFS@DF_IALFS_LF_WAP_Q(1.0),,I,COL,,LF_WAP,,PT_WAP_SUB,,_Z,,Y,,_T,,Y15T64,,_Z,,Q,,2019-Q4,,73.20734,,,,A,,0,,1,
DATAFLOW,OECD.SDD.TPS:DSD_LFS@DF_IALFS_LF_WAP_Q(1.0),,I,COL,,LF_WAP,,PT_WAP_SUB,,_Z,,Y,,_T,,Y15T64,,_Z,,Q,,2020-Q1,,71.61439,,,,A,,0,,1,
DATAFLOW,OECD.SDD.TPS:DSD_LFS@DF_IALFS_LF_WAP_Q(1.0),,I,COL,,LF_WAP,,PT_WAP_SUB,,_Z,,Y,,_T,,Y15T64,,_Z,,Q,,2020-Q2,,64.10357,,,,A,,0,,1,
DATAFLOW,OECD.SDD.TPS:DSD_LFS@DF_IALFS_LF_WAP_Q(1.0),,I,COL,,LF_WAP,,PT_WAP_SUB,,_Z,,Y,,_T,,Y15T64,,_Z,,Q,,2020-Q3,,68.78101,,,,A,,0,,1,
DATAFLOW,OECD.SDD.TPS:DSD_LFS@DF_IALFS_LF_WAP_Q(1.0),,I,COL,,LF_WAP,,PT_WAP_SUB,,_Z,,Y,,_T,,Y15T64,,_Z,,Q,,2020-Q4,,71.36543,,,,A,,0,,1,
DATAFLOW,OECD.SDD.TPS:DSD_LFS@DF_IALFS_LF_WAP_Q(1.0),,I,COL,,LF_WAP,,PT_WAP_SUB,,_Z,,Y,,_T,,Y15T64,,_Z,,Q,,2021-Q1,,67.33529,,,,A,,0,,1,
DATAFLOW,OECD.SDD.TPS:DSD_LFS@DF_IALFS_LF_WAP_Q(1.0),,I,COL,,LF_WAP,,PT_WAP_SUB,,_Z,,Y,,_T,,Y15T64,,_Z,,Q,,2021-Q2,,67.02654,,,,A,,0,,1,
DATAFLOW,OECD.SDD.TPS:DSD_LFS@DF_IALFS_LF_WAP_Q(1.0),,I,COL,,LF_WAP,,PT_WAP_SUB,,_Z,,Y,,_T,,Y15T64,,_Z,,Q,,2021-Q3,,67.2013,,,,A,,0,,1,
DATAFLOW,OECD.SDD.TPS:DSD_LFS@DF_IALFS_LF_WAP_Q(1.0),,I,COL,,LF_WAP,,PT_WAP_SUB,,_Z,,Y,,_T,,Y15T64,,_Z,,Q,,2021-Q4,,67.86774,,,,A,,0,,1,
DATAFLOW,OECD.SDD.TPS:DSD_LFS@DF_IALFS_LF_WAP_Q(1.0),,I,COL,,LF_WAP,,PT_WAP_SUB,,_Z,,Y,,_T,,Y15T64,,_Z,,Q,,2022-Q1,,69.36401,,,,A,,0,,1,
DATAFLOW,OECD.SDD.TPS:DSD_LFS@DF_IALFS_LF_WAP_Q(1.0),,I,COL,,LF_WAP,,PT_WAP_SUB,,_Z,,Y,,_T,,Y15T64,,_Z,,Q,,2022-Q2,,69.44775,,,,A,,0,,1,
DATAFLOW,OECD.SDD.TPS:DSD_LFS@DF_IALFS_LF_WAP_Q(1.0),,I,COL,,LF_WAP,,PT_WAP_SUB,,_Z,,Y,,_T,,Y15T64,,_Z,,Q,,2022-Q3,,69.97764,,,,A,,0,,1,
DATAFLOW,OECD.SDD.TPS:DSD_LFS@DF_IALFS_LF_WAP_Q(1.0),,I,COL,,LF_WAP,,PT_WAP_SUB,,_Z,,Y,,_T,,Y15T64,,_Z,,Q,,2022-Q4,,69.52129,,,,A,,0,,1,
DATAFLOW,OECD.SDD.TPS:DSD_LFS@DF_IALFS_LF_WAP_Q(1.0),,I,COL,,LF_WAP,,PT_WAP_SUB,,_Z,,Y,,_T,,Y15T64,,_Z,,Q,,2023-Q1,,69.97051,,,,A,,0,,1,
DATAFLOW,OECD.SDD.TPS:DSD_LFS@DF_IALFS_LF_WAP_Q(1.0),,I,COL,,LF_WAP,,PT_WAP_SUB,,_Z,,Y,,_T,,Y15T64,,_Z,,Q,,2023-Q2,,70.57064,,,,A,,0,,1,
DATAFLOW,OECD.SDD.TPS:DSD_LFS@DF_IALFS_LF_WAP_Q(1.0),,I,COL,,LF_WAP,,PT_WAP_SUB,,_Z,,Y,,_T,,Y15T64,,_Z,,Q,,2023-Q3,,70.75204,,,,A,,0,,1,
DATAFLOW,OECD.SDD.TPS:DSD_LFS@DF_IALFS_LF_WAP_Q(1.0),,I,COL,,LF_WAP,,PT_WAP_SUB,,_Z,,Y,,_T,,Y15T64,,_Z,,Q,,2023-Q4,,69.96978,,,,A,,0,,1,
DATAFLOW,OECD.SDD.TPS:DSD_LFS@DF_IALFS_LF_WAP_Q(1.0),,I,COL,,LF_WAP,,PT_WAP_SUB,,_Z,,Y,,_T,,Y15T64,,_Z,,Q,,2024-Q1,,69.96704,,,,A,,0,,1,
DATAFLOW,OECD.SDD.TPS:DSD_LFS@DF_IALFS_LF_WAP_Q(1.0),,I,COL,,LF_WAP,,PT_WAP_SUB,,_Z,,Y,,_T,,Y15T64,,_Z,,Q,,2024-Q2,,70.32767,,,,A,,0,,1,
DATAFLOW,OECD.SDD.TPS:DSD_LFS@DF_IALFS_LF_WAP_Q(1.0),,I,COL,,LF_WAP,,PT_WAP_SUB,,_Z,,Y,,_T,,Y15T64,,_Z,,Q,,2024-Q3,,70.4127,,,,A,,0,,1,
DATAFLOW,OECD.SDD.TPS:DSD_LFS@DF_IALFS_LF_WAP_Q(1.0),,I,COL,,LF_WAP,,PT_WAP_SUB,,_Z,,Y,,_T,,Y15T64,,_Z,,Q,,2024-Q4,,70.12387,,,,A,,0,,1,
DATAFLOW,OECD.SDD.TPS:DSD_LFS@DF_IALFS_LF_WAP_Q(1.0),,I,COL,,LF_WAP,,PT_WAP_SUB,,_Z,,Y,,_T,,Y15T64,,_Z,,Q,,2025-Q1,,71.04183,,,,A,,0,,1,
DATAFLOW,OECD.SDD.TPS:DSD_LFS@DF_IALFS_LF_WAP_Q(1.0),,I,COL,,LF_WAP,,PT_WAP_SUB,,_Z,,Y,,_T,,Y15T64,,_Z,,Q,,2025-Q2,,70.44411,,,,A,,0,,1,
DATAFLOW,OECD.SDD.TPS:DSD_LFS@DF_IALFS_LF_WAP_Q(1.0),,I,COL,,LF_WAP,,PT_WAP_SUB,,_Z,,Y,,_T,,Y15T64,,_Z,,Q,,2025-Q3,,70.8111,,,,A,,0,,1,
DATAFLOW,OECD.SDD.TPS:DSD_LFS@DF_IALFS_LF_WAP_Q(1.0),,I,COL,,LF_WAP,,PT_WAP_SUB,,_Z,,Y,,_T,,Y15T64,,_Z,,Q,,2025-Q4,,71.06778,,,,A,,0,,1,
DATAFLOW,OECD.SDD.TPS:DSD_LFS@DF_IALFS_LF_WAP_Q(1.0),,I,COL,,LF_WAP,,PT_WAP_SUB,,_Z,,Y,,_T,,Y15T64,,_Z,,Q,,2026-Q1,,71.16832,,,,A,,0,,1,
DATAFLOW,OECD.SDD.TPS:DSD_LFS@DF_IALFS_LF_WAP_Q(1.0),,I,COL,,LF_WAP,,PT_WAP_SUB,,_Z,,Y,,_T,,Y15T64,,_Z,,Q,,2026-Q2,,71.68017,,,,A,,0,,1,
DATAFLOW,OECD.SDD.TPS:DSD_LFS@DF_IALFS_LF_WAP_Q(1.0),,I,AUS,,LF_WAP,,PT_WAP_SUB,,_Z,,Y,,_T,,Y15T64,,_Z,,Q,,1996-Q3,,74.01589,,,,A,,0,,1,
DATAFLOW,OECD.SDD.TPS:DSD_LFS@DF_IALFS_LF_WAP_Q(1.0),,I,AUS,,LF_WAP,,PT_WAP_SUB,,_Z,,Y,,_T,,Y15T64,,_Z,,Q,,1996-Q4,,73.8918,,,,A,,0,,1,
DATAFLOW,OECD.SDD.TPS:DSD_LFS@DF_IALFS_LF_WAP_Q(1.0),,I,AUS,,LF_WAP,,PT_WAP_SUB,,_Z,,Y,,_T,,Y15T64,,_Z,,Q,,1997-Q1,,73.87127,,,,A,,0,,1,
DATAFLOW,OECD.SDD.TPS:DSD_LFS@DF_IALFS_LF_WAP_Q(1.0),,I,AUS,,LF_WAP,,PT_WAP_SUB,,_Z,,Y,,_T,,Y15T64,,_Z,,Q,,1997-Q2,,73.57436,,,,A,,0,,1,
DATAFLOW,OECD.SDD.TPS:DSD_LFS@DF_IALFS_LF_WAP_Q(1.0),,I,AUS,,LF_WAP,,PT_WAP_SUB,,_Z,,Y,,_T,,Y15T64,,_Z,,Q,,1997-Q3,,73.40375,,,,A,,0,,1,
DATAFLOW,OECD.SDD.TPS:DSD_LFS@DF_IALFS_LF_WAP_Q(1.0),,I,AUS,,LF_WAP,,PT_WAP_SUB,,_Z,,Y,,_T,,Y15T64,,_Z,,Q,,1997-Q4,,73.40638,,,,A,,0,,1,
DATAFLOW,OECD.SDD.TPS:DSD_LFS@DF_IALFS_LF_WAP_Q(1.0),,I,AUS,,LF_WAP,,PT_WAP_SUB,,_Z,,Y,,_T,,Y15T64,,_Z,,Q,,1998-Q1,,73.33681,,,,A,,0,,1,
DATAFLOW,OECD.SDD.TPS:DSD_LFS@DF_IALFS_LF_WAP_Q(1.0),,I,AUS,,LF_WAP,,PT_WAP_SUB,,_Z,,Y,,_T,,Y15T64,,_Z,,Q,,1998-Q2,,73.49018,,,,A,,0,,1,
DATAFLOW,OECD.SDD.TPS:DSD_LFS@DF_IALFS_LF_WAP_Q(1.0),,I,AUS,,LF_WAP,,PT_WAP_SUB,,_Z,,Y,,_T,,Y15T64,,_Z,,Q,,1998-Q3,,73.68929,,,,A,,0,,1,
DATAFLOW,OECD.SDD.TPS:DSD_LFS@DF_IALFS_LF_WAP_Q(1.0),,I,AUS,,LF_WAP,,PT_WAP_SUB,,_Z,,Y,,_T,,Y15T64,,_Z,,Q,,1998-Q4,,73.52876,,,,A,,0,,1,
DATAFLOW,OECD.SDD.TPS:DSD_LFS@DF_IALFS_LF_WAP_Q(1.0),,I,AUS,,LF_WAP,,PT_WAP_SUB,,_Z,,Y,,_T,,Y15T64,,_Z,,Q,,1999-Q1,,73.23302,,,,A,,0,,1,
DATAFLOW,OECD.SDD.TPS:DSD_LFS@DF_IALFS_LF_WAP_Q(1.0),,I,AUS,,LF_WAP,,PT_WAP_SUB,,_Z,,Y,,_T,,Y15T64,,_Z,,Q,,1999-Q2,,73.17154,,,,A,,0,,1,
DATAFLOW,OECD.SDD.TPS:DSD_LFS@DF_IALFS_LF_WAP_Q(1.0),,I,AUS,,LF_WAP,,PT_WAP_SUB,,_Z,,Y,,_T,,Y15T64,,_Z,,Q,,1999-Q3,,73.37225,,,,A,,0,,1,
DATAFLOW,OECD.SDD.TPS:DSD_LFS@DF_IALFS_LF_WAP_Q(1.0),,I,AUS,,LF_WAP,,PT_WAP_SUB,,_Z,,Y,,_T,,Y15T64,,_Z,,Q,,1999-Q4,,73.49859,,,,A,,0,,1,
DATAFLOW,OECD.SDD.TPS:DSD_LFS@DF_IALFS_LF_WAP_Q(1.0),,I,AUS,,LF_WAP,,PT_WAP_SUB,,_Z,,Y,,_T,,Y15T64,,_Z,,Q,,2000-Q1,,73.44932,,,,A,,0,,1,
DATAFLOW,OECD.SDD.TPS:DSD_LFS@DF_IALFS_LF_WAP_Q(1.0),,I,AUS,,LF_WAP,,PT_WAP_SUB,,_Z,,Y,,_T,,Y15T64,,_Z,,Q,,2000-Q2,,73.83419,,,,A,,0,,1,
DATAFLOW,OECD.SDD.TPS:DSD_LFS@DF_IALFS_LF_WAP_Q(1.0),,I,AUS,,LF_WAP,,PT_WAP_SUB,,_Z,,Y,,_T,,Y15T64,,_Z,,Q,,2000-Q3,,74.1627,,,,A,,0,,1,
DATAFLOW,OECD.SDD.TPS:DSD_LFS@DF_IALFS_LF_WAP_Q(1.0),,I,AUS,,LF_WAP,,PT_WAP_SUB,,_Z,,Y,,_T,,Y15T64,,_Z,,Q,,2000-Q4,,73.65636,,,,A,,0,,1,
DATAFLOW,OECD.SDD.TPS:DSD_LFS@DF_IALFS_LF_WAP_Q(1.0),,I,AUS,,LF_WAP,,PT_WAP_SUB,,_Z,,Y,,_T,,Y15T64,,_Z,,Q,,2001-Q1,,73.63557,,,,A,,0,,1,
DATAFLOW,OECD.SDD.TPS:DSD_LFS@DF_IALFS_LF_WAP_Q(1.0),,I,AUS,,LF_WAP,,PT_WAP_SUB,,_Z,,Y,,_T,,Y15T64,,_Z,,Q,,2001-Q2,,74.28432,,,,A,,0,,1,
DATAFLOW,OECD.SDD.TPS:DSD_LFS@DF_IALFS_LF_WAP_Q(1.0),,I,AUS,,LF_WAP,,PT_WAP_SUB,,_Z,,Y,,_T,,Y15T64,,_Z,,Q,,2001-Q3,,74.17447,,,,A,,0,,1,
DATAFLOW,OECD.SDD.TPS:DSD_LFS@DF_IALFS_LF_WAP_Q(1.0),,I,AUS,,LF_WAP,,PT_WAP_SUB,,_Z,,Y,,_T,,Y15T64,,_Z,,Q,,2001-Q4,,74.22215,,,,A,,0,,1,
DATAFLOW,OECD.SDD.TPS:DSD_LFS@DF_IALFS_LF_WAP_Q(1.0),,I,AUS,,LF_WAP,,PT_WAP_SUB,,_Z,,Y,,_T,,Y15T64,,_Z,,Q,,2002-Q1,,74.05401,,,,A,,0,,1,
DATAFLOW,OECD.SDD.TPS:DSD_LFS@DF_IALFS_LF_WAP_Q(1.0),,I,AUS,,LF_WAP,,PT_WAP_SUB,,_Z,,Y,,_T,,Y15T64,,_Z,,Q,,2002-Q2,,73.87476,,,,A,,0,,1,
DATAFLOW,OECD.SDD.TPS:DSD_LFS@DF_IALFS_LF_WAP_Q(1.0),,I,AUS,,LF_WAP,,PT_WAP_SUB,,_Z,,Y,,_T,,Y15T64,,_Z,,Q,,2002-Q3,,74.12981,,,,A,,0,,1,
DATAFLOW,OECD.SDD.TPS:DSD_LFS@DF_IALFS_LF_WAP_Q(1.0),,I,AUS,,LF_WAP,,PT_WAP_SUB,,_Z,,Y,,_T,,Y15T64,,_Z,,Q,,2002-Q4,,74.4132,,,,A,,0,,1,
DATAFLOW,OECD.SDD.TPS:DSD_LFS@DF_IALFS_LF_WAP_Q(1.0),,I,AUS,,LF_WAP,,PT_WAP_SUB,,_Z,,Y,,_T,,Y15T64,,_Z,,Q,,2003-Q1,,74.77131,,,,A,,0,,1,
DATAFLOW,OECD.SDD.TPS:DSD_LFS@DF_IALFS_LF_WAP_Q(1.0),,I,AUS,,LF_WAP,,PT_WAP_SUB,,_Z,,Y,,_T,,Y15T64,,_Z,,Q,,2003-Q2,,74.41276,,,,A,,0,,1,
DATAFLOW,OECD.SDD.TPS:DSD_LFS@DF_IALFS_LF_WAP_Q(1.0),,I,AUS,,LF_WAP,,PT_WAP_SUB,,_Z,,Y,,_T,,Y15T64,,_Z,,Q,,2003-Q3,,74.29355,,,,A,,0,,1,
DATAFLOW,OECD.SDD.TPS:DSD_LFS@DF_IALFS_LF_WAP_Q(1.0),,I,AUS,,LF_WAP,,PT_WAP_SUB,,_Z,,Y,,_T,,Y15T64,,_Z,,Q,,2003-Q4,,74.37636,,,,A,,0,,1,
DATAFLOW,OECD.SDD.TPS:DSD_LFS@DF_IALFS_LF_WAP_Q(1.0),,I,AUS,,LF_WAP,,PT_WAP_SUB,,_Z,,Y,,_T,,Y15T64,,_Z,,Q,,2004-Q1,,74.17223,,,,A,,0,,1,
DATAFLOW,OECD.SDD.TPS:DSD_LFS@DF_IALFS_LF_WAP_Q(1.0),,I,AUS,,LF_WAP,,PT_WAP_SUB,,_Z,,Y,,_T,,Y15T64,,_Z,,Q,,2004-Q2,,74.2633,,,,A,,0,,1,
DATAFLOW,OECD.SDD.TPS:DSD_LFS@DF_IALFS_LF_WAP_Q(1.0),,I,AUS,,LF_WAP,,PT_WAP_SUB,,_Z,,Y,,_T,,Y15T64,,_Z,,Q,,2004-Q3,,74.30697,,,,A,,0,,1,
DATAFLOW,OECD.SDD.TPS:DSD_LFS@DF_IALFS_LF_WAP_Q(1.0),,I,AUS,,LF_WAP,,PT_WAP_SUB,,_Z,,Y,,_T,,Y15T64,,_Z,,Q,,2004-Q4,,74.67828,,,,A,,0,,1,
DATAFLOW,OECD.SDD.TPS:DSD_LFS@DF_IALFS_LF_WAP_Q(1.0),,I,AUS,,LF_WAP,,PT_WAP_SUB,,_Z,,Y,,_T,,Y15T64,,_Z,,Q,,2005-Q1,,75.06624,,,,A,,0,,1,
DATAFLOW,OECD.SDD.TPS:DSD_LFS@DF_IALFS_LF_WAP_Q(1.0),,I,AUS,,LF_WAP,,PT_WAP_SUB,,_Z,,Y,,_T,,Y15T64,,_Z,,Q,,2005-Q2,,75.44016,,,,A,,0,,1,
DATAFLOW,OECD.SDD.TPS:DSD_LFS@DF_IALFS_LF_WAP_Q(1.0),,I,AUS,,LF_WAP,,PT_WAP_SUB,,_Z,,Y,,_T,,Y15T64,,_Z,,Q,,2005-Q3,,75.51449,,,,A,,0,,1,
DATAFLOW,OECD.SDD.TPS:DSD_LFS@DF_IALFS_LF_WAP_Q(1.0),,I,AUS,,LF_WAP,,PT_WAP_SUB,,_Z,,Y,,_T,,Y15T64,,_Z,,Q,,2005-Q4,,75.45984,,,,A,,0,,1,
DATAFLOW,OECD.SDD.TPS:DSD_LFS@DF_IALFS_LF_WAP_Q(1.0),,I,AUS,,LF_WAP,,PT_WAP_SUB,,_Z,,Y,,_T,,Y15T64,,_Z,,Q,,2006-Q1,,75.50409,,,,A,,0,,1,
DATAFLOW,OECD.SDD.TPS:DSD_LFS@DF_IALFS_LF_WAP_Q(1.0),,I,AUS,,LF_WAP,,PT_WAP_SUB,,_Z,,Y,,_T,,Y15T64,,_Z,,Q,,2006-Q2,,75.68636,,,,A,,0,,1,
DATAFLOW,OECD.SDD.TPS:DSD_LFS@DF_IALFS_LF_WAP_Q(1.0),,I,AUS,,LF_WAP,,PT_WAP_SUB,,_Z,,Y,,_T,,Y15T64,,_Z,,Q,,2006-Q3,,76.02362,,,,A,,0,,1,
DATAFLOW,OECD.SDD.TPS:DSD_LFS@DF_IALFS_LF_WAP_Q(1.0),,I,AUS,,LF_WAP,,PT_WAP_SUB,,_Z,,Y,,_T,,Y15T64,,_Z,,Q,,2006-Q4,,75.9214,,,,A,,0,,1,
DATAFLOW,OECD.SDD.TPS:DSD_LFS@DF_IALFS_LF_WAP_Q(1.0),,I,AUS,,LF_WAP,,PT_WAP_SUB,,_Z,,Y,,_T,,Y15T64,,_Z,,Q,,2007-Q1,,75.98859,,,,A,,0,,1,
DATAFLOW,OECD.SDD.TPS:DSD_LFS@DF_IALFS_LF_WAP_Q(1.0),,I,AUS,,LF_WAP,,PT_WAP_SUB,,_Z,,Y,,_T,,Y15T64,,_Z,,Q,,2007-Q2,,76.09917,,,,A,,0,,1,
DATAFLOW,OECD.SDD.TPS:DSD_LFS@DF_IALFS_LF_WAP_Q(1.0),,I,AUS,,LF_WAP,,PT_WAP_SUB,,_Z,,Y,,_T,,Y15T64,,_Z,,Q,,2007-Q3,,76.18392,,,,A,,0,,1,
DATAFLOW,OECD.SDD.TPS:DSD_LFS@DF_IALFS_LF_WAP_Q(1.0),,I,AUS,,LF_WAP,,PT_WAP_SUB,,_Z,,Y,,_T,,Y15T64,,_Z,,Q,,2007-Q4,,76.4644,,,,A,,0,,1,
DATAFLOW,OECD.SDD.TPS:DSD_LFS@DF_IALFS_LF_WAP_Q(1.0),,I,AUS,,LF_WAP,,PT_WAP_SUB,,_Z,,Y,,_T,,Y15T64,,_Z,,Q,,2008-Q1,,76.43364,,,,A,,0,,1,
DATAFLOW,OECD.SDD.TPS:DSD_LFS@DF_IALFS_LF_WAP_Q(1.0),,I,AUS,,LF_WAP,,PT_WAP_SUB,,_Z,,Y,,_T,,Y15T64,,_Z,,Q,,2008-Q2,,76.60619,,,,A,,0,,1,
DATAFLOW,OECD.SDD.TPS:DSD_LFS@DF_IALFS_LF_WAP_Q(1.0),,I,AUS,,LF_WAP,,PT_WAP_SUB,,_Z,,Y,,_T,,Y15T64,,_Z,,Q,,2008-Q3,,76.46291,,,,A,,0,,1,
DATAFLOW,OECD.SDD.TPS:DSD_LFS@DF_IALFS_LF_WAP_Q(1.0),,I,AUS,,LF_WAP,,PT_WAP_SUB,,_Z,,Y,,_T,,Y15T64,,_Z,,Q,,2008-Q4,,76.46218,,,,A,,0,,1,
DATAFLOW,OECD.SDD.TPS:DSD_LFS@DF_IALFS_LF_WAP_Q(1.0),,I,AUS,,LF_WAP,,PT_WAP_SUB,,_Z,,Y,,_T,,Y15T64,,_Z,,Q,,2009-Q1,,76.61482,,,,A,,0,,1,
DATAFLOW,OECD.SDD.TPS:DSD_LFS@DF_IALFS_LF_WAP_Q(1.0),,I,AUS,,LF_WAP,,PT_WAP_SUB,,_Z,,Y,,_T,,Y15T64,,_Z,,Q,,2009-Q2,,76.49046,,,,A,,0,,1,
DATAFLOW,OECD.SDD.TPS:DSD_LFS@DF_IALFS_LF_WAP_Q(1.0),,I,AUS,,LF_WAP,,PT_WAP_SUB,,_Z,,Y,,_T,,Y15T64,,_Z,,Q,,2009-Q3,,76.17621,,,,A,,0,,1,
DATAFLOW,OECD.SDD.TPS:DSD_LFS@DF_IALFS_LF_WAP_Q(1.0),,I,AUS,,LF_WAP,,PT_WAP_SUB,,_Z,,Y,,_T,,Y15T64,,_Z,,Q,,2009-Q4,,76.25619,,,,A,,0,,1,
DATAFLOW,OECD.SDD.TPS:DSD_LFS@DF_IALFS_LF_WAP_Q(1.0),,I,AUS,,LF_WAP,,PT_WAP_SUB,,_Z,,Y,,_T,,Y15T64,,_Z,,Q,,2010-Q1,,76.25957,,,,A,,0,,1,
DATAFLOW,OECD.SDD.TPS:DSD_LFS@DF_IALFS_LF_WAP_Q(1.0),,I,AUS,,LF_WAP,,PT_WAP_SUB,,_Z,,Y,,_T,,Y15T64,,_Z,,Q,,2010-Q2,,76.15103,,,,A,,0,,1,
DATAFLOW,OECD.SDD.TPS:DSD_LFS@DF_IALFS_LF_WAP_Q(1.0),,I,AUS,,LF_WAP,,PT_WAP_SUB,,_Z,,Y,,_T,,Y15T64,,_Z,,Q,,2010-Q3,,76.46362,,,,A,,0,,1,
DATAFLOW,OECD.SDD.TPS:DSD_LFS@DF_IALFS_LF_WAP_Q(1.0),,I,AUS,,LF_WAP,,PT_WAP_SUB,,_Z,,Y,,_T,,Y15T64,,_Z,,Q,,2011-Q1,,76.80526,,,,A,,0,,1,
DATAFLOW,OECD.SDD.TPS:DSD_LFS@DF_IALFS_LF_WAP_Q(1.0),,I,AUS,,LF_WAP,,PT_WAP_SUB,,_Z,,Y,,_T,,Y15T64,,_Z,,Q,,2011-Q2,,76.52829,,,,A,,0,,1,
DATAFLOW,OECD.SDD.TPS:DSD_LFS@DF_IALFS_LF_WAP_Q(1.0),,I,AUS,,LF_WAP,,PT_WAP_SUB,,_Z,,Y,,_T,,Y15T64,,_Z,,Q,,2011-Q3,,76.71022,,,,A,,0,,1,
DATAFLOW,OECD.SDD.TPS:DSD_LFS@DF_IALFS_LF_WAP_Q(1.0),,I,AUS,,LF_WAP,,PT_WAP_SUB,,_Z,,Y,,_T,,Y15T64,,_Z,,Q,,2011-Q4,,76.53073,,,,A,,0,,1,
DATAFLOW,OECD.SDD.TPS:DSD_LFS@DF_IALFS_LF_WAP_Q(1.0),,I,AUS,,LF_WAP,,PT_WAP_SUB,,_Z,,Y,,_T,,Y15T64,,_Z,,Q,,2012-Q1,,76.48117,,,,A,,0,,1,
DATAFLOW,OECD.SDD.TPS:DSD_LFS@DF_IALFS_LF_WAP_Q(1.0),,I,AUS,,LF_WAP,,PT_WAP_SUB,,_Z,,Y,,_T,,Y15T64,,_Z,,Q,,2012-Q2,,76.38683,,,,A,,0,,1,
DATAFLOW,OECD.SDD.TPS:DSD_LFS@DF_IALFS_LF_WAP_Q(1.0),,I,AUS,,LF_WAP,,PT_WAP_SUB,,_Z,,Y,,_T,,Y15T64,,_Z,,Q,,2012-Q3,,76.41763,,,,A,,0,,1,
DATAFLOW,OECD.SDD.TPS:DSD_LFS@DF_IALFS_LF_WAP_Q(1.0),,I,AUS,,LF_WAP,,PT_WAP_SUB,,_Z,,Y,,_T,,Y15T64,,_Z,,Q,,2012-Q4,,76.43159,,,,A,,0,,1,
DATAFLOW,OECD.SDD.TPS:DSD_LFS@DF_IALFS_LF_WAP_Q(1.0),,I,AUS,,LF_WAP,,PT_WAP_SUB,,_Z,,Y,,_T,,Y15T64,,_Z,,Q,,2013-Q1,,76.62049,,,,A,,0,,1,
DATAFLOW,OECD.SDD.TPS:DSD_LFS@DF_IALFS_LF_WAP_Q(1.0),,I,AUS,,LF_WAP,,PT_WAP_SUB,,_Z,,Y,,_T,,Y15T64,,_Z,,Q,,2013-Q2,,76.49958,,,,A,,0,,1,
DATAFLOW,OECD.SDD.TPS:DSD_LFS@DF_IALFS_LF_WAP_Q(1.0),,I,AUS,,LF_WAP,,PT_WAP_SUB,,_Z,,Y,,_T,,Y15T64,,_Z,,Q,,2013-Q3,,76.34941,,,,A,,0,,1,
DATAFLOW,OECD.SDD.TPS:DSD_LFS@DF_IALFS_LF_WAP_Q(1.0),,I,AUS,,LF_WAP,,PT_WAP_SUB,,_Z,,Y,,_T,,Y15T64,,_Z,,Q,,2013-Q4,,76.18683,,,,A,,0,,1,
DATAFLOW,OECD.SDD.TPS:DSD_LFS@DF_IALFS_LF_WAP_Q(1.0),,I,AUS,,LF_WAP,,PT_WAP_SUB,,_Z,,Y,,_T,,Y15T64,,_Z,,Q,,2014-Q1,,76.18293,,,,A,,0,,1,
DATAFLOW,OECD.SDD.TPS:DSD_LFS@DF_IALFS_LF_WAP_Q(1.0),,I,AUS,,LF_WAP,,PT_WAP_SUB,,_Z,,Y,,_T,,Y15T64,,_Z,,Q,,2014-Q2,,76.15098,,,,A,,0,,1,
DATAFLOW,OECD.SDD.TPS:DSD_LFS@DF_IALFS_LF_WAP_Q(1.0),,I,AUS,,LF_WAP,,PT_WAP_SUB,,_Z,,Y,,_T,,Y15T64,,_Z,,Q,,2014-Q3,,76.32182,,,,A,,0,,1,
DATAFLOW,OECD.SDD.TPS:DSD_LFS@DF_IALFS_LF_WAP_Q(1.0),,I,AUS,,LF_WAP,,PT_WAP_SUB,,_Z,,Y,,_T,,Y15T64,,_Z,,Q,,2014-Q4,,76.3501,,,,A,,0,,1,
DATAFLOW,OECD.SDD.TPS:DSD_LFS@DF_IALFS_LF_WAP_Q(1.0),,I,AUS,,LF_WAP,,PT_WAP_SUB,,_Z,,Y,,_T,,Y15T64,,_Z,,Q,,2015-Q1,,76.73871,,,,A,,0,,1,
DATAFLOW,OECD.SDD.TPS:DSD_LFS@DF_IALFS_LF_WAP_Q(1.0),,I,AUS,,LF_WAP,,PT_WAP_SUB,,_Z,,Y,,_T,,Y15T64,,_Z,,Q,,2015-Q2,,76.75716,,,,A,,0,,1,
DATAFLOW,OECD.SDD.TPS:DSD_LFS@DF_IALFS_LF_WAP_Q(1.0),,I,AUS,,LF_WAP,,PT_WAP_SUB,,_Z,,Y,,_T,,Y15T64,,_Z,,Q,,2015-Q3,,76.97725,,,,A,,0,,1,
DATAFLOW,OECD.SDD.TPS:DSD_LFS@DF_IALFS_LF_WAP_Q(1.0),,I,AUS,,LF_WAP,,PT_WAP_SUB,,_Z,,Y,,_T,,Y15T64,,_Z,,Q,,2015-Q4,,77.15174,,,,A,,0,,1,
DATAFLOW,OECD.SDD.TPS:DSD_LFS@DF_IALFS_LF_WAP_Q(1.0),,I,AUS,,LF_WAP,,PT_WAP_SUB,,_Z,,Y,,_T,,Y15T64,,_Z,,Q,,2016-Q1,,77.14854,,,,A,,0,,1,
DATAFLOW,OECD.SDD.TPS:DSD_LFS@DF_IALFS_LF_WAP_Q(1.0),,I,AUS,,LF_WAP,,PT_WAP_SUB,,_Z,,Y,,_T,,Y15T64,,_Z,,Q,,2016-Q2,,76.91069,,,,A,,0,,1,
DATAFLOW,OECD.SDD.TPS:DSD_LFS@DF_IALFS_LF_WAP_Q(1.0),,I,AUS,,LF_WAP,,PT_WAP_SUB,,_Z,,Y,,_T,,Y15T64,,_Z,,Q,,2016-Q3,,76.72949,,,,A,,0,,1,
DATAFLOW,OECD.SDD.TPS:DSD_LFS@DF_IALFS_LF_WAP_Q(1.0),,I,AUS,,LF_WAP,,PT_WAP_SUB,,_Z,,Y,,_T,,Y15T64,,_Z,,Q,,2016-Q4,,76.68709,,,,A,,0,,1,
DATAFLOW,OECD.SDD.TPS:DSD_LFS@DF_IALFS_LF_WAP_Q(1.0),,I,AUS,,LF_WAP,,PT_WAP_SUB,,_Z,,Y,,_T,,Y15T64,,_Z,,Q,,2017-Q1,,76.77419,,,,A,,0,,1,
DATAFLOW,OECD.SDD.TPS:DSD_LFS@DF_IALFS_LF_WAP_Q(1.0),,I,AUS,,LF_WAP,,PT_WAP_SUB,,_Z,,Y,,_T,,Y15T64,,_Z,,Q,,2017-Q2,,77.02857,,,,A,,0,,1,
DATAFLOW,OECD.SDD.TPS:DSD_LFS@DF_IALFS_LF_WAP_Q(1.0),,I,AUS,,LF_WAP,,PT_WAP_SUB,,_Z,,Y,,_T,,Y15T64,,_Z,,Q,,2017-Q3,,77.37579,,,,A,,0,,1,
DATAFLOW,OECD.SDD.TPS:DSD_LFS@DF_IALFS_LF_WAP_Q(1.0),,I,AUS,,LF_WAP,,PT_WAP_SUB,,_Z,,Y,,_T,,Y15T64,,_Z,,Q,,2017-Q4,,77.62566,,,,A,,0,,1,
DATAFLOW,OECD.SDD.TPS:DSD_LFS@DF_IALFS_LF_WAP_Q(1.0),,I,AUS,,LF_WAP,,PT_WAP_SUB,,_Z,,Y,,_T,,Y15T64,,_Z,,Q,,2018-Q1,,77.76291,,,,A,,0,,1,
DATAFLOW,OECD.SDD.TPS:DSD_LFS@DF_IALFS_LF_WAP_Q(1.0),,I,AUS,,LF_WAP,,PT_WAP_SUB,,_Z,,Y,,_T,,Y15T64,,_Z,,Q,,2018-Q2,,77.65267,,,,A,,0,,1,
DATAFLOW,OECD.SDD.TPS:DSD_LFS@DF_IALFS_LF_WAP_Q(1.0),,I,AUS,,LF_WAP,,PT_WAP_SUB,,_Z,,Y,,_T,,Y15T64,,_Z,,Q,,2018-Q3,,77.66974,,,,A,,0,,1,
DATAFLOW,OECD.SDD.TPS:DSD_LFS@DF_IALFS_LF_WAP_Q(1.0),,I,AUS,,LF_WAP,,PT_WAP_SUB,,_Z,,Y,,_T,,Y15T64,,_Z,,Q,,2018-Q4,,77.78316,,,,A,,0,,1,
DATAFLOW,OECD.SDD.TPS:DSD_LFS@DF_IALFS_LF_WAP_Q(1.0),,I,AUS,,LF_WAP,,PT_WAP_SUB,,_Z,,Y,,_T,,Y15T64,,_Z,,Q,,2019-Q1,,77.98745,,,,A,,0,,1,
DATAFLOW,OECD.SDD.TPS:DSD_LFS@DF_IALFS_LF_WAP_Q(1.0),,I,AUS,,LF_WAP,,PT_WAP_SUB,,_Z,,Y,,_T,,Y15T64,,_Z,,Q,,2019-Q2,,78.19209,,,,A,,0,,1,
DATAFLOW,OECD.SDD.TPS:DSD_LFS@DF_IALFS_LF_WAP_Q(1.0),,I,AUS,,LF_WAP,,PT_WAP_SUB,,_Z,,Y,,_T,,Y15T64,,_Z,,Q,,2019-Q3,,78.48237,,,,A,,0,,1,
DATAFLOW,OECD.SDD.TPS:DSD_LFS@DF_IALFS_LF_WAP_Q(1.0),,I,AUS,,LF_WAP,,PT_WAP_SUB,,_Z,,Y,,_T,,Y15T64,,_Z,,Q,,2019-Q4,,78.30527,,,,A,,0,,1,
DATAFLOW,OECD.SDD.TPS:DSD_LFS@DF_IALFS_LF_WAP_Q(1.0),,I,AUS,,LF_WAP,,PT_WAP_SUB,,_Z,,Y,,_T,,Y15T64,,_Z,,Q,,2020-Q1,,78.38358,,,,A,,0,,1,
DATAFLOW,OECD.SDD.TPS:DSD_LFS@DF_IALFS_LF_WAP_Q(1.0),,I,AUS,,LF_WAP,,PT_WAP_SUB,,_Z,,Y,,_T,,Y15T64,,_Z,,Q,,2020-Q2,,75.5407,,,,A,,0,,1,
DATAFLOW,OECD.SDD.TPS:DSD_LFS@DF_IALFS_LF_WAP_Q(1.0),,I,AUS,,LF_WAP,,PT_WAP_SUB,,_Z,,Y,,_T,,Y15T64,,_Z,,Q,,2020-Q3,,77.38985,,,,A,,0,,1,
DATAFLOW,OECD.SDD.TPS:DSD_LFS@DF_IALFS_LF_WAP_Q(1.0),,I,AUS,,LF_WAP,,PT_WAP_SUB,,_Z,,Y,,_T,,Y15T64,,_Z,,Q,,2020-Q4,,78.64079,,,,A,,0,,1,
DATAFLOW,OECD.SDD.TPS:DSD_LFS@DF_IALFS_LF_WAP_Q(1.0),,I,AUS,,LF_WAP,,PT_WAP_SUB,,_Z,,Y,,_T,,Y15T64,,_Z,,Q,,2021-Q1,,78.79328,,,,A,,0,,1,
DATAFLOW,OECD.SDD.TPS:DSD_LFS@DF_IALFS_LF_WAP_Q(1.0),,I,AUS,,LF_WAP,,PT_WAP_SUB,,_Z,,Y,,_T,,Y15T64,,_Z,,Q,,2021-Q2,,79.01145,,,,A,,0,,1,
DATAFLOW,OECD.SDD.TPS:DSD_LFS@DF_IALFS_LF_WAP_Q(1.0),,I,AUS,,LF_WAP,,PT_WAP_SUB,,_Z,,Y,,_T,,Y15T64,,_Z,,Q,,2021-Q3,,78.23731,,,,A,,0,,1,
DATAFLOW,OECD.SDD.TPS:DSD_LFS@DF_IALFS_LF_WAP_Q(1.0),,I,AUS,,LF_WAP,,PT_WAP_SUB,,_Z,,Y,,_T,,Y15T64,,_Z,,Q,,2021-Q4,,78.7431,,,,A,,0,,1,
DATAFLOW,OECD.SDD.TPS:DSD_LFS@DF_IALFS_LF_WAP_Q(1.0),,I,AUS,,LF_WAP,,PT_WAP_SUB,,_Z,,Y,,_T,,Y15T64,,_Z,,Q,,2022-Q1,,79.63713,,,,A,,0,,1,
DATAFLOW,OECD.SDD.TPS:DSD_LFS@DF_IALFS_LF_WAP_Q(1.0),,I,AUS,,LF_WAP,,PT_WAP_SUB,,_Z,,Y,,_T,,Y15T64,,_Z,,Q,,2022-Q2,,79.92314,,,,A,,0,,1,
DATAFLOW,OECD.SDD.TPS:DSD_LFS@DF_IALFS_LF_WAP_Q(1.0),,I,AUS,,LF_WAP,,PT_WAP_SUB,,_Z,,Y,,_T,,Y15T64,,_Z,,Q,,2022-Q3,,80.06409,,,,A,,0,,1,
DATAFLOW,OECD.SDD.TPS:DSD_LFS@DF_IALFS_LF_WAP_Q(1.0),,I,AUS,,LF_WAP,,PT_WAP_SUB,,_Z,,Y,,_T,,Y15T64,,_Z,,Q,,2022-Q4,,80.06019,,,,A,,0,,1,
DATAFLOW,OECD.SDD.TPS:DSD_LFS@DF_IALFS_LF_WAP_Q(1.0),,I,AUS,,LF_WAP,,PT_WAP_SUB,,_Z,,Y,,_T,,Y15T64,,_Z,,Q,,2023-Q1,,80.11807,,,,A,,0,,1,
DATAFLOW,OECD.SDD.TPS:DSD_LFS@DF_IALFS_LF_WAP_Q(1.0),,I,AUS,,LF_WAP,,PT_WAP_SUB,,_Z,,Y,,_T,,Y15T64,,_Z,,Q,,2023-Q2,,80.22462,,,,A,,0,,1,
DATAFLOW,OECD.SDD.TPS:DSD_LFS@DF_IALFS_LF_WAP_Q(1.0),,I,AUS,,LF_WAP,,PT_WAP_SUB,,_Z,,Y,,_T,,Y15T64,,_Z,,Q,,2023-Q3,,80.19296,,,,A,,0,,1,
DATAFLOW,OECD.SDD.TPS:DSD_LFS@DF_IALFS_LF_WAP_Q(1.0),,I,AUS,,LF_WAP,,PT_WAP_SUB,,_Z,,Y,,_T,,Y15T64,,_Z,,Q,,2023-Q4,,80.32333,,,,A,,0,,1,
DATAFLOW,OECD.SDD.TPS:DSD_LFS@DF_IALFS_LF_WAP_Q(1.0),,I,AUS,,LF_WAP,,PT_WAP_SUB,,_Z,,Y,,_T,,Y15T64,,_Z,,Q,,2024-Q1,,80.01476,,,,A,,0,,1,
DATAFLOW,OECD.SDD.TPS:DSD_LFS@DF_IALFS_LF_WAP_Q(1.0),,I,AUS,,LF_WAP,,PT_WAP_SUB,,_Z,,Y,,_T,,Y15T64,,_Z,,Q,,2024-Q2,,80.17463,,,,A,,0,,1,
DATAFLOW,OECD.SDD.TPS:DSD_LFS@DF_IALFS_LF_WAP_Q(1.0),,I,AUS,,LF_WAP,,PT_WAP_SUB,,_Z,,Y,,_T,,Y15T64,,_Z,,Q,,2024-Q3,,80.61768,,,,A,,0,,1,
DATAFLOW,OECD.SDD.TPS:DSD_LFS@DF_IALFS_LF_WAP_Q(1.0),,I,AUS,,LF_WAP,,PT_WAP_SUB,,_Z,,Y,,_T,,Y15T64,,_Z,,Q,,2024-Q4,,80.56922,,,,A,,0,,1,
DATAFLOW,OECD.SDD.TPS:DSD_LFS@DF_IALFS_LF_WAP_Q(1.0),,I,AUS,,LF_WAP,,PT_WAP_SUB,,_Z,,Y,,_T,,Y15T64,,_Z,,Q,,2025-Q1,,80.57592,,,,A,,0,,1,
DATAFLOW,OECD.SDD.TPS:DSD_LFS@DF_IALFS_LF_WAP_Q(1.0),,I,AUS,,LF_WAP,,PT_WAP_SUB,,_Z,,Y,,_T,,Y15T64,,_Z,,Q,,2025-Q2,,80.72807,,,,A,,0,,1,
DATAFLOW,OECD.SDD.TPS:DSD_LFS@DF_IALFS_LF_WAP_Q(1.0),,I,AUS,,LF_WAP,,PT_WAP_SUB,,_Z,,Y,,_T,,Y15T64,,_Z,,Q,,2025-Q3,,80.67448,,,,A,,0,,1,
DATAFLOW,OECD.SDD.TPS:DSD_LFS@DF_IALFS_LF_WAP_Q(1.0),,I,AUS,,LF_WAP,,PT_WAP_SUB,,_Z,,Y,,_T,,Y15T64,,_Z,,Q,,2025-Q4,,80.55994,,,,A,,0,,1,
DATAFLOW,OECD.SDD.TPS:DSD_LFS@DF_IALFS_LF_WAP_Q(1.0),,I,AUS,,LF_WAP,,PT_WAP_SUB,,_Z,,Y,,_T,,Y15T64,,_Z,,Q,,2026-Q1,,80.72479,,,,A,,0,,1,
DATAFLOW,OECD.SDD.TPS:DSD_LFS@DF_IALFS_LF_WAP_Q(1.0),,I,AUS,,LF_WAP,,PT_WAP_SUB,,_Z,,Y,,_T,,Y15T64,,_Z,,Q,,2026-Q2,,80.78989,,,,A,,0,,1,
DATAFLOW,OECD.SDD.TPS:DSD_LFS@DF_IALFS_LF_WAP_Q(1.0),,I,USA,,LF_WAP,,PT_WAP_SUB,,_Z,,Y,,_T,,Y15T64,,_Z,,Q,,1996-Q3,,77.1862,,,,A,,0,,1,
DATAFLOW,OECD.SDD.TPS:DSD_LFS@DF_IALFS_LF_WAP_Q(1.0),,I,USA,,LF_WAP,,PT_WAP_SUB,,_Z,,Y,,_T,,Y15T64,,_Z,,Q,,1996-Q4,,77.32357,,,,A,,0,,1,
DATAFLOW,OECD.SDD.TPS:DSD_LFS@DF_IALFS_LF_WAP_Q(1.0),,I,USA,,LF_WAP,,PT_WAP_SUB,,_Z,,Y,,_T,,Y15T64,,_Z,,Q,,1997-Q1,,77.25184,,,,A,,0,,1,
DATAFLOW,OECD.SDD.TPS:DSD_LFS@DF_IALFS_LF_WAP_Q(1.0),,I,USA,,LF_WAP,,PT_WAP_SUB,,_Z,,Y,,_T,,Y15T64,,_Z,,Q,,1997-Q2,,77.33941,,,,A,,0,,1,
DATAFLOW,OECD.SDD.TPS:DSD_LFS@DF_IALFS_LF_WAP_Q(1.0),,I,USA,,LF_WAP,,PT_WAP_SUB,,_Z,,Y,,_T,,Y15T64,,_Z,,Q,,1997-Q3,,77.4979,,,,A,,0,,1,
DATAFLOW,OECD.SDD.TPS:DSD_LFS@DF_IALFS_LF_WAP_Q(1.0),,I,USA,,LF_WAP,,PT_WAP_SUB,,_Z,,Y,,_T,,Y15T64,,_Z,,Q,,1997-Q4,,77.38126,,,,A,,0,,1,
DATAFLOW,OECD.SDD.TPS:DSD_LFS@DF_IALFS_LF_WAP_Q(1.0),,I,USA,,LF_WAP,,PT_WAP_SUB,,_Z,,Y,,_T,,Y15T64,,_Z,,Q,,1998-Q1,,77.41909,,,,A,,0,,1,
DATAFLOW,OECD.SDD.TPS:DSD_LFS@DF_IALFS_LF_WAP_Q(1.0),,I,USA,,LF_WAP,,PT_WAP_SUB,,_Z,,Y,,_T,,Y15T64,,_Z,,Q,,1998-Q2,,77.30948,,,,A,,0,,1,
DATAFLOW,OECD.SDD.TPS:DSD_LFS@DF_IALFS_LF_WAP_Q(1.0),,I,USA,,LF_WAP,,PT_WAP_SUB,,_Z,,Y,,_T,,Y15T64,,_Z,,Q,,1998-Q3,,77.35825,,,,A,,0,,1,
DATAFLOW,OECD.SDD.TPS:DSD_LFS@DF_IALFS_LF_WAP_Q(1.0),,I,USA,,LF_WAP,,PT_WAP_SUB,,_Z,,Y,,_T,,Y15T64,,_Z,,Q,,1998-Q4,,77.37103,,,,A,,0,,1,
DATAFLOW,OECD.SDD.TPS:DSD_LFS@DF_IALFS_LF_WAP_Q(1.0),,I,USA,,LF_WAP,,PT_WAP_SUB,,_Z,,Y,,_T,,Y15T64,,_Z,,Q,,1999-Q1,,77.34782,,,,A,,0,,1,
DATAFLOW,OECD.SDD.TPS:DSD_LFS@DF_IALFS_LF_WAP_Q(1.0),,I,USA,,LF_WAP,,PT_WAP_SUB,,_Z,,Y,,_T,,Y15T64,,_Z,,Q,,1999-Q2,,77.21115,,,,A,,0,,1,
DATAFLOW,OECD.SDD.TPS:DSD_LFS@DF_IALFS_LF_WAP_Q(1.0),,I,USA,,LF_WAP,,PT_WAP_SUB,,_Z,,Y,,_T,,Y15T64,,_Z,,Q,,1999-Q3,,77.16567,,,,A,,0,,1,
DATAFLOW,OECD.SDD.TPS:DSD_LFS@DF_IALFS_LF_WAP_Q(1.0),,I,USA,,LF_WAP,,PT_WAP_SUB,,_Z,,Y,,_T,,Y15T64,,_Z,,Q,,1999-Q4,,77.19765,,,,A,,0,,1,
DATAFLOW,OECD.SDD.TPS:DSD_LFS@DF_IALFS_LF_WAP_Q(1.0),,I,USA,,LF_WAP,,PT_WAP_SUB,,_Z,,Y,,_T,,Y15T64,,_Z,,Q,,2000-Q1,,77.43218,,,,A,,0,,1,
DATAFLOW,OECD.SDD.TPS:DSD_LFS@DF_IALFS_LF_WAP_Q(1.0),,I,USA,,LF_WAP,,PT_WAP_SUB,,_Z,,Y,,_T,,Y15T64,,_Z,,Q,,2000-Q2,,77.34911,,,,A,,0,,1,
DATAFLOW,OECD.SDD.TPS:DSD_LFS@DF_IALFS_LF_WAP_Q(1.0),,I,USA,,LF_WAP,,PT_WAP_SUB,,_Z,,Y,,_T,,Y15T64,,_Z,,Q,,2000-Q3,,76.9777,,,,A,,0,,1,
DATAFLOW,OECD.SDD.TPS:DSD_LFS@DF_IALFS_LF_WAP_Q(1.0),,I,USA,,LF_WAP,,PT_WAP_SUB,,_Z,,Y,,_T,,Y15T64,,_Z,,Q,,2000-Q4,,77.01956,,,,A,,0,,1,
DATAFLOW,OECD.SDD.TPS:DSD_LFS@DF_IALFS_LF_WAP_Q(1.0),,I,USA,,LF_WAP,,PT_WAP_SUB,,_Z,,Y,,_T,,Y15T64,,_Z,,Q,,2001-Q1,,77.24456,,,,A,,0,,1,
DATAFLOW,OECD.SDD.TPS:DSD_LFS@DF_IALFS_LF_WAP_Q(1.0),,I,USA,,LF_WAP,,PT_WAP_SUB,,_Z,,Y,,_T,,Y15T64,,_Z,,Q,,2001-Q2,,76.81364,,,,A,,0,,1,
DATAFLOW,OECD.SDD.TPS:DSD_LFS@DF_IALFS_LF_WAP_Q(1.0),,I,USA,,LF_WAP,,PT_WAP_SUB,,_Z,,Y,,_T,,Y15T64,,_Z,,Q,,2001-Q3,,76.55521,,,,A,,0,,1,
DATAFLOW,OECD.SDD.TPS:DSD_LFS@DF_IALFS_LF_WAP_Q(1.0),,I,USA,,LF_WAP,,PT_WAP_SUB,,_Z,,Y,,_T,,Y15T64,,_Z,,Q,,2001-Q4,,76.61728,,,,A,,0,,1,
DATAFLOW,OECD.SDD.TPS:DSD_LFS@DF_IALFS_LF_WAP_Q(1.0),,I,USA,,LF_WAP,,PT_WAP_SUB,,_Z,,Y,,_T,,Y15T64,,_Z,,Q,,2002-Q1,,76.61195,,,,A,,0,,1,
DATAFLOW,OECD.SDD.TPS:DSD_LFS@DF_IALFS_LF_WAP_Q(1.0),,I,USA,,LF_WAP,,PT_WAP_SUB,,_Z,,Y,,_T,,Y15T64,,_Z,,Q,,2002-Q2,,76.45088,,,,A,,0,,1,
DATAFLOW,OECD.SDD.TPS:DSD_LFS@DF_IALFS_LF_WAP_Q(1.0),,I,USA,,LF_WAP,,PT_WAP_SUB,,_Z,,Y,,_T,,Y15T64,,_Z,,Q,,2002-Q3,,76.30956,,,,A,,0,,1,
DATAFLOW,OECD.SDD.TPS:DSD_LFS@DF_IALFS_LF_WAP_Q(1.0),,I,USA,,LF_WAP,,PT_WAP_SUB,,_Z,,Y,,_T,,Y15T64,,_Z,,Q,,2002-Q4,,76.19173,,,,A,,0,,1,
DATAFLOW,OECD.SDD.TPS:DSD_LFS@DF_IALFS_LF_WAP_Q(1.0),,I,USA,,LF_WAP,,PT_WAP_SUB,,_Z,,Y,,_T,,Y15T64,,_Z,,Q,,2003-Q1,,76.03471,,,,A,,0,,1,
DATAFLOW,OECD.SDD.TPS:DSD_LFS@DF_IALFS_LF_WAP_Q(1.0),,I,USA,,LF_WAP,,PT_WAP_SUB,,_Z,,Y,,_T,,Y15T64,,_Z,,Q,,2003-Q2,,76.00316,,,,A,,0,,1,
DATAFLOW,OECD.SDD.TPS:DSD_LFS@DF_IALFS_LF_WAP_Q(1.0),,I,USA,,LF_WAP,,PT_WAP_SUB,,_Z,,Y,,_T,,Y15T64,,_Z,,Q,,2003-Q3,,75.61923,,,,A,,0,,1,
DATAFLOW,OECD.SDD.TPS:DSD_LFS@DF_IALFS_LF_WAP_Q(1.0),,I,USA,,LF_WAP,,PT_WAP_SUB,,_Z,,Y,,_T,,Y15T64,,_Z,,Q,,2003-Q4,,75.59138,,,,A,,0,,1,
DATAFLOW,OECD.SDD.TPS:DSD_LFS@DF_IALFS_LF_WAP_Q(1.0),,I,USA,,LF_WAP,,PT_WAP_SUB,,_Z,,Y,,_T,,Y15T64,,_Z,,Q,,2004-Q1,,75.54369,,,,A,,0,,1,
DATAFLOW,OECD.SDD.TPS:DSD_LFS@DF_IALFS_LF_WAP_Q(1.0),,I,USA,,LF_WAP,,PT_WAP_SUB,,_Z,,Y,,_T,,Y15T64,,_Z,,Q,,2004-Q2,,75.4034,,,,A,,0,,1,
DATAFLOW,OECD.SDD.TPS:DSD_LFS@DF_IALFS_LF_WAP_Q(1.0),,I,USA,,LF_WAP,,PT_WAP_SUB,,_Z,,Y,,_T,,Y15T64,,_Z,,Q,,2004-Q3,,75.37266,,,,A,,0,,1,
DATAFLOW,OECD.SDD.TPS:DSD_LFS@DF_IALFS_LF_WAP_Q(1.0),,I,USA,,LF_WAP,,PT_WAP_SUB,,_Z,,Y,,_T,,Y15T64,,_Z,,Q,,2004-Q4,,75.43238,,,,A,,0,,1,
DATAFLOW,OECD.SDD.TPS:DSD_LFS@DF_IALFS_LF_WAP_Q(1.0),,I,USA,,LF_WAP,,PT_WAP_SUB,,_Z,,Y,,_T,,Y15T64,,_Z,,Q,,2005-Q1,,75.28648,,,,A,,0,,1,
DATAFLOW,OECD.SDD.TPS:DSD_LFS@DF_IALFS_LF_WAP_Q(1.0),,I,USA,,LF_WAP,,PT_WAP_SUB,,_Z,,Y,,_T,,Y15T64,,_Z,,Q,,2005-Q2,,75.39073,,,,A,,0,,1,
DATAFLOW,OECD.SDD.TPS:DSD_LFS@DF_IALFS_LF_WAP_Q(1.0),,I,USA,,LF_WAP,,PT_WAP_SUB,,_Z,,Y,,_T,,Y15T64,,_Z,,Q,,2005-Q3,,75.51196,,,,A,,0,,1,
DATAFLOW,OECD.SDD.TPS:DSD_LFS@DF_IALFS_LF_WAP_Q(1.0),,I,USA,,LF_WAP,,PT_WAP_SUB,,_Z,,Y,,_T,,Y15T64,,_Z,,Q,,2005-Q4,,75.41634,,,,A,,0,,1,
DATAFLOW,OECD.SDD.TPS:DSD_LFS@DF_IALFS_LF_WAP_Q(1.0),,I,USA,,LF_WAP,,PT_WAP_SUB,,_Z,,Y,,_T,,Y15T64,,_Z,,Q,,2006-Q1,,75.38067,,,,A,,0,,1,
DATAFLOW,OECD.SDD.TPS:DSD_LFS@DF_IALFS_LF_WAP_Q(1.0),,I,USA,,LF_WAP,,PT_WAP_SUB,,_Z,,Y,,_T,,Y15T64,,_Z,,Q,,2006-Q2,,75.47131,,,,A,,0,,1,
DATAFLOW,OECD.SDD.TPS:DSD_LFS@DF_IALFS_LF_WAP_Q(1.0),,I,USA,,LF_WAP,,PT_WAP_SUB,,_Z,,Y,,_T,,Y15T64,,_Z,,Q,,2006-Q3,,75.61101,,,,A,,0,,1,
DATAFLOW,OECD.SDD.TPS:DSD_LFS@DF_IALFS_LF_WAP_Q(1.0),,I,USA,,LF_WAP,,PT_WAP_SUB,,_Z,,Y,,_T,,Y15T64,,_Z,,Q,,2006-Q4,,75.66736,,,,A,,0,,1,
DATAFLOW,OECD.SDD.TPS:DSD_LFS@DF_IALFS_LF_WAP_Q(1.0),,I,USA,,LF_WAP,,PT_WAP_SUB,,_Z,,Y,,_T,,Y15T64,,_Z,,Q,,2007-Q1,,75.49815,,,,A,,0,,1,
DATAFLOW,OECD.SDD.TPS:DSD_LFS@DF_IALFS_LF_WAP_Q(1.0),,I,USA,,LF_WAP,,PT_WAP_SUB,,_Z,,Y,,_T,,Y15T64,,_Z,,Q,,2007-Q2,,75.17464,,,,A,,0,,1,
DATAFLOW,OECD.SDD.TPS:DSD_LFS@DF_IALFS_LF_WAP_Q(1.0),,I,USA,,LF_WAP,,PT_WAP_SUB,,_Z,,Y,,_T,,Y15T64,,_Z,,Q,,2007-Q3,,75.21881,,,,A,,0,,1,
DATAFLOW,OECD.SDD.TPS:DSD_LFS@DF_IALFS_LF_WAP_Q(1.0),,I,USA,,LF_WAP,,PT_WAP_SUB,,_Z,,Y,,_T,,Y15T64,,_Z,,Q,,2007-Q4,,75.29837,,,,A,,0,,1,
DATAFLOW,OECD.SDD.TPS:DSD_LFS@DF_IALFS_LF_WAP_Q(1.0),,I,USA,,LF_WAP,,PT_WAP_SUB,,_Z,,Y,,_T,,Y15T64,,_Z,,Q,,2008-Q1,,75.28134,,,,A,,0,,1,
DATAFLOW,OECD.SDD.TPS:DSD_LFS@DF_IALFS_LF_WAP_Q(1.0),,I,USA,,LF_WAP,,PT_WAP_SUB,,_Z,,Y,,_T,,Y15T64,,_Z,,Q,,2008-Q2,,75.33216,,,,A,,0,,1,
DATAFLOW,OECD.SDD.TPS:DSD_LFS@DF_IALFS_LF_WAP_Q(1.0),,I,USA,,LF_WAP,,PT_WAP_SUB,,_Z,,Y,,_T,,Y15T64,,_Z,,Q,,2008-Q3,,75.33244,,,,A,,0,,1,
DATAFLOW,OECD.SDD.TPS:DSD_LFS@DF_IALFS_LF_WAP_Q(1.0),,I,USA,,LF_WAP,,PT_WAP_SUB,,_Z,,Y,,_T,,Y15T64,,_Z,,Q,,2008-Q4,,75.22462,,,,A,,0,,1,
DATAFLOW,OECD.SDD.TPS:DSD_LFS@DF_IALFS_LF_WAP_Q(1.0),,I,USA,,LF_WAP,,PT_WAP_SUB,,_Z,,Y,,_T,,Y15T64,,_Z,,Q,,2009-Q1,,74.95233,,,,A,,0,,1,
DATAFLOW,OECD.SDD.TPS:DSD_LFS@DF_IALFS_LF_WAP_Q(1.0),,I,USA,,LF_WAP,,PT_WAP_SUB,,_Z,,Y,,_T,,Y15T64,,_Z,,Q,,2009-Q2,,74.94503,,,,A,,0,,1,
DATAFLOW,OECD.SDD.TPS:DSD_LFS@DF_IALFS_LF_WAP_Q(1.0),,I,USA,,LF_WAP,,PT_WAP_SUB,,_Z,,Y,,_T,,Y15T64,,_Z,,Q,,2009-Q3,,74.5696,,,,A,,0,,1,
DATAFLOW,OECD.SDD.TPS:DSD_LFS@DF_IALFS_LF_WAP_Q(1.0),,I,USA,,LF_WAP,,PT_WAP_SUB,,_Z,,Y,,_T,,Y15T64,,_Z,,Q,,2009-Q4,,74.045,,,,A,,0,,1,
DATAFLOW,OECD.SDD.TPS:DSD_LFS@DF_IALFS_LF_WAP_Q(1.0),,I,USA,,LF_WAP,,PT_WAP_SUB,,_Z,,Y,,_T,,Y15T64,,_Z,,Q,,2010-Q1,,74.11159,,,,A,,0,,1,
DATAFLOW,OECD.SDD.TPS:DSD_LFS@DF_IALFS_LF_WAP_Q(1.0),,I,USA,,LF_WAP,,PT_WAP_SUB,,_Z,,Y,,_T,,Y15T64,,_Z,,Q,,2010-Q2,,74.08096,,,,A,,0,,1,
DATAFLOW,OECD.SDD.TPS:DSD_LFS@DF_IALFS_LF_WAP_Q(1.0),,I,USA,,LF_WAP,,PT_WAP_SUB,,_Z,,Y,,_T,,Y15T64,,_Z,,Q,,2010-Q3,,73.81628,,,,A,,0,,1,
DATAFLOW,OECD.SDD.TPS:DSD_LFS@DF_IALFS_LF_WAP_Q(1.0),,I,USA,,LF_WAP,,PT_WAP_SUB,,_Z,,Y,,_T,,Y15T64,,_Z,,Q,,2010-Q4,,73.59077,,,,A,,0,,1,
DATAFLOW,OECD.SDD.TPS:DSD_LFS@DF_IALFS_LF_WAP_Q(1.0),,I,USA,,LF_WAP,,PT_WAP_SUB,,_Z,,Y,,_T,,Y15T64,,_Z,,Q,,2011-Q1,,73.37682,,,,A,,0,,1,
DATAFLOW,OECD.SDD.TPS:DSD_LFS@DF_IALFS_LF_WAP_Q(1.0),,I,USA,,LF_WAP,,PT_WAP_SUB,,_Z,,Y,,_T,,Y15T64,,_Z,,Q,,2011-Q2,,73.25011,,,,A,,0,,1,
DATAFLOW,OECD.SDD.TPS:DSD_LFS@DF_IALFS_LF_WAP_Q(1.0),,I,USA,,LF_WAP,,PT_WAP_SUB,,_Z,,Y,,_T,,Y15T64,,_Z,,Q,,2011-Q3,,73.26848,,,,A,,0,,1,
DATAFLOW,OECD.SDD.TPS:DSD_LFS@DF_IALFS_LF_WAP_Q(1.0),,I,USA,,LF_WAP,,PT_WAP_SUB,,_Z,,Y,,_T,,Y15T64,,_Z,,Q,,2011-Q4,,73.24056,,,,A,,0,,1,
DATAFLOW,OECD.SDD.TPS:DSD_LFS@DF_IALFS_LF_WAP_Q(1.0),,I,USA,,LF_WAP,,PT_WAP_SUB,,_Z,,Y,,_T,,Y15T64,,_Z,,Q,,2012-Q1,,73.05614,,,,A,,0,,1,
DATAFLOW,OECD.SDD.TPS:DSD_LFS@DF_IALFS_LF_WAP_Q(1.0),,I,USA,,LF_WAP,,PT_WAP_SUB,,_Z,,Y,,_T,,Y15T64,,_Z,,Q,,2012-Q2,,73.09029,,,,A,,0,,1,
DATAFLOW,OECD.SDD.TPS:DSD_LFS@DF_IALFS_LF_WAP_Q(1.0),,I,USA,,LF_WAP,,PT_WAP_SUB,,_Z,,Y,,_T,,Y15T64,,_Z,,Q,,2012-Q3,,73.04998,,,,A,,0,,1,
DATAFLOW,OECD.SDD.TPS:DSD_LFS@DF_IALFS_LF_WAP_Q(1.0),,I,USA,,LF_WAP,,PT_WAP_SUB,,_Z,,Y,,_T,,Y15T64,,_Z,,Q,,2012-Q4,,73.20311,,,,A,,0,,1,
DATAFLOW,OECD.SDD.TPS:DSD_LFS@DF_IALFS_LF_WAP_Q(1.0),,I,USA,,LF_WAP,,PT_WAP_SUB,,_Z,,Y,,_T,,Y15T64,,_Z,,Q,,2013-Q1,,72.89922,,,,A,,0,,1,
DATAFLOW,OECD.SDD.TPS:DSD_LFS@DF_IALFS_LF_WAP_Q(1.0),,I,USA,,LF_WAP,,PT_WAP_SUB,,_Z,,Y,,_T,,Y15T64,,_Z,,Q,,2013-Q2,,72.92766,,,,A,,0,,1,
DATAFLOW,OECD.SDD.TPS:DSD_LFS@DF_IALFS_LF_WAP_Q(1.0),,I,USA,,LF_WAP,,PT_WAP_SUB,,_Z,,Y,,_T,,Y15T64,,_Z,,Q,,2013-Q3,,72.85861,,,,A,,0,,1,
DATAFLOW,OECD.SDD.TPS:DSD_LFS@DF_IALFS_LF_WAP_Q(1.0),,I,USA,,LF_WAP,,PT_WAP_SUB,,_Z,,Y,,_T,,Y15T64,,_Z,,Q,,2013-Q4,,72.54066,,,,A,,0,,1,
DATAFLOW,OECD.SDD.TPS:DSD_LFS@DF_IALFS_LF_WAP_Q(1.0),,I,USA,,LF_WAP,,PT_WAP_SUB,,_Z,,Y,,_T,,Y15T64,,_Z,,Q,,2014-Q1,,72.65907,,,,A,,0,,1,
DATAFLOW,OECD.SDD.TPS:DSD_LFS@DF_IALFS_LF_WAP_Q(1.0),,I,USA,,LF_WAP,,PT_WAP_SUB,,_Z,,Y,,_T,,Y15T64,,_Z,,Q,,2014-Q2,,72.619,,,,A,,0,,1,
DATAFLOW,OECD.SDD.TPS:DSD_LFS@DF_IALFS_LF_WAP_Q(1.0),,I,USA,,LF_WAP,,PT_WAP_SUB,,_Z,,Y,,_T,,Y15T64,,_Z,,Q,,2014-Q3,,72.71258,,,,A,,0,,1,
DATAFLOW,OECD.SDD.TPS:DSD_LFS@DF_IALFS_LF_WAP_Q(1.0),,I,USA,,LF_WAP,,PT_WAP_SUB,,_Z,,Y,,_T,,Y15T64,,_Z,,Q,,2014-Q4,,72.77055,,,,A,,0,,1,
DATAFLOW,OECD.SDD.TPS:DSD_LFS@DF_IALFS_LF_WAP_Q(1.0),,I,USA,,LF_WAP,,PT_WAP_SUB,,_Z,,Y,,_T,,Y15T64,,_Z,,Q,,2015-Q1,,72.5702,,,,A,,0,,1,
DATAFLOW,OECD.SDD.TPS:DSD_LFS@DF_IALFS_LF_WAP_Q(1.0),,I,USA,,LF_WAP,,PT_WAP_SUB,,_Z,,Y,,_T,,Y15T64,,_Z,,Q,,2015-Q2,,72.73822,,,,A,,0,,1,
DATAFLOW,OECD.SDD.TPS:DSD_LFS@DF_IALFS_LF_WAP_Q(1.0),,I,USA,,LF_WAP,,PT_WAP_SUB,,_Z,,Y,,_T,,Y15T64,,_Z,,Q,,2015-Q3,,72.44649,,,,A,,0,,1,
DATAFLOW,OECD.SDD.TPS:DSD_LFS@DF_IALFS_LF_WAP_Q(1.0),,I,USA,,LF_WAP,,PT_WAP_SUB,,_Z,,Y,,_T,,Y15T64,,_Z,,Q,,2015-Q4,,72.64986,,,,A,,0,,1,
DATAFLOW,OECD.SDD.TPS:DSD_LFS@DF_IALFS_LF_WAP_Q(1.0),,I,USA,,LF_WAP,,PT_WAP_SUB,,_Z,,Y,,_T,,Y15T64,,_Z,,Q,,2016-Q1,,72.88746,,,,A,,0,,1,
DATAFLOW,OECD.SDD.TPS:DSD_LFS@DF_IALFS_LF_WAP_Q(1.0),,I,USA,,LF_WAP,,PT_WAP_SUB,,_Z,,Y,,_T,,Y15T64,,_Z,,Q,,2016-Q2,,72.85028,,,,A,,0,,1,
DATAFLOW,OECD.SDD.TPS:DSD_LFS@DF_IALFS_LF_WAP_Q(1.0),,I,USA,,LF_WAP,,PT_WAP_SUB,,_Z,,Y,,_T,,Y15T64,,_Z,,Q,,2016-Q3,,72.98567,,,,A,,0,,1,
DATAFLOW,OECD.SDD.TPS:DSD_LFS@DF_IALFS_LF_WAP_Q(1.0),,I,USA,,LF_WAP,,PT_WAP_SUB,,_Z,,Y,,_T,,Y15T64,,_Z,,Q,,2016-Q4,,73.05389,,,,A,,0,,1,
DATAFLOW,OECD.SDD.TPS:DSD_LFS@DF_IALFS_LF_WAP_Q(1.0),,I,USA,,LF_WAP,,PT_WAP_SUB,,_Z,,Y,,_T,,Y15T64,,_Z,,Q,,2017-Q1,,73.18715,,,,A,,0,,1,
DATAFLOW,OECD.SDD.TPS:DSD_LFS@DF_IALFS_LF_WAP_Q(1.0),,I,USA,,LF_WAP,,PT_WAP_SUB,,_Z,,Y,,_T,,Y15T64,,_Z,,Q,,2017-Q2,,73.28995,,,,A,,0,,1,
DATAFLOW,OECD.SDD.TPS:DSD_LFS@DF_IALFS_LF_WAP_Q(1.0),,I,USA,,LF_WAP,,PT_WAP_SUB,,_Z,,Y,,_T,,Y15T64,,_Z,,Q,,2017-Q3,,73.49535,,,,A,,0,,1,
DATAFLOW,OECD.SDD.TPS:DSD_LFS@DF_IALFS_LF_WAP_Q(1.0),,I,USA,,LF_WAP,,PT_WAP_SUB,,_Z,,Y,,_T,,Y15T64,,_Z,,Q,,2017-Q4,,73.35741,,,,A,,0,,1,
DATAFLOW,OECD.SDD.TPS:DSD_LFS@DF_IALFS_LF_WAP_Q(1.0),,I,USA,,LF_WAP,,PT_WAP_SUB,,_Z,,Y,,_T,,Y15T64,,_Z,,Q,,2018-Q1,,73.52702,,,,A,,0,,1,
DATAFLOW,OECD.SDD.TPS:DSD_LFS@DF_IALFS_LF_WAP_Q(1.0),,I,USA,,LF_WAP,,PT_WAP_SUB,,_Z,,Y,,_T,,Y15T64,,_Z,,Q,,2018-Q2,,73.58315,,,,A,,0,,1,
DATAFLOW,OECD.SDD.TPS:DSD_LFS@DF_IALFS_LF_WAP_Q(1.0),,I,USA,,LF_WAP,,PT_WAP_SUB,,_Z,,Y,,_T,,Y15T64,,_Z,,Q,,2018-Q3,,73.53245,,,,A,,0,,1,
DATAFLOW,OECD.SDD.TPS:DSD_LFS@DF_IALFS_LF_WAP_Q(1.0),,I,USA,,LF_WAP,,PT_WAP_SUB,,_Z,,Y,,_T,,Y15T64,,_Z,,Q,,2018-Q4,,73.81872,,,,A,,0,,1,
DATAFLOW,OECD.SDD.TPS:DSD_LFS@DF_IALFS_LF_WAP_Q(1.0),,I,USA,,LF_WAP,,PT_WAP_SUB,,_Z,,Y,,_T,,Y15T64,,_Z,,Q,,2019-Q1,,73.93957,,,,A,,0,,1,
DATAFLOW,OECD.SDD.TPS:DSD_LFS@DF_IALFS_LF_WAP_Q(1.0),,I,USA,,LF_WAP,,PT_WAP_SUB,,_Z,,Y,,_T,,Y15T64,,_Z,,Q,,2019-Q2,,73.86744,,,,A,,0,,1,
DATAFLOW,OECD.SDD.TPS:DSD_LFS@DF_IALFS_LF_WAP_Q(1.0),,I,USA,,LF_WAP,,PT_WAP_SUB,,_Z,,Y,,_T,,Y15T64,,_Z,,Q,,2019-Q3,,74.1972,,,,A,,0,,1,
DATAFLOW,OECD.SDD.TPS:DSD_LFS@DF_IALFS_LF_WAP_Q(1.0),,I,USA,,LF_WAP,,PT_WAP_SUB,,_Z,,Y,,_T,,Y15T64,,_Z,,Q,,2019-Q4,,74.40343,,,,A,,0,,1,
DATAFLOW,OECD.SDD.TPS:DSD_LFS@DF_IALFS_LF_WAP_Q(1.0),,I,USA,,LF_WAP,,PT_WAP_SUB,,_Z,,Y,,_T,,Y15T64,,_Z,,Q,,2020-Q1,,74.28522,,,,A,,0,,1,
DATAFLOW,OECD.SDD.TPS:DSD_LFS@DF_IALFS_LF_WAP_Q(1.0),,I,USA,,LF_WAP,,PT_WAP_SUB,,_Z,,Y,,_T,,Y15T64,,_Z,,Q,,2020-Q2,,71.93992,,,,A,,0,,1,
DATAFLOW,OECD.SDD.TPS:DSD_LFS@DF_IALFS_LF_WAP_Q(1.0),,I,USA,,LF_WAP,,PT_WAP_SUB,,_Z,,Y,,_T,,Y15T64,,_Z,,Q,,2020-Q3,,72.72401,,,,A,,0,,1,
DATAFLOW,OECD.SDD.TPS:DSD_LFS@DF_IALFS_LF_WAP_Q(1.0),,I,USA,,LF_WAP,,PT_WAP_SUB,,_Z,,Y,,_T,,Y15T64,,_Z,,Q,,2020-Q4,,72.99555,,,,A,,0,,1,
DATAFLOW,OECD.SDD.TPS:DSD_LFS@DF_IALFS_LF_WAP_Q(1.0),,I,USA,,LF_WAP,,PT_WAP_SUB,,_Z,,Y,,_T,,Y15T64,,_Z,,Q,,2021-Q1,,72.9322,,,,A,,0,,1,
DATAFLOW,OECD.SDD.TPS:DSD_LFS@DF_IALFS_LF_WAP_Q(1.0),,I,USA,,LF_WAP,,PT_WAP_SUB,,_Z,,Y,,_T,,Y15T64,,_Z,,Q,,2021-Q2,,73.2797,,,,A,,0,,1,
DATAFLOW,OECD.SDD.TPS:DSD_LFS@DF_IALFS_LF_WAP_Q(1.0),,I,USA,,LF_WAP,,PT_WAP_SUB,,_Z,,Y,,_T,,Y15T64,,_Z,,Q,,2021-Q3,,73.52591,,,,A,,0,,1,
DATAFLOW,OECD.SDD.TPS:DSD_LFS@DF_IALFS_LF_WAP_Q(1.0),,I,USA,,LF_WAP,,PT_WAP_SUB,,_Z,,Y,,_T,,Y15T64,,_Z,,Q,,2021-Q4,,73.7065,,,,A,,0,,1,
DATAFLOW,OECD.SDD.TPS:DSD_LFS@DF_IALFS_LF_WAP_Q(1.0),,I,USA,,LF_WAP,,PT_WAP_SUB,,_Z,,Y,,_T,,Y15T64,,_Z,,Q,,2022-Q1,,73.86354,,,,A,,0,,1,
DATAFLOW,OECD.SDD.TPS:DSD_LFS@DF_IALFS_LF_WAP_Q(1.0),,I,USA,,LF_WAP,,PT_WAP_SUB,,_Z,,Y,,_T,,Y15T64,,_Z,,Q,,2022-Q2,,73.97615,,,,A,,0,,1,
DATAFLOW,OECD.SDD.TPS:DSD_LFS@DF_IALFS_LF_WAP_Q(1.0),,I,USA,,LF_WAP,,PT_WAP_SUB,,_Z,,Y,,_T,,Y15T64,,_Z,,Q,,2022-Q3,,74.07201,,,,A,,0,,1,
DATAFLOW,OECD.SDD.TPS:DSD_LFS@DF_IALFS_LF_WAP_Q(1.0),,I,USA,,LF_WAP,,PT_WAP_SUB,,_Z,,Y,,_T,,Y15T64,,_Z,,Q,,2022-Q4,,74.07654,,,,A,,0,,1,
DATAFLOW,OECD.SDD.TPS:DSD_LFS@DF_IALFS_LF_WAP_Q(1.0),,I,USA,,LF_WAP,,PT_WAP_SUB,,_Z,,Y,,_T,,Y15T64,,_Z,,Q,,2023-Q1,,74.46599,,,,A,,0,,1,
DATAFLOW,OECD.SDD.TPS:DSD_LFS@DF_IALFS_LF_WAP_Q(1.0),,I,USA,,LF_WAP,,PT_WAP_SUB,,_Z,,Y,,_T,,Y15T64,,_Z,,Q,,2023-Q2,,74.64132,,,,A,,0,,1,
DATAFLOW,OECD.SDD.TPS:DSD_LFS@DF_IALFS_LF_WAP_Q(1.0),,I,USA,,LF_WAP,,PT_WAP_SUB,,_Z,,Y,,_T,,Y15T64,,_Z,,Q,,2023-Q3,,74.8631,,,,A,,0,,1,
DATAFLOW,OECD.SDD.TPS:DSD_LFS@DF_IALFS_LF_WAP_Q(1.0),,I,USA,,LF_WAP,,PT_WAP_SUB,,_Z,,Y,,_T,,Y15T64,,_Z,,Q,,2023-Q4,,74.86306,,,,A,,0,,1,
DATAFLOW,OECD.SDD.TPS:DSD_LFS@DF_IALFS_LF_WAP_Q(1.0),,I,USA,,LF_WAP,,PT_WAP_SUB,,_Z,,Y,,_T,,Y15T64,,_Z,,Q,,2024-Q1,,74.80669,,,,A,,0,,1,
DATAFLOW,OECD.SDD.TPS:DSD_LFS@DF_IALFS_LF_WAP_Q(1.0),,I,USA,,LF_WAP,,PT_WAP_SUB,,_Z,,Y,,_T,,Y15T64,,_Z,,Q,,2024-Q2,,74.90776,,,,A,,0,,1,
DATAFLOW,OECD.SDD.TPS:DSD_LFS@DF_IALFS_LF_WAP_Q(1.0),,I,USA,,LF_WAP,,PT_WAP_SUB,,_Z,,Y,,_T,,Y15T64,,_Z,,Q,,2024-Q3,,75.01682,,,,A,,0,,1,
DATAFLOW,OECD.SDD.TPS:DSD_LFS@DF_IALFS_LF_WAP_Q(1.0),,I,USA,,LF_WAP,,PT_WAP_SUB,,_Z,,Y,,_T,,Y15T64,,_Z,,Q,,2024-Q4,,74.93779,,,,A,,0,,1,
DATAFLOW,OECD.SDD.TPS:DSD_LFS@DF_IALFS_LF_WAP_Q(1.0),,I,USA,,LF_WAP,,PT_WAP_SUB,,_Z,,Y,,_T,,Y15T64,,_Z,,Q,,2025-Q1,,74.9816,,,,A,,0,,1,
DATAFLOW,OECD.SDD.TPS:DSD_LFS@DF_IALFS_LF_WAP_Q(1.0),,I,USA,,LF_WAP,,PT_WAP_SUB,,_Z,,Y,,_T,,Y15T64,,_Z,,Q,,2025-Q2,,74.96708,,,,A,,0,,1,
DATAFLOW,OECD.SDD.TPS:DSD_LFS@DF_IALFS_LF_WAP_Q(1.0),,I,USA,,LF_WAP,,PT_WAP_SUB,,_Z,,Y,,_T,,Y15T64,,_Z,,Q,,2025-Q3,,74.95248,,,,A,,0,,1,
DATAFLOW,OECD.SDD.TPS:DSD_LFS@DF_IALFS_LF_WAP_Q(1.0),,I,USA,,LF_WAP,,PT_WAP_SUB,,_Z,,Y,,_T,,Y15T64,,_Z,,Q,,2025-Q4,,75.20203,,,,A,,0,,1,
DATAFLOW,OECD.SDD.TPS:DSD_LFS@DF_IALFS_LF_WAP_Q(1.0),,I,USA,,LF_WAP,,PT_WAP_SUB,,_Z,,Y,,_T,,Y15T64,,_Z,,Q,,2026-Q1,,75.08636,,,,A,,0,,1,
DATAFLOW,OECD.SDD.TPS:DSD_LFS@DF_IALFS_LF_WAP_Q(1.0),,I,USA,,LF_WAP,,PT_WAP_SUB,,_Z,,Y,,_T,,Y15T64,,_Z,,Q,,2026-Q2,,74.93256,,,,A,,0,,1,
DATAFLOW,OECD.SDD.TPS:DSD_LFS@DF_IALFS_LF_WAP_Q(1.0),,I,NZL,,LF_WAP,,PT_WAP_SUB,,_Z,,Y,,_T,,Y15T64,,_Z,,Q,,1996-Q3,,76.03063,,,,A,,0,,1,
DATAFLOW,OECD.SDD.TPS:DSD_LFS@DF_IALFS_LF_WAP_Q(1.0),,I,NZL,,LF_WAP,,PT_WAP_SUB,,_Z,,Y,,_T,,Y15T64,,_Z,,Q,,1996-Q4,,75.0489,,,,A,,0,,1,
DATAFLOW,OECD.SDD.TPS:DSD_LFS@DF_IALFS_LF_WAP_Q(1.0),,I,NZL,,LF_WAP,,PT_WAP_SUB,,_Z,,Y,,_T,,Y15T64,,_Z,,Q,,1997-Q1,,75.20863,,,,A,,0,,1,
DATAFLOW,OECD.SDD.TPS:DSD_LFS@DF_IALFS_LF_WAP_Q(1.0),,I,NZL,,LF_WAP,,PT_WAP_SUB,,_Z,,Y,,_T,,Y15T64,,_Z,,Q,,1997-Q2,,75.45509,,,,A,,0,,1,
DATAFLOW,OECD.SDD.TPS:DSD_LFS@DF_IALFS_LF_WAP_Q(1.0),,I,NZL,,LF_WAP,,PT_WAP_SUB,,_Z,,Y,,_T,,Y15T64,,_Z,,Q,,1997-Q3,,75.51803,,,,A,,0,,1,
DATAFLOW,OECD.SDD.TPS:DSD_LFS@DF_IALFS_LF_WAP_Q(1.0),,I,NZL,,LF_WAP,,PT_WAP_SUB,,_Z,,Y,,_T,,Y15T64,,_Z,,Q,,1997-Q4,,75.19932,,,,A,,0,,1,
DATAFLOW,OECD.SDD.TPS:DSD_LFS@DF_IALFS_LF_WAP_Q(1.0),,I,NZL,,LF_WAP,,PT_WAP_SUB,,_Z,,Y,,_T,,Y15T64,,_Z,,Q,,1998-Q1,,75.19753,,,,A,,0,,1,
DATAFLOW,OECD.SDD.TPS:DSD_LFS@DF_IALFS_LF_WAP_Q(1.0),,I,NZL,,LF_WAP,,PT_WAP_SUB,,_Z,,Y,,_T,,Y15T64,,_Z,,Q,,1998-Q2,,75.0557,,,,A,,0,,1,
DATAFLOW,OECD.SDD.TPS:DSD_LFS@DF_IALFS_LF_WAP_Q(1.0),,I,NZL,,LF_WAP,,PT_WAP_SUB,,_Z,,Y,,_T,,Y15T64,,_Z,,Q,,1998-Q3,,74.83289,,,,A,,0,,1,
DATAFLOW,OECD.SDD.TPS:DSD_LFS@DF_IALFS_LF_WAP_Q(1.0),,I,NZL,,LF_WAP,,PT_WAP_SUB,,_Z,,Y,,_T,,Y15T64,,_Z,,Q,,1998-Q4,,74.64177,,,,A,,0,,1,
DATAFLOW,OECD.SDD.TPS:DSD_LFS@DF_IALFS_LF_WAP_Q(1.0),,I,NZL,,LF_WAP,,PT_WAP_SUB,,_Z,,Y,,_T,,Y15T64,,_Z,,Q,,1999-Q1,,74.8711,,,,A,,0,,1,
DATAFLOW,OECD.SDD.TPS:DSD_LFS@DF_IALFS_LF_WAP_Q(1.0),,I,NZL,,LF_WAP,,PT_WAP_SUB,,_Z,,Y,,_T,,Y15T64,,_Z,,Q,,1999-Q2,,74.772,,,,A,,0,,1,
DATAFLOW,OECD.SDD.TPS:DSD_LFS@DF_IALFS_LF_WAP_Q(1.0),,I,NZL,,LF_WAP,,PT_WAP_SUB,,_Z,,Y,,_T,,Y15T64,,_Z,,Q,,1999-Q3,,74.85927,,,,A,,0,,1,
DATAFLOW,OECD.SDD.TPS:DSD_LFS@DF_IALFS_LF_WAP_Q(1.0),,I,NZL,,LF_WAP,,PT_WAP_SUB,,_Z,,Y,,_T,,Y15T64,,_Z,,Q,,1999-Q4,,75.05926,,,,A,,0,,1,
DATAFLOW,OECD.SDD.TPS:DSD_LFS@DF_IALFS_LF_WAP_Q(1.0),,I,NZL,,LF_WAP,,PT_WAP_SUB,,_Z,,Y,,_T,,Y15T64,,_Z,,Q,,2000-Q1,,74.87579,,,,A,,0,,1,
DATAFLOW,OECD.SDD.TPS:DSD_LFS@DF_IALFS_LF_WAP_Q(1.0),,I,NZL,,LF_WAP,,PT_WAP_SUB,,_Z,,Y,,_T,,Y15T64,,_Z,,Q,,2000-Q2,,74.49416,,,,A,,0,,1,
DATAFLOW,OECD.SDD.TPS:DSD_LFS@DF_IALFS_LF_WAP_Q(1.0),,I,NZL,,LF_WAP,,PT_WAP_SUB,,_Z,,Y,,_T,,Y15T64,,_Z,,Q,,2000-Q3,,75.15832,,,,A,,0,,1,
DATAFLOW,OECD.SDD.TPS:DSD_LFS@DF_IALFS_LF_WAP_Q(1.0),,I,NZL,,LF_WAP,,PT_WAP_SUB,,_Z,,Y,,_T,,Y15T64,,_Z,,Q,,2000-Q4,,75.46267,,,,A,,0,,1,
DATAFLOW,OECD.SDD.TPS:DSD_LFS@DF_IALFS_LF_WAP_Q(1.0),,I,NZL,,LF_WAP,,PT_WAP_SUB,,_Z,,Y,,_T,,Y15T64,,_Z,,Q,,2001-Q1,,75.17619,,,,A,,0,,1,
DATAFLOW,OECD.SDD.TPS:DSD_LFS@DF_IALFS_LF_WAP_Q(1.0),,I,NZL,,LF_WAP,,PT_WAP_SUB,,_Z,,Y,,_T,,Y15T64,,_Z,,Q,,2001-Q2,,75.42097,,,,A,,0,,1,
DATAFLOW,OECD.SDD.TPS:DSD_LFS@DF_IALFS_LF_WAP_Q(1.0),,I,NZL,,LF_WAP,,PT_WAP_SUB,,_Z,,Y,,_T,,Y15T64,,_Z,,Q,,2001-Q3,,75.48615,,,,A,,0,,1,
DATAFLOW,OECD.SDD.TPS:DSD_LFS@DF_IALFS_LF_WAP_Q(1.0),,I,NZL,,LF_WAP,,PT_WAP_SUB,,_Z,,Y,,_T,,Y15T64,,_Z,,Q,,2001-Q4,,76.14642,,,,A,,0,,1,
DATAFLOW,OECD.SDD.TPS:DSD_LFS@DF_IALFS_LF_WAP_Q(1.0),,I,NZL,,LF_WAP,,PT_WAP_SUB,,_Z,,Y,,_T,,Y15T64,,_Z,,Q,,2002-Q1,,76.47563,,,,A,,0,,1,
DATAFLOW,OECD.SDD.TPS:DSD_LFS@DF_IALFS_LF_WAP_Q(1.0),,I,NZL,,LF_WAP,,PT_WAP_SUB,,_Z,,Y,,_T,,Y15T64,,_Z,,Q,,2002-Q2,,76.14185,,,,A,,0,,1,
DATAFLOW,OECD.SDD.TPS:DSD_LFS@DF_IALFS_LF_WAP_Q(1.0),,I,NZL,,LF_WAP,,PT_WAP_SUB,,_Z,,Y,,_T,,Y15T64,,_Z,,Q,,2002-Q3,,76.16789,,,,A,,0,,1,
DATAFLOW,OECD.SDD.TPS:DSD_LFS@DF_IALFS_LF_WAP_Q(1.0),,I,NZL,,LF_WAP,,PT_WAP_SUB,,_Z,,Y,,_T,,Y15T64,,_Z,,Q,,2002-Q4,,75.95219,,,,A,,0,,1,
DATAFLOW,OECD.SDD.TPS:DSD_LFS@DF_IALFS_LF_WAP_Q(1.0),,I,NZL,,LF_WAP,,PT_WAP_SUB,,_Z,,Y,,_T,,Y15T64,,_Z,,Q,,2003-Q1,,75.71091,,,,A,,0,,1,
DATAFLOW,OECD.SDD.TPS:DSD_LFS@DF_IALFS_LF_WAP_Q(1.0),,I,NZL,,LF_WAP,,PT_WAP_SUB,,_Z,,Y,,_T,,Y15T64,,_Z,,Q,,2003-Q2,,75.54642,,,,A,,0,,1,
DATAFLOW,OECD.SDD.TPS:DSD_LFS@DF_IALFS_LF_WAP_Q(1.0),,I,NZL,,LF_WAP,,PT_WAP_SUB,,_Z,,Y,,_T,,Y15T64,,_Z,,Q,,2003-Q3,,76.06277,,,,A,,0,,1,
DATAFLOW,OECD.SDD.TPS:DSD_LFS@DF_IALFS_LF_WAP_Q(1.0),,I,NZL,,LF_WAP,,PT_WAP_SUB,,_Z,,Y,,_T,,Y15T64,,_Z,,Q,,2003-Q4,,75.96809,,,,A,,0,,1,
DATAFLOW,OECD.SDD.TPS:DSD_LFS@DF_IALFS_LF_WAP_Q(1.0),,I,NZL,,LF_WAP,,PT_WAP_SUB,,_Z,,Y,,_T,,Y15T64,,_Z,,Q,,2004-Q1,,75.87537,,,,A,,0,,1,
DATAFLOW,OECD.SDD.TPS:DSD_LFS@DF_IALFS_LF_WAP_Q(1.0),,I,NZL,,LF_WAP,,PT_WAP_SUB,,_Z,,Y,,_T,,Y15T64,,_Z,,Q,,2004-Q2,,75.80975,,,,A,,0,,1,
DATAFLOW,OECD.SDD.TPS:DSD_LFS@DF_IALFS_LF_WAP_Q(1.0),,I,NZL,,LF_WAP,,PT_WAP_SUB,,_Z,,Y,,_T,,Y15T64,,_Z,,Q,,2004-Q3,,76.28463,,,,A,,0,,1,
DATAFLOW,OECD.SDD.TPS:DSD_LFS@DF_IALFS_LF_WAP_Q(1.0),,I,NZL,,LF_WAP,,PT_WAP_SUB,,_Z,,Y,,_T,,Y15T64,,_Z,,Q,,2004-Q4,,77.16604,,,,A,,0,,1,
DATAFLOW,OECD.SDD.TPS:DSD_LFS@DF_IALFS_LF_WAP_Q(1.0),,I,NZL,,LF_WAP,,PT_WAP_SUB,,_Z,,Y,,_T,,Y15T64,,_Z,,Q,,2005-Q1,,76.84531,,,,A,,0,,1,
DATAFLOW,OECD.SDD.TPS:DSD_LFS@DF_IALFS_LF_WAP_Q(1.0),,I,NZL,,LF_WAP,,PT_WAP_SUB,,_Z,,Y,,_T,,Y15T64,,_Z,,Q,,2005-Q2,,76.73656,,,,A,,0,,1,
DATAFLOW,OECD.SDD.TPS:DSD_LFS@DF_IALFS_LF_WAP_Q(1.0),,I,NZL,,LF_WAP,,PT_WAP_SUB,,_Z,,Y,,_T,,Y15T64,,_Z,,Q,,2005-Q3,,77.60062,,,,A,,0,,1,
DATAFLOW,OECD.SDD.TPS:DSD_LFS@DF_IALFS_LF_WAP_Q(1.0),,I,NZL,,LF_WAP,,PT_WAP_SUB,,_Z,,Y,,_T,,Y15T64,,_Z,,Q,,2005-Q4,,77.66697,,,,A,,0,,1,
DATAFLOW,OECD.SDD.TPS:DSD_LFS@DF_IALFS_LF_WAP_Q(1.0),,I,NZL,,LF_WAP,,PT_WAP_SUB,,_Z,,Y,,_T,,Y15T64,,_Z,,Q,,2006-Q1,,78.08268,,,,A,,0,,1,
DATAFLOW,OECD.SDD.TPS:DSD_LFS@DF_IALFS_LF_WAP_Q(1.0),,I,NZL,,LF_WAP,,PT_WAP_SUB,,_Z,,Y,,_T,,Y15T64,,_Z,,Q,,2006-Q2,,77.99346,,,,A,,0,,1,
DATAFLOW,OECD.SDD.TPS:DSD_LFS@DF_IALFS_LF_WAP_Q(1.0),,I,NZL,,LF_WAP,,PT_WAP_SUB,,_Z,,Y,,_T,,Y15T64,,_Z,,Q,,2006-Q3,,77.76655,,,,A,,0,,1,
DATAFLOW,OECD.SDD.TPS:DSD_LFS@DF_IALFS_LF_WAP_Q(1.0),,I,NZL,,LF_WAP,,PT_WAP_SUB,,_Z,,Y,,_T,,Y15T64,,_Z,,Q,,2006-Q4,,77.40097,,,,A,,0,,1,
DATAFLOW,OECD.SDD.TPS:DSD_LFS@DF_IALFS_LF_WAP_Q(1.0),,I,NZL,,LF_WAP,,PT_WAP_SUB,,_Z,,Y,,_T,,Y15T64,,_Z,,Q,,2007-Q1,,78.13422,,,,A,,0,,1,
DATAFLOW,OECD.SDD.TPS:DSD_LFS@DF_IALFS_LF_WAP_Q(1.0),,I,NZL,,LF_WAP,,PT_WAP_SUB,,_Z,,Y,,_T,,Y15T64,,_Z,,Q,,2007-Q2,,78.03596,,,,A,,0,,1,
DATAFLOW,OECD.SDD.TPS:DSD_LFS@DF_IALFS_LF_WAP_Q(1.0),,I,NZL,,LF_WAP,,PT_WAP_SUB,,_Z,,Y,,_T,,Y15T64,,_Z,,Q,,2007-Q3,,77.78041,,,,A,,0,,1,
DATAFLOW,OECD.SDD.TPS:DSD_LFS@DF_IALFS_LF_WAP_Q(1.0),,I,NZL,,LF_WAP,,PT_WAP_SUB,,_Z,,Y,,_T,,Y15T64,,_Z,,Q,,2007-Q4,,77.99207,,,,A,,0,,1,
DATAFLOW,OECD.SDD.TPS:DSD_LFS@DF_IALFS_LF_WAP_Q(1.0),,I,NZL,,LF_WAP,,PT_WAP_SUB,,_Z,,Y,,_T,,Y15T64,,_Z,,Q,,2008-Q1,,76.87685,,,,A,,0,,1,
DATAFLOW,OECD.SDD.TPS:DSD_LFS@DF_IALFS_LF_WAP_Q(1.0),,I,NZL,,LF_WAP,,PT_WAP_SUB,,_Z,,Y,,_T,,Y15T64,,_Z,,Q,,2008-Q2,,77.95328,,,,A,,0,,1,
DATAFLOW,OECD.SDD.TPS:DSD_LFS@DF_IALFS_LF_WAP_Q(1.0),,I,NZL,,LF_WAP,,PT_WAP_SUB,,_Z,,Y,,_T,,Y15T64,,_Z,,Q,,2008-Q3,,77.97816,,,,A,,0,,1,
DATAFLOW,OECD.SDD.TPS:DSD_LFS@DF_IALFS_LF_WAP_Q(1.0),,I,NZL,,LF_WAP,,PT_WAP_SUB,,_Z,,Y,,_T,,Y15T64,,_Z,,Q,,2008-Q4,,78.27908,,,,A,,0,,1,
DATAFLOW,OECD.SDD.TPS:DSD_LFS@DF_IALFS_LF_WAP_Q(1.0),,I,NZL,,LF_WAP,,PT_WAP_SUB,,_Z,,Y,,_T,,Y15T64,,_Z,,Q,,2009-Q1,,77.33255,,,,A,,0,,1,
DATAFLOW,OECD.SDD.TPS:DSD_LFS@DF_IALFS_LF_WAP_Q(1.0),,I,NZL,,LF_WAP,,PT_WAP_SUB,,_Z,,Y,,_T,,Y15T64,,_Z,,Q,,2009-Q2,,77.77734,,,,A,,0,,1,
DATAFLOW,OECD.SDD.TPS:DSD_LFS@DF_IALFS_LF_WAP_Q(1.0),,I,NZL,,LF_WAP,,PT_WAP_SUB,,_Z,,Y,,_T,,Y15T64,,_Z,,Q,,2009-Q3,,77.13251,,,,A,,0,,1,
DATAFLOW,OECD.SDD.TPS:DSD_LFS@DF_IALFS_LF_WAP_Q(1.0),,I,NZL,,LF_WAP,,PT_WAP_SUB,,_Z,,Y,,_T,,Y15T64,,_Z,,Q,,2009-Q4,,77.35708,,,,A,,0,,1,
DATAFLOW,OECD.SDD.TPS:DSD_LFS@DF_IALFS_LF_WAP_Q(1.0),,I,NZL,,LF_WAP,,PT_WAP_SUB,,_Z,,Y,,_T,,Y15T64,,_Z,,Q,,2010-Q1,,76.91074,,,,A,,0,,1,
DATAFLOW,OECD.SDD.TPS:DSD_LFS@DF_IALFS_LF_WAP_Q(1.0),,I,NZL,,LF_WAP,,PT_WAP_SUB,,_Z,,Y,,_T,,Y15T64,,_Z,,Q,,2010-Q2,,77.20614,,,,A,,0,,1,
DATAFLOW,OECD.SDD.TPS:DSD_LFS@DF_IALFS_LF_WAP_Q(1.0),,I,NZL,,LF_WAP,,PT_WAP_SUB,,_Z,,Y,,_T,,Y15T64,,_Z,,Q,,2010-Q3,,77.15504,,,,A,,0,,1,
DATAFLOW,OECD.SDD.TPS:DSD_LFS@DF_IALFS_LF_WAP_Q(1.0),,I,NZL,,LF_WAP,,PT_WAP_SUB,,_Z,,Y,,_T,,Y15T64,,_Z,,Q,,2010-Q4,,76.89353,,,,A,,0,,1,
DATAFLOW,OECD.SDD.TPS:DSD_LFS@DF_IALFS_LF_WAP_Q(1.0),,I,NZL,,LF_WAP,,PT_WAP_SUB,,_Z,,Y,,_T,,Y15T64,,_Z,,Q,,2011-Q1,,77.23696,,,,A,,0,,1,
DATAFLOW,OECD.SDD.TPS:DSD_LFS@DF_IALFS_LF_WAP_Q(1.0),,I,NZL,,LF_WAP,,PT_WAP_SUB,,_Z,,Y,,_T,,Y15T64,,_Z,,Q,,2011-Q2,,77.24483,,,,A,,0,,1,
DATAFLOW,OECD.SDD.TPS:DSD_LFS@DF_IALFS_LF_WAP_Q(1.0),,I,NZL,,LF_WAP,,PT_WAP_SUB,,_Z,,Y,,_T,,Y15T64,,_Z,,Q,,2011-Q3,,77.184,,,,A,,0,,1,
DATAFLOW,OECD.SDD.TPS:DSD_LFS@DF_IALFS_LF_WAP_Q(1.0),,I,NZL,,LF_WAP,,PT_WAP_SUB,,_Z,,Y,,_T,,Y15T64,,_Z,,Q,,2011-Q4,,77.22613,,,,A,,0,,1,
DATAFLOW,OECD.SDD.TPS:DSD_LFS@DF_IALFS_LF_WAP_Q(1.0),,I,NZL,,LF_WAP,,PT_WAP_SUB,,_Z,,Y,,_T,,Y15T64,,_Z,,Q,,2012-Q1,,77.58333,,,,A,,0,,1,
DATAFLOW,OECD.SDD.TPS:DSD_LFS@DF_IALFS_LF_WAP_Q(1.0),,I,NZL,,LF_WAP,,PT_WAP_SUB,,_Z,,Y,,_T,,Y15T64,,_Z,,Q,,2012-Q2,,77.37645,,,,A,,0,,1,
DATAFLOW,OECD.SDD.TPS:DSD_LFS@DF_IALFS_LF_WAP_Q(1.0),,I,NZL,,LF_WAP,,PT_WAP_SUB,,_Z,,Y,,_T,,Y15T64,,_Z,,Q,,2012-Q3,,77.26673,,,,A,,0,,1,
DATAFLOW,OECD.SDD.TPS:DSD_LFS@DF_IALFS_LF_WAP_Q(1.0),,I,NZL,,LF_WAP,,PT_WAP_SUB,,_Z,,Y,,_T,,Y15T64,,_Z,,Q,,2012-Q4,,75.9687,,,,A,,0,,1,
DATAFLOW,OECD.SDD.TPS:DSD_LFS@DF_IALFS_LF_WAP_Q(1.0),,I,NZL,,LF_WAP,,PT_WAP_SUB,,_Z,,Y,,_T,,Y15T64,,_Z,,Q,,2013-Q1,,76.69981,,,,A,,0,,1,
DATAFLOW,OECD.SDD.TPS:DSD_LFS@DF_IALFS_LF_WAP_Q(1.0),,I,NZL,,LF_WAP,,PT_WAP_SUB,,_Z,,Y,,_T,,Y15T64,,_Z,,Q,,2013-Q2,,77.18661,,,,A,,0,,1,
DATAFLOW,OECD.SDD.TPS:DSD_LFS@DF_IALFS_LF_WAP_Q(1.0),,I,NZL,,LF_WAP,,PT_WAP_SUB,,_Z,,Y,,_T,,Y15T64,,_Z,,Q,,2013-Q3,,77.70121,,,,A,,0,,1,
DATAFLOW,OECD.SDD.TPS:DSD_LFS@DF_IALFS_LF_WAP_Q(1.0),,I,NZL,,LF_WAP,,PT_WAP_SUB,,_Z,,Y,,_T,,Y15T64,,_Z,,Q,,2013-Q4,,78.10658,,,,A,,0,,1,
DATAFLOW,OECD.SDD.TPS:DSD_LFS@DF_IALFS_LF_WAP_Q(1.0),,I,NZL,,LF_WAP,,PT_WAP_SUB,,_Z,,Y,,_T,,Y15T64,,_Z,,Q,,2014-Q1,,78.46224,,,,A,,0,,1,
DATAFLOW,OECD.SDD.TPS:DSD_LFS@DF_IALFS_LF_WAP_Q(1.0),,I,NZL,,LF_WAP,,PT_WAP_SUB,,_Z,,Y,,_T,,Y15T64,,_Z,,Q,,2014-Q2,,78.19379,,,,A,,0,,1,
DATAFLOW,OECD.SDD.TPS:DSD_LFS@DF_IALFS_LF_WAP_Q(1.0),,I,NZL,,LF_WAP,,PT_WAP_SUB,,_Z,,Y,,_T,,Y15T64,,_Z,,Q,,2014-Q3,,78.48922,,,,A,,0,,1,
DATAFLOW,OECD.SDD.TPS:DSD_LFS@DF_IALFS_LF_WAP_Q(1.0),,I,NZL,,LF_WAP,,PT_WAP_SUB,,_Z,,Y,,_T,,Y15T64,,_Z,,Q,,2014-Q4,,79.30489,,,,A,,0,,1,
DATAFLOW,OECD.SDD.TPS:DSD_LFS@DF_IALFS_LF_WAP_Q(1.0),,I,NZL,,LF_WAP,,PT_WAP_SUB,,_Z,,Y,,_T,,Y15T64,,_Z,,Q,,2015-Q1,,79.30699,,,,A,,0,,1,
DATAFLOW,OECD.SDD.TPS:DSD_LFS@DF_IALFS_LF_WAP_Q(1.0),,I,NZL,,LF_WAP,,PT_WAP_SUB,,_Z,,Y,,_T,,Y15T64,,_Z,,Q,,2015-Q2,,78.99631,,,,A,,0,,1,
DATAFLOW,OECD.SDD.TPS:DSD_LFS@DF_IALFS_LF_WAP_Q(1.0),,I,NZL,,LF_WAP,,PT_WAP_SUB,,_Z,,Y,,_T,,Y15T64,,_Z,,Q,,2015-Q3,,78.20872,,,,A,,0,,1,
DATAFLOW,OECD.SDD.TPS:DSD_LFS@DF_IALFS_LF_WAP_Q(1.0),,I,NZL,,LF_WAP,,PT_WAP_SUB,,_Z,,Y,,_T,,Y15T64,,_Z,,Q,,2015-Q4,,78.23874,,,,A,,0,,1,
DATAFLOW,OECD.SDD.TPS:DSD_LFS@DF_IALFS_LF_WAP_Q(1.0),,I,NZL,,LF_WAP,,PT_WAP_SUB,,_Z,,Y,,_T,,Y15T64,,_Z,,Q,,2016-Q1,,78.95007,,,,A,,0,,1,
DATAFLOW,OECD.SDD.TPS:DSD_LFS@DF_IALFS_LF_WAP_Q(1.0),,I,NZL,,LF_WAP,,PT_WAP_SUB,,_Z,,Y,,_T,,Y15T64,,_Z,,Q,,2016-Q2,,79.8396,,,,A,,0,,1,
DATAFLOW,OECD.SDD.TPS:DSD_LFS@DF_IALFS_LF_WAP_Q(1.0),,I,NZL,,LF_WAP,,PT_WAP_SUB,,_Z,,Y,,_T,,Y15T64,,_Z,,Q,,2016-Q3,,79.96579,,,,A,,0,,1,
DATAFLOW,OECD.SDD.TPS:DSD_LFS@DF_IALFS_LF_WAP_Q(1.0),,I,NZL,,LF_WAP,,PT_WAP_SUB,,_Z,,Y,,_T,,Y15T64,,_Z,,Q,,2016-Q4,,80.78092,,,,A,,0,,1,
DATAFLOW,OECD.SDD.TPS:DSD_LFS@DF_IALFS_LF_WAP_Q(1.0),,I,NZL,,LF_WAP,,PT_WAP_SUB,,_Z,,Y,,_T,,Y15T64,,_Z,,Q,,2017-Q1,,80.96468,,,,A,,0,,1,
DATAFLOW,OECD.SDD.TPS:DSD_LFS@DF_IALFS_LF_WAP_Q(1.0),,I,NZL,,LF_WAP,,PT_WAP_SUB,,_Z,,Y,,_T,,Y15T64,,_Z,,Q,,2017-Q2,,80.24768,,,,A,,0,,1,
DATAFLOW,OECD.SDD.TPS:DSD_LFS@DF_IALFS_LF_WAP_Q(1.0),,I,NZL,,LF_WAP,,PT_WAP_SUB,,_Z,,Y,,_T,,Y15T64,,_Z,,Q,,2017-Q3,,81.17422,,,,A,,0,,1,
DATAFLOW,OECD.SDD.TPS:DSD_LFS@DF_IALFS_LF_WAP_Q(1.0),,I,NZL,,LF_WAP,,PT_WAP_SUB,,_Z,,Y,,_T,,Y15T64,,_Z,,Q,,2017-Q4,,81.37027,,,,A,,0,,1,
DATAFLOW,OECD.SDD.TPS:DSD_LFS@DF_IALFS_LF_WAP_Q(1.0),,I,NZL,,LF_WAP,,PT_WAP_SUB,,_Z,,Y,,_T,,Y15T64,,_Z,,Q,,2018-Q1,,81.27731,,,,A,,0,,1,
DATAFLOW,OECD.SDD.TPS:DSD_LFS@DF_IALFS_LF_WAP_Q(1.0),,I,NZL,,LF_WAP,,PT_WAP_SUB,,_Z,,Y,,_T,,Y15T64,,_Z,,Q,,2018-Q2,,81.383,,,,A,,0,,1,
DATAFLOW,OECD.SDD.TPS:DSD_LFS@DF_IALFS_LF_WAP_Q(1.0),,I,NZL,,LF_WAP,,PT_WAP_SUB,,_Z,,Y,,_T,,Y15T64,,_Z,,Q,,2018-Q3,,81.3177,,,,A,,0,,1,
DATAFLOW,OECD.SDD.TPS:DSD_LFS@DF_IALFS_LF_WAP_Q(1.0),,I,NZL,,LF_WAP,,PT_WAP_SUB,,_Z,,Y,,_T,,Y15T64,,_Z,,Q,,2018-Q4,,80.62372,,,,A,,0,,1,
DATAFLOW,OECD.SDD.TPS:DSD_LFS@DF_IALFS_LF_WAP_Q(1.0),,I,NZL,,LF_WAP,,PT_WAP_SUB,,_Z,,Y,,_T,,Y15T64,,_Z,,Q,,2019-Q1,,81.03191,,,,A,,0,,1,
DATAFLOW,OECD.SDD.TPS:DSD_LFS@DF_IALFS_LF_WAP_Q(1.0),,I,NZL,,LF_WAP,,PT_WAP_SUB,,_Z,,Y,,_T,,Y15T64,,_Z,,Q,,2019-Q2,,80.94109,,,,A,,0,,1,
DATAFLOW,OECD.SDD.TPS:DSD_LFS@DF_IALFS_LF_WAP_Q(1.0),,I,NZL,,LF_WAP,,PT_WAP_SUB,,_Z,,Y,,_T,,Y15T64,,_Z,,Q,,2019-Q3,,80.99071,,,,A,,0,,1,
DATAFLOW,OECD.SDD.TPS:DSD_LFS@DF_IALFS_LF_WAP_Q(1.0),,I,NZL,,LF_WAP,,PT_WAP_SUB,,_Z,,Y,,_T,,Y15T64,,_Z,,Q,,2019-Q4,,80.72755,,,,A,,0,,1,
DATAFLOW,OECD.SDD.TPS:DSD_LFS@DF_IALFS_LF_WAP_Q(1.0),,I,NZL,,LF_WAP,,PT_WAP_SUB,,_Z,,Y,,_T,,Y15T64,,_Z,,Q,,2020-Q1,,81.23509,,,,A,,0,,1,
DATAFLOW,OECD.SDD.TPS:DSD_LFS@DF_IALFS_LF_WAP_Q(1.0),,I,NZL,,LF_WAP,,PT_WAP_SUB,,_Z,,Y,,_T,,Y15T64,,_Z,,Q,,2020-Q2,,80.14664,,,,A,,0,,1,
DATAFLOW,OECD.SDD.TPS:DSD_LFS@DF_IALFS_LF_WAP_Q(1.0),,I,NZL,,LF_WAP,,PT_WAP_SUB,,_Z,,Y,,_T,,Y15T64,,_Z,,Q,,2020-Q3,,80.50227,,,,A,,0,,1,
DATAFLOW,OECD.SDD.TPS:DSD_LFS@DF_IALFS_LF_WAP_Q(1.0),,I,NZL,,LF_WAP,,PT_WAP_SUB,,_Z,,Y,,_T,,Y15T64,,_Z,,Q,,2020-Q4,,80.60529,,,,A,,0,,1,
DATAFLOW,OECD.SDD.TPS:DSD_LFS@DF_IALFS_LF_WAP_Q(1.0),,I,NZL,,LF_WAP,,PT_WAP_SUB,,_Z,,Y,,_T,,Y15T64,,_Z,,Q,,2021-Q1,,81.03722,,,,A,,0,,1,
DATAFLOW,OECD.SDD.TPS:DSD_LFS@DF_IALFS_LF_WAP_Q(1.0),,I,NZL,,LF_WAP,,PT_WAP_SUB,,_Z,,Y,,_T,,Y15T64,,_Z,,Q,,2021-Q2,,81.16558,,,,A,,0,,1,
DATAFLOW,OECD.SDD.TPS:DSD_LFS@DF_IALFS_LF_WAP_Q(1.0),,I,NZL,,LF_WAP,,PT_WAP_SUB,,_Z,,Y,,_T,,Y15T64,,_Z,,Q,,2021-Q3,,81.9704,,,,A,,0,,1,
DATAFLOW,OECD.SDD.TPS:DSD_LFS@DF_IALFS_LF_WAP_Q(1.0),,I,NZL,,LF_WAP,,PT_WAP_SUB,,_Z,,Y,,_T,,Y15T64,,_Z,,Q,,2021-Q4,,81.94843,,,,A,,0,,1,
DATAFLOW,OECD.SDD.TPS:DSD_LFS@DF_IALFS_LF_WAP_Q(1.0),,I,NZL,,LF_WAP,,PT_WAP_SUB,,_Z,,Y,,_T,,Y15T64,,_Z,,Q,,2022-Q1,,81.84363,,,,A,,0,,1,
DATAFLOW,OECD.SDD.TPS:DSD_LFS@DF_IALFS_LF_WAP_Q(1.0),,I,NZL,,LF_WAP,,PT_WAP_SUB,,_Z,,Y,,_T,,Y15T64,,_Z,,Q,,2022-Q2,,81.94125,,,,A,,0,,1,
DATAFLOW,OECD.SDD.TPS:DSD_LFS@DF_IALFS_LF_WAP_Q(1.0),,I,NZL,,LF_WAP,,PT_WAP_SUB,,_Z,,Y,,_T,,Y15T64,,_Z,,Q,,2022-Q3,,82.95311,,,,A,,0,,1,
DATAFLOW,OECD.SDD.TPS:DSD_LFS@DF_IALFS_LF_WAP_Q(1.0),,I,NZL,,LF_WAP,,PT_WAP_SUB,,_Z,,Y,,_T,,Y15T64,,_Z,,Q,,2022-Q4,,83.08672,,,,A,,0,,1,
DATAFLOW,OECD.SDD.TPS:DSD_LFS@DF_IALFS_LF_WAP_Q(1.0),,I,NZL,,LF_WAP,,PT_WAP_SUB,,_Z,,Y,,_T,,Y15T64,,_Z,,Q,,2023-Q1,,83.29052,,,,A,,0,,1,
DATAFLOW,OECD.SDD.TPS:DSD_LFS@DF_IALFS_LF_WAP_Q(1.0),,I,NZL,,LF_WAP,,PT_WAP_SUB,,_Z,,Y,,_T,,Y15T64,,_Z,,Q,,2023-Q2,,83.40786,,,,A,,0,,1,
DATAFLOW,OECD.SDD.TPS:DSD_LFS@DF_IALFS_LF_WAP_Q(1.0),,I,NZL,,LF_WAP,,PT_WAP_SUB,,_Z,,Y,,_T,,Y15T64,,_Z,,Q,,2023-Q3,,83.13895,,,,A,,0,,1,
DATAFLOW,OECD.SDD.TPS:DSD_LFS@DF_IALFS_LF_WAP_Q(1.0),,I,NZL,,LF_WAP,,PT_WAP_SUB,,_Z,,Y,,_T,,Y15T64,,_Z,,Q,,2023-Q4,,83.0934,,,,A,,0,,1,
DATAFLOW,OECD.SDD.TPS:DSD_LFS@DF_IALFS_LF_WAP_Q(1.0),,I,NZL,,LF_WAP,,PT_WAP_SUB,,_Z,,Y,,_T,,Y15T64,,_Z,,Q,,2024-Q1,,82.76011,,,,A,,0,,1,
DATAFLOW,OECD.SDD.TPS:DSD_LFS@DF_IALFS_LF_WAP_Q(1.0),,I,NZL,,LF_WAP,,PT_WAP_SUB,,_Z,,Y,,_T,,Y15T64,,_Z,,Q,,2024-Q2,,82.76143,,,,A,,0,,1,
DATAFLOW,OECD.SDD.TPS:DSD_LFS@DF_IALFS_LF_WAP_Q(1.0),,I,NZL,,LF_WAP,,PT_WAP_SUB,,_Z,,Y,,_T,,Y15T64,,_Z,,Q,,2024-Q3,,82.46243,,,,A,,0,,1,
DATAFLOW,OECD.SDD.TPS:DSD_LFS@DF_IALFS_LF_WAP_Q(1.0),,I,NZL,,LF_WAP,,PT_WAP_SUB,,_Z,,Y,,_T,,Y15T64,,_Z,,Q,,2024-Q4,,82.2165,,,,A,,0,,1,
DATAFLOW,OECD.SDD.TPS:DSD_LFS@DF_IALFS_LF_WAP_Q(1.0),,I,NZL,,LF_WAP,,PT_WAP_SUB,,_Z,,Y,,_T,,Y15T64,,_Z,,Q,,2025-Q1,,81.97437,,,,A,,0,,1,
DATAFLOW,OECD.SDD.TPS:DSD_LFS@DF_IALFS_LF_WAP_Q(1.0),,I,NZL,,LF_WAP,,PT_WAP_SUB,,_Z,,Y,,_T,,Y15T64,,_Z,,Q,,2025-Q2,,81.70793,,,,A,,0,,1,
DATAFLOW,OECD.SDD.TPS:DSD_LFS@DF_IALFS_LF_WAP_Q(1.0),,I,NZL,,LF_WAP,,PT_WAP_SUB,,_Z,,Y,,_T,,Y15T64,,_Z,,Q,,2025-Q3,,81.48236,,,,A,,0,,1,
DATAFLOW,OECD.SDD.TPS:DSD_LFS@DF_IALFS_LF_WAP_Q(1.0),,I,NZL,,LF_WAP,,PT_WAP_SUB,,_Z,,Y,,_T,,Y15T64,,_Z,,Q,,2025-Q4,,81.9294,,,,A,,0,,1,
DATAFLOW,OECD.SDD.TPS:DSD_LFS@DF_IALFS_LF_WAP_Q(1.0),,I,NZL,,LF_WAP,,PT_WAP_SUB,,_Z,,Y,,_T,,Y15T64,,_Z,,Q,,2026-Q1,,81.5799,,,,A,,0,,1,
DATAFLOW,OECD.SDD.TPS:DSD_LFS@DF_IALFS_LF_WAP_Q(1.0),,I,NZL,,LF_WAP,,PT_WAP_SUB,,_Z,,Y,,_T,,Y15T64,,_Z,,Q,,2026-Q2,,81.90199,,,,A,,0,,1,
DATAFLOW,OECD.SDD.TPS:DSD_LFS@DF_IALFS_LF_WAP_Q(1.0),,I,CRI,,LF_WAP,,PT_WAP_SUB,,_Z,,Y,,_T,,Y15T64,,_Z,,Q,,2026-Q2,,65.9138,,,,A,,0,,1,
